account_id,account_name,date,kpi_code,kpi_name,pillar,value,target,operator,unit
59001,E2E Full Test Corporation 1769042316 - Datacenter East,2024-01-01,P1-KPI1,System Uptime,P1,98.0,99.9,>,%
59001,E2E Full Test Corporation 1769042316 - Datacenter East,2024-01-31,P1-KPI1,System Uptime,P1,98.91,99.9,>,%
59001,E2E Full Test Corporation 1769042316 - Datacenter East,2024-03-01,P1-KPI1,System Uptime,P1,98.0,99.9,>,%
59001,E2E Full Test Corporation 1769042316 - Datacenter East,2024-03-31,P1-KPI1,System Uptime,P1,98.0,99.9,>,%
59001,E2E Full Test Corporation 1769042316 - Datacenter East,2024-04-30,P1-KPI1,System Uptime,P1,99.98,99.9,>,%
59001,E2E Full Test Corporation 1769042316 - Datacenter East,2024-05-30,P1-KPI1,System Uptime,P1,100.0,99.9,>,%
59001,E2E Full Test Corporation 1769042316 - Datacenter East,2024-06-29,P1-KPI1,System Uptime,P1,98.62,99.9,>,%
59001,E2E Full Test Corporation 1769042316 - Datacenter East,2024-07-29,P1-KPI1,System Uptime,P1,98.0,99.9,>,%
59001,E2E Full Test Corporation 1769042316 - Datacenter East,2024-08-28,P1-KPI1,System Uptime,P1,98.3,99.9,>,%
59001,E2E Full Test Corporation 1769042316 - Datacenter East,2024-09-27,P1-KPI1,System Uptime,P1,100.0,99.9,>,%
59001,E2E Full Test Corporation 1769042316 - Datacenter East,2024-10-27,P1-KPI1,System Uptime,P1,99.31,99.9,>,%
59001,E2E Full Test Corporation 1769042316 - Datacenter East,2024-11-26,P1-KPI1,System Uptime,P1,99.36,99.9,>,%
59001,E2E Full Test Corporation 1769042316 - Datacenter East,2024-01-01,P1-KPI2,Mean Time to Resolution,P1,4.88,2.0,<,hours
59001,E2E Full Test Corporation 1769042316 - Datacenter East,2024-01-31,P1-KPI2,Mean Time to Resolution,P1,4.89,2.0,<,hours
59001,E2E Full Test Corporation 1769042316 - Datacenter East,2024-03-01,P1-KPI2,Mean Time to Resolution,P1,4.61,2.0,<,hours
59001,E2E Full Test Corporation 1769042316 - Datacenter East,2024-03-31,P1-KPI2,Mean Time to Resolution,P1,4.48,2.0,<,hours
59001,E2E Full Test Corporation 1769042316 - Datacenter East,2024-04-30,P1-KPI2,Mean Time to Resolution,P1,4.7,2.0,<,hours
59001,E2E Full Test Corporation 1769042316 - Datacenter East,2024-05-30,P1-KPI2,Mean Time to Resolution,P1,4.65,2.0,<,hours
59001,E2E Full Test Corporation 1769042316 - Datacenter East,2024-06-29,P1-KPI2,Mean Time to Resolution,P1,3.83,2.0,<,hours
59001,E2E Full Test Corporation 1769042316 - Datacenter East,2024-07-29,P1-KPI2,Mean Time to Resolution,P1,3.66,2.0,<,hours
59001,E2E Full Test Corporation 1769042316 - Datacenter East,2024-08-28,P1-KPI2,Mean Time to Resolution,P1,3.69,2.0,<,hours
59001,E2E Full Test Corporation 1769042316 - Datacenter East,2024-09-27,P1-KPI2,Mean Time to Resolution,P1,3.98,2.0,<,hours
59001,E2E Full Test Corporation 1769042316 - Datacenter East,2024-10-27,P1-KPI2,Mean Time to Resolution,P1,3.81,2.0,<,hours
59001,E2E Full Test Corporation 1769042316 - Datacenter East,2024-11-26,P1-KPI2,Mean Time to Resolution,P1,2.8,2.0,<,hours
59001,E2E Full Test Corporation 1769042316 - Datacenter East,2024-01-01,P1-KPI3,GPU Utilization,P1,75.01,85.0,>,%
59001,E2E Full Test Corporation 1769042316 - Datacenter East,2024-01-31,P1-KPI3,GPU Utilization,P1,71.92,85.0,>,%
59001,E2E Full Test Corporation 1769042316 - Datacenter East,2024-03-01,P1-KPI3,GPU Utilization,P1,76.98,85.0,>,%
59001,E2E Full Test Corporation 1769042316 - Datacenter East,2024-03-31,P1-KPI3,GPU Utilization,P1,77.24,85.0,>,%
59001,E2E Full Test Corporation 1769042316 - Datacenter East,2024-04-30,P1-KPI3,GPU Utilization,P1,76.55,85.0,>,%
59001,E2E Full Test Corporation 1769042316 - Datacenter East,2024-05-30,P1-KPI3,GPU Utilization,P1,70.52,85.0,>,%
59001,E2E Full Test Corporation 1769042316 - Datacenter East,2024-06-29,P1-KPI3,GPU Utilization,P1,78.92,85.0,>,%
59001,E2E Full Test Corporation 1769042316 - Datacenter East,2024-07-29,P1-KPI3,GPU Utilization,P1,78.9,85.0,>,%
59001,E2E Full Test Corporation 1769042316 - Datacenter East,2024-08-28,P1-KPI3,GPU Utilization,P1,77.7,85.0,>,%
59001,E2E Full Test Corporation 1769042316 - Datacenter East,2024-09-27,P1-KPI3,GPU Utilization,P1,76.46,85.0,>,%
59001,E2E Full Test Corporation 1769042316 - Datacenter East,2024-10-27,P1-KPI3,GPU Utilization,P1,80.41,85.0,>,%
59001,E2E Full Test Corporation 1769042316 - Datacenter East,2024-11-26,P1-KPI3,GPU Utilization,P1,85.22,85.0,>,%
59001,E2E Full Test Corporation 1769042316 - Datacenter East,2024-01-01,P1-KPI4,Network Latency,P1,29.06,10.0,<,ms
59001,E2E Full Test Corporation 1769042316 - Datacenter East,2024-01-31,P1-KPI4,Network Latency,P1,27.94,10.0,<,ms
59001,E2E Full Test Corporation 1769042316 - Datacenter East,2024-03-01,P1-KPI4,Network Latency,P1,27.79,10.0,<,ms
59001,E2E Full Test Corporation 1769042316 - Datacenter East,2024-03-31,P1-KPI4,Network Latency,P1,28.16,10.0,<,ms
59001,E2E Full Test Corporation 1769042316 - Datacenter East,2024-04-30,P1-KPI4,Network Latency,P1,26.69,10.0,<,ms
59001,E2E Full Test Corporation 1769042316 - Datacenter East,2024-05-30,P1-KPI4,Network Latency,P1,26.8,10.0,<,ms
59001,E2E Full Test Corporation 1769042316 - Datacenter East,2024-06-29,P1-KPI4,Network Latency,P1,21.83,10.0,<,ms
59001,E2E Full Test Corporation 1769042316 - Datacenter East,2024-07-29,P1-KPI4,Network Latency,P1,22.42,10.0,<,ms
59001,E2E Full Test Corporation 1769042316 - Datacenter East,2024-08-28,P1-KPI4,Network Latency,P1,22.71,10.0,<,ms
59001,E2E Full Test Corporation 1769042316 - Datacenter East,2024-09-27,P1-KPI4,Network Latency,P1,21.8,10.0,<,ms
59001,E2E Full Test Corporation 1769042316 - Datacenter East,2024-10-27,P1-KPI4,Network Latency,P1,21.09,10.0,<,ms
59001,E2E Full Test Corporation 1769042316 - Datacenter East,2024-11-26,P1-KPI4,Network Latency,P1,15.94,10.0,<,ms
59001,E2E Full Test Corporation 1769042316 - Datacenter East,2024-01-01,P1-KPI5,Storage Performance,P1,76328.55,100000.0,>,IOPS
59001,E2E Full Test Corporation 1769042316 - Datacenter East,2024-01-31,P1-KPI5,Storage Performance,P1,76418.06,100000.0,>,IOPS
59001,E2E Full Test Corporation 1769042316 - Datacenter East,2024-03-01,P1-KPI5,Storage Performance,P1,81009.9,100000.0,>,IOPS
59001,E2E Full Test Corporation 1769042316 - Datacenter East,2024-03-31,P1-KPI5,Storage Performance,P1,75319.38,100000.0,>,IOPS
59001,E2E Full Test Corporation 1769042316 - Datacenter East,2024-04-30,P1-KPI5,Storage Performance,P1,75240.05,100000.0,>,IOPS
59001,E2E Full Test Corporation 1769042316 - Datacenter East,2024-05-30,P1-KPI5,Storage Performance,P1,77270.01,100000.0,>,IOPS
59001,E2E Full Test Corporation 1769042316 - Datacenter East,2024-06-29,P1-KPI5,Storage Performance,P1,88003.79,100000.0,>,IOPS
59001,E2E Full Test Corporation 1769042316 - Datacenter East,2024-07-29,P1-KPI5,Storage Performance,P1,89241.53,100000.0,>,IOPS
59001,E2E Full Test Corporation 1769042316 - Datacenter East,2024-08-28,P1-KPI5,Storage Performance,P1,86611.08,100000.0,>,IOPS
59001,E2E Full Test Corporation 1769042316 - Datacenter East,2024-09-27,P1-KPI5,Storage Performance,P1,86401.77,100000.0,>,IOPS
59001,E2E Full Test Corporation 1769042316 - Datacenter East,2024-10-27,P1-KPI5,Storage Performance,P1,83672.22,100000.0,>,IOPS
59001,E2E Full Test Corporation 1769042316 - Datacenter East,2024-11-26,P1-KPI5,Storage Performance,P1,92735.38,100000.0,>,IOPS
59001,E2E Full Test Corporation 1769042316 - Datacenter East,2024-01-01,P1-KPI6,Cooling Efficiency,P1,1.51,1.3,<,PUE
59001,E2E Full Test Corporation 1769042316 - Datacenter East,2024-01-31,P1-KPI6,Cooling Efficiency,P1,1.46,1.3,<,PUE
59001,E2E Full Test Corporation 1769042316 - Datacenter East,2024-03-01,P1-KPI6,Cooling Efficiency,P1,1.47,1.3,<,PUE
59001,E2E Full Test Corporation 1769042316 - Datacenter East,2024-03-31,P1-KPI6,Cooling Efficiency,P1,1.6,1.3,<,PUE
59001,E2E Full Test Corporation 1769042316 - Datacenter East,2024-04-30,P1-KPI6,Cooling Efficiency,P1,1.51,1.3,<,PUE
59001,E2E Full Test Corporation 1769042316 - Datacenter East,2024-05-30,P1-KPI6,Cooling Efficiency,P1,1.46,1.3,<,PUE
59001,E2E Full Test Corporation 1769042316 - Datacenter East,2024-06-29,P1-KPI6,Cooling Efficiency,P1,1.45,1.3,<,PUE
59001,E2E Full Test Corporation 1769042316 - Datacenter East,2024-07-29,P1-KPI6,Cooling Efficiency,P1,1.45,1.3,<,PUE
59001,E2E Full Test Corporation 1769042316 - Datacenter East,2024-08-28,P1-KPI6,Cooling Efficiency,P1,1.5,1.3,<,PUE
59001,E2E Full Test Corporation 1769042316 - Datacenter East,2024-09-27,P1-KPI6,Cooling Efficiency,P1,1.39,1.3,<,PUE
59001,E2E Full Test Corporation 1769042316 - Datacenter East,2024-10-27,P1-KPI6,Cooling Efficiency,P1,1.51,1.3,<,PUE
59001,E2E Full Test Corporation 1769042316 - Datacenter East,2024-11-26,P1-KPI6,Cooling Efficiency,P1,1.39,1.3,<,PUE
59001,E2E Full Test Corporation 1769042316 - Datacenter East,2024-01-01,P1-KPI7,Power Usage,P1,656.88,500.0,<,kW
59001,E2E Full Test Corporation 1769042316 - Datacenter East,2024-01-31,P1-KPI7,Power Usage,P1,665.02,500.0,<,kW
59001,E2E Full Test Corporation 1769042316 - Datacenter East,2024-03-01,P1-KPI7,Power Usage,P1,650.71,500.0,<,kW
59001,E2E Full Test Corporation 1769042316 - Datacenter East,2024-03-31,P1-KPI7,Power Usage,P1,610.05,500.0,<,kW
59001,E2E Full Test Corporation 1769042316 - Datacenter East,2024-04-30,P1-KPI7,Power Usage,P1,612.01,500.0,<,kW
59001,E2E Full Test Corporation 1769042316 - Datacenter East,2024-05-30,P1-KPI7,Power Usage,P1,634.71,500.0,<,kW
59001,E2E Full Test Corporation 1769042316 - Datacenter East,2024-06-29,P1-KPI7,Power Usage,P1,602.46,500.0,<,kW
59001,E2E Full Test Corporation 1769042316 - Datacenter East,2024-07-29,P1-KPI7,Power Usage,P1,594.45,500.0,<,kW
59001,E2E Full Test Corporation 1769042316 - Datacenter East,2024-08-28,P1-KPI7,Power Usage,P1,581.75,500.0,<,kW
59001,E2E Full Test Corporation 1769042316 - Datacenter East,2024-09-27,P1-KPI7,Power Usage,P1,596.1,500.0,<,kW
59001,E2E Full Test Corporation 1769042316 - Datacenter East,2024-10-27,P1-KPI7,Power Usage,P1,617.2,500.0,<,kW
59001,E2E Full Test Corporation 1769042316 - Datacenter East,2024-11-26,P1-KPI7,Power Usage,P1,548.74,500.0,<,kW
59001,E2E Full Test Corporation 1769042316 - Datacenter East,2024-01-01,P1-KPI8,Thermal Management,P1,30.27,25.0,<,°C
59001,E2E Full Test Corporation 1769042316 - Datacenter East,2024-01-31,P1-KPI8,Thermal Management,P1,29.46,25.0,<,°C
59001,E2E Full Test Corporation 1769042316 - Datacenter East,2024-03-01,P1-KPI8,Thermal Management,P1,28.65,25.0,<,°C
59001,E2E Full Test Corporation 1769042316 - Datacenter East,2024-03-31,P1-KPI8,Thermal Management,P1,28.44,25.0,<,°C
59001,E2E Full Test Corporation 1769042316 - Datacenter East,2024-04-30,P1-KPI8,Thermal Management,P1,29.94,25.0,<,°C
59001,E2E Full Test Corporation 1769042316 - Datacenter East,2024-05-30,P1-KPI8,Thermal Management,P1,29.27,25.0,<,°C
59001,E2E Full Test Corporation 1769042316 - Datacenter East,2024-06-29,P1-KPI8,Thermal Management,P1,28.6,25.0,<,°C
59001,E2E Full Test Corporation 1769042316 - Datacenter East,2024-07-29,P1-KPI8,Thermal Management,P1,29.24,25.0,<,°C
59001,E2E Full Test Corporation 1769042316 - Datacenter East,2024-08-28,P1-KPI8,Thermal Management,P1,29.23,25.0,<,°C
59001,E2E Full Test Corporation 1769042316 - Datacenter East,2024-09-27,P1-KPI8,Thermal Management,P1,28.47,25.0,<,°C
59001,E2E Full Test Corporation 1769042316 - Datacenter East,2024-10-27,P1-KPI8,Thermal Management,P1,28.88,25.0,<,°C
59001,E2E Full Test Corporation 1769042316 - Datacenter East,2024-11-26,P1-KPI8,Thermal Management,P1,27.73,25.0,<,°C
59001,E2E Full Test Corporation 1769042316 - Datacenter East,2024-01-01,P2-KPI1,SLA Compliance,P2,96.37,99.0,>,%
59001,E2E Full Test Corporation 1769042316 - Datacenter East,2024-01-31,P2-KPI1,SLA Compliance,P2,95.2,99.0,>,%
59001,E2E Full Test Corporation 1769042316 - Datacenter East,2024-03-01,P2-KPI1,SLA Compliance,P2,95.54,99.0,>,%
59001,E2E Full Test Corporation 1769042316 - Datacenter East,2024-03-31,P2-KPI1,SLA Compliance,P2,100.0,99.0,>,%
59001,E2E Full Test Corporation 1769042316 - Datacenter East,2024-04-30,P2-KPI1,SLA Compliance,P2,100.0,99.0,>,%
59001,E2E Full Test Corporation 1769042316 - Datacenter East,2024-05-30,P2-KPI1,SLA Compliance,P2,99.56,99.0,>,%
59001,E2E Full Test Corporation 1769042316 - Datacenter East,2024-06-29,P2-KPI1,SLA Compliance,P2,100.0,99.0,>,%
59001,E2E Full Test Corporation 1769042316 - Datacenter East,2024-07-29,P2-KPI1,SLA Compliance,P2,95.52,99.0,>,%
59001,E2E Full Test Corporation 1769042316 - Datacenter East,2024-08-28,P2-KPI1,SLA Compliance,P2,100.0,99.0,>,%
59001,E2E Full Test Corporation 1769042316 - Datacenter East,2024-09-27,P2-KPI1,SLA Compliance,P2,100.0,99.0,>,%
59001,E2E Full Test Corporation 1769042316 - Datacenter East,2024-10-27,P2-KPI1,SLA Compliance,P2,99.35,99.0,>,%
59001,E2E Full Test Corporation 1769042316 - Datacenter East,2024-11-26,P2-KPI1,SLA Compliance,P2,95.0,99.0,>,%
59001,E2E Full Test Corporation 1769042316 - Datacenter East,2024-01-01,P2-KPI2,Incident Response Time,P2,34.05,15.0,<,minutes
59001,E2E Full Test Corporation 1769042316 - Datacenter East,2024-01-31,P2-KPI2,Incident Response Time,P2,35.39,15.0,<,minutes
59001,E2E Full Test Corporation 1769042316 - Datacenter East,2024-03-01,P2-KPI2,Incident Response Time,P2,36.97,15.0,<,minutes
59001,E2E Full Test Corporation 1769042316 - Datacenter East,2024-03-31,P2-KPI2,Incident Response Time,P2,36.02,15.0,<,minutes
59001,E2E Full Test Corporation 1769042316 - Datacenter East,2024-04-30,P2-KPI2,Incident Response Time,P2,35.99,15.0,<,minutes
59001,E2E Full Test Corporation 1769042316 - Datacenter East,2024-05-30,P2-KPI2,Incident Response Time,P2,36.28,15.0,<,minutes
59001,E2E Full Test Corporation 1769042316 - Datacenter East,2024-06-29,P2-KPI2,Incident Response Time,P2,27.44,15.0,<,minutes
59001,E2E Full Test Corporation 1769042316 - Datacenter East,2024-07-29,P2-KPI2,Incident Response Time,P2,28.04,15.0,<,minutes
59001,E2E Full Test Corporation 1769042316 - Datacenter East,2024-08-28,P2-KPI2,Incident Response Time,P2,28.18,15.0,<,minutes
59001,E2E Full Test Corporation 1769042316 - Datacenter East,2024-09-27,P2-KPI2,Incident Response Time,P2,27.33,15.0,<,minutes
59001,E2E Full Test Corporation 1769042316 - Datacenter East,2024-10-27,P2-KPI2,Incident Response Time,P2,27.35,15.0,<,minutes
59001,E2E Full Test Corporation 1769042316 - Datacenter East,2024-11-26,P2-KPI2,Incident Response Time,P2,22.49,15.0,<,minutes
59001,E2E Full Test Corporation 1769042316 - Datacenter East,2024-01-01,P2-KPI3,Change Success Rate,P2,91.8,98.0,>,%
59001,E2E Full Test Corporation 1769042316 - Datacenter East,2024-01-31,P2-KPI3,Change Success Rate,P2,95.5,98.0,>,%
59001,E2E Full Test Corporation 1769042316 - Datacenter East,2024-03-01,P2-KPI3,Change Success Rate,P2,98.4,98.0,>,%
59001,E2E Full Test Corporation 1769042316 - Datacenter East,2024-03-31,P2-KPI3,Change Success Rate,P2,96.66,98.0,>,%
59001,E2E Full Test Corporation 1769042316 - Datacenter East,2024-04-30,P2-KPI3,Change Success Rate,P2,97.0,98.0,>,%
59001,E2E Full Test Corporation 1769042316 - Datacenter East,2024-05-30,P2-KPI3,Change Success Rate,P2,97.76,98.0,>,%
59001,E2E Full Test Corporation 1769042316 - Datacenter East,2024-06-29,P2-KPI3,Change Success Rate,P2,99.77,98.0,>,%
59001,E2E Full Test Corporation 1769042316 - Datacenter East,2024-07-29,P2-KPI3,Change Success Rate,P2,97.51,98.0,>,%
59001,E2E Full Test Corporation 1769042316 - Datacenter East,2024-08-28,P2-KPI3,Change Success Rate,P2,99.71,98.0,>,%
59001,E2E Full Test Corporation 1769042316 - Datacenter East,2024-09-27,P2-KPI3,Change Success Rate,P2,97.17,98.0,>,%
59001,E2E Full Test Corporation 1769042316 - Datacenter East,2024-10-27,P2-KPI3,Change Success Rate,P2,99.67,98.0,>,%
59001,E2E Full Test Corporation 1769042316 - Datacenter East,2024-11-26,P2-KPI3,Change Success Rate,P2,94.75,98.0,>,%
59001,E2E Full Test Corporation 1769042316 - Datacenter East,2024-01-01,P2-KPI4,Backup Success Rate,P2,100.0,100.0,>,%
59001,E2E Full Test Corporation 1769042316 - Datacenter East,2024-01-31,P2-KPI4,Backup Success Rate,P2,100.0,100.0,>,%
59001,E2E Full Test Corporation 1769042316 - Datacenter East,2024-03-01,P2-KPI4,Backup Success Rate,P2,95.77,100.0,>,%
59001,E2E Full Test Corporation 1769042316 - Datacenter East,2024-03-31,P2-KPI4,Backup Success Rate,P2,98.17,100.0,>,%
59001,E2E Full Test Corporation 1769042316 - Datacenter East,2024-04-30,P2-KPI4,Backup Success Rate,P2,95.0,100.0,>,%
59001,E2E Full Test Corporation 1769042316 - Datacenter East,2024-05-30,P2-KPI4,Backup Success Rate,P2,100.0,100.0,>,%
59001,E2E Full Test Corporation 1769042316 - Datacenter East,2024-06-29,P2-KPI4,Backup Success Rate,P2,97.82,100.0,>,%
59001,E2E Full Test Corporation 1769042316 - Datacenter East,2024-07-29,P2-KPI4,Backup Success Rate,P2,96.05,100.0,>,%
59001,E2E Full Test Corporation 1769042316 - Datacenter East,2024-08-28,P2-KPI4,Backup Success Rate,P2,100.0,100.0,>,%
59001,E2E Full Test Corporation 1769042316 - Datacenter East,2024-09-27,P2-KPI4,Backup Success Rate,P2,96.74,100.0,>,%
59001,E2E Full Test Corporation 1769042316 - Datacenter East,2024-10-27,P2-KPI4,Backup Success Rate,P2,95.0,100.0,>,%
59001,E2E Full Test Corporation 1769042316 - Datacenter East,2024-11-26,P2-KPI4,Backup Success Rate,P2,98.88,100.0,>,%
59001,E2E Full Test Corporation 1769042316 - Datacenter East,2024-01-01,P2-KPI5,Patch Compliance,P2,91.72,95.0,>,%
59001,E2E Full Test Corporation 1769042316 - Datacenter East,2024-01-31,P2-KPI5,Patch Compliance,P2,92.59,95.0,>,%
59001,E2E Full Test Corporation 1769042316 - Datacenter East,2024-03-01,P2-KPI5,Patch Compliance,P2,85.5,95.0,>,%
59001,E2E Full Test Corporation 1769042316 - Datacenter East,2024-03-31,P2-KPI5,Patch Compliance,P2,88.19,95.0,>,%
59001,E2E Full Test Corporation 1769042316 - Datacenter East,2024-04-30,P2-KPI5,Patch Compliance,P2,91.85,95.0,>,%
59001,E2E Full Test Corporation 1769042316 - Datacenter East,2024-05-30,P2-KPI5,Patch Compliance,P2,84.13,95.0,>,%
59001,E2E Full Test Corporation 1769042316 - Datacenter East,2024-06-29,P2-KPI5,Patch Compliance,P2,87.53,95.0,>,%
59001,E2E Full Test Corporation 1769042316 - Datacenter East,2024-07-29,P2-KPI5,Patch Compliance,P2,94.61,95.0,>,%
59001,E2E Full Test Corporation 1769042316 - Datacenter East,2024-08-28,P2-KPI5,Patch Compliance,P2,92.69,95.0,>,%
59001,E2E Full Test Corporation 1769042316 - Datacenter East,2024-09-27,P2-KPI5,Patch Compliance,P2,87.16,95.0,>,%
59001,E2E Full Test Corporation 1769042316 - Datacenter East,2024-10-27,P2-KPI5,Patch Compliance,P2,88.13,95.0,>,%
59001,E2E Full Test Corporation 1769042316 - Datacenter East,2024-11-26,P2-KPI5,Patch Compliance,P2,93.12,95.0,>,%
59001,E2E Full Test Corporation 1769042316 - Datacenter East,2024-01-01,P2-KPI6,Service Request Fulfillment,P2,6.34,3.0,<,days
59001,E2E Full Test Corporation 1769042316 - Datacenter East,2024-01-31,P2-KPI6,Service Request Fulfillment,P2,5.88,3.0,<,days
59001,E2E Full Test Corporation 1769042316 - Datacenter East,2024-03-01,P2-KPI6,Service Request Fulfillment,P2,6.1,3.0,<,days
59001,E2E Full Test Corporation 1769042316 - Datacenter East,2024-03-31,P2-KPI6,Service Request Fulfillment,P2,6.34,3.0,<,days
59001,E2E Full Test Corporation 1769042316 - Datacenter East,2024-04-30,P2-KPI6,Service Request Fulfillment,P2,6.07,3.0,<,days
59001,E2E Full Test Corporation 1769042316 - Datacenter East,2024-05-30,P2-KPI6,Service Request Fulfillment,P2,6.45,3.0,<,days
59001,E2E Full Test Corporation 1769042316 - Datacenter East,2024-06-29,P2-KPI6,Service Request Fulfillment,P2,4.88,3.0,<,days
59001,E2E Full Test Corporation 1769042316 - Datacenter East,2024-07-29,P2-KPI6,Service Request Fulfillment,P2,5.02,3.0,<,days
59001,E2E Full Test Corporation 1769042316 - Datacenter East,2024-08-28,P2-KPI6,Service Request Fulfillment,P2,4.97,3.0,<,days
59001,E2E Full Test Corporation 1769042316 - Datacenter East,2024-09-27,P2-KPI6,Service Request Fulfillment,P2,5.13,3.0,<,days
59001,E2E Full Test Corporation 1769042316 - Datacenter East,2024-10-27,P2-KPI6,Service Request Fulfillment,P2,5.33,3.0,<,days
59001,E2E Full Test Corporation 1769042316 - Datacenter East,2024-11-26,P2-KPI6,Service Request Fulfillment,P2,3.87,3.0,<,days
59001,E2E Full Test Corporation 1769042316 - Datacenter East,2024-01-01,P2-KPI7,Capacity Planning Accuracy,P2,78.32,90.0,>,%
59001,E2E Full Test Corporation 1769042316 - Datacenter East,2024-01-31,P2-KPI7,Capacity Planning Accuracy,P2,81.98,90.0,>,%
59001,E2E Full Test Corporation 1769042316 - Datacenter East,2024-03-01,P2-KPI7,Capacity Planning Accuracy,P2,80.0,90.0,>,%
59001,E2E Full Test Corporation 1769042316 - Datacenter East,2024-03-31,P2-KPI7,Capacity Planning Accuracy,P2,78.04,90.0,>,%
59001,E2E Full Test Corporation 1769042316 - Datacenter East,2024-04-30,P2-KPI7,Capacity Planning Accuracy,P2,82.13,90.0,>,%
59001,E2E Full Test Corporation 1769042316 - Datacenter East,2024-05-30,P2-KPI7,Capacity Planning Accuracy,P2,84.86,90.0,>,%
59001,E2E Full Test Corporation 1769042316 - Datacenter East,2024-06-29,P2-KPI7,Capacity Planning Accuracy,P2,81.67,90.0,>,%
59001,E2E Full Test Corporation 1769042316 - Datacenter East,2024-07-29,P2-KPI7,Capacity Planning Accuracy,P2,86.3,90.0,>,%
59001,E2E Full Test Corporation 1769042316 - Datacenter East,2024-08-28,P2-KPI7,Capacity Planning Accuracy,P2,80.95,90.0,>,%
59001,E2E Full Test Corporation 1769042316 - Datacenter East,2024-09-27,P2-KPI7,Capacity Planning Accuracy,P2,87.55,90.0,>,%
59001,E2E Full Test Corporation 1769042316 - Datacenter East,2024-10-27,P2-KPI7,Capacity Planning Accuracy,P2,87.56,90.0,>,%
59001,E2E Full Test Corporation 1769042316 - Datacenter East,2024-11-26,P2-KPI7,Capacity Planning Accuracy,P2,89.04,90.0,>,%
59001,E2E Full Test Corporation 1769042316 - Datacenter East,2024-01-01,P2-KPI8,Documentation Quality,P2,73.04,85.0,>,score
59001,E2E Full Test Corporation 1769042316 - Datacenter East,2024-01-31,P2-KPI8,Documentation Quality,P2,73.5,85.0,>,score
59001,E2E Full Test Corporation 1769042316 - Datacenter East,2024-03-01,P2-KPI8,Documentation Quality,P2,74.52,85.0,>,score
59001,E2E Full Test Corporation 1769042316 - Datacenter East,2024-03-31,P2-KPI8,Documentation Quality,P2,72.22,85.0,>,score
59001,E2E Full Test Corporation 1769042316 - Datacenter East,2024-04-30,P2-KPI8,Documentation Quality,P2,72.57,85.0,>,score
59001,E2E Full Test Corporation 1769042316 - Datacenter East,2024-05-30,P2-KPI8,Documentation Quality,P2,73.89,85.0,>,score
59001,E2E Full Test Corporation 1769042316 - Datacenter East,2024-06-29,P2-KPI8,Documentation Quality,P2,73.7,85.0,>,score
59001,E2E Full Test Corporation 1769042316 - Datacenter East,2024-07-29,P2-KPI8,Documentation Quality,P2,79.71,85.0,>,score
59001,E2E Full Test Corporation 1769042316 - Datacenter East,2024-08-28,P2-KPI8,Documentation Quality,P2,79.2,85.0,>,score
59001,E2E Full Test Corporation 1769042316 - Datacenter East,2024-09-27,P2-KPI8,Documentation Quality,P2,78.55,85.0,>,score
59001,E2E Full Test Corporation 1769042316 - Datacenter East,2024-10-27,P2-KPI8,Documentation Quality,P2,79.7,85.0,>,score
59001,E2E Full Test Corporation 1769042316 - Datacenter East,2024-11-26,P2-KPI8,Documentation Quality,P2,81.62,85.0,>,score
59001,E2E Full Test Corporation 1769042316 - Datacenter East,2024-01-01,P3-KPI1,CSAT Score,P3,4.01,4.5,>,score
59001,E2E Full Test Corporation 1769042316 - Datacenter East,2024-01-31,P3-KPI1,CSAT Score,P3,3.79,4.5,>,score
59001,E2E Full Test Corporation 1769042316 - Datacenter East,2024-03-01,P3-KPI1,CSAT Score,P3,3.92,4.5,>,score
59001,E2E Full Test Corporation 1769042316 - Datacenter East,2024-03-31,P3-KPI1,CSAT Score,P3,3.79,4.5,>,score
59001,E2E Full Test Corporation 1769042316 - Datacenter East,2024-04-30,P3-KPI1,CSAT Score,P3,3.73,4.5,>,score
59001,E2E Full Test Corporation 1769042316 - Datacenter East,2024-05-30,P3-KPI1,CSAT Score,P3,3.72,4.5,>,score
59001,E2E Full Test Corporation 1769042316 - Datacenter East,2024-06-29,P3-KPI1,CSAT Score,P3,3.99,4.5,>,score
59001,E2E Full Test Corporation 1769042316 - Datacenter East,2024-07-29,P3-KPI1,CSAT Score,P3,4.22,4.5,>,score
59001,E2E Full Test Corporation 1769042316 - Datacenter East,2024-08-28,P3-KPI1,CSAT Score,P3,4.05,4.5,>,score
59001,E2E Full Test Corporation 1769042316 - Datacenter East,2024-09-27,P3-KPI1,CSAT Score,P3,4.17,4.5,>,score
59001,E2E Full Test Corporation 1769042316 - Datacenter East,2024-10-27,P3-KPI1,CSAT Score,P3,3.93,4.5,>,score
59001,E2E Full Test Corporation 1769042316 - Datacenter East,2024-11-26,P3-KPI1,CSAT Score,P3,4.37,4.5,>,score
59001,E2E Full Test Corporation 1769042316 - Datacenter East,2024-01-01,P3-KPI2,Support Ticket Volume,P3,58.65,20.0,<,tickets
59001,E2E Full Test Corporation 1769042316 - Datacenter East,2024-01-31,P3-KPI2,Support Ticket Volume,P3,57.15,20.0,<,tickets
59001,E2E Full Test Corporation 1769042316 - Datacenter East,2024-03-01,P3-KPI2,Support Ticket Volume,P3,57.97,20.0,<,tickets
59001,E2E Full Test Corporation 1769042316 - Datacenter East,2024-03-31,P3-KPI2,Support Ticket Volume,P3,58.72,20.0,<,tickets
59001,E2E Full Test Corporation 1769042316 - Datacenter East,2024-04-30,P3-KPI2,Support Ticket Volume,P3,55.63,20.0,<,tickets
59001,E2E Full Test Corporation 1769042316 - Datacenter East,2024-05-30,P3-KPI2,Support Ticket Volume,P3,56.81,20.0,<,tickets
59001,E2E Full Test Corporation 1769042316 - Datacenter East,2024-06-29,P3-KPI2,Support Ticket Volume,P3,42.96,20.0,<,tickets
59001,E2E Full Test Corporation 1769042316 - Datacenter East,2024-07-29,P3-KPI2,Support Ticket Volume,P3,44.03,20.0,<,tickets
59001,E2E Full Test Corporation 1769042316 - Datacenter East,2024-08-28,P3-KPI2,Support Ticket Volume,P3,46.17,20.0,<,tickets
59001,E2E Full Test Corporation 1769042316 - Datacenter East,2024-09-27,P3-KPI2,Support Ticket Volume,P3,43.12,20.0,<,tickets
59001,E2E Full Test Corporation 1769042316 - Datacenter East,2024-10-27,P3-KPI2,Support Ticket Volume,P3,44.14,20.0,<,tickets
59001,E2E Full Test Corporation 1769042316 - Datacenter East,2024-11-26,P3-KPI2,Support Ticket Volume,P3,31.24,20.0,<,tickets
59001,E2E Full Test Corporation 1769042316 - Datacenter East,2024-01-01,P3-KPI3,First Contact Resolution,P3,61.56,75.0,>,%
59001,E2E Full Test Corporation 1769042316 - Datacenter East,2024-01-31,P3-KPI3,First Contact Resolution,P3,65.89,75.0,>,%
59001,E2E Full Test Corporation 1769042316 - Datacenter East,2024-03-01,P3-KPI3,First Contact Resolution,P3,62.25,75.0,>,%
59001,E2E Full Test Corporation 1769042316 - Datacenter East,2024-03-31,P3-KPI3,First Contact Resolution,P3,63.7,75.0,>,%
59001,E2E Full Test Corporation 1769042316 - Datacenter East,2024-04-30,P3-KPI3,First Contact Resolution,P3,65.6,75.0,>,%
59001,E2E Full Test Corporation 1769042316 - Datacenter East,2024-05-30,P3-KPI3,First Contact Resolution,P3,61.53,75.0,>,%
59001,E2E Full Test Corporation 1769042316 - Datacenter East,2024-06-29,P3-KPI3,First Contact Resolution,P3,68.3,75.0,>,%
59001,E2E Full Test Corporation 1769042316 - Datacenter East,2024-07-29,P3-KPI3,First Contact Resolution,P3,66.71,75.0,>,%
59001,E2E Full Test Corporation 1769042316 - Datacenter East,2024-08-28,P3-KPI3,First Contact Resolution,P3,70.64,75.0,>,%
59001,E2E Full Test Corporation 1769042316 - Datacenter East,2024-09-27,P3-KPI3,First Contact Resolution,P3,64.24,75.0,>,%
59001,E2E Full Test Corporation 1769042316 - Datacenter East,2024-10-27,P3-KPI3,First Contact Resolution,P3,67.27,75.0,>,%
59001,E2E Full Test Corporation 1769042316 - Datacenter East,2024-11-26,P3-KPI3,First Contact Resolution,P3,73.67,75.0,>,%
59001,E2E Full Test Corporation 1769042316 - Datacenter East,2024-01-01,P3-KPI4,Training Completion,P3,79.01,90.0,>,%
59001,E2E Full Test Corporation 1769042316 - Datacenter East,2024-01-31,P3-KPI4,Training Completion,P3,80.03,90.0,>,%
59001,E2E Full Test Corporation 1769042316 - Datacenter East,2024-03-01,P3-KPI4,Training Completion,P3,79.59,90.0,>,%
59001,E2E Full Test Corporation 1769042316 - Datacenter East,2024-03-31,P3-KPI4,Training Completion,P3,79.97,90.0,>,%
59001,E2E Full Test Corporation 1769042316 - Datacenter East,2024-04-30,P3-KPI4,Training Completion,P3,77.82,90.0,>,%
59001,E2E Full Test Corporation 1769042316 - Datacenter East,2024-05-30,P3-KPI4,Training Completion,P3,76.42,90.0,>,%
59001,E2E Full Test Corporation 1769042316 - Datacenter East,2024-06-29,P3-KPI4,Training Completion,P3,77.35,90.0,>,%
59001,E2E Full Test Corporation 1769042316 - Datacenter East,2024-07-29,P3-KPI4,Training Completion,P3,80.79,90.0,>,%
59001,E2E Full Test Corporation 1769042316 - Datacenter East,2024-08-28,P3-KPI4,Training Completion,P3,79.75,90.0,>,%
59001,E2E Full Test Corporation 1769042316 - Datacenter East,2024-09-27,P3-KPI4,Training Completion,P3,85.03,90.0,>,%
59001,E2E Full Test Corporation 1769042316 - Datacenter East,2024-10-27,P3-KPI4,Training Completion,P3,79.94,90.0,>,%
59001,E2E Full Test Corporation 1769042316 - Datacenter East,2024-11-26,P3-KPI4,Training Completion,P3,89.52,90.0,>,%
59001,E2E Full Test Corporation 1769042316 - Datacenter East,2024-01-01,P3-KPI5,User Adoption Rate,P3,63.5,80.0,>,%
59001,E2E Full Test Corporation 1769042316 - Datacenter East,2024-01-31,P3-KPI5,User Adoption Rate,P3,69.33,80.0,>,%
59001,E2E Full Test Corporation 1769042316 - Datacenter East,2024-03-01,P3-KPI5,User Adoption Rate,P3,68.57,80.0,>,%
59001,E2E Full Test Corporation 1769042316 - Datacenter East,2024-03-31,P3-KPI5,User Adoption Rate,P3,67.62,80.0,>,%
59001,E2E Full Test Corporation 1769042316 - Datacenter East,2024-04-30,P3-KPI5,User Adoption Rate,P3,67.78,80.0,>,%
59001,E2E Full Test Corporation 1769042316 - Datacenter East,2024-05-30,P3-KPI5,User Adoption Rate,P3,65.31,80.0,>,%
59001,E2E Full Test Corporation 1769042316 - Datacenter East,2024-06-29,P3-KPI5,User Adoption Rate,P3,71.14,80.0,>,%
59001,E2E Full Test Corporation 1769042316 - Datacenter East,2024-07-29,P3-KPI5,User Adoption Rate,P3,70.05,80.0,>,%
59001,E2E Full Test Corporation 1769042316 - Datacenter East,2024-08-28,P3-KPI5,User Adoption Rate,P3,72.05,80.0,>,%
59001,E2E Full Test Corporation 1769042316 - Datacenter East,2024-09-27,P3-KPI5,User Adoption Rate,P3,69.32,80.0,>,%
59001,E2E Full Test Corporation 1769042316 - Datacenter East,2024-10-27,P3-KPI5,User Adoption Rate,P3,73.38,80.0,>,%
59001,E2E Full Test Corporation 1769042316 - Datacenter East,2024-11-26,P3-KPI5,User Adoption Rate,P3,72.0,80.0,>,%
59001,E2E Full Test Corporation 1769042316 - Datacenter East,2024-01-01,P3-KPI6,Executive Engagement,P3,3.06,4.0,>,meetings/quarter
59001,E2E Full Test Corporation 1769042316 - Datacenter East,2024-01-31,P3-KPI6,Executive Engagement,P3,3.06,4.0,>,meetings/quarter
59001,E2E Full Test Corporation 1769042316 - Datacenter East,2024-03-01,P3-KPI6,Executive Engagement,P3,3.07,4.0,>,meetings/quarter
59001,E2E Full Test Corporation 1769042316 - Datacenter East,2024-03-31,P3-KPI6,Executive Engagement,P3,3.25,4.0,>,meetings/quarter
59001,E2E Full Test Corporation 1769042316 - Datacenter East,2024-04-30,P3-KPI6,Executive Engagement,P3,3.08,4.0,>,meetings/quarter
59001,E2E Full Test Corporation 1769042316 - Datacenter East,2024-05-30,P3-KPI6,Executive Engagement,P3,3.02,4.0,>,meetings/quarter
59001,E2E Full Test Corporation 1769042316 - Datacenter East,2024-06-29,P3-KPI6,Executive Engagement,P3,3.45,4.0,>,meetings/quarter
59001,E2E Full Test Corporation 1769042316 - Datacenter East,2024-07-29,P3-KPI6,Executive Engagement,P3,3.36,4.0,>,meetings/quarter
59001,E2E Full Test Corporation 1769042316 - Datacenter East,2024-08-28,P3-KPI6,Executive Engagement,P3,3.29,4.0,>,meetings/quarter
59001,E2E Full Test Corporation 1769042316 - Datacenter East,2024-09-27,P3-KPI6,Executive Engagement,P3,3.55,4.0,>,meetings/quarter
59001,E2E Full Test Corporation 1769042316 - Datacenter East,2024-10-27,P3-KPI6,Executive Engagement,P3,3.49,4.0,>,meetings/quarter
59001,E2E Full Test Corporation 1769042316 - Datacenter East,2024-11-26,P3-KPI6,Executive Engagement,P3,3.73,4.0,>,meetings/quarter
59001,E2E Full Test Corporation 1769042316 - Datacenter East,2024-01-01,P3-KPI7,Response Time SLA,P3,67.94,30.0,<,minutes
59001,E2E Full Test Corporation 1769042316 - Datacenter East,2024-01-31,P3-KPI7,Response Time SLA,P3,68.58,30.0,<,minutes
59001,E2E Full Test Corporation 1769042316 - Datacenter East,2024-03-01,P3-KPI7,Response Time SLA,P3,69.2,30.0,<,minutes
59001,E2E Full Test Corporation 1769042316 - Datacenter East,2024-03-31,P3-KPI7,Response Time SLA,P3,70.19,30.0,<,minutes
59001,E2E Full Test Corporation 1769042316 - Datacenter East,2024-04-30,P3-KPI7,Response Time SLA,P3,67.76,30.0,<,minutes
59001,E2E Full Test Corporation 1769042316 - Datacenter East,2024-05-30,P3-KPI7,Response Time SLA,P3,67.66,30.0,<,minutes
59001,E2E Full Test Corporation 1769042316 - Datacenter East,2024-06-29,P3-KPI7,Response Time SLA,P3,59.08,30.0,<,minutes
59001,E2E Full Test Corporation 1769042316 - Datacenter East,2024-07-29,P3-KPI7,Response Time SLA,P3,54.31,30.0,<,minutes
59001,E2E Full Test Corporation 1769042316 - Datacenter East,2024-08-28,P3-KPI7,Response Time SLA,P3,55.97,30.0,<,minutes
59001,E2E Full Test Corporation 1769042316 - Datacenter East,2024-09-27,P3-KPI7,Response Time SLA,P3,59.0,30.0,<,minutes
59001,E2E Full Test Corporation 1769042316 - Datacenter East,2024-10-27,P3-KPI7,Response Time SLA,P3,59.81,30.0,<,minutes
59001,E2E Full Test Corporation 1769042316 - Datacenter East,2024-11-26,P3-KPI7,Response Time SLA,P3,43.16,30.0,<,minutes
59001,E2E Full Test Corporation 1769042316 - Datacenter East,2024-01-01,P4-KPI1,ROI Achievement,P4,126.92,150.0,>,%
59001,E2E Full Test Corporation 1769042316 - Datacenter East,2024-01-31,P4-KPI1,ROI Achievement,P4,131.19,150.0,>,%
59001,E2E Full Test Corporation 1769042316 - Datacenter East,2024-03-01,P4-KPI1,ROI Achievement,P4,123.38,150.0,>,%
59001,E2E Full Test Corporation 1769042316 - Datacenter East,2024-03-31,P4-KPI1,ROI Achievement,P4,126.46,150.0,>,%
59001,E2E Full Test Corporation 1769042316 - Datacenter East,2024-04-30,P4-KPI1,ROI Achievement,P4,131.49,150.0,>,%
59001,E2E Full Test Corporation 1769042316 - Datacenter East,2024-05-30,P4-KPI1,ROI Achievement,P4,129.79,150.0,>,%
59001,E2E Full Test Corporation 1769042316 - Datacenter East,2024-06-29,P4-KPI1,ROI Achievement,P4,140.57,150.0,>,%
59001,E2E Full Test Corporation 1769042316 - Datacenter East,2024-07-29,P4-KPI1,ROI Achievement,P4,132.23,150.0,>,%
59001,E2E Full Test Corporation 1769042316 - Datacenter East,2024-08-28,P4-KPI1,ROI Achievement,P4,131.35,150.0,>,%
59001,E2E Full Test Corporation 1769042316 - Datacenter East,2024-09-27,P4-KPI1,ROI Achievement,P4,136.15,150.0,>,%
59001,E2E Full Test Corporation 1769042316 - Datacenter East,2024-10-27,P4-KPI1,ROI Achievement,P4,130.35,150.0,>,%
59001,E2E Full Test Corporation 1769042316 - Datacenter East,2024-11-26,P4-KPI1,ROI Achievement,P4,142.05,150.0,>,%
59001,E2E Full Test Corporation 1769042316 - Datacenter East,2024-01-01,P4-KPI2,Cost Reduction,P4,11.49,20.0,>,%
59001,E2E Full Test Corporation 1769042316 - Datacenter East,2024-01-31,P4-KPI2,Cost Reduction,P4,11.46,20.0,>,%
59001,E2E Full Test Corporation 1769042316 - Datacenter East,2024-03-01,P4-KPI2,Cost Reduction,P4,11.47,20.0,>,%
59001,E2E Full Test Corporation 1769042316 - Datacenter East,2024-03-31,P4-KPI2,Cost Reduction,P4,11.16,20.0,>,%
59001,E2E Full Test Corporation 1769042316 - Datacenter East,2024-04-30,P4-KPI2,Cost Reduction,P4,11.22,20.0,>,%
59001,E2E Full Test Corporation 1769042316 - Datacenter East,2024-05-30,P4-KPI2,Cost Reduction,P4,10.99,20.0,>,%
59001,E2E Full Test Corporation 1769042316 - Datacenter East,2024-06-29,P4-KPI2,Cost Reduction,P4,13.31,20.0,>,%
59001,E2E Full Test Corporation 1769042316 - Datacenter East,2024-07-29,P4-KPI2,Cost Reduction,P4,13.52,20.0,>,%
59001,E2E Full Test Corporation 1769042316 - Datacenter East,2024-08-28,P4-KPI2,Cost Reduction,P4,14.36,20.0,>,%
59001,E2E Full Test Corporation 1769042316 - Datacenter East,2024-09-27,P4-KPI2,Cost Reduction,P4,13.46,20.0,>,%
59001,E2E Full Test Corporation 1769042316 - Datacenter East,2024-10-27,P4-KPI2,Cost Reduction,P4,13.72,20.0,>,%
59001,E2E Full Test Corporation 1769042316 - Datacenter East,2024-11-26,P4-KPI2,Cost Reduction,P4,17.33,20.0,>,%
59001,E2E Full Test Corporation 1769042316 - Datacenter East,2024-01-01,P4-KPI3,Time to Value,P4,133.78,90.0,<,days
59001,E2E Full Test Corporation 1769042316 - Datacenter East,2024-01-31,P4-KPI3,Time to Value,P4,136.69,90.0,<,days
59001,E2E Full Test Corporation 1769042316 - Datacenter East,2024-03-01,P4-KPI3,Time to Value,P4,129.91,90.0,<,days
59001,E2E Full Test Corporation 1769042316 - Datacenter East,2024-03-31,P4-KPI3,Time to Value,P4,124.39,90.0,<,days
59001,E2E Full Test Corporation 1769042316 - Datacenter East,2024-04-30,P4-KPI3,Time to Value,P4,125.01,90.0,<,days
59001,E2E Full Test Corporation 1769042316 - Datacenter East,2024-05-30,P4-KPI3,Time to Value,P4,128.74,90.0,<,days
59001,E2E Full Test Corporation 1769042316 - Datacenter East,2024-06-29,P4-KPI3,Time to Value,P4,115.27,90.0,<,days
59001,E2E Full Test Corporation 1769042316 - Datacenter East,2024-07-29,P4-KPI3,Time to Value,P4,120.0,90.0,<,days
59001,E2E Full Test Corporation 1769042316 - Datacenter East,2024-08-28,P4-KPI3,Time to Value,P4,116.12,90.0,<,days
59001,E2E Full Test Corporation 1769042316 - Datacenter East,2024-09-27,P4-KPI3,Time to Value,P4,118.11,90.0,<,days
59001,E2E Full Test Corporation 1769042316 - Datacenter East,2024-10-27,P4-KPI3,Time to Value,P4,117.97,90.0,<,days
59001,E2E Full Test Corporation 1769042316 - Datacenter East,2024-11-26,P4-KPI3,Time to Value,P4,103.61,90.0,<,days
59001,E2E Full Test Corporation 1769042316 - Datacenter East,2024-01-01,P4-KPI4,Revenue Enablement,P4,3.15,5.0,>,$M
59001,E2E Full Test Corporation 1769042316 - Datacenter East,2024-01-31,P4-KPI4,Revenue Enablement,P4,3.09,5.0,>,$M
59001,E2E Full Test Corporation 1769042316 - Datacenter East,2024-03-01,P4-KPI4,Revenue Enablement,P4,3.17,5.0,>,$M
59001,E2E Full Test Corporation 1769042316 - Datacenter East,2024-03-31,P4-KPI4,Revenue Enablement,P4,3.16,5.0,>,$M
59001,E2E Full Test Corporation 1769042316 - Datacenter East,2024-04-30,P4-KPI4,Revenue Enablement,P4,3.33,5.0,>,$M
59001,E2E Full Test Corporation 1769042316 - Datacenter East,2024-05-30,P4-KPI4,Revenue Enablement,P4,3.17,5.0,>,$M
59001,E2E Full Test Corporation 1769042316 - Datacenter East,2024-06-29,P4-KPI4,Revenue Enablement,P4,3.97,5.0,>,$M
59001,E2E Full Test Corporation 1769042316 - Datacenter East,2024-07-29,P4-KPI4,Revenue Enablement,P4,3.94,5.0,>,$M
59001,E2E Full Test Corporation 1769042316 - Datacenter East,2024-08-28,P4-KPI4,Revenue Enablement,P4,3.99,5.0,>,$M
59001,E2E Full Test Corporation 1769042316 - Datacenter East,2024-09-27,P4-KPI4,Revenue Enablement,P4,3.61,5.0,>,$M
59001,E2E Full Test Corporation 1769042316 - Datacenter East,2024-10-27,P4-KPI4,Revenue Enablement,P4,3.69,5.0,>,$M
59001,E2E Full Test Corporation 1769042316 - Datacenter East,2024-11-26,P4-KPI4,Revenue Enablement,P4,4.6,5.0,>,$M
59001,E2E Full Test Corporation 1769042316 - Datacenter East,2024-01-01,P4-KPI5,Operational Efficiency,P4,70.53,85.0,>,%
59001,E2E Full Test Corporation 1769042316 - Datacenter East,2024-01-31,P4-KPI5,Operational Efficiency,P4,76.23,85.0,>,%
59001,E2E Full Test Corporation 1769042316 - Datacenter East,2024-03-01,P4-KPI5,Operational Efficiency,P4,73.09,85.0,>,%
59001,E2E Full Test Corporation 1769042316 - Datacenter East,2024-03-31,P4-KPI5,Operational Efficiency,P4,71.06,85.0,>,%
59001,E2E Full Test Corporation 1769042316 - Datacenter East,2024-04-30,P4-KPI5,Operational Efficiency,P4,75.31,85.0,>,%
59001,E2E Full Test Corporation 1769042316 - Datacenter East,2024-05-30,P4-KPI5,Operational Efficiency,P4,72.6,85.0,>,%
59001,E2E Full Test Corporation 1769042316 - Datacenter East,2024-06-29,P4-KPI5,Operational Efficiency,P4,77.62,85.0,>,%
59001,E2E Full Test Corporation 1769042316 - Datacenter East,2024-07-29,P4-KPI5,Operational Efficiency,P4,76.17,85.0,>,%
59001,E2E Full Test Corporation 1769042316 - Datacenter East,2024-08-28,P4-KPI5,Operational Efficiency,P4,75.22,85.0,>,%
59001,E2E Full Test Corporation 1769042316 - Datacenter East,2024-09-27,P4-KPI5,Operational Efficiency,P4,77.22,85.0,>,%
59001,E2E Full Test Corporation 1769042316 - Datacenter East,2024-10-27,P4-KPI5,Operational Efficiency,P4,80.97,85.0,>,%
59001,E2E Full Test Corporation 1769042316 - Datacenter East,2024-11-26,P4-KPI5,Operational Efficiency,P4,77.46,85.0,>,%
59001,E2E Full Test Corporation 1769042316 - Datacenter East,2024-01-01,P4-KPI6,Innovation Projects,P4,2.1,3.0,>,count
59001,E2E Full Test Corporation 1769042316 - Datacenter East,2024-01-31,P4-KPI6,Innovation Projects,P4,2.1,3.0,>,count
59001,E2E Full Test Corporation 1769042316 - Datacenter East,2024-03-01,P4-KPI6,Innovation Projects,P4,2.17,3.0,>,count
59001,E2E Full Test Corporation 1769042316 - Datacenter East,2024-03-31,P4-KPI6,Innovation Projects,P4,2.04,3.0,>,count
59001,E2E Full Test Corporation 1769042316 - Datacenter East,2024-04-30,P4-KPI6,Innovation Projects,P4,2.18,3.0,>,count
59001,E2E Full Test Corporation 1769042316 - Datacenter East,2024-05-30,P4-KPI6,Innovation Projects,P4,2.08,3.0,>,count
59001,E2E Full Test Corporation 1769042316 - Datacenter East,2024-06-29,P4-KPI6,Innovation Projects,P4,2.3,3.0,>,count
59001,E2E Full Test Corporation 1769042316 - Datacenter East,2024-07-29,P4-KPI6,Innovation Projects,P4,2.4,3.0,>,count
59001,E2E Full Test Corporation 1769042316 - Datacenter East,2024-08-28,P4-KPI6,Innovation Projects,P4,2.46,3.0,>,count
59001,E2E Full Test Corporation 1769042316 - Datacenter East,2024-09-27,P4-KPI6,Innovation Projects,P4,2.37,3.0,>,count
59001,E2E Full Test Corporation 1769042316 - Datacenter East,2024-10-27,P4-KPI6,Innovation Projects,P4,2.39,3.0,>,count
59001,E2E Full Test Corporation 1769042316 - Datacenter East,2024-11-26,P4-KPI6,Innovation Projects,P4,2.6,3.0,>,count
59001,E2E Full Test Corporation 1769042316 - Datacenter East,2024-01-01,P4-KPI7,Business Case Validation,P4,80.69,90.0,>,%
59001,E2E Full Test Corporation 1769042316 - Datacenter East,2024-01-31,P4-KPI7,Business Case Validation,P4,81.31,90.0,>,%
59001,E2E Full Test Corporation 1769042316 - Datacenter East,2024-03-01,P4-KPI7,Business Case Validation,P4,80.07,90.0,>,%
59001,E2E Full Test Corporation 1769042316 - Datacenter East,2024-03-31,P4-KPI7,Business Case Validation,P4,84.19,90.0,>,%
59001,E2E Full Test Corporation 1769042316 - Datacenter East,2024-04-30,P4-KPI7,Business Case Validation,P4,78.51,90.0,>,%
59001,E2E Full Test Corporation 1769042316 - Datacenter East,2024-05-30,P4-KPI7,Business Case Validation,P4,77.76,90.0,>,%
59001,E2E Full Test Corporation 1769042316 - Datacenter East,2024-06-29,P4-KPI7,Business Case Validation,P4,81.51,90.0,>,%
59001,E2E Full Test Corporation 1769042316 - Datacenter East,2024-07-29,P4-KPI7,Business Case Validation,P4,86.18,90.0,>,%
59001,E2E Full Test Corporation 1769042316 - Datacenter East,2024-08-28,P4-KPI7,Business Case Validation,P4,80.19,90.0,>,%
59001,E2E Full Test Corporation 1769042316 - Datacenter East,2024-09-27,P4-KPI7,Business Case Validation,P4,84.54,90.0,>,%
59001,E2E Full Test Corporation 1769042316 - Datacenter East,2024-10-27,P4-KPI7,Business Case Validation,P4,85.34,90.0,>,%
59001,E2E Full Test Corporation 1769042316 - Datacenter East,2024-11-26,P4-KPI7,Business Case Validation,P4,84.58,90.0,>,%
59001,E2E Full Test Corporation 1769042316 - Datacenter East,2024-01-01,P5-KPI1,Executive Sponsorship,P5,3.66,4.5,>,score
59001,E2E Full Test Corporation 1769042316 - Datacenter East,2024-01-31,P5-KPI1,Executive Sponsorship,P5,3.73,4.5,>,score
59001,E2E Full Test Corporation 1769042316 - Datacenter East,2024-03-01,P5-KPI1,Executive Sponsorship,P5,3.64,4.5,>,score
59001,E2E Full Test Corporation 1769042316 - Datacenter East,2024-03-31,P5-KPI1,Executive Sponsorship,P5,3.99,4.5,>,score
59001,E2E Full Test Corporation 1769042316 - Datacenter East,2024-04-30,P5-KPI1,Executive Sponsorship,P5,3.71,4.5,>,score
59001,E2E Full Test Corporation 1769042316 - Datacenter East,2024-05-30,P5-KPI1,Executive Sponsorship,P5,3.66,4.5,>,score
59001,E2E Full Test Corporation 1769042316 - Datacenter East,2024-06-29,P5-KPI1,Executive Sponsorship,P5,4.13,4.5,>,score
59001,E2E Full Test Corporation 1769042316 - Datacenter East,2024-07-29,P5-KPI1,Executive Sponsorship,P5,4.0,4.5,>,score
59001,E2E Full Test Corporation 1769042316 - Datacenter East,2024-08-28,P5-KPI1,Executive Sponsorship,P5,4.01,4.5,>,score
59001,E2E Full Test Corporation 1769042316 - Datacenter East,2024-09-27,P5-KPI1,Executive Sponsorship,P5,3.92,4.5,>,score
59001,E2E Full Test Corporation 1769042316 - Datacenter East,2024-10-27,P5-KPI1,Executive Sponsorship,P5,3.91,4.5,>,score
59001,E2E Full Test Corporation 1769042316 - Datacenter East,2024-11-26,P5-KPI1,Executive Sponsorship,P5,4.14,4.5,>,score
59001,E2E Full Test Corporation 1769042316 - Datacenter East,2024-01-01,P5-KPI2,Renewal Likelihood,P5,83.81,95.0,>,%
59001,E2E Full Test Corporation 1769042316 - Datacenter East,2024-01-31,P5-KPI2,Renewal Likelihood,P5,86.99,95.0,>,%
59001,E2E Full Test Corporation 1769042316 - Datacenter East,2024-03-01,P5-KPI2,Renewal Likelihood,P5,83.02,95.0,>,%
59001,E2E Full Test Corporation 1769042316 - Datacenter East,2024-03-31,P5-KPI2,Renewal Likelihood,P5,84.36,95.0,>,%
59001,E2E Full Test Corporation 1769042316 - Datacenter East,2024-04-30,P5-KPI2,Renewal Likelihood,P5,80.08,95.0,>,%
59001,E2E Full Test Corporation 1769042316 - Datacenter East,2024-05-30,P5-KPI2,Renewal Likelihood,P5,87.43,95.0,>,%
59001,E2E Full Test Corporation 1769042316 - Datacenter East,2024-06-29,P5-KPI2,Renewal Likelihood,P5,83.78,95.0,>,%
59001,E2E Full Test Corporation 1769042316 - Datacenter East,2024-07-29,P5-KPI2,Renewal Likelihood,P5,85.24,95.0,>,%
59001,E2E Full Test Corporation 1769042316 - Datacenter East,2024-08-28,P5-KPI2,Renewal Likelihood,P5,84.35,95.0,>,%
59001,E2E Full Test Corporation 1769042316 - Datacenter East,2024-09-27,P5-KPI2,Renewal Likelihood,P5,90.04,95.0,>,%
59001,E2E Full Test Corporation 1769042316 - Datacenter East,2024-10-27,P5-KPI2,Renewal Likelihood,P5,87.53,95.0,>,%
59001,E2E Full Test Corporation 1769042316 - Datacenter East,2024-11-26,P5-KPI2,Renewal Likelihood,P5,89.78,95.0,>,%
59001,E2E Full Test Corporation 1769042316 - Datacenter East,2024-01-01,P5-KPI3,Expansion Pipeline,P5,1.32,2.0,>,$M
59001,E2E Full Test Corporation 1769042316 - Datacenter East,2024-01-31,P5-KPI3,Expansion Pipeline,P5,1.3,2.0,>,$M
59001,E2E Full Test Corporation 1769042316 - Datacenter East,2024-03-01,P5-KPI3,Expansion Pipeline,P5,1.26,2.0,>,$M
59001,E2E Full Test Corporation 1769042316 - Datacenter East,2024-03-31,P5-KPI3,Expansion Pipeline,P5,1.33,2.0,>,$M
59001,E2E Full Test Corporation 1769042316 - Datacenter East,2024-04-30,P5-KPI3,Expansion Pipeline,P5,1.39,2.0,>,$M
59001,E2E Full Test Corporation 1769042316 - Datacenter East,2024-05-30,P5-KPI3,Expansion Pipeline,P5,1.32,2.0,>,$M
59001,E2E Full Test Corporation 1769042316 - Datacenter East,2024-06-29,P5-KPI3,Expansion Pipeline,P5,1.52,2.0,>,$M
59001,E2E Full Test Corporation 1769042316 - Datacenter East,2024-07-29,P5-KPI3,Expansion Pipeline,P5,1.59,2.0,>,$M
59001,E2E Full Test Corporation 1769042316 - Datacenter East,2024-08-28,P5-KPI3,Expansion Pipeline,P5,1.57,2.0,>,$M
59001,E2E Full Test Corporation 1769042316 - Datacenter East,2024-09-27,P5-KPI3,Expansion Pipeline,P5,1.59,2.0,>,$M
59001,E2E Full Test Corporation 1769042316 - Datacenter East,2024-10-27,P5-KPI3,Expansion Pipeline,P5,1.52,2.0,>,$M
59001,E2E Full Test Corporation 1769042316 - Datacenter East,2024-11-26,P5-KPI3,Expansion Pipeline,P5,1.84,2.0,>,$M
59001,E2E Full Test Corporation 1769042316 - Datacenter East,2024-01-01,P5-KPI4,Reference Willingness,P5,3.21,4.0,>,score
59001,E2E Full Test Corporation 1769042316 - Datacenter East,2024-01-31,P5-KPI4,Reference Willingness,P5,3.19,4.0,>,score
59001,E2E Full Test Corporation 1769042316 - Datacenter East,2024-03-01,P5-KPI4,Reference Willingness,P5,3.19,4.0,>,score
59001,E2E Full Test Corporation 1769042316 - Datacenter East,2024-03-31,P5-KPI4,Reference Willingness,P5,3.21,4.0,>,score
59001,E2E Full Test Corporation 1769042316 - Datacenter East,2024-04-30,P5-KPI4,Reference Willingness,P5,3.24,4.0,>,score
59001,E2E Full Test Corporation 1769042316 - Datacenter East,2024-05-30,P5-KPI4,Reference Willingness,P5,3.23,4.0,>,score
59001,E2E Full Test Corporation 1769042316 - Datacenter East,2024-06-29,P5-KPI4,Reference Willingness,P5,3.44,4.0,>,score
59001,E2E Full Test Corporation 1769042316 - Datacenter East,2024-07-29,P5-KPI4,Reference Willingness,P5,3.48,4.0,>,score
59001,E2E Full Test Corporation 1769042316 - Datacenter East,2024-08-28,P5-KPI4,Reference Willingness,P5,3.49,4.0,>,score
59001,E2E Full Test Corporation 1769042316 - Datacenter East,2024-09-27,P5-KPI4,Reference Willingness,P5,3.3,4.0,>,score
59001,E2E Full Test Corporation 1769042316 - Datacenter East,2024-10-27,P5-KPI4,Reference Willingness,P5,3.41,4.0,>,score
59001,E2E Full Test Corporation 1769042316 - Datacenter East,2024-11-26,P5-KPI4,Reference Willingness,P5,3.8,4.0,>,score
59001,E2E Full Test Corporation 1769042316 - Datacenter East,2024-01-01,P5-KPI5,Strategic Alignment,P5,76.26,85.0,>,score
59001,E2E Full Test Corporation 1769042316 - Datacenter East,2024-01-31,P5-KPI5,Strategic Alignment,P5,71.43,85.0,>,score
59001,E2E Full Test Corporation 1769042316 - Datacenter East,2024-03-01,P5-KPI5,Strategic Alignment,P5,73.2,85.0,>,score
59001,E2E Full Test Corporation 1769042316 - Datacenter East,2024-03-31,P5-KPI5,Strategic Alignment,P5,70.37,85.0,>,score
59001,E2E Full Test Corporation 1769042316 - Datacenter East,2024-04-30,P5-KPI5,Strategic Alignment,P5,71.08,85.0,>,score
59001,E2E Full Test Corporation 1769042316 - Datacenter East,2024-05-30,P5-KPI5,Strategic Alignment,P5,70.39,85.0,>,score
59001,E2E Full Test Corporation 1769042316 - Datacenter East,2024-06-29,P5-KPI5,Strategic Alignment,P5,78.56,85.0,>,score
59001,E2E Full Test Corporation 1769042316 - Datacenter East,2024-07-29,P5-KPI5,Strategic Alignment,P5,74.94,85.0,>,score
59001,E2E Full Test Corporation 1769042316 - Datacenter East,2024-08-28,P5-KPI5,Strategic Alignment,P5,73.79,85.0,>,score
59001,E2E Full Test Corporation 1769042316 - Datacenter East,2024-09-27,P5-KPI5,Strategic Alignment,P5,78.11,85.0,>,score
59001,E2E Full Test Corporation 1769042316 - Datacenter East,2024-10-27,P5-KPI5,Strategic Alignment,P5,79.03,85.0,>,score
59001,E2E Full Test Corporation 1769042316 - Datacenter East,2024-11-26,P5-KPI5,Strategic Alignment,P5,82.28,85.0,>,score
59001,E2E Full Test Corporation 1769042316 - Datacenter East,2024-01-01,P5-KPI6,Partnership Depth,P5,68.56,80.0,>,score
59001,E2E Full Test Corporation 1769042316 - Datacenter East,2024-01-31,P5-KPI6,Partnership Depth,P5,65.06,80.0,>,score
59001,E2E Full Test Corporation 1769042316 - Datacenter East,2024-03-01,P5-KPI6,Partnership Depth,P5,68.9,80.0,>,score
59001,E2E Full Test Corporation 1769042316 - Datacenter East,2024-03-31,P5-KPI6,Partnership Depth,P5,69.82,80.0,>,score
59001,E2E Full Test Corporation 1769042316 - Datacenter East,2024-04-30,P5-KPI6,Partnership Depth,P5,65.03,80.0,>,score
59001,E2E Full Test Corporation 1769042316 - Datacenter East,2024-05-30,P5-KPI6,Partnership Depth,P5,64.41,80.0,>,score
59001,E2E Full Test Corporation 1769042316 - Datacenter East,2024-06-29,P5-KPI6,Partnership Depth,P5,74.13,80.0,>,score
59001,E2E Full Test Corporation 1769042316 - Datacenter East,2024-07-29,P5-KPI6,Partnership Depth,P5,72.84,80.0,>,score
59001,E2E Full Test Corporation 1769042316 - Datacenter East,2024-08-28,P5-KPI6,Partnership Depth,P5,69.02,80.0,>,score
59001,E2E Full Test Corporation 1769042316 - Datacenter East,2024-09-27,P5-KPI6,Partnership Depth,P5,70.12,80.0,>,score
59001,E2E Full Test Corporation 1769042316 - Datacenter East,2024-10-27,P5-KPI6,Partnership Depth,P5,70.67,80.0,>,score
59001,E2E Full Test Corporation 1769042316 - Datacenter East,2024-11-26,P5-KPI6,Partnership Depth,P5,71.85,80.0,>,score
59001,E2E Full Test Corporation 1769042316 - Datacenter East,2024-01-01,P5-KPI7,NPS Score,P5,57.79,70.0,>,score
59001,E2E Full Test Corporation 1769042316 - Datacenter East,2024-01-31,P5-KPI7,NPS Score,P5,58.07,70.0,>,score
59001,E2E Full Test Corporation 1769042316 - Datacenter East,2024-03-01,P5-KPI7,NPS Score,P5,56.2,70.0,>,score
59001,E2E Full Test Corporation 1769042316 - Datacenter East,2024-03-31,P5-KPI7,NPS Score,P5,57.42,70.0,>,score
59001,E2E Full Test Corporation 1769042316 - Datacenter East,2024-04-30,P5-KPI7,NPS Score,P5,56.58,70.0,>,score
59001,E2E Full Test Corporation 1769042316 - Datacenter East,2024-05-30,P5-KPI7,NPS Score,P5,55.19,70.0,>,score
59001,E2E Full Test Corporation 1769042316 - Datacenter East,2024-06-29,P5-KPI7,NPS Score,P5,58.44,70.0,>,score
59001,E2E Full Test Corporation 1769042316 - Datacenter East,2024-07-29,P5-KPI7,NPS Score,P5,61.99,70.0,>,score
59001,E2E Full Test Corporation 1769042316 - Datacenter East,2024-08-28,P5-KPI7,NPS Score,P5,59.71,70.0,>,score
59001,E2E Full Test Corporation 1769042316 - Datacenter East,2024-09-27,P5-KPI7,NPS Score,P5,62.72,70.0,>,score
59001,E2E Full Test Corporation 1769042316 - Datacenter East,2024-10-27,P5-KPI7,NPS Score,P5,60.09,70.0,>,score
59001,E2E Full Test Corporation 1769042316 - Datacenter East,2024-11-26,P5-KPI7,NPS Score,P5,66.08,70.0,>,score
59002,E2E Full Test Corporation 1769042316 - Cloud Ops,2024-01-01,P1-KPI1,System Uptime,P1,100.0,99.9,>,%
59002,E2E Full Test Corporation 1769042316 - Cloud Ops,2024-01-31,P1-KPI1,System Uptime,P1,98.05,99.9,>,%
59002,E2E Full Test Corporation 1769042316 - Cloud Ops,2024-03-01,P1-KPI1,System Uptime,P1,98.0,99.9,>,%
59002,E2E Full Test Corporation 1769042316 - Cloud Ops,2024-03-31,P1-KPI1,System Uptime,P1,100.0,99.9,>,%
59002,E2E Full Test Corporation 1769042316 - Cloud Ops,2024-04-30,P1-KPI1,System Uptime,P1,100.0,99.9,>,%
59002,E2E Full Test Corporation 1769042316 - Cloud Ops,2024-05-30,P1-KPI1,System Uptime,P1,100.0,99.9,>,%
59002,E2E Full Test Corporation 1769042316 - Cloud Ops,2024-06-29,P1-KPI1,System Uptime,P1,98.0,99.9,>,%
59002,E2E Full Test Corporation 1769042316 - Cloud Ops,2024-07-29,P1-KPI1,System Uptime,P1,98.57,99.9,>,%
59002,E2E Full Test Corporation 1769042316 - Cloud Ops,2024-08-28,P1-KPI1,System Uptime,P1,98.0,99.9,>,%
59002,E2E Full Test Corporation 1769042316 - Cloud Ops,2024-09-27,P1-KPI1,System Uptime,P1,100.0,99.9,>,%
59002,E2E Full Test Corporation 1769042316 - Cloud Ops,2024-10-27,P1-KPI1,System Uptime,P1,100.0,99.9,>,%
59002,E2E Full Test Corporation 1769042316 - Cloud Ops,2024-11-26,P1-KPI1,System Uptime,P1,99.83,99.9,>,%
59002,E2E Full Test Corporation 1769042316 - Cloud Ops,2024-01-01,P1-KPI2,Mean Time to Resolution,P1,2.87,2.0,<,hours
59002,E2E Full Test Corporation 1769042316 - Cloud Ops,2024-01-31,P1-KPI2,Mean Time to Resolution,P1,2.94,2.0,<,hours
59002,E2E Full Test Corporation 1769042316 - Cloud Ops,2024-03-01,P1-KPI2,Mean Time to Resolution,P1,2.85,2.0,<,hours
59002,E2E Full Test Corporation 1769042316 - Cloud Ops,2024-03-31,P1-KPI2,Mean Time to Resolution,P1,3.68,2.0,<,hours
59002,E2E Full Test Corporation 1769042316 - Cloud Ops,2024-04-30,P1-KPI2,Mean Time to Resolution,P1,3.72,2.0,<,hours
59002,E2E Full Test Corporation 1769042316 - Cloud Ops,2024-05-30,P1-KPI2,Mean Time to Resolution,P1,3.93,2.0,<,hours
59002,E2E Full Test Corporation 1769042316 - Cloud Ops,2024-06-29,P1-KPI2,Mean Time to Resolution,P1,3.71,2.0,<,hours
59002,E2E Full Test Corporation 1769042316 - Cloud Ops,2024-07-29,P1-KPI2,Mean Time to Resolution,P1,3.79,2.0,<,hours
59002,E2E Full Test Corporation 1769042316 - Cloud Ops,2024-08-28,P1-KPI2,Mean Time to Resolution,P1,3.89,2.0,<,hours
59002,E2E Full Test Corporation 1769042316 - Cloud Ops,2024-09-27,P1-KPI2,Mean Time to Resolution,P1,4.51,2.0,<,hours
59002,E2E Full Test Corporation 1769042316 - Cloud Ops,2024-10-27,P1-KPI2,Mean Time to Resolution,P1,4.64,2.0,<,hours
59002,E2E Full Test Corporation 1769042316 - Cloud Ops,2024-11-26,P1-KPI2,Mean Time to Resolution,P1,4.9,2.0,<,hours
59002,E2E Full Test Corporation 1769042316 - Cloud Ops,2024-01-01,P1-KPI3,GPU Utilization,P1,82.43,85.0,>,%
59002,E2E Full Test Corporation 1769042316 - Cloud Ops,2024-01-31,P1-KPI3,GPU Utilization,P1,85.2,85.0,>,%
59002,E2E Full Test Corporation 1769042316 - Cloud Ops,2024-03-01,P1-KPI3,GPU Utilization,P1,79.94,85.0,>,%
59002,E2E Full Test Corporation 1769042316 - Cloud Ops,2024-03-31,P1-KPI3,GPU Utilization,P1,74.6,85.0,>,%
59002,E2E Full Test Corporation 1769042316 - Cloud Ops,2024-04-30,P1-KPI3,GPU Utilization,P1,78.83,85.0,>,%
59002,E2E Full Test Corporation 1769042316 - Cloud Ops,2024-05-30,P1-KPI3,GPU Utilization,P1,74.08,85.0,>,%
59002,E2E Full Test Corporation 1769042316 - Cloud Ops,2024-06-29,P1-KPI3,GPU Utilization,P1,73.88,85.0,>,%
59002,E2E Full Test Corporation 1769042316 - Cloud Ops,2024-07-29,P1-KPI3,GPU Utilization,P1,79.81,85.0,>,%
59002,E2E Full Test Corporation 1769042316 - Cloud Ops,2024-08-28,P1-KPI3,GPU Utilization,P1,74.32,85.0,>,%
59002,E2E Full Test Corporation 1769042316 - Cloud Ops,2024-09-27,P1-KPI3,GPU Utilization,P1,75.98,85.0,>,%
59002,E2E Full Test Corporation 1769042316 - Cloud Ops,2024-10-27,P1-KPI3,GPU Utilization,P1,73.29,85.0,>,%
59002,E2E Full Test Corporation 1769042316 - Cloud Ops,2024-11-26,P1-KPI3,GPU Utilization,P1,72.77,85.0,>,%
59002,E2E Full Test Corporation 1769042316 - Cloud Ops,2024-01-01,P1-KPI4,Network Latency,P1,16.72,10.0,<,ms
59002,E2E Full Test Corporation 1769042316 - Cloud Ops,2024-01-31,P1-KPI4,Network Latency,P1,16.23,10.0,<,ms
59002,E2E Full Test Corporation 1769042316 - Cloud Ops,2024-03-01,P1-KPI4,Network Latency,P1,16.39,10.0,<,ms
59002,E2E Full Test Corporation 1769042316 - Cloud Ops,2024-03-31,P1-KPI4,Network Latency,P1,22.6,10.0,<,ms
59002,E2E Full Test Corporation 1769042316 - Cloud Ops,2024-04-30,P1-KPI4,Network Latency,P1,21.33,10.0,<,ms
59002,E2E Full Test Corporation 1769042316 - Cloud Ops,2024-05-30,P1-KPI4,Network Latency,P1,22.61,10.0,<,ms
59002,E2E Full Test Corporation 1769042316 - Cloud Ops,2024-06-29,P1-KPI4,Network Latency,P1,22.34,10.0,<,ms
59002,E2E Full Test Corporation 1769042316 - Cloud Ops,2024-07-29,P1-KPI4,Network Latency,P1,21.95,10.0,<,ms
59002,E2E Full Test Corporation 1769042316 - Cloud Ops,2024-08-28,P1-KPI4,Network Latency,P1,21.07,10.0,<,ms
59002,E2E Full Test Corporation 1769042316 - Cloud Ops,2024-09-27,P1-KPI4,Network Latency,P1,27.22,10.0,<,ms
59002,E2E Full Test Corporation 1769042316 - Cloud Ops,2024-10-27,P1-KPI4,Network Latency,P1,29.15,10.0,<,ms
59002,E2E Full Test Corporation 1769042316 - Cloud Ops,2024-11-26,P1-KPI4,Network Latency,P1,26.7,10.0,<,ms
59002,E2E Full Test Corporation 1769042316 - Cloud Ops,2024-01-01,P1-KPI5,Storage Performance,P1,94764.24,100000.0,>,IOPS
59002,E2E Full Test Corporation 1769042316 - Cloud Ops,2024-01-31,P1-KPI5,Storage Performance,P1,95559.2,100000.0,>,IOPS
59002,E2E Full Test Corporation 1769042316 - Cloud Ops,2024-03-01,P1-KPI5,Storage Performance,P1,92360.61,100000.0,>,IOPS
59002,E2E Full Test Corporation 1769042316 - Cloud Ops,2024-03-31,P1-KPI5,Storage Performance,P1,81111.72,100000.0,>,IOPS
59002,E2E Full Test Corporation 1769042316 - Cloud Ops,2024-04-30,P1-KPI5,Storage Performance,P1,84529.38,100000.0,>,IOPS
59002,E2E Full Test Corporation 1769042316 - Cloud Ops,2024-05-30,P1-KPI5,Storage Performance,P1,88684.09,100000.0,>,IOPS
59002,E2E Full Test Corporation 1769042316 - Cloud Ops,2024-06-29,P1-KPI5,Storage Performance,P1,86442.71,100000.0,>,IOPS
59002,E2E Full Test Corporation 1769042316 - Cloud Ops,2024-07-29,P1-KPI5,Storage Performance,P1,82996.97,100000.0,>,IOPS
59002,E2E Full Test Corporation 1769042316 - Cloud Ops,2024-08-28,P1-KPI5,Storage Performance,P1,87565.32,100000.0,>,IOPS
59002,E2E Full Test Corporation 1769042316 - Cloud Ops,2024-09-27,P1-KPI5,Storage Performance,P1,78607.86,100000.0,>,IOPS
59002,E2E Full Test Corporation 1769042316 - Cloud Ops,2024-10-27,P1-KPI5,Storage Performance,P1,75016.67,100000.0,>,IOPS
59002,E2E Full Test Corporation 1769042316 - Cloud Ops,2024-11-26,P1-KPI5,Storage Performance,P1,77982.99,100000.0,>,IOPS
59002,E2E Full Test Corporation 1769042316 - Cloud Ops,2024-01-01,P1-KPI6,Cooling Efficiency,P1,1.41,1.3,<,PUE
59002,E2E Full Test Corporation 1769042316 - Cloud Ops,2024-01-31,P1-KPI6,Cooling Efficiency,P1,1.32,1.3,<,PUE
59002,E2E Full Test Corporation 1769042316 - Cloud Ops,2024-03-01,P1-KPI6,Cooling Efficiency,P1,1.32,1.3,<,PUE
59002,E2E Full Test Corporation 1769042316 - Cloud Ops,2024-03-31,P1-KPI6,Cooling Efficiency,P1,1.38,1.3,<,PUE
59002,E2E Full Test Corporation 1769042316 - Cloud Ops,2024-04-30,P1-KPI6,Cooling Efficiency,P1,1.44,1.3,<,PUE
59002,E2E Full Test Corporation 1769042316 - Cloud Ops,2024-05-30,P1-KPI6,Cooling Efficiency,P1,1.48,1.3,<,PUE
59002,E2E Full Test Corporation 1769042316 - Cloud Ops,2024-06-29,P1-KPI6,Cooling Efficiency,P1,1.43,1.3,<,PUE
59002,E2E Full Test Corporation 1769042316 - Cloud Ops,2024-07-29,P1-KPI6,Cooling Efficiency,P1,1.4,1.3,<,PUE
59002,E2E Full Test Corporation 1769042316 - Cloud Ops,2024-08-28,P1-KPI6,Cooling Efficiency,P1,1.47,1.3,<,PUE
59002,E2E Full Test Corporation 1769042316 - Cloud Ops,2024-09-27,P1-KPI6,Cooling Efficiency,P1,1.51,1.3,<,PUE
59002,E2E Full Test Corporation 1769042316 - Cloud Ops,2024-10-27,P1-KPI6,Cooling Efficiency,P1,1.49,1.3,<,PUE
59002,E2E Full Test Corporation 1769042316 - Cloud Ops,2024-11-26,P1-KPI6,Cooling Efficiency,P1,1.58,1.3,<,PUE
59002,E2E Full Test Corporation 1769042316 - Cloud Ops,2024-01-01,P1-KPI7,Power Usage,P1,538.52,500.0,<,kW
59002,E2E Full Test Corporation 1769042316 - Cloud Ops,2024-01-31,P1-KPI7,Power Usage,P1,552.51,500.0,<,kW
59002,E2E Full Test Corporation 1769042316 - Cloud Ops,2024-03-01,P1-KPI7,Power Usage,P1,532.42,500.0,<,kW
59002,E2E Full Test Corporation 1769042316 - Cloud Ops,2024-03-31,P1-KPI7,Power Usage,P1,617.69,500.0,<,kW
59002,E2E Full Test Corporation 1769042316 - Cloud Ops,2024-04-30,P1-KPI7,Power Usage,P1,587.04,500.0,<,kW
59002,E2E Full Test Corporation 1769042316 - Cloud Ops,2024-05-30,P1-KPI7,Power Usage,P1,591.26,500.0,<,kW
59002,E2E Full Test Corporation 1769042316 - Cloud Ops,2024-06-29,P1-KPI7,Power Usage,P1,577.44,500.0,<,kW
59002,E2E Full Test Corporation 1769042316 - Cloud Ops,2024-07-29,P1-KPI7,Power Usage,P1,587.14,500.0,<,kW
59002,E2E Full Test Corporation 1769042316 - Cloud Ops,2024-08-28,P1-KPI7,Power Usage,P1,612.5,500.0,<,kW
59002,E2E Full Test Corporation 1769042316 - Cloud Ops,2024-09-27,P1-KPI7,Power Usage,P1,662.01,500.0,<,kW
59002,E2E Full Test Corporation 1769042316 - Cloud Ops,2024-10-27,P1-KPI7,Power Usage,P1,619.82,500.0,<,kW
59002,E2E Full Test Corporation 1769042316 - Cloud Ops,2024-11-26,P1-KPI7,Power Usage,P1,605.38,500.0,<,kW
59002,E2E Full Test Corporation 1769042316 - Cloud Ops,2024-01-01,P1-KPI8,Thermal Management,P1,25.74,25.0,<,°C
59002,E2E Full Test Corporation 1769042316 - Cloud Ops,2024-01-31,P1-KPI8,Thermal Management,P1,25.81,25.0,<,°C
59002,E2E Full Test Corporation 1769042316 - Cloud Ops,2024-03-01,P1-KPI8,Thermal Management,P1,27.12,25.0,<,°C
59002,E2E Full Test Corporation 1769042316 - Cloud Ops,2024-03-31,P1-KPI8,Thermal Management,P1,28.4,25.0,<,°C
59002,E2E Full Test Corporation 1769042316 - Cloud Ops,2024-04-30,P1-KPI8,Thermal Management,P1,26.74,25.0,<,°C
59002,E2E Full Test Corporation 1769042316 - Cloud Ops,2024-05-30,P1-KPI8,Thermal Management,P1,27.22,25.0,<,°C
59002,E2E Full Test Corporation 1769042316 - Cloud Ops,2024-06-29,P1-KPI8,Thermal Management,P1,26.7,25.0,<,°C
59002,E2E Full Test Corporation 1769042316 - Cloud Ops,2024-07-29,P1-KPI8,Thermal Management,P1,28.6,25.0,<,°C
59002,E2E Full Test Corporation 1769042316 - Cloud Ops,2024-08-28,P1-KPI8,Thermal Management,P1,27.64,25.0,<,°C
59002,E2E Full Test Corporation 1769042316 - Cloud Ops,2024-09-27,P1-KPI8,Thermal Management,P1,30.18,25.0,<,°C
59002,E2E Full Test Corporation 1769042316 - Cloud Ops,2024-10-27,P1-KPI8,Thermal Management,P1,30.97,25.0,<,°C
59002,E2E Full Test Corporation 1769042316 - Cloud Ops,2024-11-26,P1-KPI8,Thermal Management,P1,28.83,25.0,<,°C
59002,E2E Full Test Corporation 1769042316 - Cloud Ops,2024-01-01,P2-KPI1,SLA Compliance,P2,100.0,99.0,>,%
59002,E2E Full Test Corporation 1769042316 - Cloud Ops,2024-01-31,P2-KPI1,SLA Compliance,P2,99.19,99.0,>,%
59002,E2E Full Test Corporation 1769042316 - Cloud Ops,2024-03-01,P2-KPI1,SLA Compliance,P2,97.0,99.0,>,%
59002,E2E Full Test Corporation 1769042316 - Cloud Ops,2024-03-31,P2-KPI1,SLA Compliance,P2,96.64,99.0,>,%
59002,E2E Full Test Corporation 1769042316 - Cloud Ops,2024-04-30,P2-KPI1,SLA Compliance,P2,97.37,99.0,>,%
59002,E2E Full Test Corporation 1769042316 - Cloud Ops,2024-05-30,P2-KPI1,SLA Compliance,P2,95.63,99.0,>,%
59002,E2E Full Test Corporation 1769042316 - Cloud Ops,2024-06-29,P2-KPI1,SLA Compliance,P2,95.0,99.0,>,%
59002,E2E Full Test Corporation 1769042316 - Cloud Ops,2024-07-29,P2-KPI1,SLA Compliance,P2,100.0,99.0,>,%
59002,E2E Full Test Corporation 1769042316 - Cloud Ops,2024-08-28,P2-KPI1,SLA Compliance,P2,95.0,99.0,>,%
59002,E2E Full Test Corporation 1769042316 - Cloud Ops,2024-09-27,P2-KPI1,SLA Compliance,P2,99.46,99.0,>,%
59002,E2E Full Test Corporation 1769042316 - Cloud Ops,2024-10-27,P2-KPI1,SLA Compliance,P2,100.0,99.0,>,%
59002,E2E Full Test Corporation 1769042316 - Cloud Ops,2024-11-26,P2-KPI1,SLA Compliance,P2,100.0,99.0,>,%
59002,E2E Full Test Corporation 1769042316 - Cloud Ops,2024-01-01,P2-KPI2,Incident Response Time,P2,21.07,15.0,<,minutes
59002,E2E Full Test Corporation 1769042316 - Cloud Ops,2024-01-31,P2-KPI2,Incident Response Time,P2,21.61,15.0,<,minutes
59002,E2E Full Test Corporation 1769042316 - Cloud Ops,2024-03-01,P2-KPI2,Incident Response Time,P2,22.45,15.0,<,minutes
59002,E2E Full Test Corporation 1769042316 - Cloud Ops,2024-03-31,P2-KPI2,Incident Response Time,P2,27.6,15.0,<,minutes
59002,E2E Full Test Corporation 1769042316 - Cloud Ops,2024-04-30,P2-KPI2,Incident Response Time,P2,28.55,15.0,<,minutes
59002,E2E Full Test Corporation 1769042316 - Cloud Ops,2024-05-30,P2-KPI2,Incident Response Time,P2,28.06,15.0,<,minutes
59002,E2E Full Test Corporation 1769042316 - Cloud Ops,2024-06-29,P2-KPI2,Incident Response Time,P2,28.71,15.0,<,minutes
59002,E2E Full Test Corporation 1769042316 - Cloud Ops,2024-07-29,P2-KPI2,Incident Response Time,P2,29.52,15.0,<,minutes
59002,E2E Full Test Corporation 1769042316 - Cloud Ops,2024-08-28,P2-KPI2,Incident Response Time,P2,29.2,15.0,<,minutes
59002,E2E Full Test Corporation 1769042316 - Cloud Ops,2024-09-27,P2-KPI2,Incident Response Time,P2,36.69,15.0,<,minutes
59002,E2E Full Test Corporation 1769042316 - Cloud Ops,2024-10-27,P2-KPI2,Incident Response Time,P2,36.23,15.0,<,minutes
59002,E2E Full Test Corporation 1769042316 - Cloud Ops,2024-11-26,P2-KPI2,Incident Response Time,P2,33.84,15.0,<,minutes
59002,E2E Full Test Corporation 1769042316 - Cloud Ops,2024-01-01,P2-KPI3,Change Success Rate,P2,100.0,98.0,>,%
59002,E2E Full Test Corporation 1769042316 - Cloud Ops,2024-01-31,P2-KPI3,Change Success Rate,P2,100.0,98.0,>,%
59002,E2E Full Test Corporation 1769042316 - Cloud Ops,2024-03-01,P2-KPI3,Change Success Rate,P2,98.8,98.0,>,%
59002,E2E Full Test Corporation 1769042316 - Cloud Ops,2024-03-31,P2-KPI3,Change Success Rate,P2,96.05,98.0,>,%
59002,E2E Full Test Corporation 1769042316 - Cloud Ops,2024-04-30,P2-KPI3,Change Success Rate,P2,98.31,98.0,>,%
59002,E2E Full Test Corporation 1769042316 - Cloud Ops,2024-05-30,P2-KPI3,Change Success Rate,P2,96.25,98.0,>,%
59002,E2E Full Test Corporation 1769042316 - Cloud Ops,2024-06-29,P2-KPI3,Change Success Rate,P2,92.08,98.0,>,%
59002,E2E Full Test Corporation 1769042316 - Cloud Ops,2024-07-29,P2-KPI3,Change Success Rate,P2,100.0,98.0,>,%
59002,E2E Full Test Corporation 1769042316 - Cloud Ops,2024-08-28,P2-KPI3,Change Success Rate,P2,92.88,98.0,>,%
59002,E2E Full Test Corporation 1769042316 - Cloud Ops,2024-09-27,P2-KPI3,Change Success Rate,P2,91.98,98.0,>,%
59002,E2E Full Test Corporation 1769042316 - Cloud Ops,2024-10-27,P2-KPI3,Change Success Rate,P2,93.01,98.0,>,%
59002,E2E Full Test Corporation 1769042316 - Cloud Ops,2024-11-26,P2-KPI3,Change Success Rate,P2,92.0,98.0,>,%
59002,E2E Full Test Corporation 1769042316 - Cloud Ops,2024-01-01,P2-KPI4,Backup Success Rate,P2,100.0,100.0,>,%
59002,E2E Full Test Corporation 1769042316 - Cloud Ops,2024-01-31,P2-KPI4,Backup Success Rate,P2,97.63,100.0,>,%
59002,E2E Full Test Corporation 1769042316 - Cloud Ops,2024-03-01,P2-KPI4,Backup Success Rate,P2,95.47,100.0,>,%
59002,E2E Full Test Corporation 1769042316 - Cloud Ops,2024-03-31,P2-KPI4,Backup Success Rate,P2,100.0,100.0,>,%
59002,E2E Full Test Corporation 1769042316 - Cloud Ops,2024-04-30,P2-KPI4,Backup Success Rate,P2,98.58,100.0,>,%
59002,E2E Full Test Corporation 1769042316 - Cloud Ops,2024-05-30,P2-KPI4,Backup Success Rate,P2,100.0,100.0,>,%
59002,E2E Full Test Corporation 1769042316 - Cloud Ops,2024-06-29,P2-KPI4,Backup Success Rate,P2,95.51,100.0,>,%
59002,E2E Full Test Corporation 1769042316 - Cloud Ops,2024-07-29,P2-KPI4,Backup Success Rate,P2,97.24,100.0,>,%
59002,E2E Full Test Corporation 1769042316 - Cloud Ops,2024-08-28,P2-KPI4,Backup Success Rate,P2,100.0,100.0,>,%
59002,E2E Full Test Corporation 1769042316 - Cloud Ops,2024-09-27,P2-KPI4,Backup Success Rate,P2,100.0,100.0,>,%
59002,E2E Full Test Corporation 1769042316 - Cloud Ops,2024-10-27,P2-KPI4,Backup Success Rate,P2,96.57,100.0,>,%
59002,E2E Full Test Corporation 1769042316 - Cloud Ops,2024-11-26,P2-KPI4,Backup Success Rate,P2,96.59,100.0,>,%
59002,E2E Full Test Corporation 1769042316 - Cloud Ops,2024-01-01,P2-KPI5,Patch Compliance,P2,93.78,95.0,>,%
59002,E2E Full Test Corporation 1769042316 - Cloud Ops,2024-01-31,P2-KPI5,Patch Compliance,P2,88.71,95.0,>,%
59002,E2E Full Test Corporation 1769042316 - Cloud Ops,2024-03-01,P2-KPI5,Patch Compliance,P2,91.22,95.0,>,%
59002,E2E Full Test Corporation 1769042316 - Cloud Ops,2024-03-31,P2-KPI5,Patch Compliance,P2,88.24,95.0,>,%
59002,E2E Full Test Corporation 1769042316 - Cloud Ops,2024-04-30,P2-KPI5,Patch Compliance,P2,93.39,95.0,>,%
59002,E2E Full Test Corporation 1769042316 - Cloud Ops,2024-05-30,P2-KPI5,Patch Compliance,P2,92.27,95.0,>,%
59002,E2E Full Test Corporation 1769042316 - Cloud Ops,2024-06-29,P2-KPI5,Patch Compliance,P2,87.71,95.0,>,%
59002,E2E Full Test Corporation 1769042316 - Cloud Ops,2024-07-29,P2-KPI5,Patch Compliance,P2,93.46,95.0,>,%
59002,E2E Full Test Corporation 1769042316 - Cloud Ops,2024-08-28,P2-KPI5,Patch Compliance,P2,89.02,95.0,>,%
59002,E2E Full Test Corporation 1769042316 - Cloud Ops,2024-09-27,P2-KPI5,Patch Compliance,P2,86.0,95.0,>,%
59002,E2E Full Test Corporation 1769042316 - Cloud Ops,2024-10-27,P2-KPI5,Patch Compliance,P2,86.86,95.0,>,%
59002,E2E Full Test Corporation 1769042316 - Cloud Ops,2024-11-26,P2-KPI5,Patch Compliance,P2,92.33,95.0,>,%
59002,E2E Full Test Corporation 1769042316 - Cloud Ops,2024-01-01,P2-KPI6,Service Request Fulfillment,P2,4.17,3.0,<,days
59002,E2E Full Test Corporation 1769042316 - Cloud Ops,2024-01-31,P2-KPI6,Service Request Fulfillment,P2,3.94,3.0,<,days
59002,E2E Full Test Corporation 1769042316 - Cloud Ops,2024-03-01,P2-KPI6,Service Request Fulfillment,P2,4.07,3.0,<,days
59002,E2E Full Test Corporation 1769042316 - Cloud Ops,2024-03-31,P2-KPI6,Service Request Fulfillment,P2,5.31,3.0,<,days
59002,E2E Full Test Corporation 1769042316 - Cloud Ops,2024-04-30,P2-KPI6,Service Request Fulfillment,P2,5.16,3.0,<,days
59002,E2E Full Test Corporation 1769042316 - Cloud Ops,2024-05-30,P2-KPI6,Service Request Fulfillment,P2,5.32,3.0,<,days
59002,E2E Full Test Corporation 1769042316 - Cloud Ops,2024-06-29,P2-KPI6,Service Request Fulfillment,P2,5.15,3.0,<,days
59002,E2E Full Test Corporation 1769042316 - Cloud Ops,2024-07-29,P2-KPI6,Service Request Fulfillment,P2,4.89,3.0,<,days
59002,E2E Full Test Corporation 1769042316 - Cloud Ops,2024-08-28,P2-KPI6,Service Request Fulfillment,P2,5.14,3.0,<,days
59002,E2E Full Test Corporation 1769042316 - Cloud Ops,2024-09-27,P2-KPI6,Service Request Fulfillment,P2,6.21,3.0,<,days
59002,E2E Full Test Corporation 1769042316 - Cloud Ops,2024-10-27,P2-KPI6,Service Request Fulfillment,P2,5.94,3.0,<,days
59002,E2E Full Test Corporation 1769042316 - Cloud Ops,2024-11-26,P2-KPI6,Service Request Fulfillment,P2,6.11,3.0,<,days
59002,E2E Full Test Corporation 1769042316 - Cloud Ops,2024-01-01,P2-KPI7,Capacity Planning Accuracy,P2,90.0,90.0,>,%
59002,E2E Full Test Corporation 1769042316 - Cloud Ops,2024-01-31,P2-KPI7,Capacity Planning Accuracy,P2,83.7,90.0,>,%
59002,E2E Full Test Corporation 1769042316 - Cloud Ops,2024-03-01,P2-KPI7,Capacity Planning Accuracy,P2,87.64,90.0,>,%
59002,E2E Full Test Corporation 1769042316 - Cloud Ops,2024-03-31,P2-KPI7,Capacity Planning Accuracy,P2,80.41,90.0,>,%
59002,E2E Full Test Corporation 1769042316 - Cloud Ops,2024-04-30,P2-KPI7,Capacity Planning Accuracy,P2,85.45,90.0,>,%
59002,E2E Full Test Corporation 1769042316 - Cloud Ops,2024-05-30,P2-KPI7,Capacity Planning Accuracy,P2,86.7,90.0,>,%
59002,E2E Full Test Corporation 1769042316 - Cloud Ops,2024-06-29,P2-KPI7,Capacity Planning Accuracy,P2,85.31,90.0,>,%
59002,E2E Full Test Corporation 1769042316 - Cloud Ops,2024-07-29,P2-KPI7,Capacity Planning Accuracy,P2,82.18,90.0,>,%
59002,E2E Full Test Corporation 1769042316 - Cloud Ops,2024-08-28,P2-KPI7,Capacity Planning Accuracy,P2,85.98,90.0,>,%
59002,E2E Full Test Corporation 1769042316 - Cloud Ops,2024-09-27,P2-KPI7,Capacity Planning Accuracy,P2,82.27,90.0,>,%
59002,E2E Full Test Corporation 1769042316 - Cloud Ops,2024-10-27,P2-KPI7,Capacity Planning Accuracy,P2,80.51,90.0,>,%
59002,E2E Full Test Corporation 1769042316 - Cloud Ops,2024-11-26,P2-KPI7,Capacity Planning Accuracy,P2,83.83,90.0,>,%
59002,E2E Full Test Corporation 1769042316 - Cloud Ops,2024-01-01,P2-KPI8,Documentation Quality,P2,80.31,85.0,>,score
59002,E2E Full Test Corporation 1769042316 - Cloud Ops,2024-01-31,P2-KPI8,Documentation Quality,P2,80.66,85.0,>,score
59002,E2E Full Test Corporation 1769042316 - Cloud Ops,2024-03-01,P2-KPI8,Documentation Quality,P2,83.86,85.0,>,score
59002,E2E Full Test Corporation 1769042316 - Cloud Ops,2024-03-31,P2-KPI8,Documentation Quality,P2,75.42,85.0,>,score
59002,E2E Full Test Corporation 1769042316 - Cloud Ops,2024-04-30,P2-KPI8,Documentation Quality,P2,79.91,85.0,>,score
59002,E2E Full Test Corporation 1769042316 - Cloud Ops,2024-05-30,P2-KPI8,Documentation Quality,P2,78.96,85.0,>,score
59002,E2E Full Test Corporation 1769042316 - Cloud Ops,2024-06-29,P2-KPI8,Documentation Quality,P2,81.3,85.0,>,score
59002,E2E Full Test Corporation 1769042316 - Cloud Ops,2024-07-29,P2-KPI8,Documentation Quality,P2,75.03,85.0,>,score
59002,E2E Full Test Corporation 1769042316 - Cloud Ops,2024-08-28,P2-KPI8,Documentation Quality,P2,76.05,85.0,>,score
59002,E2E Full Test Corporation 1769042316 - Cloud Ops,2024-09-27,P2-KPI8,Documentation Quality,P2,74.4,85.0,>,score
59002,E2E Full Test Corporation 1769042316 - Cloud Ops,2024-10-27,P2-KPI8,Documentation Quality,P2,76.19,85.0,>,score
59002,E2E Full Test Corporation 1769042316 - Cloud Ops,2024-11-26,P2-KPI8,Documentation Quality,P2,72.87,85.0,>,score
59002,E2E Full Test Corporation 1769042316 - Cloud Ops,2024-01-01,P3-KPI1,CSAT Score,P3,4.19,4.5,>,score
59002,E2E Full Test Corporation 1769042316 - Cloud Ops,2024-01-31,P3-KPI1,CSAT Score,P3,4.31,4.5,>,score
59002,E2E Full Test Corporation 1769042316 - Cloud Ops,2024-03-01,P3-KPI1,CSAT Score,P3,4.14,4.5,>,score
59002,E2E Full Test Corporation 1769042316 - Cloud Ops,2024-03-31,P3-KPI1,CSAT Score,P3,3.91,4.5,>,score
59002,E2E Full Test Corporation 1769042316 - Cloud Ops,2024-04-30,P3-KPI1,CSAT Score,P3,4.03,4.5,>,score
59002,E2E Full Test Corporation 1769042316 - Cloud Ops,2024-05-30,P3-KPI1,CSAT Score,P3,3.94,4.5,>,score
59002,E2E Full Test Corporation 1769042316 - Cloud Ops,2024-06-29,P3-KPI1,CSAT Score,P3,4.11,4.5,>,score
59002,E2E Full Test Corporation 1769042316 - Cloud Ops,2024-07-29,P3-KPI1,CSAT Score,P3,4.19,4.5,>,score
59002,E2E Full Test Corporation 1769042316 - Cloud Ops,2024-08-28,P3-KPI1,CSAT Score,P3,4.14,4.5,>,score
59002,E2E Full Test Corporation 1769042316 - Cloud Ops,2024-09-27,P3-KPI1,CSAT Score,P3,3.72,4.5,>,score
59002,E2E Full Test Corporation 1769042316 - Cloud Ops,2024-10-27,P3-KPI1,CSAT Score,P3,3.69,4.5,>,score
59002,E2E Full Test Corporation 1769042316 - Cloud Ops,2024-11-26,P3-KPI1,CSAT Score,P3,3.75,4.5,>,score
59002,E2E Full Test Corporation 1769042316 - Cloud Ops,2024-01-01,P3-KPI2,Support Ticket Volume,P3,33.33,20.0,<,tickets
59002,E2E Full Test Corporation 1769042316 - Cloud Ops,2024-01-31,P3-KPI2,Support Ticket Volume,P3,32.76,20.0,<,tickets
59002,E2E Full Test Corporation 1769042316 - Cloud Ops,2024-03-01,P3-KPI2,Support Ticket Volume,P3,32.87,20.0,<,tickets
59002,E2E Full Test Corporation 1769042316 - Cloud Ops,2024-03-31,P3-KPI2,Support Ticket Volume,P3,42.52,20.0,<,tickets
59002,E2E Full Test Corporation 1769042316 - Cloud Ops,2024-04-30,P3-KPI2,Support Ticket Volume,P3,45.33,20.0,<,tickets
59002,E2E Full Test Corporation 1769042316 - Cloud Ops,2024-05-30,P3-KPI2,Support Ticket Volume,P3,44.03,20.0,<,tickets
59002,E2E Full Test Corporation 1769042316 - Cloud Ops,2024-06-29,P3-KPI2,Support Ticket Volume,P3,45.41,20.0,<,tickets
59002,E2E Full Test Corporation 1769042316 - Cloud Ops,2024-07-29,P3-KPI2,Support Ticket Volume,P3,42.9,20.0,<,tickets
59002,E2E Full Test Corporation 1769042316 - Cloud Ops,2024-08-28,P3-KPI2,Support Ticket Volume,P3,44.51,20.0,<,tickets
59002,E2E Full Test Corporation 1769042316 - Cloud Ops,2024-09-27,P3-KPI2,Support Ticket Volume,P3,55.68,20.0,<,tickets
59002,E2E Full Test Corporation 1769042316 - Cloud Ops,2024-10-27,P3-KPI2,Support Ticket Volume,P3,57.76,20.0,<,tickets
59002,E2E Full Test Corporation 1769042316 - Cloud Ops,2024-11-26,P3-KPI2,Support Ticket Volume,P3,54.92,20.0,<,tickets
59002,E2E Full Test Corporation 1769042316 - Cloud Ops,2024-01-01,P3-KPI3,First Contact Resolution,P3,74.24,75.0,>,%
59002,E2E Full Test Corporation 1769042316 - Cloud Ops,2024-01-31,P3-KPI3,First Contact Resolution,P3,73.69,75.0,>,%
59002,E2E Full Test Corporation 1769042316 - Cloud Ops,2024-03-01,P3-KPI3,First Contact Resolution,P3,69.93,75.0,>,%
59002,E2E Full Test Corporation 1769042316 - Cloud Ops,2024-03-31,P3-KPI3,First Contact Resolution,P3,67.74,75.0,>,%
59002,E2E Full Test Corporation 1769042316 - Cloud Ops,2024-04-30,P3-KPI3,First Contact Resolution,P3,65.99,75.0,>,%
59002,E2E Full Test Corporation 1769042316 - Cloud Ops,2024-05-30,P3-KPI3,First Contact Resolution,P3,67.6,75.0,>,%
59002,E2E Full Test Corporation 1769042316 - Cloud Ops,2024-06-29,P3-KPI3,First Contact Resolution,P3,66.57,75.0,>,%
59002,E2E Full Test Corporation 1769042316 - Cloud Ops,2024-07-29,P3-KPI3,First Contact Resolution,P3,64.14,75.0,>,%
59002,E2E Full Test Corporation 1769042316 - Cloud Ops,2024-08-28,P3-KPI3,First Contact Resolution,P3,67.15,75.0,>,%
59002,E2E Full Test Corporation 1769042316 - Cloud Ops,2024-09-27,P3-KPI3,First Contact Resolution,P3,62.29,75.0,>,%
59002,E2E Full Test Corporation 1769042316 - Cloud Ops,2024-10-27,P3-KPI3,First Contact Resolution,P3,64.29,75.0,>,%
59002,E2E Full Test Corporation 1769042316 - Cloud Ops,2024-11-26,P3-KPI3,First Contact Resolution,P3,66.93,75.0,>,%
59002,E2E Full Test Corporation 1769042316 - Cloud Ops,2024-01-01,P3-KPI4,Training Completion,P3,84.07,90.0,>,%
59002,E2E Full Test Corporation 1769042316 - Cloud Ops,2024-01-31,P3-KPI4,Training Completion,P3,89.63,90.0,>,%
59002,E2E Full Test Corporation 1769042316 - Cloud Ops,2024-03-01,P3-KPI4,Training Completion,P3,84.88,90.0,>,%
59002,E2E Full Test Corporation 1769042316 - Cloud Ops,2024-03-31,P3-KPI4,Training Completion,P3,82.14,90.0,>,%
59002,E2E Full Test Corporation 1769042316 - Cloud Ops,2024-04-30,P3-KPI4,Training Completion,P3,78.97,90.0,>,%
59002,E2E Full Test Corporation 1769042316 - Cloud Ops,2024-05-30,P3-KPI4,Training Completion,P3,79.24,90.0,>,%
59002,E2E Full Test Corporation 1769042316 - Cloud Ops,2024-06-29,P3-KPI4,Training Completion,P3,77.07,90.0,>,%
59002,E2E Full Test Corporation 1769042316 - Cloud Ops,2024-07-29,P3-KPI4,Training Completion,P3,84.76,90.0,>,%
59002,E2E Full Test Corporation 1769042316 - Cloud Ops,2024-08-28,P3-KPI4,Training Completion,P3,85.01,90.0,>,%
59002,E2E Full Test Corporation 1769042316 - Cloud Ops,2024-09-27,P3-KPI4,Training Completion,P3,80.26,90.0,>,%
59002,E2E Full Test Corporation 1769042316 - Cloud Ops,2024-10-27,P3-KPI4,Training Completion,P3,73.66,90.0,>,%
59002,E2E Full Test Corporation 1769042316 - Cloud Ops,2024-11-26,P3-KPI4,Training Completion,P3,78.78,90.0,>,%
59002,E2E Full Test Corporation 1769042316 - Cloud Ops,2024-01-01,P3-KPI5,User Adoption Rate,P3,74.1,80.0,>,%
59002,E2E Full Test Corporation 1769042316 - Cloud Ops,2024-01-31,P3-KPI5,User Adoption Rate,P3,77.08,80.0,>,%
59002,E2E Full Test Corporation 1769042316 - Cloud Ops,2024-03-01,P3-KPI5,User Adoption Rate,P3,78.28,80.0,>,%
59002,E2E Full Test Corporation 1769042316 - Cloud Ops,2024-03-31,P3-KPI5,User Adoption Rate,P3,73.73,80.0,>,%
59002,E2E Full Test Corporation 1769042316 - Cloud Ops,2024-04-30,P3-KPI5,User Adoption Rate,P3,73.05,80.0,>,%
59002,E2E Full Test Corporation 1769042316 - Cloud Ops,2024-05-30,P3-KPI5,User Adoption Rate,P3,71.9,80.0,>,%
59002,E2E Full Test Corporation 1769042316 - Cloud Ops,2024-06-29,P3-KPI5,User Adoption Rate,P3,73.82,80.0,>,%
59002,E2E Full Test Corporation 1769042316 - Cloud Ops,2024-07-29,P3-KPI5,User Adoption Rate,P3,71.68,80.0,>,%
59002,E2E Full Test Corporation 1769042316 - Cloud Ops,2024-08-28,P3-KPI5,User Adoption Rate,P3,73.54,80.0,>,%
59002,E2E Full Test Corporation 1769042316 - Cloud Ops,2024-09-27,P3-KPI5,User Adoption Rate,P3,67.73,80.0,>,%
59002,E2E Full Test Corporation 1769042316 - Cloud Ops,2024-10-27,P3-KPI5,User Adoption Rate,P3,66.2,80.0,>,%
59002,E2E Full Test Corporation 1769042316 - Cloud Ops,2024-11-26,P3-KPI5,User Adoption Rate,P3,68.22,80.0,>,%
59002,E2E Full Test Corporation 1769042316 - Cloud Ops,2024-01-01,P3-KPI6,Executive Engagement,P3,3.76,4.0,>,meetings/quarter
59002,E2E Full Test Corporation 1769042316 - Cloud Ops,2024-01-31,P3-KPI6,Executive Engagement,P3,3.78,4.0,>,meetings/quarter
59002,E2E Full Test Corporation 1769042316 - Cloud Ops,2024-03-01,P3-KPI6,Executive Engagement,P3,3.59,4.0,>,meetings/quarter
59002,E2E Full Test Corporation 1769042316 - Cloud Ops,2024-03-31,P3-KPI6,Executive Engagement,P3,3.41,4.0,>,meetings/quarter
59002,E2E Full Test Corporation 1769042316 - Cloud Ops,2024-04-30,P3-KPI6,Executive Engagement,P3,3.26,4.0,>,meetings/quarter
59002,E2E Full Test Corporation 1769042316 - Cloud Ops,2024-05-30,P3-KPI6,Executive Engagement,P3,3.27,4.0,>,meetings/quarter
59002,E2E Full Test Corporation 1769042316 - Cloud Ops,2024-06-29,P3-KPI6,Executive Engagement,P3,3.39,4.0,>,meetings/quarter
59002,E2E Full Test Corporation 1769042316 - Cloud Ops,2024-07-29,P3-KPI6,Executive Engagement,P3,3.32,4.0,>,meetings/quarter
59002,E2E Full Test Corporation 1769042316 - Cloud Ops,2024-08-28,P3-KPI6,Executive Engagement,P3,3.48,4.0,>,meetings/quarter
59002,E2E Full Test Corporation 1769042316 - Cloud Ops,2024-09-27,P3-KPI6,Executive Engagement,P3,3.2,4.0,>,meetings/quarter
59002,E2E Full Test Corporation 1769042316 - Cloud Ops,2024-10-27,P3-KPI6,Executive Engagement,P3,3.24,4.0,>,meetings/quarter
59002,E2E Full Test Corporation 1769042316 - Cloud Ops,2024-11-26,P3-KPI6,Executive Engagement,P3,3.2,4.0,>,meetings/quarter
59002,E2E Full Test Corporation 1769042316 - Cloud Ops,2024-01-01,P3-KPI7,Response Time SLA,P3,41.53,30.0,<,minutes
59002,E2E Full Test Corporation 1769042316 - Cloud Ops,2024-01-31,P3-KPI7,Response Time SLA,P3,44.98,30.0,<,minutes
59002,E2E Full Test Corporation 1769042316 - Cloud Ops,2024-03-01,P3-KPI7,Response Time SLA,P3,42.79,30.0,<,minutes
59002,E2E Full Test Corporation 1769042316 - Cloud Ops,2024-03-31,P3-KPI7,Response Time SLA,P3,56.09,30.0,<,minutes
59002,E2E Full Test Corporation 1769042316 - Cloud Ops,2024-04-30,P3-KPI7,Response Time SLA,P3,58.0,30.0,<,minutes
59002,E2E Full Test Corporation 1769042316 - Cloud Ops,2024-05-30,P3-KPI7,Response Time SLA,P3,56.77,30.0,<,minutes
59002,E2E Full Test Corporation 1769042316 - Cloud Ops,2024-06-29,P3-KPI7,Response Time SLA,P3,58.57,30.0,<,minutes
59002,E2E Full Test Corporation 1769042316 - Cloud Ops,2024-07-29,P3-KPI7,Response Time SLA,P3,58.43,30.0,<,minutes
59002,E2E Full Test Corporation 1769042316 - Cloud Ops,2024-08-28,P3-KPI7,Response Time SLA,P3,57.72,30.0,<,minutes
59002,E2E Full Test Corporation 1769042316 - Cloud Ops,2024-09-27,P3-KPI7,Response Time SLA,P3,67.77,30.0,<,minutes
59002,E2E Full Test Corporation 1769042316 - Cloud Ops,2024-10-27,P3-KPI7,Response Time SLA,P3,73.91,30.0,<,minutes
59002,E2E Full Test Corporation 1769042316 - Cloud Ops,2024-11-26,P3-KPI7,Response Time SLA,P3,67.47,30.0,<,minutes
59002,E2E Full Test Corporation 1769042316 - Cloud Ops,2024-01-01,P4-KPI1,ROI Achievement,P4,142.48,150.0,>,%
59002,E2E Full Test Corporation 1769042316 - Cloud Ops,2024-01-31,P4-KPI1,ROI Achievement,P4,142.28,150.0,>,%
59002,E2E Full Test Corporation 1769042316 - Cloud Ops,2024-03-01,P4-KPI1,ROI Achievement,P4,140.53,150.0,>,%
59002,E2E Full Test Corporation 1769042316 - Cloud Ops,2024-03-31,P4-KPI1,ROI Achievement,P4,137.33,150.0,>,%
59002,E2E Full Test Corporation 1769042316 - Cloud Ops,2024-04-30,P4-KPI1,ROI Achievement,P4,131.44,150.0,>,%
59002,E2E Full Test Corporation 1769042316 - Cloud Ops,2024-05-30,P4-KPI1,ROI Achievement,P4,137.43,150.0,>,%
59002,E2E Full Test Corporation 1769042316 - Cloud Ops,2024-06-29,P4-KPI1,ROI Achievement,P4,135.28,150.0,>,%
59002,E2E Full Test Corporation 1769042316 - Cloud Ops,2024-07-29,P4-KPI1,ROI Achievement,P4,135.14,150.0,>,%
59002,E2E Full Test Corporation 1769042316 - Cloud Ops,2024-08-28,P4-KPI1,ROI Achievement,P4,138.51,150.0,>,%
59002,E2E Full Test Corporation 1769042316 - Cloud Ops,2024-09-27,P4-KPI1,ROI Achievement,P4,123.85,150.0,>,%
59002,E2E Full Test Corporation 1769042316 - Cloud Ops,2024-10-27,P4-KPI1,ROI Achievement,P4,131.07,150.0,>,%
59002,E2E Full Test Corporation 1769042316 - Cloud Ops,2024-11-26,P4-KPI1,ROI Achievement,P4,128.16,150.0,>,%
59002,E2E Full Test Corporation 1769042316 - Cloud Ops,2024-01-01,P4-KPI2,Cost Reduction,P4,16.9,20.0,>,%
59002,E2E Full Test Corporation 1769042316 - Cloud Ops,2024-01-31,P4-KPI2,Cost Reduction,P4,17.72,20.0,>,%
59002,E2E Full Test Corporation 1769042316 - Cloud Ops,2024-03-01,P4-KPI2,Cost Reduction,P4,16.31,20.0,>,%
59002,E2E Full Test Corporation 1769042316 - Cloud Ops,2024-03-31,P4-KPI2,Cost Reduction,P4,14.55,20.0,>,%
59002,E2E Full Test Corporation 1769042316 - Cloud Ops,2024-04-30,P4-KPI2,Cost Reduction,P4,14.0,20.0,>,%
59002,E2E Full Test Corporation 1769042316 - Cloud Ops,2024-05-30,P4-KPI2,Cost Reduction,P4,13.55,20.0,>,%
59002,E2E Full Test Corporation 1769042316 - Cloud Ops,2024-06-29,P4-KPI2,Cost Reduction,P4,14.06,20.0,>,%
59002,E2E Full Test Corporation 1769042316 - Cloud Ops,2024-07-29,P4-KPI2,Cost Reduction,P4,13.83,20.0,>,%
59002,E2E Full Test Corporation 1769042316 - Cloud Ops,2024-08-28,P4-KPI2,Cost Reduction,P4,13.91,20.0,>,%
59002,E2E Full Test Corporation 1769042316 - Cloud Ops,2024-09-27,P4-KPI2,Cost Reduction,P4,10.47,20.0,>,%
59002,E2E Full Test Corporation 1769042316 - Cloud Ops,2024-10-27,P4-KPI2,Cost Reduction,P4,10.7,20.0,>,%
59002,E2E Full Test Corporation 1769042316 - Cloud Ops,2024-11-26,P4-KPI2,Cost Reduction,P4,11.34,20.0,>,%
59002,E2E Full Test Corporation 1769042316 - Cloud Ops,2024-01-01,P4-KPI3,Time to Value,P4,104.89,90.0,<,days
59002,E2E Full Test Corporation 1769042316 - Cloud Ops,2024-01-31,P4-KPI3,Time to Value,P4,102.67,90.0,<,days
59002,E2E Full Test Corporation 1769042316 - Cloud Ops,2024-03-01,P4-KPI3,Time to Value,P4,103.89,90.0,<,days
59002,E2E Full Test Corporation 1769042316 - Cloud Ops,2024-03-31,P4-KPI3,Time to Value,P4,113.3,90.0,<,days
59002,E2E Full Test Corporation 1769042316 - Cloud Ops,2024-04-30,P4-KPI3,Time to Value,P4,117.5,90.0,<,days
59002,E2E Full Test Corporation 1769042316 - Cloud Ops,2024-05-30,P4-KPI3,Time to Value,P4,121.41,90.0,<,days
59002,E2E Full Test Corporation 1769042316 - Cloud Ops,2024-06-29,P4-KPI3,Time to Value,P4,115.04,90.0,<,days
59002,E2E Full Test Corporation 1769042316 - Cloud Ops,2024-07-29,P4-KPI3,Time to Value,P4,112.41,90.0,<,days
59002,E2E Full Test Corporation 1769042316 - Cloud Ops,2024-08-28,P4-KPI3,Time to Value,P4,122.85,90.0,<,days
59002,E2E Full Test Corporation 1769042316 - Cloud Ops,2024-09-27,P4-KPI3,Time to Value,P4,127.59,90.0,<,days
59002,E2E Full Test Corporation 1769042316 - Cloud Ops,2024-10-27,P4-KPI3,Time to Value,P4,130.04,90.0,<,days
59002,E2E Full Test Corporation 1769042316 - Cloud Ops,2024-11-26,P4-KPI3,Time to Value,P4,135.09,90.0,<,days
59002,E2E Full Test Corporation 1769042316 - Cloud Ops,2024-01-01,P4-KPI4,Revenue Enablement,P4,4.5,5.0,>,$M
59002,E2E Full Test Corporation 1769042316 - Cloud Ops,2024-01-31,P4-KPI4,Revenue Enablement,P4,4.19,5.0,>,$M
59002,E2E Full Test Corporation 1769042316 - Cloud Ops,2024-03-01,P4-KPI4,Revenue Enablement,P4,4.36,5.0,>,$M
59002,E2E Full Test Corporation 1769042316 - Cloud Ops,2024-03-31,P4-KPI4,Revenue Enablement,P4,3.94,5.0,>,$M
59002,E2E Full Test Corporation 1769042316 - Cloud Ops,2024-04-30,P4-KPI4,Revenue Enablement,P4,3.74,5.0,>,$M
59002,E2E Full Test Corporation 1769042316 - Cloud Ops,2024-05-30,P4-KPI4,Revenue Enablement,P4,3.94,5.0,>,$M
59002,E2E Full Test Corporation 1769042316 - Cloud Ops,2024-06-29,P4-KPI4,Revenue Enablement,P4,3.77,5.0,>,$M
59002,E2E Full Test Corporation 1769042316 - Cloud Ops,2024-07-29,P4-KPI4,Revenue Enablement,P4,3.84,5.0,>,$M
59002,E2E Full Test Corporation 1769042316 - Cloud Ops,2024-08-28,P4-KPI4,Revenue Enablement,P4,3.69,5.0,>,$M
59002,E2E Full Test Corporation 1769042316 - Cloud Ops,2024-09-27,P4-KPI4,Revenue Enablement,P4,3.22,5.0,>,$M
59002,E2E Full Test Corporation 1769042316 - Cloud Ops,2024-10-27,P4-KPI4,Revenue Enablement,P4,3.25,5.0,>,$M
59002,E2E Full Test Corporation 1769042316 - Cloud Ops,2024-11-26,P4-KPI4,Revenue Enablement,P4,3.2,5.0,>,$M
59002,E2E Full Test Corporation 1769042316 - Cloud Ops,2024-01-01,P4-KPI5,Operational Efficiency,P4,84.31,85.0,>,%
59002,E2E Full Test Corporation 1769042316 - Cloud Ops,2024-01-31,P4-KPI5,Operational Efficiency,P4,85.17,85.0,>,%
59002,E2E Full Test Corporation 1769042316 - Cloud Ops,2024-03-01,P4-KPI5,Operational Efficiency,P4,84.05,85.0,>,%
59002,E2E Full Test Corporation 1769042316 - Cloud Ops,2024-03-31,P4-KPI5,Operational Efficiency,P4,74.29,85.0,>,%
59002,E2E Full Test Corporation 1769042316 - Cloud Ops,2024-04-30,P4-KPI5,Operational Efficiency,P4,77.78,85.0,>,%
59002,E2E Full Test Corporation 1769042316 - Cloud Ops,2024-05-30,P4-KPI5,Operational Efficiency,P4,80.79,85.0,>,%
59002,E2E Full Test Corporation 1769042316 - Cloud Ops,2024-06-29,P4-KPI5,Operational Efficiency,P4,80.32,85.0,>,%
59002,E2E Full Test Corporation 1769042316 - Cloud Ops,2024-07-29,P4-KPI5,Operational Efficiency,P4,79.71,85.0,>,%
59002,E2E Full Test Corporation 1769042316 - Cloud Ops,2024-08-28,P4-KPI5,Operational Efficiency,P4,74.79,85.0,>,%
59002,E2E Full Test Corporation 1769042316 - Cloud Ops,2024-09-27,P4-KPI5,Operational Efficiency,P4,76.45,85.0,>,%
59002,E2E Full Test Corporation 1769042316 - Cloud Ops,2024-10-27,P4-KPI5,Operational Efficiency,P4,72.22,85.0,>,%
59002,E2E Full Test Corporation 1769042316 - Cloud Ops,2024-11-26,P4-KPI5,Operational Efficiency,P4,71.19,85.0,>,%
59002,E2E Full Test Corporation 1769042316 - Cloud Ops,2024-01-01,P4-KPI6,Innovation Projects,P4,2.59,3.0,>,count
59002,E2E Full Test Corporation 1769042316 - Cloud Ops,2024-01-31,P4-KPI6,Innovation Projects,P4,2.66,3.0,>,count
59002,E2E Full Test Corporation 1769042316 - Cloud Ops,2024-03-01,P4-KPI6,Innovation Projects,P4,2.81,3.0,>,count
59002,E2E Full Test Corporation 1769042316 - Cloud Ops,2024-03-31,P4-KPI6,Innovation Projects,P4,2.33,3.0,>,count
59002,E2E Full Test Corporation 1769042316 - Cloud Ops,2024-04-30,P4-KPI6,Innovation Projects,P4,2.52,3.0,>,count
59002,E2E Full Test Corporation 1769042316 - Cloud Ops,2024-05-30,P4-KPI6,Innovation Projects,P4,2.35,3.0,>,count
59002,E2E Full Test Corporation 1769042316 - Cloud Ops,2024-06-29,P4-KPI6,Innovation Projects,P4,2.52,3.0,>,count
59002,E2E Full Test Corporation 1769042316 - Cloud Ops,2024-07-29,P4-KPI6,Innovation Projects,P4,2.42,3.0,>,count
59002,E2E Full Test Corporation 1769042316 - Cloud Ops,2024-08-28,P4-KPI6,Innovation Projects,P4,2.42,3.0,>,count
59002,E2E Full Test Corporation 1769042316 - Cloud Ops,2024-09-27,P4-KPI6,Innovation Projects,P4,2.12,3.0,>,count
59002,E2E Full Test Corporation 1769042316 - Cloud Ops,2024-10-27,P4-KPI6,Innovation Projects,P4,2.16,3.0,>,count
59002,E2E Full Test Corporation 1769042316 - Cloud Ops,2024-11-26,P4-KPI6,Innovation Projects,P4,2.03,3.0,>,count
59002,E2E Full Test Corporation 1769042316 - Cloud Ops,2024-01-01,P4-KPI7,Business Case Validation,P4,85.42,90.0,>,%
59002,E2E Full Test Corporation 1769042316 - Cloud Ops,2024-01-31,P4-KPI7,Business Case Validation,P4,82.85,90.0,>,%
59002,E2E Full Test Corporation 1769042316 - Cloud Ops,2024-03-01,P4-KPI7,Business Case Validation,P4,89.51,90.0,>,%
59002,E2E Full Test Corporation 1769042316 - Cloud Ops,2024-03-31,P4-KPI7,Business Case Validation,P4,87.82,90.0,>,%
59002,E2E Full Test Corporation 1769042316 - Cloud Ops,2024-04-30,P4-KPI7,Business Case Validation,P4,81.1,90.0,>,%
59002,E2E Full Test Corporation 1769042316 - Cloud Ops,2024-05-30,P4-KPI7,Business Case Validation,P4,79.9,90.0,>,%
59002,E2E Full Test Corporation 1769042316 - Cloud Ops,2024-06-29,P4-KPI7,Business Case Validation,P4,87.22,90.0,>,%
59002,E2E Full Test Corporation 1769042316 - Cloud Ops,2024-07-29,P4-KPI7,Business Case Validation,P4,87.86,90.0,>,%
59002,E2E Full Test Corporation 1769042316 - Cloud Ops,2024-08-28,P4-KPI7,Business Case Validation,P4,86.34,90.0,>,%
59002,E2E Full Test Corporation 1769042316 - Cloud Ops,2024-09-27,P4-KPI7,Business Case Validation,P4,78.58,90.0,>,%
59002,E2E Full Test Corporation 1769042316 - Cloud Ops,2024-10-27,P4-KPI7,Business Case Validation,P4,84.3,90.0,>,%
59002,E2E Full Test Corporation 1769042316 - Cloud Ops,2024-11-26,P4-KPI7,Business Case Validation,P4,84.25,90.0,>,%
59002,E2E Full Test Corporation 1769042316 - Cloud Ops,2024-01-01,P5-KPI1,Executive Sponsorship,P5,4.43,4.5,>,score
59002,E2E Full Test Corporation 1769042316 - Cloud Ops,2024-01-31,P5-KPI1,Executive Sponsorship,P5,4.3,4.5,>,score
59002,E2E Full Test Corporation 1769042316 - Cloud Ops,2024-03-01,P5-KPI1,Executive Sponsorship,P5,4.28,4.5,>,score
59002,E2E Full Test Corporation 1769042316 - Cloud Ops,2024-03-31,P5-KPI1,Executive Sponsorship,P5,3.87,4.5,>,score
59002,E2E Full Test Corporation 1769042316 - Cloud Ops,2024-04-30,P5-KPI1,Executive Sponsorship,P5,4.22,4.5,>,score
59002,E2E Full Test Corporation 1769042316 - Cloud Ops,2024-05-30,P5-KPI1,Executive Sponsorship,P5,4.16,4.5,>,score
59002,E2E Full Test Corporation 1769042316 - Cloud Ops,2024-06-29,P5-KPI1,Executive Sponsorship,P5,4.06,4.5,>,score
59002,E2E Full Test Corporation 1769042316 - Cloud Ops,2024-07-29,P5-KPI1,Executive Sponsorship,P5,4.22,4.5,>,score
59002,E2E Full Test Corporation 1769042316 - Cloud Ops,2024-08-28,P5-KPI1,Executive Sponsorship,P5,4.11,4.5,>,score
59002,E2E Full Test Corporation 1769042316 - Cloud Ops,2024-09-27,P5-KPI1,Executive Sponsorship,P5,3.87,4.5,>,score
59002,E2E Full Test Corporation 1769042316 - Cloud Ops,2024-10-27,P5-KPI1,Executive Sponsorship,P5,4.0,4.5,>,score
59002,E2E Full Test Corporation 1769042316 - Cloud Ops,2024-11-26,P5-KPI1,Executive Sponsorship,P5,3.84,4.5,>,score
59002,E2E Full Test Corporation 1769042316 - Cloud Ops,2024-01-01,P5-KPI2,Renewal Likelihood,P5,93.85,95.0,>,%
59002,E2E Full Test Corporation 1769042316 - Cloud Ops,2024-01-31,P5-KPI2,Renewal Likelihood,P5,88.04,95.0,>,%
59002,E2E Full Test Corporation 1769042316 - Cloud Ops,2024-03-01,P5-KPI2,Renewal Likelihood,P5,88.32,95.0,>,%
59002,E2E Full Test Corporation 1769042316 - Cloud Ops,2024-03-31,P5-KPI2,Renewal Likelihood,P5,85.54,95.0,>,%
59002,E2E Full Test Corporation 1769042316 - Cloud Ops,2024-04-30,P5-KPI2,Renewal Likelihood,P5,90.31,95.0,>,%
59002,E2E Full Test Corporation 1769042316 - Cloud Ops,2024-05-30,P5-KPI2,Renewal Likelihood,P5,90.07,95.0,>,%
59002,E2E Full Test Corporation 1769042316 - Cloud Ops,2024-06-29,P5-KPI2,Renewal Likelihood,P5,86.78,95.0,>,%
59002,E2E Full Test Corporation 1769042316 - Cloud Ops,2024-07-29,P5-KPI2,Renewal Likelihood,P5,83.39,95.0,>,%
59002,E2E Full Test Corporation 1769042316 - Cloud Ops,2024-08-28,P5-KPI2,Renewal Likelihood,P5,88.11,95.0,>,%
59002,E2E Full Test Corporation 1769042316 - Cloud Ops,2024-09-27,P5-KPI2,Renewal Likelihood,P5,87.29,95.0,>,%
59002,E2E Full Test Corporation 1769042316 - Cloud Ops,2024-10-27,P5-KPI2,Renewal Likelihood,P5,80.91,95.0,>,%
59002,E2E Full Test Corporation 1769042316 - Cloud Ops,2024-11-26,P5-KPI2,Renewal Likelihood,P5,87.86,95.0,>,%
59002,E2E Full Test Corporation 1769042316 - Cloud Ops,2024-01-01,P5-KPI3,Expansion Pipeline,P5,1.82,2.0,>,$M
59002,E2E Full Test Corporation 1769042316 - Cloud Ops,2024-01-31,P5-KPI3,Expansion Pipeline,P5,1.74,2.0,>,$M
59002,E2E Full Test Corporation 1769042316 - Cloud Ops,2024-03-01,P5-KPI3,Expansion Pipeline,P5,1.79,2.0,>,$M
59002,E2E Full Test Corporation 1769042316 - Cloud Ops,2024-03-31,P5-KPI3,Expansion Pipeline,P5,1.58,2.0,>,$M
59002,E2E Full Test Corporation 1769042316 - Cloud Ops,2024-04-30,P5-KPI3,Expansion Pipeline,P5,1.48,2.0,>,$M
59002,E2E Full Test Corporation 1769042316 - Cloud Ops,2024-05-30,P5-KPI3,Expansion Pipeline,P5,1.53,2.0,>,$M
59002,E2E Full Test Corporation 1769042316 - Cloud Ops,2024-06-29,P5-KPI3,Expansion Pipeline,P5,1.51,2.0,>,$M
59002,E2E Full Test Corporation 1769042316 - Cloud Ops,2024-07-29,P5-KPI3,Expansion Pipeline,P5,1.57,2.0,>,$M
59002,E2E Full Test Corporation 1769042316 - Cloud Ops,2024-08-28,P5-KPI3,Expansion Pipeline,P5,1.55,2.0,>,$M
59002,E2E Full Test Corporation 1769042316 - Cloud Ops,2024-09-27,P5-KPI3,Expansion Pipeline,P5,1.38,2.0,>,$M
59002,E2E Full Test Corporation 1769042316 - Cloud Ops,2024-10-27,P5-KPI3,Expansion Pipeline,P5,1.28,2.0,>,$M
59002,E2E Full Test Corporation 1769042316 - Cloud Ops,2024-11-26,P5-KPI3,Expansion Pipeline,P5,1.36,2.0,>,$M
59002,E2E Full Test Corporation 1769042316 - Cloud Ops,2024-01-01,P5-KPI4,Reference Willingness,P5,3.6,4.0,>,score
59002,E2E Full Test Corporation 1769042316 - Cloud Ops,2024-01-31,P5-KPI4,Reference Willingness,P5,3.8,4.0,>,score
59002,E2E Full Test Corporation 1769042316 - Cloud Ops,2024-03-01,P5-KPI4,Reference Willingness,P5,3.58,4.0,>,score
59002,E2E Full Test Corporation 1769042316 - Cloud Ops,2024-03-31,P5-KPI4,Reference Willingness,P5,3.53,4.0,>,score
59002,E2E Full Test Corporation 1769042316 - Cloud Ops,2024-04-30,P5-KPI4,Reference Willingness,P5,3.52,4.0,>,score
59002,E2E Full Test Corporation 1769042316 - Cloud Ops,2024-05-30,P5-KPI4,Reference Willingness,P5,3.5,4.0,>,score
59002,E2E Full Test Corporation 1769042316 - Cloud Ops,2024-06-29,P5-KPI4,Reference Willingness,P5,3.49,4.0,>,score
59002,E2E Full Test Corporation 1769042316 - Cloud Ops,2024-07-29,P5-KPI4,Reference Willingness,P5,3.29,4.0,>,score
59002,E2E Full Test Corporation 1769042316 - Cloud Ops,2024-08-28,P5-KPI4,Reference Willingness,P5,3.4,4.0,>,score
59002,E2E Full Test Corporation 1769042316 - Cloud Ops,2024-09-27,P5-KPI4,Reference Willingness,P5,3.03,4.0,>,score
59002,E2E Full Test Corporation 1769042316 - Cloud Ops,2024-10-27,P5-KPI4,Reference Willingness,P5,3.02,4.0,>,score
59002,E2E Full Test Corporation 1769042316 - Cloud Ops,2024-11-26,P5-KPI4,Reference Willingness,P5,3.16,4.0,>,score
59002,E2E Full Test Corporation 1769042316 - Cloud Ops,2024-01-01,P5-KPI5,Strategic Alignment,P5,77.99,85.0,>,score
59002,E2E Full Test Corporation 1769042316 - Cloud Ops,2024-01-31,P5-KPI5,Strategic Alignment,P5,77.69,85.0,>,score
59002,E2E Full Test Corporation 1769042316 - Cloud Ops,2024-03-01,P5-KPI5,Strategic Alignment,P5,82.15,85.0,>,score
59002,E2E Full Test Corporation 1769042316 - Cloud Ops,2024-03-31,P5-KPI5,Strategic Alignment,P5,74.0,85.0,>,score
59002,E2E Full Test Corporation 1769042316 - Cloud Ops,2024-04-30,P5-KPI5,Strategic Alignment,P5,80.69,85.0,>,score
59002,E2E Full Test Corporation 1769042316 - Cloud Ops,2024-05-30,P5-KPI5,Strategic Alignment,P5,79.35,85.0,>,score
59002,E2E Full Test Corporation 1769042316 - Cloud Ops,2024-06-29,P5-KPI5,Strategic Alignment,P5,77.62,85.0,>,score
59002,E2E Full Test Corporation 1769042316 - Cloud Ops,2024-07-29,P5-KPI5,Strategic Alignment,P5,75.85,85.0,>,score
59002,E2E Full Test Corporation 1769042316 - Cloud Ops,2024-08-28,P5-KPI5,Strategic Alignment,P5,78.85,85.0,>,score
59002,E2E Full Test Corporation 1769042316 - Cloud Ops,2024-09-27,P5-KPI5,Strategic Alignment,P5,71.41,85.0,>,score
59002,E2E Full Test Corporation 1769042316 - Cloud Ops,2024-10-27,P5-KPI5,Strategic Alignment,P5,70.47,85.0,>,score
59002,E2E Full Test Corporation 1769042316 - Cloud Ops,2024-11-26,P5-KPI5,Strategic Alignment,P5,71.41,85.0,>,score
59002,E2E Full Test Corporation 1769042316 - Cloud Ops,2024-01-01,P5-KPI6,Partnership Depth,P5,72.22,80.0,>,score
59002,E2E Full Test Corporation 1769042316 - Cloud Ops,2024-01-31,P5-KPI6,Partnership Depth,P5,73.42,80.0,>,score
59002,E2E Full Test Corporation 1769042316 - Cloud Ops,2024-03-01,P5-KPI6,Partnership Depth,P5,72.37,80.0,>,score
59002,E2E Full Test Corporation 1769042316 - Cloud Ops,2024-03-31,P5-KPI6,Partnership Depth,P5,68.71,80.0,>,score
59002,E2E Full Test Corporation 1769042316 - Cloud Ops,2024-04-30,P5-KPI6,Partnership Depth,P5,74.52,80.0,>,score
59002,E2E Full Test Corporation 1769042316 - Cloud Ops,2024-05-30,P5-KPI6,Partnership Depth,P5,68.4,80.0,>,score
59002,E2E Full Test Corporation 1769042316 - Cloud Ops,2024-06-29,P5-KPI6,Partnership Depth,P5,68.92,80.0,>,score
59002,E2E Full Test Corporation 1769042316 - Cloud Ops,2024-07-29,P5-KPI6,Partnership Depth,P5,72.36,80.0,>,score
59002,E2E Full Test Corporation 1769042316 - Cloud Ops,2024-08-28,P5-KPI6,Partnership Depth,P5,71.91,80.0,>,score
59002,E2E Full Test Corporation 1769042316 - Cloud Ops,2024-09-27,P5-KPI6,Partnership Depth,P5,67.13,80.0,>,score
59002,E2E Full Test Corporation 1769042316 - Cloud Ops,2024-10-27,P5-KPI6,Partnership Depth,P5,63.36,80.0,>,score
59002,E2E Full Test Corporation 1769042316 - Cloud Ops,2024-11-26,P5-KPI6,Partnership Depth,P5,64.81,80.0,>,score
59002,E2E Full Test Corporation 1769042316 - Cloud Ops,2024-01-01,P5-KPI7,NPS Score,P5,66.7,70.0,>,score
59002,E2E Full Test Corporation 1769042316 - Cloud Ops,2024-01-31,P5-KPI7,NPS Score,P5,62.92,70.0,>,score
59002,E2E Full Test Corporation 1769042316 - Cloud Ops,2024-03-01,P5-KPI7,NPS Score,P5,66.52,70.0,>,score
59002,E2E Full Test Corporation 1769042316 - Cloud Ops,2024-03-31,P5-KPI7,NPS Score,P5,58.41,70.0,>,score
59002,E2E Full Test Corporation 1769042316 - Cloud Ops,2024-04-30,P5-KPI7,NPS Score,P5,58.28,70.0,>,score
59002,E2E Full Test Corporation 1769042316 - Cloud Ops,2024-05-30,P5-KPI7,NPS Score,P5,59.27,70.0,>,score
59002,E2E Full Test Corporation 1769042316 - Cloud Ops,2024-06-29,P5-KPI7,NPS Score,P5,58.4,70.0,>,score
59002,E2E Full Test Corporation 1769042316 - Cloud Ops,2024-07-29,P5-KPI7,NPS Score,P5,63.18,70.0,>,score
59002,E2E Full Test Corporation 1769042316 - Cloud Ops,2024-08-28,P5-KPI7,NPS Score,P5,61.85,70.0,>,score
59002,E2E Full Test Corporation 1769042316 - Cloud Ops,2024-09-27,P5-KPI7,NPS Score,P5,58.3,70.0,>,score
59002,E2E Full Test Corporation 1769042316 - Cloud Ops,2024-10-27,P5-KPI7,NPS Score,P5,54.1,70.0,>,score
59002,E2E Full Test Corporation 1769042316 - Cloud Ops,2024-11-26,P5-KPI7,NPS Score,P5,55.2,70.0,>,score
59003,E2E Full Test Corporation 1769042316 - AI Lab,2024-01-01,P1-KPI1,System Uptime,P1,100.0,99.9,>,%
59003,E2E Full Test Corporation 1769042316 - AI Lab,2024-01-31,P1-KPI1,System Uptime,P1,100.0,99.9,>,%
59003,E2E Full Test Corporation 1769042316 - AI Lab,2024-03-01,P1-KPI1,System Uptime,P1,100.0,99.9,>,%
59003,E2E Full Test Corporation 1769042316 - AI Lab,2024-03-31,P1-KPI1,System Uptime,P1,100.0,99.9,>,%
59003,E2E Full Test Corporation 1769042316 - AI Lab,2024-04-30,P1-KPI1,System Uptime,P1,98.0,99.9,>,%
59003,E2E Full Test Corporation 1769042316 - AI Lab,2024-05-30,P1-KPI1,System Uptime,P1,100.0,99.9,>,%
59003,E2E Full Test Corporation 1769042316 - AI Lab,2024-06-29,P1-KPI1,System Uptime,P1,98.0,99.9,>,%
59003,E2E Full Test Corporation 1769042316 - AI Lab,2024-07-29,P1-KPI1,System Uptime,P1,100.0,99.9,>,%
59003,E2E Full Test Corporation 1769042316 - AI Lab,2024-08-28,P1-KPI1,System Uptime,P1,98.0,99.9,>,%
59003,E2E Full Test Corporation 1769042316 - AI Lab,2024-09-27,P1-KPI1,System Uptime,P1,100.0,99.9,>,%
59003,E2E Full Test Corporation 1769042316 - AI Lab,2024-10-27,P1-KPI1,System Uptime,P1,98.86,99.9,>,%
59003,E2E Full Test Corporation 1769042316 - AI Lab,2024-11-26,P1-KPI1,System Uptime,P1,100.0,99.9,>,%
59003,E2E Full Test Corporation 1769042316 - AI Lab,2024-01-01,P1-KPI2,Mean Time to Resolution,P1,3.0,2.0,<,hours
59003,E2E Full Test Corporation 1769042316 - AI Lab,2024-01-31,P1-KPI2,Mean Time to Resolution,P1,2.97,2.0,<,hours
59003,E2E Full Test Corporation 1769042316 - AI Lab,2024-03-01,P1-KPI2,Mean Time to Resolution,P1,2.96,2.0,<,hours
59003,E2E Full Test Corporation 1769042316 - AI Lab,2024-03-31,P1-KPI2,Mean Time to Resolution,P1,2.85,2.0,<,hours
59003,E2E Full Test Corporation 1769042316 - AI Lab,2024-04-30,P1-KPI2,Mean Time to Resolution,P1,2.78,2.0,<,hours
59003,E2E Full Test Corporation 1769042316 - AI Lab,2024-05-30,P1-KPI2,Mean Time to Resolution,P1,2.83,2.0,<,hours
59003,E2E Full Test Corporation 1769042316 - AI Lab,2024-06-29,P1-KPI2,Mean Time to Resolution,P1,2.82,2.0,<,hours
59003,E2E Full Test Corporation 1769042316 - AI Lab,2024-07-29,P1-KPI2,Mean Time to Resolution,P1,2.86,2.0,<,hours
59003,E2E Full Test Corporation 1769042316 - AI Lab,2024-08-28,P1-KPI2,Mean Time to Resolution,P1,2.82,2.0,<,hours
59003,E2E Full Test Corporation 1769042316 - AI Lab,2024-09-27,P1-KPI2,Mean Time to Resolution,P1,2.85,2.0,<,hours
59003,E2E Full Test Corporation 1769042316 - AI Lab,2024-10-27,P1-KPI2,Mean Time to Resolution,P1,2.96,2.0,<,hours
59003,E2E Full Test Corporation 1769042316 - AI Lab,2024-11-26,P1-KPI2,Mean Time to Resolution,P1,2.96,2.0,<,hours
59003,E2E Full Test Corporation 1769042316 - AI Lab,2024-01-01,P1-KPI3,GPU Utilization,P1,81.64,85.0,>,%
59003,E2E Full Test Corporation 1769042316 - AI Lab,2024-01-31,P1-KPI3,GPU Utilization,P1,84.82,85.0,>,%
59003,E2E Full Test Corporation 1769042316 - AI Lab,2024-03-01,P1-KPI3,GPU Utilization,P1,82.97,85.0,>,%
59003,E2E Full Test Corporation 1769042316 - AI Lab,2024-03-31,P1-KPI3,GPU Utilization,P1,78.18,85.0,>,%
59003,E2E Full Test Corporation 1769042316 - AI Lab,2024-04-30,P1-KPI3,GPU Utilization,P1,85.12,85.0,>,%
59003,E2E Full Test Corporation 1769042316 - AI Lab,2024-05-30,P1-KPI3,GPU Utilization,P1,84.48,85.0,>,%
59003,E2E Full Test Corporation 1769042316 - AI Lab,2024-06-29,P1-KPI3,GPU Utilization,P1,78.8,85.0,>,%
59003,E2E Full Test Corporation 1769042316 - AI Lab,2024-07-29,P1-KPI3,GPU Utilization,P1,80.5,85.0,>,%
59003,E2E Full Test Corporation 1769042316 - AI Lab,2024-08-28,P1-KPI3,GPU Utilization,P1,85.24,85.0,>,%
59003,E2E Full Test Corporation 1769042316 - AI Lab,2024-09-27,P1-KPI3,GPU Utilization,P1,82.26,85.0,>,%
59003,E2E Full Test Corporation 1769042316 - AI Lab,2024-10-27,P1-KPI3,GPU Utilization,P1,81.5,85.0,>,%
59003,E2E Full Test Corporation 1769042316 - AI Lab,2024-11-26,P1-KPI3,GPU Utilization,P1,82.46,85.0,>,%
59003,E2E Full Test Corporation 1769042316 - AI Lab,2024-01-01,P1-KPI4,Network Latency,P1,16.29,10.0,<,ms
59003,E2E Full Test Corporation 1769042316 - AI Lab,2024-01-31,P1-KPI4,Network Latency,P1,16.1,10.0,<,ms
59003,E2E Full Test Corporation 1769042316 - AI Lab,2024-03-01,P1-KPI4,Network Latency,P1,16.73,10.0,<,ms
59003,E2E Full Test Corporation 1769042316 - AI Lab,2024-03-31,P1-KPI4,Network Latency,P1,15.58,10.0,<,ms
59003,E2E Full Test Corporation 1769042316 - AI Lab,2024-04-30,P1-KPI4,Network Latency,P1,16.24,10.0,<,ms
59003,E2E Full Test Corporation 1769042316 - AI Lab,2024-05-30,P1-KPI4,Network Latency,P1,15.93,10.0,<,ms
59003,E2E Full Test Corporation 1769042316 - AI Lab,2024-06-29,P1-KPI4,Network Latency,P1,15.73,10.0,<,ms
59003,E2E Full Test Corporation 1769042316 - AI Lab,2024-07-29,P1-KPI4,Network Latency,P1,16.13,10.0,<,ms
59003,E2E Full Test Corporation 1769042316 - AI Lab,2024-08-28,P1-KPI4,Network Latency,P1,15.86,10.0,<,ms
59003,E2E Full Test Corporation 1769042316 - AI Lab,2024-09-27,P1-KPI4,Network Latency,P1,15.89,10.0,<,ms
59003,E2E Full Test Corporation 1769042316 - AI Lab,2024-10-27,P1-KPI4,Network Latency,P1,15.33,10.0,<,ms
59003,E2E Full Test Corporation 1769042316 - AI Lab,2024-11-26,P1-KPI4,Network Latency,P1,15.56,10.0,<,ms
59003,E2E Full Test Corporation 1769042316 - AI Lab,2024-01-01,P1-KPI5,Storage Performance,P1,95658.88,100000.0,>,IOPS
59003,E2E Full Test Corporation 1769042316 - AI Lab,2024-01-31,P1-KPI5,Storage Performance,P1,94559.36,100000.0,>,IOPS
59003,E2E Full Test Corporation 1769042316 - AI Lab,2024-03-01,P1-KPI5,Storage Performance,P1,93595.63,100000.0,>,IOPS
59003,E2E Full Test Corporation 1769042316 - AI Lab,2024-03-31,P1-KPI5,Storage Performance,P1,93086.25,100000.0,>,IOPS
59003,E2E Full Test Corporation 1769042316 - AI Lab,2024-04-30,P1-KPI5,Storage Performance,P1,91657.38,100000.0,>,IOPS
59003,E2E Full Test Corporation 1769042316 - AI Lab,2024-05-30,P1-KPI5,Storage Performance,P1,87941.44,100000.0,>,IOPS
59003,E2E Full Test Corporation 1769042316 - AI Lab,2024-06-29,P1-KPI5,Storage Performance,P1,90848.24,100000.0,>,IOPS
59003,E2E Full Test Corporation 1769042316 - AI Lab,2024-07-29,P1-KPI5,Storage Performance,P1,90089.19,100000.0,>,IOPS
59003,E2E Full Test Corporation 1769042316 - AI Lab,2024-08-28,P1-KPI5,Storage Performance,P1,95729.99,100000.0,>,IOPS
59003,E2E Full Test Corporation 1769042316 - AI Lab,2024-09-27,P1-KPI5,Storage Performance,P1,89412.98,100000.0,>,IOPS
59003,E2E Full Test Corporation 1769042316 - AI Lab,2024-10-27,P1-KPI5,Storage Performance,P1,92260.64,100000.0,>,IOPS
59003,E2E Full Test Corporation 1769042316 - AI Lab,2024-11-26,P1-KPI5,Storage Performance,P1,91515.47,100000.0,>,IOPS
59003,E2E Full Test Corporation 1769042316 - AI Lab,2024-01-01,P1-KPI6,Cooling Efficiency,P1,1.4,1.3,<,PUE
59003,E2E Full Test Corporation 1769042316 - AI Lab,2024-01-31,P1-KPI6,Cooling Efficiency,P1,1.42,1.3,<,PUE
59003,E2E Full Test Corporation 1769042316 - AI Lab,2024-03-01,P1-KPI6,Cooling Efficiency,P1,1.32,1.3,<,PUE
59003,E2E Full Test Corporation 1769042316 - AI Lab,2024-03-31,P1-KPI6,Cooling Efficiency,P1,1.4,1.3,<,PUE
59003,E2E Full Test Corporation 1769042316 - AI Lab,2024-04-30,P1-KPI6,Cooling Efficiency,P1,1.32,1.3,<,PUE
59003,E2E Full Test Corporation 1769042316 - AI Lab,2024-05-30,P1-KPI6,Cooling Efficiency,P1,1.31,1.3,<,PUE
59003,E2E Full Test Corporation 1769042316 - AI Lab,2024-06-29,P1-KPI6,Cooling Efficiency,P1,1.43,1.3,<,PUE
59003,E2E Full Test Corporation 1769042316 - AI Lab,2024-07-29,P1-KPI6,Cooling Efficiency,P1,1.34,1.3,<,PUE
59003,E2E Full Test Corporation 1769042316 - AI Lab,2024-08-28,P1-KPI6,Cooling Efficiency,P1,1.33,1.3,<,PUE
59003,E2E Full Test Corporation 1769042316 - AI Lab,2024-09-27,P1-KPI6,Cooling Efficiency,P1,1.34,1.3,<,PUE
59003,E2E Full Test Corporation 1769042316 - AI Lab,2024-10-27,P1-KPI6,Cooling Efficiency,P1,1.4,1.3,<,PUE
59003,E2E Full Test Corporation 1769042316 - AI Lab,2024-11-26,P1-KPI6,Cooling Efficiency,P1,1.33,1.3,<,PUE
59003,E2E Full Test Corporation 1769042316 - AI Lab,2024-01-01,P1-KPI7,Power Usage,P1,543.87,500.0,<,kW
59003,E2E Full Test Corporation 1769042316 - AI Lab,2024-01-31,P1-KPI7,Power Usage,P1,558.18,500.0,<,kW
59003,E2E Full Test Corporation 1769042316 - AI Lab,2024-03-01,P1-KPI7,Power Usage,P1,550.1,500.0,<,kW
59003,E2E Full Test Corporation 1769042316 - AI Lab,2024-03-31,P1-KPI7,Power Usage,P1,569.82,500.0,<,kW
59003,E2E Full Test Corporation 1769042316 - AI Lab,2024-04-30,P1-KPI7,Power Usage,P1,539.46,500.0,<,kW
59003,E2E Full Test Corporation 1769042316 - AI Lab,2024-05-30,P1-KPI7,Power Usage,P1,544.14,500.0,<,kW
59003,E2E Full Test Corporation 1769042316 - AI Lab,2024-06-29,P1-KPI7,Power Usage,P1,531.21,500.0,<,kW
59003,E2E Full Test Corporation 1769042316 - AI Lab,2024-07-29,P1-KPI7,Power Usage,P1,554.01,500.0,<,kW
59003,E2E Full Test Corporation 1769042316 - AI Lab,2024-08-28,P1-KPI7,Power Usage,P1,526.86,500.0,<,kW
59003,E2E Full Test Corporation 1769042316 - AI Lab,2024-09-27,P1-KPI7,Power Usage,P1,561.43,500.0,<,kW
59003,E2E Full Test Corporation 1769042316 - AI Lab,2024-10-27,P1-KPI7,Power Usage,P1,568.32,500.0,<,kW
59003,E2E Full Test Corporation 1769042316 - AI Lab,2024-11-26,P1-KPI7,Power Usage,P1,547.94,500.0,<,kW
59003,E2E Full Test Corporation 1769042316 - AI Lab,2024-01-01,P1-KPI8,Thermal Management,P1,27.31,25.0,<,°C
59003,E2E Full Test Corporation 1769042316 - AI Lab,2024-01-31,P1-KPI8,Thermal Management,P1,26.98,25.0,<,°C
59003,E2E Full Test Corporation 1769042316 - AI Lab,2024-03-01,P1-KPI8,Thermal Management,P1,25.79,25.0,<,°C
59003,E2E Full Test Corporation 1769042316 - AI Lab,2024-03-31,P1-KPI8,Thermal Management,P1,25.38,25.0,<,°C
59003,E2E Full Test Corporation 1769042316 - AI Lab,2024-04-30,P1-KPI8,Thermal Management,P1,25.81,25.0,<,°C
59003,E2E Full Test Corporation 1769042316 - AI Lab,2024-05-30,P1-KPI8,Thermal Management,P1,27.74,25.0,<,°C
59003,E2E Full Test Corporation 1769042316 - AI Lab,2024-06-29,P1-KPI8,Thermal Management,P1,25.61,25.0,<,°C
59003,E2E Full Test Corporation 1769042316 - AI Lab,2024-07-29,P1-KPI8,Thermal Management,P1,26.17,25.0,<,°C
59003,E2E Full Test Corporation 1769042316 - AI Lab,2024-08-28,P1-KPI8,Thermal Management,P1,26.71,25.0,<,°C
59003,E2E Full Test Corporation 1769042316 - AI Lab,2024-09-27,P1-KPI8,Thermal Management,P1,25.32,25.0,<,°C
59003,E2E Full Test Corporation 1769042316 - AI Lab,2024-10-27,P1-KPI8,Thermal Management,P1,25.83,25.0,<,°C
59003,E2E Full Test Corporation 1769042316 - AI Lab,2024-11-26,P1-KPI8,Thermal Management,P1,26.96,25.0,<,°C
59003,E2E Full Test Corporation 1769042316 - AI Lab,2024-01-01,P2-KPI1,SLA Compliance,P2,98.12,99.0,>,%
59003,E2E Full Test Corporation 1769042316 - AI Lab,2024-01-31,P2-KPI1,SLA Compliance,P2,100.0,99.0,>,%
59003,E2E Full Test Corporation 1769042316 - AI Lab,2024-03-01,P2-KPI1,SLA Compliance,P2,98.58,99.0,>,%
59003,E2E Full Test Corporation 1769042316 - AI Lab,2024-03-31,P2-KPI1,SLA Compliance,P2,96.46,99.0,>,%
59003,E2E Full Test Corporation 1769042316 - AI Lab,2024-04-30,P2-KPI1,SLA Compliance,P2,96.24,99.0,>,%
59003,E2E Full Test Corporation 1769042316 - AI Lab,2024-05-30,P2-KPI1,SLA Compliance,P2,99.82,99.0,>,%
59003,E2E Full Test Corporation 1769042316 - AI Lab,2024-06-29,P2-KPI1,SLA Compliance,P2,95.0,99.0,>,%
59003,E2E Full Test Corporation 1769042316 - AI Lab,2024-07-29,P2-KPI1,SLA Compliance,P2,100.0,99.0,>,%
59003,E2E Full Test Corporation 1769042316 - AI Lab,2024-08-28,P2-KPI1,SLA Compliance,P2,98.72,99.0,>,%
59003,E2E Full Test Corporation 1769042316 - AI Lab,2024-09-27,P2-KPI1,SLA Compliance,P2,95.0,99.0,>,%
59003,E2E Full Test Corporation 1769042316 - AI Lab,2024-10-27,P2-KPI1,SLA Compliance,P2,95.86,99.0,>,%
59003,E2E Full Test Corporation 1769042316 - AI Lab,2024-11-26,P2-KPI1,SLA Compliance,P2,100.0,99.0,>,%
59003,E2E Full Test Corporation 1769042316 - AI Lab,2024-01-01,P2-KPI2,Incident Response Time,P2,22.66,15.0,<,minutes
59003,E2E Full Test Corporation 1769042316 - AI Lab,2024-01-31,P2-KPI2,Incident Response Time,P2,21.04,15.0,<,minutes
59003,E2E Full Test Corporation 1769042316 - AI Lab,2024-03-01,P2-KPI2,Incident Response Time,P2,22.1,15.0,<,minutes
59003,E2E Full Test Corporation 1769042316 - AI Lab,2024-03-31,P2-KPI2,Incident Response Time,P2,21.23,15.0,<,minutes
59003,E2E Full Test Corporation 1769042316 - AI Lab,2024-04-30,P2-KPI2,Incident Response Time,P2,21.62,15.0,<,minutes
59003,E2E Full Test Corporation 1769042316 - AI Lab,2024-05-30,P2-KPI2,Incident Response Time,P2,22.11,15.0,<,minutes
59003,E2E Full Test Corporation 1769042316 - AI Lab,2024-06-29,P2-KPI2,Incident Response Time,P2,21.32,15.0,<,minutes
59003,E2E Full Test Corporation 1769042316 - AI Lab,2024-07-29,P2-KPI2,Incident Response Time,P2,22.71,15.0,<,minutes
59003,E2E Full Test Corporation 1769042316 - AI Lab,2024-08-28,P2-KPI2,Incident Response Time,P2,21.53,15.0,<,minutes
59003,E2E Full Test Corporation 1769042316 - AI Lab,2024-09-27,P2-KPI2,Incident Response Time,P2,22.19,15.0,<,minutes
59003,E2E Full Test Corporation 1769042316 - AI Lab,2024-10-27,P2-KPI2,Incident Response Time,P2,20.68,15.0,<,minutes
59003,E2E Full Test Corporation 1769042316 - AI Lab,2024-11-26,P2-KPI2,Incident Response Time,P2,21.45,15.0,<,minutes
59003,E2E Full Test Corporation 1769042316 - AI Lab,2024-01-01,P2-KPI3,Change Success Rate,P2,100.0,98.0,>,%
59003,E2E Full Test Corporation 1769042316 - AI Lab,2024-01-31,P2-KPI3,Change Success Rate,P2,100.0,98.0,>,%
59003,E2E Full Test Corporation 1769042316 - AI Lab,2024-03-01,P2-KPI3,Change Success Rate,P2,100.0,98.0,>,%
59003,E2E Full Test Corporation 1769042316 - AI Lab,2024-03-31,P2-KPI3,Change Success Rate,P2,95.22,98.0,>,%
59003,E2E Full Test Corporation 1769042316 - AI Lab,2024-04-30,P2-KPI3,Change Success Rate,P2,97.52,98.0,>,%
59003,E2E Full Test Corporation 1769042316 - AI Lab,2024-05-30,P2-KPI3,Change Success Rate,P2,96.49,98.0,>,%
59003,E2E Full Test Corporation 1769042316 - AI Lab,2024-06-29,P2-KPI3,Change Success Rate,P2,94.6,98.0,>,%
59003,E2E Full Test Corporation 1769042316 - AI Lab,2024-07-29,P2-KPI3,Change Success Rate,P2,96.63,98.0,>,%
59003,E2E Full Test Corporation 1769042316 - AI Lab,2024-08-28,P2-KPI3,Change Success Rate,P2,98.87,98.0,>,%
59003,E2E Full Test Corporation 1769042316 - AI Lab,2024-09-27,P2-KPI3,Change Success Rate,P2,100.0,98.0,>,%
59003,E2E Full Test Corporation 1769042316 - AI Lab,2024-10-27,P2-KPI3,Change Success Rate,P2,94.87,98.0,>,%
59003,E2E Full Test Corporation 1769042316 - AI Lab,2024-11-26,P2-KPI3,Change Success Rate,P2,98.24,98.0,>,%
59003,E2E Full Test Corporation 1769042316 - AI Lab,2024-01-01,P2-KPI4,Backup Success Rate,P2,97.63,100.0,>,%
59003,E2E Full Test Corporation 1769042316 - AI Lab,2024-01-31,P2-KPI4,Backup Success Rate,P2,100.0,100.0,>,%
59003,E2E Full Test Corporation 1769042316 - AI Lab,2024-03-01,P2-KPI4,Backup Success Rate,P2,98.89,100.0,>,%
59003,E2E Full Test Corporation 1769042316 - AI Lab,2024-03-31,P2-KPI4,Backup Success Rate,P2,98.07,100.0,>,%
59003,E2E Full Test Corporation 1769042316 - AI Lab,2024-04-30,P2-KPI4,Backup Success Rate,P2,100.0,100.0,>,%
59003,E2E Full Test Corporation 1769042316 - AI Lab,2024-05-30,P2-KPI4,Backup Success Rate,P2,96.24,100.0,>,%
59003,E2E Full Test Corporation 1769042316 - AI Lab,2024-06-29,P2-KPI4,Backup Success Rate,P2,98.94,100.0,>,%
59003,E2E Full Test Corporation 1769042316 - AI Lab,2024-07-29,P2-KPI4,Backup Success Rate,P2,100.0,100.0,>,%
59003,E2E Full Test Corporation 1769042316 - AI Lab,2024-08-28,P2-KPI4,Backup Success Rate,P2,98.74,100.0,>,%
59003,E2E Full Test Corporation 1769042316 - AI Lab,2024-09-27,P2-KPI4,Backup Success Rate,P2,96.05,100.0,>,%
59003,E2E Full Test Corporation 1769042316 - AI Lab,2024-10-27,P2-KPI4,Backup Success Rate,P2,98.31,100.0,>,%
59003,E2E Full Test Corporation 1769042316 - AI Lab,2024-11-26,P2-KPI4,Backup Success Rate,P2,97.09,100.0,>,%
59003,E2E Full Test Corporation 1769042316 - AI Lab,2024-01-01,P2-KPI5,Patch Compliance,P2,92.69,95.0,>,%
59003,E2E Full Test Corporation 1769042316 - AI Lab,2024-01-31,P2-KPI5,Patch Compliance,P2,88.41,95.0,>,%
59003,E2E Full Test Corporation 1769042316 - AI Lab,2024-03-01,P2-KPI5,Patch Compliance,P2,92.9,95.0,>,%
59003,E2E Full Test Corporation 1769042316 - AI Lab,2024-03-31,P2-KPI5,Patch Compliance,P2,88.32,95.0,>,%
59003,E2E Full Test Corporation 1769042316 - AI Lab,2024-04-30,P2-KPI5,Patch Compliance,P2,88.23,95.0,>,%
59003,E2E Full Test Corporation 1769042316 - AI Lab,2024-05-30,P2-KPI5,Patch Compliance,P2,93.55,95.0,>,%
59003,E2E Full Test Corporation 1769042316 - AI Lab,2024-06-29,P2-KPI5,Patch Compliance,P2,95.39,95.0,>,%
59003,E2E Full Test Corporation 1769042316 - AI Lab,2024-07-29,P2-KPI5,Patch Compliance,P2,97.27,95.0,>,%
59003,E2E Full Test Corporation 1769042316 - AI Lab,2024-08-28,P2-KPI5,Patch Compliance,P2,96.84,95.0,>,%
59003,E2E Full Test Corporation 1769042316 - AI Lab,2024-09-27,P2-KPI5,Patch Compliance,P2,95.35,95.0,>,%
59003,E2E Full Test Corporation 1769042316 - AI Lab,2024-10-27,P2-KPI5,Patch Compliance,P2,96.84,95.0,>,%
59003,E2E Full Test Corporation 1769042316 - AI Lab,2024-11-26,P2-KPI5,Patch Compliance,P2,94.32,95.0,>,%
59003,E2E Full Test Corporation 1769042316 - AI Lab,2024-01-01,P2-KPI6,Service Request Fulfillment,P2,3.87,3.0,<,days
59003,E2E Full Test Corporation 1769042316 - AI Lab,2024-01-31,P2-KPI6,Service Request Fulfillment,P2,3.98,3.0,<,days
59003,E2E Full Test Corporation 1769042316 - AI Lab,2024-03-01,P2-KPI6,Service Request Fulfillment,P2,4.14,3.0,<,days
59003,E2E Full Test Corporation 1769042316 - AI Lab,2024-03-31,P2-KPI6,Service Request Fulfillment,P2,4.16,3.0,<,days
59003,E2E Full Test Corporation 1769042316 - AI Lab,2024-04-30,P2-KPI6,Service Request Fulfillment,P2,3.88,3.0,<,days
59003,E2E Full Test Corporation 1769042316 - AI Lab,2024-05-30,P2-KPI6,Service Request Fulfillment,P2,4.15,3.0,<,days
59003,E2E Full Test Corporation 1769042316 - AI Lab,2024-06-29,P2-KPI6,Service Request Fulfillment,P2,4.05,3.0,<,days
59003,E2E Full Test Corporation 1769042316 - AI Lab,2024-07-29,P2-KPI6,Service Request Fulfillment,P2,4.15,3.0,<,days
59003,E2E Full Test Corporation 1769042316 - AI Lab,2024-08-28,P2-KPI6,Service Request Fulfillment,P2,4.07,3.0,<,days
59003,E2E Full Test Corporation 1769042316 - AI Lab,2024-09-27,P2-KPI6,Service Request Fulfillment,P2,4.18,3.0,<,days
59003,E2E Full Test Corporation 1769042316 - AI Lab,2024-10-27,P2-KPI6,Service Request Fulfillment,P2,4.21,3.0,<,days
59003,E2E Full Test Corporation 1769042316 - AI Lab,2024-11-26,P2-KPI6,Service Request Fulfillment,P2,3.95,3.0,<,days
59003,E2E Full Test Corporation 1769042316 - AI Lab,2024-01-01,P2-KPI7,Capacity Planning Accuracy,P2,89.04,90.0,>,%
59003,E2E Full Test Corporation 1769042316 - AI Lab,2024-01-31,P2-KPI7,Capacity Planning Accuracy,P2,88.01,90.0,>,%
59003,E2E Full Test Corporation 1769042316 - AI Lab,2024-03-01,P2-KPI7,Capacity Planning Accuracy,P2,90.71,90.0,>,%
59003,E2E Full Test Corporation 1769042316 - AI Lab,2024-03-31,P2-KPI7,Capacity Planning Accuracy,P2,88.41,90.0,>,%
59003,E2E Full Test Corporation 1769042316 - AI Lab,2024-04-30,P2-KPI7,Capacity Planning Accuracy,P2,85.77,90.0,>,%
59003,E2E Full Test Corporation 1769042316 - AI Lab,2024-05-30,P2-KPI7,Capacity Planning Accuracy,P2,82.93,90.0,>,%
59003,E2E Full Test Corporation 1769042316 - AI Lab,2024-06-29,P2-KPI7,Capacity Planning Accuracy,P2,84.04,90.0,>,%
59003,E2E Full Test Corporation 1769042316 - AI Lab,2024-07-29,P2-KPI7,Capacity Planning Accuracy,P2,88.28,90.0,>,%
59003,E2E Full Test Corporation 1769042316 - AI Lab,2024-08-28,P2-KPI7,Capacity Planning Accuracy,P2,90.15,90.0,>,%
59003,E2E Full Test Corporation 1769042316 - AI Lab,2024-09-27,P2-KPI7,Capacity Planning Accuracy,P2,86.04,90.0,>,%
59003,E2E Full Test Corporation 1769042316 - AI Lab,2024-10-27,P2-KPI7,Capacity Planning Accuracy,P2,87.23,90.0,>,%
59003,E2E Full Test Corporation 1769042316 - AI Lab,2024-11-26,P2-KPI7,Capacity Planning Accuracy,P2,89.49,90.0,>,%
59003,E2E Full Test Corporation 1769042316 - AI Lab,2024-01-01,P2-KPI8,Documentation Quality,P2,78.24,85.0,>,score
59003,E2E Full Test Corporation 1769042316 - AI Lab,2024-01-31,P2-KPI8,Documentation Quality,P2,77.28,85.0,>,score
59003,E2E Full Test Corporation 1769042316 - AI Lab,2024-03-01,P2-KPI8,Documentation Quality,P2,81.46,85.0,>,score
59003,E2E Full Test Corporation 1769042316 - AI Lab,2024-03-31,P2-KPI8,Documentation Quality,P2,84.92,85.0,>,score
59003,E2E Full Test Corporation 1769042316 - AI Lab,2024-04-30,P2-KPI8,Documentation Quality,P2,81.15,85.0,>,score
59003,E2E Full Test Corporation 1769042316 - AI Lab,2024-05-30,P2-KPI8,Documentation Quality,P2,84.27,85.0,>,score
59003,E2E Full Test Corporation 1769042316 - AI Lab,2024-06-29,P2-KPI8,Documentation Quality,P2,81.38,85.0,>,score
59003,E2E Full Test Corporation 1769042316 - AI Lab,2024-07-29,P2-KPI8,Documentation Quality,P2,84.03,85.0,>,score
59003,E2E Full Test Corporation 1769042316 - AI Lab,2024-08-28,P2-KPI8,Documentation Quality,P2,81.38,85.0,>,score
59003,E2E Full Test Corporation 1769042316 - AI Lab,2024-09-27,P2-KPI8,Documentation Quality,P2,79.6,85.0,>,score
59003,E2E Full Test Corporation 1769042316 - AI Lab,2024-10-27,P2-KPI8,Documentation Quality,P2,78.86,85.0,>,score
59003,E2E Full Test Corporation 1769042316 - AI Lab,2024-11-26,P2-KPI8,Documentation Quality,P2,81.75,85.0,>,score
59003,E2E Full Test Corporation 1769042316 - AI Lab,2024-01-01,P3-KPI1,CSAT Score,P3,4.43,4.5,>,score
59003,E2E Full Test Corporation 1769042316 - AI Lab,2024-01-31,P3-KPI1,CSAT Score,P3,4.29,4.5,>,score
59003,E2E Full Test Corporation 1769042316 - AI Lab,2024-03-01,P3-KPI1,CSAT Score,P3,4.24,4.5,>,score
59003,E2E Full Test Corporation 1769042316 - AI Lab,2024-03-31,P3-KPI1,CSAT Score,P3,4.19,4.5,>,score
59003,E2E Full Test Corporation 1769042316 - AI Lab,2024-04-30,P3-KPI1,CSAT Score,P3,4.1,4.5,>,score
59003,E2E Full Test Corporation 1769042316 - AI Lab,2024-05-30,P3-KPI1,CSAT Score,P3,4.26,4.5,>,score
59003,E2E Full Test Corporation 1769042316 - AI Lab,2024-06-29,P3-KPI1,CSAT Score,P3,4.26,4.5,>,score
59003,E2E Full Test Corporation 1769042316 - AI Lab,2024-07-29,P3-KPI1,CSAT Score,P3,4.27,4.5,>,score
59003,E2E Full Test Corporation 1769042316 - AI Lab,2024-08-28,P3-KPI1,CSAT Score,P3,4.46,4.5,>,score
59003,E2E Full Test Corporation 1769042316 - AI Lab,2024-09-27,P3-KPI1,CSAT Score,P3,4.38,4.5,>,score
59003,E2E Full Test Corporation 1769042316 - AI Lab,2024-10-27,P3-KPI1,CSAT Score,P3,4.39,4.5,>,score
59003,E2E Full Test Corporation 1769042316 - AI Lab,2024-11-26,P3-KPI1,CSAT Score,P3,4.24,4.5,>,score
59003,E2E Full Test Corporation 1769042316 - AI Lab,2024-01-01,P3-KPI2,Support Ticket Volume,P3,31.65,20.0,<,tickets
59003,E2E Full Test Corporation 1769042316 - AI Lab,2024-01-31,P3-KPI2,Support Ticket Volume,P3,32.77,20.0,<,tickets
59003,E2E Full Test Corporation 1769042316 - AI Lab,2024-03-01,P3-KPI2,Support Ticket Volume,P3,32.47,20.0,<,tickets
59003,E2E Full Test Corporation 1769042316 - AI Lab,2024-03-31,P3-KPI2,Support Ticket Volume,P3,30.62,20.0,<,tickets
59003,E2E Full Test Corporation 1769042316 - AI Lab,2024-04-30,P3-KPI2,Support Ticket Volume,P3,32.96,20.0,<,tickets
59003,E2E Full Test Corporation 1769042316 - AI Lab,2024-05-30,P3-KPI2,Support Ticket Volume,P3,31.46,20.0,<,tickets
59003,E2E Full Test Corporation 1769042316 - AI Lab,2024-06-29,P3-KPI2,Support Ticket Volume,P3,33.29,20.0,<,tickets
59003,E2E Full Test Corporation 1769042316 - AI Lab,2024-07-29,P3-KPI2,Support Ticket Volume,P3,30.77,20.0,<,tickets
59003,E2E Full Test Corporation 1769042316 - AI Lab,2024-08-28,P3-KPI2,Support Ticket Volume,P3,33.1,20.0,<,tickets
59003,E2E Full Test Corporation 1769042316 - AI Lab,2024-09-27,P3-KPI2,Support Ticket Volume,P3,30.83,20.0,<,tickets
59003,E2E Full Test Corporation 1769042316 - AI Lab,2024-10-27,P3-KPI2,Support Ticket Volume,P3,33.11,20.0,<,tickets
59003,E2E Full Test Corporation 1769042316 - AI Lab,2024-11-26,P3-KPI2,Support Ticket Volume,P3,30.42,20.0,<,tickets
59003,E2E Full Test Corporation 1769042316 - AI Lab,2024-01-01,P3-KPI3,First Contact Resolution,P3,72.7,75.0,>,%
59003,E2E Full Test Corporation 1769042316 - AI Lab,2024-01-31,P3-KPI3,First Contact Resolution,P3,73.86,75.0,>,%
59003,E2E Full Test Corporation 1769042316 - AI Lab,2024-03-01,P3-KPI3,First Contact Resolution,P3,73.14,75.0,>,%
59003,E2E Full Test Corporation 1769042316 - AI Lab,2024-03-31,P3-KPI3,First Contact Resolution,P3,72.57,75.0,>,%
59003,E2E Full Test Corporation 1769042316 - AI Lab,2024-04-30,P3-KPI3,First Contact Resolution,P3,67.87,75.0,>,%
59003,E2E Full Test Corporation 1769042316 - AI Lab,2024-05-30,P3-KPI3,First Contact Resolution,P3,74.31,75.0,>,%
59003,E2E Full Test Corporation 1769042316 - AI Lab,2024-06-29,P3-KPI3,First Contact Resolution,P3,70.46,75.0,>,%
59003,E2E Full Test Corporation 1769042316 - AI Lab,2024-07-29,P3-KPI3,First Contact Resolution,P3,71.01,75.0,>,%
59003,E2E Full Test Corporation 1769042316 - AI Lab,2024-08-28,P3-KPI3,First Contact Resolution,P3,73.42,75.0,>,%
59003,E2E Full Test Corporation 1769042316 - AI Lab,2024-09-27,P3-KPI3,First Contact Resolution,P3,69.93,75.0,>,%
59003,E2E Full Test Corporation 1769042316 - AI Lab,2024-10-27,P3-KPI3,First Contact Resolution,P3,71.15,75.0,>,%
59003,E2E Full Test Corporation 1769042316 - AI Lab,2024-11-26,P3-KPI3,First Contact Resolution,P3,70.58,75.0,>,%
59003,E2E Full Test Corporation 1769042316 - AI Lab,2024-01-01,P3-KPI4,Training Completion,P3,87.09,90.0,>,%
59003,E2E Full Test Corporation 1769042316 - AI Lab,2024-01-31,P3-KPI4,Training Completion,P3,83.53,90.0,>,%
59003,E2E Full Test Corporation 1769042316 - AI Lab,2024-03-01,P3-KPI4,Training Completion,P3,85.1,90.0,>,%
59003,E2E Full Test Corporation 1769042316 - AI Lab,2024-03-31,P3-KPI4,Training Completion,P3,83.07,90.0,>,%
59003,E2E Full Test Corporation 1769042316 - AI Lab,2024-04-30,P3-KPI4,Training Completion,P3,83.92,90.0,>,%
59003,E2E Full Test Corporation 1769042316 - AI Lab,2024-05-30,P3-KPI4,Training Completion,P3,85.39,90.0,>,%
59003,E2E Full Test Corporation 1769042316 - AI Lab,2024-06-29,P3-KPI4,Training Completion,P3,85.09,90.0,>,%
59003,E2E Full Test Corporation 1769042316 - AI Lab,2024-07-29,P3-KPI4,Training Completion,P3,85.63,90.0,>,%
59003,E2E Full Test Corporation 1769042316 - AI Lab,2024-08-28,P3-KPI4,Training Completion,P3,87.21,90.0,>,%
59003,E2E Full Test Corporation 1769042316 - AI Lab,2024-09-27,P3-KPI4,Training Completion,P3,86.08,90.0,>,%
59003,E2E Full Test Corporation 1769042316 - AI Lab,2024-10-27,P3-KPI4,Training Completion,P3,82.28,90.0,>,%
59003,E2E Full Test Corporation 1769042316 - AI Lab,2024-11-26,P3-KPI4,Training Completion,P3,85.22,90.0,>,%
59003,E2E Full Test Corporation 1769042316 - AI Lab,2024-01-01,P3-KPI5,User Adoption Rate,P3,74.52,80.0,>,%
59003,E2E Full Test Corporation 1769042316 - AI Lab,2024-01-31,P3-KPI5,User Adoption Rate,P3,79.05,80.0,>,%
59003,E2E Full Test Corporation 1769042316 - AI Lab,2024-03-01,P3-KPI5,User Adoption Rate,P3,78.04,80.0,>,%
59003,E2E Full Test Corporation 1769042316 - AI Lab,2024-03-31,P3-KPI5,User Adoption Rate,P3,74.79,80.0,>,%
59003,E2E Full Test Corporation 1769042316 - AI Lab,2024-04-30,P3-KPI5,User Adoption Rate,P3,72.2,80.0,>,%
59003,E2E Full Test Corporation 1769042316 - AI Lab,2024-05-30,P3-KPI5,User Adoption Rate,P3,78.93,80.0,>,%
59003,E2E Full Test Corporation 1769042316 - AI Lab,2024-06-29,P3-KPI5,User Adoption Rate,P3,78.91,80.0,>,%
59003,E2E Full Test Corporation 1769042316 - AI Lab,2024-07-29,P3-KPI5,User Adoption Rate,P3,74.21,80.0,>,%
59003,E2E Full Test Corporation 1769042316 - AI Lab,2024-08-28,P3-KPI5,User Adoption Rate,P3,76.65,80.0,>,%
59003,E2E Full Test Corporation 1769042316 - AI Lab,2024-09-27,P3-KPI5,User Adoption Rate,P3,72.66,80.0,>,%
59003,E2E Full Test Corporation 1769042316 - AI Lab,2024-10-27,P3-KPI5,User Adoption Rate,P3,72.67,80.0,>,%
59003,E2E Full Test Corporation 1769042316 - AI Lab,2024-11-26,P3-KPI5,User Adoption Rate,P3,77.01,80.0,>,%
59003,E2E Full Test Corporation 1769042316 - AI Lab,2024-01-01,P3-KPI6,Executive Engagement,P3,3.56,4.0,>,meetings/quarter
59003,E2E Full Test Corporation 1769042316 - AI Lab,2024-01-31,P3-KPI6,Executive Engagement,P3,3.88,4.0,>,meetings/quarter
59003,E2E Full Test Corporation 1769042316 - AI Lab,2024-03-01,P3-KPI6,Executive Engagement,P3,3.61,4.0,>,meetings/quarter
59003,E2E Full Test Corporation 1769042316 - AI Lab,2024-03-31,P3-KPI6,Executive Engagement,P3,3.63,4.0,>,meetings/quarter
59003,E2E Full Test Corporation 1769042316 - AI Lab,2024-04-30,P3-KPI6,Executive Engagement,P3,3.8,4.0,>,meetings/quarter
59003,E2E Full Test Corporation 1769042316 - AI Lab,2024-05-30,P3-KPI6,Executive Engagement,P3,3.59,4.0,>,meetings/quarter
59003,E2E Full Test Corporation 1769042316 - AI Lab,2024-06-29,P3-KPI6,Executive Engagement,P3,3.57,4.0,>,meetings/quarter
59003,E2E Full Test Corporation 1769042316 - AI Lab,2024-07-29,P3-KPI6,Executive Engagement,P3,3.85,4.0,>,meetings/quarter
59003,E2E Full Test Corporation 1769042316 - AI Lab,2024-08-28,P3-KPI6,Executive Engagement,P3,3.62,4.0,>,meetings/quarter
59003,E2E Full Test Corporation 1769042316 - AI Lab,2024-09-27,P3-KPI6,Executive Engagement,P3,3.75,4.0,>,meetings/quarter
59003,E2E Full Test Corporation 1769042316 - AI Lab,2024-10-27,P3-KPI6,Executive Engagement,P3,3.7,4.0,>,meetings/quarter
59003,E2E Full Test Corporation 1769042316 - AI Lab,2024-11-26,P3-KPI6,Executive Engagement,P3,3.6,4.0,>,meetings/quarter
59003,E2E Full Test Corporation 1769042316 - AI Lab,2024-01-01,P3-KPI7,Response Time SLA,P3,44.63,30.0,<,minutes
59003,E2E Full Test Corporation 1769042316 - AI Lab,2024-01-31,P3-KPI7,Response Time SLA,P3,42.55,30.0,<,minutes
59003,E2E Full Test Corporation 1769042316 - AI Lab,2024-03-01,P3-KPI7,Response Time SLA,P3,43.3,30.0,<,minutes
59003,E2E Full Test Corporation 1769042316 - AI Lab,2024-03-31,P3-KPI7,Response Time SLA,P3,43.18,30.0,<,minutes
59003,E2E Full Test Corporation 1769042316 - AI Lab,2024-04-30,P3-KPI7,Response Time SLA,P3,45.43,30.0,<,minutes
59003,E2E Full Test Corporation 1769042316 - AI Lab,2024-05-30,P3-KPI7,Response Time SLA,P3,44.03,30.0,<,minutes
59003,E2E Full Test Corporation 1769042316 - AI Lab,2024-06-29,P3-KPI7,Response Time SLA,P3,43.22,30.0,<,minutes
59003,E2E Full Test Corporation 1769042316 - AI Lab,2024-07-29,P3-KPI7,Response Time SLA,P3,44.39,30.0,<,minutes
59003,E2E Full Test Corporation 1769042316 - AI Lab,2024-08-28,P3-KPI7,Response Time SLA,P3,45.63,30.0,<,minutes
59003,E2E Full Test Corporation 1769042316 - AI Lab,2024-09-27,P3-KPI7,Response Time SLA,P3,43.71,30.0,<,minutes
59003,E2E Full Test Corporation 1769042316 - AI Lab,2024-10-27,P3-KPI7,Response Time SLA,P3,42.6,30.0,<,minutes
59003,E2E Full Test Corporation 1769042316 - AI Lab,2024-11-26,P3-KPI7,Response Time SLA,P3,41.99,30.0,<,minutes
59003,E2E Full Test Corporation 1769042316 - AI Lab,2024-01-01,P4-KPI1,ROI Achievement,P4,144.54,150.0,>,%
59003,E2E Full Test Corporation 1769042316 - AI Lab,2024-01-31,P4-KPI1,ROI Achievement,P4,148.57,150.0,>,%
59003,E2E Full Test Corporation 1769042316 - AI Lab,2024-03-01,P4-KPI1,ROI Achievement,P4,137.53,150.0,>,%
59003,E2E Full Test Corporation 1769042316 - AI Lab,2024-03-31,P4-KPI1,ROI Achievement,P4,137.68,150.0,>,%
59003,E2E Full Test Corporation 1769042316 - AI Lab,2024-04-30,P4-KPI1,ROI Achievement,P4,139.25,150.0,>,%
59003,E2E Full Test Corporation 1769042316 - AI Lab,2024-05-30,P4-KPI1,ROI Achievement,P4,143.96,150.0,>,%
59003,E2E Full Test Corporation 1769042316 - AI Lab,2024-06-29,P4-KPI1,ROI Achievement,P4,140.47,150.0,>,%
59003,E2E Full Test Corporation 1769042316 - AI Lab,2024-07-29,P4-KPI1,ROI Achievement,P4,140.54,150.0,>,%
59003,E2E Full Test Corporation 1769042316 - AI Lab,2024-08-28,P4-KPI1,ROI Achievement,P4,142.15,150.0,>,%
59003,E2E Full Test Corporation 1769042316 - AI Lab,2024-09-27,P4-KPI1,ROI Achievement,P4,138.26,150.0,>,%
59003,E2E Full Test Corporation 1769042316 - AI Lab,2024-10-27,P4-KPI1,ROI Achievement,P4,142.85,150.0,>,%
59003,E2E Full Test Corporation 1769042316 - AI Lab,2024-11-26,P4-KPI1,ROI Achievement,P4,148.89,150.0,>,%
59003,E2E Full Test Corporation 1769042316 - AI Lab,2024-01-01,P4-KPI2,Cost Reduction,P4,17.56,20.0,>,%
59003,E2E Full Test Corporation 1769042316 - AI Lab,2024-01-31,P4-KPI2,Cost Reduction,P4,17.64,20.0,>,%
59003,E2E Full Test Corporation 1769042316 - AI Lab,2024-03-01,P4-KPI2,Cost Reduction,P4,17.21,20.0,>,%
59003,E2E Full Test Corporation 1769042316 - AI Lab,2024-03-31,P4-KPI2,Cost Reduction,P4,16.53,20.0,>,%
59003,E2E Full Test Corporation 1769042316 - AI Lab,2024-04-30,P4-KPI2,Cost Reduction,P4,17.29,20.0,>,%
59003,E2E Full Test Corporation 1769042316 - AI Lab,2024-05-30,P4-KPI2,Cost Reduction,P4,16.56,20.0,>,%
59003,E2E Full Test Corporation 1769042316 - AI Lab,2024-06-29,P4-KPI2,Cost Reduction,P4,17.4,20.0,>,%
59003,E2E Full Test Corporation 1769042316 - AI Lab,2024-07-29,P4-KPI2,Cost Reduction,P4,17.64,20.0,>,%
59003,E2E Full Test Corporation 1769042316 - AI Lab,2024-08-28,P4-KPI2,Cost Reduction,P4,17.23,20.0,>,%
59003,E2E Full Test Corporation 1769042316 - AI Lab,2024-09-27,P4-KPI2,Cost Reduction,P4,16.6,20.0,>,%
59003,E2E Full Test Corporation 1769042316 - AI Lab,2024-10-27,P4-KPI2,Cost Reduction,P4,17.6,20.0,>,%
59003,E2E Full Test Corporation 1769042316 - AI Lab,2024-11-26,P4-KPI2,Cost Reduction,P4,17.02,20.0,>,%
59003,E2E Full Test Corporation 1769042316 - AI Lab,2024-01-01,P4-KPI3,Time to Value,P4,98.79,90.0,<,days
59003,E2E Full Test Corporation 1769042316 - AI Lab,2024-01-31,P4-KPI3,Time to Value,P4,106.8,90.0,<,days
59003,E2E Full Test Corporation 1769042316 - AI Lab,2024-03-01,P4-KPI3,Time to Value,P4,108.36,90.0,<,days
59003,E2E Full Test Corporation 1769042316 - AI Lab,2024-03-31,P4-KPI3,Time to Value,P4,103.84,90.0,<,days
59003,E2E Full Test Corporation 1769042316 - AI Lab,2024-04-30,P4-KPI3,Time to Value,P4,106.92,90.0,<,days
59003,E2E Full Test Corporation 1769042316 - AI Lab,2024-05-30,P4-KPI3,Time to Value,P4,101.37,90.0,<,days
59003,E2E Full Test Corporation 1769042316 - AI Lab,2024-06-29,P4-KPI3,Time to Value,P4,100.74,90.0,<,days
59003,E2E Full Test Corporation 1769042316 - AI Lab,2024-07-29,P4-KPI3,Time to Value,P4,103.81,90.0,<,days
59003,E2E Full Test Corporation 1769042316 - AI Lab,2024-08-28,P4-KPI3,Time to Value,P4,106.15,90.0,<,days
59003,E2E Full Test Corporation 1769042316 - AI Lab,2024-09-27,P4-KPI3,Time to Value,P4,108.02,90.0,<,days
59003,E2E Full Test Corporation 1769042316 - AI Lab,2024-10-27,P4-KPI3,Time to Value,P4,102.48,90.0,<,days
59003,E2E Full Test Corporation 1769042316 - AI Lab,2024-11-26,P4-KPI3,Time to Value,P4,101.52,90.0,<,days
59003,E2E Full Test Corporation 1769042316 - AI Lab,2024-01-01,P4-KPI4,Revenue Enablement,P4,4.51,5.0,>,$M
59003,E2E Full Test Corporation 1769042316 - AI Lab,2024-01-31,P4-KPI4,Revenue Enablement,P4,4.38,5.0,>,$M
59003,E2E Full Test Corporation 1769042316 - AI Lab,2024-03-01,P4-KPI4,Revenue Enablement,P4,4.21,5.0,>,$M
59003,E2E Full Test Corporation 1769042316 - AI Lab,2024-03-31,P4-KPI4,Revenue Enablement,P4,4.56,5.0,>,$M
59003,E2E Full Test Corporation 1769042316 - AI Lab,2024-04-30,P4-KPI4,Revenue Enablement,P4,4.54,5.0,>,$M
59003,E2E Full Test Corporation 1769042316 - AI Lab,2024-05-30,P4-KPI4,Revenue Enablement,P4,4.46,5.0,>,$M
59003,E2E Full Test Corporation 1769042316 - AI Lab,2024-06-29,P4-KPI4,Revenue Enablement,P4,4.47,5.0,>,$M
59003,E2E Full Test Corporation 1769042316 - AI Lab,2024-07-29,P4-KPI4,Revenue Enablement,P4,4.34,5.0,>,$M
59003,E2E Full Test Corporation 1769042316 - AI Lab,2024-08-28,P4-KPI4,Revenue Enablement,P4,4.57,5.0,>,$M
59003,E2E Full Test Corporation 1769042316 - AI Lab,2024-09-27,P4-KPI4,Revenue Enablement,P4,4.32,5.0,>,$M
59003,E2E Full Test Corporation 1769042316 - AI Lab,2024-10-27,P4-KPI4,Revenue Enablement,P4,4.56,5.0,>,$M
59003,E2E Full Test Corporation 1769042316 - AI Lab,2024-11-26,P4-KPI4,Revenue Enablement,P4,4.21,5.0,>,$M
59003,E2E Full Test Corporation 1769042316 - AI Lab,2024-01-01,P4-KPI5,Operational Efficiency,P4,79.8,85.0,>,%
59003,E2E Full Test Corporation 1769042316 - AI Lab,2024-01-31,P4-KPI5,Operational Efficiency,P4,77.55,85.0,>,%
59003,E2E Full Test Corporation 1769042316 - AI Lab,2024-03-01,P4-KPI5,Operational Efficiency,P4,83.61,85.0,>,%
59003,E2E Full Test Corporation 1769042316 - AI Lab,2024-03-31,P4-KPI5,Operational Efficiency,P4,81.58,85.0,>,%
59003,E2E Full Test Corporation 1769042316 - AI Lab,2024-04-30,P4-KPI5,Operational Efficiency,P4,81.31,85.0,>,%
59003,E2E Full Test Corporation 1769042316 - AI Lab,2024-05-30,P4-KPI5,Operational Efficiency,P4,84.14,85.0,>,%
59003,E2E Full Test Corporation 1769042316 - AI Lab,2024-06-29,P4-KPI5,Operational Efficiency,P4,85.2,85.0,>,%
59003,E2E Full Test Corporation 1769042316 - AI Lab,2024-07-29,P4-KPI5,Operational Efficiency,P4,83.44,85.0,>,%
59003,E2E Full Test Corporation 1769042316 - AI Lab,2024-08-28,P4-KPI5,Operational Efficiency,P4,84.83,85.0,>,%
59003,E2E Full Test Corporation 1769042316 - AI Lab,2024-09-27,P4-KPI5,Operational Efficiency,P4,81.65,85.0,>,%
59003,E2E Full Test Corporation 1769042316 - AI Lab,2024-10-27,P4-KPI5,Operational Efficiency,P4,80.81,85.0,>,%
59003,E2E Full Test Corporation 1769042316 - AI Lab,2024-11-26,P4-KPI5,Operational Efficiency,P4,79.38,85.0,>,%
59003,E2E Full Test Corporation 1769042316 - AI Lab,2024-01-01,P4-KPI6,Innovation Projects,P4,2.76,3.0,>,count
59003,E2E Full Test Corporation 1769042316 - AI Lab,2024-01-31,P4-KPI6,Innovation Projects,P4,2.6,3.0,>,count
59003,E2E Full Test Corporation 1769042316 - AI Lab,2024-03-01,P4-KPI6,Innovation Projects,P4,2.58,3.0,>,count
59003,E2E Full Test Corporation 1769042316 - AI Lab,2024-03-31,P4-KPI6,Innovation Projects,P4,2.73,3.0,>,count
59003,E2E Full Test Corporation 1769042316 - AI Lab,2024-04-30,P4-KPI6,Innovation Projects,P4,2.59,3.0,>,count
59003,E2E Full Test Corporation 1769042316 - AI Lab,2024-05-30,P4-KPI6,Innovation Projects,P4,2.69,3.0,>,count
59003,E2E Full Test Corporation 1769042316 - AI Lab,2024-06-29,P4-KPI6,Innovation Projects,P4,2.66,3.0,>,count
59003,E2E Full Test Corporation 1769042316 - AI Lab,2024-07-29,P4-KPI6,Innovation Projects,P4,2.8,3.0,>,count
59003,E2E Full Test Corporation 1769042316 - AI Lab,2024-08-28,P4-KPI6,Innovation Projects,P4,2.78,3.0,>,count
59003,E2E Full Test Corporation 1769042316 - AI Lab,2024-09-27,P4-KPI6,Innovation Projects,P4,2.67,3.0,>,count
59003,E2E Full Test Corporation 1769042316 - AI Lab,2024-10-27,P4-KPI6,Innovation Projects,P4,2.71,3.0,>,count
59003,E2E Full Test Corporation 1769042316 - AI Lab,2024-11-26,P4-KPI6,Innovation Projects,P4,2.77,3.0,>,count
59003,E2E Full Test Corporation 1769042316 - AI Lab,2024-01-01,P4-KPI7,Business Case Validation,P4,90.55,90.0,>,%
59003,E2E Full Test Corporation 1769042316 - AI Lab,2024-01-31,P4-KPI7,Business Case Validation,P4,91.02,90.0,>,%
59003,E2E Full Test Corporation 1769042316 - AI Lab,2024-03-01,P4-KPI7,Business Case Validation,P4,85.59,90.0,>,%
59003,E2E Full Test Corporation 1769042316 - AI Lab,2024-03-31,P4-KPI7,Business Case Validation,P4,84.95,90.0,>,%
59003,E2E Full Test Corporation 1769042316 - AI Lab,2024-04-30,P4-KPI7,Business Case Validation,P4,85.57,90.0,>,%
59003,E2E Full Test Corporation 1769042316 - AI Lab,2024-05-30,P4-KPI7,Business Case Validation,P4,84.02,90.0,>,%
59003,E2E Full Test Corporation 1769042316 - AI Lab,2024-06-29,P4-KPI7,Business Case Validation,P4,88.11,90.0,>,%
59003,E2E Full Test Corporation 1769042316 - AI Lab,2024-07-29,P4-KPI7,Business Case Validation,P4,85.85,90.0,>,%
59003,E2E Full Test Corporation 1769042316 - AI Lab,2024-08-28,P4-KPI7,Business Case Validation,P4,88.81,90.0,>,%
59003,E2E Full Test Corporation 1769042316 - AI Lab,2024-09-27,P4-KPI7,Business Case Validation,P4,87.34,90.0,>,%
59003,E2E Full Test Corporation 1769042316 - AI Lab,2024-10-27,P4-KPI7,Business Case Validation,P4,87.33,90.0,>,%
59003,E2E Full Test Corporation 1769042316 - AI Lab,2024-11-26,P4-KPI7,Business Case Validation,P4,90.8,90.0,>,%
59003,E2E Full Test Corporation 1769042316 - AI Lab,2024-01-01,P5-KPI1,Executive Sponsorship,P5,4.13,4.5,>,score
59003,E2E Full Test Corporation 1769042316 - AI Lab,2024-01-31,P5-KPI1,Executive Sponsorship,P5,4.27,4.5,>,score
59003,E2E Full Test Corporation 1769042316 - AI Lab,2024-03-01,P5-KPI1,Executive Sponsorship,P5,4.4,4.5,>,score
59003,E2E Full Test Corporation 1769042316 - AI Lab,2024-03-31,P5-KPI1,Executive Sponsorship,P5,4.28,4.5,>,score
59003,E2E Full Test Corporation 1769042316 - AI Lab,2024-04-30,P5-KPI1,Executive Sponsorship,P5,4.43,4.5,>,score
59003,E2E Full Test Corporation 1769042316 - AI Lab,2024-05-30,P5-KPI1,Executive Sponsorship,P5,4.24,4.5,>,score
59003,E2E Full Test Corporation 1769042316 - AI Lab,2024-06-29,P5-KPI1,Executive Sponsorship,P5,4.47,4.5,>,score
59003,E2E Full Test Corporation 1769042316 - AI Lab,2024-07-29,P5-KPI1,Executive Sponsorship,P5,4.35,4.5,>,score
59003,E2E Full Test Corporation 1769042316 - AI Lab,2024-08-28,P5-KPI1,Executive Sponsorship,P5,4.17,4.5,>,score
59003,E2E Full Test Corporation 1769042316 - AI Lab,2024-09-27,P5-KPI1,Executive Sponsorship,P5,4.46,4.5,>,score
59003,E2E Full Test Corporation 1769042316 - AI Lab,2024-10-27,P5-KPI1,Executive Sponsorship,P5,4.27,4.5,>,score
59003,E2E Full Test Corporation 1769042316 - AI Lab,2024-11-26,P5-KPI1,Executive Sponsorship,P5,4.27,4.5,>,score
59003,E2E Full Test Corporation 1769042316 - AI Lab,2024-01-01,P5-KPI2,Renewal Likelihood,P5,94.19,95.0,>,%
59003,E2E Full Test Corporation 1769042316 - AI Lab,2024-01-31,P5-KPI2,Renewal Likelihood,P5,93.43,95.0,>,%
59003,E2E Full Test Corporation 1769042316 - AI Lab,2024-03-01,P5-KPI2,Renewal Likelihood,P5,87.83,95.0,>,%
59003,E2E Full Test Corporation 1769042316 - AI Lab,2024-03-31,P5-KPI2,Renewal Likelihood,P5,94.81,95.0,>,%
59003,E2E Full Test Corporation 1769042316 - AI Lab,2024-04-30,P5-KPI2,Renewal Likelihood,P5,90.19,95.0,>,%
59003,E2E Full Test Corporation 1769042316 - AI Lab,2024-05-30,P5-KPI2,Renewal Likelihood,P5,94.07,95.0,>,%
59003,E2E Full Test Corporation 1769042316 - AI Lab,2024-06-29,P5-KPI2,Renewal Likelihood,P5,91.49,95.0,>,%
59003,E2E Full Test Corporation 1769042316 - AI Lab,2024-07-29,P5-KPI2,Renewal Likelihood,P5,91.07,95.0,>,%
59003,E2E Full Test Corporation 1769042316 - AI Lab,2024-08-28,P5-KPI2,Renewal Likelihood,P5,91.05,95.0,>,%
59003,E2E Full Test Corporation 1769042316 - AI Lab,2024-09-27,P5-KPI2,Renewal Likelihood,P5,92.18,95.0,>,%
59003,E2E Full Test Corporation 1769042316 - AI Lab,2024-10-27,P5-KPI2,Renewal Likelihood,P5,95.6,95.0,>,%
59003,E2E Full Test Corporation 1769042316 - AI Lab,2024-11-26,P5-KPI2,Renewal Likelihood,P5,87.33,95.0,>,%
59003,E2E Full Test Corporation 1769042316 - AI Lab,2024-01-01,P5-KPI3,Expansion Pipeline,P5,1.86,2.0,>,$M
59003,E2E Full Test Corporation 1769042316 - AI Lab,2024-01-31,P5-KPI3,Expansion Pipeline,P5,1.83,2.0,>,$M
59003,E2E Full Test Corporation 1769042316 - AI Lab,2024-03-01,P5-KPI3,Expansion Pipeline,P5,1.79,2.0,>,$M
59003,E2E Full Test Corporation 1769042316 - AI Lab,2024-03-31,P5-KPI3,Expansion Pipeline,P5,1.78,2.0,>,$M
59003,E2E Full Test Corporation 1769042316 - AI Lab,2024-04-30,P5-KPI3,Expansion Pipeline,P5,1.84,2.0,>,$M
59003,E2E Full Test Corporation 1769042316 - AI Lab,2024-05-30,P5-KPI3,Expansion Pipeline,P5,1.82,2.0,>,$M
59003,E2E Full Test Corporation 1769042316 - AI Lab,2024-06-29,P5-KPI3,Expansion Pipeline,P5,1.74,2.0,>,$M
59003,E2E Full Test Corporation 1769042316 - AI Lab,2024-07-29,P5-KPI3,Expansion Pipeline,P5,1.77,2.0,>,$M
59003,E2E Full Test Corporation 1769042316 - AI Lab,2024-08-28,P5-KPI3,Expansion Pipeline,P5,1.69,2.0,>,$M
59003,E2E Full Test Corporation 1769042316 - AI Lab,2024-09-27,P5-KPI3,Expansion Pipeline,P5,1.76,2.0,>,$M
59003,E2E Full Test Corporation 1769042316 - AI Lab,2024-10-27,P5-KPI3,Expansion Pipeline,P5,1.78,2.0,>,$M
59003,E2E Full Test Corporation 1769042316 - AI Lab,2024-11-26,P5-KPI3,Expansion Pipeline,P5,1.7,2.0,>,$M
59003,E2E Full Test Corporation 1769042316 - AI Lab,2024-01-01,P5-KPI4,Reference Willingness,P5,3.68,4.0,>,score
59003,E2E Full Test Corporation 1769042316 - AI Lab,2024-01-31,P5-KPI4,Reference Willingness,P5,3.75,4.0,>,score
59003,E2E Full Test Corporation 1769042316 - AI Lab,2024-03-01,P5-KPI4,Reference Willingness,P5,3.75,4.0,>,score
59003,E2E Full Test Corporation 1769042316 - AI Lab,2024-03-31,P5-KPI4,Reference Willingness,P5,3.87,4.0,>,score
59003,E2E Full Test Corporation 1769042316 - AI Lab,2024-04-30,P5-KPI4,Reference Willingness,P5,3.88,4.0,>,score
59003,E2E Full Test Corporation 1769042316 - AI Lab,2024-05-30,P5-KPI4,Reference Willingness,P5,3.56,4.0,>,score
59003,E2E Full Test Corporation 1769042316 - AI Lab,2024-06-29,P5-KPI4,Reference Willingness,P5,3.64,4.0,>,score
59003,E2E Full Test Corporation 1769042316 - AI Lab,2024-07-29,P5-KPI4,Reference Willingness,P5,3.58,4.0,>,score
59003,E2E Full Test Corporation 1769042316 - AI Lab,2024-08-28,P5-KPI4,Reference Willingness,P5,3.62,4.0,>,score
59003,E2E Full Test Corporation 1769042316 - AI Lab,2024-09-27,P5-KPI4,Reference Willingness,P5,3.52,4.0,>,score
59003,E2E Full Test Corporation 1769042316 - AI Lab,2024-10-27,P5-KPI4,Reference Willingness,P5,3.61,4.0,>,score
59003,E2E Full Test Corporation 1769042316 - AI Lab,2024-11-26,P5-KPI4,Reference Willingness,P5,3.7,4.0,>,score
59003,E2E Full Test Corporation 1769042316 - AI Lab,2024-01-01,P5-KPI5,Strategic Alignment,P5,80.92,85.0,>,score
59003,E2E Full Test Corporation 1769042316 - AI Lab,2024-01-31,P5-KPI5,Strategic Alignment,P5,80.91,85.0,>,score
59003,E2E Full Test Corporation 1769042316 - AI Lab,2024-03-01,P5-KPI5,Strategic Alignment,P5,80.77,85.0,>,score
59003,E2E Full Test Corporation 1769042316 - AI Lab,2024-03-31,P5-KPI5,Strategic Alignment,P5,83.24,85.0,>,score
59003,E2E Full Test Corporation 1769042316 - AI Lab,2024-04-30,P5-KPI5,Strategic Alignment,P5,80.6,85.0,>,score
59003,E2E Full Test Corporation 1769042316 - AI Lab,2024-05-30,P5-KPI5,Strategic Alignment,P5,83.4,85.0,>,score
59003,E2E Full Test Corporation 1769042316 - AI Lab,2024-06-29,P5-KPI5,Strategic Alignment,P5,79.22,85.0,>,score
59003,E2E Full Test Corporation 1769042316 - AI Lab,2024-07-29,P5-KPI5,Strategic Alignment,P5,84.89,85.0,>,score
59003,E2E Full Test Corporation 1769042316 - AI Lab,2024-08-28,P5-KPI5,Strategic Alignment,P5,84.04,85.0,>,score
59003,E2E Full Test Corporation 1769042316 - AI Lab,2024-09-27,P5-KPI5,Strategic Alignment,P5,85.18,85.0,>,score
59003,E2E Full Test Corporation 1769042316 - AI Lab,2024-10-27,P5-KPI5,Strategic Alignment,P5,81.83,85.0,>,score
59003,E2E Full Test Corporation 1769042316 - AI Lab,2024-11-26,P5-KPI5,Strategic Alignment,P5,81.13,85.0,>,score
59003,E2E Full Test Corporation 1769042316 - AI Lab,2024-01-01,P5-KPI6,Partnership Depth,P5,73.16,80.0,>,score
59003,E2E Full Test Corporation 1769042316 - AI Lab,2024-01-31,P5-KPI6,Partnership Depth,P5,74.78,80.0,>,score
59003,E2E Full Test Corporation 1769042316 - AI Lab,2024-03-01,P5-KPI6,Partnership Depth,P5,76.56,80.0,>,score
59003,E2E Full Test Corporation 1769042316 - AI Lab,2024-03-31,P5-KPI6,Partnership Depth,P5,75.42,80.0,>,score
59003,E2E Full Test Corporation 1769042316 - AI Lab,2024-04-30,P5-KPI6,Partnership Depth,P5,75.48,80.0,>,score
59003,E2E Full Test Corporation 1769042316 - AI Lab,2024-05-30,P5-KPI6,Partnership Depth,P5,76.21,80.0,>,score
59003,E2E Full Test Corporation 1769042316 - AI Lab,2024-06-29,P5-KPI6,Partnership Depth,P5,74.53,80.0,>,score
59003,E2E Full Test Corporation 1769042316 - AI Lab,2024-07-29,P5-KPI6,Partnership Depth,P5,77.65,80.0,>,score
59003,E2E Full Test Corporation 1769042316 - AI Lab,2024-08-28,P5-KPI6,Partnership Depth,P5,72.67,80.0,>,score
59003,E2E Full Test Corporation 1769042316 - AI Lab,2024-09-27,P5-KPI6,Partnership Depth,P5,72.79,80.0,>,score
59003,E2E Full Test Corporation 1769042316 - AI Lab,2024-10-27,P5-KPI6,Partnership Depth,P5,75.34,80.0,>,score
59003,E2E Full Test Corporation 1769042316 - AI Lab,2024-11-26,P5-KPI6,Partnership Depth,P5,76.26,80.0,>,score
59003,E2E Full Test Corporation 1769042316 - AI Lab,2024-01-01,P5-KPI7,NPS Score,P5,63.28,70.0,>,score
59003,E2E Full Test Corporation 1769042316 - AI Lab,2024-01-31,P5-KPI7,NPS Score,P5,64.67,70.0,>,score
59003,E2E Full Test Corporation 1769042316 - AI Lab,2024-03-01,P5-KPI7,NPS Score,P5,68.7,70.0,>,score
59003,E2E Full Test Corporation 1769042316 - AI Lab,2024-03-31,P5-KPI7,NPS Score,P5,64.49,70.0,>,score
59003,E2E Full Test Corporation 1769042316 - AI Lab,2024-04-30,P5-KPI7,NPS Score,P5,64.43,70.0,>,score
59003,E2E Full Test Corporation 1769042316 - AI Lab,2024-05-30,P5-KPI7,NPS Score,P5,64.17,70.0,>,score
59003,E2E Full Test Corporation 1769042316 - AI Lab,2024-06-29,P5-KPI7,NPS Score,P5,68.25,70.0,>,score
59003,E2E Full Test Corporation 1769042316 - AI Lab,2024-07-29,P5-KPI7,NPS Score,P5,66.0,70.0,>,score
59003,E2E Full Test Corporation 1769042316 - AI Lab,2024-08-28,P5-KPI7,NPS Score,P5,63.71,70.0,>,score
59003,E2E Full Test Corporation 1769042316 - AI Lab,2024-09-27,P5-KPI7,NPS Score,P5,66.1,70.0,>,score
59003,E2E Full Test Corporation 1769042316 - AI Lab,2024-10-27,P5-KPI7,NPS Score,P5,64.35,70.0,>,score
59003,E2E Full Test Corporation 1769042316 - AI Lab,2024-11-26,P5-KPI7,NPS Score,P5,64.59,70.0,>,score
59004,E2E Full Test Corporation 1769042316 - Production,2024-01-01,P1-KPI1,System Uptime,P1,100.0,99.9,>,%
59004,E2E Full Test Corporation 1769042316 - Production,2024-01-31,P1-KPI1,System Uptime,P1,98.0,99.9,>,%
59004,E2E Full Test Corporation 1769042316 - Production,2024-03-01,P1-KPI1,System Uptime,P1,98.0,99.9,>,%
59004,E2E Full Test Corporation 1769042316 - Production,2024-03-31,P1-KPI1,System Uptime,P1,100.0,99.9,>,%
59004,E2E Full Test Corporation 1769042316 - Production,2024-04-30,P1-KPI1,System Uptime,P1,98.0,99.9,>,%
59004,E2E Full Test Corporation 1769042316 - Production,2024-05-30,P1-KPI1,System Uptime,P1,100.0,99.9,>,%
59004,E2E Full Test Corporation 1769042316 - Production,2024-06-29,P1-KPI1,System Uptime,P1,98.0,99.9,>,%
59004,E2E Full Test Corporation 1769042316 - Production,2024-07-29,P1-KPI1,System Uptime,P1,98.0,99.9,>,%
59004,E2E Full Test Corporation 1769042316 - Production,2024-08-28,P1-KPI1,System Uptime,P1,98.0,99.9,>,%
59004,E2E Full Test Corporation 1769042316 - Production,2024-09-27,P1-KPI1,System Uptime,P1,98.0,99.9,>,%
59004,E2E Full Test Corporation 1769042316 - Production,2024-10-27,P1-KPI1,System Uptime,P1,99.95,99.9,>,%
59004,E2E Full Test Corporation 1769042316 - Production,2024-11-26,P1-KPI1,System Uptime,P1,100.0,99.9,>,%
59004,E2E Full Test Corporation 1769042316 - Production,2024-01-01,P1-KPI2,Mean Time to Resolution,P1,3.63,2.0,<,hours
59004,E2E Full Test Corporation 1769042316 - Production,2024-01-31,P1-KPI2,Mean Time to Resolution,P1,3.68,2.0,<,hours
59004,E2E Full Test Corporation 1769042316 - Production,2024-03-01,P1-KPI2,Mean Time to Resolution,P1,3.72,2.0,<,hours
59004,E2E Full Test Corporation 1769042316 - Production,2024-03-31,P1-KPI2,Mean Time to Resolution,P1,3.71,2.0,<,hours
59004,E2E Full Test Corporation 1769042316 - Production,2024-04-30,P1-KPI2,Mean Time to Resolution,P1,3.86,2.0,<,hours
59004,E2E Full Test Corporation 1769042316 - Production,2024-05-30,P1-KPI2,Mean Time to Resolution,P1,4.91,2.0,<,hours
59004,E2E Full Test Corporation 1769042316 - Production,2024-06-29,P1-KPI2,Mean Time to Resolution,P1,4.74,2.0,<,hours
59004,E2E Full Test Corporation 1769042316 - Production,2024-07-29,P1-KPI2,Mean Time to Resolution,P1,4.78,2.0,<,hours
59004,E2E Full Test Corporation 1769042316 - Production,2024-08-28,P1-KPI2,Mean Time to Resolution,P1,3.97,2.0,<,hours
59004,E2E Full Test Corporation 1769042316 - Production,2024-09-27,P1-KPI2,Mean Time to Resolution,P1,3.94,2.0,<,hours
59004,E2E Full Test Corporation 1769042316 - Production,2024-10-27,P1-KPI2,Mean Time to Resolution,P1,3.73,2.0,<,hours
59004,E2E Full Test Corporation 1769042316 - Production,2024-11-26,P1-KPI2,Mean Time to Resolution,P1,3.63,2.0,<,hours
59004,E2E Full Test Corporation 1769042316 - Production,2024-01-01,P1-KPI3,GPU Utilization,P1,76.4,85.0,>,%
59004,E2E Full Test Corporation 1769042316 - Production,2024-01-31,P1-KPI3,GPU Utilization,P1,80.3,85.0,>,%
59004,E2E Full Test Corporation 1769042316 - Production,2024-03-01,P1-KPI3,GPU Utilization,P1,76.33,85.0,>,%
59004,E2E Full Test Corporation 1769042316 - Production,2024-03-31,P1-KPI3,GPU Utilization,P1,80.77,85.0,>,%
59004,E2E Full Test Corporation 1769042316 - Production,2024-04-30,P1-KPI3,GPU Utilization,P1,73.94,85.0,>,%
59004,E2E Full Test Corporation 1769042316 - Production,2024-05-30,P1-KPI3,GPU Utilization,P1,75.18,85.0,>,%
59004,E2E Full Test Corporation 1769042316 - Production,2024-06-29,P1-KPI3,GPU Utilization,P1,74.77,85.0,>,%
59004,E2E Full Test Corporation 1769042316 - Production,2024-07-29,P1-KPI3,GPU Utilization,P1,71.46,85.0,>,%
59004,E2E Full Test Corporation 1769042316 - Production,2024-08-28,P1-KPI3,GPU Utilization,P1,79.34,85.0,>,%
59004,E2E Full Test Corporation 1769042316 - Production,2024-09-27,P1-KPI3,GPU Utilization,P1,78.96,85.0,>,%
59004,E2E Full Test Corporation 1769042316 - Production,2024-10-27,P1-KPI3,GPU Utilization,P1,80.17,85.0,>,%
59004,E2E Full Test Corporation 1769042316 - Production,2024-11-26,P1-KPI3,GPU Utilization,P1,78.35,85.0,>,%
59004,E2E Full Test Corporation 1769042316 - Production,2024-01-01,P1-KPI4,Network Latency,P1,22.0,10.0,<,ms
59004,E2E Full Test Corporation 1769042316 - Production,2024-01-31,P1-KPI4,Network Latency,P1,23.09,10.0,<,ms
59004,E2E Full Test Corporation 1769042316 - Production,2024-03-01,P1-KPI4,Network Latency,P1,20.96,10.0,<,ms
59004,E2E Full Test Corporation 1769042316 - Production,2024-03-31,P1-KPI4,Network Latency,P1,20.9,10.0,<,ms
59004,E2E Full Test Corporation 1769042316 - Production,2024-04-30,P1-KPI4,Network Latency,P1,21.77,10.0,<,ms
59004,E2E Full Test Corporation 1769042316 - Production,2024-05-30,P1-KPI4,Network Latency,P1,26.9,10.0,<,ms
59004,E2E Full Test Corporation 1769042316 - Production,2024-06-29,P1-KPI4,Network Latency,P1,27.7,10.0,<,ms
59004,E2E Full Test Corporation 1769042316 - Production,2024-07-29,P1-KPI4,Network Latency,P1,28.51,10.0,<,ms
59004,E2E Full Test Corporation 1769042316 - Production,2024-08-28,P1-KPI4,Network Latency,P1,21.75,10.0,<,ms
59004,E2E Full Test Corporation 1769042316 - Production,2024-09-27,P1-KPI4,Network Latency,P1,21.38,10.0,<,ms
59004,E2E Full Test Corporation 1769042316 - Production,2024-10-27,P1-KPI4,Network Latency,P1,22.78,10.0,<,ms
59004,E2E Full Test Corporation 1769042316 - Production,2024-11-26,P1-KPI4,Network Latency,P1,22.28,10.0,<,ms
59004,E2E Full Test Corporation 1769042316 - Production,2024-01-01,P1-KPI5,Storage Performance,P1,81075.75,100000.0,>,IOPS
59004,E2E Full Test Corporation 1769042316 - Production,2024-01-31,P1-KPI5,Storage Performance,P1,87239.89,100000.0,>,IOPS
59004,E2E Full Test Corporation 1769042316 - Production,2024-03-01,P1-KPI5,Storage Performance,P1,85419.85,100000.0,>,IOPS
59004,E2E Full Test Corporation 1769042316 - Production,2024-03-31,P1-KPI5,Storage Performance,P1,83581.6,100000.0,>,IOPS
59004,E2E Full Test Corporation 1769042316 - Production,2024-04-30,P1-KPI5,Storage Performance,P1,84487.24,100000.0,>,IOPS
59004,E2E Full Test Corporation 1769042316 - Production,2024-05-30,P1-KPI5,Storage Performance,P1,78448.14,100000.0,>,IOPS
59004,E2E Full Test Corporation 1769042316 - Production,2024-06-29,P1-KPI5,Storage Performance,P1,76463.41,100000.0,>,IOPS
59004,E2E Full Test Corporation 1769042316 - Production,2024-07-29,P1-KPI5,Storage Performance,P1,79293.57,100000.0,>,IOPS
59004,E2E Full Test Corporation 1769042316 - Production,2024-08-28,P1-KPI5,Storage Performance,P1,86370.88,100000.0,>,IOPS
59004,E2E Full Test Corporation 1769042316 - Production,2024-09-27,P1-KPI5,Storage Performance,P1,88555.67,100000.0,>,IOPS
59004,E2E Full Test Corporation 1769042316 - Production,2024-10-27,P1-KPI5,Storage Performance,P1,81264.1,100000.0,>,IOPS
59004,E2E Full Test Corporation 1769042316 - Production,2024-11-26,P1-KPI5,Storage Performance,P1,87746.7,100000.0,>,IOPS
59004,E2E Full Test Corporation 1769042316 - Production,2024-01-01,P1-KPI6,Cooling Efficiency,P1,1.45,1.3,<,PUE
59004,E2E Full Test Corporation 1769042316 - Production,2024-01-31,P1-KPI6,Cooling Efficiency,P1,1.44,1.3,<,PUE
59004,E2E Full Test Corporation 1769042316 - Production,2024-03-01,P1-KPI6,Cooling Efficiency,P1,1.43,1.3,<,PUE
59004,E2E Full Test Corporation 1769042316 - Production,2024-03-31,P1-KPI6,Cooling Efficiency,P1,1.45,1.3,<,PUE
59004,E2E Full Test Corporation 1769042316 - Production,2024-04-30,P1-KPI6,Cooling Efficiency,P1,1.4,1.3,<,PUE
59004,E2E Full Test Corporation 1769042316 - Production,2024-05-30,P1-KPI6,Cooling Efficiency,P1,1.55,1.3,<,PUE
59004,E2E Full Test Corporation 1769042316 - Production,2024-06-29,P1-KPI6,Cooling Efficiency,P1,1.55,1.3,<,PUE
59004,E2E Full Test Corporation 1769042316 - Production,2024-07-29,P1-KPI6,Cooling Efficiency,P1,1.51,1.3,<,PUE
59004,E2E Full Test Corporation 1769042316 - Production,2024-08-28,P1-KPI6,Cooling Efficiency,P1,1.4,1.3,<,PUE
59004,E2E Full Test Corporation 1769042316 - Production,2024-09-27,P1-KPI6,Cooling Efficiency,P1,1.38,1.3,<,PUE
59004,E2E Full Test Corporation 1769042316 - Production,2024-10-27,P1-KPI6,Cooling Efficiency,P1,1.44,1.3,<,PUE
59004,E2E Full Test Corporation 1769042316 - Production,2024-11-26,P1-KPI6,Cooling Efficiency,P1,1.42,1.3,<,PUE
59004,E2E Full Test Corporation 1769042316 - Production,2024-01-01,P1-KPI7,Power Usage,P1,591.22,500.0,<,kW
59004,E2E Full Test Corporation 1769042316 - Production,2024-01-31,P1-KPI7,Power Usage,P1,603.59,500.0,<,kW
59004,E2E Full Test Corporation 1769042316 - Production,2024-03-01,P1-KPI7,Power Usage,P1,574.73,500.0,<,kW
59004,E2E Full Test Corporation 1769042316 - Production,2024-03-31,P1-KPI7,Power Usage,P1,570.91,500.0,<,kW
59004,E2E Full Test Corporation 1769042316 - Production,2024-04-30,P1-KPI7,Power Usage,P1,564.42,500.0,<,kW
59004,E2E Full Test Corporation 1769042316 - Production,2024-05-30,P1-KPI7,Power Usage,P1,651.46,500.0,<,kW
59004,E2E Full Test Corporation 1769042316 - Production,2024-06-29,P1-KPI7,Power Usage,P1,605.04,500.0,<,kW
59004,E2E Full Test Corporation 1769042316 - Production,2024-07-29,P1-KPI7,Power Usage,P1,658.17,500.0,<,kW
59004,E2E Full Test Corporation 1769042316 - Production,2024-08-28,P1-KPI7,Power Usage,P1,602.43,500.0,<,kW
59004,E2E Full Test Corporation 1769042316 - Production,2024-09-27,P1-KPI7,Power Usage,P1,563.24,500.0,<,kW
59004,E2E Full Test Corporation 1769042316 - Production,2024-10-27,P1-KPI7,Power Usage,P1,610.3,500.0,<,kW
59004,E2E Full Test Corporation 1769042316 - Production,2024-11-26,P1-KPI7,Power Usage,P1,582.13,500.0,<,kW
59004,E2E Full Test Corporation 1769042316 - Production,2024-01-01,P1-KPI8,Thermal Management,P1,28.68,25.0,<,°C
59004,E2E Full Test Corporation 1769042316 - Production,2024-01-31,P1-KPI8,Thermal Management,P1,28.23,25.0,<,°C
59004,E2E Full Test Corporation 1769042316 - Production,2024-03-01,P1-KPI8,Thermal Management,P1,27.16,25.0,<,°C
59004,E2E Full Test Corporation 1769042316 - Production,2024-03-31,P1-KPI8,Thermal Management,P1,29.07,25.0,<,°C
59004,E2E Full Test Corporation 1769042316 - Production,2024-04-30,P1-KPI8,Thermal Management,P1,29.25,25.0,<,°C
59004,E2E Full Test Corporation 1769042316 - Production,2024-05-30,P1-KPI8,Thermal Management,P1,28.99,25.0,<,°C
59004,E2E Full Test Corporation 1769042316 - Production,2024-06-29,P1-KPI8,Thermal Management,P1,30.52,25.0,<,°C
59004,E2E Full Test Corporation 1769042316 - Production,2024-07-29,P1-KPI8,Thermal Management,P1,30.34,25.0,<,°C
59004,E2E Full Test Corporation 1769042316 - Production,2024-08-28,P1-KPI8,Thermal Management,P1,29.27,25.0,<,°C
59004,E2E Full Test Corporation 1769042316 - Production,2024-09-27,P1-KPI8,Thermal Management,P1,27.23,25.0,<,°C
59004,E2E Full Test Corporation 1769042316 - Production,2024-10-27,P1-KPI8,Thermal Management,P1,27.26,25.0,<,°C
59004,E2E Full Test Corporation 1769042316 - Production,2024-11-26,P1-KPI8,Thermal Management,P1,26.71,25.0,<,°C
59004,E2E Full Test Corporation 1769042316 - Production,2024-01-01,P2-KPI1,SLA Compliance,P2,95.0,99.0,>,%
59004,E2E Full Test Corporation 1769042316 - Production,2024-01-31,P2-KPI1,SLA Compliance,P2,100.0,99.0,>,%
59004,E2E Full Test Corporation 1769042316 - Production,2024-03-01,P2-KPI1,SLA Compliance,P2,99.61,99.0,>,%
59004,E2E Full Test Corporation 1769042316 - Production,2024-03-31,P2-KPI1,SLA Compliance,P2,97.27,99.0,>,%
59004,E2E Full Test Corporation 1769042316 - Production,2024-04-30,P2-KPI1,SLA Compliance,P2,99.85,99.0,>,%
59004,E2E Full Test Corporation 1769042316 - Production,2024-05-30,P2-KPI1,SLA Compliance,P2,95.0,99.0,>,%
59004,E2E Full Test Corporation 1769042316 - Production,2024-06-29,P2-KPI1,SLA Compliance,P2,99.76,99.0,>,%
59004,E2E Full Test Corporation 1769042316 - Production,2024-07-29,P2-KPI1,SLA Compliance,P2,98.65,99.0,>,%
59004,E2E Full Test Corporation 1769042316 - Production,2024-08-28,P2-KPI1,SLA Compliance,P2,98.43,99.0,>,%
59004,E2E Full Test Corporation 1769042316 - Production,2024-09-27,P2-KPI1,SLA Compliance,P2,98.41,99.0,>,%
59004,E2E Full Test Corporation 1769042316 - Production,2024-10-27,P2-KPI1,SLA Compliance,P2,100.0,99.0,>,%
59004,E2E Full Test Corporation 1769042316 - Production,2024-11-26,P2-KPI1,SLA Compliance,P2,97.84,99.0,>,%
59004,E2E Full Test Corporation 1769042316 - Production,2024-01-01,P2-KPI2,Incident Response Time,P2,27.52,15.0,<,minutes
59004,E2E Full Test Corporation 1769042316 - Production,2024-01-31,P2-KPI2,Incident Response Time,P2,29.22,15.0,<,minutes
59004,E2E Full Test Corporation 1769042316 - Production,2024-03-01,P2-KPI2,Incident Response Time,P2,29.34,15.0,<,minutes
59004,E2E Full Test Corporation 1769042316 - Production,2024-03-31,P2-KPI2,Incident Response Time,P2,29.62,15.0,<,minutes
59004,E2E Full Test Corporation 1769042316 - Production,2024-04-30,P2-KPI2,Incident Response Time,P2,28.92,15.0,<,minutes
59004,E2E Full Test Corporation 1769042316 - Production,2024-05-30,P2-KPI2,Incident Response Time,P2,33.7,15.0,<,minutes
59004,E2E Full Test Corporation 1769042316 - Production,2024-06-29,P2-KPI2,Incident Response Time,P2,36.34,15.0,<,minutes
59004,E2E Full Test Corporation 1769042316 - Production,2024-07-29,P2-KPI2,Incident Response Time,P2,36.88,15.0,<,minutes
59004,E2E Full Test Corporation 1769042316 - Production,2024-08-28,P2-KPI2,Incident Response Time,P2,27.8,15.0,<,minutes
59004,E2E Full Test Corporation 1769042316 - Production,2024-09-27,P2-KPI2,Incident Response Time,P2,27.14,15.0,<,minutes
59004,E2E Full Test Corporation 1769042316 - Production,2024-10-27,P2-KPI2,Incident Response Time,P2,27.71,15.0,<,minutes
59004,E2E Full Test Corporation 1769042316 - Production,2024-11-26,P2-KPI2,Incident Response Time,P2,28.03,15.0,<,minutes
59004,E2E Full Test Corporation 1769042316 - Production,2024-01-01,P2-KPI3,Change Success Rate,P2,97.56,98.0,>,%
59004,E2E Full Test Corporation 1769042316 - Production,2024-01-31,P2-KPI3,Change Success Rate,P2,99.36,98.0,>,%
59004,E2E Full Test Corporation 1769042316 - Production,2024-03-01,P2-KPI3,Change Success Rate,P2,100.0,98.0,>,%
59004,E2E Full Test Corporation 1769042316 - Production,2024-03-31,P2-KPI3,Change Success Rate,P2,97.4,98.0,>,%
59004,E2E Full Test Corporation 1769042316 - Production,2024-04-30,P2-KPI3,Change Success Rate,P2,92.1,98.0,>,%
59004,E2E Full Test Corporation 1769042316 - Production,2024-05-30,P2-KPI3,Change Success Rate,P2,92.76,98.0,>,%
59004,E2E Full Test Corporation 1769042316 - Production,2024-06-29,P2-KPI3,Change Success Rate,P2,94.88,98.0,>,%
59004,E2E Full Test Corporation 1769042316 - Production,2024-07-29,P2-KPI3,Change Success Rate,P2,90.0,98.0,>,%
59004,E2E Full Test Corporation 1769042316 - Production,2024-08-28,P2-KPI3,Change Success Rate,P2,95.52,98.0,>,%
59004,E2E Full Test Corporation 1769042316 - Production,2024-09-27,P2-KPI3,Change Success Rate,P2,95.98,98.0,>,%
59004,E2E Full Test Corporation 1769042316 - Production,2024-10-27,P2-KPI3,Change Success Rate,P2,96.17,98.0,>,%
59004,E2E Full Test Corporation 1769042316 - Production,2024-11-26,P2-KPI3,Change Success Rate,P2,93.14,98.0,>,%
59004,E2E Full Test Corporation 1769042316 - Production,2024-01-01,P2-KPI4,Backup Success Rate,P2,100.0,100.0,>,%
59004,E2E Full Test Corporation 1769042316 - Production,2024-01-31,P2-KPI4,Backup Success Rate,P2,100.0,100.0,>,%
59004,E2E Full Test Corporation 1769042316 - Production,2024-03-01,P2-KPI4,Backup Success Rate,P2,98.59,100.0,>,%
59004,E2E Full Test Corporation 1769042316 - Production,2024-03-31,P2-KPI4,Backup Success Rate,P2,100.0,100.0,>,%
59004,E2E Full Test Corporation 1769042316 - Production,2024-04-30,P2-KPI4,Backup Success Rate,P2,99.81,100.0,>,%
59004,E2E Full Test Corporation 1769042316 - Production,2024-05-30,P2-KPI4,Backup Success Rate,P2,98.72,100.0,>,%
59004,E2E Full Test Corporation 1769042316 - Production,2024-06-29,P2-KPI4,Backup Success Rate,P2,95.0,100.0,>,%
59004,E2E Full Test Corporation 1769042316 - Production,2024-07-29,P2-KPI4,Backup Success Rate,P2,95.0,100.0,>,%
59004,E2E Full Test Corporation 1769042316 - Production,2024-08-28,P2-KPI4,Backup Success Rate,P2,98.46,100.0,>,%
59004,E2E Full Test Corporation 1769042316 - Production,2024-09-27,P2-KPI4,Backup Success Rate,P2,99.9,100.0,>,%
59004,E2E Full Test Corporation 1769042316 - Production,2024-10-27,P2-KPI4,Backup Success Rate,P2,100.0,100.0,>,%
59004,E2E Full Test Corporation 1769042316 - Production,2024-11-26,P2-KPI4,Backup Success Rate,P2,98.15,100.0,>,%
59004,E2E Full Test Corporation 1769042316 - Production,2024-01-01,P2-KPI5,Patch Compliance,P2,92.13,95.0,>,%
59004,E2E Full Test Corporation 1769042316 - Production,2024-01-31,P2-KPI5,Patch Compliance,P2,90.42,95.0,>,%
59004,E2E Full Test Corporation 1769042316 - Production,2024-03-01,P2-KPI5,Patch Compliance,P2,93.75,95.0,>,%
59004,E2E Full Test Corporation 1769042316 - Production,2024-03-31,P2-KPI5,Patch Compliance,P2,87.75,95.0,>,%
59004,E2E Full Test Corporation 1769042316 - Production,2024-04-30,P2-KPI5,Patch Compliance,P2,91.89,95.0,>,%
59004,E2E Full Test Corporation 1769042316 - Production,2024-05-30,P2-KPI5,Patch Compliance,P2,87.99,95.0,>,%
59004,E2E Full Test Corporation 1769042316 - Production,2024-06-29,P2-KPI5,Patch Compliance,P2,85.13,95.0,>,%
59004,E2E Full Test Corporation 1769042316 - Production,2024-07-29,P2-KPI5,Patch Compliance,P2,91.15,95.0,>,%
59004,E2E Full Test Corporation 1769042316 - Production,2024-08-28,P2-KPI5,Patch Compliance,P2,89.94,95.0,>,%
59004,E2E Full Test Corporation 1769042316 - Production,2024-09-27,P2-KPI5,Patch Compliance,P2,92.14,95.0,>,%
59004,E2E Full Test Corporation 1769042316 - Production,2024-10-27,P2-KPI5,Patch Compliance,P2,91.77,95.0,>,%
59004,E2E Full Test Corporation 1769042316 - Production,2024-11-26,P2-KPI5,Patch Compliance,P2,92.23,95.0,>,%
59004,E2E Full Test Corporation 1769042316 - Production,2024-01-01,P2-KPI6,Service Request Fulfillment,P2,5.21,3.0,<,days
59004,E2E Full Test Corporation 1769042316 - Production,2024-01-31,P2-KPI6,Service Request Fulfillment,P2,5.22,3.0,<,days
59004,E2E Full Test Corporation 1769042316 - Production,2024-03-01,P2-KPI6,Service Request Fulfillment,P2,5.13,3.0,<,days
59004,E2E Full Test Corporation 1769042316 - Production,2024-03-31,P2-KPI6,Service Request Fulfillment,P2,4.86,3.0,<,days
59004,E2E Full Test Corporation 1769042316 - Production,2024-04-30,P2-KPI6,Service Request Fulfillment,P2,5.2,3.0,<,days
59004,E2E Full Test Corporation 1769042316 - Production,2024-05-30,P2-KPI6,Service Request Fulfillment,P2,5.94,3.0,<,days
59004,E2E Full Test Corporation 1769042316 - Production,2024-06-29,P2-KPI6,Service Request Fulfillment,P2,6.12,3.0,<,days
59004,E2E Full Test Corporation 1769042316 - Production,2024-07-29,P2-KPI6,Service Request Fulfillment,P2,6.31,3.0,<,days
59004,E2E Full Test Corporation 1769042316 - Production,2024-08-28,P2-KPI6,Service Request Fulfillment,P2,5.07,3.0,<,days
59004,E2E Full Test Corporation 1769042316 - Production,2024-09-27,P2-KPI6,Service Request Fulfillment,P2,5.32,3.0,<,days
59004,E2E Full Test Corporation 1769042316 - Production,2024-10-27,P2-KPI6,Service Request Fulfillment,P2,4.95,3.0,<,days
59004,E2E Full Test Corporation 1769042316 - Production,2024-11-26,P2-KPI6,Service Request Fulfillment,P2,4.98,3.0,<,days
59004,E2E Full Test Corporation 1769042316 - Production,2024-01-01,P2-KPI7,Capacity Planning Accuracy,P2,82.55,90.0,>,%
59004,E2E Full Test Corporation 1769042316 - Production,2024-01-31,P2-KPI7,Capacity Planning Accuracy,P2,80.51,90.0,>,%
59004,E2E Full Test Corporation 1769042316 - Production,2024-03-01,P2-KPI7,Capacity Planning Accuracy,P2,86.29,90.0,>,%
59004,E2E Full Test Corporation 1769042316 - Production,2024-03-31,P2-KPI7,Capacity Planning Accuracy,P2,87.39,90.0,>,%
59004,E2E Full Test Corporation 1769042316 - Production,2024-04-30,P2-KPI7,Capacity Planning Accuracy,P2,84.01,90.0,>,%
59004,E2E Full Test Corporation 1769042316 - Production,2024-05-30,P2-KPI7,Capacity Planning Accuracy,P2,82.0,90.0,>,%
59004,E2E Full Test Corporation 1769042316 - Production,2024-06-29,P2-KPI7,Capacity Planning Accuracy,P2,79.72,90.0,>,%
59004,E2E Full Test Corporation 1769042316 - Production,2024-07-29,P2-KPI7,Capacity Planning Accuracy,P2,79.06,90.0,>,%
59004,E2E Full Test Corporation 1769042316 - Production,2024-08-28,P2-KPI7,Capacity Planning Accuracy,P2,86.56,90.0,>,%
59004,E2E Full Test Corporation 1769042316 - Production,2024-09-27,P2-KPI7,Capacity Planning Accuracy,P2,85.4,90.0,>,%
59004,E2E Full Test Corporation 1769042316 - Production,2024-10-27,P2-KPI7,Capacity Planning Accuracy,P2,87.0,90.0,>,%
59004,E2E Full Test Corporation 1769042316 - Production,2024-11-26,P2-KPI7,Capacity Planning Accuracy,P2,82.88,90.0,>,%
59004,E2E Full Test Corporation 1769042316 - Production,2024-01-01,P2-KPI8,Documentation Quality,P2,80.6,85.0,>,score
59004,E2E Full Test Corporation 1769042316 - Production,2024-01-31,P2-KPI8,Documentation Quality,P2,74.6,85.0,>,score
59004,E2E Full Test Corporation 1769042316 - Production,2024-03-01,P2-KPI8,Documentation Quality,P2,79.19,85.0,>,score
59004,E2E Full Test Corporation 1769042316 - Production,2024-03-31,P2-KPI8,Documentation Quality,P2,76.73,85.0,>,score
59004,E2E Full Test Corporation 1769042316 - Production,2024-04-30,P2-KPI8,Documentation Quality,P2,77.1,85.0,>,score
59004,E2E Full Test Corporation 1769042316 - Production,2024-05-30,P2-KPI8,Documentation Quality,P2,73.14,85.0,>,score
59004,E2E Full Test Corporation 1769042316 - Production,2024-06-29,P2-KPI8,Documentation Quality,P2,73.19,85.0,>,score
59004,E2E Full Test Corporation 1769042316 - Production,2024-07-29,P2-KPI8,Documentation Quality,P2,72.79,85.0,>,score
59004,E2E Full Test Corporation 1769042316 - Production,2024-08-28,P2-KPI8,Documentation Quality,P2,76.81,85.0,>,score
59004,E2E Full Test Corporation 1769042316 - Production,2024-09-27,P2-KPI8,Documentation Quality,P2,74.92,85.0,>,score
59004,E2E Full Test Corporation 1769042316 - Production,2024-10-27,P2-KPI8,Documentation Quality,P2,79.16,85.0,>,score
59004,E2E Full Test Corporation 1769042316 - Production,2024-11-26,P2-KPI8,Documentation Quality,P2,76.97,85.0,>,score
59004,E2E Full Test Corporation 1769042316 - Production,2024-01-01,P3-KPI1,CSAT Score,P3,4.06,4.5,>,score
59004,E2E Full Test Corporation 1769042316 - Production,2024-01-31,P3-KPI1,CSAT Score,P3,3.98,4.5,>,score
59004,E2E Full Test Corporation 1769042316 - Production,2024-03-01,P3-KPI1,CSAT Score,P3,3.86,4.5,>,score
59004,E2E Full Test Corporation 1769042316 - Production,2024-03-31,P3-KPI1,CSAT Score,P3,4.23,4.5,>,score
59004,E2E Full Test Corporation 1769042316 - Production,2024-04-30,P3-KPI1,CSAT Score,P3,4.06,4.5,>,score
59004,E2E Full Test Corporation 1769042316 - Production,2024-05-30,P3-KPI1,CSAT Score,P3,3.96,4.5,>,score
59004,E2E Full Test Corporation 1769042316 - Production,2024-06-29,P3-KPI1,CSAT Score,P3,3.98,4.5,>,score
59004,E2E Full Test Corporation 1769042316 - Production,2024-07-29,P3-KPI1,CSAT Score,P3,4.01,4.5,>,score
59004,E2E Full Test Corporation 1769042316 - Production,2024-08-28,P3-KPI1,CSAT Score,P3,3.85,4.5,>,score
59004,E2E Full Test Corporation 1769042316 - Production,2024-09-27,P3-KPI1,CSAT Score,P3,4.05,4.5,>,score
59004,E2E Full Test Corporation 1769042316 - Production,2024-10-27,P3-KPI1,CSAT Score,P3,4.07,4.5,>,score
59004,E2E Full Test Corporation 1769042316 - Production,2024-11-26,P3-KPI1,CSAT Score,P3,3.89,4.5,>,score
59004,E2E Full Test Corporation 1769042316 - Production,2024-01-01,P3-KPI2,Support Ticket Volume,P3,42.11,20.0,<,tickets
59004,E2E Full Test Corporation 1769042316 - Production,2024-01-31,P3-KPI2,Support Ticket Volume,P3,43.94,20.0,<,tickets
59004,E2E Full Test Corporation 1769042316 - Production,2024-03-01,P3-KPI2,Support Ticket Volume,P3,42.96,20.0,<,tickets
59004,E2E Full Test Corporation 1769042316 - Production,2024-03-31,P3-KPI2,Support Ticket Volume,P3,43.38,20.0,<,tickets
59004,E2E Full Test Corporation 1769042316 - Production,2024-04-30,P3-KPI2,Support Ticket Volume,P3,42.88,20.0,<,tickets
59004,E2E Full Test Corporation 1769042316 - Production,2024-05-30,P3-KPI2,Support Ticket Volume,P3,55.49,20.0,<,tickets
59004,E2E Full Test Corporation 1769042316 - Production,2024-06-29,P3-KPI2,Support Ticket Volume,P3,56.3,20.0,<,tickets
59004,E2E Full Test Corporation 1769042316 - Production,2024-07-29,P3-KPI2,Support Ticket Volume,P3,58.58,20.0,<,tickets
59004,E2E Full Test Corporation 1769042316 - Production,2024-08-28,P3-KPI2,Support Ticket Volume,P3,43.26,20.0,<,tickets
59004,E2E Full Test Corporation 1769042316 - Production,2024-09-27,P3-KPI2,Support Ticket Volume,P3,43.31,20.0,<,tickets
59004,E2E Full Test Corporation 1769042316 - Production,2024-10-27,P3-KPI2,Support Ticket Volume,P3,45.63,20.0,<,tickets
59004,E2E Full Test Corporation 1769042316 - Production,2024-11-26,P3-KPI2,Support Ticket Volume,P3,43.95,20.0,<,tickets
59004,E2E Full Test Corporation 1769042316 - Production,2024-01-01,P3-KPI3,First Contact Resolution,P3,70.42,75.0,>,%
59004,E2E Full Test Corporation 1769042316 - Production,2024-01-31,P3-KPI3,First Contact Resolution,P3,68.69,75.0,>,%
59004,E2E Full Test Corporation 1769042316 - Production,2024-03-01,P3-KPI3,First Contact Resolution,P3,68.29,75.0,>,%
59004,E2E Full Test Corporation 1769042316 - Production,2024-03-31,P3-KPI3,First Contact Resolution,P3,70.42,75.0,>,%
59004,E2E Full Test Corporation 1769042316 - Production,2024-04-30,P3-KPI3,First Contact Resolution,P3,65.48,75.0,>,%
59004,E2E Full Test Corporation 1769042316 - Production,2024-05-30,P3-KPI3,First Contact Resolution,P3,61.09,75.0,>,%
59004,E2E Full Test Corporation 1769042316 - Production,2024-06-29,P3-KPI3,First Contact Resolution,P3,64.78,75.0,>,%
59004,E2E Full Test Corporation 1769042316 - Production,2024-07-29,P3-KPI3,First Contact Resolution,P3,66.31,75.0,>,%
59004,E2E Full Test Corporation 1769042316 - Production,2024-08-28,P3-KPI3,First Contact Resolution,P3,68.41,75.0,>,%
59004,E2E Full Test Corporation 1769042316 - Production,2024-09-27,P3-KPI3,First Contact Resolution,P3,68.93,75.0,>,%
59004,E2E Full Test Corporation 1769042316 - Production,2024-10-27,P3-KPI3,First Contact Resolution,P3,65.76,75.0,>,%
59004,E2E Full Test Corporation 1769042316 - Production,2024-11-26,P3-KPI3,First Contact Resolution,P3,65.33,75.0,>,%
59004,E2E Full Test Corporation 1769042316 - Production,2024-01-01,P3-KPI4,Training Completion,P3,84.93,90.0,>,%
59004,E2E Full Test Corporation 1769042316 - Production,2024-01-31,P3-KPI4,Training Completion,P3,84.06,90.0,>,%
59004,E2E Full Test Corporation 1769042316 - Production,2024-03-01,P3-KPI4,Training Completion,P3,77.8,90.0,>,%
59004,E2E Full Test Corporation 1769042316 - Production,2024-03-31,P3-KPI4,Training Completion,P3,81.67,90.0,>,%
59004,E2E Full Test Corporation 1769042316 - Production,2024-04-30,P3-KPI4,Training Completion,P3,80.57,90.0,>,%
59004,E2E Full Test Corporation 1769042316 - Production,2024-05-30,P3-KPI4,Training Completion,P3,74.74,90.0,>,%
59004,E2E Full Test Corporation 1769042316 - Production,2024-06-29,P3-KPI4,Training Completion,P3,74.43,90.0,>,%
59004,E2E Full Test Corporation 1769042316 - Production,2024-07-29,P3-KPI4,Training Completion,P3,80.23,90.0,>,%
59004,E2E Full Test Corporation 1769042316 - Production,2024-08-28,P3-KPI4,Training Completion,P3,82.83,90.0,>,%
59004,E2E Full Test Corporation 1769042316 - Production,2024-09-27,P3-KPI4,Training Completion,P3,84.64,90.0,>,%
59004,E2E Full Test Corporation 1769042316 - Production,2024-10-27,P3-KPI4,Training Completion,P3,81.66,90.0,>,%
59004,E2E Full Test Corporation 1769042316 - Production,2024-11-26,P3-KPI4,Training Completion,P3,84.2,90.0,>,%
59004,E2E Full Test Corporation 1769042316 - Production,2024-01-01,P3-KPI5,User Adoption Rate,P3,72.46,80.0,>,%
59004,E2E Full Test Corporation 1769042316 - Production,2024-01-31,P3-KPI5,User Adoption Rate,P3,73.41,80.0,>,%
59004,E2E Full Test Corporation 1769042316 - Production,2024-03-01,P3-KPI5,User Adoption Rate,P3,68.49,80.0,>,%
59004,E2E Full Test Corporation 1769042316 - Production,2024-03-31,P3-KPI5,User Adoption Rate,P3,69.02,80.0,>,%
59004,E2E Full Test Corporation 1769042316 - Production,2024-04-30,P3-KPI5,User Adoption Rate,P3,69.65,80.0,>,%
59004,E2E Full Test Corporation 1769042316 - Production,2024-05-30,P3-KPI5,User Adoption Rate,P3,63.51,80.0,>,%
59004,E2E Full Test Corporation 1769042316 - Production,2024-06-29,P3-KPI5,User Adoption Rate,P3,63.84,80.0,>,%
59004,E2E Full Test Corporation 1769042316 - Production,2024-07-29,P3-KPI5,User Adoption Rate,P3,66.43,80.0,>,%
59004,E2E Full Test Corporation 1769042316 - Production,2024-08-28,P3-KPI5,User Adoption Rate,P3,67.73,80.0,>,%
59004,E2E Full Test Corporation 1769042316 - Production,2024-09-27,P3-KPI5,User Adoption Rate,P3,68.33,80.0,>,%
59004,E2E Full Test Corporation 1769042316 - Production,2024-10-27,P3-KPI5,User Adoption Rate,P3,74.52,80.0,>,%
59004,E2E Full Test Corporation 1769042316 - Production,2024-11-26,P3-KPI5,User Adoption Rate,P3,70.59,80.0,>,%
59004,E2E Full Test Corporation 1769042316 - Production,2024-01-01,P3-KPI6,Executive Engagement,P3,3.42,4.0,>,meetings/quarter
59004,E2E Full Test Corporation 1769042316 - Production,2024-01-31,P3-KPI6,Executive Engagement,P3,3.55,4.0,>,meetings/quarter
59004,E2E Full Test Corporation 1769042316 - Production,2024-03-01,P3-KPI6,Executive Engagement,P3,3.32,4.0,>,meetings/quarter
59004,E2E Full Test Corporation 1769042316 - Production,2024-03-31,P3-KPI6,Executive Engagement,P3,3.52,4.0,>,meetings/quarter
59004,E2E Full Test Corporation 1769042316 - Production,2024-04-30,P3-KPI6,Executive Engagement,P3,3.39,4.0,>,meetings/quarter
59004,E2E Full Test Corporation 1769042316 - Production,2024-05-30,P3-KPI6,Executive Engagement,P3,3.13,4.0,>,meetings/quarter
59004,E2E Full Test Corporation 1769042316 - Production,2024-06-29,P3-KPI6,Executive Engagement,P3,2.99,4.0,>,meetings/quarter
59004,E2E Full Test Corporation 1769042316 - Production,2024-07-29,P3-KPI6,Executive Engagement,P3,3.23,4.0,>,meetings/quarter
59004,E2E Full Test Corporation 1769042316 - Production,2024-08-28,P3-KPI6,Executive Engagement,P3,3.39,4.0,>,meetings/quarter
59004,E2E Full Test Corporation 1769042316 - Production,2024-09-27,P3-KPI6,Executive Engagement,P3,3.36,4.0,>,meetings/quarter
59004,E2E Full Test Corporation 1769042316 - Production,2024-10-27,P3-KPI6,Executive Engagement,P3,3.47,4.0,>,meetings/quarter
59004,E2E Full Test Corporation 1769042316 - Production,2024-11-26,P3-KPI6,Executive Engagement,P3,3.28,4.0,>,meetings/quarter
59004,E2E Full Test Corporation 1769042316 - Production,2024-01-01,P3-KPI7,Response Time SLA,P3,55.87,30.0,<,minutes
59004,E2E Full Test Corporation 1769042316 - Production,2024-01-31,P3-KPI7,Response Time SLA,P3,54.5,30.0,<,minutes
59004,E2E Full Test Corporation 1769042316 - Production,2024-03-01,P3-KPI7,Response Time SLA,P3,54.99,30.0,<,minutes
59004,E2E Full Test Corporation 1769042316 - Production,2024-03-31,P3-KPI7,Response Time SLA,P3,55.9,30.0,<,minutes
59004,E2E Full Test Corporation 1769042316 - Production,2024-04-30,P3-KPI7,Response Time SLA,P3,58.02,30.0,<,minutes
59004,E2E Full Test Corporation 1769042316 - Production,2024-05-30,P3-KPI7,Response Time SLA,P3,72.74,30.0,<,minutes
59004,E2E Full Test Corporation 1769042316 - Production,2024-06-29,P3-KPI7,Response Time SLA,P3,72.93,30.0,<,minutes
59004,E2E Full Test Corporation 1769042316 - Production,2024-07-29,P3-KPI7,Response Time SLA,P3,72.21,30.0,<,minutes
59004,E2E Full Test Corporation 1769042316 - Production,2024-08-28,P3-KPI7,Response Time SLA,P3,59.07,30.0,<,minutes
59004,E2E Full Test Corporation 1769042316 - Production,2024-09-27,P3-KPI7,Response Time SLA,P3,59.62,30.0,<,minutes
59004,E2E Full Test Corporation 1769042316 - Production,2024-10-27,P3-KPI7,Response Time SLA,P3,58.7,30.0,<,minutes
59004,E2E Full Test Corporation 1769042316 - Production,2024-11-26,P3-KPI7,Response Time SLA,P3,58.61,30.0,<,minutes
59004,E2E Full Test Corporation 1769042316 - Production,2024-01-01,P4-KPI1,ROI Achievement,P4,134.49,150.0,>,%
59004,E2E Full Test Corporation 1769042316 - Production,2024-01-31,P4-KPI1,ROI Achievement,P4,139.37,150.0,>,%
59004,E2E Full Test Corporation 1769042316 - Production,2024-03-01,P4-KPI1,ROI Achievement,P4,128.65,150.0,>,%
59004,E2E Full Test Corporation 1769042316 - Production,2024-03-31,P4-KPI1,ROI Achievement,P4,133.69,150.0,>,%
59004,E2E Full Test Corporation 1769042316 - Production,2024-04-30,P4-KPI1,ROI Achievement,P4,138.87,150.0,>,%
59004,E2E Full Test Corporation 1769042316 - Production,2024-05-30,P4-KPI1,ROI Achievement,P4,125.08,150.0,>,%
59004,E2E Full Test Corporation 1769042316 - Production,2024-06-29,P4-KPI1,ROI Achievement,P4,123.66,150.0,>,%
59004,E2E Full Test Corporation 1769042316 - Production,2024-07-29,P4-KPI1,ROI Achievement,P4,125.14,150.0,>,%
59004,E2E Full Test Corporation 1769042316 - Production,2024-08-28,P4-KPI1,ROI Achievement,P4,130.12,150.0,>,%
59004,E2E Full Test Corporation 1769042316 - Production,2024-09-27,P4-KPI1,ROI Achievement,P4,131.93,150.0,>,%
59004,E2E Full Test Corporation 1769042316 - Production,2024-10-27,P4-KPI1,ROI Achievement,P4,129.32,150.0,>,%
59004,E2E Full Test Corporation 1769042316 - Production,2024-11-26,P4-KPI1,ROI Achievement,P4,138.03,150.0,>,%
59004,E2E Full Test Corporation 1769042316 - Production,2024-01-01,P4-KPI2,Cost Reduction,P4,13.88,20.0,>,%
59004,E2E Full Test Corporation 1769042316 - Production,2024-01-31,P4-KPI2,Cost Reduction,P4,13.42,20.0,>,%
59004,E2E Full Test Corporation 1769042316 - Production,2024-03-01,P4-KPI2,Cost Reduction,P4,13.96,20.0,>,%
59004,E2E Full Test Corporation 1769042316 - Production,2024-03-31,P4-KPI2,Cost Reduction,P4,13.53,20.0,>,%
59004,E2E Full Test Corporation 1769042316 - Production,2024-04-30,P4-KPI2,Cost Reduction,P4,14.58,20.0,>,%
59004,E2E Full Test Corporation 1769042316 - Production,2024-05-30,P4-KPI2,Cost Reduction,P4,11.02,20.0,>,%
59004,E2E Full Test Corporation 1769042316 - Production,2024-06-29,P4-KPI2,Cost Reduction,P4,11.11,20.0,>,%
59004,E2E Full Test Corporation 1769042316 - Production,2024-07-29,P4-KPI2,Cost Reduction,P4,11.13,20.0,>,%
59004,E2E Full Test Corporation 1769042316 - Production,2024-08-28,P4-KPI2,Cost Reduction,P4,13.42,20.0,>,%
59004,E2E Full Test Corporation 1769042316 - Production,2024-09-27,P4-KPI2,Cost Reduction,P4,13.62,20.0,>,%
59004,E2E Full Test Corporation 1769042316 - Production,2024-10-27,P4-KPI2,Cost Reduction,P4,14.03,20.0,>,%
59004,E2E Full Test Corporation 1769042316 - Production,2024-11-26,P4-KPI2,Cost Reduction,P4,14.1,20.0,>,%
59004,E2E Full Test Corporation 1769042316 - Production,2024-01-01,P4-KPI3,Time to Value,P4,121.88,90.0,<,days
59004,E2E Full Test Corporation 1769042316 - Production,2024-01-31,P4-KPI3,Time to Value,P4,118.57,90.0,<,days
59004,E2E Full Test Corporation 1769042316 - Production,2024-03-01,P4-KPI3,Time to Value,P4,113.42,90.0,<,days
59004,E2E Full Test Corporation 1769042316 - Production,2024-03-31,P4-KPI3,Time to Value,P4,113.14,90.0,<,days
59004,E2E Full Test Corporation 1769042316 - Production,2024-04-30,P4-KPI3,Time to Value,P4,119.62,90.0,<,days
59004,E2E Full Test Corporation 1769042316 - Production,2024-05-30,P4-KPI3,Time to Value,P4,124.11,90.0,<,days
59004,E2E Full Test Corporation 1769042316 - Production,2024-06-29,P4-KPI3,Time to Value,P4,136.52,90.0,<,days
59004,E2E Full Test Corporation 1769042316 - Production,2024-07-29,P4-KPI3,Time to Value,P4,131.01,90.0,<,days
59004,E2E Full Test Corporation 1769042316 - Production,2024-08-28,P4-KPI3,Time to Value,P4,115.56,90.0,<,days
59004,E2E Full Test Corporation 1769042316 - Production,2024-09-27,P4-KPI3,Time to Value,P4,111.48,90.0,<,days
59004,E2E Full Test Corporation 1769042316 - Production,2024-10-27,P4-KPI3,Time to Value,P4,120.27,90.0,<,days
59004,E2E Full Test Corporation 1769042316 - Production,2024-11-26,P4-KPI3,Time to Value,P4,120.17,90.0,<,days
59004,E2E Full Test Corporation 1769042316 - Production,2024-01-01,P4-KPI4,Revenue Enablement,P4,3.97,5.0,>,$M
59004,E2E Full Test Corporation 1769042316 - Production,2024-01-31,P4-KPI4,Revenue Enablement,P4,3.62,5.0,>,$M
59004,E2E Full Test Corporation 1769042316 - Production,2024-03-01,P4-KPI4,Revenue Enablement,P4,3.9,5.0,>,$M
59004,E2E Full Test Corporation 1769042316 - Production,2024-03-31,P4-KPI4,Revenue Enablement,P4,3.89,5.0,>,$M
59004,E2E Full Test Corporation 1769042316 - Production,2024-04-30,P4-KPI4,Revenue Enablement,P4,3.86,5.0,>,$M
59004,E2E Full Test Corporation 1769042316 - Production,2024-05-30,P4-KPI4,Revenue Enablement,P4,3.06,5.0,>,$M
59004,E2E Full Test Corporation 1769042316 - Production,2024-06-29,P4-KPI4,Revenue Enablement,P4,3.15,5.0,>,$M
59004,E2E Full Test Corporation 1769042316 - Production,2024-07-29,P4-KPI4,Revenue Enablement,P4,3.18,5.0,>,$M
59004,E2E Full Test Corporation 1769042316 - Production,2024-08-28,P4-KPI4,Revenue Enablement,P4,3.63,5.0,>,$M
59004,E2E Full Test Corporation 1769042316 - Production,2024-09-27,P4-KPI4,Revenue Enablement,P4,3.86,5.0,>,$M
59004,E2E Full Test Corporation 1769042316 - Production,2024-10-27,P4-KPI4,Revenue Enablement,P4,3.8,5.0,>,$M
59004,E2E Full Test Corporation 1769042316 - Production,2024-11-26,P4-KPI4,Revenue Enablement,P4,3.85,5.0,>,$M
59004,E2E Full Test Corporation 1769042316 - Production,2024-01-01,P4-KPI5,Operational Efficiency,P4,78.66,85.0,>,%
59004,E2E Full Test Corporation 1769042316 - Production,2024-01-31,P4-KPI5,Operational Efficiency,P4,79.6,85.0,>,%
59004,E2E Full Test Corporation 1769042316 - Production,2024-03-01,P4-KPI5,Operational Efficiency,P4,75.22,85.0,>,%
59004,E2E Full Test Corporation 1769042316 - Production,2024-03-31,P4-KPI5,Operational Efficiency,P4,76.73,85.0,>,%
59004,E2E Full Test Corporation 1769042316 - Production,2024-04-30,P4-KPI5,Operational Efficiency,P4,74.44,85.0,>,%
59004,E2E Full Test Corporation 1769042316 - Production,2024-05-30,P4-KPI5,Operational Efficiency,P4,72.68,85.0,>,%
59004,E2E Full Test Corporation 1769042316 - Production,2024-06-29,P4-KPI5,Operational Efficiency,P4,72.95,85.0,>,%
59004,E2E Full Test Corporation 1769042316 - Production,2024-07-29,P4-KPI5,Operational Efficiency,P4,75.09,85.0,>,%
59004,E2E Full Test Corporation 1769042316 - Production,2024-08-28,P4-KPI5,Operational Efficiency,P4,75.25,85.0,>,%
59004,E2E Full Test Corporation 1769042316 - Production,2024-09-27,P4-KPI5,Operational Efficiency,P4,75.15,85.0,>,%
59004,E2E Full Test Corporation 1769042316 - Production,2024-10-27,P4-KPI5,Operational Efficiency,P4,78.64,85.0,>,%
59004,E2E Full Test Corporation 1769042316 - Production,2024-11-26,P4-KPI5,Operational Efficiency,P4,79.29,85.0,>,%
59004,E2E Full Test Corporation 1769042316 - Production,2024-01-01,P4-KPI6,Innovation Projects,P4,2.42,3.0,>,count
59004,E2E Full Test Corporation 1769042316 - Production,2024-01-31,P4-KPI6,Innovation Projects,P4,2.52,3.0,>,count
59004,E2E Full Test Corporation 1769042316 - Production,2024-03-01,P4-KPI6,Innovation Projects,P4,2.32,3.0,>,count
59004,E2E Full Test Corporation 1769042316 - Production,2024-03-31,P4-KPI6,Innovation Projects,P4,2.49,3.0,>,count
59004,E2E Full Test Corporation 1769042316 - Production,2024-04-30,P4-KPI6,Innovation Projects,P4,2.43,3.0,>,count
59004,E2E Full Test Corporation 1769042316 - Production,2024-05-30,P4-KPI6,Innovation Projects,P4,2.13,3.0,>,count
59004,E2E Full Test Corporation 1769042316 - Production,2024-06-29,P4-KPI6,Innovation Projects,P4,2.17,3.0,>,count
59004,E2E Full Test Corporation 1769042316 - Production,2024-07-29,P4-KPI6,Innovation Projects,P4,2.03,3.0,>,count
59004,E2E Full Test Corporation 1769042316 - Production,2024-08-28,P4-KPI6,Innovation Projects,P4,2.41,3.0,>,count
59004,E2E Full Test Corporation 1769042316 - Production,2024-09-27,P4-KPI6,Innovation Projects,P4,2.51,3.0,>,count
59004,E2E Full Test Corporation 1769042316 - Production,2024-10-27,P4-KPI6,Innovation Projects,P4,2.48,3.0,>,count
59004,E2E Full Test Corporation 1769042316 - Production,2024-11-26,P4-KPI6,Innovation Projects,P4,2.34,3.0,>,count
59004,E2E Full Test Corporation 1769042316 - Production,2024-01-01,P4-KPI7,Business Case Validation,P4,84.03,90.0,>,%
59004,E2E Full Test Corporation 1769042316 - Production,2024-01-31,P4-KPI7,Business Case Validation,P4,85.98,90.0,>,%
59004,E2E Full Test Corporation 1769042316 - Production,2024-03-01,P4-KPI7,Business Case Validation,P4,81.89,90.0,>,%
59004,E2E Full Test Corporation 1769042316 - Production,2024-03-31,P4-KPI7,Business Case Validation,P4,80.11,90.0,>,%
59004,E2E Full Test Corporation 1769042316 - Production,2024-04-30,P4-KPI7,Business Case Validation,P4,85.95,90.0,>,%
59004,E2E Full Test Corporation 1769042316 - Production,2024-05-30,P4-KPI7,Business Case Validation,P4,78.45,90.0,>,%
59004,E2E Full Test Corporation 1769042316 - Production,2024-06-29,P4-KPI7,Business Case Validation,P4,83.25,90.0,>,%
59004,E2E Full Test Corporation 1769042316 - Production,2024-07-29,P4-KPI7,Business Case Validation,P4,83.02,90.0,>,%
59004,E2E Full Test Corporation 1769042316 - Production,2024-08-28,P4-KPI7,Business Case Validation,P4,83.58,90.0,>,%
59004,E2E Full Test Corporation 1769042316 - Production,2024-09-27,P4-KPI7,Business Case Validation,P4,80.54,90.0,>,%
59004,E2E Full Test Corporation 1769042316 - Production,2024-10-27,P4-KPI7,Business Case Validation,P4,87.68,90.0,>,%
59004,E2E Full Test Corporation 1769042316 - Production,2024-11-26,P4-KPI7,Business Case Validation,P4,84.91,90.0,>,%
59004,E2E Full Test Corporation 1769042316 - Production,2024-01-01,P5-KPI1,Executive Sponsorship,P5,4.25,4.5,>,score
59004,E2E Full Test Corporation 1769042316 - Production,2024-01-31,P5-KPI1,Executive Sponsorship,P5,4.12,4.5,>,score
59004,E2E Full Test Corporation 1769042316 - Production,2024-03-01,P5-KPI1,Executive Sponsorship,P5,3.96,4.5,>,score
59004,E2E Full Test Corporation 1769042316 - Production,2024-03-31,P5-KPI1,Executive Sponsorship,P5,4.02,4.5,>,score
59004,E2E Full Test Corporation 1769042316 - Production,2024-04-30,P5-KPI1,Executive Sponsorship,P5,4.24,4.5,>,score
59004,E2E Full Test Corporation 1769042316 - Production,2024-05-30,P5-KPI1,Executive Sponsorship,P5,3.69,4.5,>,score
59004,E2E Full Test Corporation 1769042316 - Production,2024-06-29,P5-KPI1,Executive Sponsorship,P5,4.01,4.5,>,score
59004,E2E Full Test Corporation 1769042316 - Production,2024-07-29,P5-KPI1,Executive Sponsorship,P5,3.81,4.5,>,score
59004,E2E Full Test Corporation 1769042316 - Production,2024-08-28,P5-KPI1,Executive Sponsorship,P5,3.95,4.5,>,score
59004,E2E Full Test Corporation 1769042316 - Production,2024-09-27,P5-KPI1,Executive Sponsorship,P5,4.22,4.5,>,score
59004,E2E Full Test Corporation 1769042316 - Production,2024-10-27,P5-KPI1,Executive Sponsorship,P5,3.94,4.5,>,score
59004,E2E Full Test Corporation 1769042316 - Production,2024-11-26,P5-KPI1,Executive Sponsorship,P5,3.93,4.5,>,score
59004,E2E Full Test Corporation 1769042316 - Production,2024-01-01,P5-KPI2,Renewal Likelihood,P5,91.61,95.0,>,%
59004,E2E Full Test Corporation 1769042316 - Production,2024-01-31,P5-KPI2,Renewal Likelihood,P5,84.27,95.0,>,%
59004,E2E Full Test Corporation 1769042316 - Production,2024-03-01,P5-KPI2,Renewal Likelihood,P5,90.27,95.0,>,%
59004,E2E Full Test Corporation 1769042316 - Production,2024-03-31,P5-KPI2,Renewal Likelihood,P5,89.5,95.0,>,%
59004,E2E Full Test Corporation 1769042316 - Production,2024-04-30,P5-KPI2,Renewal Likelihood,P5,87.46,95.0,>,%
59004,E2E Full Test Corporation 1769042316 - Production,2024-05-30,P5-KPI2,Renewal Likelihood,P5,83.18,95.0,>,%
59004,E2E Full Test Corporation 1769042316 - Production,2024-06-29,P5-KPI2,Renewal Likelihood,P5,83.08,95.0,>,%
59004,E2E Full Test Corporation 1769042316 - Production,2024-07-29,P5-KPI2,Renewal Likelihood,P5,86.58,95.0,>,%
59004,E2E Full Test Corporation 1769042316 - Production,2024-08-28,P5-KPI2,Renewal Likelihood,P5,90.35,95.0,>,%
59004,E2E Full Test Corporation 1769042316 - Production,2024-09-27,P5-KPI2,Renewal Likelihood,P5,90.0,95.0,>,%
59004,E2E Full Test Corporation 1769042316 - Production,2024-10-27,P5-KPI2,Renewal Likelihood,P5,90.55,95.0,>,%
59004,E2E Full Test Corporation 1769042316 - Production,2024-11-26,P5-KPI2,Renewal Likelihood,P5,88.82,95.0,>,%
59004,E2E Full Test Corporation 1769042316 - Production,2024-01-01,P5-KPI3,Expansion Pipeline,P5,1.47,2.0,>,$M
59004,E2E Full Test Corporation 1769042316 - Production,2024-01-31,P5-KPI3,Expansion Pipeline,P5,1.6,2.0,>,$M
59004,E2E Full Test Corporation 1769042316 - Production,2024-03-01,P5-KPI3,Expansion Pipeline,P5,1.6,2.0,>,$M
59004,E2E Full Test Corporation 1769042316 - Production,2024-03-31,P5-KPI3,Expansion Pipeline,P5,1.62,2.0,>,$M
59004,E2E Full Test Corporation 1769042316 - Production,2024-04-30,P5-KPI3,Expansion Pipeline,P5,1.62,2.0,>,$M
59004,E2E Full Test Corporation 1769042316 - Production,2024-05-30,P5-KPI3,Expansion Pipeline,P5,1.29,2.0,>,$M
59004,E2E Full Test Corporation 1769042316 - Production,2024-06-29,P5-KPI3,Expansion Pipeline,P5,1.35,2.0,>,$M
59004,E2E Full Test Corporation 1769042316 - Production,2024-07-29,P5-KPI3,Expansion Pipeline,P5,1.39,2.0,>,$M
59004,E2E Full Test Corporation 1769042316 - Production,2024-08-28,P5-KPI3,Expansion Pipeline,P5,1.55,2.0,>,$M
59004,E2E Full Test Corporation 1769042316 - Production,2024-09-27,P5-KPI3,Expansion Pipeline,P5,1.49,2.0,>,$M
59004,E2E Full Test Corporation 1769042316 - Production,2024-10-27,P5-KPI3,Expansion Pipeline,P5,1.59,2.0,>,$M
59004,E2E Full Test Corporation 1769042316 - Production,2024-11-26,P5-KPI3,Expansion Pipeline,P5,1.52,2.0,>,$M
59004,E2E Full Test Corporation 1769042316 - Production,2024-01-01,P5-KPI4,Reference Willingness,P5,3.38,4.0,>,score
59004,E2E Full Test Corporation 1769042316 - Production,2024-01-31,P5-KPI4,Reference Willingness,P5,3.37,4.0,>,score
59004,E2E Full Test Corporation 1769042316 - Production,2024-03-01,P5-KPI4,Reference Willingness,P5,3.26,4.0,>,score
59004,E2E Full Test Corporation 1769042316 - Production,2024-03-31,P5-KPI4,Reference Willingness,P5,3.43,4.0,>,score
59004,E2E Full Test Corporation 1769042316 - Production,2024-04-30,P5-KPI4,Reference Willingness,P5,3.34,4.0,>,score
59004,E2E Full Test Corporation 1769042316 - Production,2024-05-30,P5-KPI4,Reference Willingness,P5,3.15,4.0,>,score
59004,E2E Full Test Corporation 1769042316 - Production,2024-06-29,P5-KPI4,Reference Willingness,P5,3.01,4.0,>,score
59004,E2E Full Test Corporation 1769042316 - Production,2024-07-29,P5-KPI4,Reference Willingness,P5,2.99,4.0,>,score
59004,E2E Full Test Corporation 1769042316 - Production,2024-08-28,P5-KPI4,Reference Willingness,P5,3.23,4.0,>,score
59004,E2E Full Test Corporation 1769042316 - Production,2024-09-27,P5-KPI4,Reference Willingness,P5,3.44,4.0,>,score
59004,E2E Full Test Corporation 1769042316 - Production,2024-10-27,P5-KPI4,Reference Willingness,P5,3.28,4.0,>,score
59004,E2E Full Test Corporation 1769042316 - Production,2024-11-26,P5-KPI4,Reference Willingness,P5,3.55,4.0,>,score
59004,E2E Full Test Corporation 1769042316 - Production,2024-01-01,P5-KPI5,Strategic Alignment,P5,76.99,85.0,>,score
59004,E2E Full Test Corporation 1769042316 - Production,2024-01-31,P5-KPI5,Strategic Alignment,P5,81.02,85.0,>,score
59004,E2E Full Test Corporation 1769042316 - Production,2024-03-01,P5-KPI5,Strategic Alignment,P5,77.57,85.0,>,score
59004,E2E Full Test Corporation 1769042316 - Production,2024-03-31,P5-KPI5,Strategic Alignment,P5,79.56,85.0,>,score
59004,E2E Full Test Corporation 1769042316 - Production,2024-04-30,P5-KPI5,Strategic Alignment,P5,77.66,85.0,>,score
59004,E2E Full Test Corporation 1769042316 - Production,2024-05-30,P5-KPI5,Strategic Alignment,P5,72.87,85.0,>,score
59004,E2E Full Test Corporation 1769042316 - Production,2024-06-29,P5-KPI5,Strategic Alignment,P5,74.22,85.0,>,score
59004,E2E Full Test Corporation 1769042316 - Production,2024-07-29,P5-KPI5,Strategic Alignment,P5,73.97,85.0,>,score
59004,E2E Full Test Corporation 1769042316 - Production,2024-08-28,P5-KPI5,Strategic Alignment,P5,80.55,85.0,>,score
59004,E2E Full Test Corporation 1769042316 - Production,2024-09-27,P5-KPI5,Strategic Alignment,P5,75.4,85.0,>,score
59004,E2E Full Test Corporation 1769042316 - Production,2024-10-27,P5-KPI5,Strategic Alignment,P5,77.16,85.0,>,score
59004,E2E Full Test Corporation 1769042316 - Production,2024-11-26,P5-KPI5,Strategic Alignment,P5,76.67,85.0,>,score
59004,E2E Full Test Corporation 1769042316 - Production,2024-01-01,P5-KPI6,Partnership Depth,P5,67.56,80.0,>,score
59004,E2E Full Test Corporation 1769042316 - Production,2024-01-31,P5-KPI6,Partnership Depth,P5,73.58,80.0,>,score
59004,E2E Full Test Corporation 1769042316 - Production,2024-03-01,P5-KPI6,Partnership Depth,P5,68.59,80.0,>,score
59004,E2E Full Test Corporation 1769042316 - Production,2024-03-31,P5-KPI6,Partnership Depth,P5,70.51,80.0,>,score
59004,E2E Full Test Corporation 1769042316 - Production,2024-04-30,P5-KPI6,Partnership Depth,P5,74.36,80.0,>,score
59004,E2E Full Test Corporation 1769042316 - Production,2024-05-30,P5-KPI6,Partnership Depth,P5,65.29,80.0,>,score
59004,E2E Full Test Corporation 1769042316 - Production,2024-06-29,P5-KPI6,Partnership Depth,P5,64.4,80.0,>,score
59004,E2E Full Test Corporation 1769042316 - Production,2024-07-29,P5-KPI6,Partnership Depth,P5,66.18,80.0,>,score
59004,E2E Full Test Corporation 1769042316 - Production,2024-08-28,P5-KPI6,Partnership Depth,P5,72.75,80.0,>,score
59004,E2E Full Test Corporation 1769042316 - Production,2024-09-27,P5-KPI6,Partnership Depth,P5,68.92,80.0,>,score
59004,E2E Full Test Corporation 1769042316 - Production,2024-10-27,P5-KPI6,Partnership Depth,P5,68.33,80.0,>,score
59004,E2E Full Test Corporation 1769042316 - Production,2024-11-26,P5-KPI6,Partnership Depth,P5,67.64,80.0,>,score
59004,E2E Full Test Corporation 1769042316 - Production,2024-01-01,P5-KPI7,NPS Score,P5,59.0,70.0,>,score
59004,E2E Full Test Corporation 1769042316 - Production,2024-01-31,P5-KPI7,NPS Score,P5,60.28,70.0,>,score
59004,E2E Full Test Corporation 1769042316 - Production,2024-03-01,P5-KPI7,NPS Score,P5,61.74,70.0,>,score
59004,E2E Full Test Corporation 1769042316 - Production,2024-03-31,P5-KPI7,NPS Score,P5,60.18,70.0,>,score
59004,E2E Full Test Corporation 1769042316 - Production,2024-04-30,P5-KPI7,NPS Score,P5,63.17,70.0,>,score
59004,E2E Full Test Corporation 1769042316 - Production,2024-05-30,P5-KPI7,NPS Score,P5,55.81,70.0,>,score
59004,E2E Full Test Corporation 1769042316 - Production,2024-06-29,P5-KPI7,NPS Score,P5,55.91,70.0,>,score
59004,E2E Full Test Corporation 1769042316 - Production,2024-07-29,P5-KPI7,NPS Score,P5,56.87,70.0,>,score
59004,E2E Full Test Corporation 1769042316 - Production,2024-08-28,P5-KPI7,NPS Score,P5,62.98,70.0,>,score
59004,E2E Full Test Corporation 1769042316 - Production,2024-09-27,P5-KPI7,NPS Score,P5,63.49,70.0,>,score
59004,E2E Full Test Corporation 1769042316 - Production,2024-10-27,P5-KPI7,NPS Score,P5,62.23,70.0,>,score
59004,E2E Full Test Corporation 1769042316 - Production,2024-11-26,P5-KPI7,NPS Score,P5,62.56,70.0,>,score
59005,E2E Full Test Corporation 1769042316 - Development,2024-01-01,P1-KPI1,System Uptime,P1,100.0,99.9,>,%
59005,E2E Full Test Corporation 1769042316 - Development,2024-01-31,P1-KPI1,System Uptime,P1,98.22,99.9,>,%
59005,E2E Full Test Corporation 1769042316 - Development,2024-03-01,P1-KPI1,System Uptime,P1,98.0,99.9,>,%
59005,E2E Full Test Corporation 1769042316 - Development,2024-03-31,P1-KPI1,System Uptime,P1,98.0,99.9,>,%
59005,E2E Full Test Corporation 1769042316 - Development,2024-04-30,P1-KPI1,System Uptime,P1,99.62,99.9,>,%
59005,E2E Full Test Corporation 1769042316 - Development,2024-05-30,P1-KPI1,System Uptime,P1,100.0,99.9,>,%
59005,E2E Full Test Corporation 1769042316 - Development,2024-06-29,P1-KPI1,System Uptime,P1,100.0,99.9,>,%
59005,E2E Full Test Corporation 1769042316 - Development,2024-07-29,P1-KPI1,System Uptime,P1,100.0,99.9,>,%
59005,E2E Full Test Corporation 1769042316 - Development,2024-08-28,P1-KPI1,System Uptime,P1,100.0,99.9,>,%
59005,E2E Full Test Corporation 1769042316 - Development,2024-09-27,P1-KPI1,System Uptime,P1,100.0,99.9,>,%
59005,E2E Full Test Corporation 1769042316 - Development,2024-10-27,P1-KPI1,System Uptime,P1,98.0,99.9,>,%
59005,E2E Full Test Corporation 1769042316 - Development,2024-11-26,P1-KPI1,System Uptime,P1,98.0,99.9,>,%
59005,E2E Full Test Corporation 1769042316 - Development,2024-01-01,P1-KPI2,Mean Time to Resolution,P1,3.93,2.0,<,hours
59005,E2E Full Test Corporation 1769042316 - Development,2024-01-31,P1-KPI2,Mean Time to Resolution,P1,3.1,2.0,<,hours
59005,E2E Full Test Corporation 1769042316 - Development,2024-03-01,P1-KPI2,Mean Time to Resolution,P1,2.67,2.0,<,hours
59005,E2E Full Test Corporation 1769042316 - Development,2024-03-31,P1-KPI2,Mean Time to Resolution,P1,3.85,2.0,<,hours
59005,E2E Full Test Corporation 1769042316 - Development,2024-04-30,P1-KPI2,Mean Time to Resolution,P1,4.45,2.0,<,hours
59005,E2E Full Test Corporation 1769042316 - Development,2024-05-30,P1-KPI2,Mean Time to Resolution,P1,4.65,2.0,<,hours
59005,E2E Full Test Corporation 1769042316 - Development,2024-06-29,P1-KPI2,Mean Time to Resolution,P1,4.33,2.0,<,hours
59005,E2E Full Test Corporation 1769042316 - Development,2024-07-29,P1-KPI2,Mean Time to Resolution,P1,2.78,2.0,<,hours
59005,E2E Full Test Corporation 1769042316 - Development,2024-08-28,P1-KPI2,Mean Time to Resolution,P1,2.68,2.0,<,hours
59005,E2E Full Test Corporation 1769042316 - Development,2024-09-27,P1-KPI2,Mean Time to Resolution,P1,3.97,2.0,<,hours
59005,E2E Full Test Corporation 1769042316 - Development,2024-10-27,P1-KPI2,Mean Time to Resolution,P1,5.01,2.0,<,hours
59005,E2E Full Test Corporation 1769042316 - Development,2024-11-26,P1-KPI2,Mean Time to Resolution,P1,4.23,2.0,<,hours
59005,E2E Full Test Corporation 1769042316 - Development,2024-01-01,P1-KPI3,GPU Utilization,P1,86.42,85.0,>,%
59005,E2E Full Test Corporation 1769042316 - Development,2024-01-31,P1-KPI3,GPU Utilization,P1,90.24,85.0,>,%
59005,E2E Full Test Corporation 1769042316 - Development,2024-03-01,P1-KPI3,GPU Utilization,P1,73.37,85.0,>,%
59005,E2E Full Test Corporation 1769042316 - Development,2024-03-31,P1-KPI3,GPU Utilization,P1,73.43,85.0,>,%
59005,E2E Full Test Corporation 1769042316 - Development,2024-04-30,P1-KPI3,GPU Utilization,P1,62.99,85.0,>,%
59005,E2E Full Test Corporation 1769042316 - Development,2024-05-30,P1-KPI3,GPU Utilization,P1,84.34,85.0,>,%
59005,E2E Full Test Corporation 1769042316 - Development,2024-06-29,P1-KPI3,GPU Utilization,P1,79.04,85.0,>,%
59005,E2E Full Test Corporation 1769042316 - Development,2024-07-29,P1-KPI3,GPU Utilization,P1,71.62,85.0,>,%
59005,E2E Full Test Corporation 1769042316 - Development,2024-08-28,P1-KPI3,GPU Utilization,P1,76.45,85.0,>,%
59005,E2E Full Test Corporation 1769042316 - Development,2024-09-27,P1-KPI3,GPU Utilization,P1,71.99,85.0,>,%
59005,E2E Full Test Corporation 1769042316 - Development,2024-10-27,P1-KPI3,GPU Utilization,P1,81.49,85.0,>,%
59005,E2E Full Test Corporation 1769042316 - Development,2024-11-26,P1-KPI3,GPU Utilization,P1,66.82,85.0,>,%
59005,E2E Full Test Corporation 1769042316 - Development,2024-01-01,P1-KPI4,Network Latency,P1,19.41,10.0,<,ms
59005,E2E Full Test Corporation 1769042316 - Development,2024-01-31,P1-KPI4,Network Latency,P1,17.6,10.0,<,ms
59005,E2E Full Test Corporation 1769042316 - Development,2024-03-01,P1-KPI4,Network Latency,P1,15.49,10.0,<,ms
59005,E2E Full Test Corporation 1769042316 - Development,2024-03-31,P1-KPI4,Network Latency,P1,24.36,10.0,<,ms
59005,E2E Full Test Corporation 1769042316 - Development,2024-04-30,P1-KPI4,Network Latency,P1,29.69,10.0,<,ms
59005,E2E Full Test Corporation 1769042316 - Development,2024-05-30,P1-KPI4,Network Latency,P1,25.57,10.0,<,ms
59005,E2E Full Test Corporation 1769042316 - Development,2024-06-29,P1-KPI4,Network Latency,P1,21.04,10.0,<,ms
59005,E2E Full Test Corporation 1769042316 - Development,2024-07-29,P1-KPI4,Network Latency,P1,15.16,10.0,<,ms
59005,E2E Full Test Corporation 1769042316 - Development,2024-08-28,P1-KPI4,Network Latency,P1,15.18,10.0,<,ms
59005,E2E Full Test Corporation 1769042316 - Development,2024-09-27,P1-KPI4,Network Latency,P1,23.48,10.0,<,ms
59005,E2E Full Test Corporation 1769042316 - Development,2024-10-27,P1-KPI4,Network Latency,P1,29.1,10.0,<,ms
59005,E2E Full Test Corporation 1769042316 - Development,2024-11-26,P1-KPI4,Network Latency,P1,25.88,10.0,<,ms
59005,E2E Full Test Corporation 1769042316 - Development,2024-01-01,P1-KPI5,Storage Performance,P1,95730.58,100000.0,>,IOPS
59005,E2E Full Test Corporation 1769042316 - Development,2024-01-31,P1-KPI5,Storage Performance,P1,99774.82,100000.0,>,IOPS
59005,E2E Full Test Corporation 1769042316 - Development,2024-03-01,P1-KPI5,Storage Performance,P1,95226.41,100000.0,>,IOPS
59005,E2E Full Test Corporation 1769042316 - Development,2024-03-31,P1-KPI5,Storage Performance,P1,72527.91,100000.0,>,IOPS
59005,E2E Full Test Corporation 1769042316 - Development,2024-04-30,P1-KPI5,Storage Performance,P1,72414.84,100000.0,>,IOPS
59005,E2E Full Test Corporation 1769042316 - Development,2024-05-30,P1-KPI5,Storage Performance,P1,80514.32,100000.0,>,IOPS
59005,E2E Full Test Corporation 1769042316 - Development,2024-06-29,P1-KPI5,Storage Performance,P1,76588.35,100000.0,>,IOPS
59005,E2E Full Test Corporation 1769042316 - Development,2024-07-29,P1-KPI5,Storage Performance,P1,92565.33,100000.0,>,IOPS
59005,E2E Full Test Corporation 1769042316 - Development,2024-08-28,P1-KPI5,Storage Performance,P1,96007.17,100000.0,>,IOPS
59005,E2E Full Test Corporation 1769042316 - Development,2024-09-27,P1-KPI5,Storage Performance,P1,87272.54,100000.0,>,IOPS
59005,E2E Full Test Corporation 1769042316 - Development,2024-10-27,P1-KPI5,Storage Performance,P1,85368.39,100000.0,>,IOPS
59005,E2E Full Test Corporation 1769042316 - Development,2024-11-26,P1-KPI5,Storage Performance,P1,82261.56,100000.0,>,IOPS
59005,E2E Full Test Corporation 1769042316 - Development,2024-01-01,P1-KPI6,Cooling Efficiency,P1,1.44,1.3,<,PUE
59005,E2E Full Test Corporation 1769042316 - Development,2024-01-31,P1-KPI6,Cooling Efficiency,P1,1.17,1.3,<,PUE
59005,E2E Full Test Corporation 1769042316 - Development,2024-03-01,P1-KPI6,Cooling Efficiency,P1,1.45,1.3,<,PUE
59005,E2E Full Test Corporation 1769042316 - Development,2024-03-31,P1-KPI6,Cooling Efficiency,P1,1.3,1.3,<,PUE
59005,E2E Full Test Corporation 1769042316 - Development,2024-04-30,P1-KPI6,Cooling Efficiency,P1,1.46,1.3,<,PUE
59005,E2E Full Test Corporation 1769042316 - Development,2024-05-30,P1-KPI6,Cooling Efficiency,P1,1.34,1.3,<,PUE
59005,E2E Full Test Corporation 1769042316 - Development,2024-06-29,P1-KPI6,Cooling Efficiency,P1,1.62,1.3,<,PUE
59005,E2E Full Test Corporation 1769042316 - Development,2024-07-29,P1-KPI6,Cooling Efficiency,P1,1.46,1.3,<,PUE
59005,E2E Full Test Corporation 1769042316 - Development,2024-08-28,P1-KPI6,Cooling Efficiency,P1,1.36,1.3,<,PUE
59005,E2E Full Test Corporation 1769042316 - Development,2024-09-27,P1-KPI6,Cooling Efficiency,P1,1.62,1.3,<,PUE
59005,E2E Full Test Corporation 1769042316 - Development,2024-10-27,P1-KPI6,Cooling Efficiency,P1,1.64,1.3,<,PUE
59005,E2E Full Test Corporation 1769042316 - Development,2024-11-26,P1-KPI6,Cooling Efficiency,P1,1.51,1.3,<,PUE
59005,E2E Full Test Corporation 1769042316 - Development,2024-01-01,P1-KPI7,Power Usage,P1,559.36,500.0,<,kW
59005,E2E Full Test Corporation 1769042316 - Development,2024-01-31,P1-KPI7,Power Usage,P1,486.71,500.0,<,kW
59005,E2E Full Test Corporation 1769042316 - Development,2024-03-01,P1-KPI7,Power Usage,P1,570.84,500.0,<,kW
59005,E2E Full Test Corporation 1769042316 - Development,2024-03-31,P1-KPI7,Power Usage,P1,589.17,500.0,<,kW
59005,E2E Full Test Corporation 1769042316 - Development,2024-04-30,P1-KPI7,Power Usage,P1,576.9,500.0,<,kW
59005,E2E Full Test Corporation 1769042316 - Development,2024-05-30,P1-KPI7,Power Usage,P1,654.1,500.0,<,kW
59005,E2E Full Test Corporation 1769042316 - Development,2024-06-29,P1-KPI7,Power Usage,P1,540.78,500.0,<,kW
59005,E2E Full Test Corporation 1769042316 - Development,2024-07-29,P1-KPI7,Power Usage,P1,492.09,500.0,<,kW
59005,E2E Full Test Corporation 1769042316 - Development,2024-08-28,P1-KPI7,Power Usage,P1,599.86,500.0,<,kW
59005,E2E Full Test Corporation 1769042316 - Development,2024-09-27,P1-KPI7,Power Usage,P1,570.19,500.0,<,kW
59005,E2E Full Test Corporation 1769042316 - Development,2024-10-27,P1-KPI7,Power Usage,P1,572.72,500.0,<,kW
59005,E2E Full Test Corporation 1769042316 - Development,2024-11-26,P1-KPI7,Power Usage,P1,609.34,500.0,<,kW
59005,E2E Full Test Corporation 1769042316 - Development,2024-01-01,P1-KPI8,Thermal Management,P1,29.88,25.0,<,°C
59005,E2E Full Test Corporation 1769042316 - Development,2024-01-31,P1-KPI8,Thermal Management,P1,25.31,25.0,<,°C
59005,E2E Full Test Corporation 1769042316 - Development,2024-03-01,P1-KPI8,Thermal Management,P1,28.28,25.0,<,°C
59005,E2E Full Test Corporation 1769042316 - Development,2024-03-31,P1-KPI8,Thermal Management,P1,31.76,25.0,<,°C
59005,E2E Full Test Corporation 1769042316 - Development,2024-04-30,P1-KPI8,Thermal Management,P1,26.2,25.0,<,°C
59005,E2E Full Test Corporation 1769042316 - Development,2024-05-30,P1-KPI8,Thermal Management,P1,33.51,25.0,<,°C
59005,E2E Full Test Corporation 1769042316 - Development,2024-06-29,P1-KPI8,Thermal Management,P1,25.48,25.0,<,°C
59005,E2E Full Test Corporation 1769042316 - Development,2024-07-29,P1-KPI8,Thermal Management,P1,26.38,25.0,<,°C
59005,E2E Full Test Corporation 1769042316 - Development,2024-08-28,P1-KPI8,Thermal Management,P1,29.53,25.0,<,°C
59005,E2E Full Test Corporation 1769042316 - Development,2024-09-27,P1-KPI8,Thermal Management,P1,30.57,25.0,<,°C
59005,E2E Full Test Corporation 1769042316 - Development,2024-10-27,P1-KPI8,Thermal Management,P1,26.45,25.0,<,°C
59005,E2E Full Test Corporation 1769042316 - Development,2024-11-26,P1-KPI8,Thermal Management,P1,26.58,25.0,<,°C
59005,E2E Full Test Corporation 1769042316 - Development,2024-01-01,P2-KPI1,SLA Compliance,P2,100.0,99.0,>,%
59005,E2E Full Test Corporation 1769042316 - Development,2024-01-31,P2-KPI1,SLA Compliance,P2,95.0,99.0,>,%
59005,E2E Full Test Corporation 1769042316 - Development,2024-03-01,P2-KPI1,SLA Compliance,P2,100.0,99.0,>,%
59005,E2E Full Test Corporation 1769042316 - Development,2024-03-31,P2-KPI1,SLA Compliance,P2,95.0,99.0,>,%
59005,E2E Full Test Corporation 1769042316 - Development,2024-04-30,P2-KPI1,SLA Compliance,P2,95.0,99.0,>,%
59005,E2E Full Test Corporation 1769042316 - Development,2024-05-30,P2-KPI1,SLA Compliance,P2,100.0,99.0,>,%
59005,E2E Full Test Corporation 1769042316 - Development,2024-06-29,P2-KPI1,SLA Compliance,P2,95.0,99.0,>,%
59005,E2E Full Test Corporation 1769042316 - Development,2024-07-29,P2-KPI1,SLA Compliance,P2,96.54,99.0,>,%
59005,E2E Full Test Corporation 1769042316 - Development,2024-08-28,P2-KPI1,SLA Compliance,P2,95.0,99.0,>,%
59005,E2E Full Test Corporation 1769042316 - Development,2024-09-27,P2-KPI1,SLA Compliance,P2,95.0,99.0,>,%
59005,E2E Full Test Corporation 1769042316 - Development,2024-10-27,P2-KPI1,SLA Compliance,P2,95.21,99.0,>,%
59005,E2E Full Test Corporation 1769042316 - Development,2024-11-26,P2-KPI1,SLA Compliance,P2,97.5,99.0,>,%
59005,E2E Full Test Corporation 1769042316 - Development,2024-01-01,P2-KPI2,Incident Response Time,P2,27.29,15.0,<,minutes
59005,E2E Full Test Corporation 1769042316 - Development,2024-01-31,P2-KPI2,Incident Response Time,P2,23.45,15.0,<,minutes
59005,E2E Full Test Corporation 1769042316 - Development,2024-03-01,P2-KPI2,Incident Response Time,P2,20.55,15.0,<,minutes
59005,E2E Full Test Corporation 1769042316 - Development,2024-03-31,P2-KPI2,Incident Response Time,P2,24.65,15.0,<,minutes
59005,E2E Full Test Corporation 1769042316 - Development,2024-04-30,P2-KPI2,Incident Response Time,P2,30.47,15.0,<,minutes
59005,E2E Full Test Corporation 1769042316 - Development,2024-05-30,P2-KPI2,Incident Response Time,P2,32.27,15.0,<,minutes
59005,E2E Full Test Corporation 1769042316 - Development,2024-06-29,P2-KPI2,Incident Response Time,P2,24.25,15.0,<,minutes
59005,E2E Full Test Corporation 1769042316 - Development,2024-07-29,P2-KPI2,Incident Response Time,P2,21.83,15.0,<,minutes
59005,E2E Full Test Corporation 1769042316 - Development,2024-08-28,P2-KPI2,Incident Response Time,P2,20.82,15.0,<,minutes
59005,E2E Full Test Corporation 1769042316 - Development,2024-09-27,P2-KPI2,Incident Response Time,P2,31.53,15.0,<,minutes
59005,E2E Full Test Corporation 1769042316 - Development,2024-10-27,P2-KPI2,Incident Response Time,P2,34.91,15.0,<,minutes
59005,E2E Full Test Corporation 1769042316 - Development,2024-11-26,P2-KPI2,Incident Response Time,P2,31.08,15.0,<,minutes
59005,E2E Full Test Corporation 1769042316 - Development,2024-01-01,P2-KPI3,Change Success Rate,P2,92.0,98.0,>,%
59005,E2E Full Test Corporation 1769042316 - Development,2024-01-31,P2-KPI3,Change Success Rate,P2,100.0,98.0,>,%
59005,E2E Full Test Corporation 1769042316 - Development,2024-03-01,P2-KPI3,Change Success Rate,P2,100.0,98.0,>,%
59005,E2E Full Test Corporation 1769042316 - Development,2024-03-31,P2-KPI3,Change Success Rate,P2,90.0,98.0,>,%
59005,E2E Full Test Corporation 1769042316 - Development,2024-04-30,P2-KPI3,Change Success Rate,P2,90.0,98.0,>,%
59005,E2E Full Test Corporation 1769042316 - Development,2024-05-30,P2-KPI3,Change Success Rate,P2,90.0,98.0,>,%
59005,E2E Full Test Corporation 1769042316 - Development,2024-06-29,P2-KPI3,Change Success Rate,P2,92.16,98.0,>,%
59005,E2E Full Test Corporation 1769042316 - Development,2024-07-29,P2-KPI3,Change Success Rate,P2,94.23,98.0,>,%
59005,E2E Full Test Corporation 1769042316 - Development,2024-08-28,P2-KPI3,Change Success Rate,P2,90.0,98.0,>,%
59005,E2E Full Test Corporation 1769042316 - Development,2024-09-27,P2-KPI3,Change Success Rate,P2,93.52,98.0,>,%
59005,E2E Full Test Corporation 1769042316 - Development,2024-10-27,P2-KPI3,Change Success Rate,P2,100.0,98.0,>,%
59005,E2E Full Test Corporation 1769042316 - Development,2024-11-26,P2-KPI3,Change Success Rate,P2,100.0,98.0,>,%
59005,E2E Full Test Corporation 1769042316 - Development,2024-01-01,P2-KPI4,Backup Success Rate,P2,95.0,100.0,>,%
59005,E2E Full Test Corporation 1769042316 - Development,2024-01-31,P2-KPI4,Backup Success Rate,P2,100.0,100.0,>,%
59005,E2E Full Test Corporation 1769042316 - Development,2024-03-01,P2-KPI4,Backup Success Rate,P2,100.0,100.0,>,%
59005,E2E Full Test Corporation 1769042316 - Development,2024-03-31,P2-KPI4,Backup Success Rate,P2,100.0,100.0,>,%
59005,E2E Full Test Corporation 1769042316 - Development,2024-04-30,P2-KPI4,Backup Success Rate,P2,100.0,100.0,>,%
59005,E2E Full Test Corporation 1769042316 - Development,2024-05-30,P2-KPI4,Backup Success Rate,P2,100.0,100.0,>,%
59005,E2E Full Test Corporation 1769042316 - Development,2024-06-29,P2-KPI4,Backup Success Rate,P2,100.0,100.0,>,%
59005,E2E Full Test Corporation 1769042316 - Development,2024-07-29,P2-KPI4,Backup Success Rate,P2,100.0,100.0,>,%
59005,E2E Full Test Corporation 1769042316 - Development,2024-08-28,P2-KPI4,Backup Success Rate,P2,100.0,100.0,>,%
59005,E2E Full Test Corporation 1769042316 - Development,2024-09-27,P2-KPI4,Backup Success Rate,P2,100.0,100.0,>,%
59005,E2E Full Test Corporation 1769042316 - Development,2024-10-27,P2-KPI4,Backup Success Rate,P2,100.0,100.0,>,%
59005,E2E Full Test Corporation 1769042316 - Development,2024-11-26,P2-KPI4,Backup Success Rate,P2,100.0,100.0,>,%
59005,E2E Full Test Corporation 1769042316 - Development,2024-01-01,P2-KPI5,Patch Compliance,P2,80.0,95.0,>,%
59005,E2E Full Test Corporation 1769042316 - Development,2024-01-31,P2-KPI5,Patch Compliance,P2,91.66,95.0,>,%
59005,E2E Full Test Corporation 1769042316 - Development,2024-03-01,P2-KPI5,Patch Compliance,P2,92.31,95.0,>,%
59005,E2E Full Test Corporation 1769042316 - Development,2024-03-31,P2-KPI5,Patch Compliance,P2,93.48,95.0,>,%
59005,E2E Full Test Corporation 1769042316 - Development,2024-04-30,P2-KPI5,Patch Compliance,P2,84.27,95.0,>,%
59005,E2E Full Test Corporation 1769042316 - Development,2024-05-30,P2-KPI5,Patch Compliance,P2,94.15,95.0,>,%
59005,E2E Full Test Corporation 1769042316 - Development,2024-06-29,P2-KPI5,Patch Compliance,P2,84.52,95.0,>,%
59005,E2E Full Test Corporation 1769042316 - Development,2024-07-29,P2-KPI5,Patch Compliance,P2,95.15,95.0,>,%
59005,E2E Full Test Corporation 1769042316 - Development,2024-08-28,P2-KPI5,Patch Compliance,P2,89.4,95.0,>,%
59005,E2E Full Test Corporation 1769042316 - Development,2024-09-27,P2-KPI5,Patch Compliance,P2,93.67,95.0,>,%
59005,E2E Full Test Corporation 1769042316 - Development,2024-10-27,P2-KPI5,Patch Compliance,P2,92.12,95.0,>,%
59005,E2E Full Test Corporation 1769042316 - Development,2024-11-26,P2-KPI5,Patch Compliance,P2,85.13,95.0,>,%
59005,E2E Full Test Corporation 1769042316 - Development,2024-01-01,P2-KPI6,Service Request Fulfillment,P2,5.52,3.0,<,days
59005,E2E Full Test Corporation 1769042316 - Development,2024-01-31,P2-KPI6,Service Request Fulfillment,P2,3.83,3.0,<,days
59005,E2E Full Test Corporation 1769042316 - Development,2024-03-01,P2-KPI6,Service Request Fulfillment,P2,3.89,3.0,<,days
59005,E2E Full Test Corporation 1769042316 - Development,2024-03-31,P2-KPI6,Service Request Fulfillment,P2,5.74,3.0,<,days
59005,E2E Full Test Corporation 1769042316 - Development,2024-04-30,P2-KPI6,Service Request Fulfillment,P2,5.32,3.0,<,days
59005,E2E Full Test Corporation 1769042316 - Development,2024-05-30,P2-KPI6,Service Request Fulfillment,P2,5.81,3.0,<,days
59005,E2E Full Test Corporation 1769042316 - Development,2024-06-29,P2-KPI6,Service Request Fulfillment,P2,4.69,3.0,<,days
59005,E2E Full Test Corporation 1769042316 - Development,2024-07-29,P2-KPI6,Service Request Fulfillment,P2,4.37,3.0,<,days
59005,E2E Full Test Corporation 1769042316 - Development,2024-08-28,P2-KPI6,Service Request Fulfillment,P2,3.98,3.0,<,days
59005,E2E Full Test Corporation 1769042316 - Development,2024-09-27,P2-KPI6,Service Request Fulfillment,P2,4.58,3.0,<,days
59005,E2E Full Test Corporation 1769042316 - Development,2024-10-27,P2-KPI6,Service Request Fulfillment,P2,5.69,3.0,<,days
59005,E2E Full Test Corporation 1769042316 - Development,2024-11-26,P2-KPI6,Service Request Fulfillment,P2,5.69,3.0,<,days
59005,E2E Full Test Corporation 1769042316 - Development,2024-01-01,P2-KPI7,Capacity Planning Accuracy,P2,88.65,90.0,>,%
59005,E2E Full Test Corporation 1769042316 - Development,2024-01-31,P2-KPI7,Capacity Planning Accuracy,P2,76.01,90.0,>,%
59005,E2E Full Test Corporation 1769042316 - Development,2024-03-01,P2-KPI7,Capacity Planning Accuracy,P2,94.7,90.0,>,%
59005,E2E Full Test Corporation 1769042316 - Development,2024-03-31,P2-KPI7,Capacity Planning Accuracy,P2,88.5,90.0,>,%
59005,E2E Full Test Corporation 1769042316 - Development,2024-04-30,P2-KPI7,Capacity Planning Accuracy,P2,87.13,90.0,>,%
59005,E2E Full Test Corporation 1769042316 - Development,2024-05-30,P2-KPI7,Capacity Planning Accuracy,P2,79.77,90.0,>,%
59005,E2E Full Test Corporation 1769042316 - Development,2024-06-29,P2-KPI7,Capacity Planning Accuracy,P2,74.99,90.0,>,%
59005,E2E Full Test Corporation 1769042316 - Development,2024-07-29,P2-KPI7,Capacity Planning Accuracy,P2,92.25,90.0,>,%
59005,E2E Full Test Corporation 1769042316 - Development,2024-08-28,P2-KPI7,Capacity Planning Accuracy,P2,95.56,90.0,>,%
59005,E2E Full Test Corporation 1769042316 - Development,2024-09-27,P2-KPI7,Capacity Planning Accuracy,P2,84.04,90.0,>,%
59005,E2E Full Test Corporation 1769042316 - Development,2024-10-27,P2-KPI7,Capacity Planning Accuracy,P2,86.32,90.0,>,%
59005,E2E Full Test Corporation 1769042316 - Development,2024-11-26,P2-KPI7,Capacity Planning Accuracy,P2,89.71,90.0,>,%
59005,E2E Full Test Corporation 1769042316 - Development,2024-01-01,P2-KPI8,Documentation Quality,P2,89.11,85.0,>,score
59005,E2E Full Test Corporation 1769042316 - Development,2024-01-31,P2-KPI8,Documentation Quality,P2,70.77,85.0,>,score
59005,E2E Full Test Corporation 1769042316 - Development,2024-03-01,P2-KPI8,Documentation Quality,P2,82.92,85.0,>,score
59005,E2E Full Test Corporation 1769042316 - Development,2024-03-31,P2-KPI8,Documentation Quality,P2,75.28,85.0,>,score
59005,E2E Full Test Corporation 1769042316 - Development,2024-04-30,P2-KPI8,Documentation Quality,P2,77.26,85.0,>,score
59005,E2E Full Test Corporation 1769042316 - Development,2024-05-30,P2-KPI8,Documentation Quality,P2,81.42,85.0,>,score
59005,E2E Full Test Corporation 1769042316 - Development,2024-06-29,P2-KPI8,Documentation Quality,P2,70.51,85.0,>,score
59005,E2E Full Test Corporation 1769042316 - Development,2024-07-29,P2-KPI8,Documentation Quality,P2,85.72,85.0,>,score
59005,E2E Full Test Corporation 1769042316 - Development,2024-08-28,P2-KPI8,Documentation Quality,P2,72.5,85.0,>,score
59005,E2E Full Test Corporation 1769042316 - Development,2024-09-27,P2-KPI8,Documentation Quality,P2,69.75,85.0,>,score
59005,E2E Full Test Corporation 1769042316 - Development,2024-10-27,P2-KPI8,Documentation Quality,P2,77.27,85.0,>,score
59005,E2E Full Test Corporation 1769042316 - Development,2024-11-26,P2-KPI8,Documentation Quality,P2,74.52,85.0,>,score
59005,E2E Full Test Corporation 1769042316 - Development,2024-01-01,P3-KPI1,CSAT Score,P3,4.62,4.5,>,score
59005,E2E Full Test Corporation 1769042316 - Development,2024-01-31,P3-KPI1,CSAT Score,P3,4.87,4.5,>,score
59005,E2E Full Test Corporation 1769042316 - Development,2024-03-01,P3-KPI1,CSAT Score,P3,4.47,4.5,>,score
59005,E2E Full Test Corporation 1769042316 - Development,2024-03-31,P3-KPI1,CSAT Score,P3,3.97,4.5,>,score
59005,E2E Full Test Corporation 1769042316 - Development,2024-04-30,P3-KPI1,CSAT Score,P3,3.29,4.5,>,score
59005,E2E Full Test Corporation 1769042316 - Development,2024-05-30,P3-KPI1,CSAT Score,P3,3.55,4.5,>,score
59005,E2E Full Test Corporation 1769042316 - Development,2024-06-29,P3-KPI1,CSAT Score,P3,3.99,4.5,>,score
59005,E2E Full Test Corporation 1769042316 - Development,2024-07-29,P3-KPI1,CSAT Score,P3,4.39,4.5,>,score
59005,E2E Full Test Corporation 1769042316 - Development,2024-08-28,P3-KPI1,CSAT Score,P3,3.8,4.5,>,score
59005,E2E Full Test Corporation 1769042316 - Development,2024-09-27,P3-KPI1,CSAT Score,P3,4.07,4.5,>,score
59005,E2E Full Test Corporation 1769042316 - Development,2024-10-27,P3-KPI1,CSAT Score,P3,3.44,4.5,>,score
59005,E2E Full Test Corporation 1769042316 - Development,2024-11-26,P3-KPI1,CSAT Score,P3,3.45,4.5,>,score
59005,E2E Full Test Corporation 1769042316 - Development,2024-01-01,P3-KPI2,Support Ticket Volume,P3,44.37,20.0,<,tickets
59005,E2E Full Test Corporation 1769042316 - Development,2024-01-31,P3-KPI2,Support Ticket Volume,P3,31.69,20.0,<,tickets
59005,E2E Full Test Corporation 1769042316 - Development,2024-03-01,P3-KPI2,Support Ticket Volume,P3,30.77,20.0,<,tickets
59005,E2E Full Test Corporation 1769042316 - Development,2024-03-31,P3-KPI2,Support Ticket Volume,P3,41.83,20.0,<,tickets
59005,E2E Full Test Corporation 1769042316 - Development,2024-04-30,P3-KPI2,Support Ticket Volume,P3,53.75,20.0,<,tickets
59005,E2E Full Test Corporation 1769042316 - Development,2024-05-30,P3-KPI2,Support Ticket Volume,P3,60.63,20.0,<,tickets
59005,E2E Full Test Corporation 1769042316 - Development,2024-06-29,P3-KPI2,Support Ticket Volume,P3,43.34,20.0,<,tickets
59005,E2E Full Test Corporation 1769042316 - Development,2024-07-29,P3-KPI2,Support Ticket Volume,P3,29.36,20.0,<,tickets
59005,E2E Full Test Corporation 1769042316 - Development,2024-08-28,P3-KPI2,Support Ticket Volume,P3,27.26,20.0,<,tickets
59005,E2E Full Test Corporation 1769042316 - Development,2024-09-27,P3-KPI2,Support Ticket Volume,P3,37.67,20.0,<,tickets
59005,E2E Full Test Corporation 1769042316 - Development,2024-10-27,P3-KPI2,Support Ticket Volume,P3,50.7,20.0,<,tickets
59005,E2E Full Test Corporation 1769042316 - Development,2024-11-26,P3-KPI2,Support Ticket Volume,P3,61.32,20.0,<,tickets
59005,E2E Full Test Corporation 1769042316 - Development,2024-01-01,P3-KPI3,First Contact Resolution,P3,71.45,75.0,>,%
59005,E2E Full Test Corporation 1769042316 - Development,2024-01-31,P3-KPI3,First Contact Resolution,P3,71.97,75.0,>,%
59005,E2E Full Test Corporation 1769042316 - Development,2024-03-01,P3-KPI3,First Contact Resolution,P3,68.13,75.0,>,%
59005,E2E Full Test Corporation 1769042316 - Development,2024-03-31,P3-KPI3,First Contact Resolution,P3,75.81,75.0,>,%
59005,E2E Full Test Corporation 1769042316 - Development,2024-04-30,P3-KPI3,First Contact Resolution,P3,64.1,75.0,>,%
59005,E2E Full Test Corporation 1769042316 - Development,2024-05-30,P3-KPI3,First Contact Resolution,P3,70.98,75.0,>,%
59005,E2E Full Test Corporation 1769042316 - Development,2024-06-29,P3-KPI3,First Contact Resolution,P3,64.84,75.0,>,%
59005,E2E Full Test Corporation 1769042316 - Development,2024-07-29,P3-KPI3,First Contact Resolution,P3,60.57,75.0,>,%
59005,E2E Full Test Corporation 1769042316 - Development,2024-08-28,P3-KPI3,First Contact Resolution,P3,79.93,75.0,>,%
59005,E2E Full Test Corporation 1769042316 - Development,2024-09-27,P3-KPI3,First Contact Resolution,P3,72.02,75.0,>,%
59005,E2E Full Test Corporation 1769042316 - Development,2024-10-27,P3-KPI3,First Contact Resolution,P3,71.8,75.0,>,%
59005,E2E Full Test Corporation 1769042316 - Development,2024-11-26,P3-KPI3,First Contact Resolution,P3,67.33,75.0,>,%
59005,E2E Full Test Corporation 1769042316 - Development,2024-01-01,P3-KPI4,Training Completion,P3,92.57,90.0,>,%
59005,E2E Full Test Corporation 1769042316 - Development,2024-01-31,P3-KPI4,Training Completion,P3,83.14,90.0,>,%
59005,E2E Full Test Corporation 1769042316 - Development,2024-03-01,P3-KPI4,Training Completion,P3,80.32,90.0,>,%
59005,E2E Full Test Corporation 1769042316 - Development,2024-03-31,P3-KPI4,Training Completion,P3,77.66,90.0,>,%
59005,E2E Full Test Corporation 1769042316 - Development,2024-04-30,P3-KPI4,Training Completion,P3,76.71,90.0,>,%
59005,E2E Full Test Corporation 1769042316 - Development,2024-05-30,P3-KPI4,Training Completion,P3,73.21,90.0,>,%
59005,E2E Full Test Corporation 1769042316 - Development,2024-06-29,P3-KPI4,Training Completion,P3,70.11,90.0,>,%
59005,E2E Full Test Corporation 1769042316 - Development,2024-07-29,P3-KPI4,Training Completion,P3,84.07,90.0,>,%
59005,E2E Full Test Corporation 1769042316 - Development,2024-08-28,P3-KPI4,Training Completion,P3,86.03,90.0,>,%
59005,E2E Full Test Corporation 1769042316 - Development,2024-09-27,P3-KPI4,Training Completion,P3,89.66,90.0,>,%
59005,E2E Full Test Corporation 1769042316 - Development,2024-10-27,P3-KPI4,Training Completion,P3,85.31,90.0,>,%
59005,E2E Full Test Corporation 1769042316 - Development,2024-11-26,P3-KPI4,Training Completion,P3,87.09,90.0,>,%
59005,E2E Full Test Corporation 1769042316 - Development,2024-01-01,P3-KPI5,User Adoption Rate,P3,75.45,80.0,>,%
59005,E2E Full Test Corporation 1769042316 - Development,2024-01-31,P3-KPI5,User Adoption Rate,P3,71.27,80.0,>,%
59005,E2E Full Test Corporation 1769042316 - Development,2024-03-01,P3-KPI5,User Adoption Rate,P3,70.23,80.0,>,%
59005,E2E Full Test Corporation 1769042316 - Development,2024-03-31,P3-KPI5,User Adoption Rate,P3,81.32,80.0,>,%
59005,E2E Full Test Corporation 1769042316 - Development,2024-04-30,P3-KPI5,User Adoption Rate,P3,69.05,80.0,>,%
59005,E2E Full Test Corporation 1769042316 - Development,2024-05-30,P3-KPI5,User Adoption Rate,P3,75.94,80.0,>,%
59005,E2E Full Test Corporation 1769042316 - Development,2024-06-29,P3-KPI5,User Adoption Rate,P3,76.88,80.0,>,%
59005,E2E Full Test Corporation 1769042316 - Development,2024-07-29,P3-KPI5,User Adoption Rate,P3,75.47,80.0,>,%
59005,E2E Full Test Corporation 1769042316 - Development,2024-08-28,P3-KPI5,User Adoption Rate,P3,71.15,80.0,>,%
59005,E2E Full Test Corporation 1769042316 - Development,2024-09-27,P3-KPI5,User Adoption Rate,P3,72.47,80.0,>,%
59005,E2E Full Test Corporation 1769042316 - Development,2024-10-27,P3-KPI5,User Adoption Rate,P3,65.5,80.0,>,%
59005,E2E Full Test Corporation 1769042316 - Development,2024-11-26,P3-KPI5,User Adoption Rate,P3,72.59,80.0,>,%
59005,E2E Full Test Corporation 1769042316 - Development,2024-01-01,P3-KPI6,Executive Engagement,P3,3.36,4.0,>,meetings/quarter
59005,E2E Full Test Corporation 1769042316 - Development,2024-01-31,P3-KPI6,Executive Engagement,P3,3.32,4.0,>,meetings/quarter
59005,E2E Full Test Corporation 1769042316 - Development,2024-03-01,P3-KPI6,Executive Engagement,P3,3.87,4.0,>,meetings/quarter
59005,E2E Full Test Corporation 1769042316 - Development,2024-03-31,P3-KPI6,Executive Engagement,P3,3.48,4.0,>,meetings/quarter
59005,E2E Full Test Corporation 1769042316 - Development,2024-04-30,P3-KPI6,Executive Engagement,P3,3.22,4.0,>,meetings/quarter
59005,E2E Full Test Corporation 1769042316 - Development,2024-05-30,P3-KPI6,Executive Engagement,P3,2.79,4.0,>,meetings/quarter
59005,E2E Full Test Corporation 1769042316 - Development,2024-06-29,P3-KPI6,Executive Engagement,P3,2.89,4.0,>,meetings/quarter
59005,E2E Full Test Corporation 1769042316 - Development,2024-07-29,P3-KPI6,Executive Engagement,P3,3.77,4.0,>,meetings/quarter
59005,E2E Full Test Corporation 1769042316 - Development,2024-08-28,P3-KPI6,Executive Engagement,P3,3.39,4.0,>,meetings/quarter
59005,E2E Full Test Corporation 1769042316 - Development,2024-09-27,P3-KPI6,Executive Engagement,P3,3.18,4.0,>,meetings/quarter
59005,E2E Full Test Corporation 1769042316 - Development,2024-10-27,P3-KPI6,Executive Engagement,P3,2.68,4.0,>,meetings/quarter
59005,E2E Full Test Corporation 1769042316 - Development,2024-11-26,P3-KPI6,Executive Engagement,P3,2.93,4.0,>,meetings/quarter
59005,E2E Full Test Corporation 1769042316 - Development,2024-01-01,P3-KPI7,Response Time SLA,P3,65.11,30.0,<,minutes
59005,E2E Full Test Corporation 1769042316 - Development,2024-01-31,P3-KPI7,Response Time SLA,P3,49.45,30.0,<,minutes
59005,E2E Full Test Corporation 1769042316 - Development,2024-03-01,P3-KPI7,Response Time SLA,P3,37.18,30.0,<,minutes
59005,E2E Full Test Corporation 1769042316 - Development,2024-03-31,P3-KPI7,Response Time SLA,P3,52.89,30.0,<,minutes
59005,E2E Full Test Corporation 1769042316 - Development,2024-04-30,P3-KPI7,Response Time SLA,P3,78.74,30.0,<,minutes
59005,E2E Full Test Corporation 1769042316 - Development,2024-05-30,P3-KPI7,Response Time SLA,P3,67.44,30.0,<,minutes
59005,E2E Full Test Corporation 1769042316 - Development,2024-06-29,P3-KPI7,Response Time SLA,P3,59.71,30.0,<,minutes
59005,E2E Full Test Corporation 1769042316 - Development,2024-07-29,P3-KPI7,Response Time SLA,P3,40.5,30.0,<,minutes
59005,E2E Full Test Corporation 1769042316 - Development,2024-08-28,P3-KPI7,Response Time SLA,P3,47.63,30.0,<,minutes
59005,E2E Full Test Corporation 1769042316 - Development,2024-09-27,P3-KPI7,Response Time SLA,P3,55.64,30.0,<,minutes
59005,E2E Full Test Corporation 1769042316 - Development,2024-10-27,P3-KPI7,Response Time SLA,P3,74.7,30.0,<,minutes
59005,E2E Full Test Corporation 1769042316 - Development,2024-11-26,P3-KPI7,Response Time SLA,P3,61.58,30.0,<,minutes
59005,E2E Full Test Corporation 1769042316 - Development,2024-01-01,P4-KPI1,ROI Achievement,P4,134.26,150.0,>,%
59005,E2E Full Test Corporation 1769042316 - Development,2024-01-31,P4-KPI1,ROI Achievement,P4,147.69,150.0,>,%
59005,E2E Full Test Corporation 1769042316 - Development,2024-03-01,P4-KPI1,ROI Achievement,P4,152.17,150.0,>,%
59005,E2E Full Test Corporation 1769042316 - Development,2024-03-31,P4-KPI1,ROI Achievement,P4,120.85,150.0,>,%
59005,E2E Full Test Corporation 1769042316 - Development,2024-04-30,P4-KPI1,ROI Achievement,P4,135.68,150.0,>,%
59005,E2E Full Test Corporation 1769042316 - Development,2024-05-30,P4-KPI1,ROI Achievement,P4,129.05,150.0,>,%
59005,E2E Full Test Corporation 1769042316 - Development,2024-06-29,P4-KPI1,ROI Achievement,P4,126.3,150.0,>,%
59005,E2E Full Test Corporation 1769042316 - Development,2024-07-29,P4-KPI1,ROI Achievement,P4,127.11,150.0,>,%
59005,E2E Full Test Corporation 1769042316 - Development,2024-08-28,P4-KPI1,ROI Achievement,P4,131.61,150.0,>,%
59005,E2E Full Test Corporation 1769042316 - Development,2024-09-27,P4-KPI1,ROI Achievement,P4,127.75,150.0,>,%
59005,E2E Full Test Corporation 1769042316 - Development,2024-10-27,P4-KPI1,ROI Achievement,P4,113.33,150.0,>,%
59005,E2E Full Test Corporation 1769042316 - Development,2024-11-26,P4-KPI1,ROI Achievement,P4,121.08,150.0,>,%
59005,E2E Full Test Corporation 1769042316 - Development,2024-01-01,P4-KPI2,Cost Reduction,P4,12.12,20.0,>,%
59005,E2E Full Test Corporation 1769042316 - Development,2024-01-31,P4-KPI2,Cost Reduction,P4,15.85,20.0,>,%
59005,E2E Full Test Corporation 1769042316 - Development,2024-03-01,P4-KPI2,Cost Reduction,P4,15.17,20.0,>,%
59005,E2E Full Test Corporation 1769042316 - Development,2024-03-31,P4-KPI2,Cost Reduction,P4,11.95,20.0,>,%
59005,E2E Full Test Corporation 1769042316 - Development,2024-04-30,P4-KPI2,Cost Reduction,P4,12.57,20.0,>,%
59005,E2E Full Test Corporation 1769042316 - Development,2024-05-30,P4-KPI2,Cost Reduction,P4,11.81,20.0,>,%
59005,E2E Full Test Corporation 1769042316 - Development,2024-06-29,P4-KPI2,Cost Reduction,P4,14.78,20.0,>,%
59005,E2E Full Test Corporation 1769042316 - Development,2024-07-29,P4-KPI2,Cost Reduction,P4,15.11,20.0,>,%
59005,E2E Full Test Corporation 1769042316 - Development,2024-08-28,P4-KPI2,Cost Reduction,P4,15.59,20.0,>,%
59005,E2E Full Test Corporation 1769042316 - Development,2024-09-27,P4-KPI2,Cost Reduction,P4,12.89,20.0,>,%
59005,E2E Full Test Corporation 1769042316 - Development,2024-10-27,P4-KPI2,Cost Reduction,P4,9.73,20.0,>,%
59005,E2E Full Test Corporation 1769042316 - Development,2024-11-26,P4-KPI2,Cost Reduction,P4,12.65,20.0,>,%
59005,E2E Full Test Corporation 1769042316 - Development,2024-01-01,P4-KPI3,Time to Value,P4,129.76,90.0,<,days
59005,E2E Full Test Corporation 1769042316 - Development,2024-01-31,P4-KPI3,Time to Value,P4,107.65,90.0,<,days
59005,E2E Full Test Corporation 1769042316 - Development,2024-03-01,P4-KPI3,Time to Value,P4,100.96,90.0,<,days
59005,E2E Full Test Corporation 1769042316 - Development,2024-03-31,P4-KPI3,Time to Value,P4,111.62,90.0,<,days
59005,E2E Full Test Corporation 1769042316 - Development,2024-04-30,P4-KPI3,Time to Value,P4,136.48,90.0,<,days
59005,E2E Full Test Corporation 1769042316 - Development,2024-05-30,P4-KPI3,Time to Value,P4,138.79,90.0,<,days
59005,E2E Full Test Corporation 1769042316 - Development,2024-06-29,P4-KPI3,Time to Value,P4,115.23,90.0,<,days
59005,E2E Full Test Corporation 1769042316 - Development,2024-07-29,P4-KPI3,Time to Value,P4,102.67,90.0,<,days
59005,E2E Full Test Corporation 1769042316 - Development,2024-08-28,P4-KPI3,Time to Value,P4,115.61,90.0,<,days
59005,E2E Full Test Corporation 1769042316 - Development,2024-09-27,P4-KPI3,Time to Value,P4,103.6,90.0,<,days
59005,E2E Full Test Corporation 1769042316 - Development,2024-10-27,P4-KPI3,Time to Value,P4,135.58,90.0,<,days
59005,E2E Full Test Corporation 1769042316 - Development,2024-11-26,P4-KPI3,Time to Value,P4,140.88,90.0,<,days
59005,E2E Full Test Corporation 1769042316 - Development,2024-01-01,P4-KPI4,Revenue Enablement,P4,4.2,5.0,>,$M
59005,E2E Full Test Corporation 1769042316 - Development,2024-01-31,P4-KPI4,Revenue Enablement,P4,4.02,5.0,>,$M
59005,E2E Full Test Corporation 1769042316 - Development,2024-03-01,P4-KPI4,Revenue Enablement,P4,3.84,5.0,>,$M
59005,E2E Full Test Corporation 1769042316 - Development,2024-03-31,P4-KPI4,Revenue Enablement,P4,3.38,5.0,>,$M
59005,E2E Full Test Corporation 1769042316 - Development,2024-04-30,P4-KPI4,Revenue Enablement,P4,2.91,5.0,>,$M
59005,E2E Full Test Corporation 1769042316 - Development,2024-05-30,P4-KPI4,Revenue Enablement,P4,2.89,5.0,>,$M
59005,E2E Full Test Corporation 1769042316 - Development,2024-06-29,P4-KPI4,Revenue Enablement,P4,3.24,5.0,>,$M
59005,E2E Full Test Corporation 1769042316 - Development,2024-07-29,P4-KPI4,Revenue Enablement,P4,4.52,5.0,>,$M
59005,E2E Full Test Corporation 1769042316 - Development,2024-08-28,P4-KPI4,Revenue Enablement,P4,4.43,5.0,>,$M
59005,E2E Full Test Corporation 1769042316 - Development,2024-09-27,P4-KPI4,Revenue Enablement,P4,3.42,5.0,>,$M
59005,E2E Full Test Corporation 1769042316 - Development,2024-10-27,P4-KPI4,Revenue Enablement,P4,3.21,5.0,>,$M
59005,E2E Full Test Corporation 1769042316 - Development,2024-11-26,P4-KPI4,Revenue Enablement,P4,3.5,5.0,>,$M
59005,E2E Full Test Corporation 1769042316 - Development,2024-01-01,P4-KPI5,Operational Efficiency,P4,85.88,85.0,>,%
59005,E2E Full Test Corporation 1769042316 - Development,2024-01-31,P4-KPI5,Operational Efficiency,P4,85.96,85.0,>,%
59005,E2E Full Test Corporation 1769042316 - Development,2024-03-01,P4-KPI5,Operational Efficiency,P4,69.11,85.0,>,%
59005,E2E Full Test Corporation 1769042316 - Development,2024-03-31,P4-KPI5,Operational Efficiency,P4,87.9,85.0,>,%
59005,E2E Full Test Corporation 1769042316 - Development,2024-04-30,P4-KPI5,Operational Efficiency,P4,75.07,85.0,>,%
59005,E2E Full Test Corporation 1769042316 - Development,2024-05-30,P4-KPI5,Operational Efficiency,P4,67.38,85.0,>,%
59005,E2E Full Test Corporation 1769042316 - Development,2024-06-29,P4-KPI5,Operational Efficiency,P4,82.75,85.0,>,%
59005,E2E Full Test Corporation 1769042316 - Development,2024-07-29,P4-KPI5,Operational Efficiency,P4,80.53,85.0,>,%
59005,E2E Full Test Corporation 1769042316 - Development,2024-08-28,P4-KPI5,Operational Efficiency,P4,75.82,85.0,>,%
59005,E2E Full Test Corporation 1769042316 - Development,2024-09-27,P4-KPI5,Operational Efficiency,P4,84.54,85.0,>,%
59005,E2E Full Test Corporation 1769042316 - Development,2024-10-27,P4-KPI5,Operational Efficiency,P4,82.81,85.0,>,%
59005,E2E Full Test Corporation 1769042316 - Development,2024-11-26,P4-KPI5,Operational Efficiency,P4,83.14,85.0,>,%
59005,E2E Full Test Corporation 1769042316 - Development,2024-01-01,P4-KPI6,Innovation Projects,P4,2.15,3.0,>,count
59005,E2E Full Test Corporation 1769042316 - Development,2024-01-31,P4-KPI6,Innovation Projects,P4,2.48,3.0,>,count
59005,E2E Full Test Corporation 1769042316 - Development,2024-03-01,P4-KPI6,Innovation Projects,P4,2.71,3.0,>,count
59005,E2E Full Test Corporation 1769042316 - Development,2024-03-31,P4-KPI6,Innovation Projects,P4,2.06,3.0,>,count
59005,E2E Full Test Corporation 1769042316 - Development,2024-04-30,P4-KPI6,Innovation Projects,P4,2.34,3.0,>,count
59005,E2E Full Test Corporation 1769042316 - Development,2024-05-30,P4-KPI6,Innovation Projects,P4,2.36,3.0,>,count
59005,E2E Full Test Corporation 1769042316 - Development,2024-06-29,P4-KPI6,Innovation Projects,P4,2.32,3.0,>,count
59005,E2E Full Test Corporation 1769042316 - Development,2024-07-29,P4-KPI6,Innovation Projects,P4,2.51,3.0,>,count
59005,E2E Full Test Corporation 1769042316 - Development,2024-08-28,P4-KPI6,Innovation Projects,P4,3.03,3.0,>,count
59005,E2E Full Test Corporation 1769042316 - Development,2024-09-27,P4-KPI6,Innovation Projects,P4,2.08,3.0,>,count
59005,E2E Full Test Corporation 1769042316 - Development,2024-10-27,P4-KPI6,Innovation Projects,P4,2.02,3.0,>,count
59005,E2E Full Test Corporation 1769042316 - Development,2024-11-26,P4-KPI6,Innovation Projects,P4,1.8,3.0,>,count
59005,E2E Full Test Corporation 1769042316 - Development,2024-01-01,P4-KPI7,Business Case Validation,P4,84.48,90.0,>,%
59005,E2E Full Test Corporation 1769042316 - Development,2024-01-31,P4-KPI7,Business Case Validation,P4,78.4,90.0,>,%
59005,E2E Full Test Corporation 1769042316 - Development,2024-03-01,P4-KPI7,Business Case Validation,P4,87.45,90.0,>,%
59005,E2E Full Test Corporation 1769042316 - Development,2024-03-31,P4-KPI7,Business Case Validation,P4,91.37,90.0,>,%
59005,E2E Full Test Corporation 1769042316 - Development,2024-04-30,P4-KPI7,Business Case Validation,P4,84.24,90.0,>,%
59005,E2E Full Test Corporation 1769042316 - Development,2024-05-30,P4-KPI7,Business Case Validation,P4,85.23,90.0,>,%
59005,E2E Full Test Corporation 1769042316 - Development,2024-06-29,P4-KPI7,Business Case Validation,P4,87.2,90.0,>,%
59005,E2E Full Test Corporation 1769042316 - Development,2024-07-29,P4-KPI7,Business Case Validation,P4,79.92,90.0,>,%
59005,E2E Full Test Corporation 1769042316 - Development,2024-08-28,P4-KPI7,Business Case Validation,P4,82.99,90.0,>,%
59005,E2E Full Test Corporation 1769042316 - Development,2024-09-27,P4-KPI7,Business Case Validation,P4,91.13,90.0,>,%
59005,E2E Full Test Corporation 1769042316 - Development,2024-10-27,P4-KPI7,Business Case Validation,P4,86.36,90.0,>,%
59005,E2E Full Test Corporation 1769042316 - Development,2024-11-26,P4-KPI7,Business Case Validation,P4,86.84,90.0,>,%
59005,E2E Full Test Corporation 1769042316 - Development,2024-01-01,P5-KPI1,Executive Sponsorship,P5,4.09,4.5,>,score
59005,E2E Full Test Corporation 1769042316 - Development,2024-01-31,P5-KPI1,Executive Sponsorship,P5,4.45,4.5,>,score
59005,E2E Full Test Corporation 1769042316 - Development,2024-03-01,P5-KPI1,Executive Sponsorship,P5,4.84,4.5,>,score
59005,E2E Full Test Corporation 1769042316 - Development,2024-03-31,P5-KPI1,Executive Sponsorship,P5,4.3,4.5,>,score
59005,E2E Full Test Corporation 1769042316 - Development,2024-04-30,P5-KPI1,Executive Sponsorship,P5,3.4,4.5,>,score
59005,E2E Full Test Corporation 1769042316 - Development,2024-05-30,P5-KPI1,Executive Sponsorship,P5,3.76,4.5,>,score
59005,E2E Full Test Corporation 1769042316 - Development,2024-06-29,P5-KPI1,Executive Sponsorship,P5,4.52,4.5,>,score
59005,E2E Full Test Corporation 1769042316 - Development,2024-07-29,P5-KPI1,Executive Sponsorship,P5,4.64,4.5,>,score
59005,E2E Full Test Corporation 1769042316 - Development,2024-08-28,P5-KPI1,Executive Sponsorship,P5,4.61,4.5,>,score
59005,E2E Full Test Corporation 1769042316 - Development,2024-09-27,P5-KPI1,Executive Sponsorship,P5,4.02,4.5,>,score
59005,E2E Full Test Corporation 1769042316 - Development,2024-10-27,P5-KPI1,Executive Sponsorship,P5,3.51,4.5,>,score
59005,E2E Full Test Corporation 1769042316 - Development,2024-11-26,P5-KPI1,Executive Sponsorship,P5,4.11,4.5,>,score
59005,E2E Full Test Corporation 1769042316 - Development,2024-01-01,P5-KPI2,Renewal Likelihood,P5,90.95,95.0,>,%
59005,E2E Full Test Corporation 1769042316 - Development,2024-01-31,P5-KPI2,Renewal Likelihood,P5,91.92,95.0,>,%
59005,E2E Full Test Corporation 1769042316 - Development,2024-03-01,P5-KPI2,Renewal Likelihood,P5,90.71,95.0,>,%
59005,E2E Full Test Corporation 1769042316 - Development,2024-03-31,P5-KPI2,Renewal Likelihood,P5,81.03,95.0,>,%
59005,E2E Full Test Corporation 1769042316 - Development,2024-04-30,P5-KPI2,Renewal Likelihood,P5,85.1,95.0,>,%
59005,E2E Full Test Corporation 1769042316 - Development,2024-05-30,P5-KPI2,Renewal Likelihood,P5,78.13,95.0,>,%
59005,E2E Full Test Corporation 1769042316 - Development,2024-06-29,P5-KPI2,Renewal Likelihood,P5,97.65,95.0,>,%
59005,E2E Full Test Corporation 1769042316 - Development,2024-07-29,P5-KPI2,Renewal Likelihood,P5,89.12,95.0,>,%
59005,E2E Full Test Corporation 1769042316 - Development,2024-08-28,P5-KPI2,Renewal Likelihood,P5,100.0,95.0,>,%
59005,E2E Full Test Corporation 1769042316 - Development,2024-09-27,P5-KPI2,Renewal Likelihood,P5,100.0,95.0,>,%
59005,E2E Full Test Corporation 1769042316 - Development,2024-10-27,P5-KPI2,Renewal Likelihood,P5,96.25,95.0,>,%
59005,E2E Full Test Corporation 1769042316 - Development,2024-11-26,P5-KPI2,Renewal Likelihood,P5,74.58,95.0,>,%
59005,E2E Full Test Corporation 1769042316 - Development,2024-01-01,P5-KPI3,Expansion Pipeline,P5,1.65,2.0,>,$M
59005,E2E Full Test Corporation 1769042316 - Development,2024-01-31,P5-KPI3,Expansion Pipeline,P5,1.51,2.0,>,$M
59005,E2E Full Test Corporation 1769042316 - Development,2024-03-01,P5-KPI3,Expansion Pipeline,P5,1.7,2.0,>,$M
59005,E2E Full Test Corporation 1769042316 - Development,2024-03-31,P5-KPI3,Expansion Pipeline,P5,1.42,2.0,>,$M
59005,E2E Full Test Corporation 1769042316 - Development,2024-04-30,P5-KPI3,Expansion Pipeline,P5,1.16,2.0,>,$M
59005,E2E Full Test Corporation 1769042316 - Development,2024-05-30,P5-KPI3,Expansion Pipeline,P5,1.15,2.0,>,$M
59005,E2E Full Test Corporation 1769042316 - Development,2024-06-29,P5-KPI3,Expansion Pipeline,P5,1.67,2.0,>,$M
59005,E2E Full Test Corporation 1769042316 - Development,2024-07-29,P5-KPI3,Expansion Pipeline,P5,1.92,2.0,>,$M
59005,E2E Full Test Corporation 1769042316 - Development,2024-08-28,P5-KPI3,Expansion Pipeline,P5,1.85,2.0,>,$M
59005,E2E Full Test Corporation 1769042316 - Development,2024-09-27,P5-KPI3,Expansion Pipeline,P5,1.58,2.0,>,$M
59005,E2E Full Test Corporation 1769042316 - Development,2024-10-27,P5-KPI3,Expansion Pipeline,P5,1.46,2.0,>,$M
59005,E2E Full Test Corporation 1769042316 - Development,2024-11-26,P5-KPI3,Expansion Pipeline,P5,1.36,2.0,>,$M
59005,E2E Full Test Corporation 1769042316 - Development,2024-01-01,P5-KPI4,Reference Willingness,P5,3.26,4.0,>,score
59005,E2E Full Test Corporation 1769042316 - Development,2024-01-31,P5-KPI4,Reference Willingness,P5,3.39,4.0,>,score
59005,E2E Full Test Corporation 1769042316 - Development,2024-03-01,P5-KPI4,Reference Willingness,P5,3.33,4.0,>,score
59005,E2E Full Test Corporation 1769042316 - Development,2024-03-31,P5-KPI4,Reference Willingness,P5,3.89,4.0,>,score
59005,E2E Full Test Corporation 1769042316 - Development,2024-04-30,P5-KPI4,Reference Willingness,P5,2.65,4.0,>,score
59005,E2E Full Test Corporation 1769042316 - Development,2024-05-30,P5-KPI4,Reference Willingness,P5,3.48,4.0,>,score
59005,E2E Full Test Corporation 1769042316 - Development,2024-06-29,P5-KPI4,Reference Willingness,P5,3.56,4.0,>,score
59005,E2E Full Test Corporation 1769042316 - Development,2024-07-29,P5-KPI4,Reference Willingness,P5,3.27,4.0,>,score
59005,E2E Full Test Corporation 1769042316 - Development,2024-08-28,P5-KPI4,Reference Willingness,P5,4.13,4.0,>,score
59005,E2E Full Test Corporation 1769042316 - Development,2024-09-27,P5-KPI4,Reference Willingness,P5,3.42,4.0,>,score
59005,E2E Full Test Corporation 1769042316 - Development,2024-10-27,P5-KPI4,Reference Willingness,P5,2.68,4.0,>,score
59005,E2E Full Test Corporation 1769042316 - Development,2024-11-26,P5-KPI4,Reference Willingness,P5,3.38,4.0,>,score
59005,E2E Full Test Corporation 1769042316 - Development,2024-01-01,P5-KPI5,Strategic Alignment,P5,74.19,85.0,>,score
59005,E2E Full Test Corporation 1769042316 - Development,2024-01-31,P5-KPI5,Strategic Alignment,P5,80.84,85.0,>,score
59005,E2E Full Test Corporation 1769042316 - Development,2024-03-01,P5-KPI5,Strategic Alignment,P5,78.7,85.0,>,score
59005,E2E Full Test Corporation 1769042316 - Development,2024-03-31,P5-KPI5,Strategic Alignment,P5,79.95,85.0,>,score
59005,E2E Full Test Corporation 1769042316 - Development,2024-04-30,P5-KPI5,Strategic Alignment,P5,68.52,85.0,>,score
59005,E2E Full Test Corporation 1769042316 - Development,2024-05-30,P5-KPI5,Strategic Alignment,P5,75.33,85.0,>,score
59005,E2E Full Test Corporation 1769042316 - Development,2024-06-29,P5-KPI5,Strategic Alignment,P5,84.33,85.0,>,score
59005,E2E Full Test Corporation 1769042316 - Development,2024-07-29,P5-KPI5,Strategic Alignment,P5,74.73,85.0,>,score
59005,E2E Full Test Corporation 1769042316 - Development,2024-08-28,P5-KPI5,Strategic Alignment,P5,73.31,85.0,>,score
59005,E2E Full Test Corporation 1769042316 - Development,2024-09-27,P5-KPI5,Strategic Alignment,P5,88.2,85.0,>,score
59005,E2E Full Test Corporation 1769042316 - Development,2024-10-27,P5-KPI5,Strategic Alignment,P5,72.9,85.0,>,score
59005,E2E Full Test Corporation 1769042316 - Development,2024-11-26,P5-KPI5,Strategic Alignment,P5,73.4,85.0,>,score
59005,E2E Full Test Corporation 1769042316 - Development,2024-01-01,P5-KPI6,Partnership Depth,P5,81.43,80.0,>,score
59005,E2E Full Test Corporation 1769042316 - Development,2024-01-31,P5-KPI6,Partnership Depth,P5,66.91,80.0,>,score
59005,E2E Full Test Corporation 1769042316 - Development,2024-03-01,P5-KPI6,Partnership Depth,P5,79.54,80.0,>,score
59005,E2E Full Test Corporation 1769042316 - Development,2024-03-31,P5-KPI6,Partnership Depth,P5,67.54,80.0,>,score
59005,E2E Full Test Corporation 1769042316 - Development,2024-04-30,P5-KPI6,Partnership Depth,P5,65.07,80.0,>,score
59005,E2E Full Test Corporation 1769042316 - Development,2024-05-30,P5-KPI6,Partnership Depth,P5,72.76,80.0,>,score
59005,E2E Full Test Corporation 1769042316 - Development,2024-06-29,P5-KPI6,Partnership Depth,P5,66.49,80.0,>,score
59005,E2E Full Test Corporation 1769042316 - Development,2024-07-29,P5-KPI6,Partnership Depth,P5,65.3,80.0,>,score
59005,E2E Full Test Corporation 1769042316 - Development,2024-08-28,P5-KPI6,Partnership Depth,P5,66.98,80.0,>,score
59005,E2E Full Test Corporation 1769042316 - Development,2024-09-27,P5-KPI6,Partnership Depth,P5,62.86,80.0,>,score
59005,E2E Full Test Corporation 1769042316 - Development,2024-10-27,P5-KPI6,Partnership Depth,P5,58.31,80.0,>,score
59005,E2E Full Test Corporation 1769042316 - Development,2024-11-26,P5-KPI6,Partnership Depth,P5,64.11,80.0,>,score
59005,E2E Full Test Corporation 1769042316 - Development,2024-01-01,P5-KPI7,NPS Score,P5,65.81,70.0,>,score
59005,E2E Full Test Corporation 1769042316 - Development,2024-01-31,P5-KPI7,NPS Score,P5,72.7,70.0,>,score
59005,E2E Full Test Corporation 1769042316 - Development,2024-03-01,P5-KPI7,NPS Score,P5,66.33,70.0,>,score
59005,E2E Full Test Corporation 1769042316 - Development,2024-03-31,P5-KPI7,NPS Score,P5,57.27,70.0,>,score
59005,E2E Full Test Corporation 1769042316 - Development,2024-04-30,P5-KPI7,NPS Score,P5,60.3,70.0,>,score
59005,E2E Full Test Corporation 1769042316 - Development,2024-05-30,P5-KPI7,NPS Score,P5,53.17,70.0,>,score
59005,E2E Full Test Corporation 1769042316 - Development,2024-06-29,P5-KPI7,NPS Score,P5,56.58,70.0,>,score
59005,E2E Full Test Corporation 1769042316 - Development,2024-07-29,P5-KPI7,NPS Score,P5,64.11,70.0,>,score
59005,E2E Full Test Corporation 1769042316 - Development,2024-08-28,P5-KPI7,NPS Score,P5,63.74,70.0,>,score
59005,E2E Full Test Corporation 1769042316 - Development,2024-09-27,P5-KPI7,NPS Score,P5,68.38,70.0,>,score
59005,E2E Full Test Corporation 1769042316 - Development,2024-10-27,P5-KPI7,NPS Score,P5,62.67,70.0,>,score
59005,E2E Full Test Corporation 1769042316 - Development,2024-11-26,P5-KPI7,NPS Score,P5,50.52,70.0,>,score
59006,E2E Full Test Corporation 1769042316 - HQ Operations,2024-01-01,P1-KPI1,System Uptime,P1,100.0,99.9,>,%
59006,E2E Full Test Corporation 1769042316 - HQ Operations,2024-01-31,P1-KPI1,System Uptime,P1,98.0,99.9,>,%
59006,E2E Full Test Corporation 1769042316 - HQ Operations,2024-03-01,P1-KPI1,System Uptime,P1,100.0,99.9,>,%
59006,E2E Full Test Corporation 1769042316 - HQ Operations,2024-03-31,P1-KPI1,System Uptime,P1,98.0,99.9,>,%
59006,E2E Full Test Corporation 1769042316 - HQ Operations,2024-04-30,P1-KPI1,System Uptime,P1,98.0,99.9,>,%
59006,E2E Full Test Corporation 1769042316 - HQ Operations,2024-05-30,P1-KPI1,System Uptime,P1,100.0,99.9,>,%
59006,E2E Full Test Corporation 1769042316 - HQ Operations,2024-06-29,P1-KPI1,System Uptime,P1,100.0,99.9,>,%
59006,E2E Full Test Corporation 1769042316 - HQ Operations,2024-07-29,P1-KPI1,System Uptime,P1,98.59,99.9,>,%
59006,E2E Full Test Corporation 1769042316 - HQ Operations,2024-08-28,P1-KPI1,System Uptime,P1,99.69,99.9,>,%
59006,E2E Full Test Corporation 1769042316 - HQ Operations,2024-09-27,P1-KPI1,System Uptime,P1,99.85,99.9,>,%
59006,E2E Full Test Corporation 1769042316 - HQ Operations,2024-10-27,P1-KPI1,System Uptime,P1,98.0,99.9,>,%
59006,E2E Full Test Corporation 1769042316 - HQ Operations,2024-11-26,P1-KPI1,System Uptime,P1,100.0,99.9,>,%
59006,E2E Full Test Corporation 1769042316 - HQ Operations,2024-01-01,P1-KPI2,Mean Time to Resolution,P1,4.5,2.0,<,hours
59006,E2E Full Test Corporation 1769042316 - HQ Operations,2024-01-31,P1-KPI2,Mean Time to Resolution,P1,3.75,2.0,<,hours
59006,E2E Full Test Corporation 1769042316 - HQ Operations,2024-03-01,P1-KPI2,Mean Time to Resolution,P1,3.76,2.0,<,hours
59006,E2E Full Test Corporation 1769042316 - HQ Operations,2024-03-31,P1-KPI2,Mean Time to Resolution,P1,4.76,2.0,<,hours
59006,E2E Full Test Corporation 1769042316 - HQ Operations,2024-04-30,P1-KPI2,Mean Time to Resolution,P1,4.49,2.0,<,hours
59006,E2E Full Test Corporation 1769042316 - HQ Operations,2024-05-30,P1-KPI2,Mean Time to Resolution,P1,4.73,2.0,<,hours
59006,E2E Full Test Corporation 1769042316 - HQ Operations,2024-06-29,P1-KPI2,Mean Time to Resolution,P1,3.64,2.0,<,hours
59006,E2E Full Test Corporation 1769042316 - HQ Operations,2024-07-29,P1-KPI2,Mean Time to Resolution,P1,3.94,2.0,<,hours
59006,E2E Full Test Corporation 1769042316 - HQ Operations,2024-08-28,P1-KPI2,Mean Time to Resolution,P1,3.9,2.0,<,hours
59006,E2E Full Test Corporation 1769042316 - HQ Operations,2024-09-27,P1-KPI2,Mean Time to Resolution,P1,3.97,2.0,<,hours
59006,E2E Full Test Corporation 1769042316 - HQ Operations,2024-10-27,P1-KPI2,Mean Time to Resolution,P1,3.7,2.0,<,hours
59006,E2E Full Test Corporation 1769042316 - HQ Operations,2024-11-26,P1-KPI2,Mean Time to Resolution,P1,3.93,2.0,<,hours
59006,E2E Full Test Corporation 1769042316 - HQ Operations,2024-01-01,P1-KPI3,GPU Utilization,P1,79.83,85.0,>,%
59006,E2E Full Test Corporation 1769042316 - HQ Operations,2024-01-31,P1-KPI3,GPU Utilization,P1,71.85,85.0,>,%
59006,E2E Full Test Corporation 1769042316 - HQ Operations,2024-03-01,P1-KPI3,GPU Utilization,P1,81.18,85.0,>,%
59006,E2E Full Test Corporation 1769042316 - HQ Operations,2024-03-31,P1-KPI3,GPU Utilization,P1,72.81,85.0,>,%
59006,E2E Full Test Corporation 1769042316 - HQ Operations,2024-04-30,P1-KPI3,GPU Utilization,P1,71.27,85.0,>,%
59006,E2E Full Test Corporation 1769042316 - HQ Operations,2024-05-30,P1-KPI3,GPU Utilization,P1,80.33,85.0,>,%
59006,E2E Full Test Corporation 1769042316 - HQ Operations,2024-06-29,P1-KPI3,GPU Utilization,P1,78.06,85.0,>,%
59006,E2E Full Test Corporation 1769042316 - HQ Operations,2024-07-29,P1-KPI3,GPU Utilization,P1,74.89,85.0,>,%
59006,E2E Full Test Corporation 1769042316 - HQ Operations,2024-08-28,P1-KPI3,GPU Utilization,P1,79.31,85.0,>,%
59006,E2E Full Test Corporation 1769042316 - HQ Operations,2024-09-27,P1-KPI3,GPU Utilization,P1,77.25,85.0,>,%
59006,E2E Full Test Corporation 1769042316 - HQ Operations,2024-10-27,P1-KPI3,GPU Utilization,P1,78.7,85.0,>,%
59006,E2E Full Test Corporation 1769042316 - HQ Operations,2024-11-26,P1-KPI3,GPU Utilization,P1,77.46,85.0,>,%
59006,E2E Full Test Corporation 1769042316 - HQ Operations,2024-01-01,P1-KPI4,Network Latency,P1,21.4,10.0,<,ms
59006,E2E Full Test Corporation 1769042316 - HQ Operations,2024-01-31,P1-KPI4,Network Latency,P1,28.79,10.0,<,ms
59006,E2E Full Test Corporation 1769042316 - HQ Operations,2024-03-01,P1-KPI4,Network Latency,P1,27.37,10.0,<,ms
59006,E2E Full Test Corporation 1769042316 - HQ Operations,2024-03-31,P1-KPI4,Network Latency,P1,29.32,10.0,<,ms
59006,E2E Full Test Corporation 1769042316 - HQ Operations,2024-04-30,P1-KPI4,Network Latency,P1,22.12,10.0,<,ms
59006,E2E Full Test Corporation 1769042316 - HQ Operations,2024-05-30,P1-KPI4,Network Latency,P1,20.94,10.0,<,ms
59006,E2E Full Test Corporation 1769042316 - HQ Operations,2024-06-29,P1-KPI4,Network Latency,P1,22.7,10.0,<,ms
59006,E2E Full Test Corporation 1769042316 - HQ Operations,2024-07-29,P1-KPI4,Network Latency,P1,20.99,10.0,<,ms
59006,E2E Full Test Corporation 1769042316 - HQ Operations,2024-08-28,P1-KPI4,Network Latency,P1,22.59,10.0,<,ms
59006,E2E Full Test Corporation 1769042316 - HQ Operations,2024-09-27,P1-KPI4,Network Latency,P1,22.19,10.0,<,ms
59006,E2E Full Test Corporation 1769042316 - HQ Operations,2024-10-27,P1-KPI4,Network Latency,P1,23.0,10.0,<,ms
59006,E2E Full Test Corporation 1769042316 - HQ Operations,2024-11-26,P1-KPI4,Network Latency,P1,21.39,10.0,<,ms
59006,E2E Full Test Corporation 1769042316 - HQ Operations,2024-01-01,P1-KPI5,Storage Performance,P1,75182.6,100000.0,>,IOPS
59006,E2E Full Test Corporation 1769042316 - HQ Operations,2024-01-31,P1-KPI5,Storage Performance,P1,82394.34,100000.0,>,IOPS
59006,E2E Full Test Corporation 1769042316 - HQ Operations,2024-03-01,P1-KPI5,Storage Performance,P1,82699.06,100000.0,>,IOPS
59006,E2E Full Test Corporation 1769042316 - HQ Operations,2024-03-31,P1-KPI5,Storage Performance,P1,87496.41,100000.0,>,IOPS
59006,E2E Full Test Corporation 1769042316 - HQ Operations,2024-04-30,P1-KPI5,Storage Performance,P1,88144.7,100000.0,>,IOPS
59006,E2E Full Test Corporation 1769042316 - HQ Operations,2024-05-30,P1-KPI5,Storage Performance,P1,75508.26,100000.0,>,IOPS
59006,E2E Full Test Corporation 1769042316 - HQ Operations,2024-06-29,P1-KPI5,Storage Performance,P1,82210.43,100000.0,>,IOPS
59006,E2E Full Test Corporation 1769042316 - HQ Operations,2024-07-29,P1-KPI5,Storage Performance,P1,86679.54,100000.0,>,IOPS
59006,E2E Full Test Corporation 1769042316 - HQ Operations,2024-08-28,P1-KPI5,Storage Performance,P1,85775.19,100000.0,>,IOPS
59006,E2E Full Test Corporation 1769042316 - HQ Operations,2024-09-27,P1-KPI5,Storage Performance,P1,89161.2,100000.0,>,IOPS
59006,E2E Full Test Corporation 1769042316 - HQ Operations,2024-10-27,P1-KPI5,Storage Performance,P1,88220.88,100000.0,>,IOPS
59006,E2E Full Test Corporation 1769042316 - HQ Operations,2024-11-26,P1-KPI5,Storage Performance,P1,87467.17,100000.0,>,IOPS
59006,E2E Full Test Corporation 1769042316 - HQ Operations,2024-01-01,P1-KPI6,Cooling Efficiency,P1,1.51,1.3,<,PUE
59006,E2E Full Test Corporation 1769042316 - HQ Operations,2024-01-31,P1-KPI6,Cooling Efficiency,P1,1.46,1.3,<,PUE
59006,E2E Full Test Corporation 1769042316 - HQ Operations,2024-03-01,P1-KPI6,Cooling Efficiency,P1,1.5,1.3,<,PUE
59006,E2E Full Test Corporation 1769042316 - HQ Operations,2024-03-31,P1-KPI6,Cooling Efficiency,P1,1.45,1.3,<,PUE
59006,E2E Full Test Corporation 1769042316 - HQ Operations,2024-04-30,P1-KPI6,Cooling Efficiency,P1,1.48,1.3,<,PUE
59006,E2E Full Test Corporation 1769042316 - HQ Operations,2024-05-30,P1-KPI6,Cooling Efficiency,P1,1.4,1.3,<,PUE
59006,E2E Full Test Corporation 1769042316 - HQ Operations,2024-06-29,P1-KPI6,Cooling Efficiency,P1,1.49,1.3,<,PUE
59006,E2E Full Test Corporation 1769042316 - HQ Operations,2024-07-29,P1-KPI6,Cooling Efficiency,P1,1.5,1.3,<,PUE
59006,E2E Full Test Corporation 1769042316 - HQ Operations,2024-08-28,P1-KPI6,Cooling Efficiency,P1,1.42,1.3,<,PUE
59006,E2E Full Test Corporation 1769042316 - HQ Operations,2024-09-27,P1-KPI6,Cooling Efficiency,P1,1.4,1.3,<,PUE
59006,E2E Full Test Corporation 1769042316 - HQ Operations,2024-10-27,P1-KPI6,Cooling Efficiency,P1,1.46,1.3,<,PUE
59006,E2E Full Test Corporation 1769042316 - HQ Operations,2024-11-26,P1-KPI6,Cooling Efficiency,P1,1.52,1.3,<,PUE
59006,E2E Full Test Corporation 1769042316 - HQ Operations,2024-01-01,P1-KPI7,Power Usage,P1,604.13,500.0,<,kW
59006,E2E Full Test Corporation 1769042316 - HQ Operations,2024-01-31,P1-KPI7,Power Usage,P1,651.38,500.0,<,kW
59006,E2E Full Test Corporation 1769042316 - HQ Operations,2024-03-01,P1-KPI7,Power Usage,P1,612.54,500.0,<,kW
59006,E2E Full Test Corporation 1769042316 - HQ Operations,2024-03-31,P1-KPI7,Power Usage,P1,563.85,500.0,<,kW
59006,E2E Full Test Corporation 1769042316 - HQ Operations,2024-04-30,P1-KPI7,Power Usage,P1,582.02,500.0,<,kW
59006,E2E Full Test Corporation 1769042316 - HQ Operations,2024-05-30,P1-KPI7,Power Usage,P1,578.35,500.0,<,kW
59006,E2E Full Test Corporation 1769042316 - HQ Operations,2024-06-29,P1-KPI7,Power Usage,P1,618.55,500.0,<,kW
59006,E2E Full Test Corporation 1769042316 - HQ Operations,2024-07-29,P1-KPI7,Power Usage,P1,606.07,500.0,<,kW
59006,E2E Full Test Corporation 1769042316 - HQ Operations,2024-08-28,P1-KPI7,Power Usage,P1,616.54,500.0,<,kW
59006,E2E Full Test Corporation 1769042316 - HQ Operations,2024-09-27,P1-KPI7,Power Usage,P1,587.41,500.0,<,kW
59006,E2E Full Test Corporation 1769042316 - HQ Operations,2024-10-27,P1-KPI7,Power Usage,P1,609.81,500.0,<,kW
59006,E2E Full Test Corporation 1769042316 - HQ Operations,2024-11-26,P1-KPI7,Power Usage,P1,566.04,500.0,<,kW
59006,E2E Full Test Corporation 1769042316 - HQ Operations,2024-01-01,P1-KPI8,Thermal Management,P1,27.81,25.0,<,°C
59006,E2E Full Test Corporation 1769042316 - HQ Operations,2024-01-31,P1-KPI8,Thermal Management,P1,27.18,25.0,<,°C
59006,E2E Full Test Corporation 1769042316 - HQ Operations,2024-03-01,P1-KPI8,Thermal Management,P1,30.17,25.0,<,°C
59006,E2E Full Test Corporation 1769042316 - HQ Operations,2024-03-31,P1-KPI8,Thermal Management,P1,29.73,25.0,<,°C
59006,E2E Full Test Corporation 1769042316 - HQ Operations,2024-04-30,P1-KPI8,Thermal Management,P1,30.45,25.0,<,°C
59006,E2E Full Test Corporation 1769042316 - HQ Operations,2024-05-30,P1-KPI8,Thermal Management,P1,30.04,25.0,<,°C
59006,E2E Full Test Corporation 1769042316 - HQ Operations,2024-06-29,P1-KPI8,Thermal Management,P1,28.31,25.0,<,°C
59006,E2E Full Test Corporation 1769042316 - HQ Operations,2024-07-29,P1-KPI8,Thermal Management,P1,28.89,25.0,<,°C
59006,E2E Full Test Corporation 1769042316 - HQ Operations,2024-08-28,P1-KPI8,Thermal Management,P1,29.07,25.0,<,°C
59006,E2E Full Test Corporation 1769042316 - HQ Operations,2024-09-27,P1-KPI8,Thermal Management,P1,27.36,25.0,<,°C
59006,E2E Full Test Corporation 1769042316 - HQ Operations,2024-10-27,P1-KPI8,Thermal Management,P1,28.14,25.0,<,°C
59006,E2E Full Test Corporation 1769042316 - HQ Operations,2024-11-26,P1-KPI8,Thermal Management,P1,28.12,25.0,<,°C
59006,E2E Full Test Corporation 1769042316 - HQ Operations,2024-01-01,P2-KPI1,SLA Compliance,P2,97.7,99.0,>,%
59006,E2E Full Test Corporation 1769042316 - HQ Operations,2024-01-31,P2-KPI1,SLA Compliance,P2,97.82,99.0,>,%
59006,E2E Full Test Corporation 1769042316 - HQ Operations,2024-03-01,P2-KPI1,SLA Compliance,P2,98.01,99.0,>,%
59006,E2E Full Test Corporation 1769042316 - HQ Operations,2024-03-31,P2-KPI1,SLA Compliance,P2,100.0,99.0,>,%
59006,E2E Full Test Corporation 1769042316 - HQ Operations,2024-04-30,P2-KPI1,SLA Compliance,P2,99.48,99.0,>,%
59006,E2E Full Test Corporation 1769042316 - HQ Operations,2024-05-30,P2-KPI1,SLA Compliance,P2,97.76,99.0,>,%
59006,E2E Full Test Corporation 1769042316 - HQ Operations,2024-06-29,P2-KPI1,SLA Compliance,P2,100.0,99.0,>,%
59006,E2E Full Test Corporation 1769042316 - HQ Operations,2024-07-29,P2-KPI1,SLA Compliance,P2,100.0,99.0,>,%
59006,E2E Full Test Corporation 1769042316 - HQ Operations,2024-08-28,P2-KPI1,SLA Compliance,P2,100.0,99.0,>,%
59006,E2E Full Test Corporation 1769042316 - HQ Operations,2024-09-27,P2-KPI1,SLA Compliance,P2,100.0,99.0,>,%
59006,E2E Full Test Corporation 1769042316 - HQ Operations,2024-10-27,P2-KPI1,SLA Compliance,P2,98.7,99.0,>,%
59006,E2E Full Test Corporation 1769042316 - HQ Operations,2024-11-26,P2-KPI1,SLA Compliance,P2,100.0,99.0,>,%
59006,E2E Full Test Corporation 1769042316 - HQ Operations,2024-01-01,P2-KPI2,Incident Response Time,P2,27.16,15.0,<,minutes
59006,E2E Full Test Corporation 1769042316 - HQ Operations,2024-01-31,P2-KPI2,Incident Response Time,P2,29.9,15.0,<,minutes
59006,E2E Full Test Corporation 1769042316 - HQ Operations,2024-03-01,P2-KPI2,Incident Response Time,P2,29.42,15.0,<,minutes
59006,E2E Full Test Corporation 1769042316 - HQ Operations,2024-03-31,P2-KPI2,Incident Response Time,P2,29.71,15.0,<,minutes
59006,E2E Full Test Corporation 1769042316 - HQ Operations,2024-04-30,P2-KPI2,Incident Response Time,P2,27.83,15.0,<,minutes
59006,E2E Full Test Corporation 1769042316 - HQ Operations,2024-05-30,P2-KPI2,Incident Response Time,P2,27.91,15.0,<,minutes
59006,E2E Full Test Corporation 1769042316 - HQ Operations,2024-06-29,P2-KPI2,Incident Response Time,P2,27.54,15.0,<,minutes
59006,E2E Full Test Corporation 1769042316 - HQ Operations,2024-07-29,P2-KPI2,Incident Response Time,P2,29.71,15.0,<,minutes
59006,E2E Full Test Corporation 1769042316 - HQ Operations,2024-08-28,P2-KPI2,Incident Response Time,P2,29.35,15.0,<,minutes
59006,E2E Full Test Corporation 1769042316 - HQ Operations,2024-09-27,P2-KPI2,Incident Response Time,P2,29.18,15.0,<,minutes
59006,E2E Full Test Corporation 1769042316 - HQ Operations,2024-10-27,P2-KPI2,Incident Response Time,P2,28.59,15.0,<,minutes
59006,E2E Full Test Corporation 1769042316 - HQ Operations,2024-11-26,P2-KPI2,Incident Response Time,P2,29.13,15.0,<,minutes
59006,E2E Full Test Corporation 1769042316 - HQ Operations,2024-01-01,P2-KPI3,Change Success Rate,P2,95.45,98.0,>,%
59006,E2E Full Test Corporation 1769042316 - HQ Operations,2024-01-31,P2-KPI3,Change Success Rate,P2,91.87,98.0,>,%
59006,E2E Full Test Corporation 1769042316 - HQ Operations,2024-03-01,P2-KPI3,Change Success Rate,P2,93.81,98.0,>,%
59006,E2E Full Test Corporation 1769042316 - HQ Operations,2024-03-31,P2-KPI3,Change Success Rate,P2,94.18,98.0,>,%
59006,E2E Full Test Corporation 1769042316 - HQ Operations,2024-04-30,P2-KPI3,Change Success Rate,P2,90.0,98.0,>,%
59006,E2E Full Test Corporation 1769042316 - HQ Operations,2024-05-30,P2-KPI3,Change Success Rate,P2,96.54,98.0,>,%
59006,E2E Full Test Corporation 1769042316 - HQ Operations,2024-06-29,P2-KPI3,Change Success Rate,P2,90.86,98.0,>,%
59006,E2E Full Test Corporation 1769042316 - HQ Operations,2024-07-29,P2-KPI3,Change Success Rate,P2,95.54,98.0,>,%
59006,E2E Full Test Corporation 1769042316 - HQ Operations,2024-08-28,P2-KPI3,Change Success Rate,P2,96.92,98.0,>,%
59006,E2E Full Test Corporation 1769042316 - HQ Operations,2024-09-27,P2-KPI3,Change Success Rate,P2,97.6,98.0,>,%
59006,E2E Full Test Corporation 1769042316 - HQ Operations,2024-10-27,P2-KPI3,Change Success Rate,P2,92.9,98.0,>,%
59006,E2E Full Test Corporation 1769042316 - HQ Operations,2024-11-26,P2-KPI3,Change Success Rate,P2,91.86,98.0,>,%
59006,E2E Full Test Corporation 1769042316 - HQ Operations,2024-01-01,P2-KPI4,Backup Success Rate,P2,95.0,100.0,>,%
59006,E2E Full Test Corporation 1769042316 - HQ Operations,2024-01-31,P2-KPI4,Backup Success Rate,P2,100.0,100.0,>,%
59006,E2E Full Test Corporation 1769042316 - HQ Operations,2024-03-01,P2-KPI4,Backup Success Rate,P2,95.0,100.0,>,%
59006,E2E Full Test Corporation 1769042316 - HQ Operations,2024-03-31,P2-KPI4,Backup Success Rate,P2,95.0,100.0,>,%
59006,E2E Full Test Corporation 1769042316 - HQ Operations,2024-04-30,P2-KPI4,Backup Success Rate,P2,98.33,100.0,>,%
59006,E2E Full Test Corporation 1769042316 - HQ Operations,2024-05-30,P2-KPI4,Backup Success Rate,P2,100.0,100.0,>,%
59006,E2E Full Test Corporation 1769042316 - HQ Operations,2024-06-29,P2-KPI4,Backup Success Rate,P2,98.72,100.0,>,%
59006,E2E Full Test Corporation 1769042316 - HQ Operations,2024-07-29,P2-KPI4,Backup Success Rate,P2,100.0,100.0,>,%
59006,E2E Full Test Corporation 1769042316 - HQ Operations,2024-08-28,P2-KPI4,Backup Success Rate,P2,95.6,100.0,>,%
59006,E2E Full Test Corporation 1769042316 - HQ Operations,2024-09-27,P2-KPI4,Backup Success Rate,P2,96.32,100.0,>,%
59006,E2E Full Test Corporation 1769042316 - HQ Operations,2024-10-27,P2-KPI4,Backup Success Rate,P2,95.0,100.0,>,%
59006,E2E Full Test Corporation 1769042316 - HQ Operations,2024-11-26,P2-KPI4,Backup Success Rate,P2,96.81,100.0,>,%
59006,E2E Full Test Corporation 1769042316 - HQ Operations,2024-01-01,P2-KPI5,Patch Compliance,P2,85.92,95.0,>,%
59006,E2E Full Test Corporation 1769042316 - HQ Operations,2024-01-31,P2-KPI5,Patch Compliance,P2,92.29,95.0,>,%
59006,E2E Full Test Corporation 1769042316 - HQ Operations,2024-03-01,P2-KPI5,Patch Compliance,P2,93.57,95.0,>,%
59006,E2E Full Test Corporation 1769042316 - HQ Operations,2024-03-31,P2-KPI5,Patch Compliance,P2,90.46,95.0,>,%
59006,E2E Full Test Corporation 1769042316 - HQ Operations,2024-04-30,P2-KPI5,Patch Compliance,P2,85.47,95.0,>,%
59006,E2E Full Test Corporation 1769042316 - HQ Operations,2024-05-30,P2-KPI5,Patch Compliance,P2,89.42,95.0,>,%
59006,E2E Full Test Corporation 1769042316 - HQ Operations,2024-06-29,P2-KPI5,Patch Compliance,P2,90.84,95.0,>,%
59006,E2E Full Test Corporation 1769042316 - HQ Operations,2024-07-29,P2-KPI5,Patch Compliance,P2,94.43,95.0,>,%
59006,E2E Full Test Corporation 1769042316 - HQ Operations,2024-08-28,P2-KPI5,Patch Compliance,P2,93.63,95.0,>,%
59006,E2E Full Test Corporation 1769042316 - HQ Operations,2024-09-27,P2-KPI5,Patch Compliance,P2,92.04,95.0,>,%
59006,E2E Full Test Corporation 1769042316 - HQ Operations,2024-10-27,P2-KPI5,Patch Compliance,P2,86.7,95.0,>,%
59006,E2E Full Test Corporation 1769042316 - HQ Operations,2024-11-26,P2-KPI5,Patch Compliance,P2,90.52,95.0,>,%
59006,E2E Full Test Corporation 1769042316 - HQ Operations,2024-01-01,P2-KPI6,Service Request Fulfillment,P2,5.14,3.0,<,days
59006,E2E Full Test Corporation 1769042316 - HQ Operations,2024-01-31,P2-KPI6,Service Request Fulfillment,P2,4.85,3.0,<,days
59006,E2E Full Test Corporation 1769042316 - HQ Operations,2024-03-01,P2-KPI6,Service Request Fulfillment,P2,4.86,3.0,<,days
59006,E2E Full Test Corporation 1769042316 - HQ Operations,2024-03-31,P2-KPI6,Service Request Fulfillment,P2,6.41,3.0,<,days
59006,E2E Full Test Corporation 1769042316 - HQ Operations,2024-04-30,P2-KPI6,Service Request Fulfillment,P2,5.28,3.0,<,days
59006,E2E Full Test Corporation 1769042316 - HQ Operations,2024-05-30,P2-KPI6,Service Request Fulfillment,P2,6.26,3.0,<,days
59006,E2E Full Test Corporation 1769042316 - HQ Operations,2024-06-29,P2-KPI6,Service Request Fulfillment,P2,4.94,3.0,<,days
59006,E2E Full Test Corporation 1769042316 - HQ Operations,2024-07-29,P2-KPI6,Service Request Fulfillment,P2,5.09,3.0,<,days
59006,E2E Full Test Corporation 1769042316 - HQ Operations,2024-08-28,P2-KPI6,Service Request Fulfillment,P2,4.95,3.0,<,days
59006,E2E Full Test Corporation 1769042316 - HQ Operations,2024-09-27,P2-KPI6,Service Request Fulfillment,P2,5.01,3.0,<,days
59006,E2E Full Test Corporation 1769042316 - HQ Operations,2024-10-27,P2-KPI6,Service Request Fulfillment,P2,5.13,3.0,<,days
59006,E2E Full Test Corporation 1769042316 - HQ Operations,2024-11-26,P2-KPI6,Service Request Fulfillment,P2,5.24,3.0,<,days
59006,E2E Full Test Corporation 1769042316 - HQ Operations,2024-01-01,P2-KPI7,Capacity Planning Accuracy,P2,82.34,90.0,>,%
59006,E2E Full Test Corporation 1769042316 - HQ Operations,2024-01-31,P2-KPI7,Capacity Planning Accuracy,P2,80.64,90.0,>,%
59006,E2E Full Test Corporation 1769042316 - HQ Operations,2024-03-01,P2-KPI7,Capacity Planning Accuracy,P2,77.77,90.0,>,%
59006,E2E Full Test Corporation 1769042316 - HQ Operations,2024-03-31,P2-KPI7,Capacity Planning Accuracy,P2,79.76,90.0,>,%
59006,E2E Full Test Corporation 1769042316 - HQ Operations,2024-04-30,P2-KPI7,Capacity Planning Accuracy,P2,77.35,90.0,>,%
59006,E2E Full Test Corporation 1769042316 - HQ Operations,2024-05-30,P2-KPI7,Capacity Planning Accuracy,P2,81.22,90.0,>,%
59006,E2E Full Test Corporation 1769042316 - HQ Operations,2024-06-29,P2-KPI7,Capacity Planning Accuracy,P2,83.83,90.0,>,%
59006,E2E Full Test Corporation 1769042316 - HQ Operations,2024-07-29,P2-KPI7,Capacity Planning Accuracy,P2,83.99,90.0,>,%
59006,E2E Full Test Corporation 1769042316 - HQ Operations,2024-08-28,P2-KPI7,Capacity Planning Accuracy,P2,86.39,90.0,>,%
59006,E2E Full Test Corporation 1769042316 - HQ Operations,2024-09-27,P2-KPI7,Capacity Planning Accuracy,P2,81.04,90.0,>,%
59006,E2E Full Test Corporation 1769042316 - HQ Operations,2024-10-27,P2-KPI7,Capacity Planning Accuracy,P2,84.2,90.0,>,%
59006,E2E Full Test Corporation 1769042316 - HQ Operations,2024-11-26,P2-KPI7,Capacity Planning Accuracy,P2,79.93,90.0,>,%
59006,E2E Full Test Corporation 1769042316 - HQ Operations,2024-01-01,P2-KPI8,Documentation Quality,P2,78.2,85.0,>,score
59006,E2E Full Test Corporation 1769042316 - HQ Operations,2024-01-31,P2-KPI8,Documentation Quality,P2,80.52,85.0,>,score
59006,E2E Full Test Corporation 1769042316 - HQ Operations,2024-03-01,P2-KPI8,Documentation Quality,P2,77.61,85.0,>,score
59006,E2E Full Test Corporation 1769042316 - HQ Operations,2024-03-31,P2-KPI8,Documentation Quality,P2,71.19,85.0,>,score
59006,E2E Full Test Corporation 1769042316 - HQ Operations,2024-04-30,P2-KPI8,Documentation Quality,P2,80.57,85.0,>,score
59006,E2E Full Test Corporation 1769042316 - HQ Operations,2024-05-30,P2-KPI8,Documentation Quality,P2,76.85,85.0,>,score
59006,E2E Full Test Corporation 1769042316 - HQ Operations,2024-06-29,P2-KPI8,Documentation Quality,P2,76.92,85.0,>,score
59006,E2E Full Test Corporation 1769042316 - HQ Operations,2024-07-29,P2-KPI8,Documentation Quality,P2,78.1,85.0,>,score
59006,E2E Full Test Corporation 1769042316 - HQ Operations,2024-08-28,P2-KPI8,Documentation Quality,P2,79.51,85.0,>,score
59006,E2E Full Test Corporation 1769042316 - HQ Operations,2024-09-27,P2-KPI8,Documentation Quality,P2,80.09,85.0,>,score
59006,E2E Full Test Corporation 1769042316 - HQ Operations,2024-10-27,P2-KPI8,Documentation Quality,P2,80.32,85.0,>,score
59006,E2E Full Test Corporation 1769042316 - HQ Operations,2024-11-26,P2-KPI8,Documentation Quality,P2,76.91,85.0,>,score
59006,E2E Full Test Corporation 1769042316 - HQ Operations,2024-01-01,P3-KPI1,CSAT Score,P3,3.84,4.5,>,score
59006,E2E Full Test Corporation 1769042316 - HQ Operations,2024-01-31,P3-KPI1,CSAT Score,P3,4.2,4.5,>,score
59006,E2E Full Test Corporation 1769042316 - HQ Operations,2024-03-01,P3-KPI1,CSAT Score,P3,3.73,4.5,>,score
59006,E2E Full Test Corporation 1769042316 - HQ Operations,2024-03-31,P3-KPI1,CSAT Score,P3,3.68,4.5,>,score
59006,E2E Full Test Corporation 1769042316 - HQ Operations,2024-04-30,P3-KPI1,CSAT Score,P3,3.96,4.5,>,score
59006,E2E Full Test Corporation 1769042316 - HQ Operations,2024-05-30,P3-KPI1,CSAT Score,P3,3.99,4.5,>,score
59006,E2E Full Test Corporation 1769042316 - HQ Operations,2024-06-29,P3-KPI1,CSAT Score,P3,3.98,4.5,>,score
59006,E2E Full Test Corporation 1769042316 - HQ Operations,2024-07-29,P3-KPI1,CSAT Score,P3,4.06,4.5,>,score
59006,E2E Full Test Corporation 1769042316 - HQ Operations,2024-08-28,P3-KPI1,CSAT Score,P3,4.01,4.5,>,score
59006,E2E Full Test Corporation 1769042316 - HQ Operations,2024-09-27,P3-KPI1,CSAT Score,P3,4.01,4.5,>,score
59006,E2E Full Test Corporation 1769042316 - HQ Operations,2024-10-27,P3-KPI1,CSAT Score,P3,3.98,4.5,>,score
59006,E2E Full Test Corporation 1769042316 - HQ Operations,2024-11-26,P3-KPI1,CSAT Score,P3,4.07,4.5,>,score
59006,E2E Full Test Corporation 1769042316 - HQ Operations,2024-01-01,P3-KPI2,Support Ticket Volume,P3,56.19,20.0,<,tickets
59006,E2E Full Test Corporation 1769042316 - HQ Operations,2024-01-31,P3-KPI2,Support Ticket Volume,P3,58.59,20.0,<,tickets
59006,E2E Full Test Corporation 1769042316 - HQ Operations,2024-03-01,P3-KPI2,Support Ticket Volume,P3,54.3,20.0,<,tickets
59006,E2E Full Test Corporation 1769042316 - HQ Operations,2024-03-31,P3-KPI2,Support Ticket Volume,P3,43.67,20.0,<,tickets
59006,E2E Full Test Corporation 1769042316 - HQ Operations,2024-04-30,P3-KPI2,Support Ticket Volume,P3,55.83,20.0,<,tickets
59006,E2E Full Test Corporation 1769042316 - HQ Operations,2024-05-30,P3-KPI2,Support Ticket Volume,P3,44.11,20.0,<,tickets
59006,E2E Full Test Corporation 1769042316 - HQ Operations,2024-06-29,P3-KPI2,Support Ticket Volume,P3,45.43,20.0,<,tickets
59006,E2E Full Test Corporation 1769042316 - HQ Operations,2024-07-29,P3-KPI2,Support Ticket Volume,P3,44.65,20.0,<,tickets
59006,E2E Full Test Corporation 1769042316 - HQ Operations,2024-08-28,P3-KPI2,Support Ticket Volume,P3,44.14,20.0,<,tickets
59006,E2E Full Test Corporation 1769042316 - HQ Operations,2024-09-27,P3-KPI2,Support Ticket Volume,P3,41.98,20.0,<,tickets
59006,E2E Full Test Corporation 1769042316 - HQ Operations,2024-10-27,P3-KPI2,Support Ticket Volume,P3,46.08,20.0,<,tickets
59006,E2E Full Test Corporation 1769042316 - HQ Operations,2024-11-26,P3-KPI2,Support Ticket Volume,P3,42.9,20.0,<,tickets
59006,E2E Full Test Corporation 1769042316 - HQ Operations,2024-01-01,P3-KPI3,First Contact Resolution,P3,64.63,75.0,>,%
59006,E2E Full Test Corporation 1769042316 - HQ Operations,2024-01-31,P3-KPI3,First Contact Resolution,P3,69.64,75.0,>,%
59006,E2E Full Test Corporation 1769042316 - HQ Operations,2024-03-01,P3-KPI3,First Contact Resolution,P3,63.74,75.0,>,%
59006,E2E Full Test Corporation 1769042316 - HQ Operations,2024-03-31,P3-KPI3,First Contact Resolution,P3,64.12,75.0,>,%
59006,E2E Full Test Corporation 1769042316 - HQ Operations,2024-04-30,P3-KPI3,First Contact Resolution,P3,66.81,75.0,>,%
59006,E2E Full Test Corporation 1769042316 - HQ Operations,2024-05-30,P3-KPI3,First Contact Resolution,P3,61.9,75.0,>,%
59006,E2E Full Test Corporation 1769042316 - HQ Operations,2024-06-29,P3-KPI3,First Contact Resolution,P3,66.32,75.0,>,%
59006,E2E Full Test Corporation 1769042316 - HQ Operations,2024-07-29,P3-KPI3,First Contact Resolution,P3,65.62,75.0,>,%
59006,E2E Full Test Corporation 1769042316 - HQ Operations,2024-08-28,P3-KPI3,First Contact Resolution,P3,70.57,75.0,>,%
59006,E2E Full Test Corporation 1769042316 - HQ Operations,2024-09-27,P3-KPI3,First Contact Resolution,P3,64.62,75.0,>,%
59006,E2E Full Test Corporation 1769042316 - HQ Operations,2024-10-27,P3-KPI3,First Contact Resolution,P3,66.25,75.0,>,%
59006,E2E Full Test Corporation 1769042316 - HQ Operations,2024-11-26,P3-KPI3,First Contact Resolution,P3,68.68,75.0,>,%
59006,E2E Full Test Corporation 1769042316 - HQ Operations,2024-01-01,P3-KPI4,Training Completion,P3,73.88,90.0,>,%
59006,E2E Full Test Corporation 1769042316 - HQ Operations,2024-01-31,P3-KPI4,Training Completion,P3,79.87,90.0,>,%
59006,E2E Full Test Corporation 1769042316 - HQ Operations,2024-03-01,P3-KPI4,Training Completion,P3,78.06,90.0,>,%
59006,E2E Full Test Corporation 1769042316 - HQ Operations,2024-03-31,P3-KPI4,Training Completion,P3,80.05,90.0,>,%
59006,E2E Full Test Corporation 1769042316 - HQ Operations,2024-04-30,P3-KPI4,Training Completion,P3,82.37,90.0,>,%
59006,E2E Full Test Corporation 1769042316 - HQ Operations,2024-05-30,P3-KPI4,Training Completion,P3,78.57,90.0,>,%
59006,E2E Full Test Corporation 1769042316 - HQ Operations,2024-06-29,P3-KPI4,Training Completion,P3,81.09,90.0,>,%
59006,E2E Full Test Corporation 1769042316 - HQ Operations,2024-07-29,P3-KPI4,Training Completion,P3,77.18,90.0,>,%
59006,E2E Full Test Corporation 1769042316 - HQ Operations,2024-08-28,P3-KPI4,Training Completion,P3,78.52,90.0,>,%
59006,E2E Full Test Corporation 1769042316 - HQ Operations,2024-09-27,P3-KPI4,Training Completion,P3,78.72,90.0,>,%
59006,E2E Full Test Corporation 1769042316 - HQ Operations,2024-10-27,P3-KPI4,Training Completion,P3,77.53,90.0,>,%
59006,E2E Full Test Corporation 1769042316 - HQ Operations,2024-11-26,P3-KPI4,Training Completion,P3,83.91,90.0,>,%
59006,E2E Full Test Corporation 1769042316 - HQ Operations,2024-01-01,P3-KPI5,User Adoption Rate,P3,74.3,80.0,>,%
59006,E2E Full Test Corporation 1769042316 - HQ Operations,2024-01-31,P3-KPI5,User Adoption Rate,P3,67.18,80.0,>,%
59006,E2E Full Test Corporation 1769042316 - HQ Operations,2024-03-01,P3-KPI5,User Adoption Rate,P3,71.99,80.0,>,%
59006,E2E Full Test Corporation 1769042316 - HQ Operations,2024-03-31,P3-KPI5,User Adoption Rate,P3,64.3,80.0,>,%
59006,E2E Full Test Corporation 1769042316 - HQ Operations,2024-04-30,P3-KPI5,User Adoption Rate,P3,69.03,80.0,>,%
59006,E2E Full Test Corporation 1769042316 - HQ Operations,2024-05-30,P3-KPI5,User Adoption Rate,P3,68.58,80.0,>,%
59006,E2E Full Test Corporation 1769042316 - HQ Operations,2024-06-29,P3-KPI5,User Adoption Rate,P3,70.3,80.0,>,%
59006,E2E Full Test Corporation 1769042316 - HQ Operations,2024-07-29,P3-KPI5,User Adoption Rate,P3,73.9,80.0,>,%
59006,E2E Full Test Corporation 1769042316 - HQ Operations,2024-08-28,P3-KPI5,User Adoption Rate,P3,69.71,80.0,>,%
59006,E2E Full Test Corporation 1769042316 - HQ Operations,2024-09-27,P3-KPI5,User Adoption Rate,P3,67.49,80.0,>,%
59006,E2E Full Test Corporation 1769042316 - HQ Operations,2024-10-27,P3-KPI5,User Adoption Rate,P3,71.82,80.0,>,%
59006,E2E Full Test Corporation 1769042316 - HQ Operations,2024-11-26,P3-KPI5,User Adoption Rate,P3,71.6,80.0,>,%
59006,E2E Full Test Corporation 1769042316 - HQ Operations,2024-01-01,P3-KPI6,Executive Engagement,P3,2.95,4.0,>,meetings/quarter
59006,E2E Full Test Corporation 1769042316 - HQ Operations,2024-01-31,P3-KPI6,Executive Engagement,P3,3.09,4.0,>,meetings/quarter
59006,E2E Full Test Corporation 1769042316 - HQ Operations,2024-03-01,P3-KPI6,Executive Engagement,P3,3.23,4.0,>,meetings/quarter
59006,E2E Full Test Corporation 1769042316 - HQ Operations,2024-03-31,P3-KPI6,Executive Engagement,P3,3.55,4.0,>,meetings/quarter
59006,E2E Full Test Corporation 1769042316 - HQ Operations,2024-04-30,P3-KPI6,Executive Engagement,P3,3.42,4.0,>,meetings/quarter
59006,E2E Full Test Corporation 1769042316 - HQ Operations,2024-05-30,P3-KPI6,Executive Engagement,P3,3.37,4.0,>,meetings/quarter
59006,E2E Full Test Corporation 1769042316 - HQ Operations,2024-06-29,P3-KPI6,Executive Engagement,P3,3.39,4.0,>,meetings/quarter
59006,E2E Full Test Corporation 1769042316 - HQ Operations,2024-07-29,P3-KPI6,Executive Engagement,P3,3.31,4.0,>,meetings/quarter
59006,E2E Full Test Corporation 1769042316 - HQ Operations,2024-08-28,P3-KPI6,Executive Engagement,P3,3.26,4.0,>,meetings/quarter
59006,E2E Full Test Corporation 1769042316 - HQ Operations,2024-09-27,P3-KPI6,Executive Engagement,P3,3.51,4.0,>,meetings/quarter
59006,E2E Full Test Corporation 1769042316 - HQ Operations,2024-10-27,P3-KPI6,Executive Engagement,P3,3.32,4.0,>,meetings/quarter
59006,E2E Full Test Corporation 1769042316 - HQ Operations,2024-11-26,P3-KPI6,Executive Engagement,P3,3.54,4.0,>,meetings/quarter
59006,E2E Full Test Corporation 1769042316 - HQ Operations,2024-01-01,P3-KPI7,Response Time SLA,P3,68.0,30.0,<,minutes
59006,E2E Full Test Corporation 1769042316 - HQ Operations,2024-01-31,P3-KPI7,Response Time SLA,P3,69.29,30.0,<,minutes
59006,E2E Full Test Corporation 1769042316 - HQ Operations,2024-03-01,P3-KPI7,Response Time SLA,P3,73.3,30.0,<,minutes
59006,E2E Full Test Corporation 1769042316 - HQ Operations,2024-03-31,P3-KPI7,Response Time SLA,P3,71.92,30.0,<,minutes
59006,E2E Full Test Corporation 1769042316 - HQ Operations,2024-04-30,P3-KPI7,Response Time SLA,P3,72.94,30.0,<,minutes
59006,E2E Full Test Corporation 1769042316 - HQ Operations,2024-05-30,P3-KPI7,Response Time SLA,P3,70.42,30.0,<,minutes
59006,E2E Full Test Corporation 1769042316 - HQ Operations,2024-06-29,P3-KPI7,Response Time SLA,P3,57.32,30.0,<,minutes
59006,E2E Full Test Corporation 1769042316 - HQ Operations,2024-07-29,P3-KPI7,Response Time SLA,P3,59.3,30.0,<,minutes
59006,E2E Full Test Corporation 1769042316 - HQ Operations,2024-08-28,P3-KPI7,Response Time SLA,P3,57.71,30.0,<,minutes
59006,E2E Full Test Corporation 1769042316 - HQ Operations,2024-09-27,P3-KPI7,Response Time SLA,P3,58.17,30.0,<,minutes
59006,E2E Full Test Corporation 1769042316 - HQ Operations,2024-10-27,P3-KPI7,Response Time SLA,P3,54.64,30.0,<,minutes
59006,E2E Full Test Corporation 1769042316 - HQ Operations,2024-11-26,P3-KPI7,Response Time SLA,P3,59.11,30.0,<,minutes
59006,E2E Full Test Corporation 1769042316 - HQ Operations,2024-01-01,P4-KPI1,ROI Achievement,P4,132.29,150.0,>,%
59006,E2E Full Test Corporation 1769042316 - HQ Operations,2024-01-31,P4-KPI1,ROI Achievement,P4,131.18,150.0,>,%
59006,E2E Full Test Corporation 1769042316 - HQ Operations,2024-03-01,P4-KPI1,ROI Achievement,P4,132.6,150.0,>,%
59006,E2E Full Test Corporation 1769042316 - HQ Operations,2024-03-31,P4-KPI1,ROI Achievement,P4,130.32,150.0,>,%
59006,E2E Full Test Corporation 1769042316 - HQ Operations,2024-04-30,P4-KPI1,ROI Achievement,P4,131.19,150.0,>,%
59006,E2E Full Test Corporation 1769042316 - HQ Operations,2024-05-30,P4-KPI1,ROI Achievement,P4,129.52,150.0,>,%
59006,E2E Full Test Corporation 1769042316 - HQ Operations,2024-06-29,P4-KPI1,ROI Achievement,P4,133.9,150.0,>,%
59006,E2E Full Test Corporation 1769042316 - HQ Operations,2024-07-29,P4-KPI1,ROI Achievement,P4,140.18,150.0,>,%
59006,E2E Full Test Corporation 1769042316 - HQ Operations,2024-08-28,P4-KPI1,ROI Achievement,P4,133.55,150.0,>,%
59006,E2E Full Test Corporation 1769042316 - HQ Operations,2024-09-27,P4-KPI1,ROI Achievement,P4,128.67,150.0,>,%
59006,E2E Full Test Corporation 1769042316 - HQ Operations,2024-10-27,P4-KPI1,ROI Achievement,P4,129.6,150.0,>,%
59006,E2E Full Test Corporation 1769042316 - HQ Operations,2024-11-26,P4-KPI1,ROI Achievement,P4,141.43,150.0,>,%
59006,E2E Full Test Corporation 1769042316 - HQ Operations,2024-01-01,P4-KPI2,Cost Reduction,P4,11.04,20.0,>,%
59006,E2E Full Test Corporation 1769042316 - HQ Operations,2024-01-31,P4-KPI2,Cost Reduction,P4,11.29,20.0,>,%
59006,E2E Full Test Corporation 1769042316 - HQ Operations,2024-03-01,P4-KPI2,Cost Reduction,P4,13.38,20.0,>,%
59006,E2E Full Test Corporation 1769042316 - HQ Operations,2024-03-31,P4-KPI2,Cost Reduction,P4,13.55,20.0,>,%
59006,E2E Full Test Corporation 1769042316 - HQ Operations,2024-04-30,P4-KPI2,Cost Reduction,P4,13.49,20.0,>,%
59006,E2E Full Test Corporation 1769042316 - HQ Operations,2024-05-30,P4-KPI2,Cost Reduction,P4,14.69,20.0,>,%
59006,E2E Full Test Corporation 1769042316 - HQ Operations,2024-06-29,P4-KPI2,Cost Reduction,P4,14.11,20.0,>,%
59006,E2E Full Test Corporation 1769042316 - HQ Operations,2024-07-29,P4-KPI2,Cost Reduction,P4,13.61,20.0,>,%
59006,E2E Full Test Corporation 1769042316 - HQ Operations,2024-08-28,P4-KPI2,Cost Reduction,P4,14.23,20.0,>,%
59006,E2E Full Test Corporation 1769042316 - HQ Operations,2024-09-27,P4-KPI2,Cost Reduction,P4,14.5,20.0,>,%
59006,E2E Full Test Corporation 1769042316 - HQ Operations,2024-10-27,P4-KPI2,Cost Reduction,P4,13.95,20.0,>,%
59006,E2E Full Test Corporation 1769042316 - HQ Operations,2024-11-26,P4-KPI2,Cost Reduction,P4,13.45,20.0,>,%
59006,E2E Full Test Corporation 1769042316 - HQ Operations,2024-01-01,P4-KPI3,Time to Value,P4,126.2,90.0,<,days
59006,E2E Full Test Corporation 1769042316 - HQ Operations,2024-01-31,P4-KPI3,Time to Value,P4,132.64,90.0,<,days
59006,E2E Full Test Corporation 1769042316 - HQ Operations,2024-03-01,P4-KPI3,Time to Value,P4,128.93,90.0,<,days
59006,E2E Full Test Corporation 1769042316 - HQ Operations,2024-03-31,P4-KPI3,Time to Value,P4,112.17,90.0,<,days
59006,E2E Full Test Corporation 1769042316 - HQ Operations,2024-04-30,P4-KPI3,Time to Value,P4,118.12,90.0,<,days
59006,E2E Full Test Corporation 1769042316 - HQ Operations,2024-05-30,P4-KPI3,Time to Value,P4,116.29,90.0,<,days
59006,E2E Full Test Corporation 1769042316 - HQ Operations,2024-06-29,P4-KPI3,Time to Value,P4,113.68,90.0,<,days
59006,E2E Full Test Corporation 1769042316 - HQ Operations,2024-07-29,P4-KPI3,Time to Value,P4,121.99,90.0,<,days
59006,E2E Full Test Corporation 1769042316 - HQ Operations,2024-08-28,P4-KPI3,Time to Value,P4,116.37,90.0,<,days
59006,E2E Full Test Corporation 1769042316 - HQ Operations,2024-09-27,P4-KPI3,Time to Value,P4,120.29,90.0,<,days
59006,E2E Full Test Corporation 1769042316 - HQ Operations,2024-10-27,P4-KPI3,Time to Value,P4,121.0,90.0,<,days
59006,E2E Full Test Corporation 1769042316 - HQ Operations,2024-11-26,P4-KPI3,Time to Value,P4,115.3,90.0,<,days
59006,E2E Full Test Corporation 1769042316 - HQ Operations,2024-01-01,P4-KPI4,Revenue Enablement,P4,3.08,5.0,>,$M
59006,E2E Full Test Corporation 1769042316 - HQ Operations,2024-01-31,P4-KPI4,Revenue Enablement,P4,3.28,5.0,>,$M
59006,E2E Full Test Corporation 1769042316 - HQ Operations,2024-03-01,P4-KPI4,Revenue Enablement,P4,3.92,5.0,>,$M
59006,E2E Full Test Corporation 1769042316 - HQ Operations,2024-03-31,P4-KPI4,Revenue Enablement,P4,3.92,5.0,>,$M
59006,E2E Full Test Corporation 1769042316 - HQ Operations,2024-04-30,P4-KPI4,Revenue Enablement,P4,3.86,5.0,>,$M
59006,E2E Full Test Corporation 1769042316 - HQ Operations,2024-05-30,P4-KPI4,Revenue Enablement,P4,3.71,5.0,>,$M
59006,E2E Full Test Corporation 1769042316 - HQ Operations,2024-06-29,P4-KPI4,Revenue Enablement,P4,3.84,5.0,>,$M
59006,E2E Full Test Corporation 1769042316 - HQ Operations,2024-07-29,P4-KPI4,Revenue Enablement,P4,3.91,5.0,>,$M
59006,E2E Full Test Corporation 1769042316 - HQ Operations,2024-08-28,P4-KPI4,Revenue Enablement,P4,3.96,5.0,>,$M
59006,E2E Full Test Corporation 1769042316 - HQ Operations,2024-09-27,P4-KPI4,Revenue Enablement,P4,3.69,5.0,>,$M
59006,E2E Full Test Corporation 1769042316 - HQ Operations,2024-10-27,P4-KPI4,Revenue Enablement,P4,3.75,5.0,>,$M
59006,E2E Full Test Corporation 1769042316 - HQ Operations,2024-11-26,P4-KPI4,Revenue Enablement,P4,3.62,5.0,>,$M
59006,E2E Full Test Corporation 1769042316 - HQ Operations,2024-01-01,P4-KPI5,Operational Efficiency,P4,81.31,85.0,>,%
59006,E2E Full Test Corporation 1769042316 - HQ Operations,2024-01-31,P4-KPI5,Operational Efficiency,P4,71.41,85.0,>,%
59006,E2E Full Test Corporation 1769042316 - HQ Operations,2024-03-01,P4-KPI5,Operational Efficiency,P4,77.06,85.0,>,%
59006,E2E Full Test Corporation 1769042316 - HQ Operations,2024-03-31,P4-KPI5,Operational Efficiency,P4,71.13,85.0,>,%
59006,E2E Full Test Corporation 1769042316 - HQ Operations,2024-04-30,P4-KPI5,Operational Efficiency,P4,78.13,85.0,>,%
59006,E2E Full Test Corporation 1769042316 - HQ Operations,2024-05-30,P4-KPI5,Operational Efficiency,P4,76.25,85.0,>,%
59006,E2E Full Test Corporation 1769042316 - HQ Operations,2024-06-29,P4-KPI5,Operational Efficiency,P4,74.57,85.0,>,%
59006,E2E Full Test Corporation 1769042316 - HQ Operations,2024-07-29,P4-KPI5,Operational Efficiency,P4,79.21,85.0,>,%
59006,E2E Full Test Corporation 1769042316 - HQ Operations,2024-08-28,P4-KPI5,Operational Efficiency,P4,74.27,85.0,>,%
59006,E2E Full Test Corporation 1769042316 - HQ Operations,2024-09-27,P4-KPI5,Operational Efficiency,P4,77.55,85.0,>,%
59006,E2E Full Test Corporation 1769042316 - HQ Operations,2024-10-27,P4-KPI5,Operational Efficiency,P4,80.81,85.0,>,%
59006,E2E Full Test Corporation 1769042316 - HQ Operations,2024-11-26,P4-KPI5,Operational Efficiency,P4,73.79,85.0,>,%
59006,E2E Full Test Corporation 1769042316 - HQ Operations,2024-01-01,P4-KPI6,Innovation Projects,P4,2.11,3.0,>,count
59006,E2E Full Test Corporation 1769042316 - HQ Operations,2024-01-31,P4-KPI6,Innovation Projects,P4,2.31,3.0,>,count
59006,E2E Full Test Corporation 1769042316 - HQ Operations,2024-03-01,P4-KPI6,Innovation Projects,P4,2.34,3.0,>,count
59006,E2E Full Test Corporation 1769042316 - HQ Operations,2024-03-31,P4-KPI6,Innovation Projects,P4,2.42,3.0,>,count
59006,E2E Full Test Corporation 1769042316 - HQ Operations,2024-04-30,P4-KPI6,Innovation Projects,P4,2.47,3.0,>,count
59006,E2E Full Test Corporation 1769042316 - HQ Operations,2024-05-30,P4-KPI6,Innovation Projects,P4,2.45,3.0,>,count
59006,E2E Full Test Corporation 1769042316 - HQ Operations,2024-06-29,P4-KPI6,Innovation Projects,P4,2.38,3.0,>,count
59006,E2E Full Test Corporation 1769042316 - HQ Operations,2024-07-29,P4-KPI6,Innovation Projects,P4,2.44,3.0,>,count
59006,E2E Full Test Corporation 1769042316 - HQ Operations,2024-08-28,P4-KPI6,Innovation Projects,P4,2.37,3.0,>,count
59006,E2E Full Test Corporation 1769042316 - HQ Operations,2024-09-27,P4-KPI6,Innovation Projects,P4,2.39,3.0,>,count
59006,E2E Full Test Corporation 1769042316 - HQ Operations,2024-10-27,P4-KPI6,Innovation Projects,P4,2.33,3.0,>,count
59006,E2E Full Test Corporation 1769042316 - HQ Operations,2024-11-26,P4-KPI6,Innovation Projects,P4,2.42,3.0,>,count
59006,E2E Full Test Corporation 1769042316 - HQ Operations,2024-01-01,P4-KPI7,Business Case Validation,P4,81.11,90.0,>,%
59006,E2E Full Test Corporation 1769042316 - HQ Operations,2024-01-31,P4-KPI7,Business Case Validation,P4,82.58,90.0,>,%
59006,E2E Full Test Corporation 1769042316 - HQ Operations,2024-03-01,P4-KPI7,Business Case Validation,P4,85.31,90.0,>,%
59006,E2E Full Test Corporation 1769042316 - HQ Operations,2024-03-31,P4-KPI7,Business Case Validation,P4,84.85,90.0,>,%
59006,E2E Full Test Corporation 1769042316 - HQ Operations,2024-04-30,P4-KPI7,Business Case Validation,P4,84.52,90.0,>,%
59006,E2E Full Test Corporation 1769042316 - HQ Operations,2024-05-30,P4-KPI7,Business Case Validation,P4,87.08,90.0,>,%
59006,E2E Full Test Corporation 1769042316 - HQ Operations,2024-06-29,P4-KPI7,Business Case Validation,P4,85.23,90.0,>,%
59006,E2E Full Test Corporation 1769042316 - HQ Operations,2024-07-29,P4-KPI7,Business Case Validation,P4,81.27,90.0,>,%
59006,E2E Full Test Corporation 1769042316 - HQ Operations,2024-08-28,P4-KPI7,Business Case Validation,P4,87.22,90.0,>,%
59006,E2E Full Test Corporation 1769042316 - HQ Operations,2024-09-27,P4-KPI7,Business Case Validation,P4,86.8,90.0,>,%
59006,E2E Full Test Corporation 1769042316 - HQ Operations,2024-10-27,P4-KPI7,Business Case Validation,P4,87.1,90.0,>,%
59006,E2E Full Test Corporation 1769042316 - HQ Operations,2024-11-26,P4-KPI7,Business Case Validation,P4,82.99,90.0,>,%
59006,E2E Full Test Corporation 1769042316 - HQ Operations,2024-01-01,P5-KPI1,Executive Sponsorship,P5,4.0,4.5,>,score
59006,E2E Full Test Corporation 1769042316 - HQ Operations,2024-01-31,P5-KPI1,Executive Sponsorship,P5,4.18,4.5,>,score
59006,E2E Full Test Corporation 1769042316 - HQ Operations,2024-03-01,P5-KPI1,Executive Sponsorship,P5,3.87,4.5,>,score
59006,E2E Full Test Corporation 1769042316 - HQ Operations,2024-03-31,P5-KPI1,Executive Sponsorship,P5,4.19,4.5,>,score
59006,E2E Full Test Corporation 1769042316 - HQ Operations,2024-04-30,P5-KPI1,Executive Sponsorship,P5,3.91,4.5,>,score
59006,E2E Full Test Corporation 1769042316 - HQ Operations,2024-05-30,P5-KPI1,Executive Sponsorship,P5,3.97,4.5,>,score
59006,E2E Full Test Corporation 1769042316 - HQ Operations,2024-06-29,P5-KPI1,Executive Sponsorship,P5,3.85,4.5,>,score
59006,E2E Full Test Corporation 1769042316 - HQ Operations,2024-07-29,P5-KPI1,Executive Sponsorship,P5,3.99,4.5,>,score
59006,E2E Full Test Corporation 1769042316 - HQ Operations,2024-08-28,P5-KPI1,Executive Sponsorship,P5,3.99,4.5,>,score
59006,E2E Full Test Corporation 1769042316 - HQ Operations,2024-09-27,P5-KPI1,Executive Sponsorship,P5,4.06,4.5,>,score
59006,E2E Full Test Corporation 1769042316 - HQ Operations,2024-10-27,P5-KPI1,Executive Sponsorship,P5,4.1,4.5,>,score
59006,E2E Full Test Corporation 1769042316 - HQ Operations,2024-11-26,P5-KPI1,Executive Sponsorship,P5,3.91,4.5,>,score
59006,E2E Full Test Corporation 1769042316 - HQ Operations,2024-01-01,P5-KPI2,Renewal Likelihood,P5,86.87,95.0,>,%
59006,E2E Full Test Corporation 1769042316 - HQ Operations,2024-01-31,P5-KPI2,Renewal Likelihood,P5,88.12,95.0,>,%
59006,E2E Full Test Corporation 1769042316 - HQ Operations,2024-03-01,P5-KPI2,Renewal Likelihood,P5,80.8,95.0,>,%
59006,E2E Full Test Corporation 1769042316 - HQ Operations,2024-03-31,P5-KPI2,Renewal Likelihood,P5,80.67,95.0,>,%
59006,E2E Full Test Corporation 1769042316 - HQ Operations,2024-04-30,P5-KPI2,Renewal Likelihood,P5,85.16,95.0,>,%
59006,E2E Full Test Corporation 1769042316 - HQ Operations,2024-05-30,P5-KPI2,Renewal Likelihood,P5,91.61,95.0,>,%
59006,E2E Full Test Corporation 1769042316 - HQ Operations,2024-06-29,P5-KPI2,Renewal Likelihood,P5,89.71,95.0,>,%
59006,E2E Full Test Corporation 1769042316 - HQ Operations,2024-07-29,P5-KPI2,Renewal Likelihood,P5,91.56,95.0,>,%
59006,E2E Full Test Corporation 1769042316 - HQ Operations,2024-08-28,P5-KPI2,Renewal Likelihood,P5,85.85,95.0,>,%
59006,E2E Full Test Corporation 1769042316 - HQ Operations,2024-09-27,P5-KPI2,Renewal Likelihood,P5,86.5,95.0,>,%
59006,E2E Full Test Corporation 1769042316 - HQ Operations,2024-10-27,P5-KPI2,Renewal Likelihood,P5,85.7,95.0,>,%
59006,E2E Full Test Corporation 1769042316 - HQ Operations,2024-11-26,P5-KPI2,Renewal Likelihood,P5,90.44,95.0,>,%
59006,E2E Full Test Corporation 1769042316 - HQ Operations,2024-01-01,P5-KPI3,Expansion Pipeline,P5,1.59,2.0,>,$M
59006,E2E Full Test Corporation 1769042316 - HQ Operations,2024-01-31,P5-KPI3,Expansion Pipeline,P5,1.28,2.0,>,$M
59006,E2E Full Test Corporation 1769042316 - HQ Operations,2024-03-01,P5-KPI3,Expansion Pipeline,P5,1.59,2.0,>,$M
59006,E2E Full Test Corporation 1769042316 - HQ Operations,2024-03-31,P5-KPI3,Expansion Pipeline,P5,1.26,2.0,>,$M
59006,E2E Full Test Corporation 1769042316 - HQ Operations,2024-04-30,P5-KPI3,Expansion Pipeline,P5,1.29,2.0,>,$M
59006,E2E Full Test Corporation 1769042316 - HQ Operations,2024-05-30,P5-KPI3,Expansion Pipeline,P5,1.58,2.0,>,$M
59006,E2E Full Test Corporation 1769042316 - HQ Operations,2024-06-29,P5-KPI3,Expansion Pipeline,P5,1.56,2.0,>,$M
59006,E2E Full Test Corporation 1769042316 - HQ Operations,2024-07-29,P5-KPI3,Expansion Pipeline,P5,1.61,2.0,>,$M
59006,E2E Full Test Corporation 1769042316 - HQ Operations,2024-08-28,P5-KPI3,Expansion Pipeline,P5,1.61,2.0,>,$M
59006,E2E Full Test Corporation 1769042316 - HQ Operations,2024-09-27,P5-KPI3,Expansion Pipeline,P5,1.49,2.0,>,$M
59006,E2E Full Test Corporation 1769042316 - HQ Operations,2024-10-27,P5-KPI3,Expansion Pipeline,P5,1.54,2.0,>,$M
59006,E2E Full Test Corporation 1769042316 - HQ Operations,2024-11-26,P5-KPI3,Expansion Pipeline,P5,1.51,2.0,>,$M
59006,E2E Full Test Corporation 1769042316 - HQ Operations,2024-01-01,P5-KPI4,Reference Willingness,P5,3.25,4.0,>,score
59006,E2E Full Test Corporation 1769042316 - HQ Operations,2024-01-31,P5-KPI4,Reference Willingness,P5,3.51,4.0,>,score
59006,E2E Full Test Corporation 1769042316 - HQ Operations,2024-03-01,P5-KPI4,Reference Willingness,P5,3.06,4.0,>,score
59006,E2E Full Test Corporation 1769042316 - HQ Operations,2024-03-31,P5-KPI4,Reference Willingness,P5,3.25,4.0,>,score
59006,E2E Full Test Corporation 1769042316 - HQ Operations,2024-04-30,P5-KPI4,Reference Willingness,P5,3.42,4.0,>,score
59006,E2E Full Test Corporation 1769042316 - HQ Operations,2024-05-30,P5-KPI4,Reference Willingness,P5,3.14,4.0,>,score
59006,E2E Full Test Corporation 1769042316 - HQ Operations,2024-06-29,P5-KPI4,Reference Willingness,P5,3.55,4.0,>,score
59006,E2E Full Test Corporation 1769042316 - HQ Operations,2024-07-29,P5-KPI4,Reference Willingness,P5,3.49,4.0,>,score
59006,E2E Full Test Corporation 1769042316 - HQ Operations,2024-08-28,P5-KPI4,Reference Willingness,P5,3.54,4.0,>,score
59006,E2E Full Test Corporation 1769042316 - HQ Operations,2024-09-27,P5-KPI4,Reference Willingness,P5,3.49,4.0,>,score
59006,E2E Full Test Corporation 1769042316 - HQ Operations,2024-10-27,P5-KPI4,Reference Willingness,P5,3.34,4.0,>,score
59006,E2E Full Test Corporation 1769042316 - HQ Operations,2024-11-26,P5-KPI4,Reference Willingness,P5,3.43,4.0,>,score
59006,E2E Full Test Corporation 1769042316 - HQ Operations,2024-01-01,P5-KPI5,Strategic Alignment,P5,73.89,85.0,>,score
59006,E2E Full Test Corporation 1769042316 - HQ Operations,2024-01-31,P5-KPI5,Strategic Alignment,P5,77.35,85.0,>,score
59006,E2E Full Test Corporation 1769042316 - HQ Operations,2024-03-01,P5-KPI5,Strategic Alignment,P5,73.03,85.0,>,score
59006,E2E Full Test Corporation 1769042316 - HQ Operations,2024-03-31,P5-KPI5,Strategic Alignment,P5,76.14,85.0,>,score
59006,E2E Full Test Corporation 1769042316 - HQ Operations,2024-04-30,P5-KPI5,Strategic Alignment,P5,72.26,85.0,>,score
59006,E2E Full Test Corporation 1769042316 - HQ Operations,2024-05-30,P5-KPI5,Strategic Alignment,P5,75.01,85.0,>,score
59006,E2E Full Test Corporation 1769042316 - HQ Operations,2024-06-29,P5-KPI5,Strategic Alignment,P5,76.15,85.0,>,score
59006,E2E Full Test Corporation 1769042316 - HQ Operations,2024-07-29,P5-KPI5,Strategic Alignment,P5,80.05,85.0,>,score
59006,E2E Full Test Corporation 1769042316 - HQ Operations,2024-08-28,P5-KPI5,Strategic Alignment,P5,78.03,85.0,>,score
59006,E2E Full Test Corporation 1769042316 - HQ Operations,2024-09-27,P5-KPI5,Strategic Alignment,P5,80.35,85.0,>,score
59006,E2E Full Test Corporation 1769042316 - HQ Operations,2024-10-27,P5-KPI5,Strategic Alignment,P5,74.47,85.0,>,score
59006,E2E Full Test Corporation 1769042316 - HQ Operations,2024-11-26,P5-KPI5,Strategic Alignment,P5,75.36,85.0,>,score
59006,E2E Full Test Corporation 1769042316 - HQ Operations,2024-01-01,P5-KPI6,Partnership Depth,P5,70.61,80.0,>,score
59006,E2E Full Test Corporation 1769042316 - HQ Operations,2024-01-31,P5-KPI6,Partnership Depth,P5,63.34,80.0,>,score
59006,E2E Full Test Corporation 1769042316 - HQ Operations,2024-03-01,P5-KPI6,Partnership Depth,P5,70.36,80.0,>,score
59006,E2E Full Test Corporation 1769042316 - HQ Operations,2024-03-31,P5-KPI6,Partnership Depth,P5,71.54,80.0,>,score
59006,E2E Full Test Corporation 1769042316 - HQ Operations,2024-04-30,P5-KPI6,Partnership Depth,P5,73.68,80.0,>,score
59006,E2E Full Test Corporation 1769042316 - HQ Operations,2024-05-30,P5-KPI6,Partnership Depth,P5,68.91,80.0,>,score
59006,E2E Full Test Corporation 1769042316 - HQ Operations,2024-06-29,P5-KPI6,Partnership Depth,P5,67.57,80.0,>,score
59006,E2E Full Test Corporation 1769042316 - HQ Operations,2024-07-29,P5-KPI6,Partnership Depth,P5,72.94,80.0,>,score
59006,E2E Full Test Corporation 1769042316 - HQ Operations,2024-08-28,P5-KPI6,Partnership Depth,P5,70.85,80.0,>,score
59006,E2E Full Test Corporation 1769042316 - HQ Operations,2024-09-27,P5-KPI6,Partnership Depth,P5,70.59,80.0,>,score
59006,E2E Full Test Corporation 1769042316 - HQ Operations,2024-10-27,P5-KPI6,Partnership Depth,P5,71.21,80.0,>,score
59006,E2E Full Test Corporation 1769042316 - HQ Operations,2024-11-26,P5-KPI6,Partnership Depth,P5,71.19,80.0,>,score
59006,E2E Full Test Corporation 1769042316 - HQ Operations,2024-01-01,P5-KPI7,NPS Score,P5,57.03,70.0,>,score
59006,E2E Full Test Corporation 1769042316 - HQ Operations,2024-01-31,P5-KPI7,NPS Score,P5,54.0,70.0,>,score
59006,E2E Full Test Corporation 1769042316 - HQ Operations,2024-03-01,P5-KPI7,NPS Score,P5,62.7,70.0,>,score
59006,E2E Full Test Corporation 1769042316 - HQ Operations,2024-03-31,P5-KPI7,NPS Score,P5,58.7,70.0,>,score
59006,E2E Full Test Corporation 1769042316 - HQ Operations,2024-04-30,P5-KPI7,NPS Score,P5,54.98,70.0,>,score
59006,E2E Full Test Corporation 1769042316 - HQ Operations,2024-05-30,P5-KPI7,NPS Score,P5,61.61,70.0,>,score
59006,E2E Full Test Corporation 1769042316 - HQ Operations,2024-06-29,P5-KPI7,NPS Score,P5,62.23,70.0,>,score
59006,E2E Full Test Corporation 1769042316 - HQ Operations,2024-07-29,P5-KPI7,NPS Score,P5,59.27,70.0,>,score
59006,E2E Full Test Corporation 1769042316 - HQ Operations,2024-08-28,P5-KPI7,NPS Score,P5,61.38,70.0,>,score
59006,E2E Full Test Corporation 1769042316 - HQ Operations,2024-09-27,P5-KPI7,NPS Score,P5,61.38,70.0,>,score
59006,E2E Full Test Corporation 1769042316 - HQ Operations,2024-10-27,P5-KPI7,NPS Score,P5,58.04,70.0,>,score
59006,E2E Full Test Corporation 1769042316 - HQ Operations,2024-11-26,P5-KPI7,NPS Score,P5,58.74,70.0,>,score
59007,E2E Full Test Corporation 1769042316 - Regional Office,2024-01-01,P1-KPI1,System Uptime,P1,98.16,99.9,>,%
59007,E2E Full Test Corporation 1769042316 - Regional Office,2024-01-31,P1-KPI1,System Uptime,P1,98.0,99.9,>,%
59007,E2E Full Test Corporation 1769042316 - Regional Office,2024-03-01,P1-KPI1,System Uptime,P1,98.0,99.9,>,%
59007,E2E Full Test Corporation 1769042316 - Regional Office,2024-03-31,P1-KPI1,System Uptime,P1,98.0,99.9,>,%
59007,E2E Full Test Corporation 1769042316 - Regional Office,2024-04-30,P1-KPI1,System Uptime,P1,99.63,99.9,>,%
59007,E2E Full Test Corporation 1769042316 - Regional Office,2024-05-30,P1-KPI1,System Uptime,P1,99.02,99.9,>,%
59007,E2E Full Test Corporation 1769042316 - Regional Office,2024-06-29,P1-KPI1,System Uptime,P1,98.0,99.9,>,%
59007,E2E Full Test Corporation 1769042316 - Regional Office,2024-07-29,P1-KPI1,System Uptime,P1,100.0,99.9,>,%
59007,E2E Full Test Corporation 1769042316 - Regional Office,2024-08-28,P1-KPI1,System Uptime,P1,98.0,99.9,>,%
59007,E2E Full Test Corporation 1769042316 - Regional Office,2024-09-27,P1-KPI1,System Uptime,P1,98.0,99.9,>,%
59007,E2E Full Test Corporation 1769042316 - Regional Office,2024-10-27,P1-KPI1,System Uptime,P1,100.0,99.9,>,%
59007,E2E Full Test Corporation 1769042316 - Regional Office,2024-11-26,P1-KPI1,System Uptime,P1,98.0,99.9,>,%
59007,E2E Full Test Corporation 1769042316 - Regional Office,2024-01-01,P1-KPI2,Mean Time to Resolution,P1,4.93,2.0,<,hours
59007,E2E Full Test Corporation 1769042316 - Regional Office,2024-01-31,P1-KPI2,Mean Time to Resolution,P1,4.47,2.0,<,hours
59007,E2E Full Test Corporation 1769042316 - Regional Office,2024-03-01,P1-KPI2,Mean Time to Resolution,P1,4.5,2.0,<,hours
59007,E2E Full Test Corporation 1769042316 - Regional Office,2024-03-31,P1-KPI2,Mean Time to Resolution,P1,4.51,2.0,<,hours
59007,E2E Full Test Corporation 1769042316 - Regional Office,2024-04-30,P1-KPI2,Mean Time to Resolution,P1,4.83,2.0,<,hours
59007,E2E Full Test Corporation 1769042316 - Regional Office,2024-05-30,P1-KPI2,Mean Time to Resolution,P1,4.53,2.0,<,hours
59007,E2E Full Test Corporation 1769042316 - Regional Office,2024-06-29,P1-KPI2,Mean Time to Resolution,P1,4.49,2.0,<,hours
59007,E2E Full Test Corporation 1769042316 - Regional Office,2024-07-29,P1-KPI2,Mean Time to Resolution,P1,4.68,2.0,<,hours
59007,E2E Full Test Corporation 1769042316 - Regional Office,2024-08-28,P1-KPI2,Mean Time to Resolution,P1,4.91,2.0,<,hours
59007,E2E Full Test Corporation 1769042316 - Regional Office,2024-09-27,P1-KPI2,Mean Time to Resolution,P1,4.58,2.0,<,hours
59007,E2E Full Test Corporation 1769042316 - Regional Office,2024-10-27,P1-KPI2,Mean Time to Resolution,P1,4.54,2.0,<,hours
59007,E2E Full Test Corporation 1769042316 - Regional Office,2024-11-26,P1-KPI2,Mean Time to Resolution,P1,4.79,2.0,<,hours
59007,E2E Full Test Corporation 1769042316 - Regional Office,2024-01-01,P1-KPI3,GPU Utilization,P1,74.93,85.0,>,%
59007,E2E Full Test Corporation 1769042316 - Regional Office,2024-01-31,P1-KPI3,GPU Utilization,P1,73.33,85.0,>,%
59007,E2E Full Test Corporation 1769042316 - Regional Office,2024-03-01,P1-KPI3,GPU Utilization,P1,77.4,85.0,>,%
59007,E2E Full Test Corporation 1769042316 - Regional Office,2024-03-31,P1-KPI3,GPU Utilization,P1,71.56,85.0,>,%
59007,E2E Full Test Corporation 1769042316 - Regional Office,2024-04-30,P1-KPI3,GPU Utilization,P1,75.51,85.0,>,%
59007,E2E Full Test Corporation 1769042316 - Regional Office,2024-05-30,P1-KPI3,GPU Utilization,P1,74.82,85.0,>,%
59007,E2E Full Test Corporation 1769042316 - Regional Office,2024-06-29,P1-KPI3,GPU Utilization,P1,72.94,85.0,>,%
59007,E2E Full Test Corporation 1769042316 - Regional Office,2024-07-29,P1-KPI3,GPU Utilization,P1,72.81,85.0,>,%
59007,E2E Full Test Corporation 1769042316 - Regional Office,2024-08-28,P1-KPI3,GPU Utilization,P1,76.8,85.0,>,%
59007,E2E Full Test Corporation 1769042316 - Regional Office,2024-09-27,P1-KPI3,GPU Utilization,P1,71.83,85.0,>,%
59007,E2E Full Test Corporation 1769042316 - Regional Office,2024-10-27,P1-KPI3,GPU Utilization,P1,75.78,85.0,>,%
59007,E2E Full Test Corporation 1769042316 - Regional Office,2024-11-26,P1-KPI3,GPU Utilization,P1,72.55,85.0,>,%
59007,E2E Full Test Corporation 1769042316 - Regional Office,2024-01-01,P1-KPI4,Network Latency,P1,28.36,10.0,<,ms
59007,E2E Full Test Corporation 1769042316 - Regional Office,2024-01-31,P1-KPI4,Network Latency,P1,29.34,10.0,<,ms
59007,E2E Full Test Corporation 1769042316 - Regional Office,2024-03-01,P1-KPI4,Network Latency,P1,27.32,10.0,<,ms
59007,E2E Full Test Corporation 1769042316 - Regional Office,2024-03-31,P1-KPI4,Network Latency,P1,27.59,10.0,<,ms
59007,E2E Full Test Corporation 1769042316 - Regional Office,2024-04-30,P1-KPI4,Network Latency,P1,26.87,10.0,<,ms
59007,E2E Full Test Corporation 1769042316 - Regional Office,2024-05-30,P1-KPI4,Network Latency,P1,26.89,10.0,<,ms
59007,E2E Full Test Corporation 1769042316 - Regional Office,2024-06-29,P1-KPI4,Network Latency,P1,27.81,10.0,<,ms
59007,E2E Full Test Corporation 1769042316 - Regional Office,2024-07-29,P1-KPI4,Network Latency,P1,27.09,10.0,<,ms
59007,E2E Full Test Corporation 1769042316 - Regional Office,2024-08-28,P1-KPI4,Network Latency,P1,27.33,10.0,<,ms
59007,E2E Full Test Corporation 1769042316 - Regional Office,2024-09-27,P1-KPI4,Network Latency,P1,28.91,10.0,<,ms
59007,E2E Full Test Corporation 1769042316 - Regional Office,2024-10-27,P1-KPI4,Network Latency,P1,28.12,10.0,<,ms
59007,E2E Full Test Corporation 1769042316 - Regional Office,2024-11-26,P1-KPI4,Network Latency,P1,27.65,10.0,<,ms
59007,E2E Full Test Corporation 1769042316 - Regional Office,2024-01-01,P1-KPI5,Storage Performance,P1,80327.96,100000.0,>,IOPS
59007,E2E Full Test Corporation 1769042316 - Regional Office,2024-01-31,P1-KPI5,Storage Performance,P1,74646.78,100000.0,>,IOPS
59007,E2E Full Test Corporation 1769042316 - Regional Office,2024-03-01,P1-KPI5,Storage Performance,P1,79560.07,100000.0,>,IOPS
59007,E2E Full Test Corporation 1769042316 - Regional Office,2024-03-31,P1-KPI5,Storage Performance,P1,74248.86,100000.0,>,IOPS
59007,E2E Full Test Corporation 1769042316 - Regional Office,2024-04-30,P1-KPI5,Storage Performance,P1,75847.37,100000.0,>,IOPS
59007,E2E Full Test Corporation 1769042316 - Regional Office,2024-05-30,P1-KPI5,Storage Performance,P1,75388.94,100000.0,>,IOPS
59007,E2E Full Test Corporation 1769042316 - Regional Office,2024-06-29,P1-KPI5,Storage Performance,P1,76244.85,100000.0,>,IOPS
59007,E2E Full Test Corporation 1769042316 - Regional Office,2024-07-29,P1-KPI5,Storage Performance,P1,79059.36,100000.0,>,IOPS
59007,E2E Full Test Corporation 1769042316 - Regional Office,2024-08-28,P1-KPI5,Storage Performance,P1,79610.82,100000.0,>,IOPS
59007,E2E Full Test Corporation 1769042316 - Regional Office,2024-09-27,P1-KPI5,Storage Performance,P1,79590.91,100000.0,>,IOPS
59007,E2E Full Test Corporation 1769042316 - Regional Office,2024-10-27,P1-KPI5,Storage Performance,P1,76467.3,100000.0,>,IOPS
59007,E2E Full Test Corporation 1769042316 - Regional Office,2024-11-26,P1-KPI5,Storage Performance,P1,80623.96,100000.0,>,IOPS
59007,E2E Full Test Corporation 1769042316 - Regional Office,2024-01-01,P1-KPI6,Cooling Efficiency,P1,1.45,1.3,<,PUE
59007,E2E Full Test Corporation 1769042316 - Regional Office,2024-01-31,P1-KPI6,Cooling Efficiency,P1,1.56,1.3,<,PUE
59007,E2E Full Test Corporation 1769042316 - Regional Office,2024-03-01,P1-KPI6,Cooling Efficiency,P1,1.54,1.3,<,PUE
59007,E2E Full Test Corporation 1769042316 - Regional Office,2024-03-31,P1-KPI6,Cooling Efficiency,P1,1.53,1.3,<,PUE
59007,E2E Full Test Corporation 1769042316 - Regional Office,2024-04-30,P1-KPI6,Cooling Efficiency,P1,1.47,1.3,<,PUE
59007,E2E Full Test Corporation 1769042316 - Regional Office,2024-05-30,P1-KPI6,Cooling Efficiency,P1,1.57,1.3,<,PUE
59007,E2E Full Test Corporation 1769042316 - Regional Office,2024-06-29,P1-KPI6,Cooling Efficiency,P1,1.47,1.3,<,PUE
59007,E2E Full Test Corporation 1769042316 - Regional Office,2024-07-29,P1-KPI6,Cooling Efficiency,P1,1.58,1.3,<,PUE
59007,E2E Full Test Corporation 1769042316 - Regional Office,2024-08-28,P1-KPI6,Cooling Efficiency,P1,1.53,1.3,<,PUE
59007,E2E Full Test Corporation 1769042316 - Regional Office,2024-09-27,P1-KPI6,Cooling Efficiency,P1,1.55,1.3,<,PUE
59007,E2E Full Test Corporation 1769042316 - Regional Office,2024-10-27,P1-KPI6,Cooling Efficiency,P1,1.47,1.3,<,PUE
59007,E2E Full Test Corporation 1769042316 - Regional Office,2024-11-26,P1-KPI6,Cooling Efficiency,P1,1.53,1.3,<,PUE
59007,E2E Full Test Corporation 1769042316 - Regional Office,2024-01-01,P1-KPI7,Power Usage,P1,652.24,500.0,<,kW
59007,E2E Full Test Corporation 1769042316 - Regional Office,2024-01-31,P1-KPI7,Power Usage,P1,630.76,500.0,<,kW
59007,E2E Full Test Corporation 1769042316 - Regional Office,2024-03-01,P1-KPI7,Power Usage,P1,605.14,500.0,<,kW
59007,E2E Full Test Corporation 1769042316 - Regional Office,2024-03-31,P1-KPI7,Power Usage,P1,644.84,500.0,<,kW
59007,E2E Full Test Corporation 1769042316 - Regional Office,2024-04-30,P1-KPI7,Power Usage,P1,653.68,500.0,<,kW
59007,E2E Full Test Corporation 1769042316 - Regional Office,2024-05-30,P1-KPI7,Power Usage,P1,663.39,500.0,<,kW
59007,E2E Full Test Corporation 1769042316 - Regional Office,2024-06-29,P1-KPI7,Power Usage,P1,640.16,500.0,<,kW
59007,E2E Full Test Corporation 1769042316 - Regional Office,2024-07-29,P1-KPI7,Power Usage,P1,627.38,500.0,<,kW
59007,E2E Full Test Corporation 1769042316 - Regional Office,2024-08-28,P1-KPI7,Power Usage,P1,637.57,500.0,<,kW
59007,E2E Full Test Corporation 1769042316 - Regional Office,2024-09-27,P1-KPI7,Power Usage,P1,611.08,500.0,<,kW
59007,E2E Full Test Corporation 1769042316 - Regional Office,2024-10-27,P1-KPI7,Power Usage,P1,645.96,500.0,<,kW
59007,E2E Full Test Corporation 1769042316 - Regional Office,2024-11-26,P1-KPI7,Power Usage,P1,641.54,500.0,<,kW
59007,E2E Full Test Corporation 1769042316 - Regional Office,2024-01-01,P1-KPI8,Thermal Management,P1,30.97,25.0,<,°C
59007,E2E Full Test Corporation 1769042316 - Regional Office,2024-01-31,P1-KPI8,Thermal Management,P1,28.86,25.0,<,°C
59007,E2E Full Test Corporation 1769042316 - Regional Office,2024-03-01,P1-KPI8,Thermal Management,P1,28.55,25.0,<,°C
59007,E2E Full Test Corporation 1769042316 - Regional Office,2024-03-31,P1-KPI8,Thermal Management,P1,29.32,25.0,<,°C
59007,E2E Full Test Corporation 1769042316 - Regional Office,2024-04-30,P1-KPI8,Thermal Management,P1,30.6,25.0,<,°C
59007,E2E Full Test Corporation 1769042316 - Regional Office,2024-05-30,P1-KPI8,Thermal Management,P1,30.88,25.0,<,°C
59007,E2E Full Test Corporation 1769042316 - Regional Office,2024-06-29,P1-KPI8,Thermal Management,P1,28.84,25.0,<,°C
59007,E2E Full Test Corporation 1769042316 - Regional Office,2024-07-29,P1-KPI8,Thermal Management,P1,30.68,25.0,<,°C
59007,E2E Full Test Corporation 1769042316 - Regional Office,2024-08-28,P1-KPI8,Thermal Management,P1,28.92,25.0,<,°C
59007,E2E Full Test Corporation 1769042316 - Regional Office,2024-09-27,P1-KPI8,Thermal Management,P1,29.19,25.0,<,°C
59007,E2E Full Test Corporation 1769042316 - Regional Office,2024-10-27,P1-KPI8,Thermal Management,P1,30.2,25.0,<,°C
59007,E2E Full Test Corporation 1769042316 - Regional Office,2024-11-26,P1-KPI8,Thermal Management,P1,29.74,25.0,<,°C
59007,E2E Full Test Corporation 1769042316 - Regional Office,2024-01-01,P2-KPI1,SLA Compliance,P2,96.58,99.0,>,%
59007,E2E Full Test Corporation 1769042316 - Regional Office,2024-01-31,P2-KPI1,SLA Compliance,P2,98.3,99.0,>,%
59007,E2E Full Test Corporation 1769042316 - Regional Office,2024-03-01,P2-KPI1,SLA Compliance,P2,98.91,99.0,>,%
59007,E2E Full Test Corporation 1769042316 - Regional Office,2024-03-31,P2-KPI1,SLA Compliance,P2,99.3,99.0,>,%
59007,E2E Full Test Corporation 1769042316 - Regional Office,2024-04-30,P2-KPI1,SLA Compliance,P2,98.37,99.0,>,%
59007,E2E Full Test Corporation 1769042316 - Regional Office,2024-05-30,P2-KPI1,SLA Compliance,P2,99.38,99.0,>,%
59007,E2E Full Test Corporation 1769042316 - Regional Office,2024-06-29,P2-KPI1,SLA Compliance,P2,100.0,99.0,>,%
59007,E2E Full Test Corporation 1769042316 - Regional Office,2024-07-29,P2-KPI1,SLA Compliance,P2,95.0,99.0,>,%
59007,E2E Full Test Corporation 1769042316 - Regional Office,2024-08-28,P2-KPI1,SLA Compliance,P2,97.22,99.0,>,%
59007,E2E Full Test Corporation 1769042316 - Regional Office,2024-09-27,P2-KPI1,SLA Compliance,P2,98.57,99.0,>,%
59007,E2E Full Test Corporation 1769042316 - Regional Office,2024-10-27,P2-KPI1,SLA Compliance,P2,98.06,99.0,>,%
59007,E2E Full Test Corporation 1769042316 - Regional Office,2024-11-26,P2-KPI1,SLA Compliance,P2,95.0,99.0,>,%
59007,E2E Full Test Corporation 1769042316 - Regional Office,2024-01-01,P2-KPI2,Incident Response Time,P2,33.51,15.0,<,minutes
59007,E2E Full Test Corporation 1769042316 - Regional Office,2024-01-31,P2-KPI2,Incident Response Time,P2,34.07,15.0,<,minutes
59007,E2E Full Test Corporation 1769042316 - Regional Office,2024-03-01,P2-KPI2,Incident Response Time,P2,36.3,15.0,<,minutes
59007,E2E Full Test Corporation 1769042316 - Regional Office,2024-03-31,P2-KPI2,Incident Response Time,P2,35.11,15.0,<,minutes
59007,E2E Full Test Corporation 1769042316 - Regional Office,2024-04-30,P2-KPI2,Incident Response Time,P2,34.15,15.0,<,minutes
59007,E2E Full Test Corporation 1769042316 - Regional Office,2024-05-30,P2-KPI2,Incident Response Time,P2,33.67,15.0,<,minutes
59007,E2E Full Test Corporation 1769042316 - Regional Office,2024-06-29,P2-KPI2,Incident Response Time,P2,35.75,15.0,<,minutes
59007,E2E Full Test Corporation 1769042316 - Regional Office,2024-07-29,P2-KPI2,Incident Response Time,P2,34.02,15.0,<,minutes
59007,E2E Full Test Corporation 1769042316 - Regional Office,2024-08-28,P2-KPI2,Incident Response Time,P2,36.84,15.0,<,minutes
59007,E2E Full Test Corporation 1769042316 - Regional Office,2024-09-27,P2-KPI2,Incident Response Time,P2,35.55,15.0,<,minutes
59007,E2E Full Test Corporation 1769042316 - Regional Office,2024-10-27,P2-KPI2,Incident Response Time,P2,36.55,15.0,<,minutes
59007,E2E Full Test Corporation 1769042316 - Regional Office,2024-11-26,P2-KPI2,Incident Response Time,P2,36.29,15.0,<,minutes
59007,E2E Full Test Corporation 1769042316 - Regional Office,2024-01-01,P2-KPI3,Change Success Rate,P2,97.8,98.0,>,%
59007,E2E Full Test Corporation 1769042316 - Regional Office,2024-01-31,P2-KPI3,Change Success Rate,P2,95.56,98.0,>,%
59007,E2E Full Test Corporation 1769042316 - Regional Office,2024-03-01,P2-KPI3,Change Success Rate,P2,90.25,98.0,>,%
59007,E2E Full Test Corporation 1769042316 - Regional Office,2024-03-31,P2-KPI3,Change Success Rate,P2,98.31,98.0,>,%
59007,E2E Full Test Corporation 1769042316 - Regional Office,2024-04-30,P2-KPI3,Change Success Rate,P2,98.73,98.0,>,%
59007,E2E Full Test Corporation 1769042316 - Regional Office,2024-05-30,P2-KPI3,Change Success Rate,P2,97.21,98.0,>,%
59007,E2E Full Test Corporation 1769042316 - Regional Office,2024-06-29,P2-KPI3,Change Success Rate,P2,91.93,98.0,>,%
59007,E2E Full Test Corporation 1769042316 - Regional Office,2024-07-29,P2-KPI3,Change Success Rate,P2,98.09,98.0,>,%
59007,E2E Full Test Corporation 1769042316 - Regional Office,2024-08-28,P2-KPI3,Change Success Rate,P2,95.27,98.0,>,%
59007,E2E Full Test Corporation 1769042316 - Regional Office,2024-09-27,P2-KPI3,Change Success Rate,P2,93.25,98.0,>,%
59007,E2E Full Test Corporation 1769042316 - Regional Office,2024-10-27,P2-KPI3,Change Success Rate,P2,93.39,98.0,>,%
59007,E2E Full Test Corporation 1769042316 - Regional Office,2024-11-26,P2-KPI3,Change Success Rate,P2,92.31,98.0,>,%
59007,E2E Full Test Corporation 1769042316 - Regional Office,2024-01-01,P2-KPI4,Backup Success Rate,P2,98.49,100.0,>,%
59007,E2E Full Test Corporation 1769042316 - Regional Office,2024-01-31,P2-KPI4,Backup Success Rate,P2,96.77,100.0,>,%
59007,E2E Full Test Corporation 1769042316 - Regional Office,2024-03-01,P2-KPI4,Backup Success Rate,P2,97.66,100.0,>,%
59007,E2E Full Test Corporation 1769042316 - Regional Office,2024-03-31,P2-KPI4,Backup Success Rate,P2,99.76,100.0,>,%
59007,E2E Full Test Corporation 1769042316 - Regional Office,2024-04-30,P2-KPI4,Backup Success Rate,P2,100.0,100.0,>,%
59007,E2E Full Test Corporation 1769042316 - Regional Office,2024-05-30,P2-KPI4,Backup Success Rate,P2,95.0,100.0,>,%
59007,E2E Full Test Corporation 1769042316 - Regional Office,2024-06-29,P2-KPI4,Backup Success Rate,P2,97.48,100.0,>,%
59007,E2E Full Test Corporation 1769042316 - Regional Office,2024-07-29,P2-KPI4,Backup Success Rate,P2,99.57,100.0,>,%
59007,E2E Full Test Corporation 1769042316 - Regional Office,2024-08-28,P2-KPI4,Backup Success Rate,P2,95.0,100.0,>,%
59007,E2E Full Test Corporation 1769042316 - Regional Office,2024-09-27,P2-KPI4,Backup Success Rate,P2,98.95,100.0,>,%
59007,E2E Full Test Corporation 1769042316 - Regional Office,2024-10-27,P2-KPI4,Backup Success Rate,P2,99.33,100.0,>,%
59007,E2E Full Test Corporation 1769042316 - Regional Office,2024-11-26,P2-KPI4,Backup Success Rate,P2,100.0,100.0,>,%
59007,E2E Full Test Corporation 1769042316 - Regional Office,2024-01-01,P2-KPI5,Patch Compliance,P2,85.16,95.0,>,%
59007,E2E Full Test Corporation 1769042316 - Regional Office,2024-01-31,P2-KPI5,Patch Compliance,P2,92.16,95.0,>,%
59007,E2E Full Test Corporation 1769042316 - Regional Office,2024-03-01,P2-KPI5,Patch Compliance,P2,90.07,95.0,>,%
59007,E2E Full Test Corporation 1769042316 - Regional Office,2024-03-31,P2-KPI5,Patch Compliance,P2,84.7,95.0,>,%
59007,E2E Full Test Corporation 1769042316 - Regional Office,2024-04-30,P2-KPI5,Patch Compliance,P2,88.68,95.0,>,%
59007,E2E Full Test Corporation 1769042316 - Regional Office,2024-05-30,P2-KPI5,Patch Compliance,P2,87.68,95.0,>,%
59007,E2E Full Test Corporation 1769042316 - Regional Office,2024-06-29,P2-KPI5,Patch Compliance,P2,88.07,95.0,>,%
59007,E2E Full Test Corporation 1769042316 - Regional Office,2024-07-29,P2-KPI5,Patch Compliance,P2,84.62,95.0,>,%
59007,E2E Full Test Corporation 1769042316 - Regional Office,2024-08-28,P2-KPI5,Patch Compliance,P2,87.96,95.0,>,%
59007,E2E Full Test Corporation 1769042316 - Regional Office,2024-09-27,P2-KPI5,Patch Compliance,P2,86.72,95.0,>,%
59007,E2E Full Test Corporation 1769042316 - Regional Office,2024-10-27,P2-KPI5,Patch Compliance,P2,85.47,95.0,>,%
59007,E2E Full Test Corporation 1769042316 - Regional Office,2024-11-26,P2-KPI5,Patch Compliance,P2,85.64,95.0,>,%
59007,E2E Full Test Corporation 1769042316 - Regional Office,2024-01-01,P2-KPI6,Service Request Fulfillment,P2,5.89,3.0,<,days
59007,E2E Full Test Corporation 1769042316 - Regional Office,2024-01-31,P2-KPI6,Service Request Fulfillment,P2,5.94,3.0,<,days
59007,E2E Full Test Corporation 1769042316 - Regional Office,2024-03-01,P2-KPI6,Service Request Fulfillment,P2,6.15,3.0,<,days
59007,E2E Full Test Corporation 1769042316 - Regional Office,2024-03-31,P2-KPI6,Service Request Fulfillment,P2,6.23,3.0,<,days
59007,E2E Full Test Corporation 1769042316 - Regional Office,2024-04-30,P2-KPI6,Service Request Fulfillment,P2,6.35,3.0,<,days
59007,E2E Full Test Corporation 1769042316 - Regional Office,2024-05-30,P2-KPI6,Service Request Fulfillment,P2,6.0,3.0,<,days
59007,E2E Full Test Corporation 1769042316 - Regional Office,2024-06-29,P2-KPI6,Service Request Fulfillment,P2,5.95,3.0,<,days
59007,E2E Full Test Corporation 1769042316 - Regional Office,2024-07-29,P2-KPI6,Service Request Fulfillment,P2,5.86,3.0,<,days
59007,E2E Full Test Corporation 1769042316 - Regional Office,2024-08-28,P2-KPI6,Service Request Fulfillment,P2,6.26,3.0,<,days
59007,E2E Full Test Corporation 1769042316 - Regional Office,2024-09-27,P2-KPI6,Service Request Fulfillment,P2,5.92,3.0,<,days
59007,E2E Full Test Corporation 1769042316 - Regional Office,2024-10-27,P2-KPI6,Service Request Fulfillment,P2,6.25,3.0,<,days
59007,E2E Full Test Corporation 1769042316 - Regional Office,2024-11-26,P2-KPI6,Service Request Fulfillment,P2,6.35,3.0,<,days
59007,E2E Full Test Corporation 1769042316 - Regional Office,2024-01-01,P2-KPI7,Capacity Planning Accuracy,P2,85.02,90.0,>,%
59007,E2E Full Test Corporation 1769042316 - Regional Office,2024-01-31,P2-KPI7,Capacity Planning Accuracy,P2,77.24,90.0,>,%
59007,E2E Full Test Corporation 1769042316 - Regional Office,2024-03-01,P2-KPI7,Capacity Planning Accuracy,P2,79.32,90.0,>,%
59007,E2E Full Test Corporation 1769042316 - Regional Office,2024-03-31,P2-KPI7,Capacity Planning Accuracy,P2,82.93,90.0,>,%
59007,E2E Full Test Corporation 1769042316 - Regional Office,2024-04-30,P2-KPI7,Capacity Planning Accuracy,P2,81.42,90.0,>,%
59007,E2E Full Test Corporation 1769042316 - Regional Office,2024-05-30,P2-KPI7,Capacity Planning Accuracy,P2,84.37,90.0,>,%
59007,E2E Full Test Corporation 1769042316 - Regional Office,2024-06-29,P2-KPI7,Capacity Planning Accuracy,P2,81.11,90.0,>,%
59007,E2E Full Test Corporation 1769042316 - Regional Office,2024-07-29,P2-KPI7,Capacity Planning Accuracy,P2,77.14,90.0,>,%
59007,E2E Full Test Corporation 1769042316 - Regional Office,2024-08-28,P2-KPI7,Capacity Planning Accuracy,P2,77.23,90.0,>,%
59007,E2E Full Test Corporation 1769042316 - Regional Office,2024-09-27,P2-KPI7,Capacity Planning Accuracy,P2,78.42,90.0,>,%
59007,E2E Full Test Corporation 1769042316 - Regional Office,2024-10-27,P2-KPI7,Capacity Planning Accuracy,P2,78.6,90.0,>,%
59007,E2E Full Test Corporation 1769042316 - Regional Office,2024-11-26,P2-KPI7,Capacity Planning Accuracy,P2,79.78,90.0,>,%
59007,E2E Full Test Corporation 1769042316 - Regional Office,2024-01-01,P2-KPI8,Documentation Quality,P2,70.08,85.0,>,score
59007,E2E Full Test Corporation 1769042316 - Regional Office,2024-01-31,P2-KPI8,Documentation Quality,P2,77.03,85.0,>,score
59007,E2E Full Test Corporation 1769042316 - Regional Office,2024-03-01,P2-KPI8,Documentation Quality,P2,73.82,85.0,>,score
59007,E2E Full Test Corporation 1769042316 - Regional Office,2024-03-31,P2-KPI8,Documentation Quality,P2,75.51,85.0,>,score
59007,E2E Full Test Corporation 1769042316 - Regional Office,2024-04-30,P2-KPI8,Documentation Quality,P2,75.71,85.0,>,score
59007,E2E Full Test Corporation 1769042316 - Regional Office,2024-05-30,P2-KPI8,Documentation Quality,P2,72.77,85.0,>,score
59007,E2E Full Test Corporation 1769042316 - Regional Office,2024-06-29,P2-KPI8,Documentation Quality,P2,76.93,85.0,>,score
59007,E2E Full Test Corporation 1769042316 - Regional Office,2024-07-29,P2-KPI8,Documentation Quality,P2,77.24,85.0,>,score
59007,E2E Full Test Corporation 1769042316 - Regional Office,2024-08-28,P2-KPI8,Documentation Quality,P2,71.58,85.0,>,score
59007,E2E Full Test Corporation 1769042316 - Regional Office,2024-09-27,P2-KPI8,Documentation Quality,P2,75.26,85.0,>,score
59007,E2E Full Test Corporation 1769042316 - Regional Office,2024-10-27,P2-KPI8,Documentation Quality,P2,72.5,85.0,>,score
59007,E2E Full Test Corporation 1769042316 - Regional Office,2024-11-26,P2-KPI8,Documentation Quality,P2,73.15,85.0,>,score
59007,E2E Full Test Corporation 1769042316 - Regional Office,2024-01-01,P3-KPI1,CSAT Score,P3,3.87,4.5,>,score
59007,E2E Full Test Corporation 1769042316 - Regional Office,2024-01-31,P3-KPI1,CSAT Score,P3,3.9,4.5,>,score
59007,E2E Full Test Corporation 1769042316 - Regional Office,2024-03-01,P3-KPI1,CSAT Score,P3,3.82,4.5,>,score
59007,E2E Full Test Corporation 1769042316 - Regional Office,2024-03-31,P3-KPI1,CSAT Score,P3,3.65,4.5,>,score
59007,E2E Full Test Corporation 1769042316 - Regional Office,2024-04-30,P3-KPI1,CSAT Score,P3,3.89,4.5,>,score
59007,E2E Full Test Corporation 1769042316 - Regional Office,2024-05-30,P3-KPI1,CSAT Score,P3,3.9,4.5,>,score
59007,E2E Full Test Corporation 1769042316 - Regional Office,2024-06-29,P3-KPI1,CSAT Score,P3,3.84,4.5,>,score
59007,E2E Full Test Corporation 1769042316 - Regional Office,2024-07-29,P3-KPI1,CSAT Score,P3,3.95,4.5,>,score
59007,E2E Full Test Corporation 1769042316 - Regional Office,2024-08-28,P3-KPI1,CSAT Score,P3,3.81,4.5,>,score
59007,E2E Full Test Corporation 1769042316 - Regional Office,2024-09-27,P3-KPI1,CSAT Score,P3,3.71,4.5,>,score
59007,E2E Full Test Corporation 1769042316 - Regional Office,2024-10-27,P3-KPI1,CSAT Score,P3,3.98,4.5,>,score
59007,E2E Full Test Corporation 1769042316 - Regional Office,2024-11-26,P3-KPI1,CSAT Score,P3,3.85,4.5,>,score
59007,E2E Full Test Corporation 1769042316 - Regional Office,2024-01-01,P3-KPI2,Support Ticket Volume,P3,53.59,20.0,<,tickets
59007,E2E Full Test Corporation 1769042316 - Regional Office,2024-01-31,P3-KPI2,Support Ticket Volume,P3,54.55,20.0,<,tickets
59007,E2E Full Test Corporation 1769042316 - Regional Office,2024-03-01,P3-KPI2,Support Ticket Volume,P3,57.14,20.0,<,tickets
59007,E2E Full Test Corporation 1769042316 - Regional Office,2024-03-31,P3-KPI2,Support Ticket Volume,P3,55.56,20.0,<,tickets
59007,E2E Full Test Corporation 1769042316 - Regional Office,2024-04-30,P3-KPI2,Support Ticket Volume,P3,55.96,20.0,<,tickets
59007,E2E Full Test Corporation 1769042316 - Regional Office,2024-05-30,P3-KPI2,Support Ticket Volume,P3,55.92,20.0,<,tickets
59007,E2E Full Test Corporation 1769042316 - Regional Office,2024-06-29,P3-KPI2,Support Ticket Volume,P3,54.22,20.0,<,tickets
59007,E2E Full Test Corporation 1769042316 - Regional Office,2024-07-29,P3-KPI2,Support Ticket Volume,P3,57.29,20.0,<,tickets
59007,E2E Full Test Corporation 1769042316 - Regional Office,2024-08-28,P3-KPI2,Support Ticket Volume,P3,54.81,20.0,<,tickets
59007,E2E Full Test Corporation 1769042316 - Regional Office,2024-09-27,P3-KPI2,Support Ticket Volume,P3,53.78,20.0,<,tickets
59007,E2E Full Test Corporation 1769042316 - Regional Office,2024-10-27,P3-KPI2,Support Ticket Volume,P3,55.81,20.0,<,tickets
59007,E2E Full Test Corporation 1769042316 - Regional Office,2024-11-26,P3-KPI2,Support Ticket Volume,P3,54.48,20.0,<,tickets
59007,E2E Full Test Corporation 1769042316 - Regional Office,2024-01-01,P3-KPI3,First Contact Resolution,P3,60.97,75.0,>,%
59007,E2E Full Test Corporation 1769042316 - Regional Office,2024-01-31,P3-KPI3,First Contact Resolution,P3,61.18,75.0,>,%
59007,E2E Full Test Corporation 1769042316 - Regional Office,2024-03-01,P3-KPI3,First Contact Resolution,P3,60.94,75.0,>,%
59007,E2E Full Test Corporation 1769042316 - Regional Office,2024-03-31,P3-KPI3,First Contact Resolution,P3,66.76,75.0,>,%
59007,E2E Full Test Corporation 1769042316 - Regional Office,2024-04-30,P3-KPI3,First Contact Resolution,P3,64.04,75.0,>,%
59007,E2E Full Test Corporation 1769042316 - Regional Office,2024-05-30,P3-KPI3,First Contact Resolution,P3,64.98,75.0,>,%
59007,E2E Full Test Corporation 1769042316 - Regional Office,2024-06-29,P3-KPI3,First Contact Resolution,P3,66.18,75.0,>,%
59007,E2E Full Test Corporation 1769042316 - Regional Office,2024-07-29,P3-KPI3,First Contact Resolution,P3,66.38,75.0,>,%
59007,E2E Full Test Corporation 1769042316 - Regional Office,2024-08-28,P3-KPI3,First Contact Resolution,P3,64.15,75.0,>,%
59007,E2E Full Test Corporation 1769042316 - Regional Office,2024-09-27,P3-KPI3,First Contact Resolution,P3,62.17,75.0,>,%
59007,E2E Full Test Corporation 1769042316 - Regional Office,2024-10-27,P3-KPI3,First Contact Resolution,P3,61.63,75.0,>,%
59007,E2E Full Test Corporation 1769042316 - Regional Office,2024-11-26,P3-KPI3,First Contact Resolution,P3,66.36,75.0,>,%
59007,E2E Full Test Corporation 1769042316 - Regional Office,2024-01-01,P3-KPI4,Training Completion,P3,79.46,90.0,>,%
59007,E2E Full Test Corporation 1769042316 - Regional Office,2024-01-31,P3-KPI4,Training Completion,P3,73.39,90.0,>,%
59007,E2E Full Test Corporation 1769042316 - Regional Office,2024-03-01,P3-KPI4,Training Completion,P3,78.05,90.0,>,%
59007,E2E Full Test Corporation 1769042316 - Regional Office,2024-03-31,P3-KPI4,Training Completion,P3,79.39,90.0,>,%
59007,E2E Full Test Corporation 1769042316 - Regional Office,2024-04-30,P3-KPI4,Training Completion,P3,79.23,90.0,>,%
59007,E2E Full Test Corporation 1769042316 - Regional Office,2024-05-30,P3-KPI4,Training Completion,P3,79.39,90.0,>,%
59007,E2E Full Test Corporation 1769042316 - Regional Office,2024-06-29,P3-KPI4,Training Completion,P3,75.83,90.0,>,%
59007,E2E Full Test Corporation 1769042316 - Regional Office,2024-07-29,P3-KPI4,Training Completion,P3,78.44,90.0,>,%
59007,E2E Full Test Corporation 1769042316 - Regional Office,2024-08-28,P3-KPI4,Training Completion,P3,75.48,90.0,>,%
59007,E2E Full Test Corporation 1769042316 - Regional Office,2024-09-27,P3-KPI4,Training Completion,P3,73.39,90.0,>,%
59007,E2E Full Test Corporation 1769042316 - Regional Office,2024-10-27,P3-KPI4,Training Completion,P3,76.05,90.0,>,%
59007,E2E Full Test Corporation 1769042316 - Regional Office,2024-11-26,P3-KPI4,Training Completion,P3,77.08,90.0,>,%
59007,E2E Full Test Corporation 1769042316 - Regional Office,2024-01-01,P3-KPI5,User Adoption Rate,P3,65.25,80.0,>,%
59007,E2E Full Test Corporation 1769042316 - Regional Office,2024-01-31,P3-KPI5,User Adoption Rate,P3,63.44,80.0,>,%
59007,E2E Full Test Corporation 1769042316 - Regional Office,2024-03-01,P3-KPI5,User Adoption Rate,P3,66.21,80.0,>,%
59007,E2E Full Test Corporation 1769042316 - Regional Office,2024-03-31,P3-KPI5,User Adoption Rate,P3,64.99,80.0,>,%
59007,E2E Full Test Corporation 1769042316 - Regional Office,2024-04-30,P3-KPI5,User Adoption Rate,P3,65.27,80.0,>,%
59007,E2E Full Test Corporation 1769042316 - Regional Office,2024-05-30,P3-KPI5,User Adoption Rate,P3,67.79,80.0,>,%
59007,E2E Full Test Corporation 1769042316 - Regional Office,2024-06-29,P3-KPI5,User Adoption Rate,P3,69.15,80.0,>,%
59007,E2E Full Test Corporation 1769042316 - Regional Office,2024-07-29,P3-KPI5,User Adoption Rate,P3,65.07,80.0,>,%
59007,E2E Full Test Corporation 1769042316 - Regional Office,2024-08-28,P3-KPI5,User Adoption Rate,P3,64.01,80.0,>,%
59007,E2E Full Test Corporation 1769042316 - Regional Office,2024-09-27,P3-KPI5,User Adoption Rate,P3,64.58,80.0,>,%
59007,E2E Full Test Corporation 1769042316 - Regional Office,2024-10-27,P3-KPI5,User Adoption Rate,P3,64.92,80.0,>,%
59007,E2E Full Test Corporation 1769042316 - Regional Office,2024-11-26,P3-KPI5,User Adoption Rate,P3,66.57,80.0,>,%
59007,E2E Full Test Corporation 1769042316 - Regional Office,2024-01-01,P3-KPI6,Executive Engagement,P3,3.25,4.0,>,meetings/quarter
59007,E2E Full Test Corporation 1769042316 - Regional Office,2024-01-31,P3-KPI6,Executive Engagement,P3,3.06,4.0,>,meetings/quarter
59007,E2E Full Test Corporation 1769042316 - Regional Office,2024-03-01,P3-KPI6,Executive Engagement,P3,3.16,4.0,>,meetings/quarter
59007,E2E Full Test Corporation 1769042316 - Regional Office,2024-03-31,P3-KPI6,Executive Engagement,P3,2.97,4.0,>,meetings/quarter
59007,E2E Full Test Corporation 1769042316 - Regional Office,2024-04-30,P3-KPI6,Executive Engagement,P3,3.14,4.0,>,meetings/quarter
59007,E2E Full Test Corporation 1769042316 - Regional Office,2024-05-30,P3-KPI6,Executive Engagement,P3,3.15,4.0,>,meetings/quarter
59007,E2E Full Test Corporation 1769042316 - Regional Office,2024-06-29,P3-KPI6,Executive Engagement,P3,3.11,4.0,>,meetings/quarter
59007,E2E Full Test Corporation 1769042316 - Regional Office,2024-07-29,P3-KPI6,Executive Engagement,P3,3.18,4.0,>,meetings/quarter
59007,E2E Full Test Corporation 1769042316 - Regional Office,2024-08-28,P3-KPI6,Executive Engagement,P3,3.2,4.0,>,meetings/quarter
59007,E2E Full Test Corporation 1769042316 - Regional Office,2024-09-27,P3-KPI6,Executive Engagement,P3,3.11,4.0,>,meetings/quarter
59007,E2E Full Test Corporation 1769042316 - Regional Office,2024-10-27,P3-KPI6,Executive Engagement,P3,2.97,4.0,>,meetings/quarter
59007,E2E Full Test Corporation 1769042316 - Regional Office,2024-11-26,P3-KPI6,Executive Engagement,P3,2.98,4.0,>,meetings/quarter
59007,E2E Full Test Corporation 1769042316 - Regional Office,2024-01-01,P3-KPI7,Response Time SLA,P3,72.24,30.0,<,minutes
59007,E2E Full Test Corporation 1769042316 - Regional Office,2024-01-31,P3-KPI7,Response Time SLA,P3,71.95,30.0,<,minutes
59007,E2E Full Test Corporation 1769042316 - Regional Office,2024-03-01,P3-KPI7,Response Time SLA,P3,67.3,30.0,<,minutes
59007,E2E Full Test Corporation 1769042316 - Regional Office,2024-03-31,P3-KPI7,Response Time SLA,P3,72.98,30.0,<,minutes
59007,E2E Full Test Corporation 1769042316 - Regional Office,2024-04-30,P3-KPI7,Response Time SLA,P3,72.46,30.0,<,minutes
59007,E2E Full Test Corporation 1769042316 - Regional Office,2024-05-30,P3-KPI7,Response Time SLA,P3,73.24,30.0,<,minutes
59007,E2E Full Test Corporation 1769042316 - Regional Office,2024-06-29,P3-KPI7,Response Time SLA,P3,68.91,30.0,<,minutes
59007,E2E Full Test Corporation 1769042316 - Regional Office,2024-07-29,P3-KPI7,Response Time SLA,P3,67.77,30.0,<,minutes
59007,E2E Full Test Corporation 1769042316 - Regional Office,2024-08-28,P3-KPI7,Response Time SLA,P3,71.86,30.0,<,minutes
59007,E2E Full Test Corporation 1769042316 - Regional Office,2024-09-27,P3-KPI7,Response Time SLA,P3,70.26,30.0,<,minutes
59007,E2E Full Test Corporation 1769042316 - Regional Office,2024-10-27,P3-KPI7,Response Time SLA,P3,67.73,30.0,<,minutes
59007,E2E Full Test Corporation 1769042316 - Regional Office,2024-11-26,P3-KPI7,Response Time SLA,P3,71.54,30.0,<,minutes
59007,E2E Full Test Corporation 1769042316 - Regional Office,2024-01-01,P4-KPI1,ROI Achievement,P4,123.09,150.0,>,%
59007,E2E Full Test Corporation 1769042316 - Regional Office,2024-01-31,P4-KPI1,ROI Achievement,P4,130.74,150.0,>,%
59007,E2E Full Test Corporation 1769042316 - Regional Office,2024-03-01,P4-KPI1,ROI Achievement,P4,127.98,150.0,>,%
59007,E2E Full Test Corporation 1769042316 - Regional Office,2024-03-31,P4-KPI1,ROI Achievement,P4,121.59,150.0,>,%
59007,E2E Full Test Corporation 1769042316 - Regional Office,2024-04-30,P4-KPI1,ROI Achievement,P4,124.04,150.0,>,%
59007,E2E Full Test Corporation 1769042316 - Regional Office,2024-05-30,P4-KPI1,ROI Achievement,P4,125.53,150.0,>,%
59007,E2E Full Test Corporation 1769042316 - Regional Office,2024-06-29,P4-KPI1,ROI Achievement,P4,132.37,150.0,>,%
59007,E2E Full Test Corporation 1769042316 - Regional Office,2024-07-29,P4-KPI1,ROI Achievement,P4,122.3,150.0,>,%
59007,E2E Full Test Corporation 1769042316 - Regional Office,2024-08-28,P4-KPI1,ROI Achievement,P4,126.13,150.0,>,%
59007,E2E Full Test Corporation 1769042316 - Regional Office,2024-09-27,P4-KPI1,ROI Achievement,P4,133.68,150.0,>,%
59007,E2E Full Test Corporation 1769042316 - Regional Office,2024-10-27,P4-KPI1,ROI Achievement,P4,133.84,150.0,>,%
59007,E2E Full Test Corporation 1769042316 - Regional Office,2024-11-26,P4-KPI1,ROI Achievement,P4,124.06,150.0,>,%
59007,E2E Full Test Corporation 1769042316 - Regional Office,2024-01-01,P4-KPI2,Cost Reduction,P4,10.8,20.0,>,%
59007,E2E Full Test Corporation 1769042316 - Regional Office,2024-01-31,P4-KPI2,Cost Reduction,P4,10.68,20.0,>,%
59007,E2E Full Test Corporation 1769042316 - Regional Office,2024-03-01,P4-KPI2,Cost Reduction,P4,10.49,20.0,>,%
59007,E2E Full Test Corporation 1769042316 - Regional Office,2024-03-31,P4-KPI2,Cost Reduction,P4,11.29,20.0,>,%
59007,E2E Full Test Corporation 1769042316 - Regional Office,2024-04-30,P4-KPI2,Cost Reduction,P4,11.41,20.0,>,%
59007,E2E Full Test Corporation 1769042316 - Regional Office,2024-05-30,P4-KPI2,Cost Reduction,P4,10.45,20.0,>,%
59007,E2E Full Test Corporation 1769042316 - Regional Office,2024-06-29,P4-KPI2,Cost Reduction,P4,10.86,20.0,>,%
59007,E2E Full Test Corporation 1769042316 - Regional Office,2024-07-29,P4-KPI2,Cost Reduction,P4,11.12,20.0,>,%
59007,E2E Full Test Corporation 1769042316 - Regional Office,2024-08-28,P4-KPI2,Cost Reduction,P4,11.02,20.0,>,%
59007,E2E Full Test Corporation 1769042316 - Regional Office,2024-09-27,P4-KPI2,Cost Reduction,P4,10.97,20.0,>,%
59007,E2E Full Test Corporation 1769042316 - Regional Office,2024-10-27,P4-KPI2,Cost Reduction,P4,10.89,20.0,>,%
59007,E2E Full Test Corporation 1769042316 - Regional Office,2024-11-26,P4-KPI2,Cost Reduction,P4,11.13,20.0,>,%
59007,E2E Full Test Corporation 1769042316 - Regional Office,2024-01-01,P4-KPI3,Time to Value,P4,130.17,90.0,<,days
59007,E2E Full Test Corporation 1769042316 - Regional Office,2024-01-31,P4-KPI3,Time to Value,P4,128.92,90.0,<,days
59007,E2E Full Test Corporation 1769042316 - Regional Office,2024-03-01,P4-KPI3,Time to Value,P4,125.68,90.0,<,days
59007,E2E Full Test Corporation 1769042316 - Regional Office,2024-03-31,P4-KPI3,Time to Value,P4,126.04,90.0,<,days
59007,E2E Full Test Corporation 1769042316 - Regional Office,2024-04-30,P4-KPI3,Time to Value,P4,134.44,90.0,<,days
59007,E2E Full Test Corporation 1769042316 - Regional Office,2024-05-30,P4-KPI3,Time to Value,P4,130.13,90.0,<,days
59007,E2E Full Test Corporation 1769042316 - Regional Office,2024-06-29,P4-KPI3,Time to Value,P4,128.13,90.0,<,days
59007,E2E Full Test Corporation 1769042316 - Regional Office,2024-07-29,P4-KPI3,Time to Value,P4,136.62,90.0,<,days
59007,E2E Full Test Corporation 1769042316 - Regional Office,2024-08-28,P4-KPI3,Time to Value,P4,125.46,90.0,<,days
59007,E2E Full Test Corporation 1769042316 - Regional Office,2024-09-27,P4-KPI3,Time to Value,P4,132.05,90.0,<,days
59007,E2E Full Test Corporation 1769042316 - Regional Office,2024-10-27,P4-KPI3,Time to Value,P4,134.66,90.0,<,days
59007,E2E Full Test Corporation 1769042316 - Regional Office,2024-11-26,P4-KPI3,Time to Value,P4,135.99,90.0,<,days
59007,E2E Full Test Corporation 1769042316 - Regional Office,2024-01-01,P4-KPI4,Revenue Enablement,P4,3.2,5.0,>,$M
59007,E2E Full Test Corporation 1769042316 - Regional Office,2024-01-31,P4-KPI4,Revenue Enablement,P4,3.13,5.0,>,$M
59007,E2E Full Test Corporation 1769042316 - Regional Office,2024-03-01,P4-KPI4,Revenue Enablement,P4,3.2,5.0,>,$M
59007,E2E Full Test Corporation 1769042316 - Regional Office,2024-03-31,P4-KPI4,Revenue Enablement,P4,3.07,5.0,>,$M
59007,E2E Full Test Corporation 1769042316 - Regional Office,2024-04-30,P4-KPI4,Revenue Enablement,P4,3.19,5.0,>,$M
59007,E2E Full Test Corporation 1769042316 - Regional Office,2024-05-30,P4-KPI4,Revenue Enablement,P4,3.35,5.0,>,$M
59007,E2E Full Test Corporation 1769042316 - Regional Office,2024-06-29,P4-KPI4,Revenue Enablement,P4,3.18,5.0,>,$M
59007,E2E Full Test Corporation 1769042316 - Regional Office,2024-07-29,P4-KPI4,Revenue Enablement,P4,3.32,5.0,>,$M
59007,E2E Full Test Corporation 1769042316 - Regional Office,2024-08-28,P4-KPI4,Revenue Enablement,P4,3.08,5.0,>,$M
59007,E2E Full Test Corporation 1769042316 - Regional Office,2024-09-27,P4-KPI4,Revenue Enablement,P4,3.32,5.0,>,$M
59007,E2E Full Test Corporation 1769042316 - Regional Office,2024-10-27,P4-KPI4,Revenue Enablement,P4,3.07,5.0,>,$M
59007,E2E Full Test Corporation 1769042316 - Regional Office,2024-11-26,P4-KPI4,Revenue Enablement,P4,3.18,5.0,>,$M
59007,E2E Full Test Corporation 1769042316 - Regional Office,2024-01-01,P4-KPI5,Operational Efficiency,P4,76.77,85.0,>,%
59007,E2E Full Test Corporation 1769042316 - Regional Office,2024-01-31,P4-KPI5,Operational Efficiency,P4,75.26,85.0,>,%
59007,E2E Full Test Corporation 1769042316 - Regional Office,2024-03-01,P4-KPI5,Operational Efficiency,P4,74.51,85.0,>,%
59007,E2E Full Test Corporation 1769042316 - Regional Office,2024-03-31,P4-KPI5,Operational Efficiency,P4,76.92,85.0,>,%
59007,E2E Full Test Corporation 1769042316 - Regional Office,2024-04-30,P4-KPI5,Operational Efficiency,P4,72.44,85.0,>,%
59007,E2E Full Test Corporation 1769042316 - Regional Office,2024-05-30,P4-KPI5,Operational Efficiency,P4,72.48,85.0,>,%
59007,E2E Full Test Corporation 1769042316 - Regional Office,2024-06-29,P4-KPI5,Operational Efficiency,P4,75.94,85.0,>,%
59007,E2E Full Test Corporation 1769042316 - Regional Office,2024-07-29,P4-KPI5,Operational Efficiency,P4,71.71,85.0,>,%
59007,E2E Full Test Corporation 1769042316 - Regional Office,2024-08-28,P4-KPI5,Operational Efficiency,P4,71.23,85.0,>,%
59007,E2E Full Test Corporation 1769042316 - Regional Office,2024-09-27,P4-KPI5,Operational Efficiency,P4,71.47,85.0,>,%
59007,E2E Full Test Corporation 1769042316 - Regional Office,2024-10-27,P4-KPI5,Operational Efficiency,P4,76.23,85.0,>,%
59007,E2E Full Test Corporation 1769042316 - Regional Office,2024-11-26,P4-KPI5,Operational Efficiency,P4,72.27,85.0,>,%
59007,E2E Full Test Corporation 1769042316 - Regional Office,2024-01-01,P4-KPI6,Innovation Projects,P4,2.14,3.0,>,count
59007,E2E Full Test Corporation 1769042316 - Regional Office,2024-01-31,P4-KPI6,Innovation Projects,P4,2.2,3.0,>,count
59007,E2E Full Test Corporation 1769042316 - Regional Office,2024-03-01,P4-KPI6,Innovation Projects,P4,2.18,3.0,>,count
59007,E2E Full Test Corporation 1769042316 - Regional Office,2024-03-31,P4-KPI6,Innovation Projects,P4,2.13,3.0,>,count
59007,E2E Full Test Corporation 1769042316 - Regional Office,2024-04-30,P4-KPI6,Innovation Projects,P4,2.07,3.0,>,count
59007,E2E Full Test Corporation 1769042316 - Regional Office,2024-05-30,P4-KPI6,Innovation Projects,P4,2.08,3.0,>,count
59007,E2E Full Test Corporation 1769042316 - Regional Office,2024-06-29,P4-KPI6,Innovation Projects,P4,2.14,3.0,>,count
59007,E2E Full Test Corporation 1769042316 - Regional Office,2024-07-29,P4-KPI6,Innovation Projects,P4,2.13,3.0,>,count
59007,E2E Full Test Corporation 1769042316 - Regional Office,2024-08-28,P4-KPI6,Innovation Projects,P4,2.18,3.0,>,count
59007,E2E Full Test Corporation 1769042316 - Regional Office,2024-09-27,P4-KPI6,Innovation Projects,P4,2.2,3.0,>,count
59007,E2E Full Test Corporation 1769042316 - Regional Office,2024-10-27,P4-KPI6,Innovation Projects,P4,2.01,3.0,>,count
59007,E2E Full Test Corporation 1769042316 - Regional Office,2024-11-26,P4-KPI6,Innovation Projects,P4,2.19,3.0,>,count
59007,E2E Full Test Corporation 1769042316 - Regional Office,2024-01-01,P4-KPI7,Business Case Validation,P4,83.96,90.0,>,%
59007,E2E Full Test Corporation 1769042316 - Regional Office,2024-01-31,P4-KPI7,Business Case Validation,P4,82.21,90.0,>,%
59007,E2E Full Test Corporation 1769042316 - Regional Office,2024-03-01,P4-KPI7,Business Case Validation,P4,84.95,90.0,>,%
59007,E2E Full Test Corporation 1769042316 - Regional Office,2024-03-31,P4-KPI7,Business Case Validation,P4,80.24,90.0,>,%
59007,E2E Full Test Corporation 1769042316 - Regional Office,2024-04-30,P4-KPI7,Business Case Validation,P4,78.88,90.0,>,%
59007,E2E Full Test Corporation 1769042316 - Regional Office,2024-05-30,P4-KPI7,Business Case Validation,P4,83.47,90.0,>,%
59007,E2E Full Test Corporation 1769042316 - Regional Office,2024-06-29,P4-KPI7,Business Case Validation,P4,79.71,90.0,>,%
59007,E2E Full Test Corporation 1769042316 - Regional Office,2024-07-29,P4-KPI7,Business Case Validation,P4,82.27,90.0,>,%
59007,E2E Full Test Corporation 1769042316 - Regional Office,2024-08-28,P4-KPI7,Business Case Validation,P4,84.42,90.0,>,%
59007,E2E Full Test Corporation 1769042316 - Regional Office,2024-09-27,P4-KPI7,Business Case Validation,P4,77.56,90.0,>,%
59007,E2E Full Test Corporation 1769042316 - Regional Office,2024-10-27,P4-KPI7,Business Case Validation,P4,83.63,90.0,>,%
59007,E2E Full Test Corporation 1769042316 - Regional Office,2024-11-26,P4-KPI7,Business Case Validation,P4,77.69,90.0,>,%
59007,E2E Full Test Corporation 1769042316 - Regional Office,2024-01-01,P5-KPI1,Executive Sponsorship,P5,3.81,4.5,>,score
59007,E2E Full Test Corporation 1769042316 - Regional Office,2024-01-31,P5-KPI1,Executive Sponsorship,P5,3.72,4.5,>,score
59007,E2E Full Test Corporation 1769042316 - Regional Office,2024-03-01,P5-KPI1,Executive Sponsorship,P5,4.0,4.5,>,score
59007,E2E Full Test Corporation 1769042316 - Regional Office,2024-03-31,P5-KPI1,Executive Sponsorship,P5,3.95,4.5,>,score
59007,E2E Full Test Corporation 1769042316 - Regional Office,2024-04-30,P5-KPI1,Executive Sponsorship,P5,4.0,4.5,>,score
59007,E2E Full Test Corporation 1769042316 - Regional Office,2024-05-30,P5-KPI1,Executive Sponsorship,P5,3.76,4.5,>,score
59007,E2E Full Test Corporation 1769042316 - Regional Office,2024-06-29,P5-KPI1,Executive Sponsorship,P5,3.69,4.5,>,score
59007,E2E Full Test Corporation 1769042316 - Regional Office,2024-07-29,P5-KPI1,Executive Sponsorship,P5,3.9,4.5,>,score
59007,E2E Full Test Corporation 1769042316 - Regional Office,2024-08-28,P5-KPI1,Executive Sponsorship,P5,4.0,4.5,>,score
59007,E2E Full Test Corporation 1769042316 - Regional Office,2024-09-27,P5-KPI1,Executive Sponsorship,P5,3.96,4.5,>,score
59007,E2E Full Test Corporation 1769042316 - Regional Office,2024-10-27,P5-KPI1,Executive Sponsorship,P5,3.65,4.5,>,score
59007,E2E Full Test Corporation 1769042316 - Regional Office,2024-11-26,P5-KPI1,Executive Sponsorship,P5,4.0,4.5,>,score
59007,E2E Full Test Corporation 1769042316 - Regional Office,2024-01-01,P5-KPI2,Renewal Likelihood,P5,87.27,95.0,>,%
59007,E2E Full Test Corporation 1769042316 - Regional Office,2024-01-31,P5-KPI2,Renewal Likelihood,P5,84.73,95.0,>,%
59007,E2E Full Test Corporation 1769042316 - Regional Office,2024-03-01,P5-KPI2,Renewal Likelihood,P5,81.93,95.0,>,%
59007,E2E Full Test Corporation 1769042316 - Regional Office,2024-03-31,P5-KPI2,Renewal Likelihood,P5,82.73,95.0,>,%
59007,E2E Full Test Corporation 1769042316 - Regional Office,2024-04-30,P5-KPI2,Renewal Likelihood,P5,87.82,95.0,>,%
59007,E2E Full Test Corporation 1769042316 - Regional Office,2024-05-30,P5-KPI2,Renewal Likelihood,P5,81.15,95.0,>,%
59007,E2E Full Test Corporation 1769042316 - Regional Office,2024-06-29,P5-KPI2,Renewal Likelihood,P5,84.92,95.0,>,%
59007,E2E Full Test Corporation 1769042316 - Regional Office,2024-07-29,P5-KPI2,Renewal Likelihood,P5,87.57,95.0,>,%
59007,E2E Full Test Corporation 1769042316 - Regional Office,2024-08-28,P5-KPI2,Renewal Likelihood,P5,82.91,95.0,>,%
59007,E2E Full Test Corporation 1769042316 - Regional Office,2024-09-27,P5-KPI2,Renewal Likelihood,P5,86.53,95.0,>,%
59007,E2E Full Test Corporation 1769042316 - Regional Office,2024-10-27,P5-KPI2,Renewal Likelihood,P5,83.87,95.0,>,%
59007,E2E Full Test Corporation 1769042316 - Regional Office,2024-11-26,P5-KPI2,Renewal Likelihood,P5,80.41,95.0,>,%
59007,E2E Full Test Corporation 1769042316 - Regional Office,2024-01-01,P5-KPI3,Expansion Pipeline,P5,1.37,2.0,>,$M
59007,E2E Full Test Corporation 1769042316 - Regional Office,2024-01-31,P5-KPI3,Expansion Pipeline,P5,1.32,2.0,>,$M
59007,E2E Full Test Corporation 1769042316 - Regional Office,2024-03-01,P5-KPI3,Expansion Pipeline,P5,1.37,2.0,>,$M
59007,E2E Full Test Corporation 1769042316 - Regional Office,2024-03-31,P5-KPI3,Expansion Pipeline,P5,1.3,2.0,>,$M
59007,E2E Full Test Corporation 1769042316 - Regional Office,2024-04-30,P5-KPI3,Expansion Pipeline,P5,1.32,2.0,>,$M
59007,E2E Full Test Corporation 1769042316 - Regional Office,2024-05-30,P5-KPI3,Expansion Pipeline,P5,1.26,2.0,>,$M
59007,E2E Full Test Corporation 1769042316 - Regional Office,2024-06-29,P5-KPI3,Expansion Pipeline,P5,1.37,2.0,>,$M
59007,E2E Full Test Corporation 1769042316 - Regional Office,2024-07-29,P5-KPI3,Expansion Pipeline,P5,1.28,2.0,>,$M
59007,E2E Full Test Corporation 1769042316 - Regional Office,2024-08-28,P5-KPI3,Expansion Pipeline,P5,1.33,2.0,>,$M
59007,E2E Full Test Corporation 1769042316 - Regional Office,2024-09-27,P5-KPI3,Expansion Pipeline,P5,1.29,2.0,>,$M
59007,E2E Full Test Corporation 1769042316 - Regional Office,2024-10-27,P5-KPI3,Expansion Pipeline,P5,1.29,2.0,>,$M
59007,E2E Full Test Corporation 1769042316 - Regional Office,2024-11-26,P5-KPI3,Expansion Pipeline,P5,1.34,2.0,>,$M
59007,E2E Full Test Corporation 1769042316 - Regional Office,2024-01-01,P5-KPI4,Reference Willingness,P5,3.0,4.0,>,score
59007,E2E Full Test Corporation 1769042316 - Regional Office,2024-01-31,P5-KPI4,Reference Willingness,P5,3.17,4.0,>,score
59007,E2E Full Test Corporation 1769042316 - Regional Office,2024-03-01,P5-KPI4,Reference Willingness,P5,3.06,4.0,>,score
59007,E2E Full Test Corporation 1769042316 - Regional Office,2024-03-31,P5-KPI4,Reference Willingness,P5,3.05,4.0,>,score
59007,E2E Full Test Corporation 1769042316 - Regional Office,2024-04-30,P5-KPI4,Reference Willingness,P5,2.96,4.0,>,score
59007,E2E Full Test Corporation 1769042316 - Regional Office,2024-05-30,P5-KPI4,Reference Willingness,P5,3.15,4.0,>,score
59007,E2E Full Test Corporation 1769042316 - Regional Office,2024-06-29,P5-KPI4,Reference Willingness,P5,3.09,4.0,>,score
59007,E2E Full Test Corporation 1769042316 - Regional Office,2024-07-29,P5-KPI4,Reference Willingness,P5,3.23,4.0,>,score
59007,E2E Full Test Corporation 1769042316 - Regional Office,2024-08-28,P5-KPI4,Reference Willingness,P5,3.2,4.0,>,score
59007,E2E Full Test Corporation 1769042316 - Regional Office,2024-09-27,P5-KPI4,Reference Willingness,P5,3.05,4.0,>,score
59007,E2E Full Test Corporation 1769042316 - Regional Office,2024-10-27,P5-KPI4,Reference Willingness,P5,3.2,4.0,>,score
59007,E2E Full Test Corporation 1769042316 - Regional Office,2024-11-26,P5-KPI4,Reference Willingness,P5,3.18,4.0,>,score
59007,E2E Full Test Corporation 1769042316 - Regional Office,2024-01-01,P5-KPI5,Strategic Alignment,P5,73.85,85.0,>,score
59007,E2E Full Test Corporation 1769042316 - Regional Office,2024-01-31,P5-KPI5,Strategic Alignment,P5,75.74,85.0,>,score
59007,E2E Full Test Corporation 1769042316 - Regional Office,2024-03-01,P5-KPI5,Strategic Alignment,P5,75.15,85.0,>,score
59007,E2E Full Test Corporation 1769042316 - Regional Office,2024-03-31,P5-KPI5,Strategic Alignment,P5,77.1,85.0,>,score
59007,E2E Full Test Corporation 1769042316 - Regional Office,2024-04-30,P5-KPI5,Strategic Alignment,P5,72.04,85.0,>,score
59007,E2E Full Test Corporation 1769042316 - Regional Office,2024-05-30,P5-KPI5,Strategic Alignment,P5,74.17,85.0,>,score
59007,E2E Full Test Corporation 1769042316 - Regional Office,2024-06-29,P5-KPI5,Strategic Alignment,P5,73.62,85.0,>,score
59007,E2E Full Test Corporation 1769042316 - Regional Office,2024-07-29,P5-KPI5,Strategic Alignment,P5,75.65,85.0,>,score
59007,E2E Full Test Corporation 1769042316 - Regional Office,2024-08-28,P5-KPI5,Strategic Alignment,P5,75.95,85.0,>,score
59007,E2E Full Test Corporation 1769042316 - Regional Office,2024-09-27,P5-KPI5,Strategic Alignment,P5,70.57,85.0,>,score
59007,E2E Full Test Corporation 1769042316 - Regional Office,2024-10-27,P5-KPI5,Strategic Alignment,P5,74.42,85.0,>,score
59007,E2E Full Test Corporation 1769042316 - Regional Office,2024-11-26,P5-KPI5,Strategic Alignment,P5,75.47,85.0,>,score
59007,E2E Full Test Corporation 1769042316 - Regional Office,2024-01-01,P5-KPI6,Partnership Depth,P5,65.78,80.0,>,score
59007,E2E Full Test Corporation 1769042316 - Regional Office,2024-01-31,P5-KPI6,Partnership Depth,P5,68.42,80.0,>,score
59007,E2E Full Test Corporation 1769042316 - Regional Office,2024-03-01,P5-KPI6,Partnership Depth,P5,68.49,80.0,>,score
59007,E2E Full Test Corporation 1769042316 - Regional Office,2024-03-31,P5-KPI6,Partnership Depth,P5,66.95,80.0,>,score
59007,E2E Full Test Corporation 1769042316 - Regional Office,2024-04-30,P5-KPI6,Partnership Depth,P5,69.31,80.0,>,score
59007,E2E Full Test Corporation 1769042316 - Regional Office,2024-05-30,P5-KPI6,Partnership Depth,P5,68.42,80.0,>,score
59007,E2E Full Test Corporation 1769042316 - Regional Office,2024-06-29,P5-KPI6,Partnership Depth,P5,64.6,80.0,>,score
59007,E2E Full Test Corporation 1769042316 - Regional Office,2024-07-29,P5-KPI6,Partnership Depth,P5,68.02,80.0,>,score
59007,E2E Full Test Corporation 1769042316 - Regional Office,2024-08-28,P5-KPI6,Partnership Depth,P5,67.69,80.0,>,score
59007,E2E Full Test Corporation 1769042316 - Regional Office,2024-09-27,P5-KPI6,Partnership Depth,P5,64.26,80.0,>,score
59007,E2E Full Test Corporation 1769042316 - Regional Office,2024-10-27,P5-KPI6,Partnership Depth,P5,68.27,80.0,>,score
59007,E2E Full Test Corporation 1769042316 - Regional Office,2024-11-26,P5-KPI6,Partnership Depth,P5,69.01,80.0,>,score
59007,E2E Full Test Corporation 1769042316 - Regional Office,2024-01-01,P5-KPI7,NPS Score,P5,55.01,70.0,>,score
59007,E2E Full Test Corporation 1769042316 - Regional Office,2024-01-31,P5-KPI7,NPS Score,P5,56.23,70.0,>,score
59007,E2E Full Test Corporation 1769042316 - Regional Office,2024-03-01,P5-KPI7,NPS Score,P5,56.0,70.0,>,score
59007,E2E Full Test Corporation 1769042316 - Regional Office,2024-03-31,P5-KPI7,NPS Score,P5,58.7,70.0,>,score
59007,E2E Full Test Corporation 1769042316 - Regional Office,2024-04-30,P5-KPI7,NPS Score,P5,57.08,70.0,>,score
59007,E2E Full Test Corporation 1769042316 - Regional Office,2024-05-30,P5-KPI7,NPS Score,P5,58.63,70.0,>,score
59007,E2E Full Test Corporation 1769042316 - Regional Office,2024-06-29,P5-KPI7,NPS Score,P5,57.07,70.0,>,score
59007,E2E Full Test Corporation 1769042316 - Regional Office,2024-07-29,P5-KPI7,NPS Score,P5,54.82,70.0,>,score
59007,E2E Full Test Corporation 1769042316 - Regional Office,2024-08-28,P5-KPI7,NPS Score,P5,54.81,70.0,>,score
59007,E2E Full Test Corporation 1769042316 - Regional Office,2024-09-27,P5-KPI7,NPS Score,P5,54.46,70.0,>,score
59007,E2E Full Test Corporation 1769042316 - Regional Office,2024-10-27,P5-KPI7,NPS Score,P5,57.98,70.0,>,score
59007,E2E Full Test Corporation 1769042316 - Regional Office,2024-11-26,P5-KPI7,NPS Score,P5,55.4,70.0,>,score
59008,E2E Full Test Corporation 1769042316 - Research Center,2024-01-01,P1-KPI1,System Uptime,P1,98.0,99.9,>,%
59008,E2E Full Test Corporation 1769042316 - Research Center,2024-01-31,P1-KPI1,System Uptime,P1,98.0,99.9,>,%
59008,E2E Full Test Corporation 1769042316 - Research Center,2024-03-01,P1-KPI1,System Uptime,P1,98.0,99.9,>,%
59008,E2E Full Test Corporation 1769042316 - Research Center,2024-03-31,P1-KPI1,System Uptime,P1,98.63,99.9,>,%
59008,E2E Full Test Corporation 1769042316 - Research Center,2024-04-30,P1-KPI1,System Uptime,P1,100.0,99.9,>,%
59008,E2E Full Test Corporation 1769042316 - Research Center,2024-05-30,P1-KPI1,System Uptime,P1,98.0,99.9,>,%
59008,E2E Full Test Corporation 1769042316 - Research Center,2024-06-29,P1-KPI1,System Uptime,P1,100.0,99.9,>,%
59008,E2E Full Test Corporation 1769042316 - Research Center,2024-07-29,P1-KPI1,System Uptime,P1,98.0,99.9,>,%
59008,E2E Full Test Corporation 1769042316 - Research Center,2024-08-28,P1-KPI1,System Uptime,P1,98.0,99.9,>,%
59008,E2E Full Test Corporation 1769042316 - Research Center,2024-09-27,P1-KPI1,System Uptime,P1,99.26,99.9,>,%
59008,E2E Full Test Corporation 1769042316 - Research Center,2024-10-27,P1-KPI1,System Uptime,P1,98.58,99.9,>,%
59008,E2E Full Test Corporation 1769042316 - Research Center,2024-11-26,P1-KPI1,System Uptime,P1,98.0,99.9,>,%
59008,E2E Full Test Corporation 1769042316 - Research Center,2024-01-01,P1-KPI2,Mean Time to Resolution,P1,4.79,2.0,<,hours
59008,E2E Full Test Corporation 1769042316 - Research Center,2024-01-31,P1-KPI2,Mean Time to Resolution,P1,4.49,2.0,<,hours
59008,E2E Full Test Corporation 1769042316 - Research Center,2024-03-01,P1-KPI2,Mean Time to Resolution,P1,4.79,2.0,<,hours
59008,E2E Full Test Corporation 1769042316 - Research Center,2024-03-31,P1-KPI2,Mean Time to Resolution,P1,4.69,2.0,<,hours
59008,E2E Full Test Corporation 1769042316 - Research Center,2024-04-30,P1-KPI2,Mean Time to Resolution,P1,4.78,2.0,<,hours
59008,E2E Full Test Corporation 1769042316 - Research Center,2024-05-30,P1-KPI2,Mean Time to Resolution,P1,4.75,2.0,<,hours
59008,E2E Full Test Corporation 1769042316 - Research Center,2024-06-29,P1-KPI2,Mean Time to Resolution,P1,3.78,2.0,<,hours
59008,E2E Full Test Corporation 1769042316 - Research Center,2024-07-29,P1-KPI2,Mean Time to Resolution,P1,3.81,2.0,<,hours
59008,E2E Full Test Corporation 1769042316 - Research Center,2024-08-28,P1-KPI2,Mean Time to Resolution,P1,3.8,2.0,<,hours
59008,E2E Full Test Corporation 1769042316 - Research Center,2024-09-27,P1-KPI2,Mean Time to Resolution,P1,3.64,2.0,<,hours
59008,E2E Full Test Corporation 1769042316 - Research Center,2024-10-27,P1-KPI2,Mean Time to Resolution,P1,3.62,2.0,<,hours
59008,E2E Full Test Corporation 1769042316 - Research Center,2024-11-26,P1-KPI2,Mean Time to Resolution,P1,3.74,2.0,<,hours
59008,E2E Full Test Corporation 1769042316 - Research Center,2024-01-01,P1-KPI3,GPU Utilization,P1,71.85,85.0,>,%
59008,E2E Full Test Corporation 1769042316 - Research Center,2024-01-31,P1-KPI3,GPU Utilization,P1,76.16,85.0,>,%
59008,E2E Full Test Corporation 1769042316 - Research Center,2024-03-01,P1-KPI3,GPU Utilization,P1,76.66,85.0,>,%
59008,E2E Full Test Corporation 1769042316 - Research Center,2024-03-31,P1-KPI3,GPU Utilization,P1,76.52,85.0,>,%
59008,E2E Full Test Corporation 1769042316 - Research Center,2024-04-30,P1-KPI3,GPU Utilization,P1,71.45,85.0,>,%
59008,E2E Full Test Corporation 1769042316 - Research Center,2024-05-30,P1-KPI3,GPU Utilization,P1,74.79,85.0,>,%
59008,E2E Full Test Corporation 1769042316 - Research Center,2024-06-29,P1-KPI3,GPU Utilization,P1,75.84,85.0,>,%
59008,E2E Full Test Corporation 1769042316 - Research Center,2024-07-29,P1-KPI3,GPU Utilization,P1,75.51,85.0,>,%
59008,E2E Full Test Corporation 1769042316 - Research Center,2024-08-28,P1-KPI3,GPU Utilization,P1,80.37,85.0,>,%
59008,E2E Full Test Corporation 1769042316 - Research Center,2024-09-27,P1-KPI3,GPU Utilization,P1,77.59,85.0,>,%
59008,E2E Full Test Corporation 1769042316 - Research Center,2024-10-27,P1-KPI3,GPU Utilization,P1,79.97,85.0,>,%
59008,E2E Full Test Corporation 1769042316 - Research Center,2024-11-26,P1-KPI3,GPU Utilization,P1,76.06,85.0,>,%
59008,E2E Full Test Corporation 1769042316 - Research Center,2024-01-01,P1-KPI4,Network Latency,P1,29.19,10.0,<,ms
59008,E2E Full Test Corporation 1769042316 - Research Center,2024-01-31,P1-KPI4,Network Latency,P1,27.34,10.0,<,ms
59008,E2E Full Test Corporation 1769042316 - Research Center,2024-03-01,P1-KPI4,Network Latency,P1,28.58,10.0,<,ms
59008,E2E Full Test Corporation 1769042316 - Research Center,2024-03-31,P1-KPI4,Network Latency,P1,28.51,10.0,<,ms
59008,E2E Full Test Corporation 1769042316 - Research Center,2024-04-30,P1-KPI4,Network Latency,P1,27.21,10.0,<,ms
59008,E2E Full Test Corporation 1769042316 - Research Center,2024-05-30,P1-KPI4,Network Latency,P1,26.84,10.0,<,ms
59008,E2E Full Test Corporation 1769042316 - Research Center,2024-06-29,P1-KPI4,Network Latency,P1,21.94,10.0,<,ms
59008,E2E Full Test Corporation 1769042316 - Research Center,2024-07-29,P1-KPI4,Network Latency,P1,22.53,10.0,<,ms
59008,E2E Full Test Corporation 1769042316 - Research Center,2024-08-28,P1-KPI4,Network Latency,P1,23.07,10.0,<,ms
59008,E2E Full Test Corporation 1769042316 - Research Center,2024-09-27,P1-KPI4,Network Latency,P1,22.85,10.0,<,ms
59008,E2E Full Test Corporation 1769042316 - Research Center,2024-10-27,P1-KPI4,Network Latency,P1,22.77,10.0,<,ms
59008,E2E Full Test Corporation 1769042316 - Research Center,2024-11-26,P1-KPI4,Network Latency,P1,22.47,10.0,<,ms
59008,E2E Full Test Corporation 1769042316 - Research Center,2024-01-01,P1-KPI5,Storage Performance,P1,74281.76,100000.0,>,IOPS
59008,E2E Full Test Corporation 1769042316 - Research Center,2024-01-31,P1-KPI5,Storage Performance,P1,76358.82,100000.0,>,IOPS
59008,E2E Full Test Corporation 1769042316 - Research Center,2024-03-01,P1-KPI5,Storage Performance,P1,74668.27,100000.0,>,IOPS
59008,E2E Full Test Corporation 1769042316 - Research Center,2024-03-31,P1-KPI5,Storage Performance,P1,80782.77,100000.0,>,IOPS
59008,E2E Full Test Corporation 1769042316 - Research Center,2024-04-30,P1-KPI5,Storage Performance,P1,74010.02,100000.0,>,IOPS
59008,E2E Full Test Corporation 1769042316 - Research Center,2024-05-30,P1-KPI5,Storage Performance,P1,78159.59,100000.0,>,IOPS
59008,E2E Full Test Corporation 1769042316 - Research Center,2024-06-29,P1-KPI5,Storage Performance,P1,82282.11,100000.0,>,IOPS
59008,E2E Full Test Corporation 1769042316 - Research Center,2024-07-29,P1-KPI5,Storage Performance,P1,87614.89,100000.0,>,IOPS
59008,E2E Full Test Corporation 1769042316 - Research Center,2024-08-28,P1-KPI5,Storage Performance,P1,85224.81,100000.0,>,IOPS
59008,E2E Full Test Corporation 1769042316 - Research Center,2024-09-27,P1-KPI5,Storage Performance,P1,80953.23,100000.0,>,IOPS
59008,E2E Full Test Corporation 1769042316 - Research Center,2024-10-27,P1-KPI5,Storage Performance,P1,84605.65,100000.0,>,IOPS
59008,E2E Full Test Corporation 1769042316 - Research Center,2024-11-26,P1-KPI5,Storage Performance,P1,84455.54,100000.0,>,IOPS
59008,E2E Full Test Corporation 1769042316 - Research Center,2024-01-01,P1-KPI6,Cooling Efficiency,P1,1.46,1.3,<,PUE
59008,E2E Full Test Corporation 1769042316 - Research Center,2024-01-31,P1-KPI6,Cooling Efficiency,P1,1.56,1.3,<,PUE
59008,E2E Full Test Corporation 1769042316 - Research Center,2024-03-01,P1-KPI6,Cooling Efficiency,P1,1.45,1.3,<,PUE
59008,E2E Full Test Corporation 1769042316 - Research Center,2024-03-31,P1-KPI6,Cooling Efficiency,P1,1.58,1.3,<,PUE
59008,E2E Full Test Corporation 1769042316 - Research Center,2024-04-30,P1-KPI6,Cooling Efficiency,P1,1.5,1.3,<,PUE
59008,E2E Full Test Corporation 1769042316 - Research Center,2024-05-30,P1-KPI6,Cooling Efficiency,P1,1.52,1.3,<,PUE
59008,E2E Full Test Corporation 1769042316 - Research Center,2024-06-29,P1-KPI6,Cooling Efficiency,P1,1.5,1.3,<,PUE
59008,E2E Full Test Corporation 1769042316 - Research Center,2024-07-29,P1-KPI6,Cooling Efficiency,P1,1.41,1.3,<,PUE
59008,E2E Full Test Corporation 1769042316 - Research Center,2024-08-28,P1-KPI6,Cooling Efficiency,P1,1.51,1.3,<,PUE
59008,E2E Full Test Corporation 1769042316 - Research Center,2024-09-27,P1-KPI6,Cooling Efficiency,P1,1.42,1.3,<,PUE
59008,E2E Full Test Corporation 1769042316 - Research Center,2024-10-27,P1-KPI6,Cooling Efficiency,P1,1.49,1.3,<,PUE
59008,E2E Full Test Corporation 1769042316 - Research Center,2024-11-26,P1-KPI6,Cooling Efficiency,P1,1.51,1.3,<,PUE
59008,E2E Full Test Corporation 1769042316 - Research Center,2024-01-01,P1-KPI7,Power Usage,P1,625.53,500.0,<,kW
59008,E2E Full Test Corporation 1769042316 - Research Center,2024-01-31,P1-KPI7,Power Usage,P1,615.4,500.0,<,kW
59008,E2E Full Test Corporation 1769042316 - Research Center,2024-03-01,P1-KPI7,Power Usage,P1,639.33,500.0,<,kW
59008,E2E Full Test Corporation 1769042316 - Research Center,2024-03-31,P1-KPI7,Power Usage,P1,649.29,500.0,<,kW
59008,E2E Full Test Corporation 1769042316 - Research Center,2024-04-30,P1-KPI7,Power Usage,P1,603.4,500.0,<,kW
59008,E2E Full Test Corporation 1769042316 - Research Center,2024-05-30,P1-KPI7,Power Usage,P1,641.78,500.0,<,kW
59008,E2E Full Test Corporation 1769042316 - Research Center,2024-06-29,P1-KPI7,Power Usage,P1,577.42,500.0,<,kW
59008,E2E Full Test Corporation 1769042316 - Research Center,2024-07-29,P1-KPI7,Power Usage,P1,590.92,500.0,<,kW
59008,E2E Full Test Corporation 1769042316 - Research Center,2024-08-28,P1-KPI7,Power Usage,P1,602.58,500.0,<,kW
59008,E2E Full Test Corporation 1769042316 - Research Center,2024-09-27,P1-KPI7,Power Usage,P1,568.91,500.0,<,kW
59008,E2E Full Test Corporation 1769042316 - Research Center,2024-10-27,P1-KPI7,Power Usage,P1,593.82,500.0,<,kW
59008,E2E Full Test Corporation 1769042316 - Research Center,2024-11-26,P1-KPI7,Power Usage,P1,603.09,500.0,<,kW
59008,E2E Full Test Corporation 1769042316 - Research Center,2024-01-01,P1-KPI8,Thermal Management,P1,28.6,25.0,<,°C
59008,E2E Full Test Corporation 1769042316 - Research Center,2024-01-31,P1-KPI8,Thermal Management,P1,30.27,25.0,<,°C
59008,E2E Full Test Corporation 1769042316 - Research Center,2024-03-01,P1-KPI8,Thermal Management,P1,30.05,25.0,<,°C
59008,E2E Full Test Corporation 1769042316 - Research Center,2024-03-31,P1-KPI8,Thermal Management,P1,28.41,25.0,<,°C
59008,E2E Full Test Corporation 1769042316 - Research Center,2024-04-30,P1-KPI8,Thermal Management,P1,30.08,25.0,<,°C
59008,E2E Full Test Corporation 1769042316 - Research Center,2024-05-30,P1-KPI8,Thermal Management,P1,30.72,25.0,<,°C
59008,E2E Full Test Corporation 1769042316 - Research Center,2024-06-29,P1-KPI8,Thermal Management,P1,28.48,25.0,<,°C
59008,E2E Full Test Corporation 1769042316 - Research Center,2024-07-29,P1-KPI8,Thermal Management,P1,27.08,25.0,<,°C
59008,E2E Full Test Corporation 1769042316 - Research Center,2024-08-28,P1-KPI8,Thermal Management,P1,27.49,25.0,<,°C
59008,E2E Full Test Corporation 1769042316 - Research Center,2024-09-27,P1-KPI8,Thermal Management,P1,27.5,25.0,<,°C
59008,E2E Full Test Corporation 1769042316 - Research Center,2024-10-27,P1-KPI8,Thermal Management,P1,27.43,25.0,<,°C
59008,E2E Full Test Corporation 1769042316 - Research Center,2024-11-26,P1-KPI8,Thermal Management,P1,27.05,25.0,<,°C
59008,E2E Full Test Corporation 1769042316 - Research Center,2024-01-01,P2-KPI1,SLA Compliance,P2,95.0,99.0,>,%
59008,E2E Full Test Corporation 1769042316 - Research Center,2024-01-31,P2-KPI1,SLA Compliance,P2,100.0,99.0,>,%
59008,E2E Full Test Corporation 1769042316 - Research Center,2024-03-01,P2-KPI1,SLA Compliance,P2,100.0,99.0,>,%
59008,E2E Full Test Corporation 1769042316 - Research Center,2024-03-31,P2-KPI1,SLA Compliance,P2,95.0,99.0,>,%
59008,E2E Full Test Corporation 1769042316 - Research Center,2024-04-30,P2-KPI1,SLA Compliance,P2,97.75,99.0,>,%
59008,E2E Full Test Corporation 1769042316 - Research Center,2024-05-30,P2-KPI1,SLA Compliance,P2,100.0,99.0,>,%
59008,E2E Full Test Corporation 1769042316 - Research Center,2024-06-29,P2-KPI1,SLA Compliance,P2,99.74,99.0,>,%
59008,E2E Full Test Corporation 1769042316 - Research Center,2024-07-29,P2-KPI1,SLA Compliance,P2,100.0,99.0,>,%
59008,E2E Full Test Corporation 1769042316 - Research Center,2024-08-28,P2-KPI1,SLA Compliance,P2,95.0,99.0,>,%
59008,E2E Full Test Corporation 1769042316 - Research Center,2024-09-27,P2-KPI1,SLA Compliance,P2,100.0,99.0,>,%
59008,E2E Full Test Corporation 1769042316 - Research Center,2024-10-27,P2-KPI1,SLA Compliance,P2,95.0,99.0,>,%
59008,E2E Full Test Corporation 1769042316 - Research Center,2024-11-26,P2-KPI1,SLA Compliance,P2,100.0,99.0,>,%
59008,E2E Full Test Corporation 1769042316 - Research Center,2024-01-01,P2-KPI2,Incident Response Time,P2,33.98,15.0,<,minutes
59008,E2E Full Test Corporation 1769042316 - Research Center,2024-01-31,P2-KPI2,Incident Response Time,P2,36.92,15.0,<,minutes
59008,E2E Full Test Corporation 1769042316 - Research Center,2024-03-01,P2-KPI2,Incident Response Time,P2,35.4,15.0,<,minutes
59008,E2E Full Test Corporation 1769042316 - Research Center,2024-03-31,P2-KPI2,Incident Response Time,P2,36.0,15.0,<,minutes
59008,E2E Full Test Corporation 1769042316 - Research Center,2024-04-30,P2-KPI2,Incident Response Time,P2,35.53,15.0,<,minutes
59008,E2E Full Test Corporation 1769042316 - Research Center,2024-05-30,P2-KPI2,Incident Response Time,P2,35.76,15.0,<,minutes
59008,E2E Full Test Corporation 1769042316 - Research Center,2024-06-29,P2-KPI2,Incident Response Time,P2,27.25,15.0,<,minutes
59008,E2E Full Test Corporation 1769042316 - Research Center,2024-07-29,P2-KPI2,Incident Response Time,P2,28.83,15.0,<,minutes
59008,E2E Full Test Corporation 1769042316 - Research Center,2024-08-28,P2-KPI2,Incident Response Time,P2,28.53,15.0,<,minutes
59008,E2E Full Test Corporation 1769042316 - Research Center,2024-09-27,P2-KPI2,Incident Response Time,P2,28.03,15.0,<,minutes
59008,E2E Full Test Corporation 1769042316 - Research Center,2024-10-27,P2-KPI2,Incident Response Time,P2,28.12,15.0,<,minutes
59008,E2E Full Test Corporation 1769042316 - Research Center,2024-11-26,P2-KPI2,Incident Response Time,P2,29.66,15.0,<,minutes
59008,E2E Full Test Corporation 1769042316 - Research Center,2024-01-01,P2-KPI3,Change Success Rate,P2,92.26,98.0,>,%
59008,E2E Full Test Corporation 1769042316 - Research Center,2024-01-31,P2-KPI3,Change Success Rate,P2,91.11,98.0,>,%
59008,E2E Full Test Corporation 1769042316 - Research Center,2024-03-01,P2-KPI3,Change Success Rate,P2,90.52,98.0,>,%
59008,E2E Full Test Corporation 1769042316 - Research Center,2024-03-31,P2-KPI3,Change Success Rate,P2,92.1,98.0,>,%
59008,E2E Full Test Corporation 1769042316 - Research Center,2024-04-30,P2-KPI3,Change Success Rate,P2,94.14,98.0,>,%
59008,E2E Full Test Corporation 1769042316 - Research Center,2024-05-30,P2-KPI3,Change Success Rate,P2,98.98,98.0,>,%
59008,E2E Full Test Corporation 1769042316 - Research Center,2024-06-29,P2-KPI3,Change Success Rate,P2,98.76,98.0,>,%
59008,E2E Full Test Corporation 1769042316 - Research Center,2024-07-29,P2-KPI3,Change Success Rate,P2,91.3,98.0,>,%
59008,E2E Full Test Corporation 1769042316 - Research Center,2024-08-28,P2-KPI3,Change Success Rate,P2,93.09,98.0,>,%
59008,E2E Full Test Corporation 1769042316 - Research Center,2024-09-27,P2-KPI3,Change Success Rate,P2,91.76,98.0,>,%
59008,E2E Full Test Corporation 1769042316 - Research Center,2024-10-27,P2-KPI3,Change Success Rate,P2,98.79,98.0,>,%
59008,E2E Full Test Corporation 1769042316 - Research Center,2024-11-26,P2-KPI3,Change Success Rate,P2,94.31,98.0,>,%
59008,E2E Full Test Corporation 1769042316 - Research Center,2024-01-01,P2-KPI4,Backup Success Rate,P2,99.2,100.0,>,%
59008,E2E Full Test Corporation 1769042316 - Research Center,2024-01-31,P2-KPI4,Backup Success Rate,P2,99.48,100.0,>,%
59008,E2E Full Test Corporation 1769042316 - Research Center,2024-03-01,P2-KPI4,Backup Success Rate,P2,100.0,100.0,>,%
59008,E2E Full Test Corporation 1769042316 - Research Center,2024-03-31,P2-KPI4,Backup Success Rate,P2,100.0,100.0,>,%
59008,E2E Full Test Corporation 1769042316 - Research Center,2024-04-30,P2-KPI4,Backup Success Rate,P2,96.72,100.0,>,%
59008,E2E Full Test Corporation 1769042316 - Research Center,2024-05-30,P2-KPI4,Backup Success Rate,P2,98.71,100.0,>,%
59008,E2E Full Test Corporation 1769042316 - Research Center,2024-06-29,P2-KPI4,Backup Success Rate,P2,100.0,100.0,>,%
59008,E2E Full Test Corporation 1769042316 - Research Center,2024-07-29,P2-KPI4,Backup Success Rate,P2,100.0,100.0,>,%
59008,E2E Full Test Corporation 1769042316 - Research Center,2024-08-28,P2-KPI4,Backup Success Rate,P2,96.85,100.0,>,%
59008,E2E Full Test Corporation 1769042316 - Research Center,2024-09-27,P2-KPI4,Backup Success Rate,P2,100.0,100.0,>,%
59008,E2E Full Test Corporation 1769042316 - Research Center,2024-10-27,P2-KPI4,Backup Success Rate,P2,99.74,100.0,>,%
59008,E2E Full Test Corporation 1769042316 - Research Center,2024-11-26,P2-KPI4,Backup Success Rate,P2,96.75,100.0,>,%
59008,E2E Full Test Corporation 1769042316 - Research Center,2024-01-01,P2-KPI5,Patch Compliance,P2,89.62,95.0,>,%
59008,E2E Full Test Corporation 1769042316 - Research Center,2024-01-31,P2-KPI5,Patch Compliance,P2,92.64,95.0,>,%
59008,E2E Full Test Corporation 1769042316 - Research Center,2024-03-01,P2-KPI5,Patch Compliance,P2,88.84,95.0,>,%
59008,E2E Full Test Corporation 1769042316 - Research Center,2024-03-31,P2-KPI5,Patch Compliance,P2,91.6,95.0,>,%
59008,E2E Full Test Corporation 1769042316 - Research Center,2024-04-30,P2-KPI5,Patch Compliance,P2,88.56,95.0,>,%
59008,E2E Full Test Corporation 1769042316 - Research Center,2024-05-30,P2-KPI5,Patch Compliance,P2,89.06,95.0,>,%
59008,E2E Full Test Corporation 1769042316 - Research Center,2024-06-29,P2-KPI5,Patch Compliance,P2,89.59,95.0,>,%
59008,E2E Full Test Corporation 1769042316 - Research Center,2024-07-29,P2-KPI5,Patch Compliance,P2,93.62,95.0,>,%
59008,E2E Full Test Corporation 1769042316 - Research Center,2024-08-28,P2-KPI5,Patch Compliance,P2,94.52,95.0,>,%
59008,E2E Full Test Corporation 1769042316 - Research Center,2024-09-27,P2-KPI5,Patch Compliance,P2,89.88,95.0,>,%
59008,E2E Full Test Corporation 1769042316 - Research Center,2024-10-27,P2-KPI5,Patch Compliance,P2,88.03,95.0,>,%
59008,E2E Full Test Corporation 1769042316 - Research Center,2024-11-26,P2-KPI5,Patch Compliance,P2,94.96,95.0,>,%
59008,E2E Full Test Corporation 1769042316 - Research Center,2024-01-01,P2-KPI6,Service Request Fulfillment,P2,6.41,3.0,<,days
59008,E2E Full Test Corporation 1769042316 - Research Center,2024-01-31,P2-KPI6,Service Request Fulfillment,P2,6.2,3.0,<,days
59008,E2E Full Test Corporation 1769042316 - Research Center,2024-03-01,P2-KPI6,Service Request Fulfillment,P2,6.0,3.0,<,days
59008,E2E Full Test Corporation 1769042316 - Research Center,2024-03-31,P2-KPI6,Service Request Fulfillment,P2,6.32,3.0,<,days
59008,E2E Full Test Corporation 1769042316 - Research Center,2024-04-30,P2-KPI6,Service Request Fulfillment,P2,5.86,3.0,<,days
59008,E2E Full Test Corporation 1769042316 - Research Center,2024-05-30,P2-KPI6,Service Request Fulfillment,P2,5.9,3.0,<,days
59008,E2E Full Test Corporation 1769042316 - Research Center,2024-06-29,P2-KPI6,Service Request Fulfillment,P2,5.17,3.0,<,days
59008,E2E Full Test Corporation 1769042316 - Research Center,2024-07-29,P2-KPI6,Service Request Fulfillment,P2,5.32,3.0,<,days
59008,E2E Full Test Corporation 1769042316 - Research Center,2024-08-28,P2-KPI6,Service Request Fulfillment,P2,4.92,3.0,<,days
59008,E2E Full Test Corporation 1769042316 - Research Center,2024-09-27,P2-KPI6,Service Request Fulfillment,P2,5.05,3.0,<,days
59008,E2E Full Test Corporation 1769042316 - Research Center,2024-10-27,P2-KPI6,Service Request Fulfillment,P2,5.19,3.0,<,days
59008,E2E Full Test Corporation 1769042316 - Research Center,2024-11-26,P2-KPI6,Service Request Fulfillment,P2,5.06,3.0,<,days
59008,E2E Full Test Corporation 1769042316 - Research Center,2024-01-01,P2-KPI7,Capacity Planning Accuracy,P2,78.79,90.0,>,%
59008,E2E Full Test Corporation 1769042316 - Research Center,2024-01-31,P2-KPI7,Capacity Planning Accuracy,P2,78.11,90.0,>,%
59008,E2E Full Test Corporation 1769042316 - Research Center,2024-03-01,P2-KPI7,Capacity Planning Accuracy,P2,77.38,90.0,>,%
59008,E2E Full Test Corporation 1769042316 - Research Center,2024-03-31,P2-KPI7,Capacity Planning Accuracy,P2,80.93,90.0,>,%
59008,E2E Full Test Corporation 1769042316 - Research Center,2024-04-30,P2-KPI7,Capacity Planning Accuracy,P2,84.64,90.0,>,%
59008,E2E Full Test Corporation 1769042316 - Research Center,2024-05-30,P2-KPI7,Capacity Planning Accuracy,P2,84.96,90.0,>,%
59008,E2E Full Test Corporation 1769042316 - Research Center,2024-06-29,P2-KPI7,Capacity Planning Accuracy,P2,83.6,90.0,>,%
59008,E2E Full Test Corporation 1769042316 - Research Center,2024-07-29,P2-KPI7,Capacity Planning Accuracy,P2,83.52,90.0,>,%
59008,E2E Full Test Corporation 1769042316 - Research Center,2024-08-28,P2-KPI7,Capacity Planning Accuracy,P2,85.67,90.0,>,%
59008,E2E Full Test Corporation 1769042316 - Research Center,2024-09-27,P2-KPI7,Capacity Planning Accuracy,P2,85.79,90.0,>,%
59008,E2E Full Test Corporation 1769042316 - Research Center,2024-10-27,P2-KPI7,Capacity Planning Accuracy,P2,86.43,90.0,>,%
59008,E2E Full Test Corporation 1769042316 - Research Center,2024-11-26,P2-KPI7,Capacity Planning Accuracy,P2,84.13,90.0,>,%
59008,E2E Full Test Corporation 1769042316 - Research Center,2024-01-01,P2-KPI8,Documentation Quality,P2,76.7,85.0,>,score
59008,E2E Full Test Corporation 1769042316 - Research Center,2024-01-31,P2-KPI8,Documentation Quality,P2,74.01,85.0,>,score
59008,E2E Full Test Corporation 1769042316 - Research Center,2024-03-01,P2-KPI8,Documentation Quality,P2,72.39,85.0,>,score
59008,E2E Full Test Corporation 1769042316 - Research Center,2024-03-31,P2-KPI8,Documentation Quality,P2,73.03,85.0,>,score
59008,E2E Full Test Corporation 1769042316 - Research Center,2024-04-30,P2-KPI8,Documentation Quality,P2,77.41,85.0,>,score
59008,E2E Full Test Corporation 1769042316 - Research Center,2024-05-30,P2-KPI8,Documentation Quality,P2,71.16,85.0,>,score
59008,E2E Full Test Corporation 1769042316 - Research Center,2024-06-29,P2-KPI8,Documentation Quality,P2,80.72,85.0,>,score
59008,E2E Full Test Corporation 1769042316 - Research Center,2024-07-29,P2-KPI8,Documentation Quality,P2,74.6,85.0,>,score
59008,E2E Full Test Corporation 1769042316 - Research Center,2024-08-28,P2-KPI8,Documentation Quality,P2,73.85,85.0,>,score
59008,E2E Full Test Corporation 1769042316 - Research Center,2024-09-27,P2-KPI8,Documentation Quality,P2,75.09,85.0,>,score
59008,E2E Full Test Corporation 1769042316 - Research Center,2024-10-27,P2-KPI8,Documentation Quality,P2,78.49,85.0,>,score
59008,E2E Full Test Corporation 1769042316 - Research Center,2024-11-26,P2-KPI8,Documentation Quality,P2,80.72,85.0,>,score
59008,E2E Full Test Corporation 1769042316 - Research Center,2024-01-01,P3-KPI1,CSAT Score,P3,3.79,4.5,>,score
59008,E2E Full Test Corporation 1769042316 - Research Center,2024-01-31,P3-KPI1,CSAT Score,P3,3.93,4.5,>,score
59008,E2E Full Test Corporation 1769042316 - Research Center,2024-03-01,P3-KPI1,CSAT Score,P3,3.68,4.5,>,score
59008,E2E Full Test Corporation 1769042316 - Research Center,2024-03-31,P3-KPI1,CSAT Score,P3,3.72,4.5,>,score
59008,E2E Full Test Corporation 1769042316 - Research Center,2024-04-30,P3-KPI1,CSAT Score,P3,3.84,4.5,>,score
59008,E2E Full Test Corporation 1769042316 - Research Center,2024-05-30,P3-KPI1,CSAT Score,P3,3.9,4.5,>,score
59008,E2E Full Test Corporation 1769042316 - Research Center,2024-06-29,P3-KPI1,CSAT Score,P3,4.23,4.5,>,score
59008,E2E Full Test Corporation 1769042316 - Research Center,2024-07-29,P3-KPI1,CSAT Score,P3,4.03,4.5,>,score
59008,E2E Full Test Corporation 1769042316 - Research Center,2024-08-28,P3-KPI1,CSAT Score,P3,3.86,4.5,>,score
59008,E2E Full Test Corporation 1769042316 - Research Center,2024-09-27,P3-KPI1,CSAT Score,P3,3.89,4.5,>,score
59008,E2E Full Test Corporation 1769042316 - Research Center,2024-10-27,P3-KPI1,CSAT Score,P3,4.11,4.5,>,score
59008,E2E Full Test Corporation 1769042316 - Research Center,2024-11-26,P3-KPI1,CSAT Score,P3,3.96,4.5,>,score
59008,E2E Full Test Corporation 1769042316 - Research Center,2024-01-01,P3-KPI2,Support Ticket Volume,P3,56.37,20.0,<,tickets
59008,E2E Full Test Corporation 1769042316 - Research Center,2024-01-31,P3-KPI2,Support Ticket Volume,P3,56.42,20.0,<,tickets
59008,E2E Full Test Corporation 1769042316 - Research Center,2024-03-01,P3-KPI2,Support Ticket Volume,P3,55.8,20.0,<,tickets
59008,E2E Full Test Corporation 1769042316 - Research Center,2024-03-31,P3-KPI2,Support Ticket Volume,P3,56.45,20.0,<,tickets
59008,E2E Full Test Corporation 1769042316 - Research Center,2024-04-30,P3-KPI2,Support Ticket Volume,P3,53.28,20.0,<,tickets
59008,E2E Full Test Corporation 1769042316 - Research Center,2024-05-30,P3-KPI2,Support Ticket Volume,P3,58.11,20.0,<,tickets
59008,E2E Full Test Corporation 1769042316 - Research Center,2024-06-29,P3-KPI2,Support Ticket Volume,P3,44.64,20.0,<,tickets
59008,E2E Full Test Corporation 1769042316 - Research Center,2024-07-29,P3-KPI2,Support Ticket Volume,P3,45.0,20.0,<,tickets
59008,E2E Full Test Corporation 1769042316 - Research Center,2024-08-28,P3-KPI2,Support Ticket Volume,P3,45.61,20.0,<,tickets
59008,E2E Full Test Corporation 1769042316 - Research Center,2024-09-27,P3-KPI2,Support Ticket Volume,P3,43.54,20.0,<,tickets
59008,E2E Full Test Corporation 1769042316 - Research Center,2024-10-27,P3-KPI2,Support Ticket Volume,P3,42.13,20.0,<,tickets
59008,E2E Full Test Corporation 1769042316 - Research Center,2024-11-26,P3-KPI2,Support Ticket Volume,P3,43.4,20.0,<,tickets
59008,E2E Full Test Corporation 1769042316 - Research Center,2024-01-01,P3-KPI3,First Contact Resolution,P3,61.21,75.0,>,%
59008,E2E Full Test Corporation 1769042316 - Research Center,2024-01-31,P3-KPI3,First Contact Resolution,P3,61.78,75.0,>,%
59008,E2E Full Test Corporation 1769042316 - Research Center,2024-03-01,P3-KPI3,First Contact Resolution,P3,63.28,75.0,>,%
59008,E2E Full Test Corporation 1769042316 - Research Center,2024-03-31,P3-KPI3,First Contact Resolution,P3,66.27,75.0,>,%
59008,E2E Full Test Corporation 1769042316 - Research Center,2024-04-30,P3-KPI3,First Contact Resolution,P3,61.09,75.0,>,%
59008,E2E Full Test Corporation 1769042316 - Research Center,2024-05-30,P3-KPI3,First Contact Resolution,P3,64.22,75.0,>,%
59008,E2E Full Test Corporation 1769042316 - Research Center,2024-06-29,P3-KPI3,First Contact Resolution,P3,64.57,75.0,>,%
59008,E2E Full Test Corporation 1769042316 - Research Center,2024-07-29,P3-KPI3,First Contact Resolution,P3,69.25,75.0,>,%
59008,E2E Full Test Corporation 1769042316 - Research Center,2024-08-28,P3-KPI3,First Contact Resolution,P3,68.5,75.0,>,%
59008,E2E Full Test Corporation 1769042316 - Research Center,2024-09-27,P3-KPI3,First Contact Resolution,P3,65.43,75.0,>,%
59008,E2E Full Test Corporation 1769042316 - Research Center,2024-10-27,P3-KPI3,First Contact Resolution,P3,68.52,75.0,>,%
59008,E2E Full Test Corporation 1769042316 - Research Center,2024-11-26,P3-KPI3,First Contact Resolution,P3,68.6,75.0,>,%
59008,E2E Full Test Corporation 1769042316 - Research Center,2024-01-01,P3-KPI4,Training Completion,P3,75.54,90.0,>,%
59008,E2E Full Test Corporation 1769042316 - Research Center,2024-01-31,P3-KPI4,Training Completion,P3,79.36,90.0,>,%
59008,E2E Full Test Corporation 1769042316 - Research Center,2024-03-01,P3-KPI4,Training Completion,P3,72.98,90.0,>,%
59008,E2E Full Test Corporation 1769042316 - Research Center,2024-03-31,P3-KPI4,Training Completion,P3,77.56,90.0,>,%
59008,E2E Full Test Corporation 1769042316 - Research Center,2024-04-30,P3-KPI4,Training Completion,P3,78.9,90.0,>,%
59008,E2E Full Test Corporation 1769042316 - Research Center,2024-05-30,P3-KPI4,Training Completion,P3,75.65,90.0,>,%
59008,E2E Full Test Corporation 1769042316 - Research Center,2024-06-29,P3-KPI4,Training Completion,P3,84.94,90.0,>,%
59008,E2E Full Test Corporation 1769042316 - Research Center,2024-07-29,P3-KPI4,Training Completion,P3,81.62,90.0,>,%
59008,E2E Full Test Corporation 1769042316 - Research Center,2024-08-28,P3-KPI4,Training Completion,P3,83.12,90.0,>,%
59008,E2E Full Test Corporation 1769042316 - Research Center,2024-09-27,P3-KPI4,Training Completion,P3,82.67,90.0,>,%
59008,E2E Full Test Corporation 1769042316 - Research Center,2024-10-27,P3-KPI4,Training Completion,P3,77.17,90.0,>,%
59008,E2E Full Test Corporation 1769042316 - Research Center,2024-11-26,P3-KPI4,Training Completion,P3,83.45,90.0,>,%
59008,E2E Full Test Corporation 1769042316 - Research Center,2024-01-01,P3-KPI5,User Adoption Rate,P3,69.4,80.0,>,%
59008,E2E Full Test Corporation 1769042316 - Research Center,2024-01-31,P3-KPI5,User Adoption Rate,P3,64.53,80.0,>,%
59008,E2E Full Test Corporation 1769042316 - Research Center,2024-03-01,P3-KPI5,User Adoption Rate,P3,68.19,80.0,>,%
59008,E2E Full Test Corporation 1769042316 - Research Center,2024-03-31,P3-KPI5,User Adoption Rate,P3,69.02,80.0,>,%
59008,E2E Full Test Corporation 1769042316 - Research Center,2024-04-30,P3-KPI5,User Adoption Rate,P3,65.76,80.0,>,%
59008,E2E Full Test Corporation 1769042316 - Research Center,2024-05-30,P3-KPI5,User Adoption Rate,P3,63.61,80.0,>,%
59008,E2E Full Test Corporation 1769042316 - Research Center,2024-06-29,P3-KPI5,User Adoption Rate,P3,68.26,80.0,>,%
59008,E2E Full Test Corporation 1769042316 - Research Center,2024-07-29,P3-KPI5,User Adoption Rate,P3,73.96,80.0,>,%
59008,E2E Full Test Corporation 1769042316 - Research Center,2024-08-28,P3-KPI5,User Adoption Rate,P3,67.45,80.0,>,%
59008,E2E Full Test Corporation 1769042316 - Research Center,2024-09-27,P3-KPI5,User Adoption Rate,P3,68.93,80.0,>,%
59008,E2E Full Test Corporation 1769042316 - Research Center,2024-10-27,P3-KPI5,User Adoption Rate,P3,73.25,80.0,>,%
59008,E2E Full Test Corporation 1769042316 - Research Center,2024-11-26,P3-KPI5,User Adoption Rate,P3,67.84,80.0,>,%
59008,E2E Full Test Corporation 1769042316 - Research Center,2024-01-01,P3-KPI6,Executive Engagement,P3,3.17,4.0,>,meetings/quarter
59008,E2E Full Test Corporation 1769042316 - Research Center,2024-01-31,P3-KPI6,Executive Engagement,P3,3.15,4.0,>,meetings/quarter
59008,E2E Full Test Corporation 1769042316 - Research Center,2024-03-01,P3-KPI6,Executive Engagement,P3,3.22,4.0,>,meetings/quarter
59008,E2E Full Test Corporation 1769042316 - Research Center,2024-03-31,P3-KPI6,Executive Engagement,P3,3.01,4.0,>,meetings/quarter
59008,E2E Full Test Corporation 1769042316 - Research Center,2024-04-30,P3-KPI6,Executive Engagement,P3,3.02,4.0,>,meetings/quarter
59008,E2E Full Test Corporation 1769042316 - Research Center,2024-05-30,P3-KPI6,Executive Engagement,P3,3.18,4.0,>,meetings/quarter
59008,E2E Full Test Corporation 1769042316 - Research Center,2024-06-29,P3-KPI6,Executive Engagement,P3,3.43,4.0,>,meetings/quarter
59008,E2E Full Test Corporation 1769042316 - Research Center,2024-07-29,P3-KPI6,Executive Engagement,P3,3.43,4.0,>,meetings/quarter
59008,E2E Full Test Corporation 1769042316 - Research Center,2024-08-28,P3-KPI6,Executive Engagement,P3,3.57,4.0,>,meetings/quarter
59008,E2E Full Test Corporation 1769042316 - Research Center,2024-09-27,P3-KPI6,Executive Engagement,P3,3.37,4.0,>,meetings/quarter
59008,E2E Full Test Corporation 1769042316 - Research Center,2024-10-27,P3-KPI6,Executive Engagement,P3,3.42,4.0,>,meetings/quarter
59008,E2E Full Test Corporation 1769042316 - Research Center,2024-11-26,P3-KPI6,Executive Engagement,P3,3.32,4.0,>,meetings/quarter
59008,E2E Full Test Corporation 1769042316 - Research Center,2024-01-01,P3-KPI7,Response Time SLA,P3,72.89,30.0,<,minutes
59008,E2E Full Test Corporation 1769042316 - Research Center,2024-01-31,P3-KPI7,Response Time SLA,P3,70.0,30.0,<,minutes
59008,E2E Full Test Corporation 1769042316 - Research Center,2024-03-01,P3-KPI7,Response Time SLA,P3,69.44,30.0,<,minutes
59008,E2E Full Test Corporation 1769042316 - Research Center,2024-03-31,P3-KPI7,Response Time SLA,P3,68.14,30.0,<,minutes
59008,E2E Full Test Corporation 1769042316 - Research Center,2024-04-30,P3-KPI7,Response Time SLA,P3,69.49,30.0,<,minutes
59008,E2E Full Test Corporation 1769042316 - Research Center,2024-05-30,P3-KPI7,Response Time SLA,P3,71.76,30.0,<,minutes
59008,E2E Full Test Corporation 1769042316 - Research Center,2024-06-29,P3-KPI7,Response Time SLA,P3,54.35,30.0,<,minutes
59008,E2E Full Test Corporation 1769042316 - Research Center,2024-07-29,P3-KPI7,Response Time SLA,P3,54.31,30.0,<,minutes
59008,E2E Full Test Corporation 1769042316 - Research Center,2024-08-28,P3-KPI7,Response Time SLA,P3,56.53,30.0,<,minutes
59008,E2E Full Test Corporation 1769042316 - Research Center,2024-09-27,P3-KPI7,Response Time SLA,P3,59.38,30.0,<,minutes
59008,E2E Full Test Corporation 1769042316 - Research Center,2024-10-27,P3-KPI7,Response Time SLA,P3,55.69,30.0,<,minutes
59008,E2E Full Test Corporation 1769042316 - Research Center,2024-11-26,P3-KPI7,Response Time SLA,P3,55.63,30.0,<,minutes
59008,E2E Full Test Corporation 1769042316 - Research Center,2024-01-01,P4-KPI1,ROI Achievement,P4,125.04,150.0,>,%
59008,E2E Full Test Corporation 1769042316 - Research Center,2024-01-31,P4-KPI1,ROI Achievement,P4,131.84,150.0,>,%
59008,E2E Full Test Corporation 1769042316 - Research Center,2024-03-01,P4-KPI1,ROI Achievement,P4,126.79,150.0,>,%
59008,E2E Full Test Corporation 1769042316 - Research Center,2024-03-31,P4-KPI1,ROI Achievement,P4,125.2,150.0,>,%
59008,E2E Full Test Corporation 1769042316 - Research Center,2024-04-30,P4-KPI1,ROI Achievement,P4,127.82,150.0,>,%
59008,E2E Full Test Corporation 1769042316 - Research Center,2024-05-30,P4-KPI1,ROI Achievement,P4,133.2,150.0,>,%
59008,E2E Full Test Corporation 1769042316 - Research Center,2024-06-29,P4-KPI1,ROI Achievement,P4,136.88,150.0,>,%
59008,E2E Full Test Corporation 1769042316 - Research Center,2024-07-29,P4-KPI1,ROI Achievement,P4,130.07,150.0,>,%
59008,E2E Full Test Corporation 1769042316 - Research Center,2024-08-28,P4-KPI1,ROI Achievement,P4,130.12,150.0,>,%
59008,E2E Full Test Corporation 1769042316 - Research Center,2024-09-27,P4-KPI1,ROI Achievement,P4,140.6,150.0,>,%
59008,E2E Full Test Corporation 1769042316 - Research Center,2024-10-27,P4-KPI1,ROI Achievement,P4,140.94,150.0,>,%
59008,E2E Full Test Corporation 1769042316 - Research Center,2024-11-26,P4-KPI1,ROI Achievement,P4,138.12,150.0,>,%
59008,E2E Full Test Corporation 1769042316 - Research Center,2024-01-01,P4-KPI2,Cost Reduction,P4,11.21,20.0,>,%
59008,E2E Full Test Corporation 1769042316 - Research Center,2024-01-31,P4-KPI2,Cost Reduction,P4,11.54,20.0,>,%
59008,E2E Full Test Corporation 1769042316 - Research Center,2024-03-01,P4-KPI2,Cost Reduction,P4,11.19,20.0,>,%
59008,E2E Full Test Corporation 1769042316 - Research Center,2024-03-31,P4-KPI2,Cost Reduction,P4,10.79,20.0,>,%
59008,E2E Full Test Corporation 1769042316 - Research Center,2024-04-30,P4-KPI2,Cost Reduction,P4,11.16,20.0,>,%
59008,E2E Full Test Corporation 1769042316 - Research Center,2024-05-30,P4-KPI2,Cost Reduction,P4,11.39,20.0,>,%
59008,E2E Full Test Corporation 1769042316 - Research Center,2024-06-29,P4-KPI2,Cost Reduction,P4,14.25,20.0,>,%
59008,E2E Full Test Corporation 1769042316 - Research Center,2024-07-29,P4-KPI2,Cost Reduction,P4,14.48,20.0,>,%
59008,E2E Full Test Corporation 1769042316 - Research Center,2024-08-28,P4-KPI2,Cost Reduction,P4,14.35,20.0,>,%
59008,E2E Full Test Corporation 1769042316 - Research Center,2024-09-27,P4-KPI2,Cost Reduction,P4,14.41,20.0,>,%
59008,E2E Full Test Corporation 1769042316 - Research Center,2024-10-27,P4-KPI2,Cost Reduction,P4,14.25,20.0,>,%
59008,E2E Full Test Corporation 1769042316 - Research Center,2024-11-26,P4-KPI2,Cost Reduction,P4,13.63,20.0,>,%
59008,E2E Full Test Corporation 1769042316 - Research Center,2024-01-01,P4-KPI3,Time to Value,P4,134.15,90.0,<,days
59008,E2E Full Test Corporation 1769042316 - Research Center,2024-01-31,P4-KPI3,Time to Value,P4,127.02,90.0,<,days
59008,E2E Full Test Corporation 1769042316 - Research Center,2024-03-01,P4-KPI3,Time to Value,P4,131.17,90.0,<,days
59008,E2E Full Test Corporation 1769042316 - Research Center,2024-03-31,P4-KPI3,Time to Value,P4,127.69,90.0,<,days
59008,E2E Full Test Corporation 1769042316 - Research Center,2024-04-30,P4-KPI3,Time to Value,P4,125.81,90.0,<,days
59008,E2E Full Test Corporation 1769042316 - Research Center,2024-05-30,P4-KPI3,Time to Value,P4,132.32,90.0,<,days
59008,E2E Full Test Corporation 1769042316 - Research Center,2024-06-29,P4-KPI3,Time to Value,P4,112.17,90.0,<,days
59008,E2E Full Test Corporation 1769042316 - Research Center,2024-07-29,P4-KPI3,Time to Value,P4,120.88,90.0,<,days
59008,E2E Full Test Corporation 1769042316 - Research Center,2024-08-28,P4-KPI3,Time to Value,P4,115.39,90.0,<,days
59008,E2E Full Test Corporation 1769042316 - Research Center,2024-09-27,P4-KPI3,Time to Value,P4,120.45,90.0,<,days
59008,E2E Full Test Corporation 1769042316 - Research Center,2024-10-27,P4-KPI3,Time to Value,P4,119.11,90.0,<,days
59008,E2E Full Test Corporation 1769042316 - Research Center,2024-11-26,P4-KPI3,Time to Value,P4,116.55,90.0,<,days
59008,E2E Full Test Corporation 1769042316 - Research Center,2024-01-01,P4-KPI4,Revenue Enablement,P4,3.12,5.0,>,$M
59008,E2E Full Test Corporation 1769042316 - Research Center,2024-01-31,P4-KPI4,Revenue Enablement,P4,3.28,5.0,>,$M
59008,E2E Full Test Corporation 1769042316 - Research Center,2024-03-01,P4-KPI4,Revenue Enablement,P4,3.33,5.0,>,$M
59008,E2E Full Test Corporation 1769042316 - Research Center,2024-03-31,P4-KPI4,Revenue Enablement,P4,3.2,5.0,>,$M
59008,E2E Full Test Corporation 1769042316 - Research Center,2024-04-30,P4-KPI4,Revenue Enablement,P4,3.32,5.0,>,$M
59008,E2E Full Test Corporation 1769042316 - Research Center,2024-05-30,P4-KPI4,Revenue Enablement,P4,3.31,5.0,>,$M
59008,E2E Full Test Corporation 1769042316 - Research Center,2024-06-29,P4-KPI4,Revenue Enablement,P4,3.79,5.0,>,$M
59008,E2E Full Test Corporation 1769042316 - Research Center,2024-07-29,P4-KPI4,Revenue Enablement,P4,3.95,5.0,>,$M
59008,E2E Full Test Corporation 1769042316 - Research Center,2024-08-28,P4-KPI4,Revenue Enablement,P4,3.82,5.0,>,$M
59008,E2E Full Test Corporation 1769042316 - Research Center,2024-09-27,P4-KPI4,Revenue Enablement,P4,3.73,5.0,>,$M
59008,E2E Full Test Corporation 1769042316 - Research Center,2024-10-27,P4-KPI4,Revenue Enablement,P4,3.82,5.0,>,$M
59008,E2E Full Test Corporation 1769042316 - Research Center,2024-11-26,P4-KPI4,Revenue Enablement,P4,3.65,5.0,>,$M
59008,E2E Full Test Corporation 1769042316 - Research Center,2024-01-01,P4-KPI5,Operational Efficiency,P4,73.78,85.0,>,%
59008,E2E Full Test Corporation 1769042316 - Research Center,2024-01-31,P4-KPI5,Operational Efficiency,P4,72.19,85.0,>,%
59008,E2E Full Test Corporation 1769042316 - Research Center,2024-03-01,P4-KPI5,Operational Efficiency,P4,71.84,85.0,>,%
59008,E2E Full Test Corporation 1769042316 - Research Center,2024-03-31,P4-KPI5,Operational Efficiency,P4,75.74,85.0,>,%
59008,E2E Full Test Corporation 1769042316 - Research Center,2024-04-30,P4-KPI5,Operational Efficiency,P4,73.17,85.0,>,%
59008,E2E Full Test Corporation 1769042316 - Research Center,2024-05-30,P4-KPI5,Operational Efficiency,P4,74.74,85.0,>,%
59008,E2E Full Test Corporation 1769042316 - Research Center,2024-06-29,P4-KPI5,Operational Efficiency,P4,78.59,85.0,>,%
59008,E2E Full Test Corporation 1769042316 - Research Center,2024-07-29,P4-KPI5,Operational Efficiency,P4,75.9,85.0,>,%
59008,E2E Full Test Corporation 1769042316 - Research Center,2024-08-28,P4-KPI5,Operational Efficiency,P4,74.73,85.0,>,%
59008,E2E Full Test Corporation 1769042316 - Research Center,2024-09-27,P4-KPI5,Operational Efficiency,P4,80.97,85.0,>,%
59008,E2E Full Test Corporation 1769042316 - Research Center,2024-10-27,P4-KPI5,Operational Efficiency,P4,76.73,85.0,>,%
59008,E2E Full Test Corporation 1769042316 - Research Center,2024-11-26,P4-KPI5,Operational Efficiency,P4,81.35,85.0,>,%
59008,E2E Full Test Corporation 1769042316 - Research Center,2024-01-01,P4-KPI6,Innovation Projects,P4,2.01,3.0,>,count
59008,E2E Full Test Corporation 1769042316 - Research Center,2024-01-31,P4-KPI6,Innovation Projects,P4,2.19,3.0,>,count
59008,E2E Full Test Corporation 1769042316 - Research Center,2024-03-01,P4-KPI6,Innovation Projects,P4,2.19,3.0,>,count
59008,E2E Full Test Corporation 1769042316 - Research Center,2024-03-31,P4-KPI6,Innovation Projects,P4,2.2,3.0,>,count
59008,E2E Full Test Corporation 1769042316 - Research Center,2024-04-30,P4-KPI6,Innovation Projects,P4,2.17,3.0,>,count
59008,E2E Full Test Corporation 1769042316 - Research Center,2024-05-30,P4-KPI6,Innovation Projects,P4,2.16,3.0,>,count
59008,E2E Full Test Corporation 1769042316 - Research Center,2024-06-29,P4-KPI6,Innovation Projects,P4,2.52,3.0,>,count
59008,E2E Full Test Corporation 1769042316 - Research Center,2024-07-29,P4-KPI6,Innovation Projects,P4,2.38,3.0,>,count
59008,E2E Full Test Corporation 1769042316 - Research Center,2024-08-28,P4-KPI6,Innovation Projects,P4,2.3,3.0,>,count
59008,E2E Full Test Corporation 1769042316 - Research Center,2024-09-27,P4-KPI6,Innovation Projects,P4,2.37,3.0,>,count
59008,E2E Full Test Corporation 1769042316 - Research Center,2024-10-27,P4-KPI6,Innovation Projects,P4,2.3,3.0,>,count
59008,E2E Full Test Corporation 1769042316 - Research Center,2024-11-26,P4-KPI6,Innovation Projects,P4,2.35,3.0,>,count
59008,E2E Full Test Corporation 1769042316 - Research Center,2024-01-01,P4-KPI7,Business Case Validation,P4,79.52,90.0,>,%
59008,E2E Full Test Corporation 1769042316 - Research Center,2024-01-31,P4-KPI7,Business Case Validation,P4,83.34,90.0,>,%
59008,E2E Full Test Corporation 1769042316 - Research Center,2024-03-01,P4-KPI7,Business Case Validation,P4,79.83,90.0,>,%
59008,E2E Full Test Corporation 1769042316 - Research Center,2024-03-31,P4-KPI7,Business Case Validation,P4,77.63,90.0,>,%
59008,E2E Full Test Corporation 1769042316 - Research Center,2024-04-30,P4-KPI7,Business Case Validation,P4,80.18,90.0,>,%
59008,E2E Full Test Corporation 1769042316 - Research Center,2024-05-30,P4-KPI7,Business Case Validation,P4,83.27,90.0,>,%
59008,E2E Full Test Corporation 1769042316 - Research Center,2024-06-29,P4-KPI7,Business Case Validation,P4,83.47,90.0,>,%
59008,E2E Full Test Corporation 1769042316 - Research Center,2024-07-29,P4-KPI7,Business Case Validation,P4,85.83,90.0,>,%
59008,E2E Full Test Corporation 1769042316 - Research Center,2024-08-28,P4-KPI7,Business Case Validation,P4,83.85,90.0,>,%
59008,E2E Full Test Corporation 1769042316 - Research Center,2024-09-27,P4-KPI7,Business Case Validation,P4,80.58,90.0,>,%
59008,E2E Full Test Corporation 1769042316 - Research Center,2024-10-27,P4-KPI7,Business Case Validation,P4,87.37,90.0,>,%
59008,E2E Full Test Corporation 1769042316 - Research Center,2024-11-26,P4-KPI7,Business Case Validation,P4,81.84,90.0,>,%
59008,E2E Full Test Corporation 1769042316 - Research Center,2024-01-01,P5-KPI1,Executive Sponsorship,P5,3.67,4.5,>,score
59008,E2E Full Test Corporation 1769042316 - Research Center,2024-01-31,P5-KPI1,Executive Sponsorship,P5,3.95,4.5,>,score
59008,E2E Full Test Corporation 1769042316 - Research Center,2024-03-01,P5-KPI1,Executive Sponsorship,P5,3.74,4.5,>,score
59008,E2E Full Test Corporation 1769042316 - Research Center,2024-03-31,P5-KPI1,Executive Sponsorship,P5,3.69,4.5,>,score
59008,E2E Full Test Corporation 1769042316 - Research Center,2024-04-30,P5-KPI1,Executive Sponsorship,P5,3.72,4.5,>,score
59008,E2E Full Test Corporation 1769042316 - Research Center,2024-05-30,P5-KPI1,Executive Sponsorship,P5,3.69,4.5,>,score
59008,E2E Full Test Corporation 1769042316 - Research Center,2024-06-29,P5-KPI1,Executive Sponsorship,P5,4.06,4.5,>,score
59008,E2E Full Test Corporation 1769042316 - Research Center,2024-07-29,P5-KPI1,Executive Sponsorship,P5,4.06,4.5,>,score
59008,E2E Full Test Corporation 1769042316 - Research Center,2024-08-28,P5-KPI1,Executive Sponsorship,P5,3.92,4.5,>,score
59008,E2E Full Test Corporation 1769042316 - Research Center,2024-09-27,P5-KPI1,Executive Sponsorship,P5,3.91,4.5,>,score
59008,E2E Full Test Corporation 1769042316 - Research Center,2024-10-27,P5-KPI1,Executive Sponsorship,P5,4.21,4.5,>,score
59008,E2E Full Test Corporation 1769042316 - Research Center,2024-11-26,P5-KPI1,Executive Sponsorship,P5,3.99,4.5,>,score
59008,E2E Full Test Corporation 1769042316 - Research Center,2024-01-01,P5-KPI2,Renewal Likelihood,P5,82.06,95.0,>,%
59008,E2E Full Test Corporation 1769042316 - Research Center,2024-01-31,P5-KPI2,Renewal Likelihood,P5,87.05,95.0,>,%
59008,E2E Full Test Corporation 1769042316 - Research Center,2024-03-01,P5-KPI2,Renewal Likelihood,P5,87.46,95.0,>,%
59008,E2E Full Test Corporation 1769042316 - Research Center,2024-03-31,P5-KPI2,Renewal Likelihood,P5,83.52,95.0,>,%
59008,E2E Full Test Corporation 1769042316 - Research Center,2024-04-30,P5-KPI2,Renewal Likelihood,P5,86.46,95.0,>,%
59008,E2E Full Test Corporation 1769042316 - Research Center,2024-05-30,P5-KPI2,Renewal Likelihood,P5,80.39,95.0,>,%
59008,E2E Full Test Corporation 1769042316 - Research Center,2024-06-29,P5-KPI2,Renewal Likelihood,P5,89.99,95.0,>,%
59008,E2E Full Test Corporation 1769042316 - Research Center,2024-07-29,P5-KPI2,Renewal Likelihood,P5,86.33,95.0,>,%
59008,E2E Full Test Corporation 1769042316 - Research Center,2024-08-28,P5-KPI2,Renewal Likelihood,P5,91.0,95.0,>,%
59008,E2E Full Test Corporation 1769042316 - Research Center,2024-09-27,P5-KPI2,Renewal Likelihood,P5,90.96,95.0,>,%
59008,E2E Full Test Corporation 1769042316 - Research Center,2024-10-27,P5-KPI2,Renewal Likelihood,P5,83.53,95.0,>,%
59008,E2E Full Test Corporation 1769042316 - Research Center,2024-11-26,P5-KPI2,Renewal Likelihood,P5,91.17,95.0,>,%
59008,E2E Full Test Corporation 1769042316 - Research Center,2024-01-01,P5-KPI3,Expansion Pipeline,P5,1.26,2.0,>,$M
59008,E2E Full Test Corporation 1769042316 - Research Center,2024-01-31,P5-KPI3,Expansion Pipeline,P5,1.33,2.0,>,$M
59008,E2E Full Test Corporation 1769042316 - Research Center,2024-03-01,P5-KPI3,Expansion Pipeline,P5,1.36,2.0,>,$M
59008,E2E Full Test Corporation 1769042316 - Research Center,2024-03-31,P5-KPI3,Expansion Pipeline,P5,1.35,2.0,>,$M
59008,E2E Full Test Corporation 1769042316 - Research Center,2024-04-30,P5-KPI3,Expansion Pipeline,P5,1.39,2.0,>,$M
59008,E2E Full Test Corporation 1769042316 - Research Center,2024-05-30,P5-KPI3,Expansion Pipeline,P5,1.3,2.0,>,$M
59008,E2E Full Test Corporation 1769042316 - Research Center,2024-06-29,P5-KPI3,Expansion Pipeline,P5,1.57,2.0,>,$M
59008,E2E Full Test Corporation 1769042316 - Research Center,2024-07-29,P5-KPI3,Expansion Pipeline,P5,1.59,2.0,>,$M
59008,E2E Full Test Corporation 1769042316 - Research Center,2024-08-28,P5-KPI3,Expansion Pipeline,P5,1.5,2.0,>,$M
59008,E2E Full Test Corporation 1769042316 - Research Center,2024-09-27,P5-KPI3,Expansion Pipeline,P5,1.55,2.0,>,$M
59008,E2E Full Test Corporation 1769042316 - Research Center,2024-10-27,P5-KPI3,Expansion Pipeline,P5,1.56,2.0,>,$M
59008,E2E Full Test Corporation 1769042316 - Research Center,2024-11-26,P5-KPI3,Expansion Pipeline,P5,1.54,2.0,>,$M
59008,E2E Full Test Corporation 1769042316 - Research Center,2024-01-01,P5-KPI4,Reference Willingness,P5,3.11,4.0,>,score
59008,E2E Full Test Corporation 1769042316 - Research Center,2024-01-31,P5-KPI4,Reference Willingness,P5,3.07,4.0,>,score
59008,E2E Full Test Corporation 1769042316 - Research Center,2024-03-01,P5-KPI4,Reference Willingness,P5,3.2,4.0,>,score
59008,E2E Full Test Corporation 1769042316 - Research Center,2024-03-31,P5-KPI4,Reference Willingness,P5,2.97,4.0,>,score
59008,E2E Full Test Corporation 1769042316 - Research Center,2024-04-30,P5-KPI4,Reference Willingness,P5,3.08,4.0,>,score
59008,E2E Full Test Corporation 1769042316 - Research Center,2024-05-30,P5-KPI4,Reference Willingness,P5,3.24,4.0,>,score
59008,E2E Full Test Corporation 1769042316 - Research Center,2024-06-29,P5-KPI4,Reference Willingness,P5,3.49,4.0,>,score
59008,E2E Full Test Corporation 1769042316 - Research Center,2024-07-29,P5-KPI4,Reference Willingness,P5,3.34,4.0,>,score
59008,E2E Full Test Corporation 1769042316 - Research Center,2024-08-28,P5-KPI4,Reference Willingness,P5,3.56,4.0,>,score
59008,E2E Full Test Corporation 1769042316 - Research Center,2024-09-27,P5-KPI4,Reference Willingness,P5,3.51,4.0,>,score
59008,E2E Full Test Corporation 1769042316 - Research Center,2024-10-27,P5-KPI4,Reference Willingness,P5,3.54,4.0,>,score
59008,E2E Full Test Corporation 1769042316 - Research Center,2024-11-26,P5-KPI4,Reference Willingness,P5,3.47,4.0,>,score
59008,E2E Full Test Corporation 1769042316 - Research Center,2024-01-01,P5-KPI5,Strategic Alignment,P5,74.89,85.0,>,score
59008,E2E Full Test Corporation 1769042316 - Research Center,2024-01-31,P5-KPI5,Strategic Alignment,P5,70.35,85.0,>,score
59008,E2E Full Test Corporation 1769042316 - Research Center,2024-03-01,P5-KPI5,Strategic Alignment,P5,73.92,85.0,>,score
59008,E2E Full Test Corporation 1769042316 - Research Center,2024-03-31,P5-KPI5,Strategic Alignment,P5,76.43,85.0,>,score
59008,E2E Full Test Corporation 1769042316 - Research Center,2024-04-30,P5-KPI5,Strategic Alignment,P5,70.43,85.0,>,score
59008,E2E Full Test Corporation 1769042316 - Research Center,2024-05-30,P5-KPI5,Strategic Alignment,P5,71.54,85.0,>,score
59008,E2E Full Test Corporation 1769042316 - Research Center,2024-06-29,P5-KPI5,Strategic Alignment,P5,78.54,85.0,>,score
59008,E2E Full Test Corporation 1769042316 - Research Center,2024-07-29,P5-KPI5,Strategic Alignment,P5,81.26,85.0,>,score
59008,E2E Full Test Corporation 1769042316 - Research Center,2024-08-28,P5-KPI5,Strategic Alignment,P5,76.02,85.0,>,score
59008,E2E Full Test Corporation 1769042316 - Research Center,2024-09-27,P5-KPI5,Strategic Alignment,P5,75.97,85.0,>,score
59008,E2E Full Test Corporation 1769042316 - Research Center,2024-10-27,P5-KPI5,Strategic Alignment,P5,77.17,85.0,>,score
59008,E2E Full Test Corporation 1769042316 - Research Center,2024-11-26,P5-KPI5,Strategic Alignment,P5,75.27,85.0,>,score
59008,E2E Full Test Corporation 1769042316 - Research Center,2024-01-01,P5-KPI6,Partnership Depth,P5,67.96,80.0,>,score
59008,E2E Full Test Corporation 1769042316 - Research Center,2024-01-31,P5-KPI6,Partnership Depth,P5,69.33,80.0,>,score
59008,E2E Full Test Corporation 1769042316 - Research Center,2024-03-01,P5-KPI6,Partnership Depth,P5,66.41,80.0,>,score
59008,E2E Full Test Corporation 1769042316 - Research Center,2024-03-31,P5-KPI6,Partnership Depth,P5,67.61,80.0,>,score
59008,E2E Full Test Corporation 1769042316 - Research Center,2024-04-30,P5-KPI6,Partnership Depth,P5,68.85,80.0,>,score
59008,E2E Full Test Corporation 1769042316 - Research Center,2024-05-30,P5-KPI6,Partnership Depth,P5,67.72,80.0,>,score
59008,E2E Full Test Corporation 1769042316 - Research Center,2024-06-29,P5-KPI6,Partnership Depth,P5,71.88,80.0,>,score
59008,E2E Full Test Corporation 1769042316 - Research Center,2024-07-29,P5-KPI6,Partnership Depth,P5,69.54,80.0,>,score
59008,E2E Full Test Corporation 1769042316 - Research Center,2024-08-28,P5-KPI6,Partnership Depth,P5,70.87,80.0,>,score
59008,E2E Full Test Corporation 1769042316 - Research Center,2024-09-27,P5-KPI6,Partnership Depth,P5,73.57,80.0,>,score
59008,E2E Full Test Corporation 1769042316 - Research Center,2024-10-27,P5-KPI6,Partnership Depth,P5,73.69,80.0,>,score
59008,E2E Full Test Corporation 1769042316 - Research Center,2024-11-26,P5-KPI6,Partnership Depth,P5,68.31,80.0,>,score
59008,E2E Full Test Corporation 1769042316 - Research Center,2024-01-01,P5-KPI7,NPS Score,P5,57.23,70.0,>,score
59008,E2E Full Test Corporation 1769042316 - Research Center,2024-01-31,P5-KPI7,NPS Score,P5,55.67,70.0,>,score
59008,E2E Full Test Corporation 1769042316 - Research Center,2024-03-01,P5-KPI7,NPS Score,P5,59.14,70.0,>,score
59008,E2E Full Test Corporation 1769042316 - Research Center,2024-03-31,P5-KPI7,NPS Score,P5,59.14,70.0,>,score
59008,E2E Full Test Corporation 1769042316 - Research Center,2024-04-30,P5-KPI7,NPS Score,P5,57.03,70.0,>,score
59008,E2E Full Test Corporation 1769042316 - Research Center,2024-05-30,P5-KPI7,NPS Score,P5,54.84,70.0,>,score
59008,E2E Full Test Corporation 1769042316 - Research Center,2024-06-29,P5-KPI7,NPS Score,P5,58.88,70.0,>,score
59008,E2E Full Test Corporation 1769042316 - Research Center,2024-07-29,P5-KPI7,NPS Score,P5,63.58,70.0,>,score
59008,E2E Full Test Corporation 1769042316 - Research Center,2024-08-28,P5-KPI7,NPS Score,P5,60.68,70.0,>,score
59008,E2E Full Test Corporation 1769042316 - Research Center,2024-09-27,P5-KPI7,NPS Score,P5,58.13,70.0,>,score
59008,E2E Full Test Corporation 1769042316 - Research Center,2024-10-27,P5-KPI7,NPS Score,P5,58.06,70.0,>,score
59008,E2E Full Test Corporation 1769042316 - Research Center,2024-11-26,P5-KPI7,NPS Score,P5,61.58,70.0,>,score
59009,E2E Full Test Corporation 1769042316 - Data Center West,2024-01-01,P1-KPI1,System Uptime,P1,100.0,99.9,>,%
59009,E2E Full Test Corporation 1769042316 - Data Center West,2024-01-31,P1-KPI1,System Uptime,P1,98.27,99.9,>,%
59009,E2E Full Test Corporation 1769042316 - Data Center West,2024-03-01,P1-KPI1,System Uptime,P1,99.66,99.9,>,%
59009,E2E Full Test Corporation 1769042316 - Data Center West,2024-03-31,P1-KPI1,System Uptime,P1,100.0,99.9,>,%
59009,E2E Full Test Corporation 1769042316 - Data Center West,2024-04-30,P1-KPI1,System Uptime,P1,98.0,99.9,>,%
59009,E2E Full Test Corporation 1769042316 - Data Center West,2024-05-30,P1-KPI1,System Uptime,P1,100.0,99.9,>,%
59009,E2E Full Test Corporation 1769042316 - Data Center West,2024-06-29,P1-KPI1,System Uptime,P1,98.0,99.9,>,%
59009,E2E Full Test Corporation 1769042316 - Data Center West,2024-07-29,P1-KPI1,System Uptime,P1,98.0,99.9,>,%
59009,E2E Full Test Corporation 1769042316 - Data Center West,2024-08-28,P1-KPI1,System Uptime,P1,100.0,99.9,>,%
59009,E2E Full Test Corporation 1769042316 - Data Center West,2024-09-27,P1-KPI1,System Uptime,P1,100.0,99.9,>,%
59009,E2E Full Test Corporation 1769042316 - Data Center West,2024-10-27,P1-KPI1,System Uptime,P1,98.0,99.9,>,%
59009,E2E Full Test Corporation 1769042316 - Data Center West,2024-11-26,P1-KPI1,System Uptime,P1,98.29,99.9,>,%
59009,E2E Full Test Corporation 1769042316 - Data Center West,2024-01-01,P1-KPI2,Mean Time to Resolution,P1,4.93,2.0,<,hours
59009,E2E Full Test Corporation 1769042316 - Data Center West,2024-01-31,P1-KPI2,Mean Time to Resolution,P1,4.49,2.0,<,hours
59009,E2E Full Test Corporation 1769042316 - Data Center West,2024-03-01,P1-KPI2,Mean Time to Resolution,P1,4.61,2.0,<,hours
59009,E2E Full Test Corporation 1769042316 - Data Center West,2024-03-31,P1-KPI2,Mean Time to Resolution,P1,4.78,2.0,<,hours
59009,E2E Full Test Corporation 1769042316 - Data Center West,2024-04-30,P1-KPI2,Mean Time to Resolution,P1,4.6,2.0,<,hours
59009,E2E Full Test Corporation 1769042316 - Data Center West,2024-05-30,P1-KPI2,Mean Time to Resolution,P1,4.86,2.0,<,hours
59009,E2E Full Test Corporation 1769042316 - Data Center West,2024-06-29,P1-KPI2,Mean Time to Resolution,P1,3.96,2.0,<,hours
59009,E2E Full Test Corporation 1769042316 - Data Center West,2024-07-29,P1-KPI2,Mean Time to Resolution,P1,3.66,2.0,<,hours
59009,E2E Full Test Corporation 1769042316 - Data Center West,2024-08-28,P1-KPI2,Mean Time to Resolution,P1,3.87,2.0,<,hours
59009,E2E Full Test Corporation 1769042316 - Data Center West,2024-09-27,P1-KPI2,Mean Time to Resolution,P1,3.64,2.0,<,hours
59009,E2E Full Test Corporation 1769042316 - Data Center West,2024-10-27,P1-KPI2,Mean Time to Resolution,P1,3.83,2.0,<,hours
59009,E2E Full Test Corporation 1769042316 - Data Center West,2024-11-26,P1-KPI2,Mean Time to Resolution,P1,2.85,2.0,<,hours
59009,E2E Full Test Corporation 1769042316 - Data Center West,2024-01-01,P1-KPI3,GPU Utilization,P1,70.76,85.0,>,%
59009,E2E Full Test Corporation 1769042316 - Data Center West,2024-01-31,P1-KPI3,GPU Utilization,P1,73.48,85.0,>,%
59009,E2E Full Test Corporation 1769042316 - Data Center West,2024-03-01,P1-KPI3,GPU Utilization,P1,75.64,85.0,>,%
59009,E2E Full Test Corporation 1769042316 - Data Center West,2024-03-31,P1-KPI3,GPU Utilization,P1,74.48,85.0,>,%
59009,E2E Full Test Corporation 1769042316 - Data Center West,2024-04-30,P1-KPI3,GPU Utilization,P1,77.3,85.0,>,%
59009,E2E Full Test Corporation 1769042316 - Data Center West,2024-05-30,P1-KPI3,GPU Utilization,P1,75.01,85.0,>,%
59009,E2E Full Test Corporation 1769042316 - Data Center West,2024-06-29,P1-KPI3,GPU Utilization,P1,76.9,85.0,>,%
59009,E2E Full Test Corporation 1769042316 - Data Center West,2024-07-29,P1-KPI3,GPU Utilization,P1,76.97,85.0,>,%
59009,E2E Full Test Corporation 1769042316 - Data Center West,2024-08-28,P1-KPI3,GPU Utilization,P1,74.12,85.0,>,%
59009,E2E Full Test Corporation 1769042316 - Data Center West,2024-09-27,P1-KPI3,GPU Utilization,P1,76.92,85.0,>,%
59009,E2E Full Test Corporation 1769042316 - Data Center West,2024-10-27,P1-KPI3,GPU Utilization,P1,76.06,85.0,>,%
59009,E2E Full Test Corporation 1769042316 - Data Center West,2024-11-26,P1-KPI3,GPU Utilization,P1,77.71,85.0,>,%
59009,E2E Full Test Corporation 1769042316 - Data Center West,2024-01-01,P1-KPI4,Network Latency,P1,28.47,10.0,<,ms
59009,E2E Full Test Corporation 1769042316 - Data Center West,2024-01-31,P1-KPI4,Network Latency,P1,28.21,10.0,<,ms
59009,E2E Full Test Corporation 1769042316 - Data Center West,2024-03-01,P1-KPI4,Network Latency,P1,27.02,10.0,<,ms
59009,E2E Full Test Corporation 1769042316 - Data Center West,2024-03-31,P1-KPI4,Network Latency,P1,29.2,10.0,<,ms
59009,E2E Full Test Corporation 1769042316 - Data Center West,2024-04-30,P1-KPI4,Network Latency,P1,27.03,10.0,<,ms
59009,E2E Full Test Corporation 1769042316 - Data Center West,2024-05-30,P1-KPI4,Network Latency,P1,28.35,10.0,<,ms
59009,E2E Full Test Corporation 1769042316 - Data Center West,2024-06-29,P1-KPI4,Network Latency,P1,21.28,10.0,<,ms
59009,E2E Full Test Corporation 1769042316 - Data Center West,2024-07-29,P1-KPI4,Network Latency,P1,23.07,10.0,<,ms
59009,E2E Full Test Corporation 1769042316 - Data Center West,2024-08-28,P1-KPI4,Network Latency,P1,22.01,10.0,<,ms
59009,E2E Full Test Corporation 1769042316 - Data Center West,2024-09-27,P1-KPI4,Network Latency,P1,21.31,10.0,<,ms
59009,E2E Full Test Corporation 1769042316 - Data Center West,2024-10-27,P1-KPI4,Network Latency,P1,21.99,10.0,<,ms
59009,E2E Full Test Corporation 1769042316 - Data Center West,2024-11-26,P1-KPI4,Network Latency,P1,16.71,10.0,<,ms
59009,E2E Full Test Corporation 1769042316 - Data Center West,2024-01-01,P1-KPI5,Storage Performance,P1,80835.14,100000.0,>,IOPS
59009,E2E Full Test Corporation 1769042316 - Data Center West,2024-01-31,P1-KPI5,Storage Performance,P1,80492.67,100000.0,>,IOPS
59009,E2E Full Test Corporation 1769042316 - Data Center West,2024-03-01,P1-KPI5,Storage Performance,P1,74237.53,100000.0,>,IOPS
59009,E2E Full Test Corporation 1769042316 - Data Center West,2024-03-31,P1-KPI5,Storage Performance,P1,80010.71,100000.0,>,IOPS
59009,E2E Full Test Corporation 1769042316 - Data Center West,2024-04-30,P1-KPI5,Storage Performance,P1,81135.03,100000.0,>,IOPS
59009,E2E Full Test Corporation 1769042316 - Data Center West,2024-05-30,P1-KPI5,Storage Performance,P1,74534.43,100000.0,>,IOPS
59009,E2E Full Test Corporation 1769042316 - Data Center West,2024-06-29,P1-KPI5,Storage Performance,P1,84178.97,100000.0,>,IOPS
59009,E2E Full Test Corporation 1769042316 - Data Center West,2024-07-29,P1-KPI5,Storage Performance,P1,82142.31,100000.0,>,IOPS
59009,E2E Full Test Corporation 1769042316 - Data Center West,2024-08-28,P1-KPI5,Storage Performance,P1,88678.16,100000.0,>,IOPS
59009,E2E Full Test Corporation 1769042316 - Data Center West,2024-09-27,P1-KPI5,Storage Performance,P1,81010.62,100000.0,>,IOPS
59009,E2E Full Test Corporation 1769042316 - Data Center West,2024-10-27,P1-KPI5,Storage Performance,P1,85511.18,100000.0,>,IOPS
59009,E2E Full Test Corporation 1769042316 - Data Center West,2024-11-26,P1-KPI5,Storage Performance,P1,94908.17,100000.0,>,IOPS
59009,E2E Full Test Corporation 1769042316 - Data Center West,2024-01-01,P1-KPI6,Cooling Efficiency,P1,1.48,1.3,<,PUE
59009,E2E Full Test Corporation 1769042316 - Data Center West,2024-01-31,P1-KPI6,Cooling Efficiency,P1,1.51,1.3,<,PUE
59009,E2E Full Test Corporation 1769042316 - Data Center West,2024-03-01,P1-KPI6,Cooling Efficiency,P1,1.5,1.3,<,PUE
59009,E2E Full Test Corporation 1769042316 - Data Center West,2024-03-31,P1-KPI6,Cooling Efficiency,P1,1.51,1.3,<,PUE
59009,E2E Full Test Corporation 1769042316 - Data Center West,2024-04-30,P1-KPI6,Cooling Efficiency,P1,1.57,1.3,<,PUE
59009,E2E Full Test Corporation 1769042316 - Data Center West,2024-05-30,P1-KPI6,Cooling Efficiency,P1,1.56,1.3,<,PUE
59009,E2E Full Test Corporation 1769042316 - Data Center West,2024-06-29,P1-KPI6,Cooling Efficiency,P1,1.41,1.3,<,PUE
59009,E2E Full Test Corporation 1769042316 - Data Center West,2024-07-29,P1-KPI6,Cooling Efficiency,P1,1.41,1.3,<,PUE
59009,E2E Full Test Corporation 1769042316 - Data Center West,2024-08-28,P1-KPI6,Cooling Efficiency,P1,1.38,1.3,<,PUE
59009,E2E Full Test Corporation 1769042316 - Data Center West,2024-09-27,P1-KPI6,Cooling Efficiency,P1,1.45,1.3,<,PUE
59009,E2E Full Test Corporation 1769042316 - Data Center West,2024-10-27,P1-KPI6,Cooling Efficiency,P1,1.41,1.3,<,PUE
59009,E2E Full Test Corporation 1769042316 - Data Center West,2024-11-26,P1-KPI6,Cooling Efficiency,P1,1.32,1.3,<,PUE
59009,E2E Full Test Corporation 1769042316 - Data Center West,2024-01-01,P1-KPI7,Power Usage,P1,620.49,500.0,<,kW
59009,E2E Full Test Corporation 1769042316 - Data Center West,2024-01-31,P1-KPI7,Power Usage,P1,635.89,500.0,<,kW
59009,E2E Full Test Corporation 1769042316 - Data Center West,2024-03-01,P1-KPI7,Power Usage,P1,629.17,500.0,<,kW
59009,E2E Full Test Corporation 1769042316 - Data Center West,2024-03-31,P1-KPI7,Power Usage,P1,618.56,500.0,<,kW
59009,E2E Full Test Corporation 1769042316 - Data Center West,2024-04-30,P1-KPI7,Power Usage,P1,640.42,500.0,<,kW
59009,E2E Full Test Corporation 1769042316 - Data Center West,2024-05-30,P1-KPI7,Power Usage,P1,664.96,500.0,<,kW
59009,E2E Full Test Corporation 1769042316 - Data Center West,2024-06-29,P1-KPI7,Power Usage,P1,593.55,500.0,<,kW
59009,E2E Full Test Corporation 1769042316 - Data Center West,2024-07-29,P1-KPI7,Power Usage,P1,587.95,500.0,<,kW
59009,E2E Full Test Corporation 1769042316 - Data Center West,2024-08-28,P1-KPI7,Power Usage,P1,592.01,500.0,<,kW
59009,E2E Full Test Corporation 1769042316 - Data Center West,2024-09-27,P1-KPI7,Power Usage,P1,581.29,500.0,<,kW
59009,E2E Full Test Corporation 1769042316 - Data Center West,2024-10-27,P1-KPI7,Power Usage,P1,578.8,500.0,<,kW
59009,E2E Full Test Corporation 1769042316 - Data Center West,2024-11-26,P1-KPI7,Power Usage,P1,528.83,500.0,<,kW
59009,E2E Full Test Corporation 1769042316 - Data Center West,2024-01-01,P1-KPI8,Thermal Management,P1,29.3,25.0,<,°C
59009,E2E Full Test Corporation 1769042316 - Data Center West,2024-01-31,P1-KPI8,Thermal Management,P1,29.96,25.0,<,°C
59009,E2E Full Test Corporation 1769042316 - Data Center West,2024-03-01,P1-KPI8,Thermal Management,P1,29.31,25.0,<,°C
59009,E2E Full Test Corporation 1769042316 - Data Center West,2024-03-31,P1-KPI8,Thermal Management,P1,28.05,25.0,<,°C
59009,E2E Full Test Corporation 1769042316 - Data Center West,2024-04-30,P1-KPI8,Thermal Management,P1,29.79,25.0,<,°C
59009,E2E Full Test Corporation 1769042316 - Data Center West,2024-05-30,P1-KPI8,Thermal Management,P1,30.56,25.0,<,°C
59009,E2E Full Test Corporation 1769042316 - Data Center West,2024-06-29,P1-KPI8,Thermal Management,P1,28.98,25.0,<,°C
59009,E2E Full Test Corporation 1769042316 - Data Center West,2024-07-29,P1-KPI8,Thermal Management,P1,28.37,25.0,<,°C
59009,E2E Full Test Corporation 1769042316 - Data Center West,2024-08-28,P1-KPI8,Thermal Management,P1,28.18,25.0,<,°C
59009,E2E Full Test Corporation 1769042316 - Data Center West,2024-09-27,P1-KPI8,Thermal Management,P1,27.64,25.0,<,°C
59009,E2E Full Test Corporation 1769042316 - Data Center West,2024-10-27,P1-KPI8,Thermal Management,P1,26.79,25.0,<,°C
59009,E2E Full Test Corporation 1769042316 - Data Center West,2024-11-26,P1-KPI8,Thermal Management,P1,27.08,25.0,<,°C
59009,E2E Full Test Corporation 1769042316 - Data Center West,2024-01-01,P2-KPI1,SLA Compliance,P2,96.55,99.0,>,%
59009,E2E Full Test Corporation 1769042316 - Data Center West,2024-01-31,P2-KPI1,SLA Compliance,P2,100.0,99.0,>,%
59009,E2E Full Test Corporation 1769042316 - Data Center West,2024-03-01,P2-KPI1,SLA Compliance,P2,95.0,99.0,>,%
59009,E2E Full Test Corporation 1769042316 - Data Center West,2024-03-31,P2-KPI1,SLA Compliance,P2,95.17,99.0,>,%
59009,E2E Full Test Corporation 1769042316 - Data Center West,2024-04-30,P2-KPI1,SLA Compliance,P2,96.71,99.0,>,%
59009,E2E Full Test Corporation 1769042316 - Data Center West,2024-05-30,P2-KPI1,SLA Compliance,P2,98.04,99.0,>,%
59009,E2E Full Test Corporation 1769042316 - Data Center West,2024-06-29,P2-KPI1,SLA Compliance,P2,97.94,99.0,>,%
59009,E2E Full Test Corporation 1769042316 - Data Center West,2024-07-29,P2-KPI1,SLA Compliance,P2,95.0,99.0,>,%
59009,E2E Full Test Corporation 1769042316 - Data Center West,2024-08-28,P2-KPI1,SLA Compliance,P2,100.0,99.0,>,%
59009,E2E Full Test Corporation 1769042316 - Data Center West,2024-09-27,P2-KPI1,SLA Compliance,P2,98.91,99.0,>,%
59009,E2E Full Test Corporation 1769042316 - Data Center West,2024-10-27,P2-KPI1,SLA Compliance,P2,98.69,99.0,>,%
59009,E2E Full Test Corporation 1769042316 - Data Center West,2024-11-26,P2-KPI1,SLA Compliance,P2,97.81,99.0,>,%
59009,E2E Full Test Corporation 1769042316 - Data Center West,2024-01-01,P2-KPI2,Incident Response Time,P2,35.83,15.0,<,minutes
59009,E2E Full Test Corporation 1769042316 - Data Center West,2024-01-31,P2-KPI2,Incident Response Time,P2,35.87,15.0,<,minutes
59009,E2E Full Test Corporation 1769042316 - Data Center West,2024-03-01,P2-KPI2,Incident Response Time,P2,36.61,15.0,<,minutes
59009,E2E Full Test Corporation 1769042316 - Data Center West,2024-03-31,P2-KPI2,Incident Response Time,P2,35.24,15.0,<,minutes
59009,E2E Full Test Corporation 1769042316 - Data Center West,2024-04-30,P2-KPI2,Incident Response Time,P2,36.31,15.0,<,minutes
59009,E2E Full Test Corporation 1769042316 - Data Center West,2024-05-30,P2-KPI2,Incident Response Time,P2,35.38,15.0,<,minutes
59009,E2E Full Test Corporation 1769042316 - Data Center West,2024-06-29,P2-KPI2,Incident Response Time,P2,28.73,15.0,<,minutes
59009,E2E Full Test Corporation 1769042316 - Data Center West,2024-07-29,P2-KPI2,Incident Response Time,P2,29.78,15.0,<,minutes
59009,E2E Full Test Corporation 1769042316 - Data Center West,2024-08-28,P2-KPI2,Incident Response Time,P2,27.72,15.0,<,minutes
59009,E2E Full Test Corporation 1769042316 - Data Center West,2024-09-27,P2-KPI2,Incident Response Time,P2,29.38,15.0,<,minutes
59009,E2E Full Test Corporation 1769042316 - Data Center West,2024-10-27,P2-KPI2,Incident Response Time,P2,29.92,15.0,<,minutes
59009,E2E Full Test Corporation 1769042316 - Data Center West,2024-11-26,P2-KPI2,Incident Response Time,P2,22.07,15.0,<,minutes
59009,E2E Full Test Corporation 1769042316 - Data Center West,2024-01-01,P2-KPI3,Change Success Rate,P2,90.96,98.0,>,%
59009,E2E Full Test Corporation 1769042316 - Data Center West,2024-01-31,P2-KPI3,Change Success Rate,P2,92.42,98.0,>,%
59009,E2E Full Test Corporation 1769042316 - Data Center West,2024-03-01,P2-KPI3,Change Success Rate,P2,93.55,98.0,>,%
59009,E2E Full Test Corporation 1769042316 - Data Center West,2024-03-31,P2-KPI3,Change Success Rate,P2,96.42,98.0,>,%
59009,E2E Full Test Corporation 1769042316 - Data Center West,2024-04-30,P2-KPI3,Change Success Rate,P2,90.0,98.0,>,%
59009,E2E Full Test Corporation 1769042316 - Data Center West,2024-05-30,P2-KPI3,Change Success Rate,P2,93.56,98.0,>,%
59009,E2E Full Test Corporation 1769042316 - Data Center West,2024-06-29,P2-KPI3,Change Success Rate,P2,99.97,98.0,>,%
59009,E2E Full Test Corporation 1769042316 - Data Center West,2024-07-29,P2-KPI3,Change Success Rate,P2,94.16,98.0,>,%
59009,E2E Full Test Corporation 1769042316 - Data Center West,2024-08-28,P2-KPI3,Change Success Rate,P2,94.7,98.0,>,%
59009,E2E Full Test Corporation 1769042316 - Data Center West,2024-09-27,P2-KPI3,Change Success Rate,P2,95.89,98.0,>,%
59009,E2E Full Test Corporation 1769042316 - Data Center West,2024-10-27,P2-KPI3,Change Success Rate,P2,97.98,98.0,>,%
59009,E2E Full Test Corporation 1769042316 - Data Center West,2024-11-26,P2-KPI3,Change Success Rate,P2,100.0,98.0,>,%
59009,E2E Full Test Corporation 1769042316 - Data Center West,2024-01-01,P2-KPI4,Backup Success Rate,P2,100.0,100.0,>,%
59009,E2E Full Test Corporation 1769042316 - Data Center West,2024-01-31,P2-KPI4,Backup Success Rate,P2,97.89,100.0,>,%
59009,E2E Full Test Corporation 1769042316 - Data Center West,2024-03-01,P2-KPI4,Backup Success Rate,P2,95.0,100.0,>,%
59009,E2E Full Test Corporation 1769042316 - Data Center West,2024-03-31,P2-KPI4,Backup Success Rate,P2,100.0,100.0,>,%
59009,E2E Full Test Corporation 1769042316 - Data Center West,2024-04-30,P2-KPI4,Backup Success Rate,P2,99.45,100.0,>,%
59009,E2E Full Test Corporation 1769042316 - Data Center West,2024-05-30,P2-KPI4,Backup Success Rate,P2,95.61,100.0,>,%
59009,E2E Full Test Corporation 1769042316 - Data Center West,2024-06-29,P2-KPI4,Backup Success Rate,P2,96.51,100.0,>,%
59009,E2E Full Test Corporation 1769042316 - Data Center West,2024-07-29,P2-KPI4,Backup Success Rate,P2,100.0,100.0,>,%
59009,E2E Full Test Corporation 1769042316 - Data Center West,2024-08-28,P2-KPI4,Backup Success Rate,P2,99.74,100.0,>,%
59009,E2E Full Test Corporation 1769042316 - Data Center West,2024-09-27,P2-KPI4,Backup Success Rate,P2,100.0,100.0,>,%
59009,E2E Full Test Corporation 1769042316 - Data Center West,2024-10-27,P2-KPI4,Backup Success Rate,P2,95.0,100.0,>,%
59009,E2E Full Test Corporation 1769042316 - Data Center West,2024-11-26,P2-KPI4,Backup Success Rate,P2,96.95,100.0,>,%
59009,E2E Full Test Corporation 1769042316 - Data Center West,2024-01-01,P2-KPI5,Patch Compliance,P2,89.8,95.0,>,%
59009,E2E Full Test Corporation 1769042316 - Data Center West,2024-01-31,P2-KPI5,Patch Compliance,P2,89.97,95.0,>,%
59009,E2E Full Test Corporation 1769042316 - Data Center West,2024-03-01,P2-KPI5,Patch Compliance,P2,85.48,95.0,>,%
59009,E2E Full Test Corporation 1769042316 - Data Center West,2024-03-31,P2-KPI5,Patch Compliance,P2,86.01,95.0,>,%
59009,E2E Full Test Corporation 1769042316 - Data Center West,2024-04-30,P2-KPI5,Patch Compliance,P2,88.19,95.0,>,%
59009,E2E Full Test Corporation 1769042316 - Data Center West,2024-05-30,P2-KPI5,Patch Compliance,P2,89.8,95.0,>,%
59009,E2E Full Test Corporation 1769042316 - Data Center West,2024-06-29,P2-KPI5,Patch Compliance,P2,90.97,95.0,>,%
59009,E2E Full Test Corporation 1769042316 - Data Center West,2024-07-29,P2-KPI5,Patch Compliance,P2,94.36,95.0,>,%
59009,E2E Full Test Corporation 1769042316 - Data Center West,2024-08-28,P2-KPI5,Patch Compliance,P2,86.34,95.0,>,%
59009,E2E Full Test Corporation 1769042316 - Data Center West,2024-09-27,P2-KPI5,Patch Compliance,P2,89.07,95.0,>,%
59009,E2E Full Test Corporation 1769042316 - Data Center West,2024-10-27,P2-KPI5,Patch Compliance,P2,90.99,95.0,>,%
59009,E2E Full Test Corporation 1769042316 - Data Center West,2024-11-26,P2-KPI5,Patch Compliance,P2,97.3,95.0,>,%
59009,E2E Full Test Corporation 1769042316 - Data Center West,2024-01-01,P2-KPI6,Service Request Fulfillment,P2,6.06,3.0,<,days
59009,E2E Full Test Corporation 1769042316 - Data Center West,2024-01-31,P2-KPI6,Service Request Fulfillment,P2,5.95,3.0,<,days
59009,E2E Full Test Corporation 1769042316 - Data Center West,2024-03-01,P2-KPI6,Service Request Fulfillment,P2,5.85,3.0,<,days
59009,E2E Full Test Corporation 1769042316 - Data Center West,2024-03-31,P2-KPI6,Service Request Fulfillment,P2,6.35,3.0,<,days
59009,E2E Full Test Corporation 1769042316 - Data Center West,2024-04-30,P2-KPI6,Service Request Fulfillment,P2,6.41,3.0,<,days
59009,E2E Full Test Corporation 1769042316 - Data Center West,2024-05-30,P2-KPI6,Service Request Fulfillment,P2,6.23,3.0,<,days
59009,E2E Full Test Corporation 1769042316 - Data Center West,2024-06-29,P2-KPI6,Service Request Fulfillment,P2,5.22,3.0,<,days
59009,E2E Full Test Corporation 1769042316 - Data Center West,2024-07-29,P2-KPI6,Service Request Fulfillment,P2,4.9,3.0,<,days
59009,E2E Full Test Corporation 1769042316 - Data Center West,2024-08-28,P2-KPI6,Service Request Fulfillment,P2,5.07,3.0,<,days
59009,E2E Full Test Corporation 1769042316 - Data Center West,2024-09-27,P2-KPI6,Service Request Fulfillment,P2,4.87,3.0,<,days
59009,E2E Full Test Corporation 1769042316 - Data Center West,2024-10-27,P2-KPI6,Service Request Fulfillment,P2,4.86,3.0,<,days
59009,E2E Full Test Corporation 1769042316 - Data Center West,2024-11-26,P2-KPI6,Service Request Fulfillment,P2,3.92,3.0,<,days
59009,E2E Full Test Corporation 1769042316 - Data Center West,2024-01-01,P2-KPI7,Capacity Planning Accuracy,P2,82.67,90.0,>,%
59009,E2E Full Test Corporation 1769042316 - Data Center West,2024-01-31,P2-KPI7,Capacity Planning Accuracy,P2,80.46,90.0,>,%
59009,E2E Full Test Corporation 1769042316 - Data Center West,2024-03-01,P2-KPI7,Capacity Planning Accuracy,P2,83.56,90.0,>,%
59009,E2E Full Test Corporation 1769042316 - Data Center West,2024-03-31,P2-KPI7,Capacity Planning Accuracy,P2,76.96,90.0,>,%
59009,E2E Full Test Corporation 1769042316 - Data Center West,2024-04-30,P2-KPI7,Capacity Planning Accuracy,P2,77.76,90.0,>,%
59009,E2E Full Test Corporation 1769042316 - Data Center West,2024-05-30,P2-KPI7,Capacity Planning Accuracy,P2,82.14,90.0,>,%
59009,E2E Full Test Corporation 1769042316 - Data Center West,2024-06-29,P2-KPI7,Capacity Planning Accuracy,P2,79.99,90.0,>,%
59009,E2E Full Test Corporation 1769042316 - Data Center West,2024-07-29,P2-KPI7,Capacity Planning Accuracy,P2,82.24,90.0,>,%
59009,E2E Full Test Corporation 1769042316 - Data Center West,2024-08-28,P2-KPI7,Capacity Planning Accuracy,P2,83.96,90.0,>,%
59009,E2E Full Test Corporation 1769042316 - Data Center West,2024-09-27,P2-KPI7,Capacity Planning Accuracy,P2,86.93,90.0,>,%
59009,E2E Full Test Corporation 1769042316 - Data Center West,2024-10-27,P2-KPI7,Capacity Planning Accuracy,P2,86.01,90.0,>,%
59009,E2E Full Test Corporation 1769042316 - Data Center West,2024-11-26,P2-KPI7,Capacity Planning Accuracy,P2,90.57,90.0,>,%
59009,E2E Full Test Corporation 1769042316 - Data Center West,2024-01-01,P2-KPI8,Documentation Quality,P2,72.83,85.0,>,score
59009,E2E Full Test Corporation 1769042316 - Data Center West,2024-01-31,P2-KPI8,Documentation Quality,P2,74.36,85.0,>,score
59009,E2E Full Test Corporation 1769042316 - Data Center West,2024-03-01,P2-KPI8,Documentation Quality,P2,76.18,85.0,>,score
59009,E2E Full Test Corporation 1769042316 - Data Center West,2024-03-31,P2-KPI8,Documentation Quality,P2,75.77,85.0,>,score
59009,E2E Full Test Corporation 1769042316 - Data Center West,2024-04-30,P2-KPI8,Documentation Quality,P2,71.13,85.0,>,score
59009,E2E Full Test Corporation 1769042316 - Data Center West,2024-05-30,P2-KPI8,Documentation Quality,P2,71.37,85.0,>,score
59009,E2E Full Test Corporation 1769042316 - Data Center West,2024-06-29,P2-KPI8,Documentation Quality,P2,78.83,85.0,>,score
59009,E2E Full Test Corporation 1769042316 - Data Center West,2024-07-29,P2-KPI8,Documentation Quality,P2,79.99,85.0,>,score
59009,E2E Full Test Corporation 1769042316 - Data Center West,2024-08-28,P2-KPI8,Documentation Quality,P2,79.34,85.0,>,score
59009,E2E Full Test Corporation 1769042316 - Data Center West,2024-09-27,P2-KPI8,Documentation Quality,P2,80.9,85.0,>,score
59009,E2E Full Test Corporation 1769042316 - Data Center West,2024-10-27,P2-KPI8,Documentation Quality,P2,75.71,85.0,>,score
59009,E2E Full Test Corporation 1769042316 - Data Center West,2024-11-26,P2-KPI8,Documentation Quality,P2,83.9,85.0,>,score
59009,E2E Full Test Corporation 1769042316 - Data Center West,2024-01-01,P3-KPI1,CSAT Score,P3,3.64,4.5,>,score
59009,E2E Full Test Corporation 1769042316 - Data Center West,2024-01-31,P3-KPI1,CSAT Score,P3,3.74,4.5,>,score
59009,E2E Full Test Corporation 1769042316 - Data Center West,2024-03-01,P3-KPI1,CSAT Score,P3,3.78,4.5,>,score
59009,E2E Full Test Corporation 1769042316 - Data Center West,2024-03-31,P3-KPI1,CSAT Score,P3,3.71,4.5,>,score
59009,E2E Full Test Corporation 1769042316 - Data Center West,2024-04-30,P3-KPI1,CSAT Score,P3,3.94,4.5,>,score
59009,E2E Full Test Corporation 1769042316 - Data Center West,2024-05-30,P3-KPI1,CSAT Score,P3,3.95,4.5,>,score
59009,E2E Full Test Corporation 1769042316 - Data Center West,2024-06-29,P3-KPI1,CSAT Score,P3,3.91,4.5,>,score
59009,E2E Full Test Corporation 1769042316 - Data Center West,2024-07-29,P3-KPI1,CSAT Score,P3,3.99,4.5,>,score
59009,E2E Full Test Corporation 1769042316 - Data Center West,2024-08-28,P3-KPI1,CSAT Score,P3,3.89,4.5,>,score
59009,E2E Full Test Corporation 1769042316 - Data Center West,2024-09-27,P3-KPI1,CSAT Score,P3,3.98,4.5,>,score
59009,E2E Full Test Corporation 1769042316 - Data Center West,2024-10-27,P3-KPI1,CSAT Score,P3,4.19,4.5,>,score
59009,E2E Full Test Corporation 1769042316 - Data Center West,2024-11-26,P3-KPI1,CSAT Score,P3,4.11,4.5,>,score
59009,E2E Full Test Corporation 1769042316 - Data Center West,2024-01-01,P3-KPI2,Support Ticket Volume,P3,55.61,20.0,<,tickets
59009,E2E Full Test Corporation 1769042316 - Data Center West,2024-01-31,P3-KPI2,Support Ticket Volume,P3,57.98,20.0,<,tickets
59009,E2E Full Test Corporation 1769042316 - Data Center West,2024-03-01,P3-KPI2,Support Ticket Volume,P3,55.1,20.0,<,tickets
59009,E2E Full Test Corporation 1769042316 - Data Center West,2024-03-31,P3-KPI2,Support Ticket Volume,P3,55.43,20.0,<,tickets
59009,E2E Full Test Corporation 1769042316 - Data Center West,2024-04-30,P3-KPI2,Support Ticket Volume,P3,58.2,20.0,<,tickets
59009,E2E Full Test Corporation 1769042316 - Data Center West,2024-05-30,P3-KPI2,Support Ticket Volume,P3,56.2,20.0,<,tickets
59009,E2E Full Test Corporation 1769042316 - Data Center West,2024-06-29,P3-KPI2,Support Ticket Volume,P3,45.93,20.0,<,tickets
59009,E2E Full Test Corporation 1769042316 - Data Center West,2024-07-29,P3-KPI2,Support Ticket Volume,P3,43.82,20.0,<,tickets
59009,E2E Full Test Corporation 1769042316 - Data Center West,2024-08-28,P3-KPI2,Support Ticket Volume,P3,44.75,20.0,<,tickets
59009,E2E Full Test Corporation 1769042316 - Data Center West,2024-09-27,P3-KPI2,Support Ticket Volume,P3,42.49,20.0,<,tickets
59009,E2E Full Test Corporation 1769042316 - Data Center West,2024-10-27,P3-KPI2,Support Ticket Volume,P3,45.08,20.0,<,tickets
59009,E2E Full Test Corporation 1769042316 - Data Center West,2024-11-26,P3-KPI2,Support Ticket Volume,P3,31.71,20.0,<,tickets
59009,E2E Full Test Corporation 1769042316 - Data Center West,2024-01-01,P3-KPI3,First Contact Resolution,P3,61.55,75.0,>,%
59009,E2E Full Test Corporation 1769042316 - Data Center West,2024-01-31,P3-KPI3,First Contact Resolution,P3,61.46,75.0,>,%
59009,E2E Full Test Corporation 1769042316 - Data Center West,2024-03-01,P3-KPI3,First Contact Resolution,P3,65.94,75.0,>,%
59009,E2E Full Test Corporation 1769042316 - Data Center West,2024-03-31,P3-KPI3,First Contact Resolution,P3,61.49,75.0,>,%
59009,E2E Full Test Corporation 1769042316 - Data Center West,2024-04-30,P3-KPI3,First Contact Resolution,P3,63.42,75.0,>,%
59009,E2E Full Test Corporation 1769042316 - Data Center West,2024-05-30,P3-KPI3,First Contact Resolution,P3,63.21,75.0,>,%
59009,E2E Full Test Corporation 1769042316 - Data Center West,2024-06-29,P3-KPI3,First Contact Resolution,P3,65.52,75.0,>,%
59009,E2E Full Test Corporation 1769042316 - Data Center West,2024-07-29,P3-KPI3,First Contact Resolution,P3,67.54,75.0,>,%
59009,E2E Full Test Corporation 1769042316 - Data Center West,2024-08-28,P3-KPI3,First Contact Resolution,P3,67.15,75.0,>,%
59009,E2E Full Test Corporation 1769042316 - Data Center West,2024-09-27,P3-KPI3,First Contact Resolution,P3,70.52,75.0,>,%
59009,E2E Full Test Corporation 1769042316 - Data Center West,2024-10-27,P3-KPI3,First Contact Resolution,P3,64.53,75.0,>,%
59009,E2E Full Test Corporation 1769042316 - Data Center West,2024-11-26,P3-KPI3,First Contact Resolution,P3,72.71,75.0,>,%
59009,E2E Full Test Corporation 1769042316 - Data Center West,2024-01-01,P3-KPI4,Training Completion,P3,75.31,90.0,>,%
59009,E2E Full Test Corporation 1769042316 - Data Center West,2024-01-31,P3-KPI4,Training Completion,P3,78.16,90.0,>,%
59009,E2E Full Test Corporation 1769042316 - Data Center West,2024-03-01,P3-KPI4,Training Completion,P3,73.62,90.0,>,%
59009,E2E Full Test Corporation 1769042316 - Data Center West,2024-03-31,P3-KPI4,Training Completion,P3,72.85,90.0,>,%
59009,E2E Full Test Corporation 1769042316 - Data Center West,2024-04-30,P3-KPI4,Training Completion,P3,79.79,90.0,>,%
59009,E2E Full Test Corporation 1769042316 - Data Center West,2024-05-30,P3-KPI4,Training Completion,P3,75.23,90.0,>,%
59009,E2E Full Test Corporation 1769042316 - Data Center West,2024-06-29,P3-KPI4,Training Completion,P3,83.71,90.0,>,%
59009,E2E Full Test Corporation 1769042316 - Data Center West,2024-07-29,P3-KPI4,Training Completion,P3,79.18,90.0,>,%
59009,E2E Full Test Corporation 1769042316 - Data Center West,2024-08-28,P3-KPI4,Training Completion,P3,77.26,90.0,>,%
59009,E2E Full Test Corporation 1769042316 - Data Center West,2024-09-27,P3-KPI4,Training Completion,P3,79.01,90.0,>,%
59009,E2E Full Test Corporation 1769042316 - Data Center West,2024-10-27,P3-KPI4,Training Completion,P3,81.03,90.0,>,%
59009,E2E Full Test Corporation 1769042316 - Data Center West,2024-11-26,P3-KPI4,Training Completion,P3,87.81,90.0,>,%
59009,E2E Full Test Corporation 1769042316 - Data Center West,2024-01-01,P3-KPI5,User Adoption Rate,P3,63.43,80.0,>,%
59009,E2E Full Test Corporation 1769042316 - Data Center West,2024-01-31,P3-KPI5,User Adoption Rate,P3,63.74,80.0,>,%
59009,E2E Full Test Corporation 1769042316 - Data Center West,2024-03-01,P3-KPI5,User Adoption Rate,P3,68.48,80.0,>,%
59009,E2E Full Test Corporation 1769042316 - Data Center West,2024-03-31,P3-KPI5,User Adoption Rate,P3,66.85,80.0,>,%
59009,E2E Full Test Corporation 1769042316 - Data Center West,2024-04-30,P3-KPI5,User Adoption Rate,P3,69.21,80.0,>,%
59009,E2E Full Test Corporation 1769042316 - Data Center West,2024-05-30,P3-KPI5,User Adoption Rate,P3,64.81,80.0,>,%
59009,E2E Full Test Corporation 1769042316 - Data Center West,2024-06-29,P3-KPI5,User Adoption Rate,P3,69.09,80.0,>,%
59009,E2E Full Test Corporation 1769042316 - Data Center West,2024-07-29,P3-KPI5,User Adoption Rate,P3,69.3,80.0,>,%
59009,E2E Full Test Corporation 1769042316 - Data Center West,2024-08-28,P3-KPI5,User Adoption Rate,P3,73.71,80.0,>,%
59009,E2E Full Test Corporation 1769042316 - Data Center West,2024-09-27,P3-KPI5,User Adoption Rate,P3,70.78,80.0,>,%
59009,E2E Full Test Corporation 1769042316 - Data Center West,2024-10-27,P3-KPI5,User Adoption Rate,P3,73.6,80.0,>,%
59009,E2E Full Test Corporation 1769042316 - Data Center West,2024-11-26,P3-KPI5,User Adoption Rate,P3,75.02,80.0,>,%
59009,E2E Full Test Corporation 1769042316 - Data Center West,2024-01-01,P3-KPI6,Executive Engagement,P3,3.08,4.0,>,meetings/quarter
59009,E2E Full Test Corporation 1769042316 - Data Center West,2024-01-31,P3-KPI6,Executive Engagement,P3,3.1,4.0,>,meetings/quarter
59009,E2E Full Test Corporation 1769042316 - Data Center West,2024-03-01,P3-KPI6,Executive Engagement,P3,3.18,4.0,>,meetings/quarter
59009,E2E Full Test Corporation 1769042316 - Data Center West,2024-03-31,P3-KPI6,Executive Engagement,P3,2.95,4.0,>,meetings/quarter
59009,E2E Full Test Corporation 1769042316 - Data Center West,2024-04-30,P3-KPI6,Executive Engagement,P3,3.14,4.0,>,meetings/quarter
59009,E2E Full Test Corporation 1769042316 - Data Center West,2024-05-30,P3-KPI6,Executive Engagement,P3,3.18,4.0,>,meetings/quarter
59009,E2E Full Test Corporation 1769042316 - Data Center West,2024-06-29,P3-KPI6,Executive Engagement,P3,3.24,4.0,>,meetings/quarter
59009,E2E Full Test Corporation 1769042316 - Data Center West,2024-07-29,P3-KPI6,Executive Engagement,P3,3.53,4.0,>,meetings/quarter
59009,E2E Full Test Corporation 1769042316 - Data Center West,2024-08-28,P3-KPI6,Executive Engagement,P3,3.38,4.0,>,meetings/quarter
59009,E2E Full Test Corporation 1769042316 - Data Center West,2024-09-27,P3-KPI6,Executive Engagement,P3,3.43,4.0,>,meetings/quarter
59009,E2E Full Test Corporation 1769042316 - Data Center West,2024-10-27,P3-KPI6,Executive Engagement,P3,3.36,4.0,>,meetings/quarter
59009,E2E Full Test Corporation 1769042316 - Data Center West,2024-11-26,P3-KPI6,Executive Engagement,P3,3.78,4.0,>,meetings/quarter
59009,E2E Full Test Corporation 1769042316 - Data Center West,2024-01-01,P3-KPI7,Response Time SLA,P3,73.54,30.0,<,minutes
59009,E2E Full Test Corporation 1769042316 - Data Center West,2024-01-31,P3-KPI7,Response Time SLA,P3,73.0,30.0,<,minutes
59009,E2E Full Test Corporation 1769042316 - Data Center West,2024-03-01,P3-KPI7,Response Time SLA,P3,67.91,30.0,<,minutes
59009,E2E Full Test Corporation 1769042316 - Data Center West,2024-03-31,P3-KPI7,Response Time SLA,P3,73.37,30.0,<,minutes
59009,E2E Full Test Corporation 1769042316 - Data Center West,2024-04-30,P3-KPI7,Response Time SLA,P3,67.12,30.0,<,minutes
59009,E2E Full Test Corporation 1769042316 - Data Center West,2024-05-30,P3-KPI7,Response Time SLA,P3,69.26,30.0,<,minutes
59009,E2E Full Test Corporation 1769042316 - Data Center West,2024-06-29,P3-KPI7,Response Time SLA,P3,58.4,30.0,<,minutes
59009,E2E Full Test Corporation 1769042316 - Data Center West,2024-07-29,P3-KPI7,Response Time SLA,P3,59.68,30.0,<,minutes
59009,E2E Full Test Corporation 1769042316 - Data Center West,2024-08-28,P3-KPI7,Response Time SLA,P3,57.52,30.0,<,minutes
59009,E2E Full Test Corporation 1769042316 - Data Center West,2024-09-27,P3-KPI7,Response Time SLA,P3,58.63,30.0,<,minutes
59009,E2E Full Test Corporation 1769042316 - Data Center West,2024-10-27,P3-KPI7,Response Time SLA,P3,58.86,30.0,<,minutes
59009,E2E Full Test Corporation 1769042316 - Data Center West,2024-11-26,P3-KPI7,Response Time SLA,P3,43.53,30.0,<,minutes
59009,E2E Full Test Corporation 1769042316 - Data Center West,2024-01-01,P4-KPI1,ROI Achievement,P4,123.64,150.0,>,%
59009,E2E Full Test Corporation 1769042316 - Data Center West,2024-01-31,P4-KPI1,ROI Achievement,P4,123.6,150.0,>,%
59009,E2E Full Test Corporation 1769042316 - Data Center West,2024-03-01,P4-KPI1,ROI Achievement,P4,122.64,150.0,>,%
59009,E2E Full Test Corporation 1769042316 - Data Center West,2024-03-31,P4-KPI1,ROI Achievement,P4,133.03,150.0,>,%
59009,E2E Full Test Corporation 1769042316 - Data Center West,2024-04-30,P4-KPI1,ROI Achievement,P4,122.26,150.0,>,%
59009,E2E Full Test Corporation 1769042316 - Data Center West,2024-05-30,P4-KPI1,ROI Achievement,P4,122.18,150.0,>,%
59009,E2E Full Test Corporation 1769042316 - Data Center West,2024-06-29,P4-KPI1,ROI Achievement,P4,141.21,150.0,>,%
59009,E2E Full Test Corporation 1769042316 - Data Center West,2024-07-29,P4-KPI1,ROI Achievement,P4,129.63,150.0,>,%
59009,E2E Full Test Corporation 1769042316 - Data Center West,2024-08-28,P4-KPI1,ROI Achievement,P4,139.29,150.0,>,%
59009,E2E Full Test Corporation 1769042316 - Data Center West,2024-09-27,P4-KPI1,ROI Achievement,P4,140.83,150.0,>,%
59009,E2E Full Test Corporation 1769042316 - Data Center West,2024-10-27,P4-KPI1,ROI Achievement,P4,130.01,150.0,>,%
59009,E2E Full Test Corporation 1769042316 - Data Center West,2024-11-26,P4-KPI1,ROI Achievement,P4,144.91,150.0,>,%
59009,E2E Full Test Corporation 1769042316 - Data Center West,2024-01-01,P4-KPI2,Cost Reduction,P4,11.18,20.0,>,%
59009,E2E Full Test Corporation 1769042316 - Data Center West,2024-01-31,P4-KPI2,Cost Reduction,P4,11.19,20.0,>,%
59009,E2E Full Test Corporation 1769042316 - Data Center West,2024-03-01,P4-KPI2,Cost Reduction,P4,11.48,20.0,>,%
59009,E2E Full Test Corporation 1769042316 - Data Center West,2024-03-31,P4-KPI2,Cost Reduction,P4,10.47,20.0,>,%
59009,E2E Full Test Corporation 1769042316 - Data Center West,2024-04-30,P4-KPI2,Cost Reduction,P4,10.6,20.0,>,%
59009,E2E Full Test Corporation 1769042316 - Data Center West,2024-05-30,P4-KPI2,Cost Reduction,P4,10.66,20.0,>,%
59009,E2E Full Test Corporation 1769042316 - Data Center West,2024-06-29,P4-KPI2,Cost Reduction,P4,14.11,20.0,>,%
59009,E2E Full Test Corporation 1769042316 - Data Center West,2024-07-29,P4-KPI2,Cost Reduction,P4,13.6,20.0,>,%
59009,E2E Full Test Corporation 1769042316 - Data Center West,2024-08-28,P4-KPI2,Cost Reduction,P4,14.33,20.0,>,%
59009,E2E Full Test Corporation 1769042316 - Data Center West,2024-09-27,P4-KPI2,Cost Reduction,P4,13.45,20.0,>,%
59009,E2E Full Test Corporation 1769042316 - Data Center West,2024-10-27,P4-KPI2,Cost Reduction,P4,13.52,20.0,>,%
59009,E2E Full Test Corporation 1769042316 - Data Center West,2024-11-26,P4-KPI2,Cost Reduction,P4,16.51,20.0,>,%
59009,E2E Full Test Corporation 1769042316 - Data Center West,2024-01-01,P4-KPI3,Time to Value,P4,127.31,90.0,<,days
59009,E2E Full Test Corporation 1769042316 - Data Center West,2024-01-31,P4-KPI3,Time to Value,P4,132.45,90.0,<,days
59009,E2E Full Test Corporation 1769042316 - Data Center West,2024-03-01,P4-KPI3,Time to Value,P4,130.65,90.0,<,days
59009,E2E Full Test Corporation 1769042316 - Data Center West,2024-03-31,P4-KPI3,Time to Value,P4,126.84,90.0,<,days
59009,E2E Full Test Corporation 1769042316 - Data Center West,2024-04-30,P4-KPI3,Time to Value,P4,136.16,90.0,<,days
59009,E2E Full Test Corporation 1769042316 - Data Center West,2024-05-30,P4-KPI3,Time to Value,P4,131.5,90.0,<,days
59009,E2E Full Test Corporation 1769042316 - Data Center West,2024-06-29,P4-KPI3,Time to Value,P4,122.72,90.0,<,days
59009,E2E Full Test Corporation 1769042316 - Data Center West,2024-07-29,P4-KPI3,Time to Value,P4,112.12,90.0,<,days
59009,E2E Full Test Corporation 1769042316 - Data Center West,2024-08-28,P4-KPI3,Time to Value,P4,119.35,90.0,<,days
59009,E2E Full Test Corporation 1769042316 - Data Center West,2024-09-27,P4-KPI3,Time to Value,P4,113.38,90.0,<,days
59009,E2E Full Test Corporation 1769042316 - Data Center West,2024-10-27,P4-KPI3,Time to Value,P4,122.18,90.0,<,days
59009,E2E Full Test Corporation 1769042316 - Data Center West,2024-11-26,P4-KPI3,Time to Value,P4,101.48,90.0,<,days
59009,E2E Full Test Corporation 1769042316 - Data Center West,2024-01-01,P4-KPI4,Revenue Enablement,P4,3.33,5.0,>,$M
59009,E2E Full Test Corporation 1769042316 - Data Center West,2024-01-31,P4-KPI4,Revenue Enablement,P4,3.05,5.0,>,$M
59009,E2E Full Test Corporation 1769042316 - Data Center West,2024-03-01,P4-KPI4,Revenue Enablement,P4,3.22,5.0,>,$M
59009,E2E Full Test Corporation 1769042316 - Data Center West,2024-03-31,P4-KPI4,Revenue Enablement,P4,3.16,5.0,>,$M
59009,E2E Full Test Corporation 1769042316 - Data Center West,2024-04-30,P4-KPI4,Revenue Enablement,P4,3.32,5.0,>,$M
59009,E2E Full Test Corporation 1769042316 - Data Center West,2024-05-30,P4-KPI4,Revenue Enablement,P4,3.07,5.0,>,$M
59009,E2E Full Test Corporation 1769042316 - Data Center West,2024-06-29,P4-KPI4,Revenue Enablement,P4,3.75,5.0,>,$M
59009,E2E Full Test Corporation 1769042316 - Data Center West,2024-07-29,P4-KPI4,Revenue Enablement,P4,3.75,5.0,>,$M
59009,E2E Full Test Corporation 1769042316 - Data Center West,2024-08-28,P4-KPI4,Revenue Enablement,P4,3.94,5.0,>,$M
59009,E2E Full Test Corporation 1769042316 - Data Center West,2024-09-27,P4-KPI4,Revenue Enablement,P4,3.78,5.0,>,$M
59009,E2E Full Test Corporation 1769042316 - Data Center West,2024-10-27,P4-KPI4,Revenue Enablement,P4,3.62,5.0,>,$M
59009,E2E Full Test Corporation 1769042316 - Data Center West,2024-11-26,P4-KPI4,Revenue Enablement,P4,4.44,5.0,>,$M
59009,E2E Full Test Corporation 1769042316 - Data Center West,2024-01-01,P4-KPI5,Operational Efficiency,P4,74.49,85.0,>,%
59009,E2E Full Test Corporation 1769042316 - Data Center West,2024-01-31,P4-KPI5,Operational Efficiency,P4,75.74,85.0,>,%
59009,E2E Full Test Corporation 1769042316 - Data Center West,2024-03-01,P4-KPI5,Operational Efficiency,P4,72.1,85.0,>,%
59009,E2E Full Test Corporation 1769042316 - Data Center West,2024-03-31,P4-KPI5,Operational Efficiency,P4,77.1,85.0,>,%
59009,E2E Full Test Corporation 1769042316 - Data Center West,2024-04-30,P4-KPI5,Operational Efficiency,P4,73.26,85.0,>,%
59009,E2E Full Test Corporation 1769042316 - Data Center West,2024-05-30,P4-KPI5,Operational Efficiency,P4,71.21,85.0,>,%
59009,E2E Full Test Corporation 1769042316 - Data Center West,2024-06-29,P4-KPI5,Operational Efficiency,P4,75.47,85.0,>,%
59009,E2E Full Test Corporation 1769042316 - Data Center West,2024-07-29,P4-KPI5,Operational Efficiency,P4,78.64,85.0,>,%
59009,E2E Full Test Corporation 1769042316 - Data Center West,2024-08-28,P4-KPI5,Operational Efficiency,P4,77.14,85.0,>,%
59009,E2E Full Test Corporation 1769042316 - Data Center West,2024-09-27,P4-KPI5,Operational Efficiency,P4,79.88,85.0,>,%
59009,E2E Full Test Corporation 1769042316 - Data Center West,2024-10-27,P4-KPI5,Operational Efficiency,P4,78.35,85.0,>,%
59009,E2E Full Test Corporation 1769042316 - Data Center West,2024-11-26,P4-KPI5,Operational Efficiency,P4,83.93,85.0,>,%
59009,E2E Full Test Corporation 1769042316 - Data Center West,2024-01-01,P4-KPI6,Innovation Projects,P4,2.17,3.0,>,count
59009,E2E Full Test Corporation 1769042316 - Data Center West,2024-01-31,P4-KPI6,Innovation Projects,P4,2.13,3.0,>,count
59009,E2E Full Test Corporation 1769042316 - Data Center West,2024-03-01,P4-KPI6,Innovation Projects,P4,2.09,3.0,>,count
59009,E2E Full Test Corporation 1769042316 - Data Center West,2024-03-31,P4-KPI6,Innovation Projects,P4,2.14,3.0,>,count
59009,E2E Full Test Corporation 1769042316 - Data Center West,2024-04-30,P4-KPI6,Innovation Projects,P4,2.03,3.0,>,count
59009,E2E Full Test Corporation 1769042316 - Data Center West,2024-05-30,P4-KPI6,Innovation Projects,P4,2.14,3.0,>,count
59009,E2E Full Test Corporation 1769042316 - Data Center West,2024-06-29,P4-KPI6,Innovation Projects,P4,2.44,3.0,>,count
59009,E2E Full Test Corporation 1769042316 - Data Center West,2024-07-29,P4-KPI6,Innovation Projects,P4,2.5,3.0,>,count
59009,E2E Full Test Corporation 1769042316 - Data Center West,2024-08-28,P4-KPI6,Innovation Projects,P4,2.35,3.0,>,count
59009,E2E Full Test Corporation 1769042316 - Data Center West,2024-09-27,P4-KPI6,Innovation Projects,P4,2.48,3.0,>,count
59009,E2E Full Test Corporation 1769042316 - Data Center West,2024-10-27,P4-KPI6,Innovation Projects,P4,2.45,3.0,>,count
59009,E2E Full Test Corporation 1769042316 - Data Center West,2024-11-26,P4-KPI6,Innovation Projects,P4,2.7,3.0,>,count
59009,E2E Full Test Corporation 1769042316 - Data Center West,2024-01-01,P4-KPI7,Business Case Validation,P4,83.36,90.0,>,%
59009,E2E Full Test Corporation 1769042316 - Data Center West,2024-01-31,P4-KPI7,Business Case Validation,P4,80.55,90.0,>,%
59009,E2E Full Test Corporation 1769042316 - Data Center West,2024-03-01,P4-KPI7,Business Case Validation,P4,81.69,90.0,>,%
59009,E2E Full Test Corporation 1769042316 - Data Center West,2024-03-31,P4-KPI7,Business Case Validation,P4,80.58,90.0,>,%
59009,E2E Full Test Corporation 1769042316 - Data Center West,2024-04-30,P4-KPI7,Business Case Validation,P4,77.85,90.0,>,%
59009,E2E Full Test Corporation 1769042316 - Data Center West,2024-05-30,P4-KPI7,Business Case Validation,P4,81.21,90.0,>,%
59009,E2E Full Test Corporation 1769042316 - Data Center West,2024-06-29,P4-KPI7,Business Case Validation,P4,82.3,90.0,>,%
59009,E2E Full Test Corporation 1769042316 - Data Center West,2024-07-29,P4-KPI7,Business Case Validation,P4,87.2,90.0,>,%
59009,E2E Full Test Corporation 1769042316 - Data Center West,2024-08-28,P4-KPI7,Business Case Validation,P4,83.06,90.0,>,%
59009,E2E Full Test Corporation 1769042316 - Data Center West,2024-09-27,P4-KPI7,Business Case Validation,P4,83.65,90.0,>,%
59009,E2E Full Test Corporation 1769042316 - Data Center West,2024-10-27,P4-KPI7,Business Case Validation,P4,86.0,90.0,>,%
59009,E2E Full Test Corporation 1769042316 - Data Center West,2024-11-26,P4-KPI7,Business Case Validation,P4,89.03,90.0,>,%
59009,E2E Full Test Corporation 1769042316 - Data Center West,2024-01-01,P5-KPI1,Executive Sponsorship,P5,3.9,4.5,>,score
59009,E2E Full Test Corporation 1769042316 - Data Center West,2024-01-31,P5-KPI1,Executive Sponsorship,P5,3.67,4.5,>,score
59009,E2E Full Test Corporation 1769042316 - Data Center West,2024-03-01,P5-KPI1,Executive Sponsorship,P5,3.72,4.5,>,score
59009,E2E Full Test Corporation 1769042316 - Data Center West,2024-03-31,P5-KPI1,Executive Sponsorship,P5,3.99,4.5,>,score
59009,E2E Full Test Corporation 1769042316 - Data Center West,2024-04-30,P5-KPI1,Executive Sponsorship,P5,3.68,4.5,>,score
59009,E2E Full Test Corporation 1769042316 - Data Center West,2024-05-30,P5-KPI1,Executive Sponsorship,P5,3.64,4.5,>,score
59009,E2E Full Test Corporation 1769042316 - Data Center West,2024-06-29,P5-KPI1,Executive Sponsorship,P5,3.87,4.5,>,score
59009,E2E Full Test Corporation 1769042316 - Data Center West,2024-07-29,P5-KPI1,Executive Sponsorship,P5,3.93,4.5,>,score
59009,E2E Full Test Corporation 1769042316 - Data Center West,2024-08-28,P5-KPI1,Executive Sponsorship,P5,4.02,4.5,>,score
59009,E2E Full Test Corporation 1769042316 - Data Center West,2024-09-27,P5-KPI1,Executive Sponsorship,P5,4.16,4.5,>,score
59009,E2E Full Test Corporation 1769042316 - Data Center West,2024-10-27,P5-KPI1,Executive Sponsorship,P5,4.17,4.5,>,score
59009,E2E Full Test Corporation 1769042316 - Data Center West,2024-11-26,P5-KPI1,Executive Sponsorship,P5,4.37,4.5,>,score
59009,E2E Full Test Corporation 1769042316 - Data Center West,2024-01-01,P5-KPI2,Renewal Likelihood,P5,84.66,95.0,>,%
59009,E2E Full Test Corporation 1769042316 - Data Center West,2024-01-31,P5-KPI2,Renewal Likelihood,P5,84.91,95.0,>,%
59009,E2E Full Test Corporation 1769042316 - Data Center West,2024-03-01,P5-KPI2,Renewal Likelihood,P5,80.02,95.0,>,%
59009,E2E Full Test Corporation 1769042316 - Data Center West,2024-03-31,P5-KPI2,Renewal Likelihood,P5,83.09,95.0,>,%
59009,E2E Full Test Corporation 1769042316 - Data Center West,2024-04-30,P5-KPI2,Renewal Likelihood,P5,87.78,95.0,>,%
59009,E2E Full Test Corporation 1769042316 - Data Center West,2024-05-30,P5-KPI2,Renewal Likelihood,P5,81.37,95.0,>,%
59009,E2E Full Test Corporation 1769042316 - Data Center West,2024-06-29,P5-KPI2,Renewal Likelihood,P5,83.98,95.0,>,%
59009,E2E Full Test Corporation 1769042316 - Data Center West,2024-07-29,P5-KPI2,Renewal Likelihood,P5,84.09,95.0,>,%
59009,E2E Full Test Corporation 1769042316 - Data Center West,2024-08-28,P5-KPI2,Renewal Likelihood,P5,87.09,95.0,>,%
59009,E2E Full Test Corporation 1769042316 - Data Center West,2024-09-27,P5-KPI2,Renewal Likelihood,P5,89.67,95.0,>,%
59009,E2E Full Test Corporation 1769042316 - Data Center West,2024-10-27,P5-KPI2,Renewal Likelihood,P5,90.52,95.0,>,%
59009,E2E Full Test Corporation 1769042316 - Data Center West,2024-11-26,P5-KPI2,Renewal Likelihood,P5,95.74,95.0,>,%
59009,E2E Full Test Corporation 1769042316 - Data Center West,2024-01-01,P5-KPI3,Expansion Pipeline,P5,1.34,2.0,>,$M
59009,E2E Full Test Corporation 1769042316 - Data Center West,2024-01-31,P5-KPI3,Expansion Pipeline,P5,1.36,2.0,>,$M
59009,E2E Full Test Corporation 1769042316 - Data Center West,2024-03-01,P5-KPI3,Expansion Pipeline,P5,1.28,2.0,>,$M
59009,E2E Full Test Corporation 1769042316 - Data Center West,2024-03-31,P5-KPI3,Expansion Pipeline,P5,1.38,2.0,>,$M
59009,E2E Full Test Corporation 1769042316 - Data Center West,2024-04-30,P5-KPI3,Expansion Pipeline,P5,1.35,2.0,>,$M
59009,E2E Full Test Corporation 1769042316 - Data Center West,2024-05-30,P5-KPI3,Expansion Pipeline,P5,1.29,2.0,>,$M
59009,E2E Full Test Corporation 1769042316 - Data Center West,2024-06-29,P5-KPI3,Expansion Pipeline,P5,1.57,2.0,>,$M
59009,E2E Full Test Corporation 1769042316 - Data Center West,2024-07-29,P5-KPI3,Expansion Pipeline,P5,1.56,2.0,>,$M
59009,E2E Full Test Corporation 1769042316 - Data Center West,2024-08-28,P5-KPI3,Expansion Pipeline,P5,1.53,2.0,>,$M
59009,E2E Full Test Corporation 1769042316 - Data Center West,2024-09-27,P5-KPI3,Expansion Pipeline,P5,1.56,2.0,>,$M
59009,E2E Full Test Corporation 1769042316 - Data Center West,2024-10-27,P5-KPI3,Expansion Pipeline,P5,1.49,2.0,>,$M
59009,E2E Full Test Corporation 1769042316 - Data Center West,2024-11-26,P5-KPI3,Expansion Pipeline,P5,1.78,2.0,>,$M
59009,E2E Full Test Corporation 1769042316 - Data Center West,2024-01-01,P5-KPI4,Reference Willingness,P5,3.05,4.0,>,score
59009,E2E Full Test Corporation 1769042316 - Data Center West,2024-01-31,P5-KPI4,Reference Willingness,P5,3.24,4.0,>,score
59009,E2E Full Test Corporation 1769042316 - Data Center West,2024-03-01,P5-KPI4,Reference Willingness,P5,2.98,4.0,>,score
59009,E2E Full Test Corporation 1769042316 - Data Center West,2024-03-31,P5-KPI4,Reference Willingness,P5,3.22,4.0,>,score
59009,E2E Full Test Corporation 1769042316 - Data Center West,2024-04-30,P5-KPI4,Reference Willingness,P5,3.11,4.0,>,score
59009,E2E Full Test Corporation 1769042316 - Data Center West,2024-05-30,P5-KPI4,Reference Willingness,P5,2.96,4.0,>,score
59009,E2E Full Test Corporation 1769042316 - Data Center West,2024-06-29,P5-KPI4,Reference Willingness,P5,3.37,4.0,>,score
59009,E2E Full Test Corporation 1769042316 - Data Center West,2024-07-29,P5-KPI4,Reference Willingness,P5,3.52,4.0,>,score
59009,E2E Full Test Corporation 1769042316 - Data Center West,2024-08-28,P5-KPI4,Reference Willingness,P5,3.45,4.0,>,score
59009,E2E Full Test Corporation 1769042316 - Data Center West,2024-09-27,P5-KPI4,Reference Willingness,P5,3.41,4.0,>,score
59009,E2E Full Test Corporation 1769042316 - Data Center West,2024-10-27,P5-KPI4,Reference Willingness,P5,3.52,4.0,>,score
59009,E2E Full Test Corporation 1769042316 - Data Center West,2024-11-26,P5-KPI4,Reference Willingness,P5,3.66,4.0,>,score
59009,E2E Full Test Corporation 1769042316 - Data Center West,2024-01-01,P5-KPI5,Strategic Alignment,P5,71.66,85.0,>,score
59009,E2E Full Test Corporation 1769042316 - Data Center West,2024-01-31,P5-KPI5,Strategic Alignment,P5,73.87,85.0,>,score
59009,E2E Full Test Corporation 1769042316 - Data Center West,2024-03-01,P5-KPI5,Strategic Alignment,P5,70.72,85.0,>,score
59009,E2E Full Test Corporation 1769042316 - Data Center West,2024-03-31,P5-KPI5,Strategic Alignment,P5,72.42,85.0,>,score
59009,E2E Full Test Corporation 1769042316 - Data Center West,2024-04-30,P5-KPI5,Strategic Alignment,P5,72.99,85.0,>,score
59009,E2E Full Test Corporation 1769042316 - Data Center West,2024-05-30,P5-KPI5,Strategic Alignment,P5,70.82,85.0,>,score
59009,E2E Full Test Corporation 1769042316 - Data Center West,2024-06-29,P5-KPI5,Strategic Alignment,P5,80.83,85.0,>,score
59009,E2E Full Test Corporation 1769042316 - Data Center West,2024-07-29,P5-KPI5,Strategic Alignment,P5,74.77,85.0,>,score
59009,E2E Full Test Corporation 1769042316 - Data Center West,2024-08-28,P5-KPI5,Strategic Alignment,P5,78.86,85.0,>,score
59009,E2E Full Test Corporation 1769042316 - Data Center West,2024-09-27,P5-KPI5,Strategic Alignment,P5,79.6,85.0,>,score
59009,E2E Full Test Corporation 1769042316 - Data Center West,2024-10-27,P5-KPI5,Strategic Alignment,P5,76.19,85.0,>,score
59009,E2E Full Test Corporation 1769042316 - Data Center West,2024-11-26,P5-KPI5,Strategic Alignment,P5,77.54,85.0,>,score
59009,E2E Full Test Corporation 1769042316 - Data Center West,2024-01-01,P5-KPI6,Partnership Depth,P5,66.61,80.0,>,score
59009,E2E Full Test Corporation 1769042316 - Data Center West,2024-01-31,P5-KPI6,Partnership Depth,P5,63.23,80.0,>,score
59009,E2E Full Test Corporation 1769042316 - Data Center West,2024-03-01,P5-KPI6,Partnership Depth,P5,66.0,80.0,>,score
59009,E2E Full Test Corporation 1769042316 - Data Center West,2024-03-31,P5-KPI6,Partnership Depth,P5,64.94,80.0,>,score
59009,E2E Full Test Corporation 1769042316 - Data Center West,2024-04-30,P5-KPI6,Partnership Depth,P5,63.57,80.0,>,score
59009,E2E Full Test Corporation 1769042316 - Data Center West,2024-05-30,P5-KPI6,Partnership Depth,P5,66.31,80.0,>,score
59009,E2E Full Test Corporation 1769042316 - Data Center West,2024-06-29,P5-KPI6,Partnership Depth,P5,73.72,80.0,>,score
59009,E2E Full Test Corporation 1769042316 - Data Center West,2024-07-29,P5-KPI6,Partnership Depth,P5,68.87,80.0,>,score
59009,E2E Full Test Corporation 1769042316 - Data Center West,2024-08-28,P5-KPI6,Partnership Depth,P5,74.47,80.0,>,score
59009,E2E Full Test Corporation 1769042316 - Data Center West,2024-09-27,P5-KPI6,Partnership Depth,P5,71.68,80.0,>,score
59009,E2E Full Test Corporation 1769042316 - Data Center West,2024-10-27,P5-KPI6,Partnership Depth,P5,68.62,80.0,>,score
59009,E2E Full Test Corporation 1769042316 - Data Center West,2024-11-26,P5-KPI6,Partnership Depth,P5,74.39,80.0,>,score
59009,E2E Full Test Corporation 1769042316 - Data Center West,2024-01-01,P5-KPI7,NPS Score,P5,55.87,70.0,>,score
59009,E2E Full Test Corporation 1769042316 - Data Center West,2024-01-31,P5-KPI7,NPS Score,P5,55.98,70.0,>,score
59009,E2E Full Test Corporation 1769042316 - Data Center West,2024-03-01,P5-KPI7,NPS Score,P5,56.43,70.0,>,score
59009,E2E Full Test Corporation 1769042316 - Data Center West,2024-03-31,P5-KPI7,NPS Score,P5,57.15,70.0,>,score
59009,E2E Full Test Corporation 1769042316 - Data Center West,2024-04-30,P5-KPI7,NPS Score,P5,54.36,70.0,>,score
59009,E2E Full Test Corporation 1769042316 - Data Center West,2024-05-30,P5-KPI7,NPS Score,P5,57.76,70.0,>,score
59009,E2E Full Test Corporation 1769042316 - Data Center West,2024-06-29,P5-KPI7,NPS Score,P5,58.16,70.0,>,score
59009,E2E Full Test Corporation 1769042316 - Data Center West,2024-07-29,P5-KPI7,NPS Score,P5,63.31,70.0,>,score
59009,E2E Full Test Corporation 1769042316 - Data Center West,2024-08-28,P5-KPI7,NPS Score,P5,63.93,70.0,>,score
59009,E2E Full Test Corporation 1769042316 - Data Center West,2024-09-27,P5-KPI7,NPS Score,P5,58.09,70.0,>,score
59009,E2E Full Test Corporation 1769042316 - Data Center West,2024-10-27,P5-KPI7,NPS Score,P5,58.8,70.0,>,score
59009,E2E Full Test Corporation 1769042316 - Data Center West,2024-11-26,P5-KPI7,NPS Score,P5,63.3,70.0,>,score
59010,E2E Full Test Corporation 1769042316 - Infrastructure,2024-01-01,P1-KPI1,System Uptime,P1,98.08,99.9,>,%
59010,E2E Full Test Corporation 1769042316 - Infrastructure,2024-01-31,P1-KPI1,System Uptime,P1,98.27,99.9,>,%
59010,E2E Full Test Corporation 1769042316 - Infrastructure,2024-03-01,P1-KPI1,System Uptime,P1,98.0,99.9,>,%
59010,E2E Full Test Corporation 1769042316 - Infrastructure,2024-03-31,P1-KPI1,System Uptime,P1,98.0,99.9,>,%
59010,E2E Full Test Corporation 1769042316 - Infrastructure,2024-04-30,P1-KPI1,System Uptime,P1,98.0,99.9,>,%
59010,E2E Full Test Corporation 1769042316 - Infrastructure,2024-05-30,P1-KPI1,System Uptime,P1,98.94,99.9,>,%
59010,E2E Full Test Corporation 1769042316 - Infrastructure,2024-06-29,P1-KPI1,System Uptime,P1,100.0,99.9,>,%
59010,E2E Full Test Corporation 1769042316 - Infrastructure,2024-07-29,P1-KPI1,System Uptime,P1,99.13,99.9,>,%
59010,E2E Full Test Corporation 1769042316 - Infrastructure,2024-08-28,P1-KPI1,System Uptime,P1,100.0,99.9,>,%
59010,E2E Full Test Corporation 1769042316 - Infrastructure,2024-09-27,P1-KPI1,System Uptime,P1,98.0,99.9,>,%
59010,E2E Full Test Corporation 1769042316 - Infrastructure,2024-10-27,P1-KPI1,System Uptime,P1,98.26,99.9,>,%
59010,E2E Full Test Corporation 1769042316 - Infrastructure,2024-11-26,P1-KPI1,System Uptime,P1,100.0,99.9,>,%
59010,E2E Full Test Corporation 1769042316 - Infrastructure,2024-01-01,P1-KPI2,Mean Time to Resolution,P1,2.84,2.0,<,hours
59010,E2E Full Test Corporation 1769042316 - Infrastructure,2024-01-31,P1-KPI2,Mean Time to Resolution,P1,2.93,2.0,<,hours
59010,E2E Full Test Corporation 1769042316 - Infrastructure,2024-03-01,P1-KPI2,Mean Time to Resolution,P1,2.78,2.0,<,hours
59010,E2E Full Test Corporation 1769042316 - Infrastructure,2024-03-31,P1-KPI2,Mean Time to Resolution,P1,3.87,2.0,<,hours
59010,E2E Full Test Corporation 1769042316 - Infrastructure,2024-04-30,P1-KPI2,Mean Time to Resolution,P1,3.74,2.0,<,hours
59010,E2E Full Test Corporation 1769042316 - Infrastructure,2024-05-30,P1-KPI2,Mean Time to Resolution,P1,3.83,2.0,<,hours
59010,E2E Full Test Corporation 1769042316 - Infrastructure,2024-06-29,P1-KPI2,Mean Time to Resolution,P1,3.99,2.0,<,hours
59010,E2E Full Test Corporation 1769042316 - Infrastructure,2024-07-29,P1-KPI2,Mean Time to Resolution,P1,3.64,2.0,<,hours
59010,E2E Full Test Corporation 1769042316 - Infrastructure,2024-08-28,P1-KPI2,Mean Time to Resolution,P1,3.75,2.0,<,hours
59010,E2E Full Test Corporation 1769042316 - Infrastructure,2024-09-27,P1-KPI2,Mean Time to Resolution,P1,4.75,2.0,<,hours
59010,E2E Full Test Corporation 1769042316 - Infrastructure,2024-10-27,P1-KPI2,Mean Time to Resolution,P1,4.76,2.0,<,hours
59010,E2E Full Test Corporation 1769042316 - Infrastructure,2024-11-26,P1-KPI2,Mean Time to Resolution,P1,4.71,2.0,<,hours
59010,E2E Full Test Corporation 1769042316 - Infrastructure,2024-01-01,P1-KPI3,GPU Utilization,P1,85.14,85.0,>,%
59010,E2E Full Test Corporation 1769042316 - Infrastructure,2024-01-31,P1-KPI3,GPU Utilization,P1,80.19,85.0,>,%
59010,E2E Full Test Corporation 1769042316 - Infrastructure,2024-03-01,P1-KPI3,GPU Utilization,P1,82.07,85.0,>,%
59010,E2E Full Test Corporation 1769042316 - Infrastructure,2024-03-31,P1-KPI3,GPU Utilization,P1,77.32,85.0,>,%
59010,E2E Full Test Corporation 1769042316 - Infrastructure,2024-04-30,P1-KPI3,GPU Utilization,P1,81.02,85.0,>,%
59010,E2E Full Test Corporation 1769042316 - Infrastructure,2024-05-30,P1-KPI3,GPU Utilization,P1,79.52,85.0,>,%
59010,E2E Full Test Corporation 1769042316 - Infrastructure,2024-06-29,P1-KPI3,GPU Utilization,P1,79.95,85.0,>,%
59010,E2E Full Test Corporation 1769042316 - Infrastructure,2024-07-29,P1-KPI3,GPU Utilization,P1,80.19,85.0,>,%
59010,E2E Full Test Corporation 1769042316 - Infrastructure,2024-08-28,P1-KPI3,GPU Utilization,P1,75.99,85.0,>,%
59010,E2E Full Test Corporation 1769042316 - Infrastructure,2024-09-27,P1-KPI3,GPU Utilization,P1,71.13,85.0,>,%
59010,E2E Full Test Corporation 1769042316 - Infrastructure,2024-10-27,P1-KPI3,GPU Utilization,P1,75.17,85.0,>,%
59010,E2E Full Test Corporation 1769042316 - Infrastructure,2024-11-26,P1-KPI3,GPU Utilization,P1,71.8,85.0,>,%
59010,E2E Full Test Corporation 1769042316 - Infrastructure,2024-01-01,P1-KPI4,Network Latency,P1,15.34,10.0,<,ms
59010,E2E Full Test Corporation 1769042316 - Infrastructure,2024-01-31,P1-KPI4,Network Latency,P1,16.45,10.0,<,ms
59010,E2E Full Test Corporation 1769042316 - Infrastructure,2024-03-01,P1-KPI4,Network Latency,P1,16.47,10.0,<,ms
59010,E2E Full Test Corporation 1769042316 - Infrastructure,2024-03-31,P1-KPI4,Network Latency,P1,21.23,10.0,<,ms
59010,E2E Full Test Corporation 1769042316 - Infrastructure,2024-04-30,P1-KPI4,Network Latency,P1,21.56,10.0,<,ms
59010,E2E Full Test Corporation 1769042316 - Infrastructure,2024-05-30,P1-KPI4,Network Latency,P1,22.56,10.0,<,ms
59010,E2E Full Test Corporation 1769042316 - Infrastructure,2024-06-29,P1-KPI4,Network Latency,P1,21.14,10.0,<,ms
59010,E2E Full Test Corporation 1769042316 - Infrastructure,2024-07-29,P1-KPI4,Network Latency,P1,22.12,10.0,<,ms
59010,E2E Full Test Corporation 1769042316 - Infrastructure,2024-08-28,P1-KPI4,Network Latency,P1,22.13,10.0,<,ms
59010,E2E Full Test Corporation 1769042316 - Infrastructure,2024-09-27,P1-KPI4,Network Latency,P1,26.62,10.0,<,ms
59010,E2E Full Test Corporation 1769042316 - Infrastructure,2024-10-27,P1-KPI4,Network Latency,P1,27.73,10.0,<,ms
59010,E2E Full Test Corporation 1769042316 - Infrastructure,2024-11-26,P1-KPI4,Network Latency,P1,27.47,10.0,<,ms
59010,E2E Full Test Corporation 1769042316 - Infrastructure,2024-01-01,P1-KPI5,Storage Performance,P1,95732.27,100000.0,>,IOPS
59010,E2E Full Test Corporation 1769042316 - Infrastructure,2024-01-31,P1-KPI5,Storage Performance,P1,96631.71,100000.0,>,IOPS
59010,E2E Full Test Corporation 1769042316 - Infrastructure,2024-03-01,P1-KPI5,Storage Performance,P1,94327.41,100000.0,>,IOPS
59010,E2E Full Test Corporation 1769042316 - Infrastructure,2024-03-31,P1-KPI5,Storage Performance,P1,86008.22,100000.0,>,IOPS
59010,E2E Full Test Corporation 1769042316 - Infrastructure,2024-04-30,P1-KPI5,Storage Performance,P1,81675.71,100000.0,>,IOPS
59010,E2E Full Test Corporation 1769042316 - Infrastructure,2024-05-30,P1-KPI5,Storage Performance,P1,83924.19,100000.0,>,IOPS
59010,E2E Full Test Corporation 1769042316 - Infrastructure,2024-06-29,P1-KPI5,Storage Performance,P1,82674.5,100000.0,>,IOPS
59010,E2E Full Test Corporation 1769042316 - Infrastructure,2024-07-29,P1-KPI5,Storage Performance,P1,87988.32,100000.0,>,IOPS
59010,E2E Full Test Corporation 1769042316 - Infrastructure,2024-08-28,P1-KPI5,Storage Performance,P1,86261.21,100000.0,>,IOPS
59010,E2E Full Test Corporation 1769042316 - Infrastructure,2024-09-27,P1-KPI5,Storage Performance,P1,80250.16,100000.0,>,IOPS
59010,E2E Full Test Corporation 1769042316 - Infrastructure,2024-10-27,P1-KPI5,Storage Performance,P1,75656.76,100000.0,>,IOPS
59010,E2E Full Test Corporation 1769042316 - Infrastructure,2024-11-26,P1-KPI5,Storage Performance,P1,73649.91,100000.0,>,IOPS
59010,E2E Full Test Corporation 1769042316 - Infrastructure,2024-01-01,P1-KPI6,Cooling Efficiency,P1,1.31,1.3,<,PUE
59010,E2E Full Test Corporation 1769042316 - Infrastructure,2024-01-31,P1-KPI6,Cooling Efficiency,P1,1.38,1.3,<,PUE
59010,E2E Full Test Corporation 1769042316 - Infrastructure,2024-03-01,P1-KPI6,Cooling Efficiency,P1,1.41,1.3,<,PUE
59010,E2E Full Test Corporation 1769042316 - Infrastructure,2024-03-31,P1-KPI6,Cooling Efficiency,P1,1.52,1.3,<,PUE
59010,E2E Full Test Corporation 1769042316 - Infrastructure,2024-04-30,P1-KPI6,Cooling Efficiency,P1,1.43,1.3,<,PUE
59010,E2E Full Test Corporation 1769042316 - Infrastructure,2024-05-30,P1-KPI6,Cooling Efficiency,P1,1.43,1.3,<,PUE
59010,E2E Full Test Corporation 1769042316 - Infrastructure,2024-06-29,P1-KPI6,Cooling Efficiency,P1,1.47,1.3,<,PUE
59010,E2E Full Test Corporation 1769042316 - Infrastructure,2024-07-29,P1-KPI6,Cooling Efficiency,P1,1.47,1.3,<,PUE
59010,E2E Full Test Corporation 1769042316 - Infrastructure,2024-08-28,P1-KPI6,Cooling Efficiency,P1,1.49,1.3,<,PUE
59010,E2E Full Test Corporation 1769042316 - Infrastructure,2024-09-27,P1-KPI6,Cooling Efficiency,P1,1.55,1.3,<,PUE
59010,E2E Full Test Corporation 1769042316 - Infrastructure,2024-10-27,P1-KPI6,Cooling Efficiency,P1,1.55,1.3,<,PUE
59010,E2E Full Test Corporation 1769042316 - Infrastructure,2024-11-26,P1-KPI6,Cooling Efficiency,P1,1.51,1.3,<,PUE
59010,E2E Full Test Corporation 1769042316 - Infrastructure,2024-01-01,P1-KPI7,Power Usage,P1,560.94,500.0,<,kW
59010,E2E Full Test Corporation 1769042316 - Infrastructure,2024-01-31,P1-KPI7,Power Usage,P1,553.73,500.0,<,kW
59010,E2E Full Test Corporation 1769042316 - Infrastructure,2024-03-01,P1-KPI7,Power Usage,P1,528.07,500.0,<,kW
59010,E2E Full Test Corporation 1769042316 - Infrastructure,2024-03-31,P1-KPI7,Power Usage,P1,597.61,500.0,<,kW
59010,E2E Full Test Corporation 1769042316 - Infrastructure,2024-04-30,P1-KPI7,Power Usage,P1,570.04,500.0,<,kW
59010,E2E Full Test Corporation 1769042316 - Infrastructure,2024-05-30,P1-KPI7,Power Usage,P1,570.4,500.0,<,kW
59010,E2E Full Test Corporation 1769042316 - Infrastructure,2024-06-29,P1-KPI7,Power Usage,P1,612.8,500.0,<,kW
59010,E2E Full Test Corporation 1769042316 - Infrastructure,2024-07-29,P1-KPI7,Power Usage,P1,576.51,500.0,<,kW
59010,E2E Full Test Corporation 1769042316 - Infrastructure,2024-08-28,P1-KPI7,Power Usage,P1,607.39,500.0,<,kW
59010,E2E Full Test Corporation 1769042316 - Infrastructure,2024-09-27,P1-KPI7,Power Usage,P1,622.91,500.0,<,kW
59010,E2E Full Test Corporation 1769042316 - Infrastructure,2024-10-27,P1-KPI7,Power Usage,P1,637.29,500.0,<,kW
59010,E2E Full Test Corporation 1769042316 - Infrastructure,2024-11-26,P1-KPI7,Power Usage,P1,612.28,500.0,<,kW
59010,E2E Full Test Corporation 1769042316 - Infrastructure,2024-01-01,P1-KPI8,Thermal Management,P1,27.22,25.0,<,°C
59010,E2E Full Test Corporation 1769042316 - Infrastructure,2024-01-31,P1-KPI8,Thermal Management,P1,25.52,25.0,<,°C
59010,E2E Full Test Corporation 1769042316 - Infrastructure,2024-03-01,P1-KPI8,Thermal Management,P1,27.75,25.0,<,°C
59010,E2E Full Test Corporation 1769042316 - Infrastructure,2024-03-31,P1-KPI8,Thermal Management,P1,27.19,25.0,<,°C
59010,E2E Full Test Corporation 1769042316 - Infrastructure,2024-04-30,P1-KPI8,Thermal Management,P1,26.9,25.0,<,°C
59010,E2E Full Test Corporation 1769042316 - Infrastructure,2024-05-30,P1-KPI8,Thermal Management,P1,29.0,25.0,<,°C
59010,E2E Full Test Corporation 1769042316 - Infrastructure,2024-06-29,P1-KPI8,Thermal Management,P1,27.43,25.0,<,°C
59010,E2E Full Test Corporation 1769042316 - Infrastructure,2024-07-29,P1-KPI8,Thermal Management,P1,27.39,25.0,<,°C
59010,E2E Full Test Corporation 1769042316 - Infrastructure,2024-08-28,P1-KPI8,Thermal Management,P1,27.03,25.0,<,°C
59010,E2E Full Test Corporation 1769042316 - Infrastructure,2024-09-27,P1-KPI8,Thermal Management,P1,29.47,25.0,<,°C
59010,E2E Full Test Corporation 1769042316 - Infrastructure,2024-10-27,P1-KPI8,Thermal Management,P1,29.7,25.0,<,°C
59010,E2E Full Test Corporation 1769042316 - Infrastructure,2024-11-26,P1-KPI8,Thermal Management,P1,28.84,25.0,<,°C
59010,E2E Full Test Corporation 1769042316 - Infrastructure,2024-01-01,P2-KPI1,SLA Compliance,P2,95.0,99.0,>,%
59010,E2E Full Test Corporation 1769042316 - Infrastructure,2024-01-31,P2-KPI1,SLA Compliance,P2,95.56,99.0,>,%
59010,E2E Full Test Corporation 1769042316 - Infrastructure,2024-03-01,P2-KPI1,SLA Compliance,P2,95.0,99.0,>,%
59010,E2E Full Test Corporation 1769042316 - Infrastructure,2024-03-31,P2-KPI1,SLA Compliance,P2,100.0,99.0,>,%
59010,E2E Full Test Corporation 1769042316 - Infrastructure,2024-04-30,P2-KPI1,SLA Compliance,P2,97.03,99.0,>,%
59010,E2E Full Test Corporation 1769042316 - Infrastructure,2024-05-30,P2-KPI1,SLA Compliance,P2,95.0,99.0,>,%
59010,E2E Full Test Corporation 1769042316 - Infrastructure,2024-06-29,P2-KPI1,SLA Compliance,P2,100.0,99.0,>,%
59010,E2E Full Test Corporation 1769042316 - Infrastructure,2024-07-29,P2-KPI1,SLA Compliance,P2,95.31,99.0,>,%
59010,E2E Full Test Corporation 1769042316 - Infrastructure,2024-08-28,P2-KPI1,SLA Compliance,P2,96.32,99.0,>,%
59010,E2E Full Test Corporation 1769042316 - Infrastructure,2024-09-27,P2-KPI1,SLA Compliance,P2,96.28,99.0,>,%
59010,E2E Full Test Corporation 1769042316 - Infrastructure,2024-10-27,P2-KPI1,SLA Compliance,P2,99.76,99.0,>,%
59010,E2E Full Test Corporation 1769042316 - Infrastructure,2024-11-26,P2-KPI1,SLA Compliance,P2,100.0,99.0,>,%
59010,E2E Full Test Corporation 1769042316 - Infrastructure,2024-01-01,P2-KPI2,Incident Response Time,P2,20.85,15.0,<,minutes
59010,E2E Full Test Corporation 1769042316 - Infrastructure,2024-01-31,P2-KPI2,Incident Response Time,P2,21.06,15.0,<,minutes
59010,E2E Full Test Corporation 1769042316 - Infrastructure,2024-03-01,P2-KPI2,Incident Response Time,P2,22.34,15.0,<,minutes
59010,E2E Full Test Corporation 1769042316 - Infrastructure,2024-03-31,P2-KPI2,Incident Response Time,P2,27.47,15.0,<,minutes
59010,E2E Full Test Corporation 1769042316 - Infrastructure,2024-04-30,P2-KPI2,Incident Response Time,P2,29.11,15.0,<,minutes
59010,E2E Full Test Corporation 1769042316 - Infrastructure,2024-05-30,P2-KPI2,Incident Response Time,P2,28.64,15.0,<,minutes
59010,E2E Full Test Corporation 1769042316 - Infrastructure,2024-06-29,P2-KPI2,Incident Response Time,P2,29.32,15.0,<,minutes
59010,E2E Full Test Corporation 1769042316 - Infrastructure,2024-07-29,P2-KPI2,Incident Response Time,P2,28.84,15.0,<,minutes
59010,E2E Full Test Corporation 1769042316 - Infrastructure,2024-08-28,P2-KPI2,Incident Response Time,P2,28.85,15.0,<,minutes
59010,E2E Full Test Corporation 1769042316 - Infrastructure,2024-09-27,P2-KPI2,Incident Response Time,P2,36.3,15.0,<,minutes
59010,E2E Full Test Corporation 1769042316 - Infrastructure,2024-10-27,P2-KPI2,Incident Response Time,P2,36.53,15.0,<,minutes
59010,E2E Full Test Corporation 1769042316 - Infrastructure,2024-11-26,P2-KPI2,Incident Response Time,P2,35.5,15.0,<,minutes
59010,E2E Full Test Corporation 1769042316 - Infrastructure,2024-01-01,P2-KPI3,Change Success Rate,P2,93.35,98.0,>,%
59010,E2E Full Test Corporation 1769042316 - Infrastructure,2024-01-31,P2-KPI3,Change Success Rate,P2,100.0,98.0,>,%
59010,E2E Full Test Corporation 1769042316 - Infrastructure,2024-03-01,P2-KPI3,Change Success Rate,P2,92.67,98.0,>,%
59010,E2E Full Test Corporation 1769042316 - Infrastructure,2024-03-31,P2-KPI3,Change Success Rate,P2,92.9,98.0,>,%
59010,E2E Full Test Corporation 1769042316 - Infrastructure,2024-04-30,P2-KPI3,Change Success Rate,P2,98.92,98.0,>,%
59010,E2E Full Test Corporation 1769042316 - Infrastructure,2024-05-30,P2-KPI3,Change Success Rate,P2,95.53,98.0,>,%
59010,E2E Full Test Corporation 1769042316 - Infrastructure,2024-06-29,P2-KPI3,Change Success Rate,P2,91.79,98.0,>,%
59010,E2E Full Test Corporation 1769042316 - Infrastructure,2024-07-29,P2-KPI3,Change Success Rate,P2,92.53,98.0,>,%
59010,E2E Full Test Corporation 1769042316 - Infrastructure,2024-08-28,P2-KPI3,Change Success Rate,P2,93.4,98.0,>,%
59010,E2E Full Test Corporation 1769042316 - Infrastructure,2024-09-27,P2-KPI3,Change Success Rate,P2,97.54,98.0,>,%
59010,E2E Full Test Corporation 1769042316 - Infrastructure,2024-10-27,P2-KPI3,Change Success Rate,P2,92.98,98.0,>,%
59010,E2E Full Test Corporation 1769042316 - Infrastructure,2024-11-26,P2-KPI3,Change Success Rate,P2,93.97,98.0,>,%
59010,E2E Full Test Corporation 1769042316 - Infrastructure,2024-01-01,P2-KPI4,Backup Success Rate,P2,96.71,100.0,>,%
59010,E2E Full Test Corporation 1769042316 - Infrastructure,2024-01-31,P2-KPI4,Backup Success Rate,P2,98.86,100.0,>,%
59010,E2E Full Test Corporation 1769042316 - Infrastructure,2024-03-01,P2-KPI4,Backup Success Rate,P2,97.63,100.0,>,%
59010,E2E Full Test Corporation 1769042316 - Infrastructure,2024-03-31,P2-KPI4,Backup Success Rate,P2,95.0,100.0,>,%
59010,E2E Full Test Corporation 1769042316 - Infrastructure,2024-04-30,P2-KPI4,Backup Success Rate,P2,100.0,100.0,>,%
59010,E2E Full Test Corporation 1769042316 - Infrastructure,2024-05-30,P2-KPI4,Backup Success Rate,P2,100.0,100.0,>,%
59010,E2E Full Test Corporation 1769042316 - Infrastructure,2024-06-29,P2-KPI4,Backup Success Rate,P2,95.0,100.0,>,%
59010,E2E Full Test Corporation 1769042316 - Infrastructure,2024-07-29,P2-KPI4,Backup Success Rate,P2,100.0,100.0,>,%
59010,E2E Full Test Corporation 1769042316 - Infrastructure,2024-08-28,P2-KPI4,Backup Success Rate,P2,100.0,100.0,>,%
59010,E2E Full Test Corporation 1769042316 - Infrastructure,2024-09-27,P2-KPI4,Backup Success Rate,P2,95.0,100.0,>,%
59010,E2E Full Test Corporation 1769042316 - Infrastructure,2024-10-27,P2-KPI4,Backup Success Rate,P2,95.0,100.0,>,%
59010,E2E Full Test Corporation 1769042316 - Infrastructure,2024-11-26,P2-KPI4,Backup Success Rate,P2,95.35,100.0,>,%
59010,E2E Full Test Corporation 1769042316 - Infrastructure,2024-01-01,P2-KPI5,Patch Compliance,P2,89.58,95.0,>,%
59010,E2E Full Test Corporation 1769042316 - Infrastructure,2024-01-31,P2-KPI5,Patch Compliance,P2,91.78,95.0,>,%
59010,E2E Full Test Corporation 1769042316 - Infrastructure,2024-03-01,P2-KPI5,Patch Compliance,P2,90.5,95.0,>,%
59010,E2E Full Test Corporation 1769042316 - Infrastructure,2024-03-31,P2-KPI5,Patch Compliance,P2,91.88,95.0,>,%
59010,E2E Full Test Corporation 1769042316 - Infrastructure,2024-04-30,P2-KPI5,Patch Compliance,P2,90.29,95.0,>,%
59010,E2E Full Test Corporation 1769042316 - Infrastructure,2024-05-30,P2-KPI5,Patch Compliance,P2,89.83,95.0,>,%
59010,E2E Full Test Corporation 1769042316 - Infrastructure,2024-06-29,P2-KPI5,Patch Compliance,P2,89.32,95.0,>,%
59010,E2E Full Test Corporation 1769042316 - Infrastructure,2024-07-29,P2-KPI5,Patch Compliance,P2,94.5,95.0,>,%
59010,E2E Full Test Corporation 1769042316 - Infrastructure,2024-08-28,P2-KPI5,Patch Compliance,P2,89.02,95.0,>,%
59010,E2E Full Test Corporation 1769042316 - Infrastructure,2024-09-27,P2-KPI5,Patch Compliance,P2,85.25,95.0,>,%
59010,E2E Full Test Corporation 1769042316 - Infrastructure,2024-10-27,P2-KPI5,Patch Compliance,P2,90.32,95.0,>,%
59010,E2E Full Test Corporation 1769042316 - Infrastructure,2024-11-26,P2-KPI5,Patch Compliance,P2,89.66,95.0,>,%
59010,E2E Full Test Corporation 1769042316 - Infrastructure,2024-01-01,P2-KPI6,Service Request Fulfillment,P2,3.97,3.0,<,days
59010,E2E Full Test Corporation 1769042316 - Infrastructure,2024-01-31,P2-KPI6,Service Request Fulfillment,P2,4.24,3.0,<,days
59010,E2E Full Test Corporation 1769042316 - Infrastructure,2024-03-01,P2-KPI6,Service Request Fulfillment,P2,3.87,3.0,<,days
59010,E2E Full Test Corporation 1769042316 - Infrastructure,2024-03-31,P2-KPI6,Service Request Fulfillment,P2,5.05,3.0,<,days
59010,E2E Full Test Corporation 1769042316 - Infrastructure,2024-04-30,P2-KPI6,Service Request Fulfillment,P2,5.14,3.0,<,days
59010,E2E Full Test Corporation 1769042316 - Infrastructure,2024-05-30,P2-KPI6,Service Request Fulfillment,P2,5.23,3.0,<,days
59010,E2E Full Test Corporation 1769042316 - Infrastructure,2024-06-29,P2-KPI6,Service Request Fulfillment,P2,5.02,3.0,<,days
59010,E2E Full Test Corporation 1769042316 - Infrastructure,2024-07-29,P2-KPI6,Service Request Fulfillment,P2,4.96,3.0,<,days
59010,E2E Full Test Corporation 1769042316 - Infrastructure,2024-08-28,P2-KPI6,Service Request Fulfillment,P2,5.09,3.0,<,days
59010,E2E Full Test Corporation 1769042316 - Infrastructure,2024-09-27,P2-KPI6,Service Request Fulfillment,P2,5.93,3.0,<,days
59010,E2E Full Test Corporation 1769042316 - Infrastructure,2024-10-27,P2-KPI6,Service Request Fulfillment,P2,6.11,3.0,<,days
59010,E2E Full Test Corporation 1769042316 - Infrastructure,2024-11-26,P2-KPI6,Service Request Fulfillment,P2,5.84,3.0,<,days
59010,E2E Full Test Corporation 1769042316 - Infrastructure,2024-01-01,P2-KPI7,Capacity Planning Accuracy,P2,90.93,90.0,>,%
59010,E2E Full Test Corporation 1769042316 - Infrastructure,2024-01-31,P2-KPI7,Capacity Planning Accuracy,P2,90.65,90.0,>,%
59010,E2E Full Test Corporation 1769042316 - Infrastructure,2024-03-01,P2-KPI7,Capacity Planning Accuracy,P2,84.06,90.0,>,%
59010,E2E Full Test Corporation 1769042316 - Infrastructure,2024-03-31,P2-KPI7,Capacity Planning Accuracy,P2,82.34,90.0,>,%
59010,E2E Full Test Corporation 1769042316 - Infrastructure,2024-04-30,P2-KPI7,Capacity Planning Accuracy,P2,85.6,90.0,>,%
59010,E2E Full Test Corporation 1769042316 - Infrastructure,2024-05-30,P2-KPI7,Capacity Planning Accuracy,P2,83.25,90.0,>,%
59010,E2E Full Test Corporation 1769042316 - Infrastructure,2024-06-29,P2-KPI7,Capacity Planning Accuracy,P2,82.69,90.0,>,%
59010,E2E Full Test Corporation 1769042316 - Infrastructure,2024-07-29,P2-KPI7,Capacity Planning Accuracy,P2,88.06,90.0,>,%
59010,E2E Full Test Corporation 1769042316 - Infrastructure,2024-08-28,P2-KPI7,Capacity Planning Accuracy,P2,83.79,90.0,>,%
59010,E2E Full Test Corporation 1769042316 - Infrastructure,2024-09-27,P2-KPI7,Capacity Planning Accuracy,P2,78.58,90.0,>,%
59010,E2E Full Test Corporation 1769042316 - Infrastructure,2024-10-27,P2-KPI7,Capacity Planning Accuracy,P2,84.19,90.0,>,%
59010,E2E Full Test Corporation 1769042316 - Infrastructure,2024-11-26,P2-KPI7,Capacity Planning Accuracy,P2,83.14,90.0,>,%
59010,E2E Full Test Corporation 1769042316 - Infrastructure,2024-01-01,P2-KPI8,Documentation Quality,P2,78.18,85.0,>,score
59010,E2E Full Test Corporation 1769042316 - Infrastructure,2024-01-31,P2-KPI8,Documentation Quality,P2,80.83,85.0,>,score
59010,E2E Full Test Corporation 1769042316 - Infrastructure,2024-03-01,P2-KPI8,Documentation Quality,P2,77.49,85.0,>,score
59010,E2E Full Test Corporation 1769042316 - Infrastructure,2024-03-31,P2-KPI8,Documentation Quality,P2,80.96,85.0,>,score
59010,E2E Full Test Corporation 1769042316 - Infrastructure,2024-04-30,P2-KPI8,Documentation Quality,P2,75.2,85.0,>,score
59010,E2E Full Test Corporation 1769042316 - Infrastructure,2024-05-30,P2-KPI8,Documentation Quality,P2,74.28,85.0,>,score
59010,E2E Full Test Corporation 1769042316 - Infrastructure,2024-06-29,P2-KPI8,Documentation Quality,P2,78.9,85.0,>,score
59010,E2E Full Test Corporation 1769042316 - Infrastructure,2024-07-29,P2-KPI8,Documentation Quality,P2,81.35,85.0,>,score
59010,E2E Full Test Corporation 1769042316 - Infrastructure,2024-08-28,P2-KPI8,Documentation Quality,P2,78.45,85.0,>,score
59010,E2E Full Test Corporation 1769042316 - Infrastructure,2024-09-27,P2-KPI8,Documentation Quality,P2,76.08,85.0,>,score
59010,E2E Full Test Corporation 1769042316 - Infrastructure,2024-10-27,P2-KPI8,Documentation Quality,P2,76.99,85.0,>,score
59010,E2E Full Test Corporation 1769042316 - Infrastructure,2024-11-26,P2-KPI8,Documentation Quality,P2,74.7,85.0,>,score
59010,E2E Full Test Corporation 1769042316 - Infrastructure,2024-01-01,P3-KPI1,CSAT Score,P3,4.22,4.5,>,score
59010,E2E Full Test Corporation 1769042316 - Infrastructure,2024-01-31,P3-KPI1,CSAT Score,P3,4.4,4.5,>,score
59010,E2E Full Test Corporation 1769042316 - Infrastructure,2024-03-01,P3-KPI1,CSAT Score,P3,4.42,4.5,>,score
59010,E2E Full Test Corporation 1769042316 - Infrastructure,2024-03-31,P3-KPI1,CSAT Score,P3,4.11,4.5,>,score
59010,E2E Full Test Corporation 1769042316 - Infrastructure,2024-04-30,P3-KPI1,CSAT Score,P3,4.11,4.5,>,score
59010,E2E Full Test Corporation 1769042316 - Infrastructure,2024-05-30,P3-KPI1,CSAT Score,P3,4.08,4.5,>,score
59010,E2E Full Test Corporation 1769042316 - Infrastructure,2024-06-29,P3-KPI1,CSAT Score,P3,3.92,4.5,>,score
59010,E2E Full Test Corporation 1769042316 - Infrastructure,2024-07-29,P3-KPI1,CSAT Score,P3,4.09,4.5,>,score
59010,E2E Full Test Corporation 1769042316 - Infrastructure,2024-08-28,P3-KPI1,CSAT Score,P3,4.11,4.5,>,score
59010,E2E Full Test Corporation 1769042316 - Infrastructure,2024-09-27,P3-KPI1,CSAT Score,P3,3.94,4.5,>,score
59010,E2E Full Test Corporation 1769042316 - Infrastructure,2024-10-27,P3-KPI1,CSAT Score,P3,3.99,4.5,>,score
59010,E2E Full Test Corporation 1769042316 - Infrastructure,2024-11-26,P3-KPI1,CSAT Score,P3,4.01,4.5,>,score
59010,E2E Full Test Corporation 1769042316 - Infrastructure,2024-01-01,P3-KPI2,Support Ticket Volume,P3,30.82,20.0,<,tickets
59010,E2E Full Test Corporation 1769042316 - Infrastructure,2024-01-31,P3-KPI2,Support Ticket Volume,P3,32.15,20.0,<,tickets
59010,E2E Full Test Corporation 1769042316 - Infrastructure,2024-03-01,P3-KPI2,Support Ticket Volume,P3,33.36,20.0,<,tickets
59010,E2E Full Test Corporation 1769042316 - Infrastructure,2024-03-31,P3-KPI2,Support Ticket Volume,P3,44.87,20.0,<,tickets
59010,E2E Full Test Corporation 1769042316 - Infrastructure,2024-04-30,P3-KPI2,Support Ticket Volume,P3,42.38,20.0,<,tickets
59010,E2E Full Test Corporation 1769042316 - Infrastructure,2024-05-30,P3-KPI2,Support Ticket Volume,P3,41.92,20.0,<,tickets
59010,E2E Full Test Corporation 1769042316 - Infrastructure,2024-06-29,P3-KPI2,Support Ticket Volume,P3,42.59,20.0,<,tickets
59010,E2E Full Test Corporation 1769042316 - Infrastructure,2024-07-29,P3-KPI2,Support Ticket Volume,P3,44.13,20.0,<,tickets
59010,E2E Full Test Corporation 1769042316 - Infrastructure,2024-08-28,P3-KPI2,Support Ticket Volume,P3,45.29,20.0,<,tickets
59010,E2E Full Test Corporation 1769042316 - Infrastructure,2024-09-27,P3-KPI2,Support Ticket Volume,P3,58.66,20.0,<,tickets
59010,E2E Full Test Corporation 1769042316 - Infrastructure,2024-10-27,P3-KPI2,Support Ticket Volume,P3,56.69,20.0,<,tickets
59010,E2E Full Test Corporation 1769042316 - Infrastructure,2024-11-26,P3-KPI2,Support Ticket Volume,P3,53.92,20.0,<,tickets
59010,E2E Full Test Corporation 1769042316 - Infrastructure,2024-01-01,P3-KPI3,First Contact Resolution,P3,69.52,75.0,>,%
59010,E2E Full Test Corporation 1769042316 - Infrastructure,2024-01-31,P3-KPI3,First Contact Resolution,P3,74.04,75.0,>,%
59010,E2E Full Test Corporation 1769042316 - Infrastructure,2024-03-01,P3-KPI3,First Contact Resolution,P3,72.49,75.0,>,%
59010,E2E Full Test Corporation 1769042316 - Infrastructure,2024-03-31,P3-KPI3,First Contact Resolution,P3,67.05,75.0,>,%
59010,E2E Full Test Corporation 1769042316 - Infrastructure,2024-04-30,P3-KPI3,First Contact Resolution,P3,68.27,75.0,>,%
59010,E2E Full Test Corporation 1769042316 - Infrastructure,2024-05-30,P3-KPI3,First Contact Resolution,P3,65.74,75.0,>,%
59010,E2E Full Test Corporation 1769042316 - Infrastructure,2024-06-29,P3-KPI3,First Contact Resolution,P3,70.13,75.0,>,%
59010,E2E Full Test Corporation 1769042316 - Infrastructure,2024-07-29,P3-KPI3,First Contact Resolution,P3,68.7,75.0,>,%
59010,E2E Full Test Corporation 1769042316 - Infrastructure,2024-08-28,P3-KPI3,First Contact Resolution,P3,70.28,75.0,>,%
59010,E2E Full Test Corporation 1769042316 - Infrastructure,2024-09-27,P3-KPI3,First Contact Resolution,P3,66.2,75.0,>,%
59010,E2E Full Test Corporation 1769042316 - Infrastructure,2024-10-27,P3-KPI3,First Contact Resolution,P3,62.0,75.0,>,%
59010,E2E Full Test Corporation 1769042316 - Infrastructure,2024-11-26,P3-KPI3,First Contact Resolution,P3,66.2,75.0,>,%
59010,E2E Full Test Corporation 1769042316 - Infrastructure,2024-01-01,P3-KPI4,Training Completion,P3,89.52,90.0,>,%
59010,E2E Full Test Corporation 1769042316 - Infrastructure,2024-01-31,P3-KPI4,Training Completion,P3,87.23,90.0,>,%
59010,E2E Full Test Corporation 1769042316 - Infrastructure,2024-03-01,P3-KPI4,Training Completion,P3,85.88,90.0,>,%
59010,E2E Full Test Corporation 1769042316 - Infrastructure,2024-03-31,P3-KPI4,Training Completion,P3,84.64,90.0,>,%
59010,E2E Full Test Corporation 1769042316 - Infrastructure,2024-04-30,P3-KPI4,Training Completion,P3,84.3,90.0,>,%
59010,E2E Full Test Corporation 1769042316 - Infrastructure,2024-05-30,P3-KPI4,Training Completion,P3,77.36,90.0,>,%
59010,E2E Full Test Corporation 1769042316 - Infrastructure,2024-06-29,P3-KPI4,Training Completion,P3,82.17,90.0,>,%
59010,E2E Full Test Corporation 1769042316 - Infrastructure,2024-07-29,P3-KPI4,Training Completion,P3,80.72,90.0,>,%
59010,E2E Full Test Corporation 1769042316 - Infrastructure,2024-08-28,P3-KPI4,Training Completion,P3,80.41,90.0,>,%
59010,E2E Full Test Corporation 1769042316 - Infrastructure,2024-09-27,P3-KPI4,Training Completion,P3,73.24,90.0,>,%
59010,E2E Full Test Corporation 1769042316 - Infrastructure,2024-10-27,P3-KPI4,Training Completion,P3,78.89,90.0,>,%
59010,E2E Full Test Corporation 1769042316 - Infrastructure,2024-11-26,P3-KPI4,Training Completion,P3,73.11,90.0,>,%
59010,E2E Full Test Corporation 1769042316 - Infrastructure,2024-01-01,P3-KPI5,User Adoption Rate,P3,76.82,80.0,>,%
59010,E2E Full Test Corporation 1769042316 - Infrastructure,2024-01-31,P3-KPI5,User Adoption Rate,P3,79.17,80.0,>,%
59010,E2E Full Test Corporation 1769042316 - Infrastructure,2024-03-01,P3-KPI5,User Adoption Rate,P3,78.84,80.0,>,%
59010,E2E Full Test Corporation 1769042316 - Infrastructure,2024-03-31,P3-KPI5,User Adoption Rate,P3,67.66,80.0,>,%
59010,E2E Full Test Corporation 1769042316 - Infrastructure,2024-04-30,P3-KPI5,User Adoption Rate,P3,69.07,80.0,>,%
59010,E2E Full Test Corporation 1769042316 - Infrastructure,2024-05-30,P3-KPI5,User Adoption Rate,P3,71.87,80.0,>,%
59010,E2E Full Test Corporation 1769042316 - Infrastructure,2024-06-29,P3-KPI5,User Adoption Rate,P3,74.17,80.0,>,%
59010,E2E Full Test Corporation 1769042316 - Infrastructure,2024-07-29,P3-KPI5,User Adoption Rate,P3,67.82,80.0,>,%
59010,E2E Full Test Corporation 1769042316 - Infrastructure,2024-08-28,P3-KPI5,User Adoption Rate,P3,70.91,80.0,>,%
59010,E2E Full Test Corporation 1769042316 - Infrastructure,2024-09-27,P3-KPI5,User Adoption Rate,P3,63.4,80.0,>,%
59010,E2E Full Test Corporation 1769042316 - Infrastructure,2024-10-27,P3-KPI5,User Adoption Rate,P3,68.28,80.0,>,%
59010,E2E Full Test Corporation 1769042316 - Infrastructure,2024-11-26,P3-KPI5,User Adoption Rate,P3,63.56,80.0,>,%
59010,E2E Full Test Corporation 1769042316 - Infrastructure,2024-01-01,P3-KPI6,Executive Engagement,P3,3.75,4.0,>,meetings/quarter
59010,E2E Full Test Corporation 1769042316 - Infrastructure,2024-01-31,P3-KPI6,Executive Engagement,P3,3.87,4.0,>,meetings/quarter
59010,E2E Full Test Corporation 1769042316 - Infrastructure,2024-03-01,P3-KPI6,Executive Engagement,P3,3.57,4.0,>,meetings/quarter
59010,E2E Full Test Corporation 1769042316 - Infrastructure,2024-03-31,P3-KPI6,Executive Engagement,P3,3.3,4.0,>,meetings/quarter
59010,E2E Full Test Corporation 1769042316 - Infrastructure,2024-04-30,P3-KPI6,Executive Engagement,P3,3.44,4.0,>,meetings/quarter
59010,E2E Full Test Corporation 1769042316 - Infrastructure,2024-05-30,P3-KPI6,Executive Engagement,P3,3.3,4.0,>,meetings/quarter
59010,E2E Full Test Corporation 1769042316 - Infrastructure,2024-06-29,P3-KPI6,Executive Engagement,P3,3.49,4.0,>,meetings/quarter
59010,E2E Full Test Corporation 1769042316 - Infrastructure,2024-07-29,P3-KPI6,Executive Engagement,P3,3.39,4.0,>,meetings/quarter
59010,E2E Full Test Corporation 1769042316 - Infrastructure,2024-08-28,P3-KPI6,Executive Engagement,P3,3.41,4.0,>,meetings/quarter
59010,E2E Full Test Corporation 1769042316 - Infrastructure,2024-09-27,P3-KPI6,Executive Engagement,P3,3.05,4.0,>,meetings/quarter
59010,E2E Full Test Corporation 1769042316 - Infrastructure,2024-10-27,P3-KPI6,Executive Engagement,P3,2.95,4.0,>,meetings/quarter
59010,E2E Full Test Corporation 1769042316 - Infrastructure,2024-11-26,P3-KPI6,Executive Engagement,P3,2.96,4.0,>,meetings/quarter
59010,E2E Full Test Corporation 1769042316 - Infrastructure,2024-01-01,P3-KPI7,Response Time SLA,P3,42.95,30.0,<,minutes
59010,E2E Full Test Corporation 1769042316 - Infrastructure,2024-01-31,P3-KPI7,Response Time SLA,P3,42.03,30.0,<,minutes
59010,E2E Full Test Corporation 1769042316 - Infrastructure,2024-03-01,P3-KPI7,Response Time SLA,P3,43.33,30.0,<,minutes
59010,E2E Full Test Corporation 1769042316 - Infrastructure,2024-03-31,P3-KPI7,Response Time SLA,P3,55.21,30.0,<,minutes
59010,E2E Full Test Corporation 1769042316 - Infrastructure,2024-04-30,P3-KPI7,Response Time SLA,P3,58.07,30.0,<,minutes
59010,E2E Full Test Corporation 1769042316 - Infrastructure,2024-05-30,P3-KPI7,Response Time SLA,P3,57.27,30.0,<,minutes
59010,E2E Full Test Corporation 1769042316 - Infrastructure,2024-06-29,P3-KPI7,Response Time SLA,P3,55.22,30.0,<,minutes
59010,E2E Full Test Corporation 1769042316 - Infrastructure,2024-07-29,P3-KPI7,Response Time SLA,P3,58.26,30.0,<,minutes
59010,E2E Full Test Corporation 1769042316 - Infrastructure,2024-08-28,P3-KPI7,Response Time SLA,P3,55.93,30.0,<,minutes
59010,E2E Full Test Corporation 1769042316 - Infrastructure,2024-09-27,P3-KPI7,Response Time SLA,P3,68.3,30.0,<,minutes
59010,E2E Full Test Corporation 1769042316 - Infrastructure,2024-10-27,P3-KPI7,Response Time SLA,P3,67.23,30.0,<,minutes
59010,E2E Full Test Corporation 1769042316 - Infrastructure,2024-11-26,P3-KPI7,Response Time SLA,P3,69.65,30.0,<,minutes
59010,E2E Full Test Corporation 1769042316 - Infrastructure,2024-01-01,P4-KPI1,ROI Achievement,P4,145.91,150.0,>,%
59010,E2E Full Test Corporation 1769042316 - Infrastructure,2024-01-31,P4-KPI1,ROI Achievement,P4,148.92,150.0,>,%
59010,E2E Full Test Corporation 1769042316 - Infrastructure,2024-03-01,P4-KPI1,ROI Achievement,P4,143.34,150.0,>,%
59010,E2E Full Test Corporation 1769042316 - Infrastructure,2024-03-31,P4-KPI1,ROI Achievement,P4,130.96,150.0,>,%
59010,E2E Full Test Corporation 1769042316 - Infrastructure,2024-04-30,P4-KPI1,ROI Achievement,P4,136.45,150.0,>,%
59010,E2E Full Test Corporation 1769042316 - Infrastructure,2024-05-30,P4-KPI1,ROI Achievement,P4,140.31,150.0,>,%
59010,E2E Full Test Corporation 1769042316 - Infrastructure,2024-06-29,P4-KPI1,ROI Achievement,P4,133.4,150.0,>,%
59010,E2E Full Test Corporation 1769042316 - Infrastructure,2024-07-29,P4-KPI1,ROI Achievement,P4,131.12,150.0,>,%
59010,E2E Full Test Corporation 1769042316 - Infrastructure,2024-08-28,P4-KPI1,ROI Achievement,P4,135.76,150.0,>,%
59010,E2E Full Test Corporation 1769042316 - Infrastructure,2024-09-27,P4-KPI1,ROI Achievement,P4,125.34,150.0,>,%
59010,E2E Full Test Corporation 1769042316 - Infrastructure,2024-10-27,P4-KPI1,ROI Achievement,P4,130.69,150.0,>,%
59010,E2E Full Test Corporation 1769042316 - Infrastructure,2024-11-26,P4-KPI1,ROI Achievement,P4,132.18,150.0,>,%
59010,E2E Full Test Corporation 1769042316 - Infrastructure,2024-01-01,P4-KPI2,Cost Reduction,P4,17.13,20.0,>,%
59010,E2E Full Test Corporation 1769042316 - Infrastructure,2024-01-31,P4-KPI2,Cost Reduction,P4,16.9,20.0,>,%
59010,E2E Full Test Corporation 1769042316 - Infrastructure,2024-03-01,P4-KPI2,Cost Reduction,P4,16.24,20.0,>,%
59010,E2E Full Test Corporation 1769042316 - Infrastructure,2024-03-31,P4-KPI2,Cost Reduction,P4,14.12,20.0,>,%
59010,E2E Full Test Corporation 1769042316 - Infrastructure,2024-04-30,P4-KPI2,Cost Reduction,P4,13.54,20.0,>,%
59010,E2E Full Test Corporation 1769042316 - Infrastructure,2024-05-30,P4-KPI2,Cost Reduction,P4,13.35,20.0,>,%
59010,E2E Full Test Corporation 1769042316 - Infrastructure,2024-06-29,P4-KPI2,Cost Reduction,P4,13.58,20.0,>,%
59010,E2E Full Test Corporation 1769042316 - Infrastructure,2024-07-29,P4-KPI2,Cost Reduction,P4,14.05,20.0,>,%
59010,E2E Full Test Corporation 1769042316 - Infrastructure,2024-08-28,P4-KPI2,Cost Reduction,P4,13.3,20.0,>,%
59010,E2E Full Test Corporation 1769042316 - Infrastructure,2024-09-27,P4-KPI2,Cost Reduction,P4,11.19,20.0,>,%
59010,E2E Full Test Corporation 1769042316 - Infrastructure,2024-10-27,P4-KPI2,Cost Reduction,P4,10.86,20.0,>,%
59010,E2E Full Test Corporation 1769042316 - Infrastructure,2024-11-26,P4-KPI2,Cost Reduction,P4,10.53,20.0,>,%
59010,E2E Full Test Corporation 1769042316 - Infrastructure,2024-01-01,P4-KPI3,Time to Value,P4,103.97,90.0,<,days
59010,E2E Full Test Corporation 1769042316 - Infrastructure,2024-01-31,P4-KPI3,Time to Value,P4,101.98,90.0,<,days
59010,E2E Full Test Corporation 1769042316 - Infrastructure,2024-03-01,P4-KPI3,Time to Value,P4,105.64,90.0,<,days
59010,E2E Full Test Corporation 1769042316 - Infrastructure,2024-03-31,P4-KPI3,Time to Value,P4,118.22,90.0,<,days
59010,E2E Full Test Corporation 1769042316 - Infrastructure,2024-04-30,P4-KPI3,Time to Value,P4,112.43,90.0,<,days
59010,E2E Full Test Corporation 1769042316 - Infrastructure,2024-05-30,P4-KPI3,Time to Value,P4,113.25,90.0,<,days
59010,E2E Full Test Corporation 1769042316 - Infrastructure,2024-06-29,P4-KPI3,Time to Value,P4,116.09,90.0,<,days
59010,E2E Full Test Corporation 1769042316 - Infrastructure,2024-07-29,P4-KPI3,Time to Value,P4,112.07,90.0,<,days
59010,E2E Full Test Corporation 1769042316 - Infrastructure,2024-08-28,P4-KPI3,Time to Value,P4,111.46,90.0,<,days
59010,E2E Full Test Corporation 1769042316 - Infrastructure,2024-09-27,P4-KPI3,Time to Value,P4,136.82,90.0,<,days
59010,E2E Full Test Corporation 1769042316 - Infrastructure,2024-10-27,P4-KPI3,Time to Value,P4,129.46,90.0,<,days
59010,E2E Full Test Corporation 1769042316 - Infrastructure,2024-11-26,P4-KPI3,Time to Value,P4,133.32,90.0,<,days
59010,E2E Full Test Corporation 1769042316 - Infrastructure,2024-01-01,P4-KPI4,Revenue Enablement,P4,4.54,5.0,>,$M
59010,E2E Full Test Corporation 1769042316 - Infrastructure,2024-01-31,P4-KPI4,Revenue Enablement,P4,4.35,5.0,>,$M
59010,E2E Full Test Corporation 1769042316 - Infrastructure,2024-03-01,P4-KPI4,Revenue Enablement,P4,4.54,5.0,>,$M
59010,E2E Full Test Corporation 1769042316 - Infrastructure,2024-03-31,P4-KPI4,Revenue Enablement,P4,3.74,5.0,>,$M
59010,E2E Full Test Corporation 1769042316 - Infrastructure,2024-04-30,P4-KPI4,Revenue Enablement,P4,3.95,5.0,>,$M
59010,E2E Full Test Corporation 1769042316 - Infrastructure,2024-05-30,P4-KPI4,Revenue Enablement,P4,3.96,5.0,>,$M
59010,E2E Full Test Corporation 1769042316 - Infrastructure,2024-06-29,P4-KPI4,Revenue Enablement,P4,3.73,5.0,>,$M
59010,E2E Full Test Corporation 1769042316 - Infrastructure,2024-07-29,P4-KPI4,Revenue Enablement,P4,3.86,5.0,>,$M
59010,E2E Full Test Corporation 1769042316 - Infrastructure,2024-08-28,P4-KPI4,Revenue Enablement,P4,3.89,5.0,>,$M
59010,E2E Full Test Corporation 1769042316 - Infrastructure,2024-09-27,P4-KPI4,Revenue Enablement,P4,3.11,5.0,>,$M
59010,E2E Full Test Corporation 1769042316 - Infrastructure,2024-10-27,P4-KPI4,Revenue Enablement,P4,3.12,5.0,>,$M
59010,E2E Full Test Corporation 1769042316 - Infrastructure,2024-11-26,P4-KPI4,Revenue Enablement,P4,3.08,5.0,>,$M
59010,E2E Full Test Corporation 1769042316 - Infrastructure,2024-01-01,P4-KPI5,Operational Efficiency,P4,82.6,85.0,>,%
59010,E2E Full Test Corporation 1769042316 - Infrastructure,2024-01-31,P4-KPI5,Operational Efficiency,P4,77.9,85.0,>,%
59010,E2E Full Test Corporation 1769042316 - Infrastructure,2024-03-01,P4-KPI5,Operational Efficiency,P4,79.18,85.0,>,%
59010,E2E Full Test Corporation 1769042316 - Infrastructure,2024-03-31,P4-KPI5,Operational Efficiency,P4,78.74,85.0,>,%
59010,E2E Full Test Corporation 1769042316 - Infrastructure,2024-04-30,P4-KPI5,Operational Efficiency,P4,77.41,85.0,>,%
59010,E2E Full Test Corporation 1769042316 - Infrastructure,2024-05-30,P4-KPI5,Operational Efficiency,P4,76.25,85.0,>,%
59010,E2E Full Test Corporation 1769042316 - Infrastructure,2024-06-29,P4-KPI5,Operational Efficiency,P4,78.2,85.0,>,%
59010,E2E Full Test Corporation 1769042316 - Infrastructure,2024-07-29,P4-KPI5,Operational Efficiency,P4,80.8,85.0,>,%
59010,E2E Full Test Corporation 1769042316 - Infrastructure,2024-08-28,P4-KPI5,Operational Efficiency,P4,75.99,85.0,>,%
59010,E2E Full Test Corporation 1769042316 - Infrastructure,2024-09-27,P4-KPI5,Operational Efficiency,P4,76.48,85.0,>,%
59010,E2E Full Test Corporation 1769042316 - Infrastructure,2024-10-27,P4-KPI5,Operational Efficiency,P4,71.0,85.0,>,%
59010,E2E Full Test Corporation 1769042316 - Infrastructure,2024-11-26,P4-KPI5,Operational Efficiency,P4,74.71,85.0,>,%
59010,E2E Full Test Corporation 1769042316 - Infrastructure,2024-01-01,P4-KPI6,Innovation Projects,P4,2.64,3.0,>,count
59010,E2E Full Test Corporation 1769042316 - Infrastructure,2024-01-31,P4-KPI6,Innovation Projects,P4,2.79,3.0,>,count
59010,E2E Full Test Corporation 1769042316 - Infrastructure,2024-03-01,P4-KPI6,Innovation Projects,P4,2.74,3.0,>,count
59010,E2E Full Test Corporation 1769042316 - Infrastructure,2024-03-31,P4-KPI6,Innovation Projects,P4,2.52,3.0,>,count
59010,E2E Full Test Corporation 1769042316 - Infrastructure,2024-04-30,P4-KPI6,Innovation Projects,P4,2.39,3.0,>,count
59010,E2E Full Test Corporation 1769042316 - Infrastructure,2024-05-30,P4-KPI6,Innovation Projects,P4,2.34,3.0,>,count
59010,E2E Full Test Corporation 1769042316 - Infrastructure,2024-06-29,P4-KPI6,Innovation Projects,P4,2.52,3.0,>,count
59010,E2E Full Test Corporation 1769042316 - Infrastructure,2024-07-29,P4-KPI6,Innovation Projects,P4,2.34,3.0,>,count
59010,E2E Full Test Corporation 1769042316 - Infrastructure,2024-08-28,P4-KPI6,Innovation Projects,P4,2.44,3.0,>,count
59010,E2E Full Test Corporation 1769042316 - Infrastructure,2024-09-27,P4-KPI6,Innovation Projects,P4,2.03,3.0,>,count
59010,E2E Full Test Corporation 1769042316 - Infrastructure,2024-10-27,P4-KPI6,Innovation Projects,P4,2.15,3.0,>,count
59010,E2E Full Test Corporation 1769042316 - Infrastructure,2024-11-26,P4-KPI6,Innovation Projects,P4,2.02,3.0,>,count
59010,E2E Full Test Corporation 1769042316 - Infrastructure,2024-01-01,P4-KPI7,Business Case Validation,P4,87.8,90.0,>,%
59010,E2E Full Test Corporation 1769042316 - Infrastructure,2024-01-31,P4-KPI7,Business Case Validation,P4,88.65,90.0,>,%
59010,E2E Full Test Corporation 1769042316 - Infrastructure,2024-03-01,P4-KPI7,Business Case Validation,P4,89.17,90.0,>,%
59010,E2E Full Test Corporation 1769042316 - Infrastructure,2024-03-31,P4-KPI7,Business Case Validation,P4,87.37,90.0,>,%
59010,E2E Full Test Corporation 1769042316 - Infrastructure,2024-04-30,P4-KPI7,Business Case Validation,P4,85.0,90.0,>,%
59010,E2E Full Test Corporation 1769042316 - Infrastructure,2024-05-30,P4-KPI7,Business Case Validation,P4,83.56,90.0,>,%
59010,E2E Full Test Corporation 1769042316 - Infrastructure,2024-06-29,P4-KPI7,Business Case Validation,P4,85.34,90.0,>,%
59010,E2E Full Test Corporation 1769042316 - Infrastructure,2024-07-29,P4-KPI7,Business Case Validation,P4,83.7,90.0,>,%
59010,E2E Full Test Corporation 1769042316 - Infrastructure,2024-08-28,P4-KPI7,Business Case Validation,P4,83.43,90.0,>,%
59010,E2E Full Test Corporation 1769042316 - Infrastructure,2024-09-27,P4-KPI7,Business Case Validation,P4,79.69,90.0,>,%
59010,E2E Full Test Corporation 1769042316 - Infrastructure,2024-10-27,P4-KPI7,Business Case Validation,P4,84.95,90.0,>,%
59010,E2E Full Test Corporation 1769042316 - Infrastructure,2024-11-26,P4-KPI7,Business Case Validation,P4,78.07,90.0,>,%
59010,E2E Full Test Corporation 1769042316 - Infrastructure,2024-01-01,P5-KPI1,Executive Sponsorship,P5,4.46,4.5,>,score
59010,E2E Full Test Corporation 1769042316 - Infrastructure,2024-01-31,P5-KPI1,Executive Sponsorship,P5,4.41,4.5,>,score
59010,E2E Full Test Corporation 1769042316 - Infrastructure,2024-03-01,P5-KPI1,Executive Sponsorship,P5,4.47,4.5,>,score
59010,E2E Full Test Corporation 1769042316 - Infrastructure,2024-03-31,P5-KPI1,Executive Sponsorship,P5,4.23,4.5,>,score
59010,E2E Full Test Corporation 1769042316 - Infrastructure,2024-04-30,P5-KPI1,Executive Sponsorship,P5,4.22,4.5,>,score
59010,E2E Full Test Corporation 1769042316 - Infrastructure,2024-05-30,P5-KPI1,Executive Sponsorship,P5,4.02,4.5,>,score
59010,E2E Full Test Corporation 1769042316 - Infrastructure,2024-06-29,P5-KPI1,Executive Sponsorship,P5,3.97,4.5,>,score
59010,E2E Full Test Corporation 1769042316 - Infrastructure,2024-07-29,P5-KPI1,Executive Sponsorship,P5,4.1,4.5,>,score
59010,E2E Full Test Corporation 1769042316 - Infrastructure,2024-08-28,P5-KPI1,Executive Sponsorship,P5,3.91,4.5,>,score
59010,E2E Full Test Corporation 1769042316 - Infrastructure,2024-09-27,P5-KPI1,Executive Sponsorship,P5,3.78,4.5,>,score
59010,E2E Full Test Corporation 1769042316 - Infrastructure,2024-10-27,P5-KPI1,Executive Sponsorship,P5,3.81,4.5,>,score
59010,E2E Full Test Corporation 1769042316 - Infrastructure,2024-11-26,P5-KPI1,Executive Sponsorship,P5,4.0,4.5,>,score
59010,E2E Full Test Corporation 1769042316 - Infrastructure,2024-01-01,P5-KPI2,Renewal Likelihood,P5,93.62,95.0,>,%
59010,E2E Full Test Corporation 1769042316 - Infrastructure,2024-01-31,P5-KPI2,Renewal Likelihood,P5,92.5,95.0,>,%
59010,E2E Full Test Corporation 1769042316 - Infrastructure,2024-03-01,P5-KPI2,Renewal Likelihood,P5,87.41,95.0,>,%
59010,E2E Full Test Corporation 1769042316 - Infrastructure,2024-03-31,P5-KPI2,Renewal Likelihood,P5,84.26,95.0,>,%
59010,E2E Full Test Corporation 1769042316 - Infrastructure,2024-04-30,P5-KPI2,Renewal Likelihood,P5,86.93,95.0,>,%
59010,E2E Full Test Corporation 1769042316 - Infrastructure,2024-05-30,P5-KPI2,Renewal Likelihood,P5,87.06,95.0,>,%
59010,E2E Full Test Corporation 1769042316 - Infrastructure,2024-06-29,P5-KPI2,Renewal Likelihood,P5,84.3,95.0,>,%
59010,E2E Full Test Corporation 1769042316 - Infrastructure,2024-07-29,P5-KPI2,Renewal Likelihood,P5,89.67,95.0,>,%
59010,E2E Full Test Corporation 1769042316 - Infrastructure,2024-08-28,P5-KPI2,Renewal Likelihood,P5,87.84,95.0,>,%
59010,E2E Full Test Corporation 1769042316 - Infrastructure,2024-09-27,P5-KPI2,Renewal Likelihood,P5,82.57,95.0,>,%
59010,E2E Full Test Corporation 1769042316 - Infrastructure,2024-10-27,P5-KPI2,Renewal Likelihood,P5,83.8,95.0,>,%
59010,E2E Full Test Corporation 1769042316 - Infrastructure,2024-11-26,P5-KPI2,Renewal Likelihood,P5,86.95,95.0,>,%
59010,E2E Full Test Corporation 1769042316 - Infrastructure,2024-01-01,P5-KPI3,Expansion Pipeline,P5,1.83,2.0,>,$M
59010,E2E Full Test Corporation 1769042316 - Infrastructure,2024-01-31,P5-KPI3,Expansion Pipeline,P5,1.69,2.0,>,$M
59010,E2E Full Test Corporation 1769042316 - Infrastructure,2024-03-01,P5-KPI3,Expansion Pipeline,P5,1.73,2.0,>,$M
59010,E2E Full Test Corporation 1769042316 - Infrastructure,2024-03-31,P5-KPI3,Expansion Pipeline,P5,1.52,2.0,>,$M
59010,E2E Full Test Corporation 1769042316 - Infrastructure,2024-04-30,P5-KPI3,Expansion Pipeline,P5,1.62,2.0,>,$M
59010,E2E Full Test Corporation 1769042316 - Infrastructure,2024-05-30,P5-KPI3,Expansion Pipeline,P5,1.51,2.0,>,$M
59010,E2E Full Test Corporation 1769042316 - Infrastructure,2024-06-29,P5-KPI3,Expansion Pipeline,P5,1.62,2.0,>,$M
59010,E2E Full Test Corporation 1769042316 - Infrastructure,2024-07-29,P5-KPI3,Expansion Pipeline,P5,1.55,2.0,>,$M
59010,E2E Full Test Corporation 1769042316 - Infrastructure,2024-08-28,P5-KPI3,Expansion Pipeline,P5,1.5,2.0,>,$M
59010,E2E Full Test Corporation 1769042316 - Infrastructure,2024-09-27,P5-KPI3,Expansion Pipeline,P5,1.3,2.0,>,$M
59010,E2E Full Test Corporation 1769042316 - Infrastructure,2024-10-27,P5-KPI3,Expansion Pipeline,P5,1.37,2.0,>,$M
59010,E2E Full Test Corporation 1769042316 - Infrastructure,2024-11-26,P5-KPI3,Expansion Pipeline,P5,1.34,2.0,>,$M
59010,E2E Full Test Corporation 1769042316 - Infrastructure,2024-01-01,P5-KPI4,Reference Willingness,P5,3.56,4.0,>,score
59010,E2E Full Test Corporation 1769042316 - Infrastructure,2024-01-31,P5-KPI4,Reference Willingness,P5,3.54,4.0,>,score
59010,E2E Full Test Corporation 1769042316 - Infrastructure,2024-03-01,P5-KPI4,Reference Willingness,P5,3.66,4.0,>,score
59010,E2E Full Test Corporation 1769042316 - Infrastructure,2024-03-31,P5-KPI4,Reference Willingness,P5,3.23,4.0,>,score
59010,E2E Full Test Corporation 1769042316 - Infrastructure,2024-04-30,P5-KPI4,Reference Willingness,P5,3.43,4.0,>,score
59010,E2E Full Test Corporation 1769042316 - Infrastructure,2024-05-30,P5-KPI4,Reference Willingness,P5,3.57,4.0,>,score
59010,E2E Full Test Corporation 1769042316 - Infrastructure,2024-06-29,P5-KPI4,Reference Willingness,P5,3.52,4.0,>,score
59010,E2E Full Test Corporation 1769042316 - Infrastructure,2024-07-29,P5-KPI4,Reference Willingness,P5,3.29,4.0,>,score
59010,E2E Full Test Corporation 1769042316 - Infrastructure,2024-08-28,P5-KPI4,Reference Willingness,P5,3.28,4.0,>,score
59010,E2E Full Test Corporation 1769042316 - Infrastructure,2024-09-27,P5-KPI4,Reference Willingness,P5,3.07,4.0,>,score
59010,E2E Full Test Corporation 1769042316 - Infrastructure,2024-10-27,P5-KPI4,Reference Willingness,P5,3.1,4.0,>,score
59010,E2E Full Test Corporation 1769042316 - Infrastructure,2024-11-26,P5-KPI4,Reference Willingness,P5,3.09,4.0,>,score
59010,E2E Full Test Corporation 1769042316 - Infrastructure,2024-01-01,P5-KPI5,Strategic Alignment,P5,82.7,85.0,>,score
59010,E2E Full Test Corporation 1769042316 - Infrastructure,2024-01-31,P5-KPI5,Strategic Alignment,P5,83.18,85.0,>,score
59010,E2E Full Test Corporation 1769042316 - Infrastructure,2024-03-01,P5-KPI5,Strategic Alignment,P5,82.69,85.0,>,score
59010,E2E Full Test Corporation 1769042316 - Infrastructure,2024-03-31,P5-KPI5,Strategic Alignment,P5,79.49,85.0,>,score
59010,E2E Full Test Corporation 1769042316 - Infrastructure,2024-04-30,P5-KPI5,Strategic Alignment,P5,74.16,85.0,>,score
59010,E2E Full Test Corporation 1769042316 - Infrastructure,2024-05-30,P5-KPI5,Strategic Alignment,P5,78.64,85.0,>,score
59010,E2E Full Test Corporation 1769042316 - Infrastructure,2024-06-29,P5-KPI5,Strategic Alignment,P5,80.23,85.0,>,score
59010,E2E Full Test Corporation 1769042316 - Infrastructure,2024-07-29,P5-KPI5,Strategic Alignment,P5,76.57,85.0,>,score
59010,E2E Full Test Corporation 1769042316 - Infrastructure,2024-08-28,P5-KPI5,Strategic Alignment,P5,75.21,85.0,>,score
59010,E2E Full Test Corporation 1769042316 - Infrastructure,2024-09-27,P5-KPI5,Strategic Alignment,P5,76.68,85.0,>,score
59010,E2E Full Test Corporation 1769042316 - Infrastructure,2024-10-27,P5-KPI5,Strategic Alignment,P5,70.64,85.0,>,score
59010,E2E Full Test Corporation 1769042316 - Infrastructure,2024-11-26,P5-KPI5,Strategic Alignment,P5,70.37,85.0,>,score
59010,E2E Full Test Corporation 1769042316 - Infrastructure,2024-01-01,P5-KPI6,Partnership Depth,P5,73.94,80.0,>,score
59010,E2E Full Test Corporation 1769042316 - Infrastructure,2024-01-31,P5-KPI6,Partnership Depth,P5,75.82,80.0,>,score
59010,E2E Full Test Corporation 1769042316 - Infrastructure,2024-03-01,P5-KPI6,Partnership Depth,P5,77.72,80.0,>,score
59010,E2E Full Test Corporation 1769042316 - Infrastructure,2024-03-31,P5-KPI6,Partnership Depth,P5,70.12,80.0,>,score
59010,E2E Full Test Corporation 1769042316 - Infrastructure,2024-04-30,P5-KPI6,Partnership Depth,P5,69.75,80.0,>,score
59010,E2E Full Test Corporation 1769042316 - Infrastructure,2024-05-30,P5-KPI6,Partnership Depth,P5,67.83,80.0,>,score
59010,E2E Full Test Corporation 1769042316 - Infrastructure,2024-06-29,P5-KPI6,Partnership Depth,P5,73.83,80.0,>,score
59010,E2E Full Test Corporation 1769042316 - Infrastructure,2024-07-29,P5-KPI6,Partnership Depth,P5,71.83,80.0,>,score
59010,E2E Full Test Corporation 1769042316 - Infrastructure,2024-08-28,P5-KPI6,Partnership Depth,P5,68.38,80.0,>,score
59010,E2E Full Test Corporation 1769042316 - Infrastructure,2024-09-27,P5-KPI6,Partnership Depth,P5,66.21,80.0,>,score
59010,E2E Full Test Corporation 1769042316 - Infrastructure,2024-10-27,P5-KPI6,Partnership Depth,P5,64.84,80.0,>,score
59010,E2E Full Test Corporation 1769042316 - Infrastructure,2024-11-26,P5-KPI6,Partnership Depth,P5,64.01,80.0,>,score
59010,E2E Full Test Corporation 1769042316 - Infrastructure,2024-01-01,P5-KPI7,NPS Score,P5,65.61,70.0,>,score
59010,E2E Full Test Corporation 1769042316 - Infrastructure,2024-01-31,P5-KPI7,NPS Score,P5,62.71,70.0,>,score
59010,E2E Full Test Corporation 1769042316 - Infrastructure,2024-03-01,P5-KPI7,NPS Score,P5,68.53,70.0,>,score
59010,E2E Full Test Corporation 1769042316 - Infrastructure,2024-03-31,P5-KPI7,NPS Score,P5,62.09,70.0,>,score
59010,E2E Full Test Corporation 1769042316 - Infrastructure,2024-04-30,P5-KPI7,NPS Score,P5,58.32,70.0,>,score
59010,E2E Full Test Corporation 1769042316 - Infrastructure,2024-05-30,P5-KPI7,NPS Score,P5,57.96,70.0,>,score
59010,E2E Full Test Corporation 1769042316 - Infrastructure,2024-06-29,P5-KPI7,NPS Score,P5,61.37,70.0,>,score
59010,E2E Full Test Corporation 1769042316 - Infrastructure,2024-07-29,P5-KPI7,NPS Score,P5,60.08,70.0,>,score
59010,E2E Full Test Corporation 1769042316 - Infrastructure,2024-08-28,P5-KPI7,NPS Score,P5,60.85,70.0,>,score
59010,E2E Full Test Corporation 1769042316 - Infrastructure,2024-09-27,P5-KPI7,NPS Score,P5,55.88,70.0,>,score
59010,E2E Full Test Corporation 1769042316 - Infrastructure,2024-10-27,P5-KPI7,NPS Score,P5,57.49,70.0,>,score
59010,E2E Full Test Corporation 1769042316 - Infrastructure,2024-11-26,P5-KPI7,NPS Score,P5,59.08,70.0,>,score
