B1,B2,B3,B4,B5,B6,B7,C1,C2,C3,C4,C5,C6,C7,P1,P2,P3,P4,P5,P6,P7,P8,R1,R2,R3,R4,R5,R6,S1,S2,S3,S4,S5,S6,S7,account_id,account_name,date,health_score,phase,week_number
95.19,59.68,85.11,11,80.26,78.63,86.86,51.52,20.81,5.61,31.49,6.37,76.81,96.94,16,76.88,36,42,6.15,96.01,10.12,90.08,96.61,3,7,0,4.75,74.35,88.48,32.09,3,6,99.5,87.83,88.46,10001,Account 10001,2024-01-15,89.95,healthy,3
49.63,5.33,45.21,65,65.2,37.48,41.55,576.8,98.3,26.48,154.3,1.95,45.51,53.46,2,12.88,4,10,0.83,46.24,2.78,320.04,52.82,44,117,13,1.89,29.17,42.77,3.91,1,92,66.21,76.55,53.9,10001,Account 10001,2024-01-29,34.91,crisis,5
53.19,1.94,41.69,95,56.32,41.15,46.08,466.89,96.13,35.71,183.6,1.75,50.17,67.03,4,14.54,5,9,0.43,45.85,2.2,471.73,55.23,75,153,18,1.97,29.88,38.51,2.76,0,73,53.03,78.18,49.8,10001,Account 10001,2024-01-29,34.91,crisis,5
53.44,12.82,33.73,115,52.82,49.83,46.18,521.26,129.74,26.54,123.15,1.77,52.23,53.37,4,15.56,3,9,0.68,44.97,2.42,269.62,56.61,66,141,18,2.08,29.42,52.14,0,1,75,59.12,68.93,55.92,10001,Account 10001,2024-01-29,34.91,crisis,5
52.03,14.56,32.25,70,48.1,37.5,50.16,584.84,121.17,28.18,169.38,1.82,49.34,64.42,2,11.79,3,13,0.79,45.56,2.59,431.24,54.75,67,176,13,1.69,19.51,39.34,0,1,71,55.49,75.45,43.57,10001,Account 10001,2024-01-29,34.91,crisis,5
45.4,7.84,33.41,67,49.14,51.1,51.86,380.89,129.39,42.76,120.61,1.85,48.3,48.76,3,9.09,9,11,0.42,45.36,2.14,315.5,51.82,63,112,21,1.3,27.99,54.05,0,1,86,51.4,75.99,49.26,10001,Account 10001,2024-02-05,40.77,crisis,6
50.35,4.16,40.68,63,51.88,48.22,53.93,391.19,105.46,28.27,159.88,1.74,40.86,51.0,4,8.84,4,7,0.81,43.05,1.25,360.25,51.85,94,67,15,1.53,23.85,51.45,4.51,0,84,56.27,75.1,43.05,10001,Account 10001,2024-02-05,40.77,crisis,6
38.18,1.61,32.19,71,46.08,45.7,48.78,297.54,121.05,27.02,161.82,1.87,47.19,57.97,3,8.38,5,11,0.64,52.27,2.34,258.23,52.13,88,85,26,1.39,20.68,43.38,2.76,0,76,64.59,78.68,53.73,10001,Account 10001,2024-02-05,40.77,crisis,6
48.34,9.22,40.27,122,54.54,55.52,41.96,565.06,145.84,45.5,155.3,1.87,43.65,60.2,4,9.73,5,10,0.83,42.89,2.0,421.6,50.57,93,172,14,1.53,25.88,34.91,4.33,1,62,56.15,70.41,39.04,10001,Account 10001,2024-02-05,40.77,crisis,6
48.14,16.86,44.06,106,53.82,37.62,50.86,336.99,135.04,31.69,192.4,1.45,50.35,51.51,4,12.14,4,10,1.06,44.86,1.71,456.39,54.97,67,138,18,1.89,24.59,47.21,0,0,90,54.18,71.15,59.09,10001,Account 10001,2024-02-12,46.76,crisis,7
46.21,14.72,46.38,63,56.56,35.37,41.9,419.46,140.73,34.96,133.71,1.34,47.88,48.82,3,12.57,6,13,0.58,45.32,3.09,471.86,53.52,61,91,15,1.52,29.21,51.48,0,0,77,65.46,75.97,50.14,10001,Account 10001,2024-02-12,46.76,crisis,7
44.49,1.96,47.61,61,50.32,36.69,58.82,493.89,113.48,36.08,132.22,1.3,48.49,66.09,2,11.38,4,7,1.18,47.91,1.9,341.66,54.04,64,108,12,2.18,18.93,39.51,4.14,0,54,57.8,74.27,41.35,10001,Account 10001,2024-02-12,46.76,crisis,7
57.32,14.72,46.94,107,59.36,37.24,40.75,489.43,137.97,29.25,166.25,1.9,49.71,52.4,3,15.78,7,11,0.34,48.27,1.32,424.77,54.92,78,165,13,1.93,20.01,39.49,0,1,72,58.71,67.73,44.6,10001,Account 10001,2024-02-12,46.76,crisis,7
54.76,18.24,41.75,109,49.13,46.97,46.8,383.16,85.83,36.56,131.89,1.32,47.64,50.14,5,11.52,7,14,0.52,48.23,2.82,295.75,57.43,68,94,21,1.87,27.8,39.8,0,0,73,61.37,73.71,45.53,10001,Account 10001,2024-02-12,46.76,crisis,7
70.01,5.31,30.16,111,52.03,49.49,42.05,484.88,101.37,38.83,161.49,1.35,46.47,59.49,3,19.75,7,8,0.57,46.09,2.27,346.95,57.25,79,131,12,1.39,20.74,47.1,2.92,0,86,59.53,77.06,49.53,10001,Account 10001,2024-02-19,50.99,crisis,8
61.3,5.09,41.83,105,53.08,54.57,46.05,460.86,140.44,42.47,132.92,1.65,47.24,64.93,3,24.6,7,12,0.88,50.43,1.28,286.9,59.42,69,112,18,1.5,27.23,38.32,4.65,1,63,61.69,68.49,52.34,10001,Account 10001,2024-02-19,50.99,crisis,8
59.77,16.24,43.87,112,59.18,41.32,41.95,506.53,152.35,29.36,152.96,1.9,55.65,58.61,4,19.46,3,6,0.97,47.52,1.99,260.58,57.23,92,95,13,1.48,28.63,46.35,0,1,68,67.79,71.01,41.48,10001,Account 10001,2024-02-19,50.99,crisis,8
66.45,10.07,34.18,112,47.45,46.33,53.83,515.4,154.86,38.19,168.54,1.73,48.21,55.96,4,26.59,8,13,1.03,50.05,2.72,280.26,57.51,86,116,16,1.42,19.02,51.83,0,0,79,64.94,72.9,57.21,10001,Account 10001,2024-02-19,50.99,crisis,8
58.76,3.32,47.6,61,65.97,49.77,51.9,341.16,133.86,37.68,163.88,1.96,46.95,67.44,5,47.76,8,19,1.97,70.45,4.71,426.89,93.87,23,38,8,3.02,31.32,36.46,0,1,50,56.04,71.35,46.39,10001,Account 10001,2024-02-26,53.79,at_risk,9
55.86,8.4,40.93,102,63.07,57.32,44.51,380.38,79.4,27.97,168.22,1.39,52.34,58.78,4,37.94,11,11,1.33,72.4,4.67,537.16,99.93,34,66,5,2.78,37.52,45.99,0,0,81,54.0,69.83,53.39,10001,Account 10001,2024-03-04,55.43,at_risk,10
71.53,8.19,43.46,108,50.33,43.12,54.45,315.94,101.18,30.62,131.88,1.2,41.27,52.77,8,34.16,13,15,1.67,86.92,4.1,466.17,92.69,31,62,7,2.78,37.36,40.32,4.38,1,95,55.07,64.22,43.61,10001,Account 10001,2024-03-11,58.34,at_risk,11
62.08,2.97,33.21,92,57.73,42.38,47.11,517.55,86.02,39.89,151.51,1.9,49.07,51.12,5,30.12,10,10,0.62,79.01,3.71,418.72,99.73,32,52,5,3.25,35.23,45.65,2.07,1,91,67.32,78.89,50.03,10001,Account 10001,2024-03-11,58.34,at_risk,11
67.73,24.77,52.87,117,65.26,54.56,61.13,595.14,148.24,43.65,199.57,2.14,54.41,69.35,8,48.64,15,24,2.08,81.73,4.87,812.96,100,34,69,7,3.35,49.82,53.36,5.43,1,98,68.76,78.84,59.84,10001,Account 10001,2024-03-18,60.55,at_risk,12
74.4,26.78,50.35,114,68.5,54.26,64.56,554.27,138.47,42.83,181.01,2.2,54.99,73.23,8,53.82,15,27,2.18,81.55,5.27,758.25,95.19,32,64,7,3.6,53.86,54.22,5.6,1,89,73.5,83.43,62.21,10001,Account 10001,2024-03-25,62.05,at_risk,13
75.67,32.8,56.02,89,71.62,58.1,63.85,470.73,116.32,34.81,148.42,2.45,60.84,76.81,10,56.29,18,30,2.95,82.87,5.6,612.43,100,25,53,6,3.73,57.47,61.1,7.94,1,71,75.07,79.36,65.2,10001,Account 10001,2024-04-01,66.86,at_risk,14
77.86,35.08,61.36,72,67.99,64.78,66.39,373.95,90.45,27.41,130.41,2.84,58.52,77.49,11,59.33,18,33,3.44,85.83,6.14,454.93,99.91,20,41,5,4.05,60.49,63.59,9.47,1,54,78.04,82.96,67.61,10001,Account 10001,2024-04-08,70.71,moderate,15
81.3,38.36,59.16,58,71.87,65.16,73.02,323.13,78.15,22.22,109.28,3.19,65.59,74.15,12,61.99,20,34,3.55,92.34,6.29,383.52,100,18,34,4,4.01,64.79,67.79,9.77,1,46,80.13,86.96,68.42,10001,Account 10001,2024-04-15,73.21,moderate,16
80.62,39.02,58.78,63,70.33,63.55,67.47,311.89,78.71,21.78,105.22,3.16,66.05,75.7,11,63.82,20,33,3.59,88.51,6.51,409.0,98.53,17,35,4,3.95,66.17,65.43,9.82,2,44,76.9,82.44,72.44,10001,Account 10001,2024-04-15,73.21,moderate,16
80.46,43.53,61.8,39,77.48,67.02,72.32,212.63,52.82,14.94,78.93,3.29,68.46,80.19,12,67.41,22,34,3.95,87.89,7.15,265.21,95.79,12,23,2,4.16,64.23,67.95,11.55,2,29,77.0,88.86,72.68,10001,Account 10001,2024-04-22,77.56,moderate,17
80.92,46.02,66.84,30,79.33,70.59,74.59,159.18,37.84,10.89,63.84,3.51,63.96,81.36,14,68.62,22,36,4.26,92.19,7.17,191.92,100,8,16,2,4.32,71.95,72.43,12.48,2,20,79.62,86.94,75.6,10001,Account 10001,2024-04-29,80.12,moderate,18
80.22,46.95,66.64,16,80.06,74.87,80.73,93.57,20.8,5.28,41.9,3.67,69.96,81.14,15,72.5,23,39,4.74,88.51,8.02,106.41,100,4,7,1,4.35,72.43,73.72,14.75,2,9,84.82,87.76,81.36,10001,Account 10001,2024-05-06,83.17,moderate,19
86.63,49.23,65.6,15,81.79,74.02,77.95,86.48,20.32,5.35,40.38,4.03,65.78,81.58,15,73.56,23,39,4.84,95.3,7.49,103.74,97.47,5,7,1,4.34,73.76,76.21,14.01,2,9,80.22,87.98,82.16,10001,Account 10001,2024-05-06,83.17,moderate,19
93.55,78.13,72.43,8,88.04,73.16,93.78,122.08,24.93,6.14,46.21,7.04,77.08,92.26,16,81.41,32,42,8.09,90.59,14.74,126.93,98.79,3,5,1,4.34,76.44,77.63,18.05,4,4,95.47,97.94,81.42,10001,Account 10001,2024-05-13,86.1,moderate,20
98.67,55.8,76.98,16,91.36,91.29,90.56,100.66,28.9,5.83,55.71,7.43,81.84,85.66,25,95.13,26,47,8.84,94.59,9.94,143.95,100,4,5,1,5.02,84.13,90.29,32.75,4,2,84.04,98.91,88.4,10001,Account 10001,2024-05-13,86.1,moderate,20
93.04,64.05,86.39,14,84.76,74.73,88.27,129.92,17.18,7.04,32.92,5.36,82.44,93.62,19,78.21,30,43,6.26,94.78,8.39,64.06,96.3,4,4,1,4.58,77.15,82.82,29.12,4,8,86.61,96.65,78.77,10001,Account 10001,2024-05-20,88.6,moderate,21
97.23,72.4,83.51,20,91.41,95.13,83.13,82.47,23.56,3.33,57.03,7.83,80.46,91.95,16,80.1,26,48,9.05,94.49,12.72,91.72,100,6,7,0,4.82,91.53,78.72,31.12,2,4,82.61,95.01,93.25,10001,Account 10001,2024-05-20,88.6,moderate,21
93.68,52.03,79.06,18,93.14,79.03,98.5,117.4,30.22,5.87,49.72,4.1,76.63,94.97,16,88.47,34,46,9.61,100,10.83,65.97,98.25,8,4,0,4.75,82.18,82.34,19.71,4,4,89.66,88.21,87.42,10001,Account 10001,2024-05-27,91.0,moderate,22
86.08,69.1,72.57,8,96.21,91.03,76.66,84.47,18.36,6.87,31.4,7.42,67.7,87.04,20,79.97,33,47,7.47,98.77,13.32,110.72,95.05,4,5,1,4.78,79.65,73.82,17.91,5,7,94.23,96.47,84.44,10001,Account 10001,2024-06-03,93.28,moderate,23
88.2,71.6,85.94,11,87.78,84.15,82.7,138.89,26.72,3.39,57.62,7.63,89.38,90.62,15,80.14,28,54,6.34,90.63,9.06,113.85,98.57,2,5,0,5.03,89.43,87.33,36.7,4,6,96.19,93.62,77.65,10001,Account 10001,2024-06-03,93.28,moderate,23
100,65.9,71.69,11,85.39,76.61,85.7,155.81,15.48,5.62,39.87,7.99,84.83,87.36,25,87.86,31,56,7.4,96.56,8.34,80.32,97.01,6,5,1,4.44,87.0,74.91,31.13,4,7,98.93,94.02,82.71,10001,Account 10001,2024-06-10,93.13,moderate,24
91.37,57.62,73.68,12,88.59,85.03,88.97,148.79,13.76,7.32,33.91,5.4,68.15,85.57,22,85.21,32,49,7.63,98.79,15.02,108.53,100,7,7,0,4.4,86.09,82.69,26.84,4,6,96.17,94.52,78.84,10001,Account 10001,2024-06-10,93.13,moderate,24
100,100,100,15,100,85.77,100,62.94,21.68,3.75,50.78,6.07,70.18,88.6,19,89.49,26,59,7.78,100,12.25,77.11,95.33,7,3,0,4.64,93.25,100,37.61,4,6,100,100,100,10001,Account 10001,2024-06-17,93.6,growth,25
100,100,99.85,17,100,90.0,100,75.8,17.05,8.14,35.11,6.34,77.06,84.94,23,82.74,28,42,7.07,97.23,13.17,144.07,99.13,3,7,1,5.18,93.65,100,24.74,3,3,100,100,100,10001,Account 10001,2024-06-17,93.6,growth,25
100,78.97,100,14,100,100,100,83.96,17.07,7.56,46.6,6.03,78.74,99.95,16,84.67,30,50,5.64,96.18,8.61,108.4,100,3,7,1,4.71,87.21,100,32.52,3,10,100,100,100,10001,Account 10001,2024-06-24,93.64,growth,26
100,100,100,22,100,98.14,91.26,59.95,24.16,7.74,45.62,4.0,72.48,89.85,17,75.86,28,62,6.61,92.67,9.37,72.41,94.97,8,7,1,4.71,80.03,100,41.87,6,4,100,100,100,10001,Account 10001,2024-07-01,93.73,growth,27
100,100,100,14,100,97.17,99.69,128.57,21.07,7.5,46.2,6.23,79.57,83.48,21,93.92,29,58,8.1,97.79,14.06,88.22,100,3,4,0,5.01,83.9,100,41.28,6,8,100,100,100,10001,Account 10001,2024-07-01,93.73,growth,27
100,100,100,21,95.95,98.04,100,79.4,16.97,4.23,51.48,6.82,89.69,91.29,20,77.88,33,58,7.8,94.19,12.45,84.59,99.32,4,7,0,4.84,87.48,100,69.42,3,7,100,100,100,10001,Account 10001,2024-07-01,93.73,growth,27
100,100,100,21,100,91.96,100,123.95,10.85,2.77,48.12,5.89,80.62,99.14,19,73.84,25,42,6.02,94.15,9.06,139.09,95.71,2,7,0,4.67,88.88,100,35.48,4,4,100,100,100,10001,Account 10001,2024-07-08,93.31,growth,28
100,100,100,11,100,100,100,93.72,17.89,8.16,42.8,4.72,78.78,85.44,17,81.09,28,57,6.22,92.02,7.99,50.1,96.69,6,4,1,5.15,76.3,100,63.91,6,7,100,100,100,10001,Account 10001,2024-07-08,93.31,growth,28
100,100,100,9,95.57,100,100,136.21,25.47,7.35,46.42,4.84,86.16,91.42,21,71.9,37,58,7.27,98.89,9.92,64.31,100,3,3,1,4.97,77.86,100,50.98,5,10,100,100,96.98,10001,Account 10001,2024-07-08,93.31,growth,28
100,91.81,100,15,98.31,100,100,82.59,21.14,5.52,46.12,6.45,76.82,89.1,23,88.38,35,40,8.02,98.0,8.2,141.33,100,3,4,0,4.5,78.28,100,34.98,3,9,100,100,100,10001,Account 10001,2024-07-15,93.08,growth,29
100,84.24,100,14,100,92.99,92.27,118.04,15.91,7.61,40.38,4.85,79.01,96.66,24,88.24,39,54,9.2,96.71,8.22,91.04,98.82,5,5,0,4.95,94.99,100,30.09,4,3,100,100,100,10001,Account 10001,2024-07-15,93.08,growth,29
100,60.68,84.9,18,100,92.31,91.41,108.47,29.16,2.58,50.78,6.05,89.48,92.85,18,86.8,35,50,5.52,98.34,13.44,128.07,100,8,6,1,4.61,89.24,100,38.69,5,9,100,100,100,10001,Account 10001,2024-07-22,93.46,growth,30
100,96.21,100,22,93.91,100,95.02,148.51,14.9,4.89,59.4,7.88,79.92,87.3,16,78.45,35,51,7.73,95.45,11.58,58.17,98.43,6,5,0,4.66,83.07,100,28.4,5,5,100,100,100,10001,Account 10001,2024-07-29,93.78,growth,31
100,70.17,100,9,100,91.33,96.43,65.42,13.59,4.97,41.27,5.14,82.69,93.78,16,85.63,34,42,8.93,93.0,8.87,85.1,100,5,6,1,4.82,80.42,100,38.81,5,6,100,100,100,10001,Account 10001,2024-08-05,93.49,growth,32
100,84.27,100,8,100,100,99.44,141.97,25.9,7.03,50.92,6.57,68.98,89.97,17,83.33,26,58,6.7,94.97,11.14,95.63,96.57,3,3,0,4.74,92.62,100,40.42,5,7,100,100,100,10001,Account 10001,2024-08-05,93.49,growth,32
100,60.87,92.55,11,94.97,100,100,97.64,12.2,2.15,55.04,6.09,82.79,85.16,24,79.9,33,57,8.8,92.34,9.04,80.42,100,6,6,0,4.84,77.39,100,36.58,3,7,100,100,100,10001,Account 10001,2024-08-12,93.59,growth,33
100,60.65,94.85,15,100,90.64,96.35,50.17,26.07,3.04,38.98,4.95,75.03,90.72,22,89.06,29,56,7.34,96.65,9.06,147.01,95.66,2,5,0,4.8,74.77,99.34,35.8,6,8,100,100,100,10001,Account 10001,2024-08-12,93.59,growth,33
100,94.55,100,20,93.91,100,100,76.64,19.01,3.14,44.71,7.24,86.65,88.1,18,81.53,31,50,4.98,96.06,10.6,130.84,100,7,8,1,4.85,94.31,100,49.56,6,9,100,100,100,10001,Account 10001,2024-08-19,93.51,growth,34
100,97.9,100,9,96.54,95.01,100,72.84,27.16,6.32,39.36,5.29,79.77,93.49,22,80.76,34,54,8.75,95.48,9.2,82.26,100,6,5,1,4.46,81.65,100,40.22,5,5,100,100,100,10001,Account 10001,2024-08-19,93.51,growth,34
100,100,100,18,100,100,91.57,122.92,26.68,3.25,39.42,5.05,88.48,93.94,17,86.83,37,44,6.33,99.28,14.15,65.08,100,5,7,1,4.86,79.68,100,51.79,3,3,100,100,100,10001,Account 10001,2024-08-26,93.6,growth,35
100,77.76,100,20,100,100,100,68.53,16.01,5.86,55.82,5.8,77.67,91.5,17,79.1,31,43,7.03,92.22,13.2,61.07,100,5,7,1,4.61,76.89,100,44.77,3,7,100,100,100,10001,Account 10001,2024-09-02,93.43,growth,36
100,81.71,100,12,99.64,100,96.48,64.66,25.23,5.48,40.42,4.27,75.68,89.77,24,83.53,29,47,9.95,97.32,14.11,79.99,94.74,2,5,1,4.97,89.06,100,27.14,3,9,100,100,100,10001,Account 10001,2024-09-09,93.63,growth,37
100,72.63,100,16,99.51,96.71,100,114.92,25.93,2.7,51.23,7.3,75.87,90.09,22,80.92,33,43,7.8,93.65,10.88,141.5,100,5,6,0,4.4,74.09,98.35,42.22,6,4,100,100,100,10001,Account 10001,2024-09-16,93.9,growth,38
100,83.89,98.01,21,100,100,100,112.81,25.59,6.2,35.35,7.93,74.47,89.23,16,88.69,28,49,8.91,90.76,11.47,63.51,99.59,3,7,1,4.63,78.3,100,31.2,3,9,100,100,95.64,10001,Account 10001,2024-09-16,93.9,growth,38
100,86.53,100,17,100,91.46,100,142.45,24.78,5.5,58.87,7.56,82.57,95.49,20,85.82,30,50,9.33,99.26,8.41,68.45,96.99,4,8,1,4.56,81.43,100,51.24,6,4,100,100,100,10001,Account 10001,2024-09-23,94.07,growth,39
100,67.74,100,11,90.17,92.67,98.22,57.52,24.82,2.5,44.52,7.3,88.99,88.33,22,89.47,34,40,6.7,94.57,10.91,120.65,100,5,5,1,4.61,82.21,100,45.67,4,9,100,100,100,10001,Account 10001,2024-09-23,94.07,growth,39
100,93.39,92.44,14,100,100,100,103.6,11.25,2.27,34.15,5.88,84.43,85.34,19,81.49,39,44,6.83,92.81,10.99,141.35,99.4,3,3,1,4.77,91.45,100,28.25,3,3,100,100,100,10001,Account 10001,2024-09-23,94.07,growth,39
100,98.23,100,19,98.34,100,100,143.53,10.61,5.38,48.1,4.63,87.01,87.19,18,81.17,26,49,6.42,89.97,12.48,66.58,98.73,5,4,0,4.76,79.82,100,34.67,6,3,100,100,100,10001,Account 10001,2024-09-30,93.75,growth,40
100,94.58,100,13,100,98.85,89.47,89.26,11.25,7.21,32.51,6.66,90.71,90.91,24,97.18,27,50,5.73,97.71,10.32,126.6,96.26,3,3,0,4.52,92.45,100,48.98,5,7,100,100,100,10001,Account 10001,2024-10-07,93.51,growth,41
100,75.0,100,9,100,96.6,98.01,145.21,18.53,5.3,34.13,7.67,80.95,90.75,19,83.67,38,58,5.94,90.3,11.56,70.09,98.78,5,4,1,4.72,88.34,100,35.17,5,3,100,100,100,10001,Account 10001,2024-10-07,93.51,growth,41
100,90.91,100,15,100,94.51,99.63,75.77,14.73,5.55,58.63,4.64,86.71,94.93,18,90.32,27,52,7.5,94.14,12.98,121.51,100,6,3,1,4.54,84.14,100,32.84,3,3,100,100,100,10001,Account 10001,2024-10-07,93.51,growth,41
100,75.79,89.73,21,100,100,98.0,133.57,10.6,7.53,54.93,7.89,76.26,87.7,24,87.72,27,42,9.39,91.78,15.01,82.27,100,6,5,1,4.61,81.98,100,29.58,3,8,100,100,100,10001,Account 10001,2024-10-14,93.52,growth,42
100,79.04,91.97,15,97.67,100,99.28,73.0,22.99,6.57,41.87,5.55,80.34,88.47,21,90.74,35,55,10.19,92.06,9.36,126.64,95.65,5,7,1,4.88,86.38,100,30.9,5,4,100,100,100,10001,Account 10001,2024-10-21,93.37,growth,43
100,100,100,15,100,95.72,100,90.72,23.97,2.73,46.16,5.79,78.12,97.44,18,85.58,37,59,6.84,93.09,13.68,64.54,100,7,4,0,4.98,84.2,100,64.7,4,3,100,100,100,10001,Account 10001,2024-10-28,93.17,growth,44
100,100,100,11,97.21,99.79,100,142.24,13.96,7.31,58.02,6.21,75.26,99.28,16,79.01,32,45,8.98,92.61,11.83,94.36,100,7,3,1,4.64,94.18,100,33.52,6,10,100,100,100,10001,Account 10001,2024-10-28,93.17,growth,44
100,100,100,20,100,96.75,100,56.6,24.89,7.08,54.85,4.59,77.73,88.13,20,88.15,25,45,9.33,94.35,13.86,137.23,100,4,8,0,4.49,82.51,100,69.94,5,9,100,100,99.9,10001,Account 10001,2024-10-28,93.17,growth,44
99.3,85.6,94.63,18,97.91,99.14,100,111.89,11.14,7.44,34.26,5.3,80.48,90.23,16,80.05,38,58,5.49,90.6,15.13,92.54,96.53,5,8,1,4.58,85.13,96.15,33.74,5,6,100,100,100,10001,Account 10001,2024-11-04,93.17,growth,45
100,75.51,86.68,19,100,96.31,100,136.43,24.04,4.59,43.29,6.15,79.2,91.31,22,91.21,37,58,8.79,93.25,8.79,137.96,94.88,6,3,0,4.71,93.16,100,23.17,3,3,100,100,100,10001,Account 10001,2024-11-04,93.17,growth,45
100,100,100,12,99.83,93.51,99.11,66.11,19.74,6.52,54.48,5.65,69.36,85.89,18,90.89,40,46,9.08,87.77,10.52,145.23,97.53,3,6,1,4.8,87.29,100,39.29,6,3,100,100,100,10001,Account 10001,2024-11-11,93.5,growth,46
100,100,100,22,100,98.01,100,108.69,16.84,4.32,50.51,6.55,73.04,87.69,16,76.34,39,45,6.78,92.45,8.08,131.32,100,5,3,1,5.1,80.81,100,54.13,5,5,100,100,100,10001,Account 10001,2024-11-11,93.5,growth,46
100,92.39,100,17,100,88.63,100,125.53,10.89,2.9,54.95,4.47,69.98,98.74,24,95.82,38,39,8.32,92.47,8.74,73.19,95.53,5,6,1,4.9,84.64,100,31.98,4,4,100,100,100,10001,Account 10001,2024-11-11,93.5,growth,46
100,100,100,23,100,98.58,99.52,96.01,21.5,6.23,43.32,7.31,82.44,90.61,16,84.02,36,58,9.27,92.41,12.79,71.01,100,3,8,1,4.61,89.63,100,55.55,4,9,100,100,100,10001,Account 10001,2024-11-18,93.48,growth,47
100,95.21,100,17,100,99.42,100,133.35,24.29,7.48,34.97,5.42,86.66,84.98,19,91.08,41,52,7.66,91.4,10.27,79.98,100,3,5,0,4.96,90.44,100,46.49,3,4,100,100,100,10001,Account 10001,2024-11-18,93.48,growth,47
100,100,100,19,100,99.48,93.12,117.93,12.81,6.64,53.47,6.91,72.69,92.88,21,83.93,41,53,9.13,88.82,10.36,117.24,100,5,4,1,4.57,84.18,100,52.56,4,6,100,100,100,10001,Account 10001,2024-11-18,93.48,growth,47
100,96.7,92.21,18,100,100,95.16,77.03,12.12,3.81,59.12,7.75,84.75,97.24,17,80.87,30,52,6.88,98.84,11.4,86.43,100,7,5,1,4.77,78.6,100,42.44,6,9,100,100,100,10001,Account 10001,2024-11-25,93.14,growth,48
100,83.7,100,21,95.48,100,100,107.37,17.55,4.28,41.21,4.88,67.22,96.35,17,80.7,34,50,8.22,94.33,8.48,57.33,100,2,3,1,4.84,94.78,100,48.38,5,7,100,100,100,10001,Account 10001,2024-12-02,93.55,growth,49
100,95.62,100,8,100,96.7,100,95.08,12.13,4.52,41.03,7.83,82.77,84.82,18,82.79,28,62,8.93,94.67,8.65,53.27,96.35,5,2,0,4.85,76.83,100,47.38,6,10,100,100,100,10001,Account 10001,2024-12-09,93.21,growth,50
100,89.81,100,12,93.15,97.07,97.14,85.98,15.71,2.83,35.15,5.17,86.56,87.2,15,75.2,29,44,7.84,99.04,10.39,104.51,97.13,4,5,1,4.82,76.75,100,40.94,6,5,100,100,100,10001,Account 10001,2024-12-09,93.21,growth,50
100,99.54,100,23,98.69,100,100,89.64,27.19,2.56,38.63,7.01,84.48,85.41,17,86.04,35,40,8.68,93.42,12.39,124.46,100,5,4,1,4.76,86.85,100,43.99,6,7,100,100,100,10001,Account 10001,2024-12-16,92.98,growth,51
100,100,100,9,100,100,100,120.65,12.75,3.53,39.68,4.94,83.09,95.09,20,91.09,32,50,5.81,95.61,13.83,59.27,100,6,4,1,4.96,87.97,100,51.41,5,10,100,100,100,10001,Account 10001,2024-12-16,92.98,growth,51
95.9,60.27,80.82,12,95.49,96.21,92.76,75.55,10.51,6.71,54.59,6.05,83.01,89.92,21,74.57,36,41,9.54,94.86,9.62,64.17,100,6,8,0,4.74,95.59,93.55,35.06,5,8,100,100,98.46,10001,Account 10001,2024-12-23,92.81,growth,52
98.81,57.67,78.78,22,98.7,93.92,100,92.24,14.76,6.91,33.22,7.73,88.69,85.86,19,77.77,27,41,5.84,92.35,12.49,56.93,96.51,2,2,0,4.83,92.95,100,21.54,6,6,100,100,100,10001,Account 10001,2024-12-23,92.81,growth,52
91.27,46.01,68.39,54,77.03,68.38,72.14,258.46,65.49,19.01,101.47,3.24,63.77,78.66,12,65.63,21,34,3.64,92.8,6.8,345.98,100,15,30,3,4.15,66.42,80.94,12.81,2,38,78.84,87.31,69.24,10002,Account 10002,2024-01-01,75,healthy,1
89.41,45.88,72.73,52,73.58,69.36,70.17,271.76,68.43,19.99,96.19,3.16,62.66,76.91,12,67.78,20,35,3.62,90.54,7.01,340.32,94.1,16,31,3,3.97,64.53,81.05,13.41,2,39,79.17,86.58,73.98,10002,Account 10002,2024-01-01,75,healthy,1
94.19,48.24,70.71,50,71.73,65.27,75.25,244.02,59.0,18.54,91.71,3.21,61.38,81.65,13,67.49,21,34,3.94,86.04,6.6,327.31,95.78,14,29,3,4.01,62.77,84.14,13.28,2,37,80.75,82.56,73.16,10002,Account 10002,2024-01-08,75.85,healthy,2
94.73,48.35,72.0,48,76.83,67.17,72.83,245.29,58.34,17.67,90.55,3.11,61.54,81.1,13,67.23,22,34,3.92,89.11,7.1,315.44,97.33,14,29,3,4.12,67.73,80.38,14.19,2,37,76.56,84.81,75.26,10002,Account 10002,2024-01-08,75.85,healthy,2
87.33,47.97,70.76,47,77.74,65.54,72.5,242.02,62.93,17.57,89.74,3.13,63.05,75.74,12,67.66,21,35,3.83,88.78,6.73,315.87,100,15,27,3,4.23,66.72,83.58,13.44,2,35,77.29,86.04,69.97,10002,Account 10002,2024-01-08,75.85,healthy,2
89.04,49.34,75.95,40,72.99,70.49,73.77,196.32,47.01,14.5,75.95,3.49,68.5,82.46,13,66.34,22,36,4.18,89.42,6.87,253.26,96.05,12,21,2,4.02,65.09,82.0,15.09,2,28,77.86,86.72,75.24,10002,Account 10002,2024-01-15,77.98,healthy,3
97.89,50.71,75.56,29,80.41,68.46,75.93,163.59,36.97,10.2,62.7,3.72,66.78,79.53,14,70.67,23,38,4.51,86.22,7.25,200.31,95.5,9,17,2,4.14,70.54,88.95,15.66,2,20,82.75,91.61,78.12,10002,Account 10002,2024-01-22,80.09,healthy,4
93.48,52.0,74.63,30,79.31,69.1,76.26,150.65,36.37,10.26,64.71,3.5,67.25,85.91,14,71.21,23,38,4.35,88.91,7.39,191.12,100,9,16,2,4.43,72.29,83.66,15.8,2,21,78.26,87.45,79.42,10002,Account 10002,2024-01-22,80.09,healthy,4
97.45,49.61,78.84,30,80.7,70.32,72.57,158.84,35.7,10.26,60.31,3.72,64.13,84.26,14,70.98,22,37,4.34,93.35,7.59,188.41,100,9,16,2,4.12,71.62,82.06,15.0,2,21,78.08,83.7,78.47,10002,Account 10002,2024-01-22,80.09,healthy,4
79.16,44.98,63.08,32,73.58,71.26,78.65,165.02,39.54,11.46,68.12,3.68,65.53,79.91,14,67.93,23,37,4.42,91.44,7.21,199.35,96.39,9,16,2,4.32,69.65,70.71,12.57,2,22,81.0,87.97,78.59,10002,Account 10002,2024-01-29,79.75,healthy,5
81.23,44.25,64.54,30,74.1,69.67,72.59,159.17,38.44,11.11,64.86,3.41,64.61,85.79,13,73.08,24,37,4.31,94.83,7.11,198.18,98.93,9,17,2,4.15,67.73,72.74,12.33,2,21,82.75,89.11,77.8,10002,Account 10002,2024-01-29,79.75,healthy,5
81.22,43.28,67.97,29,79.83,72.97,79.51,169.95,40.97,10.61,63.45,3.62,64.96,81.79,14,70.0,22,38,4.3,88.34,7.41,215.11,100,9,17,2,4.38,73.17,71.69,13.02,2,21,82.15,87.77,78.97,10002,Account 10002,2024-01-29,79.75,healthy,5
83.77,47.01,66.17,30,75.59,68.89,77.35,154.29,37.29,10.68,65.1,3.58,64.76,80.13,13,68.65,24,36,4.2,91.22,7.4,193.69,96.32,9,16,2,4.18,69.49,72.21,13.24,2,22,85.18,84.34,75.87,10002,Account 10002,2024-02-05,79.93,healthy,6
98.27,54.04,77.19,25,80.81,70.57,73.4,134.57,34.82,8.97,60.42,3.66,67.07,82.8,13,74.03,22,39,4.69,86.6,7.26,167.92,98.24,8,14,1,4.18,70.35,85.05,16.23,2,18,85.49,92.27,74.26,10002,Account 10002,2024-02-12,80.86,healthy,7
96.16,54.5,75.57,26,78.71,68.44,74.84,144.2,34.77,8.68,56.57,3.74,69.51,84.89,13,72.23,24,39,4.3,95.32,7.64,170.76,100,7,13,1,4.38,72.69,83.75,15.86,2,18,81.5,84.55,76.75,10002,Account 10002,2024-02-12,80.86,healthy,7
98.82,51.33,78.69,26,75.96,72.36,78.43,145.73,33.01,9.39,57.19,3.67,69.53,79.56,14,70.1,24,37,4.65,90.55,7.77,171.33,100,8,13,1,4.54,67.43,82.37,15.42,2,17,85.54,91.57,78.56,10002,Account 10002,2024-02-12,80.86,healthy,7
100,63.76,85.64,24,75.31,72.85,73.82,128.18,32.61,8.4,57.8,3.7,65.78,80.19,13,70.37,22,36,4.48,95.43,7.35,171.25,95.64,7,12,1,4.42,71.75,100,19.15,2,16,86.75,85.97,75.34,10002,Account 10002,2024-02-19,81.14,healthy,8
100,64.06,85.51,26,73.91,74.12,75.4,141.39,31.53,9.05,57.91,3.73,70.28,82.84,14,67.67,24,38,4.43,94.3,7.83,173.77,96.66,7,12,1,4.51,72.82,100,19.81,2,17,80.38,91.84,78.81,10002,Account 10002,2024-02-19,81.14,healthy,8
90.55,53.89,73.78,26,73.84,69.87,77.83,138.37,31.34,8.91,55.52,3.72,64.95,79.03,14,70.17,23,39,4.67,91.26,7.15,168.01,94.79,7,14,1,4.46,70.78,86.37,15.28,2,17,85.42,85.06,74.89,10002,Account 10002,2024-02-26,80.99,healthy,9
93.13,54.81,77.34,25,74.26,68.96,79.7,140.28,31.65,9.04,54.6,3.77,69.55,78.78,14,73.8,23,36,4.61,93.18,7.61,176.36,100,7,14,1,4.18,73.53,85.46,15.39,2,17,80.37,89.13,74.89,10002,Account 10002,2024-02-26,80.99,healthy,9
94.7,54.8,77.22,18,82.42,72.96,79.78,103.93,23.34,6.08,45.62,3.98,69.85,84.83,15,70.98,23,37,4.55,94.09,7.34,119.5,95.47,5,9,1,4.57,70.31,91.66,17.22,2,11,83.59,88.14,79.49,10002,Account 10002,2024-03-04,82.61,healthy,10
94.86,54.28,74.44,19,81.33,72.54,81.99,101.0,23.76,5.92,44.02,3.74,66.55,87.43,15,76.21,24,40,4.84,88.92,7.86,118.32,99.62,5,9,1,4.23,70.72,86.52,17.22,2,11,82.08,90.05,80.64,10002,Account 10002,2024-03-04,82.61,healthy,10
86.1,45.99,71.55,17,80.04,71.15,82.09,100.79,21.94,5.94,46.13,3.98,69.02,86.47,14,74.62,25,38,4.68,88.36,8.1,122.18,96.11,5,8,1,4.47,74.79,73.72,14.15,2,11,81.24,86.65,78.07,10002,Account 10002,2024-03-11,82.74,healthy,11
84.55,48.17,69.09,16,75.99,73.08,79.16,100.12,22.37,6.07,45.33,3.94,67.65,82.06,14,72.93,24,38,4.93,89.9,7.71,119.74,96.87,5,9,1,4.19,69.41,73.06,14.55,2,11,81.66,91.28,81.91,10002,Account 10002,2024-03-11,82.74,healthy,11
100,62.28,93.1,11,79.24,71.89,82.95,70.09,14.57,3.35,34.25,3.98,72.47,81.58,14,75.79,25,40,4.97,96.05,8.24,74.82,96.35,3,4,0,4.41,73.68,100,21.55,2,5,80.64,86.09,77.69,10002,Account 10002,2024-03-18,84.12,healthy,12
100,63.17,89.56,11,82.51,71.71,77.95,70.94,14.42,3.52,34.67,4.05,70.96,84.74,15,73.48,24,38,4.95,87.4,8.17,74.65,100,3,5,0,4.67,76.24,100,21.91,2,5,88.32,89.46,81.26,10002,Account 10002,2024-03-18,84.12,healthy,12
100,64.01,95.79,11,82.75,74.56,78.73,70.12,14.49,3.44,34.43,3.92,67.46,87.58,15,75.93,25,40,4.79,95.06,7.94,73.09,97.49,3,5,0,4.38,74.57,100,22.01,2,5,83.07,91.67,80.65,10002,Account 10002,2024-03-18,84.12,healthy,12
96.0,68.0,82.79,14,98.16,99.37,91.75,60.9,16.8,5.7,52.32,6.16,73.15,88.54,18,86.69,36,39,9.16,92.49,9.39,51.45,100,4,5,0,5.11,78.22,100,27.11,6,5,100,100,100,10002,Account 10002,2024-03-25,86.34,growth,13
96.62,72.41,85.81,8,95.92,94.48,95.24,62.9,13.39,6.44,60.12,5.24,84.73,89.59,16,74.43,36,45,9.0,98.03,8.5,49.11,100,4,3,0,5.03,82.57,100,21.77,3,9,100,100,100,10002,Account 10002,2024-03-25,86.34,growth,13
100,92.03,79.03,20,95.25,92.81,100,47.66,10.88,2.19,38.11,7.28,89.48,87.09,18,84.98,26,52,6.67,92.12,10.34,115.62,100,3,8,0,4.59,81.1,96.84,29.24,5,3,100,100,100,10002,Account 10002,2024-03-25,86.34,growth,13
100,57.7,81.43,11,100,100,100,140.99,23.29,3.41,51.41,6.08,80.91,96.77,17,75.52,31,50,8.84,93.83,12.79,115.93,100,5,2,1,4.64,87.43,96.79,22.18,6,10,100,100,100,10002,Account 10002,2024-04-01,87.54,growth,14
100,68.39,100,13,95.62,100,100,150.98,23.49,5.15,47.85,7.68,77.13,88.97,24,74.79,29,41,9.43,98.24,13.69,55.69,100,3,3,0,4.67,91.56,95.79,25.4,6,4,100,100,100,10002,Account 10002,2024-04-01,87.54,growth,14
94.79,84.32,84.98,20,100,98.25,100,130.78,23.57,3.88,41.07,4.34,81.49,95.49,16,80.42,29,40,8.37,90.39,13.41,128.87,100,3,6,0,4.75,80.48,100,42.55,4,8,100,100,100,10002,Account 10002,2024-04-01,87.54,growth,14
100,100,100,17,100,100,100,119.6,15.68,5.8,36.95,4.27,76.51,90.59,16,83.25,32,43,8.86,97.14,12.25,97.09,97.12,2,2,1,4.7,98.59,100,60.02,3,9,100,100,100,10002,Account 10002,2024-04-08,89.15,growth,15
100,100,100,14,100,95.05,100,59.44,12.11,3.04,34.22,4.98,89.6,94.28,18,92.05,37,51,8.58,89.66,14.87,111.95,98.32,4,7,0,4.63,82.13,100,86.08,6,6,100,100,100,10002,Account 10002,2024-04-08,89.15,growth,15
100,100,100,23,94.28,85.31,100,127.89,11.42,3.79,33.69,6.5,85.82,92.81,20,90.29,39,57,8.55,94.06,12.41,101.8,100,8,8,0,4.52,87.49,100,60.22,6,4,100,100,100,10002,Account 10002,2024-04-08,89.15,growth,15
100,100,100,10,100,96.46,100,106.46,20.66,5.44,46.11,5.84,92.37,88.61,19,77.06,27,47,8.85,93.98,10.4,129.52,100,3,6,1,4.79,84.76,100,51.49,4,4,100,100,100,10002,Account 10002,2024-04-08,89.15,growth,15
100,100,100,14,97.81,99.1,100,65.51,11.58,6.18,45.17,4.61,69.39,92.95,18,84.79,28,54,8.89,98.65,11.44,109.3,96.43,3,2,1,4.54,87.7,100,60.04,2,7,100,100,100,10002,Account 10002,2024-04-15,90.69,growth,16
100,100,100,8,100,98.2,95.66,113.77,26.03,6.12,54.65,7.98,82.52,98.46,24,76.42,38,58,5.45,95.67,10.05,109.81,97.39,3,8,0,4.51,89.94,100,41.29,6,3,100,100,100,10002,Account 10002,2024-04-15,90.69,growth,16
100,99.72,100,15,100,100,100,120.9,17.49,2.89,43.55,4.55,80.71,95.78,17,94.38,33,53,5.31,96.73,12.65,66.75,99.54,7,6,0,4.7,91.27,100,68.89,6,7,100,100,100,10002,Account 10002,2024-04-15,90.69,growth,16
100,100,100,13,98.25,100,100,110.03,24.09,2.09,34.99,7.28,77.88,92.04,16,82.41,40,44,6.29,94.13,15.21,88.52,100,6,7,0,4.67,77.83,100,76.36,3,8,100,100,100,10002,Account 10002,2024-04-15,90.69,growth,16
100,100,100,17,97.28,99.92,100,143.65,26.3,4.57,60.03,4.7,77.51,95.22,23,81.33,36,53,8.79,89.56,8.09,146.63,98.03,7,6,1,4.79,89.1,100,42.55,4,7,100,100,100,10002,Account 10002,2024-04-22,91.87,growth,17
100,76.1,100,13,100,100,100,69.77,28.25,5.27,31.63,7.59,92.74,94.77,24,81.3,39,53,7.51,95.03,10.14,56.03,100,6,2,0,4.41,86.03,100,38.62,3,10,100,100,100,10002,Account 10002,2024-04-22,91.87,growth,17
100,100,100,19,100,100,100,68.54,17.54,5.48,43.31,7.22,74.4,91.27,20,86.89,31,52,8.99,95.84,10.48,148.95,100,8,8,1,4.66,82.94,100,34.27,5,3,100,100,100,10002,Account 10002,2024-04-22,91.87,growth,17
100,100,100,13,93.76,92.34,96.91,110.37,13.27,5.34,38.63,4.84,74.75,96.8,22,96.91,29,45,5.46,96.61,13.12,114.42,100,7,6,0,4.81,76.66,100,58.9,6,4,100,100,100,10002,Account 10002,2024-04-29,92.85,growth,18
100,90.18,100,11,100,93.97,99.93,70.63,22.6,5.03,50.22,4.14,75.96,88.52,16,85.69,36,50,6.79,93.47,11.04,97.21,100,3,7,1,4.74,98.35,100,39.03,7,6,100,100,100,10002,Account 10002,2024-04-29,92.85,growth,18
100,100,100,13,100,95.47,90.54,86.42,13.65,3.26,61.27,7.08,87.51,89.66,23,79.53,38,44,10.04,99.57,10.25,80.0,100,3,8,0,5.04,84.04,100,59.87,5,5,100,100,100,10002,Account 10002,2024-04-29,92.85,growth,18
100,91.4,100,18,100,100,90.68,108.6,14.16,5.21,38.44,6.62,85.87,87.57,23,78.34,35,48,6.25,93.77,10.05,110.76,94.87,2,3,1,4.71,83.02,100,61.34,5,10,100,100,99.63,10002,Account 10002,2024-04-29,92.85,growth,18
100,100,100,13,96.97,100,96.23,76.69,25.7,4.94,33.3,5.13,75.74,88.17,19,82.04,37,46,8.29,100,13.67,77.36,100,8,7,1,4.43,90.77,100,55.95,5,6,100,100,100,10002,Account 10002,2024-05-06,93.99,growth,19
100,100,100,13,91.95,87.03,100,75.44,26.57,6.69,58.25,6.81,70.92,92.62,21,79.8,31,39,7.6,93.22,14.74,94.75,97.78,8,2,1,4.49,94.7,100,58.53,4,6,100,100,100,10002,Account 10002,2024-05-06,93.99,growth,19
100,100,100,24,95.95,100,96.77,97.9,15.61,7.74,47.83,7.0,77.6,94.26,21,89.12,35,48,8.96,97.45,10.25,51.15,99.03,5,3,0,4.89,80.17,100,44.78,4,9,100,100,100,10002,Account 10002,2024-05-06,93.99,growth,19
100,100,100,16,100,93.56,93.5,109.9,16.95,4.87,45.61,7.1,83.57,92.31,18,89.27,38,45,6.08,92.24,14.52,80.15,95.7,5,7,0,5.24,81.38,100,55.07,5,8,100,100,100,10002,Account 10002,2024-05-06,93.99,growth,19
100,69.47,100,22,100,87.16,100,51.09,13.84,4.99,35.04,6.72,83.94,94.85,20,79.26,32,50,8.77,99.27,13.21,129.38,100,5,4,1,4.71,88.86,100,47.54,4,6,100,100,100,10002,Account 10002,2024-05-13,95.22,growth,20
100,86.67,100,15,95.88,96.59,100,59.94,15.67,6.55,45.33,6.18,85.05,91.67,19,89.79,30,41,7.62,97.85,14.24,143.94,100,4,7,1,4.59,80.64,100,40.28,6,7,100,100,100,10002,Account 10002,2024-05-13,95.22,growth,20
100,95.84,99.7,9,100,91.89,100,131.97,12.37,5.8,36.46,6.2,73.23,90.36,18,95.62,40,45,9.26,95.86,14.58,87.73,96.34,3,3,1,4.66,88.15,100,45.28,5,10,100,100,100,10002,Account 10002,2024-05-20,96.8,growth,21
100,84.38,100,19,99.81,100,97.75,124.61,29.12,4.08,44.92,4.88,74.5,85.96,17,96.59,37,57,4.91,90.92,10.33,115.14,100,5,5,0,4.88,84.64,100,45.12,5,5,100,100,100,10002,Account 10002,2024-05-20,96.8,growth,21
100,100,95.13,21,100,100,89.24,154.26,19.14,6.63,54.2,6.28,81.99,94.29,18,78.49,34,45,8.66,92.71,15.55,100.25,98.46,4,5,1,4.65,84.01,100,51.82,3,5,100,100,100,10002,Account 10002,2024-05-20,96.8,growth,21
100,100,100,18,100,93.86,100,85.89,27.47,7.47,54.77,6.7,71.55,97.35,24,91.44,37,50,5.48,97.44,14.97,86.6,95.95,3,5,1,4.7,78.16,100,71.96,5,5,100,100,100,10002,Account 10002,2024-05-27,98,growth,22
100,100,100,16,98.84,100,100,119.86,26.68,4.47,50.2,6.6,90.33,90.35,23,90.24,37,60,8.83,95.47,14.69,127.2,100,4,3,0,4.86,96.23,100,48.73,6,4,100,100,100,10002,Account 10002,2024-05-27,98,growth,22
100,100,100,12,96.16,90.27,100,71.78,13.21,2.86,47.97,7.92,80.69,88.7,19,88.12,28,49,4.96,98.46,13.55,107.9,99.79,5,5,0,4.79,87.39,100,61.85,6,3,100,100,100,10002,Account 10002,2024-05-27,98,growth,22
100,92.42,100,22,100,100,100,61.6,21.65,3.47,33.7,6.04,79.31,91.03,19,86.48,31,58,5.61,96.48,11.62,95.27,100,4,3,0,4.98,88.79,100,58.54,4,6,100,100,100,10002,Account 10002,2024-05-27,98,growth,22
100,84.39,100,21,100,100,100,58.34,29.01,2.94,44.52,7.7,78.89,95.49,22,94.65,38,41,7.85,93.12,14.29,84.62,99.22,2,6,0,4.75,77.22,100,33.81,3,6,100,100,100,10002,Account 10002,2024-06-03,98,growth,23
100,82.52,100,14,99.93,95.65,100,57.33,22.24,6.09,29.73,7.93,74.97,92.55,19,87.06,28,58,6.43,94.14,12.58,146.28,98.23,7,3,1,4.81,74.68,100,32.48,5,5,100,100,97.44,10002,Account 10002,2024-06-03,98,growth,23
100,79.44,100,19,97.04,93.66,99.41,79.61,19.49,5.28,47.52,6.35,76.71,90.38,20,73.94,32,45,9.54,93.92,11.47,126.1,96.5,3,6,1,4.94,75.0,100,58.81,3,8,100,100,95.72,10002,Account 10002,2024-06-10,98,growth,24
100,100,100,23,97.62,94.24,100,64.26,29.45,3.5,52.24,6.07,79.25,92.92,22,88.37,35,50,6.79,88.26,11.08,107.31,100,3,4,0,4.86,84.68,100,57.22,4,7,100,100,100,10002,Account 10002,2024-06-10,98,growth,24
100,96.64,100,18,100,94.54,98.92,125.06,20.45,3.18,37.79,6.5,80.39,92.64,23,83.01,31,42,8.89,91.57,7.88,60.05,100,5,4,1,4.48,78.62,100,62.57,6,7,100,100,100,10002,Account 10002,2024-06-17,97.45,growth,25
100,100,100,8,100,89.01,100,98.11,17.7,6.41,32.32,5.46,80.69,91.72,23,81.6,27,44,5.58,96.59,14.17,120.04,96.21,3,6,1,4.85,92.51,100,44.29,6,7,100,100,100,10002,Account 10002,2024-06-17,97.45,growth,25
100,89.7,100,19,96.32,92.39,100,118.04,14.27,7.11,36.01,4.32,86.12,86.62,22,78.36,33,56,6.13,99.32,11.27,71.76,100,7,6,0,4.63,82.69,100,47.48,5,3,100,100,100,10002,Account 10002,2024-06-17,97.45,growth,25
100,100,89.18,10,95.9,100,100,139.48,21.98,7.97,39.23,5.09,78.59,87.54,18,87.27,38,52,8.32,98.95,9.93,53.15,95.02,3,3,0,4.42,90.85,100,49.17,5,3,100,100,100,10002,Account 10002,2024-06-24,97.92,growth,26
100,72.89,100,14,100,94.89,100,72.74,17.56,4.59,36.89,8.16,80.79,90.53,24,72.84,25,49,6.77,90.55,11.45,58.15,98.15,6,3,0,4.52,90.81,100,45.23,6,5,100,100,100,10002,Account 10002,2024-06-24,97.92,growth,26
100,100,100,12,93.71,100,89.46,89.27,21.25,2.79,55.55,5.68,75.27,94.15,18,82.23,24,41,8.69,93.99,11.46,109.92,100,3,5,0,4.56,88.07,100,44.25,3,8,100,100,100,10002,Account 10002,2024-07-01,98,growth,27
100,100,100,18,100,92.0,100,61.49,13.64,3.61,33.11,6.84,69.27,91.32,16,92.42,33,51,8.4,100,12.33,83.16,100,6,8,0,4.82,82.04,100,47.91,5,9,100,100,100,10002,Account 10002,2024-07-01,98,growth,27
100,98.44,100,21,95.56,100,100,67.15,16.54,2.15,51.98,4.29,73.71,97.73,19,88.94,36,47,5.39,95.53,14.72,140.22,100,5,6,0,4.49,76.9,100,67.51,3,10,100,100,100,10002,Account 10002,2024-07-01,98,growth,27
100,99.81,100,11,98.52,97.2,95.59,59.27,26.23,2.29,44.51,5.78,86.53,98.83,20,74.47,33,48,7.25,95.29,14.54,93.75,98.13,5,4,1,4.87,90.89,100,62.61,3,8,100,100,100,10002,Account 10002,2024-07-01,98,growth,27
100,97.93,100,9,98.59,92.36,100,84.88,23.3,3.99,32.78,5.69,69.13,90.06,25,88.97,28,59,6.35,98.81,11.8,56.52,100,4,6,0,4.43,87.74,100,40.11,5,7,100,100,100,10002,Account 10002,2024-07-08,98,growth,28
100,74.42,100,20,98.15,89.72,100,81.54,27.33,7.44,50.64,7.5,76.73,96.11,21,76.76,36,44,7.77,93.99,9.05,93.76,100,2,5,0,5.08,86.73,100,32.93,4,8,100,100,100,10002,Account 10002,2024-07-08,98,growth,28
100,100,93.37,21,97.12,100,95.96,107.8,15.57,5.57,30.24,6.61,70.28,93.66,16,79.43,35,57,5.88,99.28,8.56,135.42,100,5,5,0,4.9,79.17,100,45.36,3,5,100,100,100,10002,Account 10002,2024-07-08,98,growth,28
100,90.8,100,8,100,100,100,94.29,29.8,7.68,50.76,7.58,82.34,85.34,20,80.12,31,48,6.0,94.8,15.06,87.78,100,6,5,1,4.5,90.74,100,32.15,5,3,100,100,100,10002,Account 10002,2024-07-15,97.37,growth,29
100,91.81,90.64,10,100,92.47,92.68,58.51,23.58,3.08,31.7,5.14,73.35,95.44,19,81.34,40,45,9.19,94.74,11.9,137.11,97.57,5,6,0,4.77,79.91,100,41.47,6,8,100,100,100,10002,Account 10002,2024-07-15,97.37,growth,29
100,88.58,100,17,98.52,89.27,96.38,142.08,15.01,7.52,51.53,6.82,72.87,86.65,24,90.53,33,45,6.73,96.13,11.65,78.16,100,8,6,1,4.68,89.18,100,24.64,3,8,100,100,100,10002,Account 10002,2024-07-15,97.37,growth,29
100,100,100,22,100,95.45,95.02,147.7,26.65,4.35,32.8,5.54,85.53,85.29,15,78.74,29,52,6.62,93.23,12.1,83.42,100,6,7,0,5.08,85.09,100,47.82,3,10,100,100,99.71,10002,Account 10002,2024-07-22,97.16,growth,30
100,100,100,12,93.82,100,96.73,139.06,25.39,2.91,54.11,6.58,80.98,85.77,21,79.9,31,51,7.23,94.43,12.33,51.76,97.54,4,8,1,4.69,82.12,100,58.88,5,5,100,100,100,10002,Account 10002,2024-07-22,97.16,growth,30
100,81.49,100,13,97.12,92.39,95.68,98.54,12.6,4.98,52.64,7.98,71.32,92.23,16,82.34,28,56,8.16,90.79,11.08,61.95,97.31,3,5,1,4.56,77.83,100,48.96,4,9,100,100,100,10002,Account 10002,2024-07-22,97.16,growth,30
100,83.4,100,22,100,100,96.7,80.59,11.89,2.25,30.68,4.3,74.3,94.13,26,87.83,30,58,7.51,95.64,7.81,69.53,99.23,4,4,0,4.62,77.22,100,40.78,3,5,100,100,100,10002,Account 10002,2024-07-29,97.36,growth,31
100,100,100,16,97.51,98.53,98.34,63.84,13.47,7.13,55.28,7.72,83.32,89.98,22,89.9,27,46,6.23,100,11.36,80.75,99.73,5,4,1,4.68,84.92,100,59.78,5,4,100,100,100,10002,Account 10002,2024-07-29,97.36,growth,31
100,84.92,100,22,100,90.01,100,55.29,20.56,3.52,45.97,4.84,81.39,87.95,21,73.72,28,47,9.47,96.92,8.41,53.28,97.97,8,5,0,4.41,84.17,100,35.93,6,5,100,100,100,10002,Account 10002,2024-07-29,97.36,growth,31
100,100,100,18,99.99,99.65,100,125.14,11.76,4.96,35.71,6.58,85.99,86.29,20,91.83,35,44,7.96,93.56,11.58,80.54,100,7,2,1,4.33,94.9,100,62.96,5,8,100,100,100,10002,Account 10002,2024-07-29,97.36,growth,31
100,100,100,13,91.06,91.13,100,117.78,25.66,5.04,32.92,6.76,84.21,92.84,24,85.81,36,43,6.27,100,13.73,144.47,96.86,7,3,0,4.71,77.34,100,38.4,4,3,100,100,100,10002,Account 10002,2024-08-05,98,growth,32
100,100,100,13,89.29,100,100,133.36,15.76,3.76,54.56,6.5,75.9,94.96,19,75.95,32,52,8.6,91.88,7.99,103.4,100,5,5,1,4.65,96.54,100,46.34,3,7,100,100,100,10002,Account 10002,2024-08-05,98,growth,32
100,88.56,100,12,100,100,97.69,121.64,9.59,5.87,35.74,6.63,92.01,88.16,22,89.33,40,49,8.98,95.35,10.32,113.78,100,8,8,0,4.87,80.76,100,50.49,6,4,100,100,100,10002,Account 10002,2024-08-05,98,growth,32
100,76.98,100,23,100,86.66,100,50.09,17.36,6.77,50.93,5.72,76.04,91.13,22,84.87,26,49,5.0,96.7,13.04,70.3,98.38,5,5,1,4.8,85.77,100,42.28,4,10,100,100,100,10002,Account 10002,2024-08-05,98,growth,32
100,100,100,16,100,97.36,100,134.86,14.62,3.5,45.34,8.07,81.16,97.04,19,90.24,40,48,9.87,92.81,10.71,124.21,95.12,5,4,0,4.68,87.23,100,63.48,4,7,100,100,100,10002,Account 10002,2024-08-12,98,growth,33
100,100,100,24,95.14,87.52,100,91.58,20.09,2.46,56.06,5.28,90.96,87.78,20,79.91,29,49,9.32,95.97,11.68,133.92,100,3,7,0,4.82,94.76,100,68.69,5,6,100,100,100,10002,Account 10002,2024-08-12,98,growth,33
100,100,100,9,100,94.06,100,151.36,15.81,5.93,32.12,4.51,85.98,94.75,15,87.94,40,52,7.61,88.58,12.81,113.12,97.21,6,6,1,4.54,79.27,100,40.21,3,9,100,100,100,10002,Account 10002,2024-08-12,98,growth,33
100,98.7,100,24,91.2,87.96,94.51,140.45,14.77,3.42,51.96,5.31,89.05,93.68,24,92.72,38,60,6.67,96.91,10.29,62.43,100,7,3,0,4.68,80.27,100,40.84,3,8,100,100,100,10002,Account 10002,2024-08-19,97.61,growth,34
100,100,100,20,100,90.49,100,134.79,26.76,5.46,33.87,4.7,88.72,91.55,21,84.75,36,59,8.47,97.0,10.55,56.04,100,3,3,1,5.06,91.69,100,57.23,4,6,100,100,100,10002,Account 10002,2024-08-19,97.61,growth,34
100,83.22,100,13,99.05,100,92.01,70.08,19.63,5.49,51.19,8.13,78.82,82.69,16,84.94,31,46,7.86,95.21,12.45,110.32,100,2,6,0,4.63,92.27,100,31.6,3,8,100,100,100,10002,Account 10002,2024-08-19,97.61,growth,34
100,81.99,100,15,100,91.81,100,50.07,24.37,6.26,30.04,5.0,77.61,89.87,16,84.6,39,48,9.64,98.3,8.93,64.83,100,5,3,0,4.54,82.52,100,29.89,4,6,100,100,100,10002,Account 10002,2024-08-26,98,growth,35
100,72.83,100,22,100,100,100,115.44,16.26,6.03,43.04,8.03,84.05,91.94,24,80.33,37,43,8.2,93.39,14.32,132.39,99.44,3,2,0,5.02,75.81,100,36.51,5,10,100,100,100,10002,Account 10002,2024-08-26,98,growth,35
100,75.24,100,9,100,100,95.07,81.38,20.35,2.07,37.93,6.53,81.77,92.48,24,90.17,35,53,6.65,96.03,8.59,80.09,95.15,8,6,1,4.81,76.36,100,39.35,5,8,100,100,100,10002,Account 10002,2024-08-26,98,growth,35
100,89.6,84.27,21,100,100,92.36,121.8,11.01,6.42,47.46,7.12,81.3,90.39,19,82.12,35,47,7.1,98.91,10.96,115.1,98.81,8,7,0,4.88,81.48,100,23.31,3,3,100,100,100,10002,Account 10002,2024-09-02,98,growth,36
100,82.37,91.38,16,92.09,100,93.79,136.61,18.77,3.48,44.13,4.32,75.13,100,21,84.28,30,54,6.89,91.35,9.58,79.51,100,7,7,1,4.74,99.15,100,26.2,4,6,100,100,100,10002,Account 10002,2024-09-02,98,growth,36
100,92.93,100,11,95.3,93.75,98.38,76.49,15.88,4.32,31.71,7.5,80.07,86.39,24,76.64,35,47,6.95,97.85,8.95,137.46,100,7,7,1,4.98,74.23,100,42.01,4,5,100,100,100,10002,Account 10002,2024-09-09,98,growth,37
100,67.51,100,14,98.52,100,100,59.19,10.9,7.41,51.11,4.57,73.89,97.69,17,91.46,37,42,8.76,95.56,11.08,138.46,99.25,5,3,0,5.09,78.6,100,40.92,6,8,100,100,100,10002,Account 10002,2024-09-09,98,growth,37
100,88.24,100,22,97.74,92.26,96.36,146.0,28.42,2.55,34.96,5.65,89.61,93.81,19,88.34,36,55,8.41,93.28,14.09,55.45,99.58,2,6,0,4.79,88.18,100,27.21,3,4,100,100,100,10002,Account 10002,2024-09-09,98,growth,37
100,82.37,100,14,100,99.99,98.86,97.35,18.93,5.55,55.4,4.49,78.94,96.23,20,82.09,27,46,7.32,95.18,13.02,121.09,100,7,7,1,4.89,84.8,100,49.33,3,4,100,100,100,10002,Account 10002,2024-09-16,98,growth,38
100,80.17,100,18,99.01,98.29,100,51.3,24.5,5.16,53.62,6.87,77.75,95.59,20,76.53,30,54,6.92,98.66,13.59,82.37,96.88,2,6,0,4.71,88.23,100,39.03,6,8,100,100,100,10002,Account 10002,2024-09-16,98,growth,38
100,87.38,100,20,100,96.53,100,52.6,18.93,7.71,45.21,7.47,91.05,90.67,20,85.57,35,51,6.66,100,12.58,118.5,100,4,3,1,4.77,78.01,100,39.04,6,3,100,100,100,10002,Account 10002,2024-09-16,98,growth,38
100,90.87,100,16,100,100,96.75,59.99,22.06,7.39,56.93,7.66,70.95,89.72,24,86.21,33,54,7.19,97.43,14.97,89.84,100,7,3,0,5.21,89.0,100,48.9,3,5,100,100,100,10002,Account 10002,2024-09-23,98,growth,39
100,95.26,100,18,100,100,99.99,123.36,30.32,6.83,34.95,5.92,84.55,82.32,20,85.64,26,49,5.96,98.28,15.01,108.31,98.58,7,7,0,4.58,77.74,100,41.25,6,9,100,100,100,10002,Account 10002,2024-09-23,98,growth,39
100,93.85,100,20,100,100,100,139.95,26.62,2.94,54.84,7.52,69.14,92.65,20,78.07,28,50,6.94,99.89,14.8,68.16,96.54,4,3,1,5.02,84.03,100,32.9,3,10,100,100,99.51,10002,Account 10002,2024-09-23,98,growth,39
100,87.29,100,17,96.41,85.95,100,129.44,11.96,3.82,33.77,5.24,73.88,87.36,17,85.62,39,44,7.69,97.55,9.04,134.75,97.8,6,8,0,5.04,76.4,100,41.26,5,9,100,100,100,10002,Account 10002,2024-09-30,97.58,growth,40
100,95.77,100,17,100,100,100,147.95,17.19,5.49,43.57,7.58,73.43,85.57,24,94.63,40,59,6.94,99.79,13.86,77.53,100,5,4,0,4.88,76.73,100,36.59,3,9,100,100,100,10002,Account 10002,2024-09-30,97.58,growth,40
100,80.08,100,13,100,98.33,100,66.2,15.0,3.37,35.86,6.74,75.86,91.36,16,84.89,31,52,6.41,95.21,8.46,130.97,97.63,7,6,1,4.7,80.71,100,39.89,5,3,100,100,99.9,10002,Account 10002,2024-09-30,97.58,growth,40
100,100,100,17,100,100,100,116.73,19.4,7.58,33.7,5.75,90.25,93.11,22,97.67,27,45,8.06,92.72,10.64,73.89,100,8,8,1,4.81,95.76,100,33.15,4,8,100,100,100,10002,Account 10002,2024-10-07,97.33,growth,41
100,80.54,100,24,100,87.93,100,140.05,28.24,7.83,44.86,5.82,88.82,89.06,22,74.14,28,55,8.63,96.69,11.26,133.36,96.16,6,4,1,4.47,94.98,100,28.7,3,4,100,100,100,10002,Account 10002,2024-10-07,97.33,growth,41
100,73.04,100,21,100,100,100,113.84,11.69,7.61,35.91,4.69,86.57,84.81,16,81.08,38,43,7.75,94.47,13.71,81.68,97.1,3,6,0,4.6,94.54,100,37.99,6,7,100,100,100,10002,Account 10002,2024-10-07,97.33,growth,41
100,82.13,100,16,99.64,92.11,94.58,146.13,13.59,4.38,43.17,5.05,70.28,98.46,18,91.63,29,50,9.36,96.12,11.08,86.06,100,4,5,1,4.72,87.68,100,58.25,5,4,100,100,100,10002,Account 10002,2024-10-14,97.37,growth,42
100,91.62,100,22,100,100,96.12,90.2,14.49,5.37,58.59,4.81,86.59,96.1,21,73.59,34,63,5.27,89.76,8.56,100.23,97.13,6,6,0,4.87,87.35,100,27.68,6,2,100,100,100,10002,Account 10002,2024-10-14,97.37,growth,42
100,100,100,12,97.51,90.94,100,139.14,19.46,2.3,47.67,6.76,73.62,90.67,22,86.3,39,45,8.4,97.79,9.01,102.75,99.42,8,2,1,4.8,87.46,100,54.97,3,7,100,100,100,10002,Account 10002,2024-10-14,97.37,growth,42
100,100,100,12,100,100,100,104.31,12.35,2.57,45.13,5.83,80.86,97.49,19,85.73,38,61,8.92,93.71,14.17,122.55,97.83,3,2,0,4.39,87.55,100,57.37,5,9,100,100,100,10002,Account 10002,2024-10-21,97.53,growth,43
100,100,100,24,100,87.33,98.09,106.25,28.58,3.97,37.43,7.38,75.62,90.44,15,94.45,39,38,8.38,88.84,9.67,61.26,100,6,3,1,4.69,92.33,100,69.64,4,3,100,100,100,10002,Account 10002,2024-10-21,97.53,growth,43
100,96.76,100,19,100,88.74,96.36,78.66,19.99,6.79,37.56,7.83,78.93,93.35,19,84.87,27,56,6.81,93.98,13.29,96.62,99.67,8,6,0,4.4,83.1,100,54.13,4,7,100,100,100,10002,Account 10002,2024-10-21,97.53,growth,43
100,92.0,100,23,100,94.9,100,123.08,27.13,7.56,41.61,5.09,82.76,88.92,17,86.51,32,43,5.36,96.85,12.06,112.38,98.01,6,6,0,4.66,89.73,100,75.37,4,3,100,100,100,10002,Account 10002,2024-10-21,97.53,growth,43
100,83.72,100,20,95.89,100,100,95.86,29.1,2.69,40.91,6.14,82.21,88.27,16,77.78,31,50,8.09,89.31,11.54,96.47,100,3,5,1,4.74,89.45,100,57.88,5,6,100,100,100,10002,Account 10002,2024-10-28,98,growth,44
100,100,100,24,97.65,100,98.04,82.31,25.14,5.59,32.6,5.81,73.83,86.01,22,95.07,34,46,9.66,96.71,14.04,145.91,100,4,6,1,4.91,89.53,100,52.45,3,6,100,100,100,10002,Account 10002,2024-10-28,98,growth,44
100,82.53,100,20,100,100,100,62.83,19.76,3.45,58.89,7.59,87.98,88.25,15,80.28,34,48,5.31,92.19,10.94,111.31,99.82,4,4,1,4.66,81.57,100,45.18,4,3,100,100,100,10002,Account 10002,2024-10-28,98,growth,44
100,87.89,100,25,100,100,100,104.83,18.9,3.83,40.4,5.93,71.1,88.63,16,88.37,29,60,8.43,89.02,11.42,107.12,99.2,5,6,1,4.38,91.15,100,63.86,4,10,100,100,100,10002,Account 10002,2024-11-04,98,growth,45
100,82.46,100,9,100,88.33,98.02,73.5,26.57,3.91,57.03,6.34,76.52,93.7,20,89.89,29,44,5.97,95.8,14.12,142.1,97.5,8,5,1,4.76,86.71,100,27.57,6,3,100,100,100,10002,Account 10002,2024-11-04,98,growth,45
100,97.56,100,22,100,92.3,96.21,127.17,20.79,5.59,48.54,4.86,76.06,95.34,16,77.53,32,58,7.8,98.89,10.8,81.99,100,5,5,0,4.69,79.28,100,56.82,5,5,100,100,100,10002,Account 10002,2024-11-04,98,growth,45
100,100,100,8,100,96.85,97.77,68.88,20.11,7.61,55.76,4.99,83.21,90.93,18,82.54,33,52,5.15,98.99,11.53,116.09,95.24,3,6,1,5.22,89.87,100,36.34,4,4,100,100,100,10002,Account 10002,2024-11-04,98,growth,45
100,84.36,100,17,95.5,93.77,100,85.57,19.72,5.26,47.09,3.91,83.51,88.98,24,91.19,38,44,10.02,92.09,9.37,128.89,100,4,6,0,4.52,88.98,100,28.5,3,8,100,100,100,10002,Account 10002,2024-11-11,97.9,growth,46
100,77.21,100,16,100,99.66,100,62.69,11.37,6.63,35.3,4.39,72.21,90.9,23,83.36,38,46,9.51,93.92,8.03,93.58,96.14,7,2,0,4.7,81.34,100,34.45,3,8,100,100,100,10002,Account 10002,2024-11-11,97.9,growth,46
100,83.72,100,13,89.28,95.62,94.69,79.96,12.01,2.54,49.9,4.54,79.22,90.86,16,87.53,27,51,7.66,91.51,13.33,112.25,100,4,7,1,4.57,85.18,100,23.93,4,6,100,100,100,10002,Account 10002,2024-11-18,97.73,growth,47
100,97.86,98.79,12,100,90.41,93.84,76.1,15.31,8.01,41.31,5.34,81.34,95.03,16,90.22,38,54,6.31,90.3,12.54,148.94,100,2,3,1,4.66,76.46,100,45.27,4,8,100,100,100,10002,Account 10002,2024-11-18,97.73,growth,47
100,100,100,22,100,100,100,122.65,27.13,2.17,31.87,5.64,83.61,97.28,20,79.14,37,50,7.39,93.02,13.43,111.53,100,4,3,1,4.98,95.38,100,34.23,5,8,100,100,100,10002,Account 10002,2024-11-25,98,growth,48
100,99.14,100,14,100,99.32,100,98.6,20.03,7.87,60.27,7.4,85.44,92.49,23,83.15,26,46,6.63,97.99,9.82,126.74,96.34,5,7,0,4.8,79.6,100,48.52,4,3,100,100,100,10002,Account 10002,2024-11-25,98,growth,48
100,71.5,100,14,95.31,99.49,100,53.48,20.7,3.93,31.1,6.06,81.07,90.54,20,88.65,25,48,8.96,90.02,12.23,76.82,97.97,8,6,1,5.02,78.51,100,44.29,5,6,100,100,100,10002,Account 10002,2024-11-25,98,growth,48
100,86.71,100,14,90.04,100,97.02,131.97,24.01,6.22,51.54,7.84,72.07,89.4,16,87.69,38,53,5.99,100,9.36,113.44,100,3,3,0,4.88,83.3,100,49.83,3,8,100,100,100,10002,Account 10002,2024-12-02,98,growth,49
100,100,100,15,93.61,91.02,95.98,93.95,13.88,5.2,55.29,4.91,81.34,99.78,21,79.66,32,55,5.54,91.88,13.0,58.97,100,7,4,0,4.78,89.14,100,31.85,3,10,100,100,99.42,10002,Account 10002,2024-12-02,98,growth,49
100,100,100,17,100,96.9,100,109.72,24.26,6.52,40.95,8.22,72.38,81.46,24,77.44,33,44,9.31,95.67,15.29,135.88,96.1,7,2,0,4.75,95.96,100,48.37,5,5,100,100,100,10002,Account 10002,2024-12-02,98,growth,49
100,92.28,100,10,96.82,100,100,89.56,14.08,4.02,43.46,5.37,68.63,93.81,26,79.56,38,42,7.92,98.52,13.03,52.5,100,2,4,0,4.97,93.82,100,31.96,5,6,100,100,99.66,10002,Account 10002,2024-12-09,97.47,growth,50
100,67.67,94.2,19,96.23,100,100,92.22,15.54,2.26,48.23,5.86,88.7,98.81,23,76.34,38,56,5.91,97.83,12.16,89.67,97.33,3,2,1,4.56,77.35,100,27.23,6,5,100,100,100,10002,Account 10002,2024-12-09,97.47,growth,50
100,70.26,94.45,14,100,97.81,97.88,63.77,10.21,5.89,32.75,7.47,68.85,96.24,16,81.61,34,58,8.49,91.9,14.32,65.15,100,6,4,1,4.73,85.42,100,26.5,4,9,100,100,100,10002,Account 10002,2024-12-09,97.47,growth,50
100,98.75,96.84,21,91.27,100,98.81,88.55,12.12,4.74,36.67,6.73,80.38,94.65,20,81.36,34,44,9.46,95.13,9.77,140.04,96.8,3,7,0,4.57,96.26,100,31.29,4,9,100,100,100,10002,Account 10002,2024-12-09,97.47,growth,50
100,88.9,100,22,99.03,100,100,67.53,23.18,6.64,49.03,5.51,89.25,96.36,21,88.07,26,54,8.54,100,12.25,133.76,100,8,8,0,4.65,82.89,100,44.16,5,7,100,100,97.98,10002,Account 10002,2024-12-16,98,growth,51
100,63.92,82.92,12,100,100,100,134.9,15.27,4.64,45.53,7.55,73.02,90.72,16,85.35,34,58,8.22,96.54,10.62,109.59,95.51,6,7,1,4.84,88.47,100,37.77,4,7,100,100,100,10002,Account 10002,2024-12-16,98,growth,51
100,88.1,81.73,17,100,97.18,94.63,90.51,30.88,5.23,44.24,6.62,79.87,90.4,19,89.63,37,60,8.22,92.0,12.45,145.36,100,3,4,0,4.92,75.74,96.17,29.6,5,3,100,100,100,10002,Account 10002,2024-12-16,98,growth,51
100,71.3,95.88,14,97.99,85.39,100,81.8,27.72,4.88,33.55,4.48,78.83,100,16,76.05,38,50,7.61,93.74,12.68,57.82,100,7,7,0,4.46,78.79,100,37.55,6,7,100,100,100,10002,Account 10002,2024-12-23,97.6,growth,52
100,65.59,99.93,22,98.61,99.58,95.64,60.93,20.73,2.32,31.07,6.4,81.56,95.98,17,77.35,39,42,10.02,98.38,11.37,84.2,95.61,7,7,0,5.04,83.85,100,23.83,5,8,100,100,100,10002,Account 10002,2024-12-23,97.6,growth,52
74.48,32.55,58.5,90,71.73,60.77,63.8,449.87,108.9,33.94,151.83,2.52,59.06,75.67,10,56.2,18,30,2.9,90.66,6.14,579.61,98.76,26,49,6,3.61,59.22,60.91,8.22,1,72,70.93,78.97,63.5,10003,Account 10003,2024-01-08,67.25,at_risk,2
75.15,30.93,54.32,95,71.03,61.84,67.83,480.73,119.58,35.08,165.93,2.51,56.1,74.19,10,56.4,18,30,2.63,90.44,5.62,619.96,96.94,28,52,6,3.59,57.98,59.17,7.25,1,75,71.89,80.82,63.01,10003,Account 10003,2024-01-15,66.17,at_risk,3
74.84,28.61,54.95,108,66.77,59.71,62.94,503.8,130.86,40.09,178.91,2.31,57.84,73.76,9,52.4,16,28,2.37,88.48,5.31,730.51,95.51,32,62,7,3.65,52.04,59.87,6.3,1,80,71.1,84.11,63.7,10003,Account 10003,2024-01-22,63.26,at_risk,4
70.28,26.76,52.34,110,66.92,54.17,62.16,578.88,146.9,43.95,189.19,2.14,55.6,69.2,8,50.33,16,25,2.15,88.14,5.2,740.44,99.15,33,66,8,3.45,51.54,55.11,5.55,1,87,72.56,84.18,59.77,10003,Account 10003,2024-01-29,61.54,at_risk,5
65.64,12.18,34.18,74,59.99,39.99,44.24,504.73,151.73,44.49,176.4,1.22,51.31,67.61,8,36.72,12,10,1.01,73.94,3.41,532.25,93.32,19,39,6,3.32,46.19,52.23,3.21,0,67,61.08,71.55,45.72,10003,Account 10003,2024-02-19,54.64,at_risk,8
54.43,11.95,39.05,90,63.83,37.11,50.29,557.14,112.45,41.76,163.98,1.42,51.5,64.89,4,23.76,7,7,0.94,47.54,2.27,465.17,58.39,84,136,19,1.14,18.14,38.46,0,1,89,57.33,76.52,40.26,10003,Account 10003,2024-03-18,49.21,crisis,12
62.09,17.12,33.27,102,49.91,42.22,42.12,438.61,100.7,35.62,153.91,1.85,43.67,66.31,3,28.33,4,10,0.4,49.73,1.21,276.98,56.83,69,144,13,1.56,18.92,54.87,0,1,48,63.17,75.94,56.82,10003,Account 10003,2024-03-25,46.46,crisis,13
55.03,0.51,38.56,106,63.32,46.35,58.46,319.41,118.29,37.6,189.78,1.79,49.51,65.01,4,23.34,4,11,0.52,47.31,1.37,332.78,55.14,62,148,11,1.62,23.8,40.07,0,0,98,62.79,71.64,44.29,10003,Account 10003,2024-04-01,46.19,crisis,14
65.15,5.34,35.61,78,46.86,53.12,55.45,343.65,142.5,36.24,132.7,1.21,54.97,69.69,3,18.18,5,8,0.63,46.24,1.51,316.1,57.1,72,119,11,1.32,28.71,53.85,3.43,1,89,59.0,79.09,42.72,10003,Account 10003,2024-04-01,46.19,crisis,14
55.13,16.02,51.37,83,50.05,44.22,52.4,437.25,136.31,30.7,176.65,1.76,47.42,62.02,2,26.26,9,14,0.32,51.51,1.29,249.98,59.3,44,130,16,1.91,17.61,50.55,4.0,0,88,71.42,67.43,54.2,10003,Account 10003,2024-04-08,45.83,crisis,15
58.47,3.63,37.74,91,49.72,42.27,52.18,543.36,98.1,42.38,121.47,1.94,39.76,60.68,3,15.83,5,14,0.43,43.21,1.96,329.48,54.96,55,135,17,1.7,19.44,54.21,0,0,61,60.73,66.8,59.31,10003,Account 10003,2024-04-15,45.1,crisis,16
47.54,14.86,45.03,118,61.17,38.55,43.17,473.56,100.88,41.82,189.57,1.68,45.8,51.95,2,13.11,7,13,1.12,50.35,2.96,365.8,55.28,65,146,14,1.61,23.23,47.96,0,0,84,62.41,67.59,41.68,10003,Account 10003,2024-04-15,45.1,crisis,16
51.15,0.16,28.84,102,56.41,36.75,41.91,537.88,116.41,31.61,139.68,1.6,50.08,57.34,4,29.0,4,15,0.94,45.49,1.26,265.18,60.21,69,100,18,1.56,23.66,39.22,3.99,0,79,69.41,72.5,44.84,10003,Account 10003,2024-04-22,44.86,crisis,17
60.41,20.64,29.82,92,54.9,47.41,53.96,357.0,132.64,40.06,190.1,1.32,55.31,51.49,5,27.73,6,15,0.56,42.33,2.61,267.12,61.04,80,125,11,1.72,18.84,38.47,1.65,0,64,61.36,72.88,49.06,10003,Account 10003,2024-04-22,44.86,crisis,17
46.07,9.31,28.94,81,61.34,38.95,47.97,346.44,101.1,30.11,130.1,1.72,53.67,66.11,2,7.05,5,6,0.45,48.13,2.42,460.1,49.53,83,168,18,1.57,21.67,35.22,0,0,90,70.35,63.41,47.81,10003,Account 10003,2024-04-29,43.85,crisis,18
48.92,3.13,41.33,98,51.38,46.59,46.39,426.91,114.73,26.41,147.21,1.23,47.08,50.08,4,8.81,5,12,0.3,50.32,2.58,294.3,52.46,56,66,19,1.64,20.94,52.93,0,1,80,54.16,70.7,55.45,10003,Account 10003,2024-04-29,43.85,crisis,18
49.5,14.6,42.66,93,49.95,54.14,43.68,403.96,104.39,45.54,179.49,2.06,44.22,53.32,2,11.44,7,9,0.82,41.83,2.79,265.35,58.24,68,147,17,1.58,27.17,54.0,3.97,1,50,66.56,73.35,53.13,10003,Account 10003,2024-05-06,41.07,crisis,19
46.18,15.36,49.54,100,64.14,38.61,52.76,327.72,133.77,33.79,159.89,1.67,47.81,66.96,4,14.69,9,12,0.49,43.95,1.53,239.15,54.21,46,80,15,1.46,27.88,38.12,4.6,0,92,65.07,69.73,40.12,10003,Account 10003,2024-05-13,40.07,crisis,20
48.42,11.47,37.18,80,58.88,42.06,51.39,507.92,136.92,42.78,146.05,1.47,47.56,62.95,4,13.16,6,15,0.8,48.39,2.24,339.31,57.16,81,127,15,1.8,20.33,46.52,1.58,1,89,58.93,76.39,49.95,10003,Account 10003,2024-05-13,40.07,crisis,20
43.95,8.09,32.97,101,63.16,35.93,40.3,514.49,136.48,35.88,158.26,1.27,47.54,61.31,4,15.08,6,11,1.06,50.35,1.15,425.79,54.88,45,75,22,1.65,23.25,43.53,3.09,0,56,61.38,75.29,60.56,10003,Account 10003,2024-05-20,39.84,crisis,21
51.55,5.81,47.36,82,49.27,35.5,47.9,455.25,116.47,28.09,154.31,1.55,43.07,52.11,3,15.28,7,8,0.41,49.25,1.75,420.41,55.19,84,80,21,1.97,27.89,49.01,3.6,0,89,72.54,73.27,50.72,10003,Account 10003,2024-05-20,39.84,crisis,21
62.44,20.65,30.53,75,45.5,53.8,57.76,514.43,143.0,40.38,137.38,1.39,47.0,71.93,5,28.73,6,7,0.65,51.12,2.33,355.17,59.16,62,102,19,2.1,31.02,36.92,0,1,61,63.83,78.37,45.52,10003,Account 10003,2024-05-27,36.9,crisis,22
64.23,3.1,38.55,114,50.4,42.92,53.86,372.74,101.9,37.53,142.39,1.58,39.71,60.18,2,26.21,8,11,0.85,49.82,2.15,408.02,57.28,85,63,17,1.0,30.94,48.1,0,0,62,64.54,75.85,59.43,10003,Account 10003,2024-06-03,36.2,crisis,23
69.73,7.18,41.62,78,52.8,48.29,54.76,402.9,151.32,39.0,169.52,1.91,53.04,60.39,4,20.42,8,10,1.21,41.34,2.62,294.89,55.71,87,129,12,0.93,28.03,52.74,4.78,1,65,51.77,78.96,48.86,10003,Account 10003,2024-06-03,36.2,crisis,23
53.56,17.39,46.87,72,48.41,49.63,54.74,447.83,80.81,45.04,122.83,1.79,47.2,53.26,2,13.9,3,13,0.53,44.5,1.97,431.07,52.66,90,90,22,1.52,27.44,52.22,0,0,97,63.62,75.42,51.39,10003,Account 10003,2024-06-10,33.35,crisis,24
56.06,13.12,37.77,92,56.92,44.07,49.01,313.57,106.14,27.03,153.07,1.88,42.32,53.77,3,15.2,9,9,0.45,42.81,2.89,325.67,52.27,75,116,18,1.69,28.43,55.9,3.96,0,70,54.36,78.42,56.38,10003,Account 10003,2024-06-10,33.35,crisis,24
46.06,19.85,43.6,70,44.74,41.19,49.18,560.06,141.52,41.43,165.03,1.66,45.81,52.83,3,15.55,8,15,1.07,44.67,2.26,403.72,53.74,77,63,17,1.76,25.04,52.53,3.11,0,55,65.28,72.58,57.49,10003,Account 10003,2024-06-17,30.6,crisis,25
52.96,9.93,37.98,112,52.49,45.29,48.65,553.63,96.5,26.6,206.33,1.48,49.0,64.71,5,16.47,7,10,0.57,42.17,1.88,401.75,53.16,79,159,13,1.78,29.65,41.41,3.83,1,66,58.48,73.04,47.19,10003,Account 10003,2024-06-17,30.6,crisis,25
97.21,59.08,73.23,18,94.37,81.85,77.83,131.22,19.23,2.48,51.66,6.22,84.8,86.35,18,88.51,38,43,5.6,95.43,9.93,112.06,100,5,7,0,4.96,81.35,86.62,31.65,4,2,85.26,96.14,82.26,10004,Account 10004,2024-01-08,90.22,healthy,2
90.51,75.48,86.67,21,79.56,79.07,87.68,118.79,19.67,2.01,45.37,7.06,71.15,100,20,74.67,30,48,10.04,88.94,9.01,96.0,96.16,4,4,1,4.79,96.88,76.72,27.9,4,7,99.92,91.51,90.08,10004,Account 10004,2024-01-22,89.98,healthy,4
39.87,11.47,39.11,59,65.56,54.99,41.82,410.07,123.08,28.4,198.4,1.44,51.25,67.82,3,10.12,8,7,1.09,45.08,2.61,306.21,51.82,68,182,24,1.15,25.13,40.92,2.64,1,63,56.74,65.85,54.95,10004,Account 10004,2024-01-29,34.98,crisis,5
42.87,4.23,38.65,101,44.68,37.38,47.58,516.21,119.81,29.5,181.12,1.62,45.62,63.16,3,7.21,8,11,0.4,45.12,2.85,269.99,51.07,76,65,20,1.55,21.89,51.73,0,1,85,49.21,67.6,43.02,10004,Account 10004,2024-01-29,34.98,crisis,5
37.82,1.46,38.24,103,54.76,39.09,50.14,463.46,136.4,28.44,134.19,1.84,52.24,55.9,4,10.43,6,10,0.68,50.25,1.22,476.94,53.49,75,113,23,1.22,19.81,41.69,0,0,60,65.35,72.51,50.08,10004,Account 10004,2024-01-29,34.98,crisis,5
46.05,8.83,39.8,102,63.46,48.66,54.34,339.44,83.48,35.29,140.43,1.28,42.09,55.93,2,7.15,5,7,0.88,47.46,1.41,384.53,50.38,75,142,20,1.52,26.43,38.52,0,0,48,65.27,80.76,55.39,10004,Account 10004,2024-01-29,34.98,crisis,5
46.8,4.66,38.6,69,52.26,45.94,61.61,317.63,100.32,45.15,176.13,1.26,47.77,50.42,2,7.73,5,7,1.12,45.27,2.63,398.41,51.31,55,125,16,1.23,24.19,38.3,0,0,59,50.62,78.78,44.78,10004,Account 10004,2024-01-29,34.98,crisis,5
55.72,2.68,49.45,121,54.37,36.77,44.09,322.89,138.37,41.02,167.37,1.38,50.72,71.27,5,26.25,8,8,0.87,47.74,3.09,389.18,60.24,55,160,10,1.84,27.66,37.04,1.17,0,90,66.08,65.14,49.94,10004,Account 10004,2024-02-05,39.88,crisis,6
51.92,23.27,44.49,89,52.93,52.55,44.32,445.17,102.09,29.0,185.06,1.31,48.51,71.3,4,23.73,8,10,0.85,44.13,2.57,264.11,61.59,61,175,20,2.07,28.66,44.52,0,0,77,50.63,69.73,52.02,10004,Account 10004,2024-02-05,39.88,crisis,6
56.09,5.16,32.73,112,57.69,38.37,53.03,363.84,139.79,36.68,180.92,1.88,44.79,71.69,3,17.62,7,9,0.85,41.36,2.3,470.61,57.83,84,67,20,2.07,28.38,38.05,2.17,0,87,60.85,71.79,41.13,10004,Account 10004,2024-02-05,39.88,crisis,6
41.46,8.77,35.28,122,47.62,40.17,56.1,318.08,91.73,36.89,135.14,1.41,52.75,50.77,2,7.19,4,11,1.09,43.97,1.9,394.92,50.01,68,118,22,1.95,23.52,39.45,0,1,62,65.0,81.99,46.81,10004,Account 10004,2024-02-12,46.14,crisis,7
46.57,10.91,30.8,90,54.95,39.76,47.02,560.87,88.64,35.9,170.8,1.43,46.39,64.36,4,8.22,7,10,0.99,43.03,2.3,273.66,52.79,71,131,22,1.89,28.9,36.4,2.02,1,83,57.91,78.89,48.29,10004,Account 10004,2024-02-12,46.14,crisis,7
43.73,2.58,40.93,69,64.95,56.39,48.92,561.22,103.76,33.56,190.6,1.78,49.67,62.09,3,10.89,6,14,1.08,46.31,1.29,460.15,51.03,79,147,20,1.51,23.63,38.24,0.22,1,69,67.13,79.9,47.86,10004,Account 10004,2024-02-12,46.14,crisis,7
50.24,4.19,39.37,76,58.01,50.32,53.91,456.11,103.68,31.21,203.54,1.24,50.86,52.17,3,15.74,4,13,0.56,47.64,2.04,301.87,55.15,59,175,17,2.1,24.19,43.1,1.91,1,76,53.28,76.08,44.67,10004,Account 10004,2024-02-19,52.48,crisis,8
55.81,4.42,46.66,74,48.11,41.85,52.69,303.51,91.35,40.57,195.09,1.92,53.79,52.64,4,17.08,6,7,0.34,45.44,1.76,448.31,54.17,68,107,17,1.82,25.98,47.16,0.4,0,67,57.37,81.16,46.52,10004,Account 10004,2024-02-19,52.48,crisis,8
41.85,17.41,48.3,60,54.36,51.11,53.96,563.89,110.64,28.12,168.79,2.03,48.96,63.64,2,11.12,7,12,0.54,46.72,2.68,431.95,57.56,75,103,20,1.62,24.93,47.09,4.42,0,47,59.01,68.97,52.96,10004,Account 10004,2024-02-19,52.48,crisis,8
59.32,19.93,46.81,74,61.41,50.26,53.83,295.4,107.32,41.15,208.33,1.34,44.35,63.61,7,36.69,12,23,1.95,80.66,3.36,532.64,99.32,21,70,6,3.09,35.09,35.98,0,1,91,53.14,74.74,43.19,10004,Account 10004,2024-02-26,56.29,at_risk,9
52.44,18.69,42.0,96,49.42,53.67,56.22,360.25,109.45,37.01,160.84,1.27,42.62,57.54,5,34.02,13,23,1.0,72.27,2.95,716.87,97.39,19,39,4,2.81,42.17,44.49,0,1,84,65.04,71.68,59.36,10004,Account 10004,2024-03-04,58.84,at_risk,10
63.19,16.55,39.86,98,61.1,43.43,43.47,469.29,101.89,27.96,181.39,1.7,45.12,62.25,6,42.98,7,14,0.99,77.25,4.25,553.16,99.3,22,39,8,2.43,44.36,50.68,0,1,50,51.17,70.12,48.36,10004,Account 10004,2024-03-04,58.84,at_risk,10
70.81,27.7,52.96,117,67.18,54.26,63.16,565.43,138.48,40.75,180.72,2.07,55.37,68.48,8,50.06,15,25,2.24,84.68,5.35,754.95,99.46,33,66,7,3.46,51.37,54.27,5.86,1,93,73.82,83.27,63.66,10004,Account 10004,2024-03-11,61.46,at_risk,11
73.47,30.66,52.99,98,69.34,60.93,61.96,477.94,118.84,36.31,166.54,2.32,60.51,75.43,10,54.28,18,29,2.62,85.24,5.45,656.29,95.54,29,60,6,3.74,54.23,59.37,7.47,1,78,76.18,82.64,65.51,10004,Account 10004,2024-03-18,65.31,at_risk,12
71.76,31.6,54.48,94,71.8,62.12,68.39,435.58,112.66,32.25,148.88,2.65,59.6,72.58,10,54.41,18,30,2.67,84.34,5.79,590.73,95.17,26,54,6,3.92,58.53,61.01,7.5,1,69,77.14,81.61,62.14,10004,Account 10004,2024-03-25,66.55,at_risk,13
79.18,33.95,59.79,79,71.55,61.59,64.46,379.32,91.88,28.71,129.21,2.64,57.8,76.62,10,58.48,19,31,3.06,89.76,6.11,501.13,99.81,23,45,5,4.05,57.74,59.79,8.78,1,58,78.96,86.6,69.22,10004,Account 10004,2024-04-01,69.68,at_risk,14
79.2,39.0,62.99,60,73.37,67.48,69.48,299.01,77.27,21.3,110.24,3.0,60.44,75.72,12,60.89,21,33,3.55,86.97,6.71,379.19,100,17,35,4,3.87,63.66,68.82,9.92,1,45,80.35,86.5,70.57,10004,Account 10004,2024-04-08,73.46,moderate,15
78.38,42.95,63.33,43,75.96,67.81,73.6,213.09,53.77,14.78,80.15,3.25,65.97,81.31,13,64.08,22,36,4.16,90.81,7.03,294.45,94.74,12,25,3,4.06,67.0,70.09,12.12,2,30,83.65,88.34,74.39,10004,Account 10004,2024-04-15,77.22,moderate,16
85.23,44.46,63.93,32,78.37,70.22,75.59,160.84,41.85,11.02,68.58,3.41,67.8,84.49,13,69.89,22,38,4.16,87.01,7.49,211.98,97.35,9,17,2,4.17,72.74,67.28,13.06,2,22,80.36,84.83,79.41,10004,Account 10004,2024-04-22,79.62,moderate,17
78.85,43.06,64.46,30,77.19,73.04,78.55,160.12,41.75,11.63,63.33,3.61,69.27,83.22,13,66.92,22,37,4.23,88.94,7.04,207.71,99.41,9,17,2,4.13,72.2,70.08,12.52,2,21,80.27,92.2,73.76,10004,Account 10004,2024-04-22,79.62,moderate,17
87.72,46.41,65.44,15,75.8,72.56,81.91,87.07,19.48,5.03,43.03,3.82,66.45,80.45,14,76.76,24,38,4.77,92.29,8.05,97.34,95.06,4,7,1,4.4,72.48,73.98,14.14,2,8,82.63,92.61,75.28,10004,Account 10004,2024-04-29,83.35,moderate,18
84.68,47.85,67.6,15,76.87,73.12,80.04,83.11,18.76,4.92,40.97,3.85,67.59,85.83,15,76.17,23,38,4.87,92.26,7.41,104.45,98.16,4,7,1,4.3,72.67,70.16,14.44,2,8,82.79,91.52,81.52,10004,Account 10004,2024-04-29,83.35,moderate,18
98.1,63.12,74.18,11,92.52,79.79,93.33,103.57,20.76,6.63,43.23,5.97,75.31,95.97,20,86.18,26,56,8.83,98.73,9.79,80.4,100,5,5,0,5.19,87.7,76.37,32.63,4,4,82.06,88.62,87.01,10004,Account 10004,2024-05-06,85.54,moderate,19
92.87,65.34,81.12,13,86.36,85.53,81.37,86.65,17.87,2.56,37.1,4.11,84.81,89.17,21,77.13,35,56,5.89,90.87,12.73,79.84,100,3,7,0,4.57,87.87,89.27,26.76,2,4,87.36,96.96,90.57,10004,Account 10004,2024-05-06,85.54,moderate,19
81.83,73.15,88.13,20,80.9,86.97,86.89,152.68,29.18,2.3,43.38,5.05,76.33,98.05,20,88.56,31,42,6.33,97.4,8.88,127.66,95.24,7,3,0,4.86,79.63,80.28,28.43,5,4,94.61,94.18,80.54,10004,Account 10004,2024-05-13,87.6,moderate,20
90.79,63.46,76.38,17,84.78,97.23,89.52,85.56,28.96,6.42,42.35,5.25,80.28,87.16,22,91.78,27,48,9.96,99.55,8.67,64.47,100,4,7,0,4.83,94.18,83.17,31.06,5,3,97.81,94.92,93.34,10004,Account 10004,2024-05-13,87.6,moderate,20
90.79,69.58,74.8,18,86.17,80.6,89.74,88.05,20.95,2.71,37.06,6.05,78.29,92.23,24,81.87,30,60,5.95,95.37,10.3,79.11,99.37,2,5,1,5.04,74.87,83.3,32.68,5,8,99.4,93.83,84.99,10004,Account 10004,2024-05-20,89.82,moderate,21
96.34,55.58,89.06,19,79.23,79.71,87.0,95.4,10.75,3.36,56.66,5.45,75.75,91.42,19,91.6,30,45,8.31,97.85,13.48,136.89,96.66,7,2,1,4.58,90.79,83.33,35.63,3,6,95.06,97.79,84.05,10004,Account 10004,2024-05-20,89.82,moderate,21
89.82,66.24,74.77,21,85.59,76.38,88.0,134.57,19.03,7.0,57.24,4.71,80.2,92.4,23,87.27,32,56,7.81,92.59,14.88,86.76,100,8,5,0,4.69,89.05,77.63,16.41,2,7,91.09,93.29,88.86,10004,Account 10004,2024-05-27,92.49,moderate,22
94.54,80.1,71.44,14,83.98,83.24,84.27,140.2,18.78,3.69,47.37,7.52,77.72,93.31,21,86.79,34,59,6.73,91.28,14.74,145.95,100,6,6,1,4.56,78.07,85.25,19.54,3,3,92.86,93.23,83.7,10004,Account 10004,2024-06-03,94.42,moderate,23
95.33,64.18,90.24,9,96.29,89.28,77.51,126.31,19.93,3.8,59.19,5.66,86.57,89.33,18,86.04,39,40,5.02,98.72,8.06,131.93,100,4,3,0,4.51,84.19,80.64,27.9,2,5,97.76,95.34,90.67,10004,Account 10004,2024-06-10,94.83,moderate,24
87.13,63.68,89.7,19,81.62,87.64,87.79,108.83,25.78,7.06,47.4,4.48,78.72,91.77,17,74.76,40,55,8.66,95.73,9.33,62.45,99.06,4,6,1,4.34,94.96,82.74,34.6,4,2,90.75,96.74,80.57,10004,Account 10004,2024-06-10,94.83,moderate,24
96.14,70.04,89.11,14,93.97,88.63,95.07,88.4,28.22,2.46,61.45,6.46,83.39,93.67,16,81.31,28,50,9.98,92.71,11.67,83.58,95.57,3,8,1,4.52,87.63,100,40.46,5,4,100,100,100,10004,Account 10004,2024-06-17,94.57,growth,25
100,96.93,100,17,100,100,91.88,110.33,18.55,4.96,58.86,5.34,78.6,94.88,17,87.45,35,40,7.28,92.89,12.2,72.54,96.85,7,3,1,4.82,92.0,100,38.59,4,3,100,100,100,10004,Account 10004,2024-06-24,94.67,growth,26
100,80.58,100,24,100,100,94.4,96.23,17.4,2.95,60.26,6.69,70.08,89.54,21,96.2,38,58,6.11,94.15,9.56,60.86,100,3,3,0,4.36,79.34,100,41.54,6,3,100,100,100,10004,Account 10004,2024-06-24,94.67,growth,26
100,94.34,100,9,100,95.18,100,50.5,28.4,4.28,44.1,7.2,73.76,88.74,22,73.45,35,59,7.45,96.05,8.79,136.07,95.96,5,5,0,4.66,91.61,100,49.02,3,10,100,100,100,10004,Account 10004,2024-07-01,95.0,growth,27
100,95.85,100,18,96.4,100,100,148.99,12.55,7.53,36.35,4.5,72.06,97.18,24,83.02,27,47,9.88,90.7,8.92,56.27,100,4,6,0,4.55,79.79,100,55.05,3,5,100,100,100,10004,Account 10004,2024-07-01,95.0,growth,27
100,89.47,100,18,100,100,100,120.46,21.69,5.21,33.49,5.5,79.03,92.5,17,81.89,40,49,7.1,92.77,11.11,123.55,98.07,7,4,0,4.35,95.31,100,51.66,5,4,100,100,100,10004,Account 10004,2024-07-08,95.39,growth,28
100,100,100,15,100,91.37,100,113.63,25.94,2.66,58.57,7.86,81.49,94.8,24,91.4,38,39,6.42,91.6,10.29,117.4,98.24,6,7,1,4.66,82.66,100,38.3,6,5,100,100,100,10004,Account 10004,2024-07-08,95.39,growth,28
100,100,100,15,100,88.51,100,86.13,11.71,3.27,33.33,4.24,87.52,96.8,19,82.38,27,41,5.71,93.7,11.77,79.31,100,3,6,0,4.77,81.77,100,70.33,3,10,100,100,100,10004,Account 10004,2024-07-08,95.39,growth,28
100,92.27,93.46,17,98.21,98.79,95.39,93.13,19.73,7.5,55.39,5.25,72.23,97.73,24,87.74,35,53,9.17,99.64,10.33,119.28,99.2,3,7,0,4.98,91.17,100,36.01,4,8,100,100,100,10004,Account 10004,2024-07-15,95.28,growth,29
100,92.89,100,18,100,98.89,99.06,155.62,10.88,2.06,57.27,4.87,84.9,84.54,19,73.47,32,43,5.89,88.93,10.89,112.26,96.93,5,3,1,4.86,94.29,100,55.88,5,7,100,100,100,10004,Account 10004,2024-07-22,95.21,growth,30
100,90.3,100,13,100,100,100,101.74,11.01,5.81,35.22,6.06,88.85,90.62,23,84.96,27,42,5.51,90.37,9.03,95.35,100,2,5,1,4.54,86.04,100,57.96,6,10,100,100,100,10004,Account 10004,2024-07-22,95.21,growth,30
100,70.99,100,24,94.03,91.8,94.43,73.28,30.34,3.13,41.06,4.25,70.08,89.07,19,81.76,29,44,5.8,98.66,11.84,110.96,100,7,6,1,4.65,93.76,100,32.52,5,7,100,100,100,10004,Account 10004,2024-07-29,95.44,growth,31
100,96.96,100,20,100,100,98.12,91.27,25.43,5.9,54.99,6.77,76.88,97.5,19,79.44,26,42,8.71,89.75,13.36,80.09,97.18,5,5,1,4.5,92.09,100,49.17,5,9,100,100,97.92,10004,Account 10004,2024-07-29,95.44,growth,31
100,100,100,14,94.73,100,92.7,105.81,26.26,2.74,31.96,7.25,76.87,88.85,20,78.35,33,56,6.13,98.49,14.79,96.04,98.09,7,6,0,4.75,74.92,100,57.29,6,10,100,100,99.67,10004,Account 10004,2024-08-05,95.35,growth,32
100,100,100,14,100,91.69,100,70.33,22.87,6.13,38.09,4.66,83.8,94.59,17,81.22,36,44,7.09,96.86,9.5,120.47,100,3,6,0,5.18,92.23,100,42.25,6,6,100,100,100,10004,Account 10004,2024-08-05,95.35,growth,32
100,100,100,15,100,94.26,100,78.71,25.43,3.57,39.84,6.51,76.1,90.01,25,85.09,36,44,8.0,94.73,10.64,107.74,98.12,7,7,1,4.62,90.32,100,60.76,3,6,100,100,100,10004,Account 10004,2024-08-05,95.35,growth,32
100,90.3,95.34,13,100,100,92.44,93.56,21.8,5.28,52.98,6.73,82.45,83.44,15,91.92,30,42,9.38,95.09,11.25,144.3,100,5,3,1,4.65,79.92,100,28.08,5,9,100,100,100,10004,Account 10004,2024-08-12,95.83,growth,33
100,96.18,100,15,97.51,100,94.63,80.96,26.83,4.24,41.74,4.95,76.23,82.34,21,84.44,35,60,8.38,94.49,13.69,81.86,98.48,2,5,1,4.89,80.14,100,25.19,5,9,100,100,100,10004,Account 10004,2024-08-12,95.83,growth,33
100,88.31,100,24,100,99.41,100,94.8,27.32,3.45,57.82,7.71,79.62,95.68,24,79.0,33,57,9.5,97.74,13.22,57.18,100,5,5,0,4.38,87.52,100,29.88,6,5,100,100,100,10004,Account 10004,2024-08-12,95.83,growth,33
100,100,100,18,95.02,100,100,80.54,26.23,6.96,42.13,7.24,80.0,87.0,23,81.01,37,43,9.18,91.02,14.33,121.24,95.49,8,8,0,4.77,79.88,100,55.25,4,8,100,100,100,10004,Account 10004,2024-08-19,95.53,growth,34
100,100,100,20,98.74,99.91,100,88.22,12.93,6.54,34.41,5.87,81.29,95.43,21,78.82,34,43,7.41,99.9,10.96,145.08,98.54,4,2,0,4.32,93.37,100,35.15,3,3,100,100,100,10004,Account 10004,2024-08-19,95.53,growth,34
100,69.03,100,10,98.86,100,98.28,146.26,23.93,7.84,57.85,7.24,90.05,98.07,20,91.64,33,51,7.43,92.74,13.06,102.7,100,4,7,1,4.68,94.95,100,49.73,5,8,100,100,100,10004,Account 10004,2024-08-26,95.45,growth,35
100,85.99,100,22,100,98.04,93.69,113.28,17.54,7.24,40.56,6.88,71.38,93.27,21,81.12,33,51,6.74,96.0,15.23,59.68,100,2,3,0,4.78,91.06,100,47.84,5,3,100,100,100,10004,Account 10004,2024-08-26,95.45,growth,35
100,98.92,100,19,100,100,91.19,81.96,24.68,2.81,48.74,6.56,73.14,96.56,24,78.77,29,59,7.24,98.76,10.12,136.52,94.72,6,8,1,5.07,82.14,100,35.68,3,9,100,100,100,10004,Account 10004,2024-09-02,95.56,growth,36
100,91.62,100,23,100,100,100,104.78,12.15,4.29,39.3,5.93,86.41,96.35,21,90.2,39,47,6.98,94.02,8.77,113.07,98.69,6,4,0,4.59,78.01,100,34.72,3,4,100,100,100,10004,Account 10004,2024-09-02,95.56,growth,36
100,100,100,19,91.26,99.15,100,56.5,25.39,6.14,37.67,7.79,71.52,93.76,16,77.97,34,47,5.24,99.04,11.99,59.36,96.13,3,6,1,4.84,74.96,100,72.89,5,9,100,100,99.71,10004,Account 10004,2024-09-02,95.56,growth,36
100,100,100,18,100,95.88,97.17,63.59,26.66,4.93,59.0,6.62,81.38,83.96,22,77.9,31,46,6.95,97.73,11.69,135.47,96.13,7,4,1,4.68,88.6,100,56.56,3,5,100,100,97.49,10004,Account 10004,2024-09-09,95.64,growth,37
100,100,100,22,100,94.24,100,77.54,20.72,3.9,56.3,5.69,87.89,88.12,14,81.82,31,44,8.39,91.8,10.19,141.04,100,3,4,1,4.62,84.34,100,31.99,5,4,100,100,100,10004,Account 10004,2024-09-09,95.64,growth,37
100,100,100,17,96.51,100,100,148.08,19.22,6.11,52.74,4.59,73.57,91.29,21,90.53,37,59,8.87,98.15,9.65,109.26,95.63,7,4,1,5.08,81.4,100,41.97,6,5,100,100,100,10004,Account 10004,2024-09-09,95.64,growth,37
100,88.26,100,14,100,100,100,85.02,21.02,2.93,53.49,8.38,67.5,83.01,14,77.52,27,39,9.56,93.31,10.86,79.56,100,4,2,1,4.67,73.44,100,24.48,4,4,100,100,100,10004,Account 10004,2024-09-16,96.01,growth,38
100,80.82,100,18,100,91.37,94.79,144.73,23.78,4.68,44.33,5.3,74.88,86.54,19,90.36,36,58,9.99,99.42,13.88,116.92,95.66,2,6,1,4.75,91.64,100,29.69,4,6,100,100,100,10004,Account 10004,2024-09-16,96.01,growth,38
100,80.13,100,21,100,92.08,100,100.5,14.57,2.08,41.19,4.82,78.6,95.31,17,93.83,34,41,10.37,98.65,9.15,142.74,94.61,4,3,1,4.97,80.29,100,30.98,3,5,100,100,100,10004,Account 10004,2024-09-23,96.07,growth,39
100,100,100,13,100,100,100,103.55,28.29,4.82,56.03,4.24,84.61,94.47,22,90.11,38,46,8.9,92.17,11.9,106.14,98.92,7,6,0,4.63,75.01,100,29.45,3,7,100,100,100,10004,Account 10004,2024-09-23,96.07,growth,39
100,80.24,100,22,88.91,87.06,94.12,108.02,28.12,3.73,56.8,7.22,75.9,96.06,17,88.28,42,42,6.05,100,8.63,113.61,100,5,7,0,4.9,78.91,100,33.87,4,6,100,100,100,10004,Account 10004,2024-09-23,96.07,growth,39
100,100,100,18,90.45,97.18,100,144.98,24.76,3.54,28.91,4.35,69.33,88.6,16,93.58,40,53,8.16,93.29,13.24,90.71,100,6,5,1,4.73,82.64,100,54.58,6,3,100,100,100,10004,Account 10004,2024-09-30,96.39,growth,40
100,100,100,9,89.48,88.48,92.91,74.34,19.16,5.1,48.97,4.88,85.86,100,23,88.47,36,46,9.69,95.38,10.9,105.53,98.85,6,6,0,4.55,80.71,100,67.52,3,10,100,100,99.34,10004,Account 10004,2024-09-30,96.39,growth,40
100,100,100,16,95.06,98.08,100,60.2,30.17,2.01,59.47,7.16,76.35,94.1,21,86.45,36,43,8.25,94.72,9.56,140.31,97.11,3,6,0,5.0,85.44,100,51.36,5,3,100,100,100,10004,Account 10004,2024-09-30,96.39,growth,40
100,100,100,9,96.06,99.06,95.54,62.66,11.07,5.98,31.64,5.39,75.11,93.33,24,79.72,40,61,8.68,89.81,11.63,71.34,100,6,2,1,4.4,92.77,100,45.35,4,5,100,100,100,10004,Account 10004,2024-10-07,96.37,growth,41
100,100,100,10,100,95.59,97.86,130.76,12.49,3.32,56.71,6.66,70.62,87.21,17,91.38,40,54,8.39,99.65,13.16,90.71,100,4,7,1,4.69,84.8,100,41.06,3,6,100,100,100,10004,Account 10004,2024-10-07,96.37,growth,41
100,100,100,13,100,100,95.79,50.26,24.45,3.05,47.22,5.6,74.89,92.23,24,80.47,29,55,5.26,97.17,12.85,87.55,98.93,2,2,1,4.42,72.27,100,33.08,6,6,100,100,100,10004,Account 10004,2024-10-07,96.37,growth,41
100,100,100,13,93.49,96.38,100,119.12,24.75,7.36,46.17,6.26,71.8,86.2,17,89.35,25,42,6.02,91.36,11.19,107.04,97.1,5,7,0,4.71,87.89,100,36.39,6,10,100,100,100,10004,Account 10004,2024-10-14,96.2,growth,42
100,100,100,13,98.91,100,98.29,138.58,16.08,4.8,54.82,4.89,80.71,99.75,20,89.58,38,49,5.67,96.82,9.58,125.3,100,7,4,1,4.73,84.9,100,38.32,5,6,100,100,100,10004,Account 10004,2024-10-14,96.2,growth,42
100,100,100,21,100,96.8,100,94.73,10.29,5.91,52.28,5.94,87.71,95.33,24,92.62,27,51,8.73,99.2,11.64,129.07,100,7,4,1,4.69,89.75,100,34.86,4,8,100,100,100,10004,Account 10004,2024-10-14,96.2,growth,42
100,100,100,22,100,95.55,100,113.06,17.25,4.6,39.86,5.86,83.23,91.12,20,85.63,25,41,5.9,90.46,13.38,62.52,97.19,3,5,0,4.75,79.67,100,41.39,3,4,100,100,100,10004,Account 10004,2024-10-21,95.76,growth,43
100,100,100,10,99.03,100,100,96.69,25.6,2.85,55.18,6.34,82.06,90.31,16,77.37,40,56,8.23,91.94,12.19,96.46,100,6,5,0,4.58,96.93,100,46.25,4,8,100,100,100,10004,Account 10004,2024-10-21,95.76,growth,43
100,87.68,100,20,100,100,100,137.89,19.93,5.04,58.21,6.72,73.12,97.23,25,80.34,33,40,6.2,95.83,12.08,111.36,100,5,5,1,4.95,78.51,100,39.73,6,8,100,100,100,10004,Account 10004,2024-10-28,96.18,growth,44
100,100,100,11,95.98,97.87,100,114.51,15.91,6.49,60.05,8.33,79.66,92.37,16,79.95,28,51,5.86,90.93,15.01,127.33,99.8,4,7,1,4.54,85.29,100,50.87,4,8,100,100,100,10004,Account 10004,2024-11-04,96.49,growth,45
100,100,100,20,96.16,98.08,98.58,59.31,23.79,3.53,29.35,6.62,78.97,94.95,19,82.26,36,49,8.18,94.67,12.23,144.29,97.81,3,5,0,4.72,92.5,100,57.54,5,5,100,100,100,10004,Account 10004,2024-11-04,96.49,growth,45
100,92.31,100,12,92.99,86.66,99.49,112.68,17.76,7.77,58.96,5.3,85.35,95.72,25,81.92,25,46,7.51,90.23,11.65,110.01,95.17,6,4,1,4.75,82.08,100,35.15,5,3,100,100,100,10004,Account 10004,2024-11-04,96.49,growth,45
100,78.64,96.51,21,100,100,100,91.06,13.56,4.96,61.57,5.23,87.5,88.74,17,80.53,28,42,9.43,97.17,8.86,125.65,95.34,7,5,1,4.87,79.04,100,27.12,3,8,100,100,100,10004,Account 10004,2024-11-11,96.56,growth,46
100,95.07,100,8,100,100,100,76.38,23.83,6.71,39.79,4.24,86.95,91.1,17,79.62,35,55,9.1,94.71,14.71,130.71,100,3,3,1,4.66,92.01,100,26.27,3,3,100,100,100,10004,Account 10004,2024-11-11,96.56,growth,46
100,100,100,21,100,100,100,53.77,20.85,5.73,40.82,8.01,81.85,86.21,22,88.27,32,57,6.47,99.92,8.65,86.68,99.18,2,3,1,4.78,87.78,100,37.2,6,7,100,100,100,10004,Account 10004,2024-11-18,96.25,growth,47
100,85.69,98.12,13,93.39,83.75,100,131.24,12.74,6.95,48.87,4.09,84.98,88.35,19,91.84,27,44,6.78,98.91,9.57,136.08,100,8,6,1,4.76,83.98,100,46.83,3,9,100,100,100,10004,Account 10004,2024-11-18,96.25,growth,47
100,69.89,100,16,100,96.18,100,122.89,13.72,2.42,47.13,7.37,79.98,94.33,17,83.44,39,45,7.66,94.06,9.46,72.5,98.31,2,2,1,4.86,80.29,100,36.85,3,7,100,100,100,10004,Account 10004,2024-11-18,96.25,growth,47
100,77.19,100,25,91.28,100,100,112.52,10.34,5.32,41.54,4.74,77.53,92.41,20,85.69,34,42,8.13,94.5,9.28,95.34,100,6,7,0,4.94,92.74,100,49.86,4,10,100,100,100,10004,Account 10004,2024-11-25,96.14,growth,48
100,99.32,100,12,100,93.73,100,88.26,27.39,6.96,54.78,8.29,75.3,86.74,18,89.56,32,48,7.26,90.29,10.88,81.8,100,3,5,1,4.93,92.38,100,52.51,5,10,100,100,100,10004,Account 10004,2024-12-02,95.77,growth,49
100,81.43,100,22,97.51,100,100,140.82,24.03,5.47,34.88,4.2,82.59,89.36,21,76.26,36,49,7.26,93.98,11.89,57.92,96.16,7,7,0,4.86,95.95,100,39.6,4,9,100,100,100,10004,Account 10004,2024-12-02,95.77,growth,49
100,100,100,22,100,89.32,98.91,97.71,19.35,4.58,50.48,4.88,78.21,98.25,23,87.28,29,55,9.76,100,8.78,135.83,100,2,6,1,5.03,82.4,100,51.08,3,4,100,100,100,10004,Account 10004,2024-12-02,95.77,growth,49
100,100,100,16,100,100,98.0,67.69,16.02,5.05,35.15,6.68,68.2,85.33,15,87.19,35,58,7.89,93.33,13.35,117.84,96.68,7,4,1,4.59,96.2,100,69.89,3,6,100,100,100,10004,Account 10004,2024-12-09,95.37,growth,50
100,100,100,22,90.41,99.46,90.66,87.26,16.78,4.5,39.14,7.89,84.63,86.11,22,74.71,28,52,7.32,100,8.67,87.41,100,8,6,1,4.72,78.2,100,47.16,4,4,100,100,100,10004,Account 10004,2024-12-09,95.37,growth,50
100,100,100,13,100,98.1,100,76.84,14.13,2.68,40.25,5.42,77.04,88.29,22,80.02,40,40,8.72,98.54,14.61,86.59,98.59,6,4,0,5.11,82.71,100,42.11,4,3,100,100,100,10004,Account 10004,2024-12-09,95.37,growth,50
100,87.81,100,11,100,95.29,100,116.13,24.82,3.02,53.87,5.99,79.42,83.45,19,87.48,28,42,8.86,96.7,9.72,92.72,100,3,4,0,4.9,89.8,100,45.59,2,9,100,100,100,10004,Account 10004,2024-12-16,95.0,growth,51
100,66.73,99.52,11,100,97.49,100,98.68,14.59,3.53,29.82,7.55,76.06,94.71,23,79.5,37,50,8.38,94.03,11.84,132.45,100,4,6,1,4.84,88.37,100,26.07,3,9,100,100,100,10004,Account 10004,2024-12-16,95.0,growth,51
100,73.68,95.52,18,100,93.62,100,128.36,19.18,6.68,51.72,4.5,90.23,88.29,23,94.9,34,58,5.42,97.19,14.27,77.93,97.34,5,5,1,4.71,84.4,100,27.56,4,5,100,100,100,10004,Account 10004,2024-12-23,95.31,growth,52
100,69.68,83.99,13,100,100,100,119.08,22.96,3.64,40.15,6.54,86.51,90.48,16,76.93,25,50,5.83,89.08,13.29,115.66,100,5,7,1,5.02,85.75,99.84,36.9,6,5,100,100,100,10004,Account 10004,2024-12-23,95.31,growth,52
80.06,39.05,59.46,52,74.4,65.02,74.65,277.49,68.89,18.76,102.38,3.22,67.09,76.62,12,62.33,20,32,3.66,92.88,7.08,349.63,100,15,29,3,4.29,62.49,66.94,11.1,2,40,76.48,82.38,69.81,10005,Account 10005,2024-01-01,75,healthy,1
81.32,39.59,59.28,51,74.03,68.96,74.94,277.26,66.14,19.34,95.63,3.22,63.28,82.6,12,61.62,20,32,3.9,89.37,6.99,342.54,100,16,30,3,4.03,64.71,65.68,10.53,2,42,78.62,88.59,74.07,10005,Account 10005,2024-01-08,74.84,healthy,2
78.73,41.54,60.6,50,70.89,68.23,72.92,268.9,66.72,18.92,95.15,3.3,64.27,75.05,12,67.62,21,34,3.96,90.06,6.53,370.6,100,15,31,3,3.97,65.37,67.61,10.88,2,41,79.99,82.81,70.15,10005,Account 10005,2024-01-08,74.84,healthy,2
76.7,41.57,60.22,55,73.71,66.37,74.62,286.38,68.49,18.85,96.86,3.3,65.27,76.83,13,65.64,21,33,3.75,89.92,6.72,357.3,100,16,32,3,4.22,66.38,64.6,11.35,2,40,76.54,84.01,73.26,10005,Account 10005,2024-01-08,74.84,healthy,2
81.59,41.14,64.16,42,71.51,66.7,72.57,229.63,54.06,15.09,81.77,3.3,64.19,80.62,12,64.13,21,35,4.13,85.71,6.7,283.9,96.15,13,23,2,4.12,65.66,68.38,11.62,2,32,81.74,90.53,74.07,10005,Account 10005,2024-01-15,77.07,healthy,3
83.38,40.51,64.5,41,75.65,69.37,74.9,227.19,54.62,16.1,80.63,3.42,66.46,77.91,13,68.03,22,34,4.05,90.53,7.34,285.9,95.8,13,25,3,4.14,69.4,68.36,11.54,2,32,81.74,90.13,73.65,10005,Account 10005,2024-01-15,77.07,healthy,3
81.63,41.31,65.31,39,77.76,71.26,73.21,195.8,49.8,14.38,79.69,3.58,67.79,78.82,13,68.62,23,37,4.27,89.8,7.52,265.99,98.34,11,21,2,4.23,68.16,69.61,12.52,2,27,77.51,89.24,76.85,10005,Account 10005,2024-01-22,78.16,healthy,4
77.94,44.68,63.88,39,72.64,70.23,77.91,200.76,47.01,13.82,74.18,3.54,64.87,81.33,14,69.42,22,37,4.35,90.29,7.28,258.03,100,11,21,2,4.1,67.45,68.99,12.65,2,28,83.33,88.1,75.11,10005,Account 10005,2024-01-22,78.16,healthy,4
97.23,52.19,80.0,27,79.57,72.8,78.25,143.23,36.83,9.94,58.64,3.81,64.56,81.91,13,73.72,24,38,4.34,87.18,7.32,185.88,100,8,15,1,4.37,70.21,83.63,15.71,2,19,85.3,90.03,77.91,10005,Account 10005,2024-01-29,80.45,healthy,5
92.08,53.39,79.93,28,74.94,69.01,75.13,145.32,34.74,9.77,59.47,3.62,67.95,80.77,14,67.55,22,36,4.6,91.68,7.13,195.17,100,8,15,1,4.33,72.2,85.43,16.37,2,18,85.0,91.76,75.29,10005,Account 10005,2024-01-29,80.45,healthy,5
93.42,51.51,72.72,28,81.08,73.67,73.56,152.98,36.08,10.16,61.04,3.55,69.31,82.76,14,68.71,23,37,4.58,94.48,7.24,195.82,96.48,8,14,1,4.31,71.16,89.44,15.18,2,19,85.12,92.25,77.12,10005,Account 10005,2024-01-29,80.45,healthy,5
81.4,43.64,65.56,32,77.45,68.73,75.24,161.42,38.51,10.41,65.07,3.71,69.83,83.57,13,68.13,23,36,4.57,90.39,7.23,207.68,100,9,17,2,4.09,66.43,68.29,12.69,2,21,82.64,86.2,75.05,10005,Account 10005,2024-02-05,79.81,healthy,6
78.89,47.15,67.52,23,76.15,73.0,80.61,128.1,32.67,8.87,55.51,3.61,68.44,85.8,14,69.52,24,37,4.76,93.44,7.56,168.46,100,7,13,1,4.4,69.0,68.53,13.68,2,16,83.59,92.04,76.04,10005,Account 10005,2024-02-12,81.23,healthy,7
84.12,44.27,63.71,23,80.47,71.56,78.65,129.06,31.63,8.4,56.47,3.76,68.28,84.89,14,69.57,23,39,4.71,91.8,7.34,165.97,99.04,7,13,1,4.17,69.82,74.99,13.23,2,15,82.91,84.18,76.62,10005,Account 10005,2024-02-12,81.23,healthy,7
96.93,54.23,77.35,25,74.76,70.04,76.11,144.47,33.94,9.13,60.33,3.74,66.84,85.54,14,73.99,22,36,4.61,93.58,7.25,165.73,96.3,7,13,1,4.23,69.46,88.78,15.98,2,17,85.71,84.41,73.54,10005,Account 10005,2024-02-19,80.87,healthy,8
99.18,50.94,79.45,27,80.18,71.61,72.99,138.46,32.25,8.75,59.42,3.57,69.26,81.61,14,70.44,23,37,4.4,87.53,7.31,169.12,95.95,8,14,1,4.13,71.99,87.46,16.41,2,18,81.54,86.72,73.64,10005,Account 10005,2024-02-19,80.87,healthy,8
86.73,49.15,70.08,21,78.26,76.29,78.18,111.63,25.9,6.6,48.71,3.83,65.52,79.62,14,69.52,23,37,4.8,86.71,7.33,141.36,100,6,10,1,4.28,71.95,71.0,14.09,2,13,85.88,92.53,73.92,10005,Account 10005,2024-02-26,82.13,healthy,9
97.28,56.63,80.29,14,78.22,77.23,76.58,81.49,19.59,4.67,39.89,3.73,67.7,83.89,15,73.35,25,38,4.63,88.96,7.9,101.4,94.77,4,6,1,4.36,71.65,84.64,16.89,2,8,83.49,86.72,76.78,10005,Account 10005,2024-03-04,83.4,healthy,10
100,54.51,81.86,14,77.89,71.47,75.97,84.38,18.21,4.87,41.31,3.68,71.34,82.49,14,73.52,25,38,4.96,90.31,7.63,95.81,94.87,4,6,1,4.24,69.76,91.89,17.86,2,8,83.52,91.46,81.51,10005,Account 10005,2024-03-04,83.4,healthy,10
99.57,57.15,80.46,14,81.59,72.39,76.58,87.35,18.29,4.74,38.92,3.87,69.35,81.89,14,76.3,25,39,4.59,92.83,7.96,95.21,100,4,6,1,4.63,70.36,84.07,18.09,2,8,87.37,89.51,77.51,10005,Account 10005,2024-03-04,83.4,healthy,10
94.75,56.01,77.08,13,78.85,76.38,78.6,79.16,17.34,4.55,37.78,3.91,67.55,87.39,15,72.57,25,39,5.01,91.06,7.75,91.64,100,4,6,0,4.66,75.53,92.57,18.07,2,8,81.13,88.55,79.6,10005,Account 10005,2024-03-11,83.58,healthy,11
95.16,57.33,80.72,14,78.84,75.78,81.5,81.42,18.13,4.25,41.05,3.93,67.47,82.02,15,74.99,24,39,4.78,89.24,7.44,97.14,100,4,6,0,4.34,71.47,89.05,17.03,2,7,85.84,89.5,77.77,10005,Account 10005,2024-03-11,83.58,healthy,11
86.66,51.66,70.19,8,79.62,74.42,78.95,57.62,12.19,2.6,32.72,3.85,70.85,84.36,15,78.23,26,39,4.78,89.99,8.33,57.91,97.13,2,3,0,4.56,74.2,76.11,15.1,2,3,88.82,93.14,82.14,10005,Account 10005,2024-03-18,84.7,healthy,12
100,98.84,100,22,100,100,99.6,91.36,15.59,6.33,54.87,6.92,78.0,90.4,15,93.37,27,46,8.39,90.65,12.88,114.16,94.98,3,6,0,4.79,86.68,100,50.0,6,10,100,100,100,10005,Account 10005,2024-03-25,86.19,growth,13
100,83.05,100,11,95.59,97.35,100,85.02,26.41,6.89,42.3,6.48,88.97,93.21,24,90.28,37,52,10.09,97.27,9.2,154.71,100,3,7,0,4.96,91.53,100,58.78,5,4,100,100,100,10005,Account 10005,2024-03-25,86.19,growth,13
100,80.14,100,19,93.13,89.91,100,114.32,20.63,7.58,50.55,5.0,88.86,90.72,16,81.27,36,51,6.92,100,13.07,67.23,96.78,6,4,1,4.63,90.71,100,37.04,3,4,100,100,100,10005,Account 10005,2024-04-01,88.51,growth,14
100,100,100,22,93.42,100,90.87,121.12,27.89,5.52,41.47,6.8,75.61,95.94,26,94.59,29,58,6.87,98.65,12.9,76.95,95.82,3,7,1,4.71,96.18,100,51.72,6,7,100,100,100,10005,Account 10005,2024-04-01,88.51,growth,14
100,100,99.12,20,100,88.23,95.2,131.34,26.46,5.21,37.29,4.29,77.55,100,25,79.09,41,52,6.9,91.71,11.94,70.89,100,3,7,0,4.55,83.83,100,52.72,5,6,100,100,100,10005,Account 10005,2024-04-08,88.94,growth,15
100,100,100,11,100,100,100,58.44,13.04,4.04,34.34,6.42,75.79,88.97,19,93.57,29,42,6.7,98.51,8.68,53.84,100,4,6,0,4.6,79.08,100,47.85,6,8,100,100,97.93,10005,Account 10005,2024-04-08,88.94,growth,15
100,100,100,11,100,93.53,90.65,57.85,29.19,5.47,43.13,5.8,79.75,97.99,21,92.14,25,47,9.37,93.26,13.92,101.32,100,5,3,1,5.14,90.86,100,44.76,5,9,100,100,100,10005,Account 10005,2024-04-15,90.02,growth,16
100,100,100,22,95.46,93.76,100,67.87,17.07,6.85,36.86,6.92,84.28,86.02,20,91.06,35,48,8.27,94.14,13.18,124.81,99.34,4,5,0,4.99,79.16,100,48.19,4,8,100,100,100,10005,Account 10005,2024-04-15,90.02,growth,16
100,100,100,20,100,94.67,93.73,103.48,21.94,6.74,53.03,5.88,83.37,88.13,19,77.12,31,42,5.68,92.83,14.19,89.0,100,7,8,1,4.53,90.65,100,64.15,5,10,100,100,100,10005,Account 10005,2024-04-15,90.02,growth,16
100,100,100,14,100,85.7,92.53,135.56,22.37,7.37,32.24,6.18,85.42,90.45,16,85.41,30,40,7.43,96.11,12.24,131.05,95.82,7,4,1,4.66,95.47,100,33.38,4,3,100,100,100,10005,Account 10005,2024-04-22,90.13,growth,17
100,82.47,100,13,100,92.4,96.04,104.5,18.41,5.11,60.52,6.44,84.3,93.96,22,81.88,28,44,6.65,92.34,11.96,116.57,98.42,6,2,0,4.65,86.64,100,40.24,4,8,100,100,100,10005,Account 10005,2024-04-22,90.13,growth,17
100,79.92,100,21,100,97.82,100,131.83,17.25,5.82,33.46,4.39,83.71,93.27,17,81.66,37,44,5.73,98.21,14.42,103.88,100,5,4,1,4.33,85.3,100,40.64,5,6,100,100,100,10005,Account 10005,2024-04-22,90.13,growth,17
100,75.98,97.16,20,100,84.27,100,64.11,10.53,6.33,58.85,7.0,77.45,93.8,24,78.57,35,57,8.99,90.95,14.88,122.37,96.33,5,5,0,5.03,78.68,100,28.53,6,6,100,100,100,10005,Account 10005,2024-04-29,91.07,growth,18
100,85.59,100,21,96.66,100,97.68,71.77,18.63,5.06,58.98,4.3,77.57,96.19,16,81.04,39,41,9.91,92.56,14.04,133.21,95.58,2,6,1,4.7,79.16,100,26.4,4,5,100,100,100,10005,Account 10005,2024-04-29,91.07,growth,18
100,81.86,100,13,92.48,83.32,100,108.88,15.87,6.71,37.69,5.51,81.01,89.78,23,89.45,38,57,7.61,90.24,9.21,123.98,94.86,7,3,0,5.01,95.69,100,23.67,6,8,100,100,99.77,10005,Account 10005,2024-04-29,91.07,growth,18
100,82.77,96.87,8,100,97.5,99.13,132.26,12.3,6.36,49.41,5.39,73.81,95.49,17,88.64,30,43,6.87,100,11.1,111.16,100,4,4,1,5.11,91.34,100,48.31,4,7,100,100,97.79,10005,Account 10005,2024-04-29,91.07,growth,18
100,100,100,13,100,96.67,100,84.85,11.83,2.15,51.25,5.41,85.46,99.21,21,95.67,27,43,6.57,95.89,8.17,64.87,95.29,4,6,0,5.02,97.09,100,41.54,4,3,100,100,100,10005,Account 10005,2024-05-06,91.77,growth,19
100,81.85,100,12,100,92.75,100,69.27,19.89,7.94,55.93,5.31,79.01,91.61,18,76.58,35,42,8.91,93.17,11.83,78.43,100,5,5,0,4.74,73.93,100,54.09,4,3,100,100,100,10005,Account 10005,2024-05-06,91.77,growth,19
100,85.34,100,16,100,100,100,127.97,23.36,4.31,31.18,5.23,71.97,100,15,85.17,41,45,6.96,92.69,11.61,145.5,95.17,5,5,0,4.71,88.0,100,28.24,3,9,100,100,100,10005,Account 10005,2024-05-13,93.37,growth,20
100,87.47,97.63,20,100,96.33,100,108.4,16.16,7.71,49.81,6.7,72.08,86.88,22,81.63,33,48,9.41,93.91,10.92,139.92,100,6,7,1,4.8,81.87,100,38.15,5,5,100,100,100,10005,Account 10005,2024-05-13,93.37,growth,20
100,80.7,100,20,88.04,87.82,100,111.97,15.06,2.36,49.73,4.32,87.3,96.61,15,85.6,26,58,8.33,93.02,13.22,93.03,94.62,3,8,1,4.94,74.01,100,29.99,5,9,100,100,100,10005,Account 10005,2024-05-13,93.37,growth,20
100,78.65,98.92,11,96.72,92.72,94.54,77.88,19.95,2.14,32.81,5.84,81.34,90.34,16,73.5,30,43,5.95,99.85,13.93,131.57,100,7,8,0,4.73,95.24,100,24.08,5,3,100,100,100,10005,Account 10005,2024-05-13,93.37,growth,20
100,100,100,22,87.98,100,100,89.22,23.5,6.68,43.26,4.42,79.61,97.95,19,73.91,38,42,7.2,94.04,8.13,142.43,100,3,5,0,4.57,74.47,100,69.75,5,3,100,100,100,10005,Account 10005,2024-05-20,95.13,growth,21
100,95.73,100,13,100,100,96.22,131.47,10.94,3.14,53.03,6.16,72.06,93.06,19,87.47,27,63,9.02,92.01,9.06,78.75,98.33,8,6,1,4.72,75.77,100,44.7,5,5,100,100,100,10005,Account 10005,2024-05-20,95.13,growth,21
100,88.48,100,11,100,100,100,121.19,27.5,6.84,41.64,4.87,88.31,91.67,22,91.01,30,39,8.42,97.4,12.85,125.59,100,3,3,0,4.63,86.38,100,66.88,5,8,100,100,100,10005,Account 10005,2024-05-20,95.13,growth,21
100,100,100,21,100,100,100,74.25,23.01,6.34,54.37,6.29,82.67,93.79,15,89.35,40,57,5.43,91.64,11.19,73.36,98.22,7,4,1,4.74,80.56,100,31.54,5,9,100,100,100,10005,Account 10005,2024-05-20,95.13,growth,21
100,73.48,100,20,89.39,90.29,100,132.41,24.17,2.31,35.77,6.72,84.46,92.89,19,87.93,29,51,6.18,90.26,8.1,139.16,95.78,7,5,1,4.66,80.82,100,42.51,6,9,100,100,100,10005,Account 10005,2024-05-27,95.44,growth,22
100,100,100,16,99.58,92.78,100,104.35,24.69,2.71,57.02,4.35,77.9,87.63,15,80.6,26,44,8.04,98.56,8.57,61.19,98.17,7,4,0,4.72,83.38,100,36.8,6,7,100,100,100,10005,Account 10005,2024-05-27,95.44,growth,22
100,84.81,99.31,19,100,99.35,100,57.66,29.17,3.21,32.35,6.35,73.82,94.51,21,75.0,30,49,10.05,93.35,7.98,60.21,96.77,8,8,0,4.71,85.14,100,46.32,6,5,100,100,98.26,10005,Account 10005,2024-05-27,95.44,growth,22
100,78.56,92.44,16,100,93.84,94.46,118.94,11.82,7.65,55.96,6.54,82.02,92.86,21,83.94,27,52,7.75,95.81,9.47,90.79,100,3,4,1,4.84,78.62,95.88,36.59,4,9,100,100,100,10005,Account 10005,2024-06-03,97.05,growth,23
100,83.94,87.35,9,99.0,90.45,94.97,124.56,26.41,5.14,49.59,6.22,78.09,84.55,18,94.04,27,60,9.29,97.97,11.45,110.7,100,6,6,1,4.65,89.29,92.8,21.18,3,4,100,100,100,10005,Account 10005,2024-06-03,97.05,growth,23
100,100,100,10,100,88.33,100,70.86,14.96,3.88,49.47,5.85,66.97,97.41,17,86.45,38,57,5.35,92.88,13.54,83.9,97.61,4,6,1,4.85,92.56,100,44.26,3,10,100,100,100,10005,Account 10005,2024-06-10,98,growth,24
100,100,100,11,98.98,89.79,96.15,77.89,30.66,3.3,54.8,5.62,74.63,89.82,23,88.08,36,41,7.03,91.53,14.13,81.42,95.11,3,3,0,4.62,94.9,100,53.51,5,9,100,100,100,10005,Account 10005,2024-06-10,98,growth,24
100,80.09,100,15,94.36,90.77,93.85,135.33,29.02,2.19,51.46,6.58,83.51,94.97,19,76.27,28,59,5.58,99.17,12.81,65.34,98.13,8,6,0,4.45,93.1,100,55.9,5,4,100,100,100,10005,Account 10005,2024-06-10,98,growth,24
100,74.54,100,10,100,91.36,98.79,101.95,10.37,4.82,36.32,4.09,85.35,94.09,16,81.87,36,47,6.72,94.27,13.33,50.53,100,4,5,1,5.07,88.98,100,43.94,3,9,100,100,100,10005,Account 10005,2024-06-17,97.92,growth,25
100,100,100,13,93.39,88.81,100,79.35,14.88,5.68,48.31,4.95,84.09,89.8,25,80.58,29,44,7.47,92.57,8.89,131.45,100,5,3,0,4.8,78.38,100,55.31,6,3,100,100,100,10005,Account 10005,2024-06-17,97.92,growth,25
100,100,100,20,100,88.2,100,94.55,21.65,6.93,35.12,7.42,73.46,90.38,22,92.04,38,53,8.37,97.94,8.35,89.78,95.47,6,7,1,4.72,85.84,100,42.34,3,7,100,100,100,10005,Account 10005,2024-06-17,97.92,growth,25
100,100,100,8,100,100,91.69,90.69,22.13,7.28,39.8,5.97,86.33,100,15,90.29,32,46,9.89,95.79,9.31,67.7,96.07,3,6,1,4.4,76.43,100,57.68,5,3,100,100,100,10005,Account 10005,2024-06-24,98,growth,26
100,100,100,15,98.06,100,97.22,75.52,23.74,6.58,50.01,5.56,72.36,95.99,21,84.57,26,57,9.26,95.59,11.27,136.87,100,6,7,1,4.52,78.66,100,40.4,4,6,100,100,100,10005,Account 10005,2024-06-24,98,growth,26
100,100,100,17,95.16,83.47,88.95,145.32,20.02,5.13,50.8,5.02,81.25,92.73,25,91.15,31,46,9.0,92.73,14.13,115.27,96.77,4,6,0,4.76,80.21,100,60.78,5,5,100,100,100,10005,Account 10005,2024-06-24,98,growth,26
100,100,100,23,100,95.71,100,84.58,19.27,2.63,58.0,5.61,90.58,97.46,18,89.21,36,46,9.7,92.1,11.23,81.26,100,7,3,1,5.01,88.82,100,33.74,5,6,100,100,100,10005,Account 10005,2024-06-24,98,growth,26
100,100,100,19,100,100,100,104.28,23.24,3.72,45.99,7.09,75.25,96.35,20,82.97,39,39,9.33,96.9,10.56,77.72,100,6,4,0,4.93,87.22,100,73.92,4,7,100,100,100,10005,Account 10005,2024-07-01,98,growth,27
100,100,100,23,96.77,84.84,100,153.1,21.72,6.32,55.3,7.11,84.44,91.88,20,92.04,39,41,5.73,91.02,12.77,54.87,95.51,5,5,0,4.87,86.16,100,59.83,4,10,100,100,100,10005,Account 10005,2024-07-01,98,growth,27
100,100,100,23,99.24,95.77,97.59,105.83,26.16,4.21,44.96,6.3,85.7,96.58,16,82.94,34,44,7.69,96.38,14.12,78.21,100,3,2,0,4.62,80.12,100,44.07,5,6,100,100,100,10005,Account 10005,2024-07-01,98,growth,27
98.6,64.85,95.88,13,100,93.57,100,80.91,12.23,3.19,48.14,5.06,72.65,90.67,18,84.66,36,56,9.63,90.16,14.21,86.06,98.03,4,3,1,4.61,89.14,100,20.42,6,9,100,100,100,10005,Account 10005,2024-07-08,98,growth,28
100,77.69,100,20,100,100,96.83,129.44,10.26,3.83,35.33,4.69,82.85,92.21,22,78.22,27,47,6.74,93.96,15.7,119.05,98.61,6,3,0,4.63,85.49,100,32.49,3,3,100,100,100,10005,Account 10005,2024-07-08,98,growth,28
100,100,100,22,100,100,92.52,113.02,10.26,6.61,34.8,4.68,86.65,97.54,16,90.89,39,49,8.03,94.82,15.09,122.32,100,6,8,0,5.1,84.45,100,60.06,4,8,100,100,100,10005,Account 10005,2024-07-15,97.71,growth,29
100,100,100,15,95.39,89.16,100,60.21,20.9,7.52,49.18,7.03,77.47,88.63,19,76.81,31,53,7.63,92.28,12.73,112.11,100,3,7,0,4.52,80.45,100,51.57,3,6,100,100,100,10005,Account 10005,2024-07-15,97.71,growth,29
100,100,100,12,93.58,92.02,94.84,82.34,13.12,7.8,40.33,6.23,70.59,88.18,16,87.78,30,59,5.61,96.78,13.62,70.89,98.56,6,5,1,4.65,86.64,100,62.91,4,6,100,100,95.44,10005,Account 10005,2024-07-22,98,growth,30
100,100,100,15,100,93.73,100,132.24,13.09,3.51,37.99,5.53,76.37,92.6,22,94.61,39,48,4.86,100,12.69,54.24,100,4,4,0,4.63,89.2,100,43.25,3,10,100,100,99.86,10005,Account 10005,2024-07-22,98,growth,30
100,100,100,16,100,85.98,97.38,149.86,11.3,3.77,58.67,6.31,81.78,86.1,24,72.67,33,42,10.41,93.4,9.09,131.13,100,4,7,0,4.62,77.77,100,68.15,3,6,100,100,100,10005,Account 10005,2024-07-22,98,growth,30
100,100,99.41,14,97.41,94.81,100,99.61,24.67,8.01,49.56,6.05,88.65,90.27,20,82.37,26,42,6.67,99.79,12.87,112.33,97.7,2,6,1,4.74,92.56,100,27.64,4,10,100,100,100,10005,Account 10005,2024-07-29,98,growth,31
100,67.41,97.5,21,100,96.52,100,152.17,28.08,4.4,41.87,7.72,78.96,94.28,17,79.46,32,46,7.14,93.57,11.0,147.45,99.54,3,7,1,4.82,87.44,100,50.7,4,6,100,100,100,10005,Account 10005,2024-07-29,98,growth,31
100,100,100,20,95.74,98.16,100,87.28,11.27,5.14,57.1,5.48,84.25,87.01,15,74.75,30,52,5.6,93.66,12.43,143.22,96.12,5,4,0,5.07,76.36,100,37.58,4,7,100,100,100,10005,Account 10005,2024-08-05,98,growth,32
100,100,100,10,100,90.44,100,103.5,16.06,5.08,39.18,5.78,83.87,99.23,17,80.07,28,41,9.53,96.65,11.45,103.46,100,5,8,0,4.6,92.02,100,69.39,5,7,100,100,100,10005,Account 10005,2024-08-05,98,growth,32
100,100,100,12,100,99.8,100,112.88,26.83,5.95,48.26,4.85,77.2,92.06,19,83.27,27,56,9.64,96.28,12.32,78.78,100,5,8,0,4.76,78.08,100,67.44,6,5,100,100,100,10005,Account 10005,2024-08-05,98,growth,32
100,78.89,100,11,100,100,100,112.97,12.51,4.24,58.46,5.0,73.27,90.33,20,89.62,28,48,6.56,92.68,9.85,82.63,97.83,3,2,0,4.91,76.44,100,43.7,5,3,100,100,100,10005,Account 10005,2024-08-12,98,growth,33
100,78.64,100,14,94.29,96.9,100,68.75,24.7,3.81,50.53,5.22,70.87,92.23,24,83.54,32,60,7.46,93.32,10.78,70.08,96.99,3,6,0,4.82,93.19,100,45.79,4,4,100,100,100,10005,Account 10005,2024-08-12,98,growth,33
100,100,99.16,15,97.57,100,99.42,132.53,19.98,5.97,52.84,7.23,75.85,82.29,17,75.29,33,48,9.17,98.7,9.84,72.72,100,7,4,0,4.79,82.47,100,43.68,4,9,100,100,100,10005,Account 10005,2024-08-12,98,growth,33
100,90.4,100,15,93.53,94.22,98.34,72.47,24.61,2.09,53.32,8.34,76.69,83.74,16,78.38,28,45,7.12,91.0,11.03,110.28,97.16,4,6,0,5.06,97.38,100,52.77,4,3,100,100,100,10005,Account 10005,2024-08-12,98,growth,33
100,100,100,19,100,100,96.1,91.41,20.32,6.29,43.92,5.3,82.5,93.29,19,90.78,27,55,9.32,95.05,8.82,137.23,100,6,6,0,4.6,78.56,100,27.07,3,9,100,100,100,10005,Account 10005,2024-08-19,98,growth,34
100,90.28,100,21,100,100,99.16,53.71,11.25,2.73,39.09,6.61,77.34,85.75,21,73.63,33,43,9.5,93.99,8.49,51.6,100,5,3,1,4.84,87.19,100,38.75,4,6,100,100,100,10005,Account 10005,2024-08-19,98,growth,34
100,93.07,100,10,100,93.4,96.84,133.53,18.05,5.34,41.18,6.85,92.17,92.87,17,91.98,31,54,9.82,89.98,8.84,110.65,100,5,7,0,4.64,98.15,100,53.58,5,5,100,100,100,10005,Account 10005,2024-08-19,98,growth,34
100,100,100,25,100,84.5,93.01,120.85,24.11,4.19,35.96,6.56,76.93,91.45,15,83.63,33,57,7.25,92.29,15.24,57.64,100,5,7,1,4.9,77.39,100,48.56,3,8,100,100,100,10005,Account 10005,2024-08-19,98,growth,34
100,100,100,16,99.04,100,100,53.99,27.5,7.34,56.26,4.02,83.87,93.53,22,93.1,30,55,5.89,99.29,11.24,104.8,97.39,7,4,1,4.52,86.67,100,36.88,3,5,100,100,100,10005,Account 10005,2024-08-26,98,growth,35
100,100,100,12,100,94.51,100,69.83,23.19,5.42,54.18,6.48,77.33,82.42,24,73.74,37,42,8.93,94.39,12.6,126.93,100,5,2,1,4.85,75.87,100,27.91,5,8,100,100,100,10005,Account 10005,2024-08-26,98,growth,35
100,99.08,100,20,94.84,95.8,98.32,125.22,11.73,5.54,36.17,7.52,80.47,91.21,19,87.6,34,49,7.63,100,9.08,128.4,95.68,4,5,1,4.91,79.67,100,34.41,5,4,100,100,100,10005,Account 10005,2024-08-26,98,growth,35
100,55.75,90.06,24,100,100,98.73,86.07,27.98,3.22,54.14,8.05,83.68,97.33,20,90.44,40,54,6.88,93.77,10.55,73.58,100,7,3,0,4.87,92.47,97.87,22.87,6,8,100,100,99.0,10005,Account 10005,2024-09-02,98,growth,36
98.46,75.71,92.39,11,100,86.23,100,117.03,29.48,5.79,33.49,6.35,81.2,92.95,24,89.13,28,44,4.93,94.77,13.73,58.21,100,7,3,1,4.96,87.53,100,32.72,5,6,100,100,97.53,10005,Account 10005,2024-09-02,98,growth,36
100,100,100,10,100,100,100,142.14,26.62,3.44,48.97,5.62,82.72,93.59,18,88.77,25,45,5.64,97.01,14.99,143.53,96.46,5,5,1,4.49,75.83,100,60.82,5,3,100,100,100,10005,Account 10005,2024-09-09,98,growth,37
100,100,100,9,100,100,95.09,77.35,22.17,3.01,32.83,7.67,73.12,97.83,16,92.42,26,46,6.22,95.33,10.82,65.77,100,5,2,1,4.94,92.43,100,51.4,4,4,100,100,100,10005,Account 10005,2024-09-09,98,growth,37
100,100,100,13,95.61,100,100,50.14,29.43,7.31,40.67,4.95,82.24,87.0,19,85.81,25,51,7.8,95.46,13.09,137.06,99.53,5,3,0,4.34,89.75,100,55.55,6,3,100,100,100,10005,Account 10005,2024-09-09,98,growth,37
100,100,100,14,94.36,82.83,100,92.64,30.13,3.06,44.83,7.76,75.94,87.16,19,95.36,32,49,5.41,97.71,9.1,83.73,97.8,3,4,1,5.12,80.08,100,40.35,4,3,100,100,100,10005,Account 10005,2024-09-09,98,growth,37
100,59.18,95.76,16,97.3,88.48,90.99,135.8,25.88,6.53,43.06,5.34,72.46,95.54,20,90.05,35,55,6.51,91.16,12.79,80.32,98.7,5,5,0,4.57,87.09,100,30.95,4,4,100,100,100,10005,Account 10005,2024-09-16,98,growth,38
100,79.71,94.69,21,98.0,100,99.46,137.31,11.25,2.05,42.28,6.88,83.66,86.81,16,86.06,37,57,9.02,100,9.65,150.64,100,2,5,1,4.63,81.15,100,31.49,5,6,100,100,100,10005,Account 10005,2024-09-16,98,growth,38
100,100,100,10,94.04,100,100,55.84,24.09,5.18,55.88,4.32,74.85,94.04,16,90.23,27,56,5.17,95.14,8.72,84.32,100,3,5,0,4.68,90.37,100,40.86,4,7,100,100,100,10005,Account 10005,2024-09-23,98,growth,39
100,100,93.73,8,100,92.86,95.29,92.71,22.92,5.82,30.62,7.53,77.53,96.71,16,92.14,26,62,5.19,91.27,12.76,126.16,97.18,8,2,1,4.82,76.8,100,34.82,6,7,100,100,100,10005,Account 10005,2024-09-23,98,growth,39
100,83.88,98.54,18,100,93.74,100,110.95,20.81,6.98,48.21,6.05,87.29,87.51,16,88.59,27,53,5.25,97.09,11.92,84.06,100,6,4,0,4.99,77.49,100,38.9,3,7,100,100,100,10005,Account 10005,2024-09-23,98,growth,39
100,81.25,100,8,95.78,100,99.67,79.43,25.8,4.93,33.75,6.37,74.51,92.29,22,92.83,38,49,5.43,98.42,11.57,120.43,100,4,4,0,4.66,85.52,100,48.28,3,6,100,100,100,10005,Account 10005,2024-09-23,98,growth,39
100,93.7,100,14,100,93.48,94.67,98.72,23.54,4.57,37.73,5.92,81.43,83.13,22,87.34,33,55,6.22,99.5,12.18,128.4,100,5,7,0,4.73,87.12,100,28.6,5,4,100,100,100,10005,Account 10005,2024-09-30,98,growth,40
100,100,100,20,100,91.92,100,129.99,15.64,6.5,53.32,7.35,79.89,87.5,15,95.06,33,59,9.43,99.81,13.79,81.75,99.6,4,5,0,5.0,84.81,100,28.49,6,10,100,100,100,10005,Account 10005,2024-09-30,98,growth,40
100,100,100,24,100,99.74,100,78.13,23.59,2.73,40.07,6.86,90.99,95.67,20,90.83,37,52,9.2,95.74,11.54,100.19,98.49,6,6,1,4.74,88.95,100,53.14,5,3,100,100,100,10005,Account 10005,2024-09-30,98,growth,40
100,100,100,10,100,88.17,99.85,57.5,27.78,3.08,45.3,5.53,82.04,83.62,22,81.37,36,50,8.49,92.11,8.7,104.55,100,8,2,0,4.87,76.24,100,31.64,6,5,100,100,100,10005,Account 10005,2024-10-07,97.67,growth,41
100,100,100,8,100,100,100,61.28,22.14,6.26,57.15,5.72,78.52,85.94,19,76.81,41,44,7.53,98.9,8.55,145.7,97.81,7,7,1,4.67,86.07,100,33.87,6,4,100,100,100,10005,Account 10005,2024-10-07,97.67,growth,41
100,100,100,14,92.68,92.59,100,53.15,25.4,2.44,33.5,4.25,88.81,86.65,23,75.43,41,47,7.14,91.62,8.8,63.34,100,6,5,0,5.02,95.9,100,36.11,6,8,100,100,100,10005,Account 10005,2024-10-07,97.67,growth,41
100,100,100,20,95.64,92.61,100,125.72,12.04,7.8,51.27,6.43,78.6,95.22,18,79.09,32,58,9.65,97.56,12.2,62.03,95.07,6,4,1,4.71,85.96,100,46.84,6,10,100,100,100,10005,Account 10005,2024-10-14,98,growth,42
100,86.56,100,9,100,100,96.77,124.41,12.96,8.14,62.23,5.33,78.3,96.65,23,74.19,28,60,7.08,100,8.3,122.01,100,2,7,0,4.47,78.1,100,50.13,5,10,100,100,100,10005,Account 10005,2024-10-14,98,growth,42
100,79.44,100,12,100,100,96.87,130.89,29.83,2.31,44.28,5.06,73.46,86.46,16,97.18,26,51,8.97,95.68,11.76,111.64,99.44,6,2,0,4.82,84.67,100,33.27,6,8,100,100,100,10005,Account 10005,2024-10-14,98,growth,42
100,95.75,100,16,100,100,100,84.19,25.73,2.8,38.99,4.89,72.11,93.93,18,86.7,31,60,7.08,93.82,10.55,134.13,96.97,4,6,0,5.08,90.3,100,59.39,4,3,100,100,100,10005,Account 10005,2024-10-14,98,growth,42
100,84.3,100,23,94.85,100,100,94.73,29.66,3.87,34.66,7.72,71.8,91.9,18,79.9,29,57,7.32,95.42,12.22,65.86,98.07,8,7,0,4.76,90.26,100,38.35,6,5,100,100,100,10005,Account 10005,2024-10-21,98,growth,43
100,82.52,100,14,92.57,100,100,88.06,12.67,4.77,39.53,5.23,82.04,89.56,17,99.25,31,43,8.11,91.13,10.92,142.9,100,4,5,0,4.55,82.22,100,33.67,3,5,100,100,100,10005,Account 10005,2024-10-21,98,growth,43
100,100,100,16,91.09,95.39,93.27,148.66,29.79,6.58,46.19,7.64,84.55,91.42,20,92.55,39,57,9.78,94.28,8.2,54.81,100,5,2,1,4.69,87.89,100,50.33,5,8,100,100,100,10005,Account 10005,2024-10-21,98,growth,43
100,86.06,100,24,90.27,89.21,96.3,136.66,23.95,6.9,38.49,6.29,85.96,95.16,17,97.4,31,53,5.69,95.61,14.09,81.29,100,4,5,1,4.46,81.47,100,49.38,4,4,100,100,100,10005,Account 10005,2024-10-28,98,growth,44
100,68.31,100,19,100,96.01,98.43,101.23,12.72,3.5,48.31,6.82,79.02,93.07,20,90.0,38,56,5.68,100,11.47,125.93,100,7,2,1,4.64,84.27,100,39.37,3,9,100,100,100,10005,Account 10005,2024-10-28,98,growth,44
100,69.87,99.19,15,98.05,89.4,95.4,108.67,17.53,2.33,58.42,7.71,75.79,91.95,20,92.63,25,49,6.08,93.4,8.96,87.39,100,6,7,1,4.68,85.61,100,38.34,3,9,100,100,100,10005,Account 10005,2024-11-04,98,growth,45
100,70.96,100,20,100,94.48,96.89,124.16,15.04,5.37,33.09,7.24,88.19,92.59,23,89.19,33,50,5.06,91.37,14.24,78.44,97.7,3,7,0,4.72,88.22,100,50.85,6,6,100,100,100,10005,Account 10005,2024-11-04,98,growth,45
100,97.55,100,8,93.43,100,100,98.46,10.97,7.53,42.12,6.28,90.79,91.66,22,75.37,34,53,8.79,93.58,14.4,111.18,100,4,3,1,4.99,91.09,100,58.06,4,3,100,100,100,10005,Account 10005,2024-11-11,98,growth,46
100,100,100,18,100,98.49,95.26,104.17,19.45,7.53,47.82,6.52,85.78,84.41,23,77.4,39,57,9.54,96.25,12.93,86.25,96.38,3,6,0,4.4,77.92,100,27.09,3,7,100,100,100,10005,Account 10005,2024-11-11,98,growth,46
100,78.32,100,13,98.75,100,93.82,114.75,16.56,6.1,49.02,6.82,77.97,82.59,20,85.35,38,42,6.1,98.38,9.59,151.05,96.86,3,6,0,4.83,81.02,100,56.13,4,4,100,100,100,10005,Account 10005,2024-11-11,98,growth,46
100,67.69,100,19,100,100,100,57.28,23.95,6.74,34.15,7.53,84.03,86.53,15,74.71,28,48,8.33,100,15.45,80.19,96.83,3,6,0,4.31,82.5,100,22.91,6,9,100,100,100,10005,Account 10005,2024-11-18,98,growth,47
100,58.33,90.58,16,100,100,96.23,97.54,23.41,6.87,29.81,4.36,82.79,85.2,17,94.07,32,48,6.02,97.05,11.76,60.79,100,8,8,0,5.0,98.46,98.31,43.57,5,6,100,100,100,10005,Account 10005,2024-11-18,98,growth,47
100,77.99,98.7,19,100,97.41,100,121.82,23.91,4.71,49.49,6.98,74.41,86.69,21,81.97,29,52,6.52,97.09,10.79,95.25,97.95,7,6,1,4.67,83.42,100,45.23,3,9,100,100,100,10005,Account 10005,2024-11-25,98,growth,48
100,88.25,100,16,100,85.5,100,55.76,10.59,6.02,49.2,6.77,84.04,99.43,25,74.69,39,56,6.14,96.54,12.35,137.65,100,6,4,1,4.75,74.09,100,42.51,5,7,100,100,100,10005,Account 10005,2024-11-25,98,growth,48
100,86.18,100,15,100,95.97,100,151.26,15.43,8.0,36.34,6.93,81.71,84.39,24,80.09,39,53,6.38,92.29,13.13,70.81,99.6,4,5,1,4.61,91.56,100,41.44,3,3,100,100,100,10005,Account 10005,2024-11-25,98,growth,48
100,77.75,92.65,24,100,100,100,55.7,30.51,2.9,50.41,6.87,86.73,95.64,23,90.92,32,51,8.3,96.5,10.25,148.73,96.5,8,3,0,4.55,85.13,100,52.61,3,7,100,100,100,10005,Account 10005,2024-12-02,98,growth,49
100,91.12,100,22,100,92.27,100,105.07,18.91,5.89,34.79,5.39,74.21,86.58,19,76.55,25,44,10.17,96.22,9.21,60.76,96.75,6,8,1,4.37,88.81,100,38.65,3,7,100,100,97.98,10005,Account 10005,2024-12-02,98,growth,49
100,90.46,100,14,100,84.74,100,151.96,15.29,6.67,37.55,7.97,81.89,90.36,19,79.2,34,49,5.8,97.03,8.83,115.71,100,7,6,0,4.75,73.78,100,48.27,4,5,100,100,100,10005,Account 10005,2024-12-09,97.99,growth,50
100,97.38,100,17,90.85,100,100,58.65,16.96,4.22,48.31,7.97,77.08,84.9,15,82.8,29,52,5.4,89.19,9.35,148.94,96.5,4,3,1,4.59,90.1,100,27.84,4,9,100,100,100,10005,Account 10005,2024-12-09,97.99,growth,50
100,95.55,100,22,100,90.05,99.28,150.39,27.75,5.84,59.89,5.21,81.29,84.65,21,93.2,34,46,8.31,100,13.38,117.75,98.26,6,6,1,4.74,85.14,100,43.17,3,4,100,100,100,10005,Account 10005,2024-12-16,97.91,growth,51
100,100,100,21,96.28,100,98.43,50.78,21.22,7.25,43.79,5.57,74.57,99.81,25,82.58,30,51,7.16,96.23,10.18,49.68,100,4,6,0,4.94,87.0,100,72.69,4,4,100,100,100,10005,Account 10005,2024-12-16,97.91,growth,51
100,97.35,100,18,100,100,100,94.81,9.83,4.1,36.58,7.05,73.71,95.34,16,80.47,26,47,8.99,100,12.01,108.74,97.63,5,3,0,4.54,80.82,100,55.32,5,9,100,100,100,10005,Account 10005,2024-12-16,97.91,growth,51
100,91.16,100,19,100,97.04,100,139.75,26.53,4.61,31.68,7.56,79.24,93.05,24,78.84,30,62,9.4,91.5,11.77,69.4,100,3,3,0,4.63,81.69,100,65.81,3,3,100,100,100,10005,Account 10005,2024-12-23,98,growth,52
100,100,100,18,92.99,100,96.24,95.3,25.76,7.81,32.71,4.29,81.06,98.03,23,93.1,30,42,9.24,94.13,10.37,68.65,98.56,7,7,0,4.36,80.71,100,44.35,5,9,100,100,100,10005,Account 10005,2024-12-23,98,growth,52
100,100,100,17,98.6,99.7,97.54,94.14,11.66,4.95,47.04,7.83,82.74,91.09,18,81.56,35,53,5.96,94.88,13.05,80.1,99.85,6,4,0,4.7,87.74,100,59.6,5,3,100,100,100,10005,Account 10005,2024-12-23,98,growth,52
89.6,54.13,75.35,12,97.86,90.07,90.23,100.17,29.43,5.77,55.27,4.07,70.61,90.86,25,87.79,26,54,5.58,98.29,10.83,64.21,98.05,6,5,1,4.87,84.37,79.73,34.25,3,8,87.32,95.61,95.52,10006,Account 10006,2024-01-08,90.22,healthy,2
63.48,3.04,30.18,80,60.5,44.41,47.12,523.93,83.83,32.81,142.55,1.85,45.71,53.23,4,20.65,6,9,0.57,46.58,1.46,281.63,59.41,89,75,19,1.19,23.95,48.99,0,1,53,50.14,69.18,49.74,10006,Account 10006,2024-01-29,35.17,crisis,5
53.25,10.52,42.06,76,50.87,43.02,51.67,390.99,139.33,42.63,203.66,1.9,51.43,63.7,5,30.77,4,14,0.47,45.14,1.4,393.37,59.28,74,63,16,1.3,21.3,51.22,0.69,1,65,60.62,77.32,58.35,10006,Account 10006,2024-01-29,35.17,crisis,5
55.64,3.12,38.82,103,46.15,36.21,54.05,507.16,116.4,38.36,182.45,1.36,44.89,62.15,3,22.36,8,10,1.13,51.94,1.45,364.76,56.09,90,113,10,1.57,19.86,41.65,1.51,1,66,54.62,67.5,59.22,10006,Account 10006,2024-01-29,35.17,crisis,5
51.55,13.32,32.1,89,56.69,38.54,40.18,412.41,138.19,42.2,160.72,1.34,44.71,68.03,4,17.38,4,6,0.51,52.99,2.58,284.36,53.23,72,160,21,1.97,20.11,45.94,0,0,87,69.42,69.37,43.04,10006,Account 10006,2024-02-05,38.58,crisis,6
49.69,11.64,30.42,108,60.86,38.63,49.69,602.16,108.48,40.65,161.88,1.93,53.62,55.01,2,12.87,4,9,0.78,52.12,2.69,310.42,55.4,63,84,19,1.96,26.56,48.94,2.29,1,51,53.05,67.15,46.45,10006,Account 10006,2024-02-05,38.58,crisis,6
55.59,15.96,41.59,92,55.62,36.07,45.59,439.3,88.06,37.99,165.7,1.19,45.02,60.22,2,12.83,8,12,1.07,48.38,2.35,310.75,55.02,85,103,15,1.6,24.87,40.58,0.22,0,96,57.75,81.46,43.56,10006,Account 10006,2024-02-05,38.58,crisis,6
56.53,11.36,30.85,83,54.22,35.4,51.06,411.01,98.37,27.74,180.56,1.76,53.12,55.69,3,12.51,8,10,0.49,46.7,2.97,273.8,55.83,72,128,20,1.55,25.16,38.76,0,1,83,70.21,67.32,42.31,10006,Account 10006,2024-02-12,44.66,crisis,7
45.26,1.15,46.3,117,66.6,51.93,56.36,554.66,79.89,25.61,183.55,1.46,51.27,55.97,2,14.2,8,12,1.03,49.67,1.95,397.3,54.34,90,149,13,1.35,30.25,44.02,0,0,91,69.11,72.66,41.74,10006,Account 10006,2024-02-12,44.66,crisis,7
55.98,3.68,34.53,115,46.27,40.22,54.24,474.7,91.13,43.01,117.0,1.64,48.84,65.61,4,16.94,6,9,0.47,43.89,2.24,437.82,57.81,62,171,12,1.1,19.12,52.17,0,0,86,54.51,64.57,56.73,10006,Account 10006,2024-02-12,44.66,crisis,7
57.71,12.09,38.32,77,47.23,46.59,54.43,519.02,143.6,46.12,144.5,1.35,45.22,62.02,4,12.04,7,7,0.84,47.48,2.72,470.16,52.71,55,127,15,1.8,24.2,53.87,1.83,1,73,68.42,72.11,60.1,10006,Account 10006,2024-02-19,49.06,crisis,8
58.05,17.29,37.1,107,48.8,55.36,59.77,524.48,101.05,31.75,195.86,1.42,53.41,57.65,3,14.27,7,14,0.58,45.27,1.85,334.37,55.02,50,118,14,2.05,27.03,39.88,0.48,1,92,65.06,81.32,51.67,10006,Account 10006,2024-02-19,49.06,crisis,8
55.53,0.09,38.95,88,65.1,45.02,44.64,365.23,116.35,41.74,175.84,1.81,44.27,48.58,5,14.68,7,11,0.68,46.6,2.6,367.12,57.16,64,166,16,1.92,18.23,48.1,2.24,1,48,61.95,70.93,54.35,10006,Account 10006,2024-02-19,49.06,crisis,8
60.99,16.55,45.55,100,51.48,48.72,44.39,447.83,130.34,24.84,163.23,1.78,50.6,62.79,3,14.33,7,7,0.87,42.71,2.41,266.93,56.77,57,72,17,1.53,22.8,40.25,0,0,76,63.15,76.03,56.21,10006,Account 10006,2024-02-19,49.06,crisis,8
53.31,14.28,32.54,81,58.24,38.25,50.55,437.47,92.08,32.21,201.93,1.16,43.43,62.69,2,13.87,9,7,0.61,44.74,2.01,428.01,53.55,64,105,17,1.91,29.65,33.65,0.55,1,64,69.21,78.05,43.3,10006,Account 10006,2024-02-19,49.06,crisis,8
70.99,2.13,35.38,97,48.39,48.15,55.06,550.14,123.97,45.8,178.72,1.75,43.63,68.79,6,33.24,15,21,1.46,71.84,3.04,536.99,99.2,24,37,8,3.16,43.94,40.47,0,1,79,52.85,71.01,50.71,10006,Account 10006,2024-02-26,50.5,at_risk,9
52.7,9.92,42.23,72,56.56,37.59,58.75,327.9,106.81,41.28,136.48,1.68,47.68,56.0,7,29.97,7,18,0.65,82.41,4.61,792.51,91.23,30,66,6,3.29,43.04,51.6,2.75,1,90,62.17,74.49,54.9,10006,Account 10006,2024-03-04,53.47,at_risk,10
57.44,24.65,45.69,121,57.8,50.32,54.94,585.32,93.82,26.94,131.32,1.94,49.03,69.22,4,35.16,5,18,1.73,78.54,3.49,639.71,95.34,24,37,7,3.15,48.72,36.8,3.12,1,56,47.61,68.49,48.04,10006,Account 10006,2024-03-11,57.31,at_risk,11
60.74,7.03,45.62,67,50.13,41.98,58.08,342.95,88.73,28.4,170.92,1.29,43.77,52.44,8,44.91,10,10,0.9,84.77,3.68,642.85,94.16,27,35,5,2.82,33.32,45.34,0,1,58,69.71,67.43,49.39,10006,Account 10006,2024-03-11,57.31,at_risk,11
67.67,25.63,49.5,118,64.67,56.66,59.45,569.11,137.42,40.62,186.43,2.16,53.61,69.63,9,49.99,16,25,2.26,87.45,5.07,723.6,100.0,32,71,8,3.56,50.8,54.53,5.69,1,95,73.89,82.11,58.16,10006,Account 10006,2024-03-18,61.37,at_risk,12
71.54,25.59,50.09,117,65.39,53.36,62.56,593.38,145.92,41.89,181.83,2.11,58.38,69.3,8,49.45,15,25,2.23,84.05,5.29,744.14,100,34,66,8,3.64,51.38,58.1,5.66,1,94,70.75,81.58,62.11,10006,Account 10006,2024-03-18,61.37,at_risk,12
72.46,31.13,55.75,95,71.58,57.15,63.86,450.03,110.94,33.8,150.34,2.47,58.64,73.83,10,55.74,18,29,2.72,89.26,5.69,602.16,98.84,27,53,6,3.67,57.77,61.6,7.3,1,72,77.06,83.44,63.96,10006,Account 10006,2024-03-25,66.32,at_risk,13
74.95,31.4,53.96,91,67.83,58.87,62.96,465.38,114.12,34.57,163.98,2.6,56.95,75.75,10,54.99,18,30,2.82,88.23,5.72,616.37,98.36,28,52,6,3.79,57.51,61.39,7.79,1,69,76.17,86.12,66.38,10006,Account 10006,2024-03-25,66.32,at_risk,13
73.96,32.93,58.5,82,66.27,63.49,66.99,440.14,109.35,32.07,154.65,2.71,57.85,75.47,10,60.18,19,29,3.06,84.06,5.84,571.64,95.7,26,50,5,3.72,55.2,58.22,7.98,1,64,76.9,80.77,68.21,10006,Account 10006,2024-04-01,67.74,at_risk,14
79.68,35.98,56.91,76,70.37,64.78,71.14,356.67,92.43,28.33,129.59,2.77,62.19,79.37,11,59.13,19,32,3.33,87.24,6.33,472.93,98.68,22,44,5,4.06,58.79,65.66,9.41,1,59,78.2,81.12,65.18,10006,Account 10006,2024-04-08,70.43,moderate,15
74.83,36.28,57.5,60,73.54,68.78,70.99,318.1,77.66,23.41,113.41,3.09,61.03,81.65,12,62.33,20,33,3.64,89.01,6.32,389.86,99.88,17,36,4,4.12,60.01,62.49,9.75,2,45,75.5,84.6,71.3,10006,Account 10006,2024-04-15,73.15,moderate,16
78.98,39.99,65.43,43,74.28,71.01,71.86,231.54,52.42,16.16,87.89,3.36,67.98,76.72,13,66.36,22,36,4.02,88.19,7.05,280.68,98.23,12,24,3,4.24,69.45,67.44,11.69,2,31,82.55,90.17,75.88,10006,Account 10006,2024-04-22,77.01,moderate,17
80.12,44.07,66.2,44,75.14,71.0,75.78,221.9,56.62,15.93,83.87,3.32,66.25,82.0,12,65.81,22,36,4.09,94.16,7.35,280.34,95.68,12,25,3,4.23,68.43,71.18,11.71,2,32,81.11,87.54,74.42,10006,Account 10006,2024-04-22,77.01,moderate,17
78.22,42.91,67.26,29,78.77,70.11,74.61,163.93,38.61,10.34,63.72,3.69,64.98,84.03,14,68.09,24,36,4.62,92.35,7.41,202.92,100,9,16,2,4.09,72.14,70.25,13.67,2,20,78.68,86.89,73.24,10006,Account 10006,2024-04-29,80.06,moderate,18
78.35,44.68,65.94,30,78.27,70.38,78.34,154.62,37.08,10.9,62.67,3.67,70.06,79.29,14,67.8,23,37,4.62,90.36,7.51,191.01,97.87,8,16,2,4.12,73.01,74.05,12.6,2,20,82.79,88.9,74.37,10006,Account 10006,2024-04-29,80.06,moderate,18
83.06,48.1,67.48,19,75.04,74.66,76.6,103.98,25.24,6.59,45.59,3.67,69.75,82.84,15,71.68,23,38,4.79,89.66,8.04,121.81,100,6,9,1,4.35,71.14,71.7,13.61,2,11,80.04,87.3,78.6,10006,Account 10006,2024-05-06,82.46,moderate,19
86.54,46.79,64.89,19,80.31,70.16,80.01,108.44,25.18,6.12,46.3,3.79,66.95,86.67,15,73.76,24,37,4.65,86.78,7.68,122.02,96.7,5,9,1,4.44,73.48,70.82,14.35,2,12,86.0,88.13,80.1,10006,Account 10006,2024-05-06,82.46,moderate,19
83.93,48.2,68.68,9,80.04,72.45,76.72,54.87,12.53,2.62,32.64,3.93,66.5,84.78,15,72.89,25,39,4.92,93.88,7.66,60.61,99.27,2,3,0,4.69,76.21,76.9,14.7,2,3,83.97,91.57,79.61,10006,Account 10006,2024-05-13,84.65,moderate,20
87.37,50.81,71.09,8,80.22,75.26,82.95,59.11,11.64,2.63,32.01,4.02,70.82,88.54,15,77.74,25,39,4.88,89.89,7.64,61.27,98.67,3,3,0,4.41,74.41,74.44,14.56,2,3,86.03,90.94,75.9,10006,Account 10006,2024-05-13,84.65,moderate,20
87.27,70.55,87.95,20,94.89,76.98,84.76,155.16,26.12,6.48,52.21,5.9,79.68,81.81,20,88.24,27,57,7.27,97.64,14.15,94.89,96.35,4,7,1,4.79,94.29,76.67,27.34,3,2,100,93.44,97.44,10006,Account 10006,2024-05-20,86.93,moderate,21
98.18,76.47,85.37,14,78.1,76.97,96.78,62.98,21.56,2.52,38.08,5.49,81.76,91.82,23,81.36,27,48,8.58,97.86,11.97,61.35,100,2,6,1,4.49,85.21,87.4,17.57,4,5,90.26,94.53,89.89,10006,Account 10006,2024-05-20,86.93,moderate,21
86.22,76.49,90.65,21,88.43,80.75,83.95,133.93,16.04,7.39,46.25,6.53,87.02,90.2,24,92.37,34,57,8.94,92.83,14.44,119.53,100,2,7,0,4.9,75.34,83.06,18.64,3,3,86.48,88.11,90.97,10006,Account 10006,2024-05-27,90.7,moderate,22
87.86,55.02,69.82,8,84.7,88.7,82.06,53.2,27.59,5.72,42.14,4.48,87.03,94.97,18,96.32,27,47,8.74,92.29,13.57,121.01,100,5,6,0,4.63,92.27,86.12,19.77,4,5,87.74,97.34,91.8,10006,Account 10006,2024-05-27,90.7,moderate,22
93.26,71.68,92.88,19,90.11,81.06,81.17,67.23,22.76,7.29,45.03,7.37,83.14,95.73,21,83.53,34,52,8.77,91.89,11.23,79.24,97.72,6,3,0,4.95,94.53,82.6,20.04,5,5,94.22,95.5,80.32,10006,Account 10006,2024-06-03,92.91,moderate,23
90.07,63.25,75.15,19,87.9,77.3,85.7,51.74,9.64,7.15,52.41,6.31,75.88,92.14,16,90.59,30,46,6.6,95.06,10.08,129.65,100,4,6,0,4.48,77.88,80.04,32.18,5,6,86.93,95.17,82.34,10006,Account 10006,2024-06-03,92.91,moderate,23
100,61.17,89.79,15,93.29,92.96,78.77,76.1,18.01,2.83,59.99,6.56,78.59,96.21,19,91.5,39,54,9.86,99.19,9.79,96.79,98.11,7,3,1,4.91,88.56,81.2,21.93,3,4,83.37,100,92.72,10006,Account 10006,2024-06-10,93.27,moderate,24
97.72,79.38,84.89,20,81.7,91.3,93.39,91.2,27.92,2.84,43.64,5.27,72.24,87.69,16,84.48,28,49,8.41,89.16,10.02,69.7,100,4,4,0,4.89,87.97,91.13,17.61,2,5,95.26,97.47,80.54,10006,Account 10006,2024-06-10,93.27,moderate,24
100,100,100,9,100,100,93.72,96.25,26.76,3.55,38.95,5.59,71.53,92.34,23,78.69,35,48,7.95,95.32,10.47,135.23,96.13,2,3,0,4.64,79.77,100,42.13,4,8,100,100,100,10006,Account 10006,2024-06-17,92.81,growth,25
100,83.55,100,8,100,87.09,100,70.08,28.14,7.44,36.19,5.53,88.26,95.28,22,96.81,33,53,8.52,99.43,12.4,69.29,99.64,7,3,1,4.77,80.38,100,33.92,4,5,100,100,100,10006,Account 10006,2024-06-17,92.81,growth,25
100,86.51,100,9,96.27,86.98,100,102.31,28.61,3.14,42.15,7.05,92.86,91.11,15,77.91,28,56,7.08,97.07,13.2,114.09,99.04,6,5,0,4.64,94.35,100,45.43,4,7,100,100,100,10006,Account 10006,2024-06-17,92.81,growth,25
100,99.22,99.05,9,99.98,89.07,97.23,134.43,20.68,5.84,57.33,6.74,86.0,92.93,19,84.13,29,41,8.95,92.38,11.84,90.22,100,2,4,0,4.88,89.75,100,42.0,3,3,100,100,100,10006,Account 10006,2024-06-24,92.32,growth,26
100,86.03,97.25,14,95.36,100,100,94.03,21.42,2.17,35.12,5.43,86.42,82.19,18,84.98,29,43,5.38,93.16,14.35,94.23,95.59,4,8,1,4.65,85.04,100,52.03,4,9,100,100,100,10006,Account 10006,2024-07-01,92.69,growth,27
100,100,100,19,100,100,100,122.69,10.92,5.18,38.81,7.97,74.84,88.89,21,86.31,32,51,5.85,98.22,15.17,125.34,96.16,2,5,1,4.65,76.02,100,27.0,5,9,100,100,100,10006,Account 10006,2024-07-01,92.69,growth,27
100,93.69,100,23,100,93.37,100,140.83,16.09,4.1,48.54,4.01,85.38,87.32,18,88.82,36,42,7.39,96.88,9.69,55.98,95.25,2,5,1,5.02,77.96,100,31.55,4,3,100,100,100,10006,Account 10006,2024-07-01,92.69,growth,27
93.42,77.3,98.34,15,100,100,90.04,64.35,17.9,4.21,39.35,5.29,71.39,96.8,20,85.75,31,41,7.64,99.74,10.11,70.79,98.72,4,3,0,4.63,86.73,99.97,39.72,4,9,100,100,100,10006,Account 10006,2024-07-08,92.54,growth,28
97.7,63.79,98.93,11,98.81,97.28,92.05,100.81,11.17,6.02,56.29,6.71,87.21,93.06,22,90.9,32,41,8.73,91.81,8.26,71.0,100,6,4,1,4.53,79.95,90.27,22.89,4,6,100,100,100,10006,Account 10006,2024-07-08,92.54,growth,28
100,80.2,100,12,93.01,97.6,98.46,137.52,28.03,3.89,56.12,6.5,83.4,87.61,17,81.94,40,48,7.98,90.65,15.49,112.61,99.95,3,7,1,4.98,83.72,100,64.43,3,6,100,100,100,10006,Account 10006,2024-07-15,92.15,growth,29
100,97.51,100,14,92.22,86.76,100,118.96,20.36,4.05,40.61,5.18,85.58,89.29,15,80.38,27,42,7.07,94.89,9.26,131.43,100,5,7,1,4.67,84.38,100,57.68,3,6,100,100,100,10006,Account 10006,2024-07-15,92.15,growth,29
100,100,100,8,100,91.63,100,80.6,14.41,6.07,39.11,5.91,71.52,100,20,89.3,34,56,7.43,95.47,11.76,63.85,100,4,4,0,4.66,79.65,100,51.01,3,3,100,100,100,10006,Account 10006,2024-07-22,91.81,growth,30
100,100,100,22,89.26,95.95,100,129.42,23.1,6.35,48.89,6.5,89.1,85.36,19,77.74,33,50,6.33,96.45,9.1,86.35,100,5,6,0,4.77,83.82,100,61.44,3,6,100,100,100,10006,Account 10006,2024-07-29,91.36,growth,31
100,91.65,100,19,98.19,100,97.27,149.22,19.2,3.35,38.38,6.52,79.36,92.81,18,81.98,39,55,6.8,91.6,12.63,146.99,95.91,6,7,0,4.54,76.09,100,36.71,6,5,100,100,100,10006,Account 10006,2024-07-29,91.36,growth,31
100,84.41,100,11,100,100,97.62,93.83,12.07,3.45,35.17,7.06,74.87,93.72,16,86.53,32,46,7.12,91.09,12.04,84.86,95.49,7,7,0,4.97,85.28,100,51.78,5,9,100,100,99.74,10006,Account 10006,2024-08-05,91.12,growth,32
100,98.73,100,14,100,87.51,100,136.91,28.41,7.5,50.65,7.67,73.39,87.71,21,89.11,39,56,8.73,91.76,12.72,60.86,96.01,4,2,1,4.86,81.18,100,52.27,6,7,100,100,100,10006,Account 10006,2024-08-05,91.12,growth,32
100,98.16,100,20,100,99.27,95.59,144.86,20.82,6.55,46.31,6.06,68.67,86.32,18,79.25,31,52,5.33,92.3,10.85,121.49,100,2,3,0,5.07,88.49,100,44.22,6,7,100,100,100,10006,Account 10006,2024-08-05,91.12,growth,32
100,69.1,99.04,21,100,100,93.77,64.53,17.27,7.4,43.9,5.29,80.37,88.38,17,90.75,36,54,8.15,94.1,10.52,117.36,100,5,7,0,4.78,91.06,100,27.69,5,4,100,100,100,10006,Account 10006,2024-08-12,91.29,growth,33
100,88.59,100,15,100,88.52,89.65,71.58,20.96,5.89,59.43,5.51,71.39,93.36,20,87.76,27,41,7.96,94.49,8.58,136.19,100,6,5,0,5.15,79.69,100,49.96,3,9,100,100,100,10006,Account 10006,2024-08-19,91.43,growth,34
100,100,100,14,93.23,86.74,100,124.2,24.08,6.83,38.22,6.57,79.71,96.44,23,86.3,36,55,9.7,95.43,12.01,95.94,95.29,8,2,1,4.61,80.39,100,53.55,5,9,100,100,100,10006,Account 10006,2024-08-19,91.43,growth,34
100,63.29,89.8,16,100,92.1,94.98,111.22,11.92,3.36,31.45,7.17,78.59,84.85,23,79.88,25,52,9.1,100,10.75,135.39,95.68,6,2,0,4.69,86.41,97.9,17.99,4,3,100,100,100,10006,Account 10006,2024-08-26,91.75,growth,35
100,77.28,98.85,8,100,90.29,97.62,120.33,29.27,7.46,42.85,4.73,86.7,94.09,18,81.93,25,56,9.18,94.15,12.09,81.73,100,2,2,0,4.88,96.21,100,30.47,3,8,100,100,100,10006,Account 10006,2024-08-26,91.75,growth,35
100,100,100,20,96.46,97.15,100,96.75,15.7,3.47,44.47,6.92,88.01,90.5,21,93.38,38,43,9.28,94.28,9.59,105.3,100,4,2,0,4.69,89.4,100,25.0,6,4,100,100,100,10006,Account 10006,2024-09-02,91.3,growth,36
100,86.75,100,17,88.85,92.07,97.05,141.21,21.12,5.19,48.97,4.98,74.08,95.17,19,87.04,36,58,7.98,91.64,8.43,59.41,95.8,5,3,0,4.83,85.97,100,38.25,6,6,100,100,100,10006,Account 10006,2024-09-02,91.3,growth,36
100,77.7,89.96,23,100,98.81,100,138.0,22.73,2.53,31.36,5.9,75.62,100,21,81.21,29,49,8.54,88.55,10.18,121.5,96.97,5,5,0,4.59,80.78,100,46.07,3,8,100,100,100,10006,Account 10006,2024-09-09,91.45,growth,37
100,90.29,100,11,100,92.97,100,105.4,15.45,4.95,48.0,4.09,81.2,91.01,20,78.32,27,45,7.96,97.28,13.8,75.35,100,4,5,1,5.17,86.37,100,39.18,5,6,100,100,100,10006,Account 10006,2024-09-16,91.11,growth,38
100,75.63,100,13,92.58,100,100,98.31,26.79,7.25,38.74,5.13,78.39,89.18,22,93.11,26,50,6.61,90.83,11.83,75.18,98.37,4,3,0,4.43,76.22,100,46.46,5,9,100,100,100,10006,Account 10006,2024-09-23,91.48,growth,39
100,91.94,100,23,100,100,96.59,134.38,27.73,7.69,45.35,6.9,77.26,81.52,18,85.39,32,46,8.4,92.91,11.06,57.75,97.67,3,8,0,5.01,83.49,100,39.04,3,6,100,100,100,10006,Account 10006,2024-09-23,91.48,growth,39
100,100,100,8,100,93.03,93.68,137.6,23.63,6.86,38.5,4.5,68.45,93.67,16,80.27,40,48,5.63,89.74,12.32,126.88,99.99,2,3,0,4.65,79.28,100,50.6,6,7,100,100,100,10006,Account 10006,2024-09-30,91.93,growth,40
100,88.03,100,18,100,89.07,100,127.25,13.66,3.86,31.39,6.77,72.53,87.34,19,89.5,27,48,6.7,93.49,10.58,138.92,100,6,6,1,4.52,78.37,100,50.21,6,4,100,100,100,10006,Account 10006,2024-09-30,91.93,growth,40
100,90.95,100,13,95.07,99.59,95.07,138.1,26.71,5.02,32.69,3.96,73.61,88.05,18,81.54,39,54,6.07,92.77,9.85,74.65,98.01,8,4,1,4.88,88.87,100,55.22,6,9,100,100,100,10006,Account 10006,2024-09-30,91.93,growth,40
100,94.58,100,21,93.39,94.9,90.72,116.27,16.69,3.97,49.88,5.96,81.91,91.72,21,88.35,37,44,8.27,94.09,12.71,103.32,99.9,6,8,1,4.88,80.02,100,53.52,5,8,100,100,100,10006,Account 10006,2024-10-07,91.47,growth,41
100,77.59,100,24,100,86.42,92.35,100.6,24.06,4.44,36.26,5.47,84.82,87.65,20,87.02,36,44,5.9,95.81,13.19,75.42,100,7,4,1,4.78,81.65,100,38.24,3,9,100,100,100,10006,Account 10006,2024-10-07,91.47,growth,41
100,67.38,99.22,11,100,94.19,100,57.91,26.04,6.46,55.76,7.33,87.15,88.24,15,80.97,25,42,9.35,92.22,8.58,118.45,98.99,3,3,1,4.65,92.93,100,45.91,5,9,100,100,100,10006,Account 10006,2024-10-07,91.47,growth,41
100,100,100,8,100,91.03,100,56.53,17.89,7.29,50.24,7.16,74.92,87.48,17,88.11,34,52,5.68,95.35,11.1,107.55,98.06,4,5,1,4.76,78.22,100,51.34,3,10,100,100,100,10006,Account 10006,2024-10-14,91.7,growth,42
100,100,100,25,100,100,99.96,127.24,21.15,4.32,37.95,4.84,72.23,89.16,21,80.92,35,40,7.5,88.23,13.94,65.1,99.98,6,7,1,4.59,79.25,100,59.15,6,3,100,100,96.68,10006,Account 10006,2024-10-14,91.7,growth,42
100,98.32,100,12,93.7,90.0,100,81.83,19.32,2.96,36.25,5.57,86.51,90.27,16,82.13,33,50,9.78,96.78,12.3,135.48,100,3,4,0,5.2,86.21,100,53.42,3,9,100,100,100,10006,Account 10006,2024-10-14,91.7,growth,42
100,100,100,20,100,93.47,97.89,105.18,13.4,2.44,32.13,7.44,75.3,84.17,17,90.29,30,54,8.62,95.2,11.22,60.06,95.53,3,7,0,4.81,80.18,100,46.28,5,3,100,100,97.81,10006,Account 10006,2024-10-21,91.92,growth,43
100,96.82,100,17,99.83,97.54,98.29,80.28,24.94,2.78,45.66,5.9,73.6,100,21,86.4,26,58,7.75,98.29,14.94,75.06,96.12,5,5,0,4.29,78.81,100,43.74,5,6,100,100,100,10006,Account 10006,2024-10-21,91.92,growth,43
100,93.83,100,16,100,100,93.22,117.62,12.1,5.66,50.98,7.51,83.1,92.96,23,90.78,39,57,5.23,97.09,8.83,98.05,96.05,4,7,1,4.75,94.6,100,36.06,4,5,100,100,100,10006,Account 10006,2024-10-28,92.28,growth,44
100,88.52,100,23,100,100,96.22,82.66,23.51,4.72,39.73,5.82,93.46,95.18,22,76.74,31,48,5.61,94.54,12.29,90.69,96.72,4,3,1,4.69,76.4,100,27.06,4,8,100,100,100,10006,Account 10006,2024-11-04,92.07,growth,45
100,68.52,100,18,94.97,97.03,99.71,83.94,26.56,8.0,47.94,5.8,84.11,85.71,17,90.66,28,54,7.21,98.93,9.64,75.36,94.87,8,2,1,4.72,81.06,100,26.75,4,3,100,100,100,10006,Account 10006,2024-11-11,92.05,growth,46
100,95.13,100,18,97.07,100,98.62,130.23,16.27,2.23,44.18,5.27,77.28,96.13,16,93.15,33,47,8.4,100,9.55,111.18,100,6,3,0,4.44,84.38,100,52.08,3,8,100,100,100,10006,Account 10006,2024-11-18,91.67,growth,47
100,100,100,20,100,93.89,100,120.07,23.62,3.84,41.62,8.01,75.63,95.13,17,89.21,32,52,9.01,94.08,11.3,105.23,95.94,7,6,1,4.68,85.05,100,35.15,3,3,100,100,100,10006,Account 10006,2024-11-18,91.67,growth,47
100,100,100,23,100,100,94.81,101.62,20.51,3.16,54.51,4.48,89.99,85.1,15,81.2,35,56,7.78,91.81,12.48,57.03,100,5,6,1,4.9,77.34,100,49.87,6,6,100,100,100,10006,Account 10006,2024-11-25,91.27,growth,48
100,100,100,16,100,84.05,92.42,54.92,26.2,3.48,40.13,7.06,86.94,90.79,19,91.5,33,42,7.56,93.11,11.86,140.32,100,3,7,1,4.94,90.36,100,68.22,6,5,100,100,100,10006,Account 10006,2024-11-25,91.27,growth,48
100,100,100,21,100,88.99,100,92.66,16.26,7.33,45.27,6.48,74.35,87.1,18,90.79,37,53,5.64,95.37,14.62,113.45,96.59,5,8,1,4.67,93.15,100,73.05,3,9,100,100,100,10006,Account 10006,2024-11-25,91.27,growth,48
100,86.45,100,13,100,97.47,100,118.83,26.58,2.41,58.54,4.5,73.95,95.11,15,83.29,28,61,6.42,94.12,9.79,90.1,100,6,7,1,4.54,90.95,100,59.94,3,9,100,100,100,10006,Account 10006,2024-12-02,90.87,growth,49
100,96.26,100,9,100,100,100,126.75,25.33,4.12,36.33,7.81,76.31,89.06,21,88.95,28,43,9.09,90.63,10.09,145.55,100,6,6,0,4.52,84.44,100,61.98,6,9,100,100,95.51,10006,Account 10006,2024-12-02,90.87,growth,49
100,84.07,100,8,97.24,86.77,100,141.19,14.72,2.85,38.71,5.61,89.17,95.61,22,83.13,31,45,8.99,93.95,11.02,99.43,98.01,6,5,1,4.88,80.02,100,36.54,3,10,100,100,100,10006,Account 10006,2024-12-09,91.28,growth,50
100,78.91,100,11,98.43,95.37,96.0,79.77,12.31,2.79,45.88,5.1,78.29,99.03,19,79.47,28,53,5.12,91.68,9.12,88.46,99.65,3,4,0,4.96,82.29,100,40.91,4,8,100,100,100,10006,Account 10006,2024-12-16,91.56,growth,51
99.22,81.37,96.22,18,92.56,89.77,93.24,138.75,24.35,6.15,37.95,5.34,75.51,87.96,24,80.54,26,47,8.66,96.18,14.59,92.92,99.53,7,6,1,4.73,80.41,99.28,40.68,3,4,100,100,100,10006,Account 10006,2024-12-23,91.52,growth,52
87.27,76.52,81.72,19,91.12,79.49,82.59,141.82,22.86,5.37,54.85,6.66,84.83,91.26,21,95.11,25,51,5.26,100,8.02,107.31,95.25,5,6,0,4.85,80.85,74.37,19.85,4,5,86.88,91.88,91.45,10007,Account 10007,2024-01-08,89.96,healthy,2
55.02,18.47,31.55,72,52.32,48.77,50.91,385.21,86.23,39.32,177.49,1.98,46.41,64.37,2,11.04,3,7,0.29,52.86,3.07,358.8,52.66,75,79,17,1.64,23.68,52.43,1.32,0,75,62.87,68.69,56.02,10007,Account 10007,2024-01-29,34.77,crisis,5
51.1,19.66,31.4,79,59.13,39.25,39.3,503.96,127.49,36.12,132.19,1.85,40.13,48.26,3,12.61,5,10,0.39,42.58,2.73,260.84,53.28,69,151,20,2.01,20.33,38.5,0,1,74,60.98,74.15,54.74,10007,Account 10007,2024-01-29,34.77,crisis,5
55.96,0.35,35.48,65,50.97,40.96,41.21,403.75,148.35,42.41,171.21,1.26,48.63,50.05,4,15.15,4,8,1.04,48.78,2.97,386.3,57.13,86,154,22,1.89,27.61,55.16,0,0,62,53.24,74.13,46.21,10007,Account 10007,2024-01-29,34.77,crisis,5
43.35,10.12,35.49,107,53.82,46.45,43.7,314.85,96.81,39.57,152.13,1.33,44.33,54.45,4,12.76,5,14,1.15,45.55,1.91,239.12,52.06,71,156,20,1.66,24.48,42.09,4.84,1,70,52.9,64.64,42.94,10007,Account 10007,2024-01-29,34.77,crisis,5
54.11,12.99,39.2,119,49.24,47.77,47.2,342.85,153.36,29.54,159.2,1.6,56.52,61.19,4,26.23,6,8,0.62,46.56,2.74,398.92,57.53,66,169,18,1.42,23.98,52.5,1.86,0,88,56.25,68.63,51.14,10007,Account 10007,2024-02-05,39.47,crisis,6
57.96,11.49,44.34,81,47.51,38.2,45.61,529.99,85.46,28.95,179.28,1.78,51.82,57.79,4,18.12,7,6,0.79,45.17,2.4,305.82,59.91,63,170,18,1.49,17.62,47.8,0.12,0,72,65.31,71.48,48.54,10007,Account 10007,2024-02-05,39.47,crisis,6
60.91,8.65,40.36,111,53.57,39.07,51.64,379.53,97.75,39.48,178.5,1.42,51.62,71.59,4,20.14,8,11,0.54,43.96,2.48,282.12,58.3,80,79,19,1.49,27.91,40.65,0,1,78,50.33,77.1,51.86,10007,Account 10007,2024-02-05,39.47,crisis,6
53.7,15.51,40.41,108,60.77,50.51,57.0,567.23,117.75,29.98,151.02,1.76,40.51,52.21,4,13.88,6,11,0.5,45.46,2.08,482.6,55.89,59,126,21,1.55,26.56,53.39,3.62,0,75,60.22,81.42,56.46,10007,Account 10007,2024-02-12,43.7,crisis,7
60.47,10.83,42.59,73,46.42,45.13,50.35,508.05,154.12,30.98,182.51,1.64,50.43,57.58,4,12.61,7,11,0.39,47.08,2.12,337.0,54.17,50,81,19,2.03,27.78,48.21,0,0,65,71.96,65.14,53.77,10007,Account 10007,2024-02-12,43.7,crisis,7
47.0,16.44,39.69,62,59.86,49.95,57.66,362.83,97.89,34.31,145.24,1.73,49.02,53.03,3,12.9,8,13,0.83,46.76,2.25,371.62,52.56,85,111,16,1.79,23.57,37.96,0,0,74,57.43,66.87,52.66,10007,Account 10007,2024-02-12,43.7,crisis,7
52.71,4.44,40.45,76,61.32,45.08,47.92,393.56,141.68,41.03,182.65,1.76,46.74,58.98,4,29.85,6,8,0.99,47.96,2.16,416.42,59.51,65,118,12,1.5,20.71,33.87,2.24,0,82,69.71,69.68,49.55,10007,Account 10007,2024-02-19,46.38,crisis,8
66.05,2.17,45.74,82,60.35,47.93,45.88,458.32,106.25,39.73,188.92,2.05,54.73,60.92,3,25.75,9,11,0.89,42.6,2.9,419.19,58.62,88,105,16,1.37,23.85,38.04,4.58,0,79,67.47,77.25,58.95,10007,Account 10007,2024-02-19,46.38,crisis,8
54.82,16.09,37.1,91,54.72,54.71,52.53,564.76,140.63,35.96,178.81,1.51,48.86,61.01,3,27.07,5,10,1.03,48.37,1.59,340.08,60.48,76,142,19,1.5,23.65,37.58,0,0,63,52.32,75.68,57.72,10007,Account 10007,2024-02-19,46.38,crisis,8
49.51,0.68,34.86,77,48.28,36.74,46.35,579.33,116.24,31.8,126.5,1.76,44.71,70.15,4,19.09,7,9,1.22,42.57,2.88,247.66,59.99,90,92,15,1.23,24.52,53.77,0,0,73,64.21,72.85,50.37,10007,Account 10007,2024-02-19,46.38,crisis,8
64.1,8.75,48.95,96,51.18,55.64,46.99,506.49,116.06,44.88,180.57,1.66,52.69,58.99,3,18.55,4,15,0.55,49.53,2.31,364.16,55.92,80,144,17,1.56,22.2,45.72,3.63,1,92,67.56,73.57,46.95,10007,Account 10007,2024-02-19,46.38,crisis,8
55.25,2.47,42.12,84,48.57,51.46,59.37,400.09,120.05,38.02,183.04,1.24,45.8,60.01,4,30.75,6,16,1.55,78.76,3.66,623.56,94.91,23,37,5,3.42,35.19,50.88,0,0,62,66.32,71.81,44.62,10007,Account 10007,2024-02-26,49.32,at_risk,9
64.95,23.37,31.98,78,61.2,55.04,53.91,397.54,119.84,40.17,151.84,1.99,45.93,64.22,8,39.95,12,10,1.4,79.33,2.66,701.07,93.83,32,42,4,2.95,33.46,43.77,0,1,74,54.58,65.94,56.13,10007,Account 10007,2024-02-26,49.32,at_risk,9
61.98,7.93,44.26,74,47.91,51.27,51.72,498.57,93.71,32.64,188.54,1.21,50.99,55.56,4,47.18,14,24,1.45,77.15,2.76,473.56,93.74,29,64,7,3.04,34.03,35.46,0,1,55,56.71,77.73,47.6,10007,Account 10007,2024-03-04,53.54,at_risk,10
56.25,11.2,31.28,99,61.17,39.24,58.09,457.75,92.54,32.13,191.29,2.02,51.21,54.5,6,33.96,6,16,0.66,82.22,3.58,720.24,96.24,23,57,5,3.49,29.89,45.45,0.6,1,51,57.46,69.58,44.58,10007,Account 10007,2024-03-04,53.54,at_risk,10
66.75,3.35,32.29,83,66.34,43.04,55.86,386.37,84.78,30.45,150.44,1.79,39.21,57.75,5,32.3,9,23,1.59,75.38,2.57,619.25,96.05,32,53,6,2.71,33.54,46.59,1.22,1,90,64.23,76.01,51.85,10007,Account 10007,2024-03-11,58.23,at_risk,11
69.82,9.97,31.94,79,58.49,44.92,49.24,401.71,130.38,38.27,131.55,1.75,46.11,56.67,6,47.22,13,13,1.03,74.48,2.87,688.27,99.16,30,29,7,3.18,32.12,53.73,0,1,52,65.04,78.65,47.47,10007,Account 10007,2024-03-11,58.23,at_risk,11
50.85,24.42,31.39,77,52.18,39.46,42.87,496.13,82.57,38.75,192.18,1.65,42.87,61.32,7,48.15,11,17,1.15,75.68,4.74,719.22,100,31,68,6,2.79,33.33,47.29,0,1,95,51.34,77.59,41.45,10007,Account 10007,2024-03-18,59.78,at_risk,12
53.27,8.55,36.01,81,56.38,37.92,45.79,415.27,136.57,28.63,137.41,1.76,43.27,58.1,7,48.8,9,22,1.71,77.38,3.47,450.75,92.76,23,55,5,2.87,33.56,45.44,0,0,73,59.43,65.69,53.31,10007,Account 10007,2024-03-18,59.78,at_risk,12
69.93,27.65,54.6,100,67.03,57.0,64.69,494.32,126.39,39.34,181.86,2.32,58.56,74.05,9,55.1,16,27,2.51,83.12,5.61,711.11,94.58,29,58,6,3.63,55.29,58.32,6.47,1,79,73.23,78.65,60.68,10007,Account 10007,2024-03-25,63.91,at_risk,13
76.93,32.31,57.69,87,65.66,62.74,62.81,452.58,109.2,35.28,159.76,2.47,59.97,70.23,10,55.1,17,29,2.79,83.39,5.6,604.46,100,25,57,6,3.8,54.46,58.35,7.74,1,73,75.82,81.65,66.65,10007,Account 10007,2024-04-01,66.48,at_risk,14
79.14,33.41,55.39,76,73.45,59.81,70.08,366.5,98.4,29.07,133.34,2.77,58.43,78.0,11,61.18,19,31,3.17,85.26,5.91,520.34,93.79,22,47,5,3.83,57.61,65.73,8.75,1,59,76.69,80.8,68.2,10007,Account 10007,2024-04-08,69.75,moderate,15
78.73,40.65,60.7,59,72.2,65.16,68.67,287.57,70.68,21.23,110.53,3.22,65.68,77.51,12,64.47,21,34,3.74,85.58,6.61,395.46,100,16,35,3,4.2,61.68,63.82,10.06,2,44,79.21,89.27,69.5,10007,Account 10007,2024-04-15,73.87,moderate,16
84.21,43.74,62.56,38,74.13,71.51,78.16,201.97,48.81,13.88,73.47,3.36,64.24,83.16,13,66.77,23,35,4.08,87.85,7.3,258.08,98.03,11,22,2,4.31,67.8,72.07,12.0,2,28,79.13,85.95,75.08,10007,Account 10007,2024-04-22,78.22,moderate,17
84.88,44.68,66.41,39,78.74,71.52,77.28,194.93,48.18,13.36,74.98,3.6,66.8,77.71,13,69.98,22,37,4.0,94.22,7.4,265.37,100,11,21,2,4.09,71.57,67.72,12.1,2,27,79.4,88.91,76.63,10007,Account 10007,2024-04-22,78.22,moderate,17
85.28,45.8,64.42,23,77.79,69.34,75.38,127.07,31.29,7.87,53.24,3.63,66.09,82.26,15,70.32,23,39,4.38,88.1,7.65,157.49,97.44,7,12,1,4.51,70.65,70.59,13.56,2,15,83.74,88.51,75.34,10007,Account 10007,2024-04-29,81.45,moderate,18
80.49,46.0,65.88,23,75.01,75.69,79.63,123.33,30.83,7.75,53.92,3.76,70.9,85.48,14,74.79,24,36,4.58,89.44,7.63,155.92,100,6,12,1,4.2,73.7,73.66,14.07,2,15,84.15,91.48,74.13,10007,Account 10007,2024-04-29,81.45,moderate,18
82.95,48.58,65.9,13,79.47,74.23,81.75,81.47,16.6,4.16,40.95,3.95,72.23,85.45,15,74.87,25,37,5.04,95.96,7.52,89.78,94.62,4,6,0,4.53,73.56,71.98,14.92,2,7,85.54,87.11,81.4,10007,Account 10007,2024-05-06,83.67,moderate,19
81.74,48.44,68.13,13,75.54,73.92,78.45,77.0,16.85,4.12,40.77,3.82,70.73,87.77,14,76.76,25,41,4.75,87.27,7.54,94.2,95.66,4,5,0,4.25,75.6,75.13,14.53,2,7,87.12,91.26,79.71,10007,Account 10007,2024-05-06,83.67,moderate,19
87.05,59.86,86.86,17,90.64,81.85,78.49,118.23,12.19,2.85,34.98,4.78,76.55,85.09,17,82.96,25,54,5.07,94.57,12.14,106.44,97.1,5,3,1,5.0,83.68,81.49,14.64,2,4,90.97,91.7,90.09,10007,Account 10007,2024-05-13,87.2,moderate,20
92.6,64.38,72.66,10,84.04,87.67,94.66,66.6,21.69,2.44,50.41,6.93,85.72,89.09,23,81.97,27,52,7.84,92.41,8.54,94.47,96.67,5,8,0,5.13,74.52,82.46,25.0,4,4,87.14,93.11,90.11,10007,Account 10007,2024-05-13,87.2,moderate,20
90.19,50.28,73.61,19,82.59,82.23,88.74,85.91,18.16,2.55,39.42,6.79,79.1,95.16,24,82.42,27,58,8.6,93.47,8.16,99.64,100,2,6,0,5.01,87.88,87.28,25.77,3,3,90.43,93.17,81.31,10007,Account 10007,2024-05-20,88.82,moderate,21
94.24,67.22,70.69,14,92.62,78.45,89.59,61.45,17.73,5.44,43.21,7.82,74.64,83.94,18,91.76,35,47,8.46,100,10.85,118.55,100,7,8,1,4.74,83.99,81.91,29.74,4,8,98.42,100,88.4,10007,Account 10007,2024-05-27,92.05,moderate,22
96.6,58.88,79.38,8,80.22,82.25,85.75,90.12,18.88,5.21,58.67,6.25,70.9,90.47,16,75.31,29,41,5.77,94.58,8.99,54.78,96.25,8,7,1,4.75,84.06,79.97,28.28,4,8,96.69,96.59,89.4,10007,Account 10007,2024-05-27,92.05,moderate,22
99.27,69.3,72.3,18,78.68,84.29,77.54,81.54,29.19,4.27,54.37,4.32,86.87,93.86,22,81.63,37,56,9.15,94.95,15.02,83.53,100,6,6,0,4.74,81.04,81.1,25.43,3,6,86.37,99.22,79.88,10007,Account 10007,2024-06-03,92.8,moderate,23
89.68,51.6,90.67,19,92.55,85.88,89.76,71.79,14.46,6.26,50.15,5.34,81.73,97.89,25,91.25,30,52,8.81,99.58,8.35,133.3,98.4,4,4,0,4.93,77.07,86.88,24.25,4,2,90.21,100,86.25,10007,Account 10007,2024-06-03,92.8,moderate,23
91.07,71.41,77.45,13,95.62,84.19,86.76,73.31,28.93,3.53,33.15,6.92,85.55,95.21,22,85.57,32,60,5.26,96.27,8.24,148.64,96.39,2,5,0,4.54,74.73,81.63,31.24,4,4,92.9,91.08,82.11,10007,Account 10007,2024-06-10,93.51,moderate,24
100,89.37,100,15,100,96.63,99.88,103.73,25.97,4.27,54.01,7.76,80.24,91.55,23,81.51,35,52,8.53,100,9.33,131.38,100,6,5,0,4.53,90.52,100,29.9,3,10,100,100,100,10007,Account 10007,2024-06-17,93.82,growth,25
100,83.18,100,22,97.03,100,93.75,50.77,16.29,2.37,33.02,5.92,79.43,99.08,21,89.93,40,53,6.62,100,12.67,69.79,100,8,7,0,4.78,93.63,100,31.19,6,8,100,100,100,10007,Account 10007,2024-06-24,94.29,growth,26
100,92.76,100,20,100,100,97.93,140.06,28.78,3.79,39.21,5.77,76.88,92.2,16,74.35,33,52,9.12,89.6,13.86,53.39,100,6,8,0,4.61,83.61,100,39.74,3,9,100,100,100,10007,Account 10007,2024-06-24,94.29,growth,26
100,90.51,96.31,10,90.59,98.08,90.61,103.75,29.05,4.55,57.75,4.96,70.89,88.26,17,88.42,27,43,6.38,93.27,12.64,77.62,100,6,8,0,4.98,90.85,100,45.86,3,3,100,100,97.98,10007,Account 10007,2024-06-24,94.29,growth,26
100,82.94,83.46,10,100,100,100,74.95,10.92,5.51,52.96,5.9,80.89,89.51,18,82.82,35,48,9.11,93.26,9.74,97.74,98.44,7,5,1,4.97,78.64,100,22.36,4,9,100,100,100,10007,Account 10007,2024-07-01,94.11,growth,27
95.0,73.17,81.76,10,100,97.8,100,98.31,16.94,2.66,53.65,8.06,85.12,83.29,18,79.99,27,43,6.48,97.08,10.43,127.58,98.71,3,4,0,4.73,86.3,100,41.83,6,10,100,100,100,10007,Account 10007,2024-07-01,94.11,growth,27
100,100,100,19,94.0,91.7,90.6,81.13,30.11,3.22,50.54,4.87,80.54,95.92,21,82.86,26,51,6.83,99.75,13.79,61.81,97.15,5,7,0,4.5,85.53,100,47.4,4,5,100,100,100,10007,Account 10007,2024-07-08,94.22,growth,28
100,100,100,19,100,100,100,97.62,14.95,8.27,31.29,4.95,74.17,86.14,15,77.16,39,51,8.14,95.12,11.33,133.79,100,4,5,0,4.58,89.76,100,57.06,4,5,100,100,100,10007,Account 10007,2024-07-08,94.22,growth,28
100,100,100,23,100,100,91.74,52.4,19.75,7.63,47.98,5.27,86.36,88.18,22,80.45,38,49,9.34,93.47,9.13,103.03,100,3,3,0,4.65,73.72,100,38.6,4,6,100,100,100,10007,Account 10007,2024-07-15,94.41,growth,29
100,100,100,9,100,91.19,100,133.62,12.55,7.86,41.82,4.99,80.01,100,24,85.8,40,52,8.8,93.05,11.62,60.52,97.69,8,7,0,4.69,94.46,100,42.02,4,6,100,100,100,10007,Account 10007,2024-07-22,94.15,growth,30
100,81.02,100,23,91.15,86.6,95.35,67.44,24.45,7.3,43.61,6.37,85.46,83.57,26,93.51,34,48,8.13,95.15,8.76,138.18,100,6,3,0,4.97,85.71,100,43.9,3,5,100,100,100,10007,Account 10007,2024-07-22,94.15,growth,30
100,69.46,94.46,18,90.88,99.52,98.12,50.89,27.05,2.06,35.69,4.54,79.54,96.73,25,85.31,30,45,9.5,97.67,14.69,78.88,96.38,8,7,1,4.53,94.76,100,38.03,6,6,100,100,97.42,10007,Account 10007,2024-07-29,93.75,growth,31
100,90.92,83.95,15,99.17,85.38,94.37,101.97,27.7,5.56,46.4,6.38,76.51,91.12,22,83.23,27,46,5.63,90.12,9.08,62.05,100,6,3,0,4.82,81.12,100,19.38,3,8,100,100,100,10007,Account 10007,2024-08-05,93.54,growth,32
100,92.54,100,13,100,95.91,100,138.02,10.7,5.01,35.97,5.16,89.39,90.9,22,88.71,32,44,4.95,94.72,9.83,65.19,100,6,3,0,4.69,77.19,100,27.08,5,7,100,100,100,10007,Account 10007,2024-08-12,93.76,growth,33
100,100,100,13,89.75,90.0,100,138.5,18.91,6.82,42.61,6.37,83.3,92.74,24,83.72,33,41,5.87,94.46,12.24,65.98,96.79,8,3,1,4.74,76.59,100,49.14,4,9,100,100,100,10007,Account 10007,2024-08-19,93.83,growth,34
100,90.46,100,21,99.72,90.03,100,68.98,28.79,3.48,39.54,6.45,82.29,94.33,19,78.26,35,39,8.07,95.1,8.69,129.14,100,4,4,0,4.57,90.38,100,37.22,5,5,100,100,100,10007,Account 10007,2024-08-19,93.83,growth,34
100,100,100,11,100,100,99.01,80.55,25.53,5.7,58.1,4.05,88.21,88.09,21,83.36,37,46,5.41,97.06,8.98,128.62,98.73,5,3,0,4.39,73.09,100,45.97,6,3,100,100,100,10007,Account 10007,2024-08-26,93.46,growth,35
100,100,100,14,97.93,93.54,100,98.24,25.77,5.85,33.37,6.35,81.8,90.85,25,91.46,34,49,9.29,92.47,8.45,72.05,100,8,7,1,4.76,73.39,100,39.09,3,8,100,100,100,10007,Account 10007,2024-08-26,93.46,growth,35
100,58.25,90.04,23,95.13,100,100,102.38,14.67,3.68,56.84,5.47,71.42,87.49,19,79.42,40,43,9.24,96.07,10.16,129.89,96.05,3,6,1,5.0,84.24,100,41.76,3,9,100,100,97.95,10007,Account 10007,2024-09-02,92.98,growth,36
100,67.98,81.69,16,100,97.16,95.54,117.82,12.49,2.32,53.23,4.94,84.23,97.35,23,91.77,34,41,6.0,95.0,9.29,145.64,100,8,7,0,4.72,81.24,100,33.29,3,7,100,100,100,10007,Account 10007,2024-09-02,92.98,growth,36
99.35,71.8,86.71,11,100,100,95.79,92.88,14.19,6.59,31.99,5.71,71.02,96.29,25,85.34,35,42,5.49,93.25,11.95,83.5,100,4,7,1,4.66,95.61,100,35.14,3,10,100,100,100,10007,Account 10007,2024-09-02,92.98,growth,36
100,87.08,100,13,100,100,99.44,144.72,10.38,2.12,38.95,4.15,69.99,95.98,24,75.91,32,44,6.6,96.28,13.5,118.43,96.95,7,2,0,4.78,81.39,100,29.26,6,3,100,100,100,10007,Account 10007,2024-09-09,93.23,growth,37
100,100,100,24,100,100,100,141.01,26.99,2.91,39.82,7.95,77.65,86.6,19,90.42,33,41,8.19,94.75,12.37,103.18,97.22,8,8,1,4.87,73.1,100,59.1,6,4,100,100,100,10007,Account 10007,2024-09-09,93.23,growth,37
100,80.38,100,22,100,100,100,113.83,19.7,4.38,40.07,6.2,75.03,91.93,19,87.44,28,60,8.31,97.38,8.44,76.93,97.18,7,6,0,4.79,83.51,100,51.88,4,7,100,100,100,10007,Account 10007,2024-09-16,92.82,growth,38
100,78.3,100,10,100,95.71,100,106.74,16.72,2.38,41.63,5.17,86.69,86.86,19,76.92,38,45,6.29,98.6,14.02,145.1,97.81,2,7,0,4.75,86.68,100,47.46,3,4,100,100,100,10007,Account 10007,2024-09-16,92.82,growth,38
100,79.81,100,19,95.0,100,98.44,81.98,18.17,8.02,57.52,4.41,75.9,84.02,16,78.4,37,59,7.6,96.44,13.64,105.14,100,5,7,1,4.96,81.92,100,39.5,5,3,100,100,100,10007,Account 10007,2024-09-23,93.27,growth,39
100,89.64,89.1,21,95.6,100,97.55,98.78,10.63,5.6,38.09,6.87,92.67,84.23,20,82.39,30,47,5.4,89.54,14.47,100.79,97.96,8,3,1,4.98,84.24,99.43,21.35,4,5,100,100,100,10007,Account 10007,2024-09-30,93.38,growth,40
100,60.3,94.61,10,93.97,98.12,99.42,89.16,21.31,3.4,43.24,4.49,72.39,84.97,23,79.4,32,62,9.36,99.25,10.51,99.22,100,4,2,0,4.56,95.18,100,34.48,5,3,100,100,97.56,10007,Account 10007,2024-09-30,93.38,growth,40
100,100,91.85,23,99.22,96.79,100,61.82,17.56,6.97,42.69,5.65,90.26,85.21,25,87.57,31,50,6.1,91.77,10.19,70.15,100,6,3,1,4.69,99.03,100,38.48,4,7,100,100,100,10007,Account 10007,2024-10-07,92.95,growth,41
100,91.53,100,11,100,100,94.86,104.01,11.1,2.79,31.73,7.22,73.69,87.48,22,97.96,32,45,7.62,91.38,9.63,106.19,100,3,7,1,4.59,87.68,100,25.48,6,5,100,100,97.95,10007,Account 10007,2024-10-07,92.95,growth,41
100,69.61,100,9,100,100,100,137.09,29.01,3.7,44.56,6.72,88.69,84.42,20,92.49,31,52,9.22,94.67,12.58,96.8,98.16,7,4,1,4.86,87.69,100,29.41,5,9,100,100,100,10007,Account 10007,2024-10-14,93.27,growth,42
100,70.9,100,22,100,100,98.82,104.13,13.78,3.88,46.23,7.27,89.08,87.79,16,85.67,34,56,7.23,96.63,11.88,146.7,94.94,4,5,1,4.69,85.37,100,38.15,4,8,100,100,100,10007,Account 10007,2024-10-14,93.27,growth,42
100,88.46,100,14,100,93.33,100,108.69,24.58,5.43,40.5,4.04,79.22,92.19,21,86.56,34,60,5.61,99.08,14.15,122.15,100,4,5,0,4.91,90.19,100,24.35,5,3,100,100,100,10007,Account 10007,2024-10-21,93.62,growth,43
100,87.65,100,13,100,100,97.54,90.64,25.39,7.44,32.37,5.27,70.68,87.94,24,82.1,28,39,7.01,93.48,13.92,59.55,100,5,6,0,4.76,86.42,100,36.0,5,9,100,100,100,10007,Account 10007,2024-10-21,93.62,growth,43
100,68.79,93.63,15,94.71,96.0,97.68,143.61,28.05,2.53,45.73,6.71,82.36,89.0,23,90.45,39,45,6.34,95.96,12.4,47.92,100,5,4,1,4.34,79.44,100,22.86,3,5,100,100,100,10007,Account 10007,2024-10-28,93.96,growth,44
100,79.59,98.51,22,100,97.74,100,81.84,14.69,3.1,51.41,6.66,86.66,99.71,24,79.01,31,39,6.58,91.19,10.3,117.35,100,5,3,1,4.84,96.64,100,22.64,6,3,100,100,100,10007,Account 10007,2024-10-28,93.96,growth,44
100,93.67,100,21,98.3,100,100,54.08,28.95,2.32,55.66,7.29,72.25,83.78,18,89.92,30,46,6.4,96.26,9.98,62.9,96.64,4,3,0,5.16,78.49,100,24.77,4,7,100,100,100,10007,Account 10007,2024-11-04,93.93,growth,45
100,85.86,96.83,24,97.28,86.43,100,129.14,21.24,6.47,36.66,7.99,75.9,87.97,23,81.12,32,54,5.12,95.53,13.03,95.66,100,4,3,0,5.08,87.12,100,35.48,5,6,100,100,100,10007,Account 10007,2024-11-04,93.93,growth,45
100,95.57,92.9,17,99.71,99.11,100,80.87,16.29,7.47,44.44,6.26,75.88,92.61,24,89.4,34,55,5.35,90.21,14.89,132.0,100,3,3,1,4.73,92.04,100,41.15,6,9,100,100,100,10007,Account 10007,2024-11-04,93.93,growth,45
100,99.86,100,9,98.8,100,95.38,120.82,20.65,7.89,52.85,5.26,76.54,100,16,78.47,37,51,8.26,99.92,10.45,55.8,95.68,3,7,0,4.66,89.43,100,29.37,3,4,100,100,95.78,10007,Account 10007,2024-11-11,94.17,growth,46
100,78.97,96.38,11,91.98,100,97.15,94.68,29.0,7.34,39.42,7.25,69.11,95.44,20,86.84,27,47,5.38,100,14.52,74.26,96.29,3,4,0,4.84,87.39,96.91,31.29,5,8,100,100,100,10007,Account 10007,2024-11-18,94.65,growth,47
100,100,100,24,100,95.93,100,99.25,12.63,2.87,57.33,6.18,80.03,92.58,24,90.77,29,56,5.87,93.26,10.68,100.19,100,4,6,1,4.86,88.04,100,31.95,3,3,100,100,100,10007,Account 10007,2024-11-25,94.75,growth,48
100,100,100,14,100,99.36,100,53.04,25.24,8.17,51.29,7.58,73.23,92.95,22,95.62,26,59,6.49,98.88,9.06,78.03,95.05,4,3,0,4.86,80.44,100,65.15,5,6,100,100,100,10007,Account 10007,2024-11-25,94.75,growth,48
100,100,100,13,100,100,89.23,111.32,25.68,3.25,42.7,7.9,94.07,95.94,17,88.17,37,57,6.92,96.02,11.21,103.7,100,4,6,0,4.66,85.75,100,42.35,5,8,100,100,95.98,10007,Account 10007,2024-11-25,94.75,growth,48
100,93.52,96.98,13,95.66,100,100,107.14,16.05,2.63,56.37,5.88,86.42,93.99,17,86.18,29,47,9.27,97.66,15.01,50.87,100,6,2,1,4.74,80.29,100,44.52,4,9,100,100,100,10007,Account 10007,2024-12-02,94.46,growth,49
100,100,100,9,100,98.11,100,63.69,24.44,4.03,45.03,6.27,80.77,96.04,24,90.7,40,51,8.88,93.77,12.61,117.0,97.39,7,2,0,5.02,96.01,100,24.12,3,3,100,100,100,10007,Account 10007,2024-12-02,94.46,growth,49
100,95.6,100,13,100,100,100,133.76,11.37,7.05,37.57,7.94,75.39,96.4,23,88.28,33,52,7.81,95.63,11.15,128.23,100,5,7,1,4.35,85.77,100,50.24,4,3,100,100,100,10007,Account 10007,2024-12-02,94.46,growth,49
100,100,100,9,95.63,100,100,106.23,16.99,2.19,41.56,4.89,69.77,91.44,16,78.61,39,55,8.06,94.81,14.37,87.97,99.39,2,7,0,5.09,89.19,100,60.53,3,9,100,100,100,10007,Account 10007,2024-12-09,94.83,growth,50
100,81.57,100,9,100,100,90.54,131.27,22.2,6.75,34.89,5.72,84.59,86.59,22,85.86,39,42,7.22,94.64,9.23,84.91,96.04,3,7,0,4.9,72.91,100,52.8,5,9,100,100,100,10007,Account 10007,2024-12-09,94.83,growth,50
100,100,100,24,95.52,100,97.94,93.31,28.28,7.62,32.93,6.92,67.64,100,16,79.96,38,43,5.66,94.88,15.05,136.22,100,3,3,0,4.8,85.17,100,40.57,5,4,100,100,100,10007,Account 10007,2024-12-09,94.83,growth,50
100,90.06,100,12,100,100,100,126.78,24.12,7.48,53.26,5.94,72.64,85.99,22,77.16,36,44,7.7,97.35,14.63,76.79,97.97,4,5,0,4.6,76.61,100,59.44,3,5,100,100,100,10007,Account 10007,2024-12-16,94.54,growth,51
100,79.93,100,17,97.94,98.16,100,85.52,29.09,4.76,31.65,3.97,83.91,82.31,17,78.38,27,53,9.56,94.48,14.37,121.47,100,3,3,0,4.78,92.7,100,44.1,3,8,100,100,100,10007,Account 10007,2024-12-16,94.54,growth,51
100,71.61,93.57,17,94.2,94.81,100,73.0,23.23,6.43,33.57,5.06,84.34,90.15,20,81.47,39,50,4.81,91.63,12.01,59.61,98.54,2,5,1,4.71,85.22,100,36.73,4,6,100,100,99.18,10007,Account 10007,2024-12-23,94.81,growth,52
100,95.94,100,19,100,100,100,93.93,16.92,7.34,39.62,7.01,72.78,91.69,16,84.79,30,47,7.19,95.17,11.7,140.52,96.07,2,8,1,5.07,83.08,100,50.84,4,7,100,100,100,10007,Account 10007,2024-12-23,94.81,growth,52
100,100,100,14,100,99.0,98.48,57.55,14.88,2.81,34.65,7.67,86.67,88.81,16,90.17,40,46,9.33,94.53,11.75,142.69,99.04,6,6,0,4.56,77.81,100,30.65,4,7,100,100,100,10007,Account 10007,2024-12-23,94.81,growth,52
76.61,33.06,57.78,80,68.4,60.08,69.28,408.08,93.39,30.27,132.51,2.8,61.83,72.03,11,60.08,19,29,3.14,86.92,5.99,525.21,100,23,47,5,3.93,61.33,61.12,9.07,1,63,75.27,82.0,67.18,10008,Account 10008,2024-01-08,69.29,at_risk,2
77.47,33.74,54.99,91,66.99,63.32,63.94,429.13,109.85,31.68,143.8,2.6,57.03,74.15,10,54.45,18,30,2.88,87.53,5.82,606.12,100,24,52,6,3.97,56.24,61.31,7.88,1,67,76.88,83.82,68.79,10008,Account 10008,2024-01-15,67.23,at_risk,3
72.72,26.9,49.02,122,63.72,57.05,58.89,594.04,151.95,44.09,200.97,1.96,55.76,73.64,8,52.52,15,25,2.06,83.8,4.92,815.67,100,36,67,8,3.38,53.14,52.82,5.21,1,95,73.11,83.72,62.66,10008,Account 10008,2024-02-26,60.72,at_risk,9
49.58,1.99,29.83,91,54.06,41.33,52.45,402.18,82.4,35.23,187.24,1.25,50.4,65.57,6,50.0,12,11,1.58,71.67,3.92,418.87,99.51,24,37,8,3.23,44.35,49.73,0,1,80,56.7,73.78,61.63,10008,Account 10008,2024-03-04,59.02,at_risk,10
52.48,25.61,40.28,72,62.01,47.06,50.08,501.02,93.33,30.72,146.03,1.52,42.86,53.25,3,39.87,12,11,1.26,69.25,3.87,426.54,96.21,29,44,5,3.12,46.44,41.77,3.02,1,54,56.92,74.64,44.23,10008,Account 10008,2024-03-11,56.64,at_risk,11
63.63,0.95,42.01,66,53.99,41.6,39.41,459.44,151.91,28.95,130.29,1.46,48.3,55.43,5,34.05,13,10,1.45,78.28,3.87,665.03,95.95,25,44,5,3.37,33.31,50.63,2.31,1,79,64.23,78.52,58.14,10008,Account 10008,2024-03-25,55.95,at_risk,13
60.47,15.17,40.44,88,46.22,47.96,50.85,354.63,82.51,33.9,169.24,1.3,43.43,56.17,4,45.37,12,24,1.33,72.0,4.78,669.93,98.45,19,51,5,2.86,33.47,51.11,0.24,1,78,53.79,69.55,46.23,10008,Account 10008,2024-04-08,52.66,at_risk,15
67.42,16.43,32.81,115,64.28,46.06,57.52,552.92,111.62,37.53,180.84,1.84,51.6,70.4,4,24.77,6,10,0.38,45.82,1.62,340.4,59.0,82,117,10,1.13,22.4,39.71,0,1,97,62.68,64.57,47.48,10008,Account 10008,2024-04-29,48.17,crisis,18
51.3,9.98,45.76,88,64.6,52.52,50.72,444.31,103.71,26.3,180.69,1.76,49.18,56.64,3,17.36,8,11,0.43,44.58,2.31,335.86,52.47,75,162,17,1.64,19.07,41.05,2.1,1,88,67.41,72.12,53.59,10008,Account 10008,2024-05-06,46.42,crisis,19
45.51,7.22,43.13,105,54.71,36.91,54.08,559.33,95.8,26.65,170.23,1.83,48.72,53.42,3,8.95,8,13,0.56,43.9,2.18,313.04,54.52,48,151,21,2.07,30.42,46.97,0,0,66,57.92,75.31,49.27,10008,Account 10008,2024-05-13,43.78,crisis,20
48.02,3.42,33.05,106,48.76,43.92,51.52,334.98,118.15,32.68,166.43,1.65,54.08,50.83,4,8.66,6,11,0.88,45.07,2.2,303.89,52.37,84,64,19,1.55,27.47,48.28,0,1,61,49.18,76.01,41.38,10008,Account 10008,2024-05-13,43.78,crisis,20
61.93,0.17,42.12,116,60.14,51.32,56.78,380.05,96.12,28.22,186.64,1.25,51.9,59.74,5,18.4,8,13,0.79,48.42,2.88,284.04,57.37,46,64,14,1.63,23.98,50.93,1.47,0,87,62.82,72.77,45.99,10008,Account 10008,2024-05-20,42.62,crisis,21
53.88,13.61,33.65,82,46.31,45.51,53.95,328.97,138.88,45.37,123.74,1.89,42.57,65.17,4,16.26,9,14,0.57,43.31,2.39,462.32,56.81,88,94,21,1.53,25.25,49.68,0,0,69,54.43,77.5,47.46,10008,Account 10008,2024-05-27,40.47,crisis,22
50.91,12.36,40.76,106,56.59,51.01,42.64,505.94,95.84,31.01,156.64,1.5,43.28,52.53,4,12.22,5,10,0.57,51.35,2.18,290.5,54.13,86,108,19,2.1,21.92,48.34,4.9,1,91,66.09,75.33,62.69,10008,Account 10008,2024-05-27,40.47,crisis,22
67.77,0.45,39.85,69,50.56,34.21,42.82,438.4,124.59,37.11,133.36,1.7,41.47,53.41,3,20.79,7,7,0.72,44.11,2.67,318.47,59.49,89,102,20,1.22,19.93,55.35,0.94,1,55,64.32,71.5,45.13,10008,Account 10008,2024-06-03,38.9,crisis,23
69.44,3.18,32.78,62,56.54,50.61,53.63,444.96,146.78,37.2,129.79,1.41,52.02,67.2,3,24.86,6,10,1.19,44.24,2.34,469.82,58.61,81,111,14,2.06,26.68,46.24,2.85,0,88,55.49,82.1,55.66,10008,Account 10008,2024-06-10,38.19,crisis,24
61.15,15.5,37.22,108,48.71,36.57,54.06,433.52,130.13,43.59,123.75,1.36,46.2,50.45,2,26.37,8,11,0.75,52.9,2.7,455.53,59.65,69,153,12,1.53,27.28,45.98,0.34,1,49,52.38,70.25,58.34,10008,Account 10008,2024-06-17,37.96,crisis,25
66.6,4.32,37.79,99,53.33,52.88,51.2,575.71,139.04,27.31,139.27,1.9,50.18,66.48,3,24.56,5,14,0.98,46.06,1.75,282.6,58.98,87,67,20,1.16,27.54,46.82,1.63,0,92,65.45,71.1,40.04,10008,Account 10008,2024-06-17,37.96,crisis,25
49.65,6.47,43.5,122,60.51,38.05,45.74,508.43,135.26,38.79,190.25,1.4,51.82,51.45,2,18.36,7,10,1.07,45.06,1.43,273.99,56.39,71,184,20,1.66,28.87,51.64,0.58,1,51,66.11,73.01,51.8,10008,Account 10008,2024-06-24,36.37,crisis,26
67.19,3.82,33.92,101,48.57,53.12,42.7,515.75,95.37,45.1,182.49,1.4,46.84,69.07,3,21.49,6,9,0.75,49.93,2.77,289.7,58.13,63,129,10,1.94,25.93,42.21,0,1,56,69.71,65.02,44.15,10008,Account 10008,2024-07-01,36.31,crisis,27
62.96,21.05,37.46,95,58.08,37.62,57.47,364.22,141.6,42.1,138.44,1.5,42.7,61.59,2,26.86,8,13,1.01,41.39,2.61,321.78,55.8,49,156,18,1.63,18.62,42.01,3.62,0,52,50.14,75.69,49.63,10008,Account 10008,2024-07-01,36.31,crisis,27
44.08,16.11,37.7,125,56.47,47.95,44.4,371.62,124.96,31.56,184.51,1.75,44.59,65.18,3,12.26,6,13,0.6,44.73,2.21,380.63,53.55,71,163,17,1.77,25.56,55.86,3.08,1,62,64.84,77.02,43.18,10008,Account 10008,2024-07-08,33.64,crisis,28
58.03,25.6,33.83,104,53.23,54.97,56.85,424.51,104.01,33.62,131.55,1.51,47.69,48.83,5,29.47,7,6,0.67,44.36,2.29,416.44,60.0,63,75,11,1.58,22.88,53.16,1.69,0,64,55.4,78.59,49.87,10008,Account 10008,2024-07-15,31.46,crisis,29
67.35,8.02,36.45,108,62.32,50.1,47.99,306.18,133.73,37.68,181.14,1.63,43.94,70.21,3,26.51,5,11,0.89,47.71,2.96,334.77,57.2,80,169,18,1.44,21.72,39.4,0,0,61,56.17,70.14,43.82,10008,Account 10008,2024-07-22,31.17,crisis,30
67.99,4.57,35.78,83,59.82,38.22,53.42,381.95,111.55,25.37,148.1,1.33,42.35,57.39,4,26.94,8,8,1.13,45.92,1.42,291.81,56.95,100,148,13,1.55,22.9,37.99,0,0,89,51.55,69.42,56.64,10008,Account 10008,2024-07-22,31.17,crisis,30
61.13,1.05,36.25,115,49.98,40.01,52.2,517.11,91.37,32.39,202.34,1.45,46.25,56.15,5,29.58,7,7,0.76,44.78,2.15,293.31,55.3,82,177,14,2.01,29.33,47.66,0,1,78,64.74,76.28,39.41,10008,Account 10008,2024-07-29,31.04,crisis,31
82.14,40.62,59.4,51,72.29,66.09,69.27,276.62,66.4,19.75,93.54,3.3,64.77,78.94,12,63.23,21,35,3.98,87.37,6.71,364.15,94.96,16,31,3,3.99,63.41,63.79,11.52,2,39,79.48,84.4,73.62,10009,Account 10009,2024-01-01,75,healthy,1
79.16,43.19,60.76,45,77.72,70.21,71.83,224.4,55.2,16.2,82.15,3.42,66.44,78.59,13,64.49,23,35,3.97,88.59,7.31,291.45,95.06,13,25,3,4.36,70.24,71.51,12.08,2,32,82.93,88.72,71.72,10009,Account 10009,2024-01-08,76.99,healthy,2
84.08,43.39,67.84,36,78.57,70.57,75.1,201.97,48.51,14.03,78.62,3.4,66.42,82.01,13,67.52,21,35,4.38,86.31,7.24,240.62,100,11,21,2,4.07,66.75,68.46,12.26,2,28,83.61,86.67,75.87,10009,Account 10009,2024-01-15,78.3,healthy,3
80.68,41.58,66.37,36,78.78,71.53,73.89,191.23,49.48,13.59,74.18,3.38,68.68,80.19,13,67.67,23,37,4.12,88.76,7.13,239.28,95.49,11,22,2,4.02,67.57,68.39,12.37,2,26,78.71,84.57,74.21,10009,Account 10009,2024-01-15,78.3,healthy,3
84.98,43.07,63.69,30,76.91,71.34,75.78,152.86,39.48,10.02,62.02,3.64,67.41,84.79,13,70.33,23,38,4.23,95.11,7.14,189.85,98.87,8,17,2,4.37,71.29,70.88,13.18,2,20,81.04,90.05,78.52,10009,Account 10009,2024-01-22,80.06,healthy,4
83.82,47.14,66.61,22,80.51,71.6,76.58,117.7,28.87,7.58,51.04,3.66,65.51,81.94,14,73.2,24,39,4.53,88.28,7.57,148.08,98.47,6,10,1,4.4,73.69,73.13,13.69,2,14,81.83,89.8,74.75,10009,Account 10009,2024-01-29,81.84,healthy,5
100,61.87,86.13,22,79.54,71.01,76.7,122.74,26.79,7.7,53.38,3.71,69.94,86.44,14,74.64,24,39,4.71,87.08,7.9,146.33,96.97,6,11,1,4.51,73.16,100,20.59,2,14,80.36,90.88,74.35,10009,Account 10009,2024-02-05,81.76,healthy,6
100,63.62,85.68,22,75.64,74.2,74.18,126.93,26.75,7.81,54.34,3.72,66.18,82.01,14,71.63,24,37,4.6,92.4,7.31,153.65,97.74,7,11,1,4.57,68.8,100,20.37,2,14,81.5,85.7,74.37,10009,Account 10009,2024-02-05,81.76,healthy,6
98.63,53.24,74.92,16,76.48,71.99,79.5,97.85,21.11,5.62,43.04,3.94,65.96,80.5,15,72.98,24,40,4.73,92.53,8.11,112.43,100,5,8,1,4.4,75.57,91.41,17.37,2,10,87.03,86.4,81.49,10009,Account 10009,2024-02-12,82.86,healthy,7
99.33,55.51,77.47,16,82.07,74.23,81.8,100.12,20.92,5.71,45.4,3.77,69.58,84.1,15,70.66,23,39,4.86,93.03,8.01,117.65,100,5,8,1,4.43,70.69,88.36,17.1,2,10,83.64,86.39,79.85,10009,Account 10009,2024-02-12,82.86,healthy,7
93.21,56.14,81.41,16,75.77,75.34,81.47,96.3,22.35,5.83,44.79,3.86,68.55,86.45,14,75.4,24,38,4.82,94.35,8.04,111.69,97.62,5,8,1,4.39,70.53,87.44,17.33,2,10,87.21,87.7,80.8,10009,Account 10009,2024-02-12,82.86,healthy,7
93.93,53.94,80.02,13,77.4,71.85,82.04,78.69,18.76,4.44,39.99,3.92,69.39,82.59,14,72.91,24,40,4.82,93.06,7.45,92.27,100,4,6,0,4.35,71.84,92.62,17.37,2,7,82.91,92.49,79.92,10009,Account 10009,2024-02-19,83.58,healthy,8
92.78,55.64,80.34,13,75.53,72.87,82.78,81.37,17.14,4.3,37.94,3.82,70.52,80.94,14,73.9,26,39,4.79,88.42,8.07,94.5,96.45,4,6,0,4.42,72.7,86.97,17.94,2,7,83.22,87.39,82.41,10009,Account 10009,2024-02-19,83.58,healthy,8
100,99.5,93.11,15,100,87.51,100,73.89,15.0,2.21,45.62,6.3,70.8,93.64,20,75.36,32,63,8.79,93.09,8.64,70.32,95.11,5,6,1,4.53,95.63,100,26.7,5,3,100,100,100,10009,Account 10009,2024-02-26,85.65,growth,9
100,74.09,100,20,100,100,100,55.39,11.38,6.7,40.17,5.23,69.7,88.9,19,92.39,26,55,9.25,97.06,13.05,125.31,95.61,6,5,1,4.72,91.93,100,27.89,5,10,100,100,100,10009,Account 10009,2024-02-26,85.65,growth,9
100,87.14,100,21,94.6,100,100,51.83,14.93,6.08,41.81,5.66,76.67,91.0,18,83.44,27,58,6.05,97.87,10.55,150.77,96.65,4,4,0,5.22,91.03,100,45.27,4,3,100,100,100,10009,Account 10009,2024-02-26,85.65,growth,9
100,88.94,97.48,19,97.97,87.89,100,78.6,18.46,2.82,51.27,7.39,83.07,92.95,17,91.5,36,56,5.21,98.62,10.31,89.73,100,7,6,1,4.83,76.09,100,48.51,5,10,100,100,100,10009,Account 10009,2024-03-04,87.66,growth,10
100,92.98,100,24,96.84,90.81,100,78.29,16.05,3.24,46.37,6.75,78.86,98.52,22,74.07,38,41,10.09,96.54,10.77,105.67,100,5,6,1,4.54,82.91,100,25.77,5,7,100,100,100,10009,Account 10009,2024-03-04,87.66,growth,10
100,98.24,100,15,100,100,99.95,51.34,17.36,5.74,32.57,6.86,83.6,93.25,23,79.2,26,55,7.68,97.88,8.87,90.38,100,4,2,0,5.07,75.69,100,43.24,5,8,100,100,100,10009,Account 10009,2024-03-04,87.66,growth,10
100,100,100,23,96.32,91.59,100,77.42,25.17,4.63,36.15,6.34,83.54,90.14,20,83.55,28,49,7.51,98.06,10.33,83.85,98.37,2,3,0,5.05,73.42,100,43.5,4,9,100,100,100,10009,Account 10009,2024-03-04,87.66,growth,10
100,100,100,14,100,100,97.07,136.87,24.69,5.39,38.17,6.01,82.7,98.9,18,96.26,35,48,8.45,95.14,14.63,118.77,100,8,6,0,4.83,85.82,100,53.11,5,3,100,100,100,10009,Account 10009,2024-03-11,88.65,growth,11
100,99.43,100,13,100,92.44,100,112.53,9.87,6.99,43.7,6.22,79.97,87.41,24,82.61,37,56,5.08,92.96,9.58,76.97,96.86,8,3,1,4.95,74.45,100,44.94,5,8,100,100,100,10009,Account 10009,2024-03-11,88.65,growth,11
100,100,100,14,90.53,92.51,92.06,141.62,21.91,6.46,42.07,6.09,83.34,90.82,15,85.87,37,55,9.76,90.75,9.04,82.06,100,6,7,0,4.79,81.69,100,54.59,3,6,100,100,100,10009,Account 10009,2024-03-11,88.65,growth,11
100,100,100,9,100,94.01,100,55.4,12.57,6.83,42.17,5.4,80.99,87.99,22,81.72,39,48,8.27,98.54,14.02,86.71,100,7,5,1,4.76,83.75,100,52.65,3,3,100,100,100,10009,Account 10009,2024-03-18,88.81,growth,12
100,90.79,100,11,100,99.51,100,61.96,19.33,5.61,48.41,6.26,79.47,88.07,19,91.9,40,45,5.68,91.32,12.52,144.34,100,6,5,1,4.68,80.57,100,38.6,4,7,100,100,100,10009,Account 10009,2024-03-18,88.81,growth,12
100,81.41,100,14,99.43,86.43,100,59.98,21.46,5.59,41.41,6.32,78.83,94.32,24,88.01,38,52,5.35,99.55,11.54,94.7,97.3,7,4,0,4.89,77.32,100,42.7,3,7,100,100,100,10009,Account 10009,2024-03-18,88.81,growth,12
100,98.46,100,20,100,94.67,100,76.75,24.55,3.7,36.99,8.36,76.22,90.01,24,81.56,39,51,8.6,99.06,8.97,69.61,98.54,8,3,0,4.65,81.23,100,31.71,4,8,100,100,100,10009,Account 10009,2024-03-25,90.8,growth,13
100,76.94,100,8,100,82.7,99.31,90.7,11.98,4.38,39.24,4.15,88.43,96.5,25,89.15,33,48,10.27,90.39,10.95,57.43,99.55,5,2,0,4.89,83.16,100,56.27,3,8,100,100,100,10009,Account 10009,2024-03-25,90.8,growth,13
100,100,100,20,97.7,100,92.71,88.72,24.46,2.95,41.14,6.85,77.77,90.13,15,80.92,30,47,7.42,95.55,12.86,77.03,100,6,2,0,5.09,91.55,100,38.69,3,6,100,100,100,10009,Account 10009,2024-04-01,91.2,growth,14
100,96.43,100,8,98.95,93.17,92.63,59.78,27.22,4.24,59.95,4.89,86.31,95.84,23,96.47,34,54,9.84,98.15,13.2,126.25,100,5,3,0,4.61,86.64,100,26.28,4,7,100,100,100,10009,Account 10009,2024-04-01,91.2,growth,14
100,94.59,100,10,98.57,89.96,100,85.52,13.91,7.33,52.52,7.04,70.88,93.92,15,95.86,33,57,10.13,97.54,8.32,88.95,100,4,5,0,4.84,88.8,100,23.92,3,5,100,100,100,10009,Account 10009,2024-04-08,91.01,growth,15
100,87.37,100,13,93.51,100,100,120.11,21.6,2.39,48.43,4.48,76.68,99.33,22,73.66,29,57,5.22,91.8,12.51,97.8,97.43,7,3,0,4.77,86.93,100,30.86,3,5,100,100,100,10009,Account 10009,2024-04-08,91.01,growth,15
100,83.99,100,22,93.74,90.68,100,63.62,26.02,4.82,36.0,5.22,88.28,94.6,20,74.84,41,54,8.67,93.5,13.11,61.84,100,4,7,1,4.76,74.06,100,30.93,4,4,100,100,100,10009,Account 10009,2024-04-08,91.01,growth,15
100,77.98,100,14,100,100,100,128.5,17.35,2.93,39.18,4.77,80.83,100,18,89.7,37,57,8.97,93.94,10.22,109.7,99.79,4,3,0,4.94,81.72,100,49.98,3,5,100,100,100,10009,Account 10009,2024-04-15,90.83,growth,16
100,71.36,100,12,100,96.86,99.1,138.38,17.75,4.23,58.98,3.84,87.05,92.75,24,83.15,29,40,6.19,93.32,13.6,54.91,98.37,5,5,1,4.76,89.61,100,43.32,5,7,100,100,100,10009,Account 10009,2024-04-15,90.83,growth,16
100,91.24,100,25,100,100,91.53,56.47,13.88,4.09,56.55,4.18,90.37,99.08,20,84.91,30,47,7.09,89.23,8.41,104.79,96.74,6,7,1,4.98,78.26,100,58.32,5,9,100,100,100,10009,Account 10009,2024-04-22,92.65,growth,17
100,100,100,16,98.72,95.9,98.38,123.14,11.03,2.62,39.22,4.84,76.41,95.06,21,91.77,28,47,9.43,98.11,9.47,118.29,100,5,7,1,5.11,83.42,100,41.69,5,5,100,100,100,10009,Account 10009,2024-04-22,92.65,growth,17
100,100,100,19,100,100,100,116.5,19.08,4.06,44.26,6.77,72.04,85.03,23,78.13,30,43,5.16,95.25,10.49,99.54,99.97,5,5,0,4.8,94.02,100,44.43,3,10,100,100,100,10009,Account 10009,2024-04-22,92.65,growth,17
100,96.64,100,18,94.34,100,100,52.76,10.72,2.56,43.12,5.72,73.99,88.8,19,87.06,41,55,5.25,96.69,13.41,99.29,100,3,7,0,4.72,80.93,100,48.51,5,4,100,100,100,10009,Account 10009,2024-04-29,92.9,growth,18
100,88.69,100,23,95.36,100,100,72.03,10.31,6.45,44.05,6.7,80.39,89.26,24,84.44,27,51,10.07,90.57,10.46,96.42,95.41,5,5,1,4.96,79.73,100,40.21,5,4,100,100,100,10009,Account 10009,2024-04-29,92.9,growth,18
100,77.5,100,21,100,87.45,94.44,152.16,28.99,2.38,35.37,5.8,74.01,86.69,25,81.57,41,58,9.26,95.03,13.32,68.28,99.67,5,5,1,4.42,78.94,100,49.32,4,5,100,100,100,10009,Account 10009,2024-04-29,92.9,growth,18
100,68.6,100,12,98.29,100,96.91,107.0,27.14,5.05,38.94,4.37,85.89,83.26,17,92.08,26,45,10.21,92.74,14.47,88.94,97.99,2,2,1,4.82,78.2,100,47.76,3,3,100,100,100,10009,Account 10009,2024-05-06,93.34,growth,19
100,98.08,100,13,88.51,90.97,100,139.68,19.76,3.95,42.33,5.49,73.81,94.93,17,78.02,27,49,5.95,95.32,14.63,104.05,94.96,4,5,1,4.77,91.86,100,38.43,3,10,100,100,100,10009,Account 10009,2024-05-06,93.34,growth,19
100,100,99.29,11,100,98.87,100,121.44,24.24,6.81,34.91,7.43,85.11,87.14,22,90.18,32,58,5.3,91.17,10.66,150.51,100,5,6,0,4.64,79.01,100,24.35,4,7,100,100,100,10009,Account 10009,2024-05-06,93.34,growth,19
95.77,83.63,100,14,98.73,97.48,89.93,115.31,15.71,2.83,43.54,7.53,87.99,92.01,19,76.47,26,49,9.43,96.27,10.57,112.35,100,6,4,0,4.62,76.49,98.23,36.66,4,4,100,100,100,10009,Account 10009,2024-05-13,93.11,growth,20
100,68.95,99.66,17,94.94,100,95.51,122.43,22.97,6.23,52.6,6.24,83.1,89.15,24,83.3,32,44,5.93,96.82,12.25,85.85,100,2,5,0,4.4,85.84,96.62,34.56,6,8,100,100,100,10009,Account 10009,2024-05-13,93.11,growth,20
100,100,100,20,96.75,99.64,93.68,110.28,17.99,5.35,48.4,7.81,78.44,89.73,20,91.78,38,47,8.87,94.93,12.23,98.1,97.39,7,8,0,4.87,88.11,100,50.98,6,9,100,100,100,10009,Account 10009,2024-05-20,94.06,growth,21
100,96.27,100,10,96.3,88.72,100,52.76,10.95,7.47,50.46,5.85,74.5,94.86,21,85.21,33,39,8.43,90.49,15.07,89.52,97.04,4,5,1,4.86,82.51,100,38.91,5,7,100,100,100,10009,Account 10009,2024-05-20,94.06,growth,21
100,97.54,100,8,100,91.17,95.91,121.29,23.1,6.78,41.08,4.03,82.35,95.13,24,87.95,36,40,8.39,91.71,11.09,100.83,96.62,2,6,0,5.13,89.13,100,23.9,5,4,100,100,100,10009,Account 10009,2024-05-27,94.87,growth,22
100,66.93,100,21,100,95.46,100,63.17,19.47,6.55,34.99,5.57,74.16,90.73,24,83.46,31,48,6.24,92.12,14.08,114.91,99.07,4,3,0,4.74,90.27,100,38.09,6,5,100,100,100,10009,Account 10009,2024-05-27,94.87,growth,22
100,87.44,100,10,98.94,100,98.3,80.56,15.18,5.29,48.82,5.69,79.27,90.88,21,90.95,31,45,9.2,93.61,15.2,104.34,100,3,7,1,4.39,85.88,100,48.18,5,3,100,100,100,10009,Account 10009,2024-06-03,94.84,growth,23
100,100,100,14,99.41,95.81,100,117.55,23.54,2.95,53.01,4.35,86.25,85.76,23,90.87,35,40,7.01,93.56,9.94,69.1,100,6,6,1,4.6,92.62,100,37.08,5,7,100,100,100,10009,Account 10009,2024-06-03,94.84,growth,23
100,100,100,20,100,100,99.87,118.43,16.75,7.64,53.0,6.53,83.94,91.51,18,80.76,27,56,6.61,94.52,13.77,103.79,95.45,6,5,0,4.92,78.26,100,59.14,5,4,100,100,100,10009,Account 10009,2024-06-03,94.84,growth,23
100,77.11,100,14,96.35,93.47,96.16,57.8,23.54,5.49,48.58,6.52,85.19,89.69,17,88.49,34,47,8.84,92.05,12.12,151.13,100,7,3,0,4.9,86.04,100,60.58,5,8,100,100,100,10009,Account 10009,2024-06-03,94.84,growth,23
100,97.82,100,22,100,86.28,100,97.97,15.07,8.34,61.53,6.99,77.34,91.48,22,84.82,29,46,6.94,91.36,14.16,138.51,99.17,5,7,1,4.55,89.43,100,41.69,3,8,100,100,100,10009,Account 10009,2024-06-10,94.5,growth,24
100,100,100,18,100,85.56,94.44,79.98,13.07,5.03,29.98,7.02,90.12,92.33,20,89.65,38,50,6.57,95.65,14.98,76.49,100,5,4,1,4.56,83.4,100,47.94,6,9,100,100,100,10009,Account 10009,2024-06-10,94.5,growth,24
100,100,100,13,100,86.07,100,146.8,18.41,3.68,55.15,7.6,81.38,87.71,15,89.31,29,56,8.38,93.44,12.74,131.79,100,6,7,1,4.64,85.58,100,52.78,3,6,100,100,100,10009,Account 10009,2024-06-10,94.5,growth,24
100,100,100,17,100,94.57,97.02,128.03,26.96,2.06,30.63,5.99,85.83,92.32,16,88.19,40,49,10.04,98.6,10.85,130.43,100,4,4,1,4.66,87.84,100,35.58,3,8,100,100,100,10009,Account 10009,2024-06-10,94.5,growth,24
100,72.66,100,9,98.98,92.47,100,76.52,17.9,6.74,55.89,7.02,88.49,99.58,20,89.01,33,59,8.86,91.37,11.76,83.21,98.23,8,4,1,4.61,89.03,100,34.94,6,7,100,100,100,10009,Account 10009,2024-06-17,94.76,growth,25
100,65.13,100,16,100,100,99.18,143.44,22.49,7.11,46.51,7.01,69.78,93.6,19,83.54,33,39,6.64,92.54,12.74,149.2,100,6,8,1,4.64,88.14,100,45.02,5,6,100,100,100,10009,Account 10009,2024-06-17,94.76,growth,25
100,93.53,100,15,92.49,100,100,124.55,23.88,2.55,46.51,7.07,83.94,96.56,23,88.86,36,51,9.98,96.5,10.85,78.19,98.0,5,6,0,4.59,82.07,100,59.17,6,6,100,100,100,10009,Account 10009,2024-06-24,96.7,growth,26
100,100,100,18,91.16,100,100,118.7,28.13,5.88,34.23,7.79,87.83,90.58,18,92.73,39,52,9.27,93.98,8.33,106.99,100,5,7,1,4.57,82.44,100,61.38,5,10,100,100,100,10009,Account 10009,2024-06-24,96.7,growth,26
100,100,100,22,95.6,96.21,95.09,76.01,26.26,1.95,37.73,5.61,80.53,89.33,15,72.08,29,54,8.25,99.47,12.77,53.31,95.01,6,3,0,4.67,83.81,100,47.37,4,6,100,100,100,10009,Account 10009,2024-06-24,96.7,growth,26
100,100,100,19,100,92.36,98.34,107.33,24.83,3.59,53.21,6.47,88.74,94.4,18,81.22,24,53,7.52,97.15,14.11,107.94,100,7,7,1,4.51,83.25,100,39.49,5,8,100,100,100,10009,Account 10009,2024-07-01,98,growth,27
100,100,100,23,100,100,100,53.89,20.31,3.5,48.38,7.13,69.29,88.26,25,91.73,37,46,7.59,98.42,9.63,62.35,96.01,2,8,0,4.5,83.67,100,57.67,5,5,100,100,100,10009,Account 10009,2024-07-01,98,growth,27
100,100,100,19,100,100,100,73.64,24.4,3.3,53.07,7.36,79.57,95.94,21,89.39,29,46,8.48,91.74,14.13,92.73,99.71,3,3,1,4.65,94.61,100,30.69,4,4,100,100,100,10009,Account 10009,2024-07-01,98,growth,27
100,92.81,100,16,99.22,91.4,100,105.58,24.86,2.41,43.69,5.6,90.77,88.36,21,86.55,28,56,4.92,91.85,11.08,110.39,99.79,4,6,0,5.12,85.08,100,68.13,4,8,100,100,100,10009,Account 10009,2024-07-08,97.76,growth,28
100,90.17,100,10,100,100,100,117.21,21.89,6.16,39.04,5.28,69.37,86.66,22,94.73,26,42,9.54,93.9,13.53,133.77,95.08,6,5,1,4.86,90.75,100,49.95,3,5,100,100,100,10009,Account 10009,2024-07-08,97.76,growth,28
100,100,100,10,95.27,92.88,97.34,56.19,14.59,3.09,50.41,5.31,76.99,92.16,25,72.85,28,50,8.95,100,15.23,95.66,100,8,6,1,4.92,86.2,100,33.51,5,4,100,100,100,10009,Account 10009,2024-07-08,97.76,growth,28
100,94.29,100,11,98.39,100,100,94.36,19.88,7.69,35.06,6.75,77.02,98.78,23,89.88,36,51,8.74,96.0,8.3,148.46,97.92,2,5,0,4.67,85.9,100,49.78,4,5,100,100,100,10009,Account 10009,2024-07-08,97.76,growth,28
100,100,100,14,98.72,91.63,100,56.54,20.16,8.0,35.33,7.38,73.69,87.09,17,77.02,38,56,7.08,99.95,9.63,130.73,97.01,6,3,0,4.93,91.64,100,33.35,3,8,100,100,100,10009,Account 10009,2024-07-15,98,growth,29
100,82.55,100,23,100,98.01,100,55.51,13.17,7.49,56.33,6.31,79.28,85.51,22,79.57,26,49,6.26,90.57,15.23,73.74,97.11,8,7,0,5.03,85.83,100,39.91,4,8,100,100,100,10009,Account 10009,2024-07-15,98,growth,29
100,60.26,87.47,17,93.26,100,100,134.05,14.69,2.94,61.77,7.73,85.1,84.95,15,95.68,38,46,7.84,96.55,8.28,134.21,96.15,6,7,0,4.96,84.12,96.46,27.15,4,6,100,100,100,10009,Account 10009,2024-07-22,97.43,growth,30
100,76.51,93.0,17,100,97.65,89.53,102.65,18.2,2.97,43.56,5.94,77.68,89.83,16,93.54,41,62,5.82,97.93,8.87,74.22,97.88,6,7,1,5.23,84.54,100,34.79,4,3,100,100,100,10009,Account 10009,2024-07-22,97.43,growth,30
100,82.05,92.36,24,97.71,88.34,99.8,114.74,24.56,5.28,41.77,4.29,73.96,89.79,20,95.01,40,45,6.36,94.54,14.52,66.9,100,3,5,1,4.92,86.83,100,28.51,6,6,100,100,100,10009,Account 10009,2024-07-29,97.81,growth,31
100,78.18,99.29,22,100,100,94.19,95.49,16.86,6.95,56.29,6.45,76.25,90.22,20,88.02,29,58,4.89,92.34,8.12,56.53,100,4,7,1,5.2,78.99,100,33.55,4,9,100,100,100,10009,Account 10009,2024-07-29,97.81,growth,31
100,90.64,100,16,91.28,93.86,89.91,84.23,12.32,7.78,40.75,6.25,76.0,88.32,19,83.09,33,57,8.27,93.35,10.56,146.54,97.76,3,7,1,4.74,90.14,100,60.87,3,5,100,100,100,10009,Account 10009,2024-08-05,98,growth,32
100,92.32,100,23,96.53,100,96.93,138.8,20.72,5.31,43.99,4.68,89.13,97.38,20,89.27,33,45,9.44,94.05,9.83,54.2,100,6,7,0,4.56,76.83,100,37.08,4,3,100,100,100,10009,Account 10009,2024-08-05,98,growth,32
100,100,100,23,91.49,89.89,100,149.53,31.34,3.56,45.29,5.97,80.86,91.53,19,82.01,30,52,7.03,95.26,9.36,102.96,100,3,7,1,4.79,83.23,100,33.18,3,7,100,100,100,10009,Account 10009,2024-08-05,98,growth,32
100,100,100,19,100,98.98,100,71.48,19.82,6.03,31.59,7.04,75.62,90.93,18,89.09,32,58,7.8,91.75,10.49,70.32,100,6,3,1,5.0,85.96,100,58.19,5,8,100,100,100,10009,Account 10009,2024-08-05,98,growth,32
100,98.07,100,14,99.39,91.49,94.18,147.94,12.26,2.37,34.7,7.19,77.18,86.06,15,75.3,29,41,8.04,91.14,7.9,99.18,96.48,4,4,1,4.85,75.23,100,35.39,5,7,100,100,100,10009,Account 10009,2024-08-12,98,growth,33
100,92.83,100,13,100,100,96.86,118.12,26.51,5.04,41.92,4.28,84.33,100,20,80.91,28,50,6.62,91.26,12.99,69.4,100,4,4,1,5.0,87.88,100,55.43,3,3,100,100,100,10009,Account 10009,2024-08-12,98,growth,33
100,65.47,100,22,100,93.87,93.07,87.95,25.41,2.17,40.98,5.89,84.24,91.09,22,86.55,26,59,8.3,95.51,13.32,80.58,96.73,3,5,1,4.81,87.34,100,22.92,4,9,100,100,100,10009,Account 10009,2024-08-19,97.58,growth,34
100,87.93,100,15,100,100,89.3,124.12,25.05,6.82,49.8,6.68,85.06,89.19,19,90.11,34,50,5.07,95.64,13.23,135.96,95.78,5,6,1,4.46,87.37,100,26.75,4,7,100,100,100,10009,Account 10009,2024-08-19,97.58,growth,34
100,92.54,100,15,100,98.38,100,67.57,27.46,3.11,54.81,7.61,79.05,81.24,21,78.8,28,60,8.91,97.36,13.97,63.15,100,8,5,1,4.36,85.79,100,50.22,4,9,100,100,100,10009,Account 10009,2024-08-19,97.58,growth,34
100,76.66,100,24,100,100,100,146.78,15.88,2.83,53.74,5.51,90.1,91.32,22,90.76,30,58,5.77,95.27,12.44,84.21,95.56,2,7,0,4.82,80.17,100,36.08,3,9,100,100,100,10009,Account 10009,2024-08-26,98,growth,35
100,100,100,14,97.67,93.01,99.3,137.86,10.55,6.81,41.42,4.61,89.67,82.78,15,81.37,36,45,5.74,96.73,9.97,62.37,100,2,4,1,4.57,79.37,100,52.69,4,9,100,100,100,10009,Account 10009,2024-08-26,98,growth,35
100,68.79,92.37,9,100,86.59,100,95.24,27.75,7.2,40.14,7.6,87.13,93.31,19,85.0,36,48,7.22,92.36,11.51,114.5,96.45,3,3,0,5.18,90.64,100,39.14,5,9,100,100,100,10009,Account 10009,2024-08-26,98,growth,35
100,63.85,100,20,100,90.58,100,101.92,18.17,5.46,55.95,7.93,87.09,89.3,26,82.82,39,43,8.05,96.61,12.61,51.61,100,5,3,1,4.9,76.03,100,28.93,6,3,100,100,100,10009,Account 10009,2024-08-26,98,growth,35
100,100,100,24,95.6,90.42,100,85.33,25.82,5.16,55.74,4.02,68.62,88.07,24,86.84,37,43,6.69,93.74,14.68,135.08,100,3,6,1,4.4,86.46,100,59.76,5,7,100,100,98.01,10009,Account 10009,2024-09-02,98,growth,36
100,100,100,14,100,84.06,100,125.06,18.67,3.84,40.5,6.38,73.69,92.51,19,85.66,39,41,8.54,89.02,10.61,52.73,98.13,2,8,1,4.75,81.64,100,56.11,6,10,100,100,100,10009,Account 10009,2024-09-02,98,growth,36
100,86.58,100,9,100,97.41,97.09,150.57,26.74,8.05,55.72,7.44,67.09,89.03,21,89.03,33,40,5.11,90.04,13.83,129.12,97.4,6,4,1,5.17,77.03,100,47.74,5,6,100,100,99.8,10009,Account 10009,2024-09-02,98,growth,36
100,100,100,10,92.96,100,92.75,81.35,11.82,5.62,55.52,7.02,87.07,87.76,17,95.47,25,57,5.41,94.05,13.77,51.14,100,4,5,0,4.48,73.58,100,43.44,5,3,100,100,100,10009,Account 10009,2024-09-02,98,growth,36
100,87.67,100,20,97.66,94.38,100,134.62,15.24,7.24,58.47,7.14,77.94,86.04,18,79.27,36,44,4.88,97.43,8.94,144.36,96.92,5,7,1,4.69,72.49,100,37.11,5,4,100,100,99.06,10009,Account 10009,2024-09-09,98,growth,37
100,66.15,92.47,23,98.34,91.87,100,56.38,22.79,5.32,47.2,7.15,86.57,100,24,85.89,33,47,7.5,89.66,7.79,70.27,99.29,5,5,0,4.85,77.16,100,22.3,3,5,100,100,100,10009,Account 10009,2024-09-09,98,growth,37
100,74.85,100,15,99.54,100,97.87,135.85,10.02,2.09,47.52,4.93,74.37,90.14,23,85.5,31,47,6.74,93.41,14.21,61.25,96.59,2,7,0,4.65,83.9,100,46.73,3,6,100,100,100,10009,Account 10009,2024-09-09,98,growth,37
100,98.5,100,8,100,91.51,94.16,114.83,16.64,5.46,50.34,7.2,82.67,95.78,19,91.43,37,51,5.22,95.47,13.66,96.25,100,4,4,0,4.72,95.8,100,30.51,6,6,100,100,100,10009,Account 10009,2024-09-09,98,growth,37
100,70.45,87.3,8,94.96,84.76,97.05,99.67,20.4,3.6,38.77,6.43,82.97,97.68,23,93.89,37,59,6.99,97.29,8.71,62.91,98.18,4,8,0,4.65,79.27,100,41.41,5,3,100,100,100,10009,Account 10009,2024-09-16,98,growth,38
100,80.42,95.71,16,100,100,100,149.72,16.12,3.87,52.4,5.96,72.46,98.41,22,89.84,26,41,9.42,89.66,11.4,110.09,100,7,4,0,4.74,76.53,95.31,25.16,3,3,100,100,100,10009,Account 10009,2024-09-16,98,growth,38
100,62.77,93.11,21,99.81,97.98,100,50.65,17.1,2.63,33.33,6.27,86.56,82.93,18,94.02,36,51,5.07,97.37,14.47,77.8,99.25,7,5,0,4.87,76.02,99.12,25.64,6,7,100,100,100,10009,Account 10009,2024-09-16,98,growth,38
100,100,100,10,92.39,97.81,100,99.24,17.06,4.89,34.13,6.9,79.09,93.66,23,95.81,34,54,5.33,98.32,11.43,149.6,96.33,4,2,1,4.63,87.32,100,40.42,5,7,100,100,100,10009,Account 10009,2024-09-23,98,growth,39
100,91.59,100,18,96.91,84.66,100,155.27,22.27,4.48,47.73,6.41,87.59,94.54,16,90.37,30,42,9.7,97.52,11.81,63.28,100,7,6,1,4.71,87.72,100,24.99,3,7,100,100,98.92,10009,Account 10009,2024-09-23,98,growth,39
100,80.52,100,17,98.97,100,98.22,143.17,27.72,5.11,32.14,7.06,86.26,84.95,25,97.37,39,54,5.38,91.81,11.67,59.94,100,4,7,1,5.07,87.81,100,29.43,3,9,100,100,100,10009,Account 10009,2024-09-23,98,growth,39
100,70.5,100,11,100,100,93.32,134.05,15.66,2.82,47.54,7.54,72.12,91.5,16,76.64,33,41,6.06,91.09,10.97,78.92,100,8,5,1,4.64,75.38,100,33.73,3,9,100,100,100,10009,Account 10009,2024-09-30,98,growth,40
100,100,100,22,89.98,86.11,100,105.14,14.22,5.0,50.53,6.36,85.83,85.16,20,90.08,32,48,9.21,98.42,14.48,117.33,97.35,6,7,1,4.69,80.59,100,31.56,3,4,100,100,100,10009,Account 10009,2024-09-30,98,growth,40
100,78.12,100,20,92.82,94.12,100,129.02,12.19,3.76,59.3,7.23,79.05,94.17,18,80.46,26,51,4.96,97.22,10.25,122.76,97.6,3,6,1,5.04,81.0,100,27.96,5,4,100,100,100,10009,Account 10009,2024-10-07,98,growth,41
100,78.31,92.59,19,100,100,92.8,100.77,15.19,7.46,41.69,6.0,71.21,89.76,23,87.07,34,40,8.17,97.48,12.91,52.64,100,5,3,0,4.47,96.01,100,23.39,6,3,100,100,100,10009,Account 10009,2024-10-07,98,growth,41
100,87.06,100,20,100,100,100,127.11,27.12,2.84,43.14,6.11,89.84,98.52,22,81.58,35,58,8.83,90.31,12.89,94.71,97.16,4,5,1,4.46,92.29,100,40.2,5,6,100,100,100,10009,Account 10009,2024-10-14,98,growth,42
100,89.65,100,19,94.51,97.91,100,139.14,19.35,2.3,58.32,6.37,73.29,88.58,18,93.32,28,56,6.81,92.7,13.64,112.42,99.87,6,5,1,4.61,90.02,100,34.74,3,8,100,100,100,10009,Account 10009,2024-10-14,98,growth,42
100,84.77,100,11,100,95.57,95.09,99.53,28.2,7.2,43.98,6.21,86.0,95.48,23,95.37,38,50,9.81,92.01,13.54,85.37,100,6,7,0,4.9,90.62,100,27.75,4,3,100,100,100,10009,Account 10009,2024-10-14,98,growth,42
100,87.81,93.36,19,93.22,83.19,100,118.56,28.77,3.19,40.29,4.77,75.56,90.26,21,89.73,34,48,7.78,97.08,11.29,51.63,97.91,6,5,0,4.55,88.76,97.43,34.18,6,7,100,100,100,10009,Account 10009,2024-10-21,97.6,growth,43
100,82.16,84.22,14,100,88.86,93.27,122.56,24.93,4.53,33.45,4.46,89.8,89.78,22,82.54,30,61,6.41,96.85,12.61,106.04,96.86,6,6,1,4.91,93.73,94.82,21.75,4,3,100,100,100,10009,Account 10009,2024-10-21,97.6,growth,43
100,100,100,22,100,98.69,92.34,56.46,17.45,3.74,54.68,4.57,89.78,85.27,19,79.87,33,44,5.5,94.98,8.58,136.76,96.73,5,4,0,4.63,86.03,100,62.18,5,7,100,100,100,10009,Account 10009,2024-10-28,98,growth,44
100,98.92,100,12,93.68,100,100,76.9,14.35,2.24,60.82,7.3,91.09,87.03,24,79.26,34,45,5.66,95.72,12.45,133.51,97.47,4,4,0,4.51,91.5,100,33.23,5,9,100,100,100,10009,Account 10009,2024-10-28,98,growth,44
100,77.77,100,16,95.87,95.7,97.62,131.33,28.51,2.52,48.24,7.02,79.98,98.94,24,89.15,29,55,6.92,91.28,8.65,152.68,97.9,8,3,0,4.84,75.93,100,56.41,5,6,100,100,96.27,10009,Account 10009,2024-10-28,98,growth,44
100,98.01,100,19,100,100,98.02,63.47,21.68,3.88,38.88,5.77,83.57,96.74,21,91.86,38,52,7.32,87.96,10.19,90.04,100,4,7,1,5.15,83.34,100,52.8,5,6,100,100,100,10009,Account 10009,2024-11-04,98,growth,45
100,100,100,19,100,100,90.42,95.93,21.06,6.81,33.01,8.16,82.97,94.27,20,79.89,28,57,5.68,94.8,10.56,132.44,96.07,8,5,1,4.66,90.47,100,60.48,4,10,100,100,100,10009,Account 10009,2024-11-04,98,growth,45
100,100,100,12,100,94.55,96.63,140.86,21.25,4.14,62.25,4.23,72.07,91.95,21,90.2,37,53,8.39,95.05,10.51,94.88,96.87,7,7,0,4.52,87.96,100,58.91,3,3,100,100,100,10009,Account 10009,2024-11-04,98,growth,45
100,100,100,17,100,100,94.08,132.98,24.97,7.99,54.39,7.3,76.9,93.49,22,90.09,27,55,10.11,97.1,11.6,94.07,100,6,6,1,4.58,85.08,100,74.07,5,7,100,100,100,10009,Account 10009,2024-11-04,98,growth,45
100,100,100,11,100,88.15,99.16,117.1,29.3,8.03,59.96,7.92,87.35,96.64,21,77.39,38,46,5.98,93.2,8.47,74.96,97.4,2,7,1,4.41,78.85,100,28.77,6,4,100,100,100,10009,Account 10009,2024-11-11,98,growth,46
100,100,100,14,100,100,100,65.45,26.38,5.08,57.59,7.7,87.14,100,23,86.41,33,59,6.75,94.11,10.34,89.54,100,7,5,1,4.4,92.29,100,25.81,3,5,100,100,100,10009,Account 10009,2024-11-11,98,growth,46
100,100,100,20,92.55,93.69,100,116.7,13.16,7.16,42.07,7.34,87.09,99.58,18,83.85,42,46,8.44,95.53,12.41,138.82,95.4,6,6,0,4.61,74.66,100,45.21,4,9,100,100,100,10009,Account 10009,2024-11-18,98,growth,47
100,100,100,23,100,100,100,106.32,26.11,6.94,54.56,7.7,72.67,97.01,16,88.52,27,39,5.72,98.68,10.11,134.61,95.1,7,4,1,4.71,82.23,100,52.45,3,9,100,100,100,10009,Account 10009,2024-11-18,98,growth,47
100,100,100,16,100,94.84,90.15,97.51,14.34,4.41,29.07,6.15,75.79,93.85,23,81.31,36,48,6.0,99.69,10.88,103.55,100,4,5,0,4.88,95.9,100,58.0,5,8,100,100,100,10009,Account 10009,2024-11-18,98,growth,47
100,100,100,23,91.34,100,100,114.71,19.1,4.09,58.06,6.77,78.71,87.32,19,86.51,28,50,8.22,95.32,14.59,136.85,97.68,6,3,0,4.65,92.74,100,63.21,5,8,100,100,100,10009,Account 10009,2024-11-18,98,growth,47
100,89.54,100,19,100,89.21,94.67,138.55,20.19,3.64,38.82,4.05,81.84,95.98,19,91.32,27,46,8.6,90.22,11.14,57.7,100,7,8,0,4.49,89.32,100,63.25,5,6,100,100,100,10009,Account 10009,2024-11-25,98,growth,48
100,100,100,13,94.34,87.72,97.45,108.67,22.3,4.81,33.19,6.18,71.52,84.73,17,96.01,30,46,9.89,92.02,11.34,130.9,100,3,3,0,4.36,74.04,100,32.24,5,7,100,100,100,10009,Account 10009,2024-11-25,98,growth,48
100,82.33,100,21,99.17,83.02,93.77,131.59,12.25,4.24,57.75,7.47,76.74,100,21,94.53,34,45,8.31,100,7.99,104.56,97.18,7,5,0,4.51,95.49,100,38.75,4,4,100,100,100,10009,Account 10009,2024-11-25,98,growth,48
100,94.89,100,14,100,95.74,91.41,67.38,28.45,5.22,31.83,5.53,77.9,85.08,15,89.68,29,58,7.43,100,13.59,71.24,100,3,5,0,4.87,96.23,100,34.82,5,6,100,100,100,10009,Account 10009,2024-11-25,98,growth,48
100,89.78,99.41,12,100,100,92.84,153.49,12.63,5.95,48.48,6.2,90.54,89.7,24,89.12,30,51,6.36,93.5,12.57,135.76,100,3,6,1,4.75,75.58,100,50.54,4,4,100,100,100,10009,Account 10009,2024-12-02,97.42,growth,49
100,68.98,100,20,100,98.42,94.05,62.82,12.04,3.01,56.81,4.56,90.57,92.32,21,81.78,29,42,7.83,95.06,10.54,54.33,100,7,5,1,5.05,87.22,100,48.66,3,9,100,100,100,10009,Account 10009,2024-12-02,97.42,growth,49
100,84.17,100,14,100,89.44,100,149.51,10.51,6.84,35.26,5.84,89.96,97.2,20,96.75,37,55,6.83,93.27,9.18,143.25,98.29,7,4,1,4.81,92.97,100,25.37,4,8,100,100,100,10009,Account 10009,2024-12-02,97.42,growth,49
100,100,100,23,97.51,94.03,100,110.4,13.4,7.37,53.78,5.65,80.74,96.51,23,84.0,34,55,8.93,90.08,11.11,130.37,100,8,7,0,4.61,91.19,100,66.75,6,8,100,100,100,10009,Account 10009,2024-12-09,96.82,growth,50
100,100,100,22,100,100,100,87.02,24.84,5.31,56.09,4.25,86.57,88.84,19,79.37,34,52,8.71,93.78,8.47,73.23,100,2,7,1,4.89,83.08,100,66.22,6,8,100,100,100,10009,Account 10009,2024-12-09,96.82,growth,50
100,100,100,23,100,89.91,100,57.08,16.82,2.91,48.9,6.6,84.33,97.33,16,93.78,27,62,9.18,91.36,11.39,80.59,99.64,6,4,0,4.7,84.15,100,57.64,3,6,100,100,99.47,10009,Account 10009,2024-12-09,96.82,growth,50
100,100,100,16,100,96.0,100,131.99,20.95,4.29,45.54,5.12,73.33,92.79,17,79.58,38,58,8.77,90.03,14.0,123.47,100,4,7,0,4.58,73.76,100,52.77,5,6,100,100,100,10009,Account 10009,2024-12-09,96.82,growth,50
100,89.93,77.21,23,100,96.61,96.82,147.68,29.08,5.35,60.4,7.13,69.68,90.85,24,89.91,35,59,7.59,91.45,9.13,97.57,95.87,7,5,0,4.51,87.03,100,24.83,4,4,100,100,100,10009,Account 10009,2024-12-16,97.1,growth,51
100,80.39,98.34,14,92.53,100,100,61.07,29.53,4.14,45.5,4.9,90.62,88.79,16,88.09,32,55,9.16,97.91,14.92,142.1,100,7,3,0,4.61,94.19,100,28.68,6,5,100,100,100,10009,Account 10009,2024-12-16,97.1,growth,51
100,96.23,100,18,100,96.26,94.07,55.37,10.95,4.88,49.26,7.67,72.9,92.23,21,76.08,36,50,8.7,97.78,10.26,91.12,100,3,7,0,4.59,87.83,100,40.27,6,5,100,100,100,10009,Account 10009,2024-12-23,97.06,growth,52
100,96.5,97.18,24,100,100,97.18,99.54,12.32,6.89,38.01,5.98,76.5,97.52,23,77.89,32,42,6.83,88.36,10.19,61.89,100,3,3,0,4.98,78.37,100,50.31,5,5,100,100,100,10009,Account 10009,2024-12-23,97.06,growth,52
100,98.42,100,19,100,100,100,133.32,14.16,4.58,57.33,4.22,76.84,83.56,24,77.37,25,62,5.12,95.92,10.66,94.77,100,7,5,0,4.5,88.36,100,41.13,3,3,100,100,100,10009,Account 10009,2024-12-23,97.06,growth,52
79.37,41.4,60.45,52,77.16,65.08,70.94,278.14,67.75,19.79,101.19,3.29,62.73,76.24,12,63.77,22,33,3.67,91.8,7.07,347.58,100,15,30,3,4.3,67.85,67.72,10.8,2,38,77.83,82.27,69.18,10010,Account 10010,2024-01-01,75,healthy,1
82.84,40.25,60.0,52,75.71,67.81,73.02,268.8,65.68,18.98,95.69,3.32,63.54,78.67,12,67.65,21,34,3.69,88.25,6.71,349.88,95.33,15,30,3,3.94,64.02,65.36,10.94,2,40,80.52,84.18,73.35,10010,Account 10010,2024-01-01,75,healthy,1
76.66,40.0,64.95,50,72.62,65.25,74.51,257.56,67.47,19.84,96.57,3.21,61.45,80.62,13,63.94,21,34,3.92,85.69,6.9,357.64,100,15,30,3,4.25,64.43,67.35,11.06,2,39,75.98,87.67,73.45,10010,Account 10010,2024-01-01,75,healthy,1
78.24,39.83,62.38,56,74.46,66.43,73.51,286.09,68.07,20.8,104.16,3.04,64.45,79.97,12,65.11,21,35,3.72,91.83,6.73,357.75,94.35,15,30,4,4.28,64.4,63.82,10.91,2,41,79.83,85.02,68.9,10010,Account 10010,2024-01-08,74.52,healthy,2
74.93,39.94,58.99,53,75.53,63.98,74.37,276.46,68.6,20.08,103.11,3.28,64.17,79.53,12,63.91,21,35,3.85,92.73,6.66,359.0,100,16,30,3,4.14,66.48,65.39,10.74,2,43,76.3,88.55,72.17,10010,Account 10010,2024-01-08,74.52,healthy,2
79.02,40.46,60.28,57,74.04,63.29,69.63,290.41,65.48,20.73,96.59,3.12,64.29,82.58,12,63.42,20,33,3.68,84.72,6.53,380.18,100,16,33,3,4.1,65.26,63.57,10.35,2,39,78.32,86.31,70.31,10010,Account 10010,2024-01-08,74.52,healthy,2
81.89,40.06,60.59,51,70.82,68.17,74.84,267.2,61.02,18.23,95.09,3.3,61.43,79.81,13,68.69,21,34,3.96,85.0,6.87,330.16,98.28,14,27,3,4.2,62.41,65.87,11.58,2,35,80.5,83.83,73.79,10010,Account 10010,2024-01-15,75.66,healthy,3
89.88,46.63,76.16,44,77.73,69.96,76.38,235.81,60.2,16.16,91.81,3.21,62.17,79.28,12,65.83,22,33,4.14,88.51,6.76,323.36,100,13,27,3,4.16,65.31,81.8,14.19,2,35,78.77,83.76,75.7,10010,Account 10010,2024-01-22,76.35,healthy,4
94.86,51.59,74.65,37,72.53,71.16,76.53,193.32,49.99,13.9,73.74,3.36,63.29,79.08,13,66.61,23,37,4.26,86.37,7.09,263.1,94.74,11,22,2,4.39,67.22,83.46,15.02,2,28,82.5,85.93,74.56,10010,Account 10010,2024-01-29,78.11,healthy,5
95.67,50.59,70.78,39,79.26,66.36,77.1,196.98,46.54,13.69,79.04,3.46,66.73,83.35,13,67.83,23,36,4.29,89.61,6.88,267.03,100,12,21,2,4.32,70.95,83.56,15.1,2,28,80.15,89.66,74.32,10010,Account 10010,2024-01-29,78.11,healthy,5
82.3,45.44,67.6,28,78.18,68.78,75.92,162.68,35.58,10.79,64.12,3.57,66.75,83.46,14,67.56,22,39,4.27,87.02,7.34,195.98,95.4,8,16,2,4.09,70.3,73.4,12.93,2,21,79.17,90.33,75.74,10010,Account 10010,2024-02-05,80.18,healthy,6
80.99,46.19,63.41,28,74.99,74.16,74.29,162.43,36.64,9.83,61.46,3.58,65.73,85.75,13,71.91,24,37,4.38,89.54,7.54,189.0,94.9,8,15,2,4.35,72.02,68.14,12.81,2,20,82.02,83.99,72.69,10010,Account 10010,2024-02-05,80.18,healthy,6
97.91,52.32,78.34,20,80.44,75.86,74.59,112.35,26.92,7.42,51.11,3.81,67.31,83.51,14,74.03,25,38,4.82,86.79,7.38,133.84,95.39,6,10,1,4.54,68.52,86.34,16.82,2,14,79.71,90.44,79.11,10010,Account 10010,2024-02-12,82.02,healthy,7
98.81,53.04,78.71,21,79.09,75.48,80.5,119.82,26.07,7.44,49.96,3.94,65.0,87.3,14,69.64,25,40,4.78,89.03,7.99,143.92,100,6,10,1,4.21,71.03,85.44,16.48,2,14,87.01,90.98,78.78,10010,Account 10010,2024-02-12,82.02,healthy,7
94.7,55.53,78.19,20,75.03,69.79,75.0,113.66,27.56,6.99,51.85,3.93,68.0,81.61,14,70.82,24,40,4.8,94.79,7.32,142.79,99.42,6,10,1,4.43,69.55,90.95,16.95,2,13,81.14,90.61,78.65,10010,Account 10010,2024-02-12,82.02,healthy,7
81.04,48.69,71.95,14,77.32,77.23,75.51,86.68,18.7,4.58,41.16,3.77,71.5,82.37,14,72.23,25,40,4.63,88.44,7.47,93.27,98.05,4,6,0,4.54,72.35,72.52,14.61,2,8,85.89,91.05,77.28,10010,Account 10010,2024-02-19,83.51,healthy,8
82.22,49.46,71.63,14,78.04,70.44,79.03,82.16,18.96,4.51,41.9,3.97,69.52,87.88,14,71.19,24,38,5.02,89.48,7.61,93.35,95.25,4,6,0,4.49,76.73,73.07,13.69,2,7,82.95,87.64,78.75,10010,Account 10010,2024-02-19,83.51,healthy,8
97.29,56.15,78.55,9,78.36,71.45,81.06,61.49,13.23,2.97,34.02,4.02,67.29,85.28,15,73.74,24,39,5.02,94.62,8.17,65.8,99.54,3,3,0,4.51,77.54,86.2,16.92,2,4,87.91,87.68,82.6,10010,Account 10010,2024-02-26,84.46,healthy,9
96.91,59.68,80.93,10,81.58,75.57,75.97,63.52,13.12,2.84,33.09,3.87,68.8,88.13,15,75.23,26,40,5.15,95.72,8.31,63.96,100,3,4,0,4.54,76.68,85.69,17.66,2,4,86.46,93.34,81.07,10010,Account 10010,2024-02-26,84.46,healthy,9
82.66,50.61,72.08,12,77.47,76.51,79.5,76.14,16.06,3.71,36.6,4.02,72.7,84.72,14,74.59,25,38,4.84,89.58,7.81,81.0,95.63,3,5,0,4.25,71.54,77.21,15.05,2,6,87.93,91.43,79.6,10010,Account 10010,2024-03-04,83.96,healthy,10
87.49,48.73,70.79,12,79.19,72.15,78.21,72.05,15.16,3.68,37.77,3.79,70.16,86.76,15,76.58,24,40,4.91,91.28,7.84,84.17,99.04,3,5,0,4.53,74.58,71.54,13.88,2,6,85.24,86.6,79.41,10010,Account 10010,2024-03-04,83.96,healthy,10
100,87.74,100,24,95.2,95.42,92.54,80.29,18.33,5.62,46.69,7.21,90.43,93.07,25,75.28,33,43,5.84,98.63,12.14,96.77,95.8,4,3,0,4.94,88.78,100,45.76,6,6,100,100,100,10010,Account 10010,2024-03-11,85.74,growth,11
100,99.47,100,18,96.64,100,100,130.13,14.45,6.1,52.22,7.22,78.0,91.74,22,80.5,33,56,5.12,91.44,9.83,131.56,100,3,6,1,4.59,87.14,100,49.17,4,5,100,100,96.97,10010,Account 10010,2024-03-11,85.74,growth,11
100,91.34,100,12,100,95.55,98.29,51.01,29.06,3.29,36.28,6.1,70.76,91.12,23,92.95,31,59,5.61,94.04,14.82,91.45,99.52,5,7,0,4.77,92.29,100,41.1,4,6,100,100,100,10010,Account 10010,2024-03-11,85.74,growth,11
100,100,100,15,100,98.36,96.34,78.53,11.87,5.41,33.81,7.53,91.26,93.94,18,86.77,39,60,7.13,97.77,13.25,126.16,97.09,3,7,1,4.7,76.86,100,41.71,6,4,100,100,100,10010,Account 10010,2024-03-18,85.25,growth,12
100,80.83,100,13,98.74,96.21,94.76,130.39,21.67,7.32,54.78,4.7,73.89,94.58,19,77.61,37,42,9.19,88.03,11.41,84.13,100,7,8,0,4.63,80.41,100,44.92,5,5,100,100,99.94,10010,Account 10010,2024-03-18,85.25,growth,12
100,82.85,100,24,93.82,93.07,93.44,139.17,13.51,7.86,45.03,5.96,76.68,97.22,25,84.25,37,58,8.03,93.15,8.79,99.78,100,5,7,0,4.94,85.42,100,31.43,4,10,100,100,100,10010,Account 10010,2024-03-18,85.25,growth,12
100,100,100,13,99.32,85.12,100,77.53,11.54,2.82,43.23,4.3,73.07,86.23,26,94.81,31,40,5.84,97.75,8.89,78.39,94.87,2,8,1,4.9,94.96,100,57.28,3,9,100,100,97.93,10010,Account 10010,2024-03-18,85.25,growth,12
100,100,100,24,100,87.46,100,72.18,25.09,4.12,55.86,7.15,80.31,90.62,23,93.2,36,60,5.14,92.74,10.7,134.57,100,6,3,0,4.5,83.52,100,49.22,4,8,100,100,100,10010,Account 10010,2024-03-25,87.06,growth,13
100,100,100,15,97.16,100,98.96,138.4,17.49,3.72,49.33,4.78,80.37,94.4,24,85.69,35,46,7.36,100,8.65,145.68,100,5,7,0,5.02,94.34,100,45.69,6,5,100,100,100,10010,Account 10010,2024-03-25,87.06,growth,13
100,100,100,14,95.58,98.49,100,63.82,11.99,5.31,57.36,4.23,73.02,95.18,16,94.73,28,42,4.94,99.86,13.89,119.43,100,7,4,0,4.72,79.73,100,49.26,4,3,100,100,100,10010,Account 10010,2024-03-25,87.06,growth,13
100,100,100,13,100,94.39,92.54,110.0,10.2,5.29,33.98,7.89,84.37,89.42,15,76.54,34,52,9.06,96.07,8.24,143.72,94.94,4,3,1,5.14,80.94,100,45.67,5,9,100,100,100,10010,Account 10010,2024-03-25,87.06,growth,13
100,71.74,100,20,100,91.26,99.51,56.23,21.38,4.82,49.66,6.11,83.22,91.87,24,80.36,29,42,7.33,94.66,8.12,112.63,100,4,7,0,4.99,85.9,100,33.04,4,5,100,100,100,10010,Account 10010,2024-04-01,88.26,growth,14
100,94.97,100,17,100,86.78,100,149.74,22.84,7.87,46.23,4.7,78.34,93.22,17,89.98,34,48,5.56,93.54,8.78,60.13,100,4,6,1,5.11,88.54,100,43.9,6,10,100,100,96.88,10010,Account 10010,2024-04-01,88.26,growth,14
100,81.03,91.67,20,99.98,94.17,93.87,58.37,12.92,4.28,45.12,4.21,86.53,98.96,19,86.08,24,45,6.14,96.51,8.15,121.06,97.79,3,4,1,4.69,96.83,100,24.27,5,9,100,100,100,10010,Account 10010,2024-04-01,88.26,growth,14
100,81.98,100,12,95.05,89.44,100,71.12,21.9,3.71,59.46,4.58,76.38,83.64,25,87.12,40,60,7.19,97.44,10.59,69.3,100,2,6,1,4.6,91.59,100,36.39,4,6,100,100,100,10010,Account 10010,2024-04-01,88.26,growth,14
100,94.03,99.37,17,92.72,86.82,100,73.28,23.63,6.42,42.07,7.21,92.88,95.04,22,85.83,38,55,7.47,91.3,7.94,121.34,97.85,8,7,0,4.71,95.13,100,46.86,3,3,100,100,100,10010,Account 10010,2024-04-08,87.99,growth,15
100,74.45,100,11,92.19,90.63,99.57,91.24,24.03,8.08,49.33,7.8,85.61,99.23,20,87.41,28,50,7.13,97.53,14.16,110.05,98.06,5,4,0,4.68,91.63,100,21.86,5,5,100,100,100,10010,Account 10010,2024-04-08,87.99,growth,15
100,100,100,19,100,88.18,100,124.46,28.11,3.87,39.1,6.96,77.34,92.98,18,73.83,39,53,8.41,98.67,11.95,58.18,94.86,6,3,0,4.75,81.18,100,42.94,4,6,100,100,100,10010,Account 10010,2024-04-15,89.81,growth,16
100,89.17,96.37,11,100,96.51,92.81,144.55,27.02,4.55,43.22,6.47,72.75,98.02,16,88.17,34,58,9.98,96.89,10.13,138.75,100,5,4,1,4.71,90.98,100,45.66,3,3,100,100,100,10010,Account 10010,2024-04-15,89.81,growth,16
100,98.1,100,13,93.36,89.22,97.52,127.08,20.08,3.64,34.31,6.08,71.86,98.0,16,85.7,35,50,5.87,94.95,10.21,63.76,99.34,3,4,0,5.05,86.64,100,35.31,3,7,100,100,98.22,10010,Account 10010,2024-04-15,89.81,growth,16
100,65.82,100,10,100,100,100,109.65,17.69,1.97,44.61,4.26,85.53,97.41,20,83.89,26,54,8.44,91.36,14.69,149.11,98.82,2,4,1,4.67,73.13,100,34.43,5,4,100,100,100,10010,Account 10010,2024-04-15,89.81,growth,16
100,87.03,100,13,99.48,88.63,100,91.92,10.98,6.96,50.21,4.59,80.12,99.13,24,80.96,29,54,7.31,95.45,9.34,95.76,95.1,2,4,1,4.8,95.49,100,31.3,5,7,100,100,100,10010,Account 10010,2024-04-22,91.46,growth,17
100,100,100,21,100,96.14,100,77.44,21.77,2.79,38.7,5.45,77.51,94.55,21,87.22,40,53,5.61,89.9,14.91,130.53,100,6,5,1,4.7,93.8,100,56.67,4,9,100,100,100,10010,Account 10010,2024-04-22,91.46,growth,17
100,70.81,85.03,21,99.74,92.47,95.84,67.03,24.18,2.1,31.84,4.22,83.22,84.3,20,78.48,36,50,5.48,98.11,9.91,89.14,98.8,5,7,1,4.82,76.44,100,22.55,5,6,100,100,100,10010,Account 10010,2024-04-29,92.87,growth,18
100,60.6,90.88,20,100,84.24,100,107.57,20.43,2.84,35.13,7.62,84.96,96.84,25,79.91,34,49,9.44,96.87,12.95,113.64,100,3,5,0,4.96,82.07,100,33.9,4,9,100,100,100,10010,Account 10010,2024-04-29,92.87,growth,18
98.24,63.03,100,10,100,95.8,96.74,145.34,26.21,2.75,36.4,6.11,76.0,91.28,23,75.97,36,47,9.67,94.99,12.02,108.17,96.61,2,6,1,4.43,77.0,100,29.38,3,5,100,100,100,10010,Account 10010,2024-04-29,92.87,growth,18
100,100,100,21,90.19,100,100,134.85,19.12,5.26,49.1,5.85,86.79,94.83,18,95.0,35,53,8.87,96.45,13.3,124.18,98.15,6,4,0,4.67,94.57,100,52.82,4,5,100,100,100,10010,Account 10010,2024-05-06,92.47,growth,19
100,85.94,100,23,100,100,100,129.86,27.58,4.02,60.85,6.5,73.44,92.9,22,75.21,27,57,6.58,91.16,9.72,85.17,95.2,5,3,1,4.46,74.19,100,58.83,4,6,100,100,100,10010,Account 10010,2024-05-06,92.47,growth,19
100,91.27,100,22,100,100,100,134.83,15.04,2.35,47.48,6.92,88.94,89.36,25,76.93,38,57,5.12,92.23,8.51,92.82,100,5,3,1,4.81,82.75,100,66.24,4,9,100,100,100,10010,Account 10010,2024-05-06,92.47,growth,19
100,100,100,23,90.2,99.12,100,132.67,10.34,5.94,41.21,5.87,74.18,91.43,22,92.71,36,41,10.04,97.89,12.28,92.24,95.95,4,8,1,4.83,72.66,100,69.81,5,6,100,100,100,10010,Account 10010,2024-05-13,92.02,growth,20
100,100,100,18,100,98.66,99.7,55.61,18.73,4.1,31.79,5.04,89.64,94.81,20,88.54,27,56,8.53,99.29,9.53,54.81,99.07,5,6,1,5.15,85.63,100,69.01,5,9,100,100,100,10010,Account 10010,2024-05-13,92.02,growth,20
100,100,100,9,92.35,100,100,106.73,24.73,2.87,47.47,4.76,88.56,85.75,23,74.05,33,45,8.93,100,10.21,140.27,97.34,2,7,1,4.57,75.01,100,43.62,6,9,100,100,100,10010,Account 10010,2024-05-13,92.02,growth,20
100,100,100,13,89.25,98.48,88.86,132.36,16.29,3.33,53.36,5.82,87.41,94.16,23,74.79,31,50,5.47,99.34,11.5,66.93,100,5,5,0,4.48,87.14,100,45.21,3,9,100,100,100,10010,Account 10010,2024-05-20,92.16,growth,21
100,88.57,100,16,100,100,93.07,64.49,14.13,2.79,32.14,4.08,91.89,90.03,20,84.33,32,53,8.97,89.74,10.03,101.19,95.65,5,3,1,4.78,73.19,100,27.79,3,6,100,100,100,10010,Account 10010,2024-05-20,92.16,growth,21
100,100,100,19,94.83,97.49,100,58.29,23.81,5.68,46.83,4.51,89.13,99.78,21,87.93,36,53,10.15,100,9.96,65.49,96.03,3,5,0,4.45,86.0,100,63.53,6,9,100,100,100,10010,Account 10010,2024-05-27,92.69,growth,22
100,94.47,100,11,100,100,94.44,83.22,28.42,6.31,43.31,6.28,73.82,93.04,21,87.48,38,45,6.32,93.45,14.42,72.72,97.85,6,2,0,4.88,94.63,100,58.74,5,7,100,100,100,10010,Account 10010,2024-05-27,92.69,growth,22
100,100,100,19,100,94.91,99.37,88.5,15.11,7.55,40.27,5.05,82.11,93.93,23,96.7,40,43,7.29,91.59,13.45,53.6,97.46,6,6,0,4.91,80.19,100,35.28,6,5,100,100,100,10010,Account 10010,2024-05-27,92.69,growth,22
100,100,100,21,100,95.85,95.55,151.41,10.59,5.94,33.72,5.81,79.82,96.88,17,80.4,35,54,7.67,96.91,14.94,144.67,100,4,6,0,4.65,81.7,100,39.07,6,10,100,100,100,10010,Account 10010,2024-05-27,92.69,growth,22
100,63.85,90.27,21,99.54,99.79,100,132.52,24.57,7.58,46.54,4.42,87.86,99.91,23,94.59,27,61,8.79,96.86,9.9,103.89,100,6,4,1,4.97,78.23,98.43,32.53,3,7,100,100,100,10010,Account 10010,2024-06-03,93.82,growth,23
98.77,79.2,100,19,100,96.15,89.74,99.68,18.54,5.53,37.93,7.0,71.64,86.86,19,81.61,36,54,5.21,89.87,12.05,105.67,100,6,5,0,4.58,85.36,100,34.16,5,6,100,100,100,10010,Account 10010,2024-06-03,93.82,growth,23
100,90.83,90.96,24,100,100,100,110.37,28.63,4.9,48.27,5.93,74.48,88.51,19,88.7,29,48,10.27,98.73,8.53,56.62,100,6,5,0,4.41,86.48,100,41.17,3,9,100,100,100,10010,Account 10010,2024-06-03,93.82,growth,23
100,100,100,17,98.67,93.42,89.73,87.62,13.66,2.36,37.67,4.26,89.1,90.67,19,81.61,32,53,6.35,91.41,12.71,53.93,100,6,4,1,4.87,95.22,100,60.11,4,7,100,100,100,10010,Account 10010,2024-06-10,93.42,growth,24
100,90.88,100,19,91.92,85.81,100,61.77,23.07,6.36,33.49,6.25,74.47,89.25,19,83.05,30,46,6.7,94.2,12.91,67.78,100,5,6,1,5.08,92.2,100,64.13,4,9,100,100,100,10010,Account 10010,2024-06-10,93.42,growth,24
100,100,100,8,100,100,96.99,125.9,27.26,3.68,50.54,8.05,68.47,99.32,16,87.47,33,45,8.54,91.97,9.83,51.01,98.5,3,2,1,4.62,90.92,100,33.37,4,8,100,100,100,10010,Account 10010,2024-06-10,93.42,growth,24
100,100,100,20,100,100,100,100.13,22.64,4.57,49.92,7.77,88.19,94.68,22,97.43,40,52,5.03,97.63,13.4,102.62,95.79,2,3,1,4.71,88.56,100,30.29,5,10,100,100,100,10010,Account 10010,2024-06-17,94.81,growth,25
100,100,100,14,100,100,100,94.6,18.22,5.36,57.96,7.04,73.25,88.53,16,81.48,29,50,6.87,97.46,10.56,108.73,97.86,3,6,1,5.16,86.03,100,42.59,3,6,100,100,100,10010,Account 10010,2024-06-17,94.81,growth,25
100,100,100,16,100,100,100,99.41,23.71,2.1,54.55,5.58,82.76,92.91,20,85.18,31,49,5.83,100,15.31,122.83,98.78,7,4,0,4.57,85.3,100,34.19,4,8,100,100,98.38,10010,Account 10010,2024-06-17,94.81,growth,25
100,75.89,100,9,100,95.82,97.34,147.0,26.15,4.68,58.65,6.01,73.29,94.19,19,77.0,30,45,9.44,97.86,9.6,90.92,100,4,5,1,4.64,77.37,100,32.87,4,5,100,100,100,10010,Account 10010,2024-06-24,96.12,growth,26
100,84.76,95.72,9,98.09,89.39,100,104.96,16.36,3.95,51.9,6.57,85.29,96.58,23,77.08,37,54,9.62,98.96,11.05,109.24,100,8,8,0,4.66,71.81,99.85,22.74,5,4,100,100,100,10010,Account 10010,2024-06-24,96.12,growth,26
100,70.48,99.73,8,99.14,96.36,100,110.94,29.47,3.36,34.2,8.03,76.35,97.96,16,85.31,32,59,6.77,94.75,14.59,113.48,100,6,6,1,4.72,89.32,100,31.86,3,10,100,100,100,10010,Account 10010,2024-06-24,96.12,growth,26
99.99,93.55,95.04,15,90.48,92.13,93.11,89.46,23.76,2.22,49.37,6.1,83.02,92.75,24,74.66,26,48,5.34,98.52,10.08,71.19,100,6,8,1,4.8,78.75,100,20.18,4,4,100,100,100,10010,Account 10010,2024-06-24,96.12,growth,26
100,66.71,100,20,98.75,95.12,100,73.16,12.14,6.06,57.08,5.67,76.86,98.2,18,85.18,35,51,5.97,98.45,14.65,50.71,100,7,8,0,4.78,73.24,100,38.44,6,9,100,100,100,10010,Account 10010,2024-07-01,96.57,growth,27
100,84.64,97.91,13,100,92.88,97.31,84.88,11.75,3.8,39.39,6.51,73.69,92.02,15,85.62,37,50,6.74,95.69,11.33,139.13,100,7,2,0,4.9,75.23,100,40.5,4,5,100,100,100,10010,Account 10010,2024-07-01,96.57,growth,27
100,91.71,100,14,100,100,99.38,134.05,21.15,5.73,52.52,7.0,72.88,88.52,18,85.42,25,58,5.22,90.97,8.81,67.26,100,5,3,1,4.74,88.55,100,30.04,3,8,100,100,100,10010,Account 10010,2024-07-08,98,growth,28
100,71.81,100,10,100,96.39,96.24,129.13,24.42,7.9,54.65,5.79,71.84,90.79,23,80.87,38,58,9.77,95.89,13.86,136.06,95.9,6,3,1,5.0,94.16,100,22.59,5,10,100,100,100,10010,Account 10010,2024-07-08,98,growth,28
100,90.74,100,23,100,96.16,99.82,146.85,21.48,7.45,42.2,4.17,71.65,97.44,22,93.37,37,55,6.74,96.23,14.35,124.4,97.35,4,4,1,4.75,91.96,100,46.84,6,9,100,100,100,10010,Account 10010,2024-07-08,98,growth,28
100,63.27,100,20,97.91,100,95.49,132.63,20.93,6.97,50.64,7.69,79.27,89.09,16,76.71,36,51,8.42,94.07,11.2,87.78,100,5,3,1,4.35,95.5,100,28.55,4,4,100,100,100,10010,Account 10010,2024-07-15,98,growth,29
100,74.7,100,17,100,92.49,100,122.88,20.12,2.46,35.68,4.6,77.19,95.13,21,75.83,40,51,7.73,97.27,14.42,67.37,99.86,2,3,1,4.69,79.58,100,47.54,5,8,100,100,100,10010,Account 10010,2024-07-15,98,growth,29
100,94.37,97.53,12,99.99,95.98,100,111.41,23.16,5.37,30.08,7.7,74.73,95.95,18,77.35,35,48,8.46,97.29,8.39,93.11,100,8,7,1,4.72,85.53,100,25.83,4,5,100,100,100,10010,Account 10010,2024-07-15,98,growth,29
100,74.72,100,16,98.87,100,95.07,147.66,30.66,3.95,46.08,5.69,83.34,94.23,21,75.76,34,53,9.25,97.68,10.68,130.81,98.22,8,8,0,4.87,84.35,100,26.88,4,3,100,100,100,10010,Account 10010,2024-07-15,98,growth,29
100,100,100,9,99.91,84.35,98.91,139.45,18.65,2.32,51.13,5.4,73.71,85.41,21,84.73,26,51,5.72,96.95,10.38,77.59,100,5,3,1,4.84,78.78,100,43.97,6,3,100,100,100,10010,Account 10010,2024-07-22,98,growth,30
100,88.04,100,11,99.81,99.69,98.33,60.06,27.74,3.47,35.87,5.93,72.09,94.29,22,78.8,38,55,5.62,89.36,8.02,102.17,100,5,4,1,4.98,86.16,100,51.53,4,7,100,100,100,10010,Account 10010,2024-07-22,98,growth,30
100,100,100,24,100,89.84,92.08,117.87,18.61,5.5,50.28,4.57,85.16,100,22,85.88,37,52,10.15,91.35,13.09,95.01,99.57,8,6,1,4.44,83.53,100,72.08,5,6,100,100,100,10010,Account 10010,2024-07-22,98,growth,30
100,100,100,15,100,88.51,100,73.02,18.98,3.49,58.4,7.04,68.91,90.2,18,89.39,31,54,5.48,90.16,12.34,139.65,95.17,7,3,0,5.0,83.55,100,62.62,5,6,100,100,98.16,10010,Account 10010,2024-07-22,98,growth,30
100,100,100,16,100,97.31,100,133.38,18.82,4.46,51.45,5.38,75.9,92.82,18,79.41,29,50,8.27,99.49,8.67,137.92,100,7,8,1,4.62,79.01,100,28.59,5,4,100,100,100,10010,Account 10010,2024-07-29,98,growth,31
100,96.76,100,18,99.25,100,93.23,67.81,15.39,3.76,50.95,5.24,78.5,90.85,23,81.42,29,42,6.7,93.94,13.63,107.63,98.5,5,5,1,4.77,95.5,100,45.41,5,6,100,100,100,10010,Account 10010,2024-07-29,98,growth,31
100,96.37,100,16,100,100,100,53.23,15.46,6.21,57.78,7.52,80.3,94.15,20,79.94,36,54,8.77,87.93,12.86,61.18,97.02,6,8,0,5.07,88.71,100,48.78,6,5,100,100,100,10010,Account 10010,2024-07-29,98,growth,31
100,100,100,8,98.91,89.33,95.31,134.72,17.03,3.46,52.85,7.93,71.43,90.07,22,80.61,28,42,7.93,92.54,14.61,100.2,100,3,4,1,5.02,83.72,100,43.98,5,9,100,100,100,10010,Account 10010,2024-07-29,98,growth,31
100,83.89,94.36,9,96.58,99.07,90.56,111.27,20.44,5.62,33.54,4.5,80.02,90.37,24,89.52,40,54,6.86,96.03,11.02,55.0,100,2,8,1,4.82,99.26,100,40.8,4,6,100,100,100,10010,Account 10010,2024-08-05,98,growth,32
100,97.03,100,17,100,99.72,100,149.85,12.66,5.71,30.49,6.76,76.33,96.08,20,85.35,35,41,8.24,90.95,10.49,134.62,100,4,4,0,4.74,83.83,100,42.54,3,10,100,100,100,10010,Account 10010,2024-08-05,98,growth,32
100,100,100,24,100,85.71,100,106.32,11.29,7.49,32.24,4.75,86.44,87.49,24,94.3,25,41,7.2,100,8.1,141.63,100,3,4,0,4.83,85.33,100,59.15,4,9,100,100,100,10010,Account 10010,2024-08-12,98,growth,33
100,100,100,17,99.38,100,100,94.02,28.67,3.59,29.36,5.71,86.6,95.47,16,74.42,31,60,9.18,92.97,8.96,53.54,100,4,7,0,4.72,89.11,100,56.37,6,8,100,100,100,10010,Account 10010,2024-08-12,98,growth,33
100,100,100,14,100,100,96.17,110.58,23.58,4.45,59.08,4.53,83.55,95.52,20,88.26,28,57,6.25,95.16,9.73,74.73,100,4,4,0,4.33,81.11,100,53.97,3,7,100,100,100,10010,Account 10010,2024-08-12,98,growth,33
100,92.76,100,8,100,98.75,100,152.01,18.57,2.85,37.5,6.41,85.99,83.97,22,87.61,39,43,5.54,97.25,11.66,61.96,100,5,4,0,4.38,80.48,100,51.59,4,7,100,100,100,10010,Account 10010,2024-08-19,98,growth,34
100,100,100,20,88.59,100,100,89.78,10.57,3.92,42.63,6.11,77.47,88.71,22,80.53,31,51,4.86,97.78,11.26,132.38,100,8,8,1,4.82,80.44,100,34.99,4,6,100,100,100,10010,Account 10010,2024-08-19,98,growth,34
100,100,100,14,100,100,100,120.1,20.8,7.75,36.87,6.53,83.56,91.68,16,78.93,30,46,5.34,94.85,7.78,106.19,100,6,6,0,4.78,94.9,100,43.53,6,6,100,100,100,10010,Account 10010,2024-08-19,98,growth,34
100,56.35,86.24,20,100,85.17,100,112.46,22.27,7.55,53.86,6.91,76.07,83.43,18,79.96,34,46,5.8,91.72,13.63,145.3,100,5,8,1,4.72,74.45,100,33.93,4,4,100,100,100,10010,Account 10010,2024-08-26,98,growth,35
100,59.78,90.69,21,100,100,100,91.57,12.99,7.47,44.26,5.87,72.3,91.28,23,88.68,33,52,7.51,89.48,11.73,59.74,99.85,3,4,1,4.82,96.56,92.45,29.04,4,6,100,100,100,10010,Account 10010,2024-08-26,98,growth,35
100,71.53,90.08,22,100,100,95.12,63.25,28.58,4.23,45.16,4.31,77.84,85.6,25,76.8,38,48,7.5,98.45,11.18,108.54,99.43,7,8,1,4.42,87.24,100,38.68,4,5,100,100,100,10010,Account 10010,2024-08-26,98,growth,35
100,100,100,12,99.67,95.57,100,146.47,23.55,6.19,56.15,5.27,75.84,95.59,18,91.06,35,52,6.77,95.86,13.46,84.19,100,2,3,0,5.16,74.02,100,44.43,6,8,100,100,100,10010,Account 10010,2024-09-02,97.34,growth,36
100,100,100,22,100,88.95,98.81,121.54,28.78,3.87,48.8,6.28,84.67,85.21,17,76.62,29,56,9.36,91.99,15.4,130.94,100,6,6,0,4.59,75.17,100,51.24,6,3,100,100,100,10010,Account 10010,2024-09-02,97.34,growth,36
100,100,100,13,98.48,88.43,100,135.0,29.59,4.34,33.25,4.83,70.39,91.78,22,73.36,33,58,6.73,96.35,14.43,91.91,100,6,4,1,4.84,76.83,100,44.13,4,8,100,100,100,10010,Account 10010,2024-09-02,97.34,growth,36
100,100,100,16,100,87.15,100,53.73,28.13,2.69,36.55,4.44,78.95,88.42,24,79.45,26,48,5.65,94.7,8.59,134.7,97.99,5,6,0,4.56,98.5,100,53.27,6,7,100,100,96.14,10010,Account 10010,2024-09-02,97.34,growth,36
100,71.0,84.79,14,96.91,100,100,136.36,27.1,5.22,40.01,7.65,90.82,94.71,15,74.01,37,46,8.14,88.29,13.54,121.63,100,5,3,1,4.53,74.97,93.26,30.63,6,5,100,100,100,10010,Account 10010,2024-09-09,98,growth,37
100,58.87,95.82,22,94.38,100,100,63.8,27.05,3.85,41.06,5.38,88.55,87.09,17,83.54,38,49,8.56,89.48,13.89,133.78,98.17,5,3,1,4.79,81.01,96.04,33.65,3,7,100,100,100,10010,Account 10010,2024-09-09,98,growth,37
100,100,100,13,100,100,100,132.48,24.68,4.14,57.65,4.54,70.52,98.24,19,86.08,30,56,9.12,93.65,11.72,48.98,95.94,3,7,1,4.87,80.57,100,55.68,6,8,100,100,100,10010,Account 10010,2024-09-16,98,growth,38
100,100,100,24,100,100,90.15,63.4,21.58,3.7,50.9,6.57,88.52,97.58,18,90.27,38,56,5.11,91.5,15.0,84.9,97.87,5,6,1,5.03,75.86,100,26.59,6,2,100,100,100,10010,Account 10010,2024-09-16,98,growth,38
100,77.13,100,23,100,92.83,96.54,63.64,18.44,5.32,38.42,6.47,88.66,94.68,15,88.8,38,45,9.46,94.33,13.35,149.4,95.27,7,3,1,4.48,86.27,100,40.15,4,8,100,100,100,10010,Account 10010,2024-09-23,97.9,growth,39
100,97.64,98.39,9,93.03,100,100,109.44,20.79,6.29,41.68,6.32,73.81,88.42,17,86.73,32,58,7.67,90.36,8.66,94.76,100,7,4,1,4.7,78.47,100,31.29,5,6,100,100,100,10010,Account 10010,2024-09-23,97.9,growth,39
100,81.42,100,21,100,100,92.65,88.09,24.57,3.02,35.64,7.08,84.19,93.12,25,85.09,28,46,9.37,93.49,14.68,133.29,97.91,6,7,1,4.37,99.02,100,36.68,4,7,100,100,100,10010,Account 10010,2024-09-23,97.9,growth,39
100,93.04,99.94,23,100,100,98.84,61.12,28.85,5.03,57.38,5.54,79.46,82.34,20,71.76,27,56,6.12,91.7,14.35,110.76,95.54,4,5,0,4.84,77.55,100,45.36,6,3,100,100,100,10010,Account 10010,2024-09-30,98,growth,40
100,100,92.18,17,100,100,100,73.64,17.02,2.0,32.63,7.1,86.44,85.47,19,78.49,40,45,9.84,97.45,9.58,141.99,94.7,3,5,0,4.52,79.59,100,44.89,5,8,100,100,100,10010,Account 10010,2024-09-30,98,growth,40
100,86.71,100,12,100,98.51,100,88.72,19.02,3.73,54.64,5.21,73.2,90.21,19,85.85,36,54,8.36,98.33,15.15,53.08,100,7,5,0,4.78,79.28,100,49.87,4,9,100,100,100,10010,Account 10010,2024-09-30,98,growth,40
100,81.06,100,12,100,84.85,100,137.64,10.87,7.42,43.24,7.16,83.33,92.22,22,91.79,39,40,6.49,96.91,12.91,77.53,95.31,4,3,0,4.82,92.13,100,47.98,6,6,100,100,100,10010,Account 10010,2024-09-30,98,growth,40
97.61,64.72,96.74,12,97.41,90.67,100,113.87,14.74,7.38,32.77,7.06,72.95,93.73,24,81.39,30,56,6.91,97.34,8.96,109.48,99.81,3,3,0,4.83,83.96,100,24.08,3,10,100,100,100,10010,Account 10010,2024-10-07,98,growth,41
100,77.95,90.14,17,97.7,100,100,98.24,18.8,2.38,44.65,6.12,90.44,89.34,21,82.53,35,56,9.99,99.86,13.71,116.48,100,5,5,0,4.79,76.64,97.1,23.23,6,9,100,100,100,10010,Account 10010,2024-10-07,98,growth,41
100,100,100,12,98.34,84.77,98.1,149.46,10.06,4.03,33.93,6.87,84.95,82.1,19,95.05,34,43,9.35,96.22,10.53,153.03,100,2,4,0,4.75,89.09,100,58.55,3,9,100,100,100,10010,Account 10010,2024-10-14,98,growth,42
100,100,100,18,91.26,89.64,100,70.91,26.22,7.58,58.67,5.71,70.18,91.38,25,88.11,35,50,9.85,95.35,13.14,100.79,96.51,6,7,1,4.89,75.65,100,51.7,4,9,100,100,98.9,10010,Account 10010,2024-10-14,98,growth,42
100,93.84,100,23,100,98.99,93.07,108.55,18.63,2.0,47.72,4.94,80.95,89.71,19,97.68,35,47,8.1,95.16,9.55,135.7,100,6,2,0,4.78,82.09,100,37.72,6,4,100,100,100,10010,Account 10010,2024-10-14,98,growth,42
100,100,100,20,100,89.36,93.18,105.6,20.8,4.69,46.33,5.79,83.64,88.63,22,75.11,38,50,6.3,95.14,9.25,140.31,95.32,7,8,0,4.76,98.35,100,52.0,3,9,100,100,100,10010,Account 10010,2024-10-21,98,growth,43
100,94.65,100,19,100,100,100,106.39,14.29,4.77,50.43,4.58,68.08,100,23,80.12,39,46,8.79,89.81,15.47,91.3,96.4,4,6,1,4.5,78.37,100,70.53,6,4,100,100,100,10010,Account 10010,2024-10-21,98,growth,43
100,91.38,100,22,100,94.39,100,110.76,23.8,7.93,34.85,7.72,86.01,95.82,25,80.11,40,58,6.61,92.57,12.15,59.07,98.04,6,6,1,4.82,85.17,100,43.15,3,5,100,100,100,10010,Account 10010,2024-10-21,98,growth,43
100,100,100,20,95.54,100,100,86.33,14.38,4.26,50.12,4.59,74.88,91.51,22,79.13,39,57,6.89,98.69,15.37,114.56,100,3,2,0,4.95,74.88,100,48.41,5,4,100,100,100,10010,Account 10010,2024-10-28,98,growth,44
100,76.43,100,9,99.77,90.33,96.13,81.1,14.07,6.19,44.53,6.83,67.02,94.56,21,95.46,27,46,5.0,91.07,11.82,53.41,100,5,3,1,4.67,92.19,100,49.06,4,5,100,100,100,10010,Account 10010,2024-10-28,98,growth,44
100,87.79,100,15,99.74,86.55,100,90.4,22.81,6.94,39.26,6.25,74.76,85.55,15,88.5,36,57,5.82,95.72,14.78,51.99,96.95,6,4,1,4.44,80.01,100,36.6,3,8,100,100,100,10010,Account 10010,2024-10-28,98,growth,44
100,74.71,100,12,89.96,95.18,100,62.48,25.41,2.39,46.29,5.76,89.58,93.02,15,80.28,26,52,8.75,91.57,14.26,88.32,97.13,8,5,0,4.74,84.3,100,60.45,6,3,100,100,100,10010,Account 10010,2024-11-04,98,growth,45
100,99.99,100,22,98.75,99.74,93.88,52.74,10.14,4.47,31.19,4.23,75.57,91.3,17,77.06,37,49,8.39,99.79,14.6,94.39,96.87,6,6,0,4.79,94.12,100,29.64,5,8,100,100,100,10010,Account 10010,2024-11-04,98,growth,45
100,100,100,9,91.84,100,100,124.87,24.3,4.98,48.03,5.6,86.07,83.46,19,92.06,33,45,7.55,98.14,9.04,64.9,100,5,4,0,4.58,91.33,100,65.7,3,5,100,100,100,10010,Account 10010,2024-11-11,98,growth,46
100,100,100,14,98.6,100,100,69.06,11.34,3.1,30.75,4.97,80.94,96.8,21,77.48,40,49,8.45,90.04,8.38,62.17,100,7,7,1,4.94,85.56,100,47.72,5,9,100,100,100,10010,Account 10010,2024-11-11,98,growth,46
100,100,100,14,100,84.05,100,105.29,26.71,3.38,42.08,5.04,74.62,86.64,15,84.83,31,45,9.55,94.85,14.61,134.03,100,7,5,1,4.89,95.12,100,79.0,3,4,100,100,100,10010,Account 10010,2024-11-11,98,growth,46
100,100,100,20,99.86,89.95,99.17,112.64,13.14,5.06,33.51,7.48,71.27,96.47,19,73.89,39,58,7.68,96.47,12.18,57.02,100,5,8,0,5.02,77.88,100,63.15,4,4,100,100,100,10010,Account 10010,2024-11-11,98,growth,46
100,98.75,100,16,99.16,90.66,100,124.53,23.16,5.07,57.08,5.51,82.58,82.26,18,83.74,27,42,9.33,93.96,7.75,129.08,100,8,5,1,4.78,91.44,100,74.96,3,6,100,100,100,10010,Account 10010,2024-11-18,97.89,growth,47
100,100,100,20,93.78,100,99.31,67.59,24.37,2.51,34.64,4.27,72.95,92.39,16,89.31,30,52,9.5,92.95,8.2,83.61,100,6,3,0,4.61,85.38,100,56.08,3,7,100,100,100,10010,Account 10010,2024-11-18,97.89,growth,47
100,92.47,100,12,100,97.8,100,132.35,11.37,6.37,56.08,6.25,78.17,90.83,22,80.57,29,40,7.25,95.64,13.49,88.18,100,6,4,1,5.1,80.63,100,54.52,5,4,100,100,100,10010,Account 10010,2024-11-18,97.89,growth,47
100,98.44,100,12,100,96.44,96.45,50.1,11.26,7.05,50.36,6.83,77.51,96.08,19,78.33,36,50,5.9,88.49,12.54,123.49,99.18,7,7,1,4.75,86.3,100,34.11,6,9,100,100,100,10010,Account 10010,2024-11-25,98,growth,48
100,93.98,100,15,100,87.97,100,154.48,23.6,5.56,30.7,4.26,82.17,91.17,22,79.77,29,58,9.75,89.53,8.37,137.6,95.59,8,5,1,4.84,80.92,100,31.7,3,5,100,100,100,10010,Account 10010,2024-11-25,98,growth,48
100,99.42,100,23,100,100,98.26,125.68,16.49,6.14,44.76,4.33,74.25,84.92,21,84.81,40,54,5.75,100,12.94,78.55,97.36,6,2,0,4.65,76.87,100,29.22,5,7,100,100,100,10010,Account 10010,2024-11-25,98,growth,48
100,99.56,100,20,100,100,94.71,59.9,21.9,3.5,58.42,6.78,72.17,84.46,24,77.46,38,60,6.58,92.02,12.55,116.53,100,4,2,0,4.49,87.24,100,49.67,5,6,100,100,100,10010,Account 10010,2024-12-02,98,growth,49
100,67.26,100,20,100,96.17,100,139.72,30.04,4.64,30.64,5.15,72.86,93.51,18,90.33,37,51,8.39,100,9.39,131.73,100,6,3,1,5.0,79.85,100,34.3,6,8,100,100,100,10010,Account 10010,2024-12-02,98,growth,49
100,100,100,23,94.31,100,98.42,119.61,14.29,4.63,55.25,6.57,86.19,91.83,18,83.91,28,58,8.58,90.26,11.39,51.8,100,4,2,1,4.8,79.56,100,27.4,5,3,100,100,100,10010,Account 10010,2024-12-09,98,growth,50
100,82.12,100,11,100,100,94.51,66.24,26.01,4.93,42.63,6.31,68.63,90.19,22,85.26,36,48,8.59,100,9.98,74.8,99.63,6,7,0,4.89,89.69,100,62.56,3,3,100,100,100,10010,Account 10010,2024-12-09,98,growth,50
100,98.02,100,14,100,93.68,100,127.94,14.48,6.44,36.92,6.65,83.23,93.15,20,81.01,31,46,8.3,100,8.87,60.62,98.43,3,4,1,4.64,77.44,100,43.7,4,5,100,100,100,10010,Account 10010,2024-12-09,98,growth,50
100,100,100,12,100,86.58,99.69,83.25,22.43,6.71,42.48,4.01,86.49,98.81,24,91.72,36,51,5.08,95.3,9.38,123.79,100,7,8,1,5.19,78.32,100,46.29,6,7,100,100,100,10010,Account 10010,2024-12-09,98,growth,50
100,90.32,100,16,99.38,89.27,98.58,137.41,16.42,6.02,49.82,5.25,90.27,94.16,23,83.59,26,58,6.27,92.69,13.78,98.83,98.09,7,3,1,4.57,76.28,100,29.57,3,9,100,100,100,10010,Account 10010,2024-12-16,98,growth,51
100,93.38,100,22,100,100,100,49.2,12.4,7.91,53.07,5.93,83.0,92.25,20,85.12,30,43,7.49,95.76,14.7,68.78,98.9,5,4,1,4.85,80.02,100,27.97,4,7,100,100,100,10010,Account 10010,2024-12-16,98,growth,51
100,100,100,13,95.71,91.92,100,105.06,11.94,2.41,56.82,5.89,85.12,87.06,18,79.37,26,56,9.81,90.58,14.61,94.04,100,7,3,1,4.78,77.34,100,53.11,4,6,100,100,100,10010,Account 10010,2024-12-23,97.49,growth,52
100,91.5,100,11,100,100,100,51.68,19.72,7.83,33.63,7.43,77.86,92.4,21,92.87,35,43,7.94,88.47,11.18,81.22,99.62,7,4,0,4.81,94.96,100,49.13,5,4,100,100,98.52,10010,Account 10010,2024-12-23,97.49,growth,52
100,87.42,100,14,92.4,100,100,76.12,15.49,7.73,32.6,4.2,72.72,87.98,21,83.56,39,45,7.76,90.12,8.98,58.88,99.85,3,4,1,5.03,78.81,100,52.82,3,10,100,100,100,10010,Account 10010,2024-12-23,97.49,growth,52
