B1,B2,B3,B4,B5,B6,B7,C1,C2,C3,C4,C5,C6,C7,P1,P2,P3,P4,P5,P6,P7,P8,R1,R2,R3,R4,R5,R6,S1,S2,S3,S4,S5,S6,S7,account_id,account_name,date,health_score,phase,week_number
75.45,30.76,57.35,94,68.21,59.83,67.32,478.91,110.87,32.31,150.86,2.62,59.36,70.99,10,56.33,17,30,2.79,90.96,5.77,618.32,99.23,25,54,6,3.91,53.8,62.73,7.51,1,75,75.55,85.86,67.61,10001,Account 10001,2024-01-15,66.42,at_risk,3
69.08,26.96,53.59,107,68.32,55.42,60.25,528.38,137.79,40.87,183.66,2.27,54.86,75.21,9,54.04,17,26,2.26,82.4,5.49,718.06,100,30,61,7,3.5,54.25,60.12,6.21,1,85,71.9,80.69,63.73,10001,Account 10001,2024-01-29,63.06,at_risk,5
73.66,27.06,49.87,116,62.53,56.48,62.24,569.91,142.1,42.05,195.03,2.05,56.18,73.8,8,51.07,15,26,2.19,88.62,5.34,812.67,100,34,73,8,3.46,50.8,53.33,5.33,1,96,73.25,83.62,60.39,10001,Account 10001,2024-02-26,60.78,at_risk,9
52.78,19.88,38.71,108,51.02,43.73,45.49,344.55,124.55,34.8,130.24,1.4,49.96,53.47,4,30.54,5,23,1.29,82.54,4.51,641.14,97.72,29,31,7,2.81,39.42,49.54,0,1,48,60.56,74.23,54.55,10001,Account 10001,2024-03-04,59.97,at_risk,10
60.16,24.28,38.32,68,51.6,52.45,57.16,541.66,106.07,26.26,138.36,1.72,54.4,52.73,4,45.56,10,20,1.22,85.22,2.08,602.33,96.77,21,69,4,3.56,32.49,41.71,0,1,73,48.18,71.01,51.06,10001,Account 10001,2024-03-18,54.63,at_risk,12
63.19,4.03,33.33,89,50.1,48.51,52.98,335.88,105.64,27.66,196.37,1.44,40.52,57.45,3,21.18,7,11,0.51,46.98,2.34,445.32,56.59,103,83,13,1.34,24.52,40.58,4.62,1,77,67.48,77.8,53.75,10001,Account 10001,2024-04-08,49.86,crisis,15
56.95,12.49,44.62,65,46.31,42.71,52.33,356.72,116.94,44.41,188.11,1.7,46.43,66.69,4,23.03,4,12,0.31,43.92,2.23,446.6,57.5,89,75,13,1.13,20.13,52.49,0,1,83,64.35,67.1,39.81,10001,Account 10001,2024-04-08,49.86,crisis,15
54.04,4.9,39.31,75,52.14,36.44,56.98,505.9,127.29,38.19,182.5,1.63,43.98,56.04,4,30.85,6,12,0.58,50.42,2.09,304.18,58.99,73,71,20,1.72,30.09,36.58,0,1,93,64.6,78.08,52.11,10001,Account 10001,2024-04-15,49.23,crisis,16
60.72,12.8,34.17,74,54.53,49.61,40.37,361.06,107.59,34.55,158.69,1.82,47.38,68.88,4,20.08,5,8,0.87,42.73,1.92,455.15,56.02,62,121,16,1.73,28.84,43.86,0,1,70,56.48,74.34,39.25,10001,Account 10001,2024-04-15,49.23,crisis,16
61.94,9.11,29.96,114,54.22,41.17,42.98,481.43,107.87,40.45,190.43,1.56,50.29,60.57,4,26.8,6,6,1.05,46.73,2.09,278.17,55.82,79,173,16,1.23,19.16,50.84,4.35,1,92,62.4,81.52,44.83,10001,Account 10001,2024-04-22,48.63,crisis,17
55.06,17.62,39.09,82,49.66,37.4,53.63,404.14,79.23,27.88,184.97,1.85,43.81,53.55,2,15.64,6,13,0.68,46.58,2.14,328.09,57.12,83,101,12,1.99,29.36,38.9,0,1,60,50.53,63.58,40.22,10001,Account 10001,2024-04-29,47.05,crisis,18
43.49,13.91,36.51,84,50.71,54.13,57.61,350.17,113.08,30.94,174.48,1.5,52.08,62.18,3,12.2,5,13,1.04,45.16,2.75,235.57,57.1,78,114,21,2.13,27.38,50.22,0,1,62,61.95,62.87,40.67,10001,Account 10001,2024-04-29,47.05,crisis,18
52.25,3.62,44.3,96,59.4,44.21,49.92,602.26,95.36,28.19,186.93,1.49,51.25,54.58,5,21.84,6,11,0.65,43.97,1.69,299.74,59.71,74,94,14,1.45,23.92,48.32,0,0,72,68.57,69.26,56.39,10001,Account 10001,2024-05-06,46.63,crisis,19
43.96,5.35,47.1,95,47.39,49.56,58.11,439.34,108.87,37.63,155.72,1.23,42.18,64.18,4,17.48,5,11,0.38,49.87,2.42,427.42,54.28,65,164,22,2.02,26.56,36.59,0,0,47,50.02,67.82,52.73,10001,Account 10001,2024-05-13,43.78,crisis,20
47.14,19.96,44.41,105,55.35,52.32,43.84,515.77,113.11,37.12,169.91,1.66,54.18,63.39,4,16.94,9,7,0.34,45.98,2.58,455.09,51.76,91,166,22,2.03,18.8,44.98,1.0,0,80,50.1,77.46,43.38,10001,Account 10001,2024-05-13,43.78,crisis,20
50.19,16.13,43.86,97,56.93,34.73,58.7,428.63,98.58,26.26,202.35,1.83,48.89,63.66,4,16.7,4,6,0.94,44.34,1.7,432.24,53.18,53,92,19,1.58,17.37,47.12,1.63,0,93,54.26,74.62,42.15,10001,Account 10001,2024-05-20,41.26,crisis,21
48.22,8.74,49.27,104,50.15,46.95,50.55,561.94,142.55,43.51,143.8,1.43,48.21,63.83,2,15.5,9,15,0.32,52.4,2.2,460.5,55.84,72,102,20,1.73,26.08,42.64,0.34,0,62,54.08,69.15,43.65,10001,Account 10001,2024-05-20,41.26,crisis,21
59.5,7.02,34.34,105,61.84,50.86,52.96,472.67,132.33,44.73,144.47,1.23,41.24,60.59,4,29.3,5,12,0.44,46.29,2.59,264.6,58.94,77,71,13,1.19,21.97,48.58,0.29,1,80,48.51,80.16,53.45,10001,Account 10001,2024-05-27,38.86,crisis,22
58.08,20.47,47.49,89,58.63,47.1,41.04,549.33,150.59,44.61,164.64,1.82,42.83,65.5,4,12.1,8,13,0.71,45.65,2.67,337.7,55.54,55,64,14,1.79,23.24,36.91,0,0,66,65.77,70.7,50.68,10001,Account 10001,2024-06-03,36.57,crisis,23
48.23,7.57,46.02,80,49.75,36.28,49.94,450.83,124.48,25.13,190.11,1.92,50.47,53.37,4,15.81,6,6,1.22,43.46,2.75,437.33,53.79,65,132,22,1.69,19.84,54.97,0.85,1,53,50.05,76.53,60.47,10001,Account 10001,2024-06-03,36.57,crisis,23
57.44,13.31,43.88,61,46.26,38.34,40.06,539.89,140.48,31.24,158.82,1.84,53.22,70.15,2,14.34,6,10,0.44,44.94,1.76,249.25,54.98,89,111,19,1.26,30.35,53.95,1.47,1,92,58.43,77.93,60.18,10001,Account 10001,2024-06-10,34.51,crisis,24
56.29,13.64,37.25,115,57.88,40.12,58.5,457.38,113.27,39.1,129.31,1.68,43.1,66.99,2,15.91,5,6,0.7,42.3,1.63,429.49,56.84,65,92,20,1.49,19.95,53.7,0.45,1,68,57.05,71.81,57.92,10001,Account 10001,2024-06-10,34.51,crisis,24
42.72,3.83,45.64,114,58.26,35.09,60.14,473.7,145.94,30.12,187.79,1.59,41.54,52.66,4,9.97,4,14,0.59,43.06,2.26,378.48,51.19,47,63,22,1.61,19.3,52.4,0,0,67,53.36,71.5,40.84,10001,Account 10001,2024-06-17,33.88,crisis,25
37.96,5.87,34.16,65,62.62,54.56,54.12,439.71,151.01,41.83,193.57,1.64,46.15,56.41,4,9.3,5,10,0.85,48.79,1.85,329.0,52.2,84,146,19,1.61,18.54,38.51,0,0,78,59.5,75.11,49.27,10001,Account 10001,2024-06-17,33.88,crisis,25
62.93,22.57,36.12,113,60.52,54.97,47.79,449.49,122.08,32.2,195.97,1.79,50.36,48.58,3,25.2,6,13,1.13,49.61,2.41,442.96,60.91,63,119,12,1.92,28.78,38.62,1.0,1,93,54.66,67.65,59.8,10001,Account 10001,2024-06-24,32.35,crisis,26
63.11,6.96,47.28,92,52.65,52.26,50.19,306.95,95.48,34.5,184.17,1.71,47.96,56.48,2,24.65,7,10,0.3,49.68,1.38,316.11,56.84,81,132,12,1.74,22.77,47.22,0.06,1,62,49.5,79.02,41.44,10001,Account 10001,2024-06-24,32.35,crisis,26
52.53,18.83,45.64,70,59.26,50.26,45.95,471.66,129.54,42.79,188.32,1.49,45.03,68.51,3,16.47,5,8,1.11,44.17,1.24,388.41,56.48,51,167,21,1.65,25.33,54.51,4.57,0,64,54.72,77.53,42.64,10001,Account 10001,2024-07-01,31.91,crisis,27
51.93,5.48,39.06,111,60.89,52.45,45.38,531.93,123.48,34.81,175.26,1.85,53.21,56.98,4,18.48,9,9,0.57,46.71,2.81,334.32,56.21,45,171,11,1.81,30.37,37.06,4.84,1,60,66.73,67.54,46.53,10001,Account 10001,2024-07-08,31.3,crisis,28
79.32,39.09,59.25,53,77.0,66.04,69.61,279.97,62.8,18.33,97.72,3.2,66.63,80.0,12,64.87,22,34,3.79,85.22,6.53,357.88,99.01,15,29,3,4.16,65.2,69.85,10.53,2,41,79.05,83.28,70.17,10002,Account 10002,2024-01-01,75,healthy,1
76.38,38.66,59.94,52,70.73,64.23,73.04,270.16,63.81,20.15,93.61,3.26,61.32,77.3,12,67.32,20,33,3.91,85.24,7.09,345.58,100,14,31,3,4.0,63.91,64.89,10.72,2,40,78.56,85.68,71.47,10002,Account 10002,2024-01-01,75,healthy,1
76.53,41.1,62.47,45,74.56,65.65,75.59,246.72,56.93,16.71,85.03,3.25,61.87,82.38,12,66.6,22,36,3.92,87.32,6.7,318.64,96.86,13,27,3,4.14,68.11,70.79,11.79,2,34,80.18,86.61,69.98,10002,Account 10002,2024-01-08,76.49,healthy,2
83.67,41.12,65.0,45,72.09,69.42,74.26,237.31,61.47,17.3,87.11,3.29,62.87,77.02,13,66.74,21,34,4.03,89.21,6.89,318.77,94.23,14,27,3,4.36,68.54,67.06,11.3,2,35,80.26,89.59,70.79,10002,Account 10002,2024-01-15,76.29,healthy,3
76.02,40.65,60.77,48,73.42,70.86,75.66,243.25,57.35,17.79,85.07,3.35,65.72,76.83,13,67.32,22,36,4.02,93.88,6.93,325.56,94.72,14,27,3,4.02,63.17,67.84,11.44,2,36,80.12,83.46,75.86,10002,Account 10002,2024-01-15,76.29,healthy,3
88.03,45.62,69.94,48,75.04,68.85,69.57,240.32,57.93,17.72,88.89,3.17,67.54,81.36,13,63.37,21,35,4.06,93.19,6.92,336.62,97.78,14,27,3,4.17,65.63,82.66,14.07,2,35,82.62,84.52,73.41,10002,Account 10002,2024-01-22,75.9,healthy,4
91.91,50.51,70.55,45,75.58,66.46,72.0,226.98,56.65,15.97,86.88,3.45,64.8,76.28,13,66.13,21,35,3.99,88.62,6.77,286.87,100,13,25,3,4.05,65.05,80.35,13.73,2,32,83.75,90.42,75.54,10002,Account 10002,2024-01-29,76.88,healthy,5
88.53,46.47,76.64,42,78.17,67.61,74.69,217.88,53.12,16.41,89.02,3.49,62.21,79.35,13,63.78,21,34,3.88,89.96,7.35,285.81,100,12,24,3,4.24,65.0,84.64,14.55,2,34,82.73,82.7,72.92,10002,Account 10002,2024-01-29,76.88,healthy,5
81.63,45.43,63.47,32,79.57,70.74,74.27,176.18,40.76,11.56,70.82,3.44,65.37,85.3,13,69.4,23,35,4.1,90.73,7.3,222.75,100,10,18,2,4.16,68.51,73.51,13.29,2,25,84.52,84.85,75.49,10002,Account 10002,2024-02-05,79.19,healthy,6
85.29,45.16,65.6,33,73.04,71.87,79.03,179.24,42.61,12.39,67.39,3.63,67.13,84.05,14,68.1,23,35,4.42,90.75,6.99,217.67,100,10,19,2,4.27,66.29,70.7,12.53,2,23,82.31,85.98,77.64,10002,Account 10002,2024-02-05,79.19,healthy,6
83.76,45.6,64.22,23,79.69,70.39,75.22,132.3,28.04,7.88,51.79,3.63,66.46,78.88,14,69.29,23,37,4.42,90.31,7.35,159.77,97.05,7,12,1,4.44,69.21,72.78,14.11,2,15,85.53,86.36,78.77,10002,Account 10002,2024-02-12,81.52,healthy,7
78.9,46.42,64.46,23,75.57,70.76,76.48,128.32,30.02,8.03,52.14,3.63,67.59,84.58,14,70.36,23,40,4.41,91.12,7.5,158.36,99.16,6,11,1,4.57,69.82,73.98,13.95,2,15,83.39,84.59,78.2,10002,Account 10002,2024-02-12,81.52,healthy,7
100,61.72,85.46,23,76.08,73.13,76.57,129.82,28.25,7.99,56.43,3.62,66.68,80.63,14,72.11,23,39,4.46,88.93,7.51,156.32,100,6,12,1,4.49,70.85,99.43,19.26,2,15,84.1,86.66,78.14,10002,Account 10002,2024-02-19,81.48,healthy,8
100,58.96,84.6,24,74.24,71.32,76.77,121.43,31.13,7.99,52.34,3.79,66.12,79.92,14,70.34,23,39,4.49,87.89,7.88,151.67,100,7,11,1,4.29,72.35,100,19.59,2,15,80.27,90.12,79.09,10002,Account 10002,2024-02-19,81.48,healthy,8
100,59.07,90.23,23,76.83,71.44,73.61,121.64,30.17,8.26,52.71,3.8,64.61,86.66,14,72.93,22,36,4.57,91.02,7.4,160.99,100,7,12,1,4.21,73.82,100.0,18.64,2,15,81.38,90.91,79.29,10002,Account 10002,2024-02-19,81.48,healthy,8
82.78,44.93,67.56,21,76.19,72.7,78.79,114.47,26.73,6.97,51.96,3.84,66.59,79.07,14,73.21,24,39,4.54,95.39,7.27,141.46,97.58,6,11,1,4.24,72.21,75.68,14.15,2,14,84.38,86.88,78.19,10002,Account 10002,2024-02-26,81.91,healthy,9
84.74,45.63,69.15,22,74.39,71.58,76.26,122.91,26.12,7.54,49.01,3.69,65.22,81.0,14,73.06,24,39,4.79,94.38,7.54,148.42,100,6,11,1,4.52,75.45,74.83,13.22,2,13,87.01,86.67,80.49,10002,Account 10002,2024-02-26,81.91,healthy,9
80.45,48.96,65.98,21,75.71,74.04,74.24,115.09,26.61,7.67,52.45,3.71,67.66,84.38,14,71.36,24,39,4.83,92.03,7.78,140.29,96.42,6,11,1,4.46,68.85,72.37,13.47,2,14,86.51,87.75,74.33,10002,Account 10002,2024-02-26,81.91,healthy,9
96.15,56.63,75.51,20,75.69,73.83,77.35,114.43,26.5,6.94,47.59,3.65,66.41,87.11,14,75.66,23,37,4.44,88.14,7.53,132.17,100,6,10,1,4.32,71.48,88.66,17.47,2,12,86.29,89.49,76.67,10002,Account 10002,2024-03-04,82.18,healthy,10
93.26,53.65,81.73,21,78.99,76.32,75.63,107.97,25.87,6.56,49.08,3.7,67.14,84.34,14,69.2,24,40,4.73,94.12,7.41,138.46,100,6,10,1,4.26,70.31,90.27,16.13,2,13,84.81,85.17,80.65,10002,Account 10002,2024-03-04,82.18,healthy,10
85.58,51.59,66.34,9,82.39,72.6,77.97,64.59,12.98,3.01,33.56,3.77,71.4,87.14,16,71.84,26,41,4.72,94.73,8.2,64.59,100,3,3,0,4.41,73.72,71.86,15.3,2,4,87.92,87.08,83.27,10002,Account 10002,2024-03-11,84.46,healthy,11
100,96.54,100,20,100,100,95.3,62.44,22.06,4.71,38.36,4.69,78.4,95.16,18,81.97,34,44,9.57,91.26,10.02,124.71,100,6,5,0,4.83,84.88,100,28.78,3,8,100,100,100,10002,Account 10002,2024-03-18,85.14,growth,12
100,90.45,100,10,94.04,100,90.57,99.33,12.4,6.96,42.41,6.18,87.2,93.75,17,91.11,35,48,5.03,96.89,8.1,79.38,100,4,3,0,4.74,76.99,100,29.32,5,6,100,100,100,10002,Account 10002,2024-03-18,85.14,growth,12
100,100,100,16,89.53,100,90.52,131.47,13.81,3.07,47.85,7.45,71.1,91.11,20,84.13,27,48,7.52,96.58,8.75,97.56,100,3,4,0,5.13,87.32,100,56.76,3,7,100,100,100,10002,Account 10002,2024-03-25,85.1,growth,13
100,100,100,12,100,100,100,85.58,18.76,3.95,40.62,7.04,77.74,87.81,21,78.19,38,39,9.37,99.61,10.05,70.11,100,2,7,0,4.86,75.25,100,76.35,3,5,100,100,100,10002,Account 10002,2024-03-25,85.1,growth,13
100,100,100,21,100,97.71,98.23,118.48,14.44,4.13,57.02,5.48,79.81,82.32,22,73.13,39,53,8.44,96.54,12.18,130.45,100,3,5,0,4.79,91.29,100,66.37,6,9,100,100,100,10002,Account 10002,2024-03-25,85.1,growth,13
100,79.44,100,18,92.14,89.76,100,91.41,16.31,7.66,41.29,7.64,86.99,90.43,15,85.78,30,56,8.21,96.19,12.03,141.47,97.39,3,4,0,4.83,90.29,100,33.87,3,6,100,100,100,10002,Account 10002,2024-04-01,85.39,growth,14
100,93.92,100,23,99.59,94.03,100,79.72,24.32,2.58,57.04,6.91,77.87,94.59,21,91.57,29,58,8.91,89.37,9.84,61.64,96.08,6,2,0,4.83,88.5,100,55.87,5,8,100,100,100,10002,Account 10002,2024-04-01,85.39,growth,14
100,100,100,21,100,98.29,100,120.94,29.0,7.34,42.1,5.93,76.72,100,16,94.94,26,42,8.87,96.6,9.86,93.7,95.8,7,8,0,4.76,80.73,100,48.38,6,8,100,100,100,10002,Account 10002,2024-04-01,85.39,growth,14
100,83.02,100,21,91.84,100,99.33,107.51,20.76,7.88,34.85,5.28,89.21,96.86,17,82.02,31,40,6.45,94.01,11.73,51.27,100,5,6,1,4.86,78.02,100,36.66,3,7,100,100,100,10002,Account 10002,2024-04-01,85.39,growth,14
97.15,55.52,83.56,8,82.5,76.92,82.87,53.92,11.85,2.35,31.3,4.13,69.28,80.95,15,71.62,26,39,4.89,88.2,7.94,54.85,99.16,2,3,0,4.63,73.24,89.33,17.24,2,3,83.66,88.0,82.56,10002,Account 10002,2024-04-08,84.77,healthy,15
98.51,59.19,77.28,8,83.66,78.29,79.49,57.07,10.91,2.28,32.06,3.8,71.99,83.97,15,78.25,25,41,5.17,88.7,7.73,54.96,96.84,2,3,0,4.54,73.47,93.21,18.71,2,3,83.24,85.79,82.53,10002,Account 10002,2024-04-08,84.77,healthy,15
100,79.06,100,17,100,100,100,153.07,10.21,2.69,45.7,4.66,83.87,94.44,18,77.3,32,42,8.34,91.87,11.07,49.57,99.76,7,8,0,4.95,76.52,100,40.32,3,8,100,100,100,10002,Account 10002,2024-04-15,85.69,growth,16
100,88.75,98.47,17,100,100,95.14,128.92,10.95,2.17,46.87,7.34,77.94,99.57,21,79.46,28,48,7.16,98.72,10.71,96.73,99.58,4,5,0,4.6,93.2,100,31.23,5,9,100,100,100,10002,Account 10002,2024-04-15,85.69,growth,16
100,88.32,99.58,17,96.99,100,100,100.67,21.39,7.24,39.16,5.78,71.94,95.11,16,78.4,33,48,7.94,92.95,9.82,108.54,97.11,6,4,0,4.6,76.31,100,46.64,6,6,100,100,100,10002,Account 10002,2024-04-15,85.69,growth,16
100,80.85,100,23,100,85.61,100,101.97,26.24,2.16,53.55,6.29,76.09,89.11,18,87.76,30,42,6.88,92.27,11.84,150.66,95.35,4,4,0,5.07,73.46,100,54.31,4,10,100,100,100,10002,Account 10002,2024-04-22,86.2,growth,17
100,90.07,100,13,95.33,93.47,100,83.71,12.53,5.48,30.4,8.29,85.87,90.05,23,73.71,39,40,7.38,92.96,9.94,98.56,100,6,4,1,5.11,92.45,100,46.93,3,4,100,100,100,10002,Account 10002,2024-04-22,86.2,growth,17
100,82.85,100,20,93.69,90.47,99.66,91.53,22.81,5.39,45.97,4.9,79.04,86.32,23,82.11,32,48,5.62,89.9,9.01,78.7,97.34,3,5,1,4.77,80.79,100,32.89,4,7,100,100,100,10002,Account 10002,2024-04-29,88.02,growth,18
100,70.53,87.93,19,100,88.66,94.9,130.89,20.3,3.08,35.68,6.96,77.66,91.13,15,86.13,37,43,5.91,100,14.4,101.26,97.98,6,3,0,4.94,80.51,100,38.03,6,6,100,100,100,10002,Account 10002,2024-04-29,88.02,growth,18
100,95.26,100,9,100,98.58,100,117.0,23.97,6.85,43.34,5.85,68.28,95.16,21,78.44,35,55,7.39,97.22,13.96,110.31,99.26,7,4,1,4.82,83.18,100,68.07,3,10,100,100,100,10002,Account 10002,2024-05-06,87.57,growth,19
100,100,100,11,100,100,98.74,124.97,17.8,7.47,38.65,6.47,76.69,91.08,22,78.3,32,55,9.21,98.08,8.57,116.52,99.01,7,8,1,4.8,79.3,100,37.55,6,7,100,100,99.74,10002,Account 10002,2024-05-06,87.57,growth,19
100,100,100,13,97.0,100,94.94,77.38,20.2,4.48,48.18,4.66,88.31,88.96,18,83.4,29,47,4.96,96.21,8.69,136.12,100,6,6,1,4.64,89.44,100,43.78,6,8,100,100,100,10002,Account 10002,2024-05-06,87.57,growth,19
100,100,100,9,100,94.89,94.69,58.27,18.38,4.76,58.86,5.94,81.37,93.58,17,81.72,29,49,8.19,97.26,11.32,134.26,100,7,5,1,4.74,74.49,100,43.02,3,3,100,100,100,10002,Account 10002,2024-05-06,87.57,growth,19
100,96.29,100,24,89.39,97.82,98.08,76.09,16.93,2.05,44.3,4.5,82.09,85.27,22,90.89,28,39,6.23,99.25,12.01,69.38,96.19,7,6,0,4.65,90.04,100,47.64,6,8,100,100,100,10002,Account 10002,2024-05-13,87.34,growth,20
100,96.45,100,14,100,93.94,97.25,82.24,20.48,6.44,51.55,5.0,90.36,100,15,91.09,31,42,6.3,96.66,10.58,76.09,100,6,3,1,4.45,92.05,100,36.98,5,6,100,100,100,10002,Account 10002,2024-05-13,87.34,growth,20
100,80.18,100,12,100,100,96.9,66.15,18.07,4.89,48.25,5.59,87.65,94.1,23,88.56,30,42,8.41,96.37,8.69,62.66,98.73,6,4,1,4.85,84.28,100,51.52,5,3,100,100,100,10002,Account 10002,2024-05-20,88.87,growth,21
100,100,100,17,100,100,95.23,77.76,14.9,4.3,36.22,5.43,88.99,89.93,20,85.39,35,56,7.54,94.52,10.46,135.11,100,5,4,0,4.41,87.27,100,60.67,6,5,100,100,100,10002,Account 10002,2024-05-20,88.87,growth,21
100,76.42,100,21,100,97.29,100,98.07,29.22,3.22,61.81,5.03,71.95,87.27,17,94.1,37,49,7.48,96.58,11.3,98.04,95.91,4,5,0,4.86,88.99,100,34.18,4,6,100,100,100,10002,Account 10002,2024-05-20,88.87,growth,21
100,100,100,11,100,97.33,96.46,49.62,13.61,5.76,38.33,7.51,80.92,96.16,20,75.8,31,43,9.19,89.8,9.53,113.96,96.24,6,7,0,4.71,94.97,100,44.85,3,8,100,100,100,10002,Account 10002,2024-05-27,88.23,growth,22
100,87.6,98.14,19,100,97.67,91.81,134.01,28.57,2.38,54.51,6.04,80.36,88.97,16,79.39,29,50,9.79,97.74,10.44,80.0,95.32,6,2,1,4.66,86.61,100,39.51,4,9,100,100,100,10002,Account 10002,2024-05-27,88.23,growth,22
100,87.09,100,18,88.86,92.55,100,60.75,21.75,3.12,37.37,7.27,71.37,95.84,15,86.24,35,47,8.9,98.62,14.84,93.36,95.06,6,6,1,4.7,91.52,100,28.4,5,6,100,100,100,10002,Account 10002,2024-06-03,89.85,growth,23
100,73.37,100,10,100,90.69,100,138.19,22.74,5.0,58.37,7.87,79.29,99.66,21,81.8,24,52,6.23,96.15,12.06,116.31,99.65,3,5,0,5.08,93.14,100,48.62,6,3,100,100,100,10002,Account 10002,2024-06-03,89.85,growth,23
100,100,100,12,100,100,93.08,66.11,10.78,8.11,55.47,6.47,85.14,98.57,16,83.39,31,54,5.4,91.09,7.75,107.24,95.07,4,3,1,4.8,86.96,100,28.58,4,6,100,100,100,10002,Account 10002,2024-06-10,91.91,growth,24
100,100,100,16,99.01,100,100,52.4,23.03,5.61,53.56,4.98,84.67,95.31,17,92.52,32,46,8.95,95.01,9.89,128.36,100,6,7,1,5.03,92.33,100,29.29,3,9,100,100,100,10002,Account 10002,2024-06-10,91.91,growth,24
100,100,100,12,93.53,94.96,100,120.03,23.5,5.58,52.23,4.28,77.07,94.65,22,80.72,38,41,4.98,93.03,9.95,121.26,94.95,3,6,0,4.46,78.17,100,29.24,4,7,100,100,100,10002,Account 10002,2024-06-10,91.91,growth,24
100,99.28,100,22,100,96.05,100,145.95,20.72,3.28,55.24,7.45,87.42,97.29,22,77.02,38,55,5.04,95.18,12.21,134.76,100,8,7,0,4.57,92.88,100,54.65,5,8,100,100,100,10002,Account 10002,2024-06-10,91.91,growth,24
100,100,100,22,100,98.78,94.78,63.8,29.81,5.07,39.17,6.67,87.59,94.83,23,89.61,27,48,8.86,92.57,10.45,155.63,100,5,7,1,4.63,78.41,100,70.95,3,5,100,100,100,10002,Account 10002,2024-06-17,92.76,growth,25
100,100,100,19,93.29,92.93,100,123.41,16.88,2.4,54.77,5.93,83.48,89.99,16,72.0,31,41,8.91,96.54,8.56,118.14,99.7,4,6,0,4.95,87.88,100,59.95,5,9,100,100,100,10002,Account 10002,2024-06-17,92.76,growth,25
100,100,100,18,100,95.55,100,78.32,22.46,3.64,34.87,3.83,85.38,99.57,22,86.24,26,50,7.78,95.79,12.24,73.02,100,4,7,1,4.39,87.33,100,37.36,5,7,100,100,100,10002,Account 10002,2024-06-17,92.76,growth,25
100,100,100,14,100,100,100,146.01,15.72,3.06,46.93,4.67,79.25,86.61,22,86.03,27,41,8.73,96.22,13.82,60.64,100,8,7,1,4.3,86.95,100,55.33,4,6,100,100,100,10002,Account 10002,2024-06-24,94.85,growth,26
100,92.15,100,20,100,93.55,100,139.49,21.92,5.81,46.99,4.36,82.42,90.1,23,78.92,27,43,6.55,93.6,13.31,91.71,98.35,7,7,1,4.56,75.58,100,39.43,6,7,100,100,100,10002,Account 10002,2024-06-24,94.85,growth,26
100,100,100,15,100,86.0,97.74,106.22,22.44,4.55,33.36,4.77,73.67,89.57,24,90.11,31,49,9.05,94.36,13.44,79.05,100,7,4,1,4.86,89.98,100,34.69,5,8,100,100,100,10002,Account 10002,2024-07-01,95.93,growth,27
100,100,100,20,92.33,85.52,100,76.69,23.71,3.5,52.92,7.24,77.54,88.42,21,87.13,26,59,9.03,91.28,9.28,112.1,100,6,3,1,4.4,79.58,100,55.56,3,6,100,100,100,10002,Account 10002,2024-07-01,95.93,growth,27
100,100,100,15,95.7,100,100,63.88,11.09,6.9,38.39,5.05,72.73,90.12,25,84.46,40,58,5.75,94.78,9.93,112.18,97.2,3,3,1,4.87,89.15,100,43.8,6,5,100,100,100,10002,Account 10002,2024-07-01,95.93,growth,27
100,96.31,97.51,23,92.95,98.13,100,100.32,27.37,2.56,31.92,5.16,79.08,85.04,20,83.99,36,49,6.0,93.81,11.74,140.88,99.56,3,4,1,4.5,84.8,100,36.91,6,7,100,100,100,10002,Account 10002,2024-07-08,97.53,growth,28
100,74.45,100,12,98.26,100,100,143.25,21.49,2.71,58.23,6.2,92.53,97.34,20,83.48,29,55,6.1,95.27,8.85,98.44,96.32,4,8,0,4.86,95.68,100,27.06,4,9,100,100,100,10002,Account 10002,2024-07-08,97.53,growth,28
100,99.86,92.07,18,100,98.14,92.52,57.1,24.08,2.65,41.6,4.98,69.53,92.6,24,92.51,37,58,7.41,90.99,14.39,62.58,96.82,6,5,0,4.88,75.11,100,49.61,5,5,100,100,100,10002,Account 10002,2024-07-08,97.53,growth,28
100,100,100,16,100,94.14,90.31,145.74,23.85,7.24,49.56,7.95,82.98,86.37,17,78.1,36,53,7.5,95.91,12.92,147.25,100,4,7,1,4.52,86.56,100,56.43,6,9,100,100,100,10002,Account 10002,2024-07-15,98,growth,29
100,100,100,18,100,100,99.99,141.6,14.87,6.05,32.4,5.74,75.08,86.18,23,78.33,38,49,6.44,93.82,8.29,111.17,100,3,4,0,4.9,85.05,100,53.53,5,9,100,100,100,10002,Account 10002,2024-07-15,98,growth,29
100,97.65,100,9,100,100,98.44,68.8,10.67,3.89,44.94,5.93,77.35,95.03,19,81.91,27,48,6.24,92.31,14.3,70.37,96.05,2,7,1,5.06,91.77,100,59.63,6,7,100,100,100,10002,Account 10002,2024-07-15,98,growth,29
100,100,100,14,89.58,93.76,97.44,70.96,15.31,3.14,34.09,6.95,90.15,87.69,19,74.03,36,44,7.12,98.45,12.82,109.7,100,3,6,0,4.85,80.05,100,64.12,5,8,100,100,100,10002,Account 10002,2024-07-15,98,growth,29
100,99.19,91.93,20,96.21,99.37,100,53.51,13.9,8.2,34.34,6.7,80.58,84.44,20,73.02,38,52,8.23,95.92,8.92,51.35,97.11,8,7,1,4.92,87.87,100,47.67,2,3,100,100,100,10002,Account 10002,2024-07-22,97.88,growth,30
100,77.59,100,11,91.19,91.84,100,65.68,24.26,6.35,41.68,4.08,73.56,85.69,15,75.47,37,41,9.49,95.22,7.82,137.51,94.81,5,7,1,4.31,84.74,100,33.96,3,4,100,100,100,10002,Account 10002,2024-07-22,97.88,growth,30
100,82.28,94.84,10,97.73,98.51,100,137.14,19.34,3.96,52.75,5.21,68.77,86.16,20,80.89,31,44,6.03,89.83,9.72,121.02,100,5,4,1,4.75,87.42,100,27.22,3,4,100,100,100,10002,Account 10002,2024-07-29,98,growth,31
100,88.94,100,16,100,100,97.48,110.5,18.14,5.93,41.71,6.58,84.33,84.16,16,78.3,33,52,6.4,97.56,10.71,102.93,95.38,3,4,0,4.89,75.21,100,28.24,5,5,100,100,100,10002,Account 10002,2024-07-29,98,growth,31
100,100,100,20,98.31,96.27,100,96.78,20.22,5.98,37.21,6.54,84.14,87.48,20,85.55,35,55,7.66,88.9,12.23,79.2,98.07,4,5,1,4.48,90.4,100,68.91,5,8,100,100,100,10002,Account 10002,2024-08-05,98,growth,32
100,100,100,13,100,99.31,100,82.25,30.27,3.79,47.48,7.35,77.1,82.52,19,86.38,31,49,9.24,98.23,11.37,107.79,95.9,4,7,1,4.5,96.26,100,64.86,4,3,100,100,100,10002,Account 10002,2024-08-05,98,growth,32
100,100,100,11,100,100,99.03,125.32,13.75,8.08,50.69,4.42,88.85,84.05,18,86.3,35,49,6.19,93.07,14.79,93.22,100,6,5,0,4.8,78.33,100,61.9,3,8,100,100,100,10002,Account 10002,2024-08-05,98,growth,32
100,100,100,13,96.67,100,94.24,60.82,11.65,6.94,44.84,4.78,74.03,90.31,23,81.08,28,40,7.73,94.8,8.21,64.28,98.02,8,5,0,4.63,91.72,100,70.24,4,4,100,100,100,10002,Account 10002,2024-08-05,98,growth,32
100,85.21,100,13,100,100,91.97,58.98,27.32,2.9,57.14,8.03,67.18,90.85,16,85.25,38,47,6.15,91.78,11.7,79.96,98.24,7,3,1,4.68,79.84,100,27.43,5,5,100,100,100,10002,Account 10002,2024-08-12,97.93,growth,33
100,97.42,92.73,8,97.21,99.22,97.95,101.71,29.96,6.84,36.9,7.56,87.41,89.22,20,82.1,26,43,5.78,93.14,10.15,113.39,96.08,4,3,0,4.88,81.26,100,29.5,4,4,100,100,100,10002,Account 10002,2024-08-12,97.93,growth,33
100,70.23,100,8,90.57,100,100,104.62,9.95,3.19,37.88,7.16,69.16,97.97,25,96.08,39,45,8.65,96.21,14.58,121.75,100,5,3,0,4.7,76.62,100,27.77,3,4,100,100,100,10002,Account 10002,2024-08-19,97.57,growth,34
100,69.25,100,9,93.17,91.52,99.74,71.23,10.36,2.03,59.38,5.48,80.58,91.24,16,79.56,31,47,6.85,98.42,11.46,141.8,100,7,8,0,4.94,88.12,100,34.21,4,5,100,100,100,10002,Account 10002,2024-08-19,97.57,growth,34
100,93.37,100,10,93.32,86.34,96.41,117.26,28.72,4.3,43.53,6.54,81.47,90.49,22,89.34,27,40,8.49,96.86,8.79,62.95,100,6,6,1,4.5,98.18,100,43.69,4,4,100,100,100,10002,Account 10002,2024-08-19,97.57,growth,34
100,85.53,99.4,12,94.49,86.09,100,147.6,22.39,5.18,41.79,7.99,79.88,86.71,22,97.13,25,44,9.17,92.36,9.2,62.75,100,3,3,0,4.83,84.1,100,41.93,3,3,100,100,100,10002,Account 10002,2024-08-19,97.57,growth,34
100,100,100,20,99.78,90.29,100,123.4,25.83,5.58,37.04,6.04,86.89,91.27,18,77.76,39,50,4.83,93.96,9.12,130.53,100,2,5,0,4.46,83.24,100,52.85,3,7,100,100,100,10002,Account 10002,2024-08-26,97.92,growth,35
100,98.16,100,20,99.36,99.05,93.16,69.04,18.73,4.51,46.01,7.79,71.17,98.89,19,78.22,29,51,7.49,96.7,11.65,86.83,99.27,3,3,0,4.51,76.74,100,51.89,3,4,100,100,100,10002,Account 10002,2024-08-26,97.92,growth,35
100,100,100,17,100,100,100,131.64,16.42,3.48,29.65,6.9,76.86,84.48,23,92.03,31,60,8.11,96.96,10.91,140.98,100,3,4,0,4.7,80.89,100,32.51,5,7,100,100,99.18,10002,Account 10002,2024-09-02,98,growth,36
100,100,100,18,100,90.44,99.56,133.93,25.38,6.75,46.52,6.3,89.67,87.35,22,86.1,36,48,8.02,89.83,13.02,114.95,100,7,7,1,4.65,82.93,100,50.94,3,9,100,100,100,10002,Account 10002,2024-09-02,98,growth,36
100,88.74,100,10,95.06,95.92,100,68.78,14.56,7.69,52.0,5.45,91.34,94.95,21,88.83,32,56,5.07,93.75,13.41,116.22,100,7,4,1,4.5,89.11,100,43.44,4,7,100,100,100,10002,Account 10002,2024-09-02,98,growth,36
100,89.04,100,24,99.83,97.09,100,131.68,11.5,6.33,31.22,5.66,81.2,94.36,23,85.6,31,58,6.06,94.62,8.84,114.28,97.9,7,3,1,5.03,78.06,100,34.9,6,6,100,100,100,10002,Account 10002,2024-09-09,98,growth,37
100,80.73,100,12,98.63,87.99,94.95,128.22,14.32,3.74,30.84,6.59,84.87,86.55,21,74.62,31,43,7.94,95.31,12.31,80.59,100,4,6,1,5.06,85.57,100,33.08,5,8,100,100,100,10002,Account 10002,2024-09-09,98,growth,37
100,95.46,100,9,92.63,100,100,83.42,12.85,6.03,44.84,6.22,81.35,88.68,21,95.74,33,56,8.17,98.8,13.65,131.35,100,7,7,0,4.59,85.47,100,41.89,4,4,100,100,100,10002,Account 10002,2024-09-16,98,growth,38
100,74.52,100,20,100,100,97.65,108.25,10.97,6.66,60.47,3.95,80.99,87.55,20,85.38,36,45,5.08,89.34,11.15,96.87,94.99,5,8,0,4.7,78.4,100,36.35,6,3,100,100,100,10002,Account 10002,2024-09-16,98,growth,38
100,100,100,13,97.29,88.84,92.66,146.11,29.9,4.05,46.31,6.47,88.88,92.48,25,95.66,40,62,7.35,95.7,13.99,131.34,100,5,7,1,4.87,90.6,100,47.97,5,9,100,100,100,10002,Account 10002,2024-09-23,97.63,growth,39
100,92.65,100,12,100,100,100,67.92,15.02,6.42,55.13,6.77,84.19,93.55,22,76.42,31,58,8.87,91.15,12.33,81.53,96.42,3,4,1,4.76,80.03,100,37.78,3,9,100,100,100,10002,Account 10002,2024-09-23,97.63,growth,39
100,96.51,100,19,95.53,99.52,95.15,141.18,22.52,3.51,48.41,4.33,90.39,96.57,18,91.86,35,41,6.21,99.46,11.14,99.03,100,6,5,1,4.8,80.43,100,24.93,3,5,100,100,100,10002,Account 10002,2024-09-23,97.63,growth,39
100,100,100,9,100,95.32,100,74.18,16.24,7.27,41.94,5.63,69.79,85.37,24,88.66,27,45,9.0,92.09,12.77,87.47,100,5,6,1,4.5,76.54,100,63.23,3,3,100,100,100,10002,Account 10002,2024-09-30,98,growth,40
100,83.66,100,21,100,100,98.37,133.6,18.87,5.55,46.5,4.87,87.95,93.45,21,94.73,32,61,9.17,100,9.23,65.35,100,5,7,0,4.79,84.81,100,57.0,6,4,100,100,100,10002,Account 10002,2024-09-30,98,growth,40
100,100,100,13,100,100,100,119.27,14.69,2.04,47.37,6.5,89.93,89.54,24,74.35,28,42,6.13,91.92,10.24,72.66,99.03,5,7,1,4.77,90.2,100,39.37,4,4,100,100,99.91,10002,Account 10002,2024-10-07,98,growth,41
100,100,100,18,100,98.8,100,64.94,12.37,2.22,48.53,4.31,71.93,87.3,18,79.6,25,51,6.82,99.97,14.45,95.72,97.36,3,6,1,4.98,86.02,100,75.75,6,10,100,100,100,10002,Account 10002,2024-10-07,98,growth,41
100,100,100,20,98.57,100,100,141.94,21.98,2.85,31.52,5.26,81.04,90.31,25,75.64,36,52,5.41,92.52,13.62,103.76,99.73,6,5,0,4.7,94.1,100,67.39,3,10,100,100,98.12,10002,Account 10002,2024-10-07,98,growth,41
100,82.5,100,24,99.04,86.5,100,105.27,10.95,7.57,38.62,6.01,81.27,90.61,15,90.05,30,59,8.8,98.02,12.25,89.77,98.04,2,8,1,4.78,80.43,100,25.42,3,6,100,100,100,10002,Account 10002,2024-10-14,98,growth,42
100,99.8,100,20,100,100,100,100.57,28.47,2.29,39.76,7.2,76.47,86.39,21,87.93,32,52,5.69,93.07,9.91,152.3,100,5,4,1,5.07,77.49,100,32.11,2,4,100,100,100,10002,Account 10002,2024-10-14,98,growth,42
100,99.97,100,9,94.23,100,99.99,87.51,28.75,4.62,57.47,4.58,78.79,84.69,17,87.34,31,44,7.55,97.33,12.91,107.87,96.43,6,6,0,4.99,83.0,100,38.39,4,9,100,100,100,10002,Account 10002,2024-10-14,98,growth,42
100,69.03,100,20,100,96.02,100,64.4,15.11,2.73,32.87,6.86,84.79,93.91,15,81.27,39,59,6.69,87.7,8.28,100.23,100,6,4,0,4.46,83.9,100,50.29,3,6,100,100,100,10002,Account 10002,2024-10-14,98,growth,42
100,65.74,100,8,98.31,100,95.94,67.36,10.14,4.53,56.35,7.26,72.85,92.34,23,77.33,26,58,8.04,93.28,10.47,113.21,100,5,6,1,4.44,83.36,100,44.49,6,5,100,100,100,10002,Account 10002,2024-10-21,98,growth,43
100,65.22,100,20,92.06,100,100,107.77,18.02,2.84,56.51,5.85,76.68,94.03,16,78.68,37,43,5.96,99.05,11.24,82.72,100,5,7,0,4.64,81.41,100,33.72,4,5,100,100,100,10002,Account 10002,2024-10-21,98,growth,43
100,66.65,100,13,99.38,100,100,88.25,25.22,7.32,37.32,6.84,93.17,95.18,19,88.56,24,61,7.3,94.86,11.15,138.99,95.57,3,6,1,4.5,78.69,100,36.31,5,3,100,100,100,10002,Account 10002,2024-10-21,98,growth,43
100,100,100,19,100,100,100,100.15,22.71,6.75,51.78,7.45,77.01,89.03,20,83.79,29,42,7.63,92.53,13.01,129.9,98.8,6,7,0,4.87,95.83,100,55.04,3,4,100,100,100,10002,Account 10002,2024-10-28,97.52,growth,44
100,100,100,16,96.65,87.46,100,123.42,11.29,5.82,59.03,6.38,81.0,91.09,19,96.9,35,57,6.04,89.83,12.39,78.61,97.33,5,5,0,4.86,79.57,100,52.49,3,8,100,100,100,10002,Account 10002,2024-10-28,97.52,growth,44
100,85.12,100,9,100,91.77,98.21,81.18,18.2,8.12,39.1,7.2,76.19,96.02,17,84.48,40,51,7.67,96.41,13.66,152.12,100,3,3,0,4.85,80.78,100,43.11,3,8,100,100,100,10002,Account 10002,2024-10-28,97.52,growth,44
100,100,100,19,100,100,100,110.58,11.62,7.58,50.39,6.39,77.83,83.88,18,79.76,34,57,8.99,97.99,12.79,92.92,100,6,8,1,4.68,80.31,100,62.62,5,5,100,100,100,10002,Account 10002,2024-10-28,97.52,growth,44
100,100,100,8,98.5,100,93.07,128.56,28.47,7.2,33.53,4.39,77.39,88.57,16,73.49,35,55,6.11,97.67,10.53,123.83,100,7,6,0,4.72,84.69,100,27.95,6,7,100,100,99.81,10002,Account 10002,2024-11-04,98,growth,45
100,94.51,93.61,20,100,93.19,100,145.38,21.19,3.56,34.74,5.86,79.88,93.29,20,77.25,38,45,6.49,94.82,9.81,60.04,100,6,4,0,4.75,84.81,100,27.61,3,3,100,100,100,10002,Account 10002,2024-11-04,98,growth,45
100,76.72,100,17,100,89.84,100,98.06,19.79,2.29,52.92,6.37,72.71,85.26,24,83.65,28,57,9.84,98.96,8.52,151.27,98.25,7,4,1,4.53,95.25,100,32.42,4,9,100,100,100,10002,Account 10002,2024-11-04,98,growth,45
100,80.39,100,21,100,100,95.18,101.21,14.03,4.57,37.0,4.18,80.57,90.69,17,75.96,29,50,6.95,100,8.35,54.87,96.52,4,6,0,4.6,82.66,100,31.87,3,3,100,100,100,10002,Account 10002,2024-11-11,97.4,growth,46
100,100,100,13,100,88.11,100,148.76,26.52,8.23,44.5,6.24,89.11,92.39,22,78.88,32,55,8.89,91.48,14.4,118.44,97.8,5,3,0,4.45,89.04,100,37.95,3,6,100,100,100,10002,Account 10002,2024-11-11,97.4,growth,46
100,86.45,100,16,98.05,87.88,98.66,88.13,13.75,3.66,34.62,5.13,76.96,90.44,24,87.72,37,49,5.55,98.05,13.85,109.97,100,6,2,0,4.64,94.39,100,50.82,6,6,100,100,100,10002,Account 10002,2024-11-11,97.4,growth,46
100,100,100,13,100,100,100,84.12,12.27,6.49,47.29,6.58,78.6,95.94,21,74.54,28,40,8.93,93.18,11.45,138.54,98.63,8,5,0,4.66,96.01,100,31.92,6,3,100,100,100,10002,Account 10002,2024-11-18,96.93,growth,47
100,100,100,18,92.71,92.4,100,71.72,20.2,2.63,59.47,5.47,89.6,84.14,17,82.34,29,44,9.18,93.73,8.63,85.5,96.58,6,5,1,4.68,83.2,100,52.43,3,3,100,100,100,10002,Account 10002,2024-11-18,96.93,growth,47
100,89.85,100,14,100,100,100,93.35,27.52,5.43,47.93,8.14,77.24,89.57,16,86.45,35,47,5.3,100,9.78,128.46,100,4,5,0,5.04,93.79,100,39.05,3,7,100,100,100,10002,Account 10002,2024-11-18,96.93,growth,47
100,77.05,99.66,12,92.58,91.39,100,121.06,22.03,8.12,35.72,6.11,84.97,90.69,18,87.11,32,47,7.44,98.8,8.31,101.65,100,3,6,0,4.53,95.19,100,50.25,5,9,100,100,100,10002,Account 10002,2024-11-25,98,growth,48
100,78.46,100,12,93.96,96.34,91.15,68.01,18.0,2.88,47.35,8.19,76.25,93.41,17,83.94,41,43,5.82,90.82,12.68,84.77,100,3,3,1,4.91,83.02,100,40.24,6,4,100,100,99.53,10002,Account 10002,2024-11-25,98,growth,48
100,100,100,21,100,98.4,100,58.0,25.63,5.37,47.61,5.83,88.68,90.94,21,90.82,37,45,7.27,100,8.36,57.11,100,7,8,1,4.66,87.27,100,39.24,4,3,100,100,100,10002,Account 10002,2024-12-02,98,growth,49
100,100,100,18,100,94.23,100,135.86,28.26,6.94,52.46,6.82,81.27,88.62,18,80.61,34,41,7.91,99.86,13.57,78.95,100,3,5,0,4.74,81.34,100,62.22,5,8,100,100,100,10002,Account 10002,2024-12-02,98,growth,49
100,100,100,11,100,95.57,100,65.25,22.32,4.02,50.96,5.73,81.04,92.33,22,98.12,32,51,8.67,95.44,9.49,148.26,97.39,6,6,0,4.99,76.11,100,32.62,3,5,100,100,100,10002,Account 10002,2024-12-02,98,growth,49
100,95.55,100,10,100,83.36,98.58,104.9,22.5,7.19,46.57,4.63,88.01,100,21,89.04,27,60,7.77,92.44,8.4,59.09,99.67,5,8,1,4.89,78.8,100,38.07,6,7,100,100,100,10002,Account 10002,2024-12-02,98,growth,49
100,100,100,14,98.07,100,100,112.14,25.97,5.8,45.71,7.16,82.99,95.27,22,80.76,33,45,6.51,98.25,13.46,147.81,100,4,5,0,4.57,85.01,100,60.74,6,6,100,100,100,10002,Account 10002,2024-12-09,98,growth,50
100,93.51,100,23,96.88,100,92.67,69.08,15.85,4.84,49.51,4.45,80.45,95.56,25,81.92,26,61,8.52,88.41,8.13,83.68,98.73,5,7,1,4.58,81.55,100,48.27,6,7,100,100,100,10002,Account 10002,2024-12-09,98,growth,50
100,100,100,12,91.61,100,100,119.96,12.36,5.7,48.84,4.36,83.6,88.68,20,90.14,32,43,8.87,94.56,10.2,139.41,100,5,3,1,4.96,77.74,100,57.55,3,3,100,100,100,10002,Account 10002,2024-12-09,98,growth,50
100,79.62,100,22,100,100,95.69,124.35,27.08,3.24,36.82,5.45,89.35,91.49,17,88.61,31,54,6.63,97.74,13.09,80.89,98.69,4,3,1,4.91,84.13,100,29.38,5,7,100,100,100,10002,Account 10002,2024-12-16,97.8,growth,51
100,66.58,100,12,100,92.26,100,99.03,15.22,7.28,49.95,5.54,68.4,92.62,18,75.67,39,55,8.07,99.61,12.84,92.25,99.52,8,4,0,4.95,81.68,100,44.63,4,7,100,100,100,10002,Account 10002,2024-12-16,97.8,growth,51
100,82.37,100,23,89.13,95.6,96.61,149.01,10.79,7.85,46.15,6.97,71.52,89.13,17,78.83,35,43,7.56,88.92,13.37,107.94,100,5,6,0,4.85,78.35,100,44.1,3,6,100,100,100,10002,Account 10002,2024-12-23,98,growth,52
100,76.03,100,9,100,88.49,100,74.21,24.3,3.6,43.81,4.49,92.0,95.3,15,81.72,34,52,4.94,99.15,8.54,107.38,96.87,2,5,1,4.8,79.67,100,34.08,3,8,100,100,100,10002,Account 10002,2024-12-23,98,growth,52
80.81,38.33,62.05,50,73.12,64.83,69.24,278.93,66.91,19.01,102.24,3.2,61.02,76.96,13,63.7,21,32,3.98,86.1,7.12,350.29,98.53,15,31,3,4.22,67.78,64.33,10.59,2,40,77.33,83.95,72.29,10003,Account 10003,2024-01-01,75,healthy,1
81.89,40.21,64.55,54,73.9,67.69,72.31,264.02,67.96,19.32,101.56,3.21,67.15,78.19,13,63.25,20,33,3.73,84.98,6.75,349.65,95.08,15,29,3,3.99,66.82,69.13,10.55,2,41,82.16,82.62,69.6,10003,Account 10003,2024-01-01,75,healthy,1
76.47,38.24,64.14,54,75.17,64.87,74.65,261.82,66.33,20.21,102.84,3.08,66.76,79.74,13,65.63,20,35,3.61,88.77,6.75,343.3,95.79,15,30,3,4.07,63.64,63.79,10.71,2,40,81.77,82.22,75.18,10003,Account 10003,2024-01-08,74.85,healthy,2
78.77,39.19,62.45,50,76.58,66.39,75.25,260.75,63.26,18.34,95.41,3.08,66.59,79.01,13,66.47,22,34,3.64,84.86,6.63,330.54,99.65,16,28,3,3.99,66.19,66.7,10.67,2,37,76.99,89.38,70.03,10003,Account 10003,2024-01-15,75.13,healthy,3
94.21,47.15,75.86,46,73.09,68.37,72.61,238.08,60.73,17.54,89.0,3.43,67.75,78.3,13,67.28,21,36,4.15,88.83,7.03,316.8,95.08,14,27,3,4.17,63.4,79.99,14.02,2,34,77.22,82.89,73.13,10003,Account 10003,2024-01-22,76.28,healthy,4
90.74,49.8,71.37,47,77.42,66.4,76.05,253.31,58.59,16.67,88.57,3.44,63.29,78.55,12,65.49,22,37,4.08,91.91,6.96,309.65,100,14,27,3,4.11,69.52,80.99,13.58,2,34,75.9,82.42,73.91,10003,Account 10003,2024-01-22,76.28,healthy,4
81.49,44.26,64.5,36,72.56,69.62,77.88,200.55,45.43,13.12,71.49,3.55,65.29,81.12,13,70.52,22,36,4.24,90.14,7.24,245.53,99.94,11,20,2,4.17,68.43,67.24,12.21,2,26,82.66,83.41,76.4,10003,Account 10003,2024-01-29,78.57,healthy,5
82.17,43.98,68.56,26,79.64,70.11,77.24,154.44,34.79,9.58,57.52,3.49,67.04,83.04,14,72.13,22,38,4.37,86.57,7.47,190.72,100,8,15,1,4.29,68.81,69.6,12.6,2,18,80.98,91.2,75.01,10003,Account 10003,2024-02-05,80.54,healthy,6
78.88,45.15,65.44,24,78.27,74.14,79.88,135.15,31.92,8.15,57.26,3.56,67.96,82.91,13,70.66,24,39,4.57,93.37,7.37,166.4,95.3,7,12,1,4.49,70.96,73.28,13.84,2,16,81.06,84.83,73.17,10003,Account 10003,2024-02-12,81.24,healthy,7
84.29,44.93,68.23,25,74.11,74.78,80.74,128.69,30.38,8.09,55.74,3.68,64.65,79.98,14,71.27,24,37,4.36,94.93,7.26,157.08,100,7,13,1,4.48,70.16,74.11,13.13,2,16,85.69,89.23,73.2,10003,Account 10003,2024-02-12,81.24,healthy,7
81.29,44.59,64.53,23,76.78,70.37,76.33,130.53,30.16,8.07,52.91,3.52,67.03,83.6,14,70.75,23,37,4.32,86.62,7.82,165.85,96.83,7,12,1,4.41,72.15,73.22,13.43,2,16,85.83,92.16,76.45,10003,Account 10003,2024-02-12,81.24,healthy,7
81.69,44.87,66.04,26,75.09,74.35,74.07,143.58,32.69,9.52,61.4,3.68,69.63,80.85,14,73.72,22,39,4.32,95.32,7.85,180.21,98.16,8,14,1,4.25,71.42,72.5,13.2,2,18,79.13,92.18,75.84,10003,Account 10003,2024-02-19,80.71,healthy,8
79.07,45.83,69.82,27,74.65,72.11,77.77,145.43,33.91,9.86,56.79,3.48,68.09,83.95,13,68.32,24,36,4.47,87.78,7.49,172.89,99.44,8,14,1,4.34,70.68,68.38,13.66,2,19,85.66,89.46,72.7,10003,Account 10003,2024-02-26,80.65,healthy,9
82.01,46.62,65.35,28,80.74,68.43,76.76,140.37,35.02,9.45,58.52,3.64,68.92,81.14,14,69.69,24,37,4.3,88.85,7.8,188.56,98.98,7,14,1,4.4,74.17,72.53,13.41,2,18,79.71,85.37,76.53,10003,Account 10003,2024-02-26,80.65,healthy,9
84.49,46.93,65.29,26,74.75,71.65,73.48,140.27,35.66,9.35,59.92,3.63,68.18,79.82,13,73.75,22,38,4.28,90.41,7.21,187.46,94.76,8,14,1,4.36,69.98,72.54,13.36,2,18,85.57,85.56,76.5,10003,Account 10003,2024-02-26,80.65,healthy,9
83.15,45.79,68.09,26,74.71,73.97,79.12,144.75,33.96,9.22,61.21,3.75,68.82,84.75,15,73.12,23,36,4.41,86.78,7.74,172.97,99.21,7,14,1,4.46,68.88,73.52,13.51,2,18,85.95,84.24,74.28,10003,Account 10003,2024-03-04,80.8,healthy,10
94.01,52.88,78.73,24,75.02,71.06,73.09,134.77,30.57,9.13,54.36,3.52,64.83,81.76,14,69.27,24,39,4.39,87.09,7.37,168.55,94.45,7,13,1,4.27,68.37,89.38,16.64,2,17,80.98,87.56,73.22,10003,Account 10003,2024-03-11,81.08,healthy,11
95.98,52.99,77.47,24,74.77,73.42,77.02,136.49,32.08,8.57,55.6,3.85,69.66,85.26,14,72.44,24,39,4.54,89.65,7.16,162.42,100,7,12,1,4.5,69.8,82.87,16.65,2,16,82.9,88.3,77.4,10003,Account 10003,2024-03-11,81.08,healthy,11
81.33,45.85,65.62,22,75.44,69.22,76.28,125.85,29.42,7.32,52.25,3.83,65.33,84.54,14,74.89,23,38,4.54,88.38,7.46,141.75,95.73,6,11,1,4.21,74.81,74.35,14.2,2,15,85.14,87.81,79.27,10003,Account 10003,2024-03-18,81.73,healthy,12
87.08,49.25,65.89,19,79.9,70.0,74.04,114.64,25.23,7.08,47.28,3.61,70.03,82.16,15,70.16,23,40,4.69,88.34,7.73,130.8,95.61,6,10,1,4.57,70.88,76.07,13.91,2,12,86.54,88.97,79.98,10003,Account 10003,2024-03-25,82.17,healthy,13
92.07,57.81,78.41,16,75.06,72.08,79.19,92.01,21.34,5.22,41.9,3.73,66.17,86.51,15,70.0,23,40,4.93,94.26,8.01,113.91,96.09,5,8,1,4.42,75.52,90.77,17.49,2,10,84.54,86.75,81.26,10003,Account 10003,2024-04-01,82.99,healthy,14
83.38,46.23,66.37,17,81.97,69.67,81.28,95.77,21.61,5.75,47.24,3.89,66.29,86.56,14,75.3,24,40,4.91,92.74,7.95,118.61,96.04,5,8,1,4.55,70.47,70.36,13.69,2,11,84.7,91.28,79.46,10003,Account 10003,2024-04-08,82.76,healthy,15
80.7,46.01,68.8,17,76.73,75.15,74.81,101.88,22.63,5.69,43.81,3.83,69.01,86.51,15,70.91,25,38,4.5,88.38,7.74,122.25,99.4,5,8,1,4.22,75.1,70.88,13.51,2,11,87.6,92.41,79.06,10003,Account 10003,2024-04-08,82.76,healthy,15
86.82,48.96,72.45,11,77.72,71.54,82.56,62.81,14.56,3.13,35.61,3.85,66.41,85.66,14,75.51,24,39,4.82,94.09,7.53,71.18,100,3,4,0,4.52,70.67,74.86,15.08,2,5,87.78,89.47,81.19,10003,Account 10003,2024-04-15,84.27,healthy,16
84.26,50.0,66.23,11,82.51,74.79,82.88,69.23,14.2,3.32,34.68,3.75,66.36,87.99,14,75.7,24,41,4.76,90.4,8.01,71.01,98.5,3,4,0,4.29,77.57,75.18,14.05,2,5,82.3,88.38,75.53,10003,Account 10003,2024-04-15,84.27,healthy,16
82.31,50.35,66.64,10,82.22,76.8,81.42,69.21,13.92,3.4,35.85,3.94,68.78,81.2,15,75.49,25,39,4.93,96.14,8.12,74.77,100,3,4,0,4.59,73.89,74.53,14.44,2,5,86.13,86.45,80.61,10003,Account 10003,2024-04-15,84.27,healthy,16
100,100,100,10,95.61,96.84,93.99,59.14,13.58,3.74,56.35,5.18,91.07,90.37,15,79.69,30,55,6.59,96.46,13.88,77.97,100,3,2,0,4.58,78.64,100,58.71,6,9,100,100,100,10003,Account 10003,2024-04-22,85.92,growth,17
100,100,100,15,97.19,100,95.87,136.64,16.2,3.45,36.63,7.01,84.51,92.59,18,78.81,34,47,8.08,95.88,13.64,117.31,100,4,5,1,4.6,82.67,100,44.01,6,4,100,100,100,10003,Account 10003,2024-04-22,85.92,growth,17
100,100,100,15,100,86.01,100,131.89,11.49,7.83,57.73,4.02,87.23,90.12,16,82.65,37,59,7.13,94.8,13.47,121.09,100,6,4,0,4.89,87.5,100,59.58,3,8,100,100,100,10003,Account 10003,2024-04-22,85.92,growth,17
100,98.55,100,22,88.33,95.63,100,79.54,27.62,4.37,31.56,6.88,67.65,83.22,22,91.7,29,57,5.16,92.21,9.62,79.43,100,7,7,0,4.91,71.81,100,70.82,6,8,100,100,100,10003,Account 10003,2024-04-22,85.92,growth,17
100,98.51,100,9,97.83,100,100,53.96,11.75,2.42,44.43,7.22,88.71,90.26,22,90.98,30,40,9.87,90.53,12.48,138.11,95.34,6,6,1,4.77,81.36,100,47.41,6,8,100,100,100,10003,Account 10003,2024-04-29,86.95,growth,18
100,94.34,100,12,100,88.45,93.41,89.38,29.33,4.92,36.82,6.37,90.06,85.83,19,82.95,35,41,8.6,96.45,12.45,111.68,100,4,4,0,4.39,83.75,100,69.13,3,9,100,100,100,10003,Account 10003,2024-04-29,86.95,growth,18
100,100,100,20,100,95.19,90.95,62.73,22.23,8.0,46.9,6.54,79.63,94.87,22,76.73,33,58,8.45,95.72,10.72,73.56,100,4,4,1,4.91,95.51,100,44.18,6,8,100,100,100,10003,Account 10003,2024-04-29,86.95,growth,18
100,67.83,100,23,94.22,84.93,100,153.02,14.83,2.16,43.61,5.09,80.02,90.7,23,84.75,26,52,8.64,91.35,11.46,51.83,100,3,7,1,4.77,79.05,100,36.65,5,5,100,100,100,10003,Account 10003,2024-05-06,88.78,growth,19
100,93.2,94.48,18,100,89.02,100,101.6,21.12,3.57,47.04,5.13,76.83,83.77,17,98.5,41,47,5.56,100,14.52,74.78,96.58,4,3,0,5.11,86.95,100,36.06,6,3,100,100,100,10003,Account 10003,2024-05-06,88.78,growth,19
100,72.11,95.73,12,96.72,97.17,97.03,113.51,28.77,4.22,42.23,5.94,84.65,85.54,23,82.27,30,50,5.34,94.81,9.49,96.99,97.22,6,6,0,4.55,73.14,100,40.84,3,8,100,100,100,10003,Account 10003,2024-05-13,91.08,growth,20
100,99.29,95.5,22,100,100,100,98.78,27.12,2.91,50.59,5.52,70.61,89.17,17,90.88,37,42,8.95,93.43,9.19,94.79,100,8,6,1,4.66,89.4,100,36.82,5,6,100,100,100,10003,Account 10003,2024-05-13,91.08,growth,20
100,79.37,100,18,95.39,83.12,100,117.95,18.7,5.96,40.05,7.88,89.81,88.29,18,88.67,39,49,6.31,98.91,8.08,135.82,95.54,4,4,0,4.97,96.37,96.13,36.05,5,4,100,100,100,10003,Account 10003,2024-05-20,90.42,growth,21
100,73.0,95.84,17,94.3,100,100,126.13,12.75,2.61,33.43,5.18,77.49,100,22,80.14,28,52,10.04,91.41,11.86,83.78,100,8,4,1,4.95,84.22,94.83,20.78,6,10,100,100,100,10003,Account 10003,2024-05-20,90.42,growth,21
100,97.64,100,21,100,90.95,98.25,107.5,24.52,6.94,47.48,5.29,74.61,90.0,16,83.91,31,51,5.82,95.68,12.64,99.1,96.43,7,7,1,5.09,79.24,100,34.85,5,8,100,100,100,10003,Account 10003,2024-05-27,90.53,growth,22
100,89.48,100,9,100,100,100,72.52,12.78,2.48,54.0,6.28,83.57,89.62,25,80.16,34,48,9.92,94.47,10.08,138.92,98.35,4,4,1,4.67,74.45,100,27.11,6,5,100,100,100,10003,Account 10003,2024-05-27,90.53,growth,22
100,100,100,17,100,97.59,100,84.83,30.56,2.99,37.95,7.35,86.46,91.21,21,79.61,36,43,6.44,94.71,11.31,62.55,94.92,5,5,1,4.71,89.53,100,39.47,5,5,100,100,100,10003,Account 10003,2024-05-27,90.53,growth,22
100,72.85,100,14,100,87.05,89.49,139.59,15.81,4.15,59.59,3.94,87.19,92.26,22,75.48,38,56,6.14,93.14,12.43,137.27,99.75,5,6,1,4.73,85.37,100,49.22,4,4,100,100,99.24,10003,Account 10003,2024-05-27,90.53,growth,22
100,89.09,95.37,15,95.29,90.04,100,112.29,10.62,3.04,41.19,5.67,87.98,87.28,22,85.19,25,42,9.33,91.52,13.8,143.11,100,6,6,0,4.71,93.29,100,23.64,5,9,100,100,100,10003,Account 10003,2024-06-03,90.94,growth,23
100,67.53,100,19,100,100,95.26,110.1,26.05,8.08,59.24,6.65,73.71,93.67,20,93.0,38,54,7.85,93.29,8.16,92.14,100,6,8,0,4.94,82.32,100,26.83,3,6,100,100,100,10003,Account 10003,2024-06-03,90.94,growth,23
100,100,100,21,100,100,100,92.98,10.94,7.11,39.17,3.91,77.35,98.45,19,85.35,37,52,7.16,88.5,14.58,121.08,98.28,8,3,0,4.71,87.83,100,51.98,5,2,100,100,100,10003,Account 10003,2024-06-10,92.68,growth,24
100,88.89,100,10,100,88.95,100,67.53,25.02,5.75,35.52,6.66,87.12,88.84,21,86.61,28,53,5.24,99.23,11.94,139.43,96.52,3,7,1,4.35,80.52,100,60.29,5,3,100,100,100,10003,Account 10003,2024-06-10,92.68,growth,24
100,100,100,22,96.84,90.78,97.15,66.26,23.42,6.29,45.22,4.37,87.47,90.87,19,89.91,38,53,9.3,94.92,8.21,136.42,100,7,8,1,4.76,82.66,100,61.62,3,6,100,100,100,10003,Account 10003,2024-06-17,92.41,growth,25
100,88.42,100,13,97.38,96.21,100,140.15,23.01,5.56,38.59,7.67,77.05,85.45,25,89.17,32,43,10.11,99.07,10.41,71.98,97.99,4,2,1,4.81,87.54,100,52.47,3,4,100,100,100,10003,Account 10003,2024-06-17,92.41,growth,25
100,100,100,23,100,100,89.46,72.87,25.43,3.31,50.74,5.04,81.92,92.64,15,79.22,34,43,8.07,99.68,14.88,132.66,98.58,7,6,0,4.67,89.48,100,45.47,6,6,100,100,100,10003,Account 10003,2024-06-17,92.41,growth,25
100,84.41,100,20,92.5,96.91,100,105.77,20.52,6.77,58.67,6.08,77.63,92.55,15,91.93,37,50,9.32,99.12,8.75,115.86,94.77,3,7,1,4.96,75.93,100,31.62,5,5,100,100,100,10003,Account 10003,2024-06-17,92.41,growth,25
100,69.87,95.33,16,100,100,100,87.26,25.62,6.7,45.05,6.48,70.49,98.39,20,88.35,35,50,5.63,100,13.98,66.27,100,4,7,1,4.97,90.3,100,34.82,6,9,100,100,100,10003,Account 10003,2024-06-24,93.8,growth,26
100,76.89,91.58,9,98.58,99.68,100,83.55,16.45,7.39,35.82,6.6,88.13,91.2,16,87.72,31,46,6.04,94.09,13.26,130.36,96.73,7,6,0,4.91,89.7,98.32,21.1,6,3,100,100,100,10003,Account 10003,2024-06-24,93.8,growth,26
96.64,64.12,86.7,9,91.65,100,100,126.74,22.92,5.44,46.18,4.12,81.24,91.07,21,78.11,28,40,9.1,95.29,11.78,113.91,94.94,8,5,1,4.82,80.38,100,30.31,5,5,100,100,100,10003,Account 10003,2024-06-24,93.8,growth,26
100,83.64,100,14,100,100,100,63.54,13.05,6.6,54.78,4.23,87.14,91.24,22,85.9,28,47,8.99,89.76,11.92,122.9,96.8,4,8,1,4.82,82.68,100,57.49,3,3,100,100,100,10003,Account 10003,2024-07-01,93.31,growth,27
100,100,100,10,100,100,100,133.05,13.84,4.1,58.12,6.5,74.0,85.88,20,90.2,37,43,8.55,92.38,10.58,53.3,94.83,5,5,1,4.66,73.15,100,57.56,4,7,100,100,100,10003,Account 10003,2024-07-01,93.31,growth,27
100,80.41,100,13,100,97.84,98.22,95.25,22.74,4.46,44.67,6.82,77.83,92.24,25,94.94,26,41,8.58,92.54,10.23,50.98,100,4,6,1,4.94,76.68,100,43.83,6,9,100,100,100,10003,Account 10003,2024-07-08,93.35,growth,28
100,100,100,10,100,99.78,100,116.78,13.66,6.68,47.73,4.33,87.08,99.29,17,93.86,26,47,10.01,92.53,15.26,107.67,99.84,4,2,0,4.97,79.15,100,30.95,6,2,100,100,100,10003,Account 10003,2024-07-08,93.35,growth,28
100,87.32,100,21,94.22,99.01,94.03,128.88,22.76,4.68,31.23,5.39,86.23,96.16,17,96.07,28,51,7.77,91.48,13.29,136.96,100,3,4,0,4.97,89.23,100,57.67,3,4,100,100,100,10003,Account 10003,2024-07-08,93.35,growth,28
100,84.29,100,11,100,85.59,94.63,82.6,19.33,7.9,56.99,7.43,89.77,87.44,20,85.37,40,43,5.46,95.69,9.47,67.66,99.43,5,5,1,5.06,75.55,100,59.6,4,7,100,100,100,10003,Account 10003,2024-07-08,93.35,growth,28
100,63.07,85.61,21,96.21,100,100,64.93,19.23,5.68,46.49,6.28,84.38,90.23,18,93.91,27,46,7.34,92.68,11.08,71.66,100,3,7,0,4.71,92.33,100,26.46,4,5,100,100,100,10003,Account 10003,2024-07-15,93.41,growth,29
100,63.28,100,9,89.45,92.21,95.87,139.92,22.45,5.46,31.61,5.09,91.58,88.42,20,82.53,32,53,5.81,95.9,9.02,95.66,96.77,2,2,1,4.54,92.12,91.5,39.24,3,6,100,100,100,10003,Account 10003,2024-07-15,93.41,growth,29
100,100,100,18,100,94.84,100,125.93,16.65,2.73,57.0,5.04,72.78,90.69,20,93.97,30,54,9.4,100,8.73,127.93,98.7,5,5,0,4.46,78.84,100,57.65,4,5,100,100,100,10003,Account 10003,2024-07-22,93.5,growth,30
100,100,100,13,93.26,100,100,136.29,25.64,5.0,54.21,5.79,90.83,96.69,15,88.45,33,50,9.77,89.32,14.33,120.57,94.83,3,3,0,4.83,74.83,100,39.0,6,10,100,100,100,10003,Account 10003,2024-07-22,93.5,growth,30
100,100,100,25,90.89,89.05,100,120.53,28.46,2.97,36.27,5.88,77.5,93.59,22,78.09,32,50,6.19,96.19,10.06,73.32,98.18,5,4,0,4.81,85.89,100,59.12,6,10,100,100,100,10003,Account 10003,2024-07-29,94.34,growth,31
100,90.21,100,17,100,91.69,97.35,78.44,26.4,7.34,47.61,4.61,73.61,84.7,15,85.03,29,54,9.5,91.45,9.47,112.73,99.74,6,5,0,4.72,84.84,100,36.29,3,5,100,100,100,10003,Account 10003,2024-07-29,94.34,growth,31
100,100,100,11,98.28,100,94.46,113.16,10.4,6.94,61.52,7.56,90.53,92.02,19,82.01,25,53,8.12,99.96,14.57,62.97,95.89,3,7,0,4.51,89.37,100,69.07,4,8,100,100,100,10003,Account 10003,2024-07-29,94.34,growth,31
100,100,100,24,100,100,100,70.98,14.3,4.17,46.16,6.68,75.05,87.96,23,86.91,24,59,8.16,95.33,13.41,72.52,100,5,3,1,4.67,74.15,100,66.19,4,3,100,100,100,10003,Account 10003,2024-07-29,94.34,growth,31
100,66.39,100,24,91.82,97.86,99.94,62.3,22.35,2.12,47.25,6.6,86.52,88.75,23,78.37,29,44,8.63,97.45,10.57,75.81,100,8,2,0,4.43,89.47,100,23.82,6,7,100,100,100,10003,Account 10003,2024-08-05,94.67,growth,32
100,97.87,98.74,10,100,100,100,82.52,30.64,6.14,34.32,7.05,85.39,89.61,20,93.15,34,44,5.97,95.55,10.74,87.44,98.85,2,7,0,4.65,90.5,100,46.34,5,4,100,100,100,10003,Account 10003,2024-08-05,94.67,growth,32
100,97.23,100,15,99.83,94.51,100,73.32,19.13,7.27,36.88,4.32,68.97,95.47,16,89.58,38,46,9.57,90.47,12.72,135.9,95.45,4,4,0,4.56,92.47,100,30.64,4,6,100,100,98.79,10003,Account 10003,2024-08-12,96.66,growth,33
100,81.56,100,19,95.64,93.03,100,58.2,24.33,6.57,31.06,6.65,89.53,87.26,23,82.37,37,50,6.55,96.72,9.8,122.14,100,3,6,1,4.86,89.37,100,40.15,3,9,100,100,100,10003,Account 10003,2024-08-12,96.66,growth,33
100,77.3,100,20,100,100,100,86.96,23.32,4.84,31.2,6.4,84.14,91.4,26,85.81,35,49,9.89,95.53,10.58,75.17,100,7,7,0,4.92,87.65,100,51.66,4,9,100,100,100,10003,Account 10003,2024-08-12,96.66,growth,33
100,86.02,99.48,21,100,100,97.66,116.99,27.24,6.23,33.65,5.87,78.87,84.47,19,83.15,29,54,5.74,98.05,8.34,117.1,95.01,7,3,0,4.83,93.93,100,33.94,6,7,100,100,100,10003,Account 10003,2024-08-19,98,growth,34
100,78.69,100,24,97.58,100,94.99,103.09,13.13,5.18,53.72,5.94,80.55,84.37,20,76.2,40,54,5.19,100,12.16,109.66,100,2,5,1,4.81,82.2,100,45.03,6,9,100,100,100,10003,Account 10003,2024-08-19,98,growth,34
100,89.86,100,21,97.54,89.75,98.89,102.54,20.77,5.59,59.63,4.16,74.81,86.23,23,85.57,36,57,5.98,96.92,14.12,90.71,100,4,6,0,4.79,89.1,100,31.54,4,10,100,100,100,10003,Account 10003,2024-08-26,98,growth,35
100,77.72,100,14,100,99.59,100,95.82,14.24,4.32,40.39,7.68,85.26,88.42,19,90.54,38,61,8.92,99.71,12.0,92.72,98.8,7,5,0,4.35,77.37,100,29.53,7,6,100,100,100,10003,Account 10003,2024-08-26,98,growth,35
100,100,100,18,92.9,100,100,130.53,18.9,5.47,41.29,6.03,85.18,85.37,15,82.31,29,56,7.58,89.46,13.33,83.65,100,8,7,1,4.79,82.3,100,26.71,6,6,100,100,100,10003,Account 10003,2024-08-26,98,growth,35
100,100,100,18,100,96.3,100,86.8,17.07,4.58,61.72,5.08,71.33,92.51,16,83.76,35,44,9.13,96.16,11.36,77.45,94.84,5,3,0,4.62,94.87,100,63.62,4,4,100,100,100,10003,Account 10003,2024-09-02,97.62,growth,36
100,94.1,100,16,93.08,92.94,91.14,107.28,29.31,5.06,35.76,7.41,84.29,85.3,15,75.07,37,44,8.42,93.36,9.89,152.85,97.77,7,2,1,4.66,93.6,100,51.48,4,9,100,100,100,10003,Account 10003,2024-09-02,97.62,growth,36
100,100,100,9,100,95.26,91.8,90.54,12.35,5.13,55.4,5.51,80.84,95.84,24,81.75,39,54,5.59,94.91,12.4,85.7,97.7,7,5,1,5.07,78.03,100,73.24,5,6,100,100,100,10003,Account 10003,2024-09-02,97.62,growth,36
100,95.04,100,15,96.86,84.29,100,77.56,28.17,4.39,51.8,4.36,70.92,90.57,23,89.3,32,51,8.98,96.96,14.28,66.16,98.4,4,3,0,4.83,84.72,100,63.23,4,7,100,100,100,10003,Account 10003,2024-09-02,97.62,growth,36
100,100,100,24,100,99.65,100,107.4,13.01,6.88,53.89,5.81,77.35,84.3,20,78.7,34,59,8.4,95.51,9.3,101.01,100,5,4,0,4.9,83.2,100,41.58,4,6,100,100,100,10003,Account 10003,2024-09-09,97.5,growth,37
100,94.47,100,17,100,100,99.82,123.02,23.5,4.82,61.56,5.47,68.9,93.65,21,82.6,29,57,5.63,100,9.18,90.56,100,5,7,0,4.92,85.46,100,41.62,5,3,100,100,100,10003,Account 10003,2024-09-09,97.5,growth,37
100,100,100,10,100,100,100,142.5,17.63,5.59,43.68,7.35,87.31,93.29,15,82.93,29,56,5.2,90.5,13.06,107.47,100,6,2,1,5.04,85.53,100,48.01,6,5,100,100,100,10003,Account 10003,2024-09-09,97.5,growth,37
100,100,100,8,100,90.48,99.27,103.57,11.98,7.58,36.73,7.26,85.9,93.91,17,83.71,37,44,6.61,97.9,9.04,85.26,98.01,7,3,0,4.84,90.58,100,61.65,5,10,100,100,100,10003,Account 10003,2024-09-09,97.5,growth,37
100,84.26,100,12,100,94.42,100,81.95,11.61,2.24,41.67,3.84,68.77,84.95,22,78.17,38,59,7.11,98.21,12.61,67.26,99.9,3,4,1,4.75,92.59,100,41.76,4,8,100,100,100,10003,Account 10003,2024-09-16,98,growth,38
100,100,100,8,94.19,91.24,97.5,119.92,27.9,8.06,51.29,3.86,77.04,87.32,20,88.67,27,47,9.08,93.62,10.22,101.66,100,7,6,0,4.54,95.13,100,30.24,5,7,100,100,100,10003,Account 10003,2024-09-16,98,growth,38
100,84.89,100,23,100,90.13,100,106.93,11.69,6.86,43.38,5.53,81.73,91.78,21,78.13,39,52,8.91,98.79,14.73,89.51,98.05,8,6,0,5.2,86.53,100,44.73,4,6,100,100,100,10003,Account 10003,2024-09-23,98,growth,39
100,90.01,100,15,97.57,90.34,100,133.48,11.35,5.83,33.33,5.18,85.1,89.86,18,89.83,32,50,5.61,98.36,14.33,117.23,99.78,5,3,0,4.79,77.38,100,37.34,3,7,100,100,100,10003,Account 10003,2024-09-23,98,growth,39
100,78.03,100,11,99.74,91.28,100,97.47,17.94,2.42,37.01,6.97,78.04,87.11,20,91.74,35,45,5.57,92.58,11.56,126.37,100,6,6,0,4.66,98.39,100,44.28,3,4,100,100,100,10003,Account 10003,2024-09-23,98,growth,39
100,55.79,90.49,13,98.91,100,100,98.68,24.49,7.33,56.16,6.69,89.41,95.16,23,90.17,32,47,8.76,94.53,10.89,105.89,99.67,5,3,0,4.88,87.11,100,32.25,3,10,100,100,100,10003,Account 10003,2024-09-30,98,growth,40
100,86.19,78.98,20,100,94.73,95.53,104.15,27.82,7.26,58.09,5.48,81.39,95.55,17,90.12,27,40,8.52,95.89,11.45,94.37,98.6,5,7,0,4.53,92.44,100,20.83,4,7,100,100,97.92,10003,Account 10003,2024-09-30,98,growth,40
99.86,76.54,88.24,9,93.66,92.99,97.59,129.76,15.19,3.67,34.16,4.49,83.57,89.0,22,94.46,31,47,8.11,92.21,13.45,133.53,97.16,3,8,0,4.64,86.65,100,31.76,5,9,100,100,100,10003,Account 10003,2024-09-30,98,growth,40
100,68.41,100,24,100,100,90.92,60.89,27.82,4.01,40.96,7.66,82.35,90.9,17,85.15,30,56,7.99,91.14,12.61,90.08,100,7,3,1,5.01,91.04,100,40.74,3,8,100,100,100,10003,Account 10003,2024-10-07,98,growth,41
100,92.77,100,8,90.72,98.29,93.75,107.82,14.51,3.41,35.19,7.13,78.53,93.15,19,91.81,30,43,7.81,94.51,10.34,109.3,100,7,6,1,4.68,80.67,100,51.92,4,9,100,100,100,10003,Account 10003,2024-10-07,98,growth,41
100,100,100,15,100,100,99.51,124.2,23.01,3.52,43.56,7.17,77.37,86.57,17,86.44,34,60,6.8,94.55,14.57,90.08,97.79,4,8,0,4.98,89.48,100,41.57,3,10,100,100,100,10003,Account 10003,2024-10-14,97.93,growth,42
100,75.75,100,11,96.96,98.02,97.86,131.89,25.17,5.6,52.31,5.3,74.82,88.28,25,92.49,33,48,5.79,91.71,12.4,81.9,99.62,6,8,0,4.51,82.38,100,30.29,5,9,100,100,100,10003,Account 10003,2024-10-14,97.93,growth,42
100,86.62,100,13,100,95.64,100,143.18,27.7,3.83,59.26,4.9,76.01,98.56,19,82.14,33,60,5.75,94.92,13.3,51.13,100,4,4,0,4.63,88.38,100,36.28,6,7,100,100,100,10003,Account 10003,2024-10-21,98,growth,43
100,91.18,100,22,94.82,88.3,100,71.24,30.37,7.6,57.68,7.93,82.69,99.65,20,82.66,32,48,8.3,95.75,12.83,116.1,100,5,6,0,4.76,82.9,100,46.77,5,9,100,100,98.31,10003,Account 10003,2024-10-21,98,growth,43
100,86.07,100,17,88.44,85.86,100,131.5,25.28,8.04,43.58,7.29,82.16,99.07,15,84.2,32,43,10.21,100,9.02,66.92,96.09,7,6,1,4.97,89.48,100,39.58,5,3,100,100,100,10003,Account 10003,2024-10-21,98,growth,43
100,100,100,11,100,87.73,100,67.18,25.79,3.75,53.38,4.72,88.5,88.93,23,80.53,28,42,7.81,97.7,12.03,124.05,95.4,2,4,1,4.76,76.04,100,37.54,3,9,100,100,100,10003,Account 10003,2024-10-21,98,growth,43
100,100,100,22,95.73,89.44,93.32,79.33,29.92,5.44,55.11,6.6,70.53,87.25,23,95.11,35,42,9.72,98.69,10.75,66.68,100,5,4,1,4.84,93.63,100,44.91,5,7,100,100,100,10003,Account 10003,2024-10-28,97.97,growth,44
100,100,100,9,100,100,92.74,55.31,20.47,5.16,28.97,4.89,86.31,100,21,77.08,36,39,5.95,98.16,10.52,53.29,97.16,5,7,0,4.96,82.0,100,66.83,2,9,100,100,100,10003,Account 10003,2024-10-28,97.97,growth,44
100,100,100,19,96.52,100,100,106.26,18.33,4.23,59.06,7.25,83.24,92.32,23,89.03,33,41,9.52,96.21,8.96,108.12,97.28,8,6,1,4.69,98.5,100,43.02,6,8,100,100,100,10003,Account 10003,2024-10-28,97.97,growth,44
100,100,100,19,100,90.55,100,147.04,12.52,6.93,30.51,4.25,84.19,89.07,21,80.07,37,41,9.41,97.08,11.05,121.78,97.75,8,7,0,4.9,86.62,100,66.04,4,6,100,100,100,10003,Account 10003,2024-10-28,97.97,growth,44
100,87.46,100,21,100,99.62,94.43,116.59,15.1,4.66,46.22,6.76,72.08,91.9,23,75.22,31,59,6.06,93.85,15.08,154.62,100,4,4,1,4.38,78.05,100,45.22,5,4,100,100,100,10003,Account 10003,2024-11-04,98,growth,45
100,100,100,8,100,92.0,100,92.28,22.39,7.45,56.32,5.54,88.29,92.97,16,90.62,33,55,7.52,95.64,14.39,141.81,100,6,4,0,4.86,79.0,100,28.08,5,6,100,100,100,10003,Account 10003,2024-11-04,98,growth,45
100,96.66,100,11,100,93.19,91.7,74.99,16.0,3.58,50.7,6.01,81.84,88.12,23,85.95,32,59,7.33,94.06,10.8,82.53,100,4,4,0,4.86,73.7,100,50.17,6,7,100,100,100,10003,Account 10003,2024-11-04,98,growth,45
100,71.48,100,21,100,100,99.46,66.02,11.9,7.43,57.86,6.12,90.25,85.02,19,90.19,38,57,8.21,97.42,11.11,135.92,97.31,6,7,0,4.77,85.54,100,25.68,3,7,100,100,100,10003,Account 10003,2024-11-04,98,growth,45
100,64.59,90.19,8,99.9,98.11,100,123.86,24.71,8.2,54.07,6.68,78.35,88.85,22,85.41,41,49,7.3,93.55,13.37,129.99,100,3,3,1,4.62,90.3,100,21.06,4,8,100,100,100,10003,Account 10003,2024-11-11,98,growth,46
100,58.73,100,18,96.49,100,100,126.89,29.67,3.35,50.41,7.64,82.35,92.48,22,74.95,34,59,5.23,91.66,9.82,127.09,99.85,4,4,1,4.83,89.68,97.16,25.62,5,5,100,100,99.79,10003,Account 10003,2024-11-11,98,growth,46
100,100,100,20,100,100,100,141.61,19.86,7.43,50.18,4.33,74.06,84.95,19,79.83,38,44,5.84,94.95,7.88,81.25,94.89,5,4,0,4.67,90.36,100,67.74,3,3,100,100,98.68,10003,Account 10003,2024-11-18,98,growth,47
100,100,100,8,100,86.52,100,97.23,24.88,6.19,54.82,4.62,78.31,97.26,16,84.71,41,42,7.57,91.49,10.09,52.17,97.23,3,3,0,4.81,90.09,100,84.89,4,10,100,100,100,10003,Account 10003,2024-11-18,98,growth,47
100,100,100,18,100,100,96.83,71.3,19.69,4.24,60.4,4.35,69.16,88.02,24,97.27,33,58,6.95,99.69,9.74,68.08,95.48,4,4,1,4.54,86.57,100,50.74,3,3,100,100,100,10003,Account 10003,2024-11-18,98,growth,47
100,100,100,9,100,100,100,67.4,14.8,7.63,45.67,4.45,68.3,84.8,16,88.02,35,56,5.33,96.81,12.97,111.32,100,4,6,0,4.78,85.48,100,40.2,6,6,100,100,100,10003,Account 10003,2024-11-18,98,growth,47
100,81.92,100,15,100,88.29,97.9,127.5,14.46,7.79,50.08,7.04,81.25,97.24,20,77.77,36,44,8.48,95.21,10.79,105.89,100,2,3,1,4.49,76.44,100,30.37,3,7,100,100,100,10003,Account 10003,2024-11-25,98,growth,48
100,91.27,100,18,100,100,90.24,62.05,14.64,4.07,30.94,6.64,84.38,91.62,18,90.54,39,43,6.15,90.54,9.57,112.62,100,8,5,1,4.96,88.06,100,45.93,5,4,100,100,100,10003,Account 10003,2024-11-25,98,growth,48
100,100,100,8,99.95,91.53,100,59.13,13.7,3.74,44.38,7.16,77.01,100,23,86.67,35,49,7.68,94.91,12.8,99.59,99.97,4,3,0,4.81,84.99,100,50.14,3,3,100,100,100,10003,Account 10003,2024-12-02,98,growth,49
100,83.97,100,9,95.05,100,92.48,129.66,26.01,7.4,53.49,6.66,89.23,90.16,18,81.24,31,48,9.12,95.11,11.94,125.95,100,7,3,1,4.59,73.51,100,39.71,6,8,100,100,100,10003,Account 10003,2024-12-02,98,growth,49
100,100,100,12,100,97.04,100,64.77,13.05,4.96,34.43,7.0,88.54,89.22,19,81.3,34,42,9.94,97.01,14.71,91.37,99.8,4,5,1,4.77,94.12,100,33.84,5,3,100,100,100,10003,Account 10003,2024-12-09,97.49,growth,50
100,100,100,24,97.88,98.26,100,68.86,17.95,6.49,48.16,5.41,89.68,91.05,17,82.58,26,43,7.34,93.26,10.13,59.17,100,5,5,1,4.96,94.74,100,74.91,5,2,100,100,100,10003,Account 10003,2024-12-09,97.49,growth,50
100,100,100,15,100,100,100,109.79,15.56,3.39,29.84,6.06,85.99,91.52,21,86.05,33,57,6.29,98.52,9.28,121.44,96.15,5,7,0,4.75,82.12,100,51.93,6,9,100,100,100,10003,Account 10003,2024-12-09,97.49,growth,50
100,89.52,100,10,95.31,96.57,100,72.87,25.24,4.73,42.3,4.94,76.11,86.64,19,84.69,26,55,9.57,96.42,10.18,116.11,100,5,7,0,4.62,84.12,100,61.37,6,9,100,100,100,10003,Account 10003,2024-12-09,97.49,growth,50
100,88.1,100,12,94.06,95.78,100,73.0,9.9,6.06,49.17,7.51,89.61,94.08,23,78.71,34,50,6.4,92.9,9.82,119.86,100,5,3,1,4.41,72.66,100,35.73,3,10,100,100,100,10003,Account 10003,2024-12-16,97.43,growth,51
100,100,100,21,95.25,96.48,100,134.61,16.36,2.75,60.17,6.89,67.26,92.2,21,88.59,37,50,8.87,89.94,8.97,100.24,95.73,5,6,0,4.86,82.4,100,48.12,4,9,100,100,100,10003,Account 10003,2024-12-16,97.43,growth,51
100,100,100,8,97.92,89.81,97.99,67.32,13.77,3.07,49.59,6.18,68.96,93.41,21,91.25,26,51,4.98,96.78,10.86,122.08,95.74,2,2,0,4.69,84.55,100,52.57,4,6,100,100,100,10003,Account 10003,2024-12-16,97.43,growth,51
100,90.31,100,21,100,94.63,100,115.1,21.41,6.83,38.09,6.57,86.7,91.72,21,75.18,38,59,9.88,94.99,11.9,100.34,95.5,7,5,0,4.84,83.43,100,62.84,7,4,100,100,100,10003,Account 10003,2024-12-16,97.43,growth,51
100,96.14,92.63,18,100,100,94.06,90.46,12.4,7.77,58.19,6.66,74.86,97.73,19,88.25,33,49,8.07,97.84,11.72,50.5,100,8,4,1,4.53,88.19,96.4,31.76,3,3,100,100,100,10003,Account 10003,2024-12-23,97.42,growth,52
100,57.35,93.28,16,100,86.02,100,89.67,11.45,5.23,50.41,4.22,72.47,99.19,21,77.65,38,46,7.81,98.65,11.97,81.64,96.85,4,2,1,4.65,79.12,100,22.97,3,9,100,100,100,10003,Account 10003,2024-12-23,97.42,growth,52
100,67.14,99.11,23,100,93.82,100,74.98,23.49,7.38,47.43,5.82,92.31,96.59,18,73.42,36,46,8.41,95.09,9.36,54.39,100,3,5,1,4.91,90.42,100,30.82,3,4,100,100,100,10003,Account 10003,2024-12-23,97.42,growth,52
92.23,53.88,77.39,13,88.34,88.11,87.2,144.21,24.36,4.81,47.64,6.82,90.06,92.11,20,80.1,35,54,9.54,93.36,12.9,109.5,98.59,5,8,1,4.71,82.34,82.1,19.18,3,8,91.57,87.66,96.08,10004,Account 10004,2024-01-08,89.88,healthy,2
97.54,91.48,91.34,9,97.28,85.96,98.25,101.72,19.13,7.25,50.34,4.5,83.02,89.11,25,81.82,32,44,5.68,98.29,10.62,149.52,100,6,4,1,4.83,79.95,91.71,27.25,4,7,88.37,90.73,88.61,10004,Account 10004,2024-01-15,89.76,healthy,3
60.49,19.62,45.78,71,52.66,42.2,51.25,529.63,93.8,30.22,193.54,1.63,46.36,52.71,4,20.3,4,6,0.47,44.86,1.86,404.9,60.62,65,157,18,1.71,18.92,53.15,4.0,1,59,65.37,69.28,41.67,10004,Account 10004,2024-01-29,34.72,crisis,5
52.03,2.34,33.94,99,56.72,55.09,46.56,414.76,90.11,26.97,178.5,1.47,48.22,49.75,3,27.26,8,11,0.8,40.23,2.34,417.19,57.09,56,99,19,1.53,24.92,37.76,2.86,0,83,50.16,78.36,46.58,10004,Account 10004,2024-01-29,34.72,crisis,5
62.08,3.43,44.82,109,46.14,41.14,57.44,418.0,132.25,35.78,165.42,1.55,56.62,53.03,5,22.14,4,7,0.82,49.04,1.59,359.71,60.12,83,103,15,1.95,21.85,46.81,4.1,1,78,64.66,69.27,42.28,10004,Account 10004,2024-01-29,34.72,crisis,5
54.71,11.03,40.13,103,56.63,39.85,50.79,298.39,110.44,35.45,183.87,1.53,40.46,51.45,4,16.53,8,11,0.69,47.32,1.88,470.21,55.78,62,163,20,1.41,28.24,51.92,0.5,0,53,66.08,68.0,42.24,10004,Account 10004,2024-02-05,38.0,crisis,6
44.8,0.04,35.61,68,45.72,49.32,53.04,440.24,90.93,28.77,150.55,1.43,55.18,65.98,3,13.5,8,13,0.6,52.04,2.18,454.41,55.33,89,137,21,1.48,28.79,53.05,3.1,1,90,54.86,75.63,56.8,10004,Account 10004,2024-02-05,38.0,crisis,6
54.18,6.59,43.43,121,56.23,50.45,57.98,544.82,130.09,45.05,177.05,1.5,42.24,51.99,3,17.85,6,14,0.47,40.68,1.68,335.42,55.19,81,107,20,1.09,27.34,49.55,3.55,0,61,64.25,68.16,43.08,10004,Account 10004,2024-02-05,38.0,crisis,6
52.46,13.97,44.78,119,58.57,38.6,39.05,539.43,109.16,25.12,121.17,1.85,48.93,64.77,3,14.72,7,8,0.55,42.18,2.97,392.42,53.5,81,85,19,1.12,31.0,46.77,0,0,57,64.67,66.44,42.28,10004,Account 10004,2024-02-05,38.0,crisis,6
55.62,8.81,38.85,108,59.85,36.1,45.64,322.2,140.66,38.5,157.13,1.45,49.52,55.67,3,11.39,3,13,1.08,47.47,2.34,399.25,54.93,91,144,22,1.33,21.98,45.16,4.37,1,57,63.81,76.84,46.49,10004,Account 10004,2024-02-05,38.0,crisis,6
50.62,18.26,29.76,90,52.34,41.3,56.45,296.28,93.97,39.12,203.26,1.74,46.95,61.32,3,15.64,4,8,0.47,47.28,1.57,407.03,52.91,46,106,16,1.56,18.23,39.26,0,1,74,58.06,73.58,55.53,10004,Account 10004,2024-02-12,43.68,crisis,7
47.58,14.58,46.7,76,58.53,39.9,52.46,398.94,149.9,38.35,147.88,1.92,42.06,54.33,3,14.59,4,11,0.38,44.94,1.31,343.29,54.73,69,154,14,1.72,30.6,42.34,0,0,75,58.06,75.67,41.18,10004,Account 10004,2024-02-12,43.68,crisis,7
50.31,16.28,29.98,91,57.84,42.32,42.9,552.7,131.85,42.29,194.45,1.77,55.0,56.16,3,15.51,4,10,0.93,50.89,2.79,347.05,56.4,50,116,22,1.73,23.88,53.74,0,1,84,59.38,64.25,49.46,10004,Account 10004,2024-02-12,43.68,crisis,7
61.0,6.38,42.0,75,67.87,48.7,54.51,533.44,132.24,44.35,158.07,1.66,53.23,60.98,4,13.8,5,10,0.85,48.73,1.88,372.26,57.51,109,158,17,0.97,20.37,50.34,1.25,0,67,61.45,68.95,45.5,10004,Account 10004,2024-02-19,46.41,crisis,8
59.45,6.19,48.75,73,49.15,35.6,59.52,438.48,142.52,26.4,205.49,1.4,54.96,66.54,4,14.72,6,15,0.82,46.64,1.71,288.38,56.86,85,179,23,1.02,20.16,41.59,0,1,80,59.97,75.25,44.31,10004,Account 10004,2024-02-19,46.41,crisis,8
45.8,9.52,46.97,72,58.06,52.65,42.52,487.23,107.93,34.95,189.09,1.75,52.0,54.43,4,12.82,5,11,0.92,49.61,2.93,264.69,56.08,76,178,16,0.89,28.25,45.59,0,1,57,67.98,66.71,46.14,10004,Account 10004,2024-02-19,46.41,crisis,8
55.23,3.84,44.06,124,49.24,52.34,50.81,433.09,91.39,34.34,175.17,1.71,41.0,56.16,8,39.12,13,14,1.79,81.03,4.05,576.57,93.12,21,58,4,2.92,37.47,52.57,0.76,0,83,65.66,67.24,48.74,10004,Account 10004,2024-02-26,49.96,at_risk,9
60.29,9.58,33.81,103,54.85,45.89,43.93,303.46,103.41,40.32,118.46,1.3,46.62,54.13,6,44.05,10,12,1.92,72.85,2.11,699.82,100,32,33,5,3.4,31.84,42.07,1.52,0,67,61.22,78.34,51.81,10004,Account 10004,2024-02-26,49.96,at_risk,9
71.1,6.04,42.49,76,55.72,50.65,42.08,419.3,139.12,39.33,138.22,1.44,54.77,53.07,5,41.98,15,13,1.08,85.09,2.66,423.25,96.94,27,68,5,2.57,38.34,34.93,0.14,0,68,69.67,70.52,43.58,10004,Account 10004,2024-03-04,52.12,at_risk,10
65.82,3.02,36.98,115,59.14,41.28,48.3,316.41,77.68,25.46,167.3,1.97,42.73,70.41,7,32.34,6,11,0.94,80.6,4.3,504.47,100,31,40,5,3.08,46.01,37.96,3.63,0,62,57.94,71.99,46.85,10004,Account 10004,2024-03-04,52.12,at_risk,10
58.55,13.23,30.4,77,56.06,35.74,41.22,344.17,119.83,41.25,144.79,1.43,40.42,59.1,3,42.19,14,16,1.33,77.25,4.04,624.46,100,28,54,7,2.59,31.16,45.59,4.66,1,64,56.77,74.35,41.92,10004,Account 10004,2024-03-11,54.79,at_risk,11
52.04,23.52,32.85,83,49.93,43.01,39.49,381.1,112.72,25.89,176.47,1.26,49.82,50.34,6,45.01,15,25,0.64,68.99,4.42,480.29,99.76,27,64,5,2.75,42.12,46.53,0,1,93,62.85,74.24,50.11,10004,Account 10004,2024-03-11,54.79,at_risk,11
58.42,0.01,36.83,68,54.79,37.1,48.2,528.4,119.88,36.27,172.31,1.51,50.88,62.86,4,47.9,11,11,1.15,74.24,2.32,420.34,94.89,30,45,5,3.49,37.87,51.17,0,1,93,66.1,76.56,49.35,10004,Account 10004,2024-03-18,59.23,at_risk,12
71.6,27.71,50.62,104,67.7,55.81,59.8,523.54,129.0,39.34,176.83,2.2,57.33,75.07,8,54.54,15,27,2.23,82.62,5.25,740.13,100,32,67,7,3.5,54.74,56.4,6.11,1,82,72.93,83.93,60.03,10004,Account 10004,2024-03-25,62.73,at_risk,13
74.99,31.48,54.38,89,69.43,61.31,66.0,433.31,113.75,33.76,146.88,2.62,58.57,77.5,10,58.05,18,29,2.94,90.14,5.79,581.05,100,24,51,6,3.94,56.69,59.16,8.17,1,70,72.38,86.96,68.51,10004,Account 10004,2024-04-01,67.19,at_risk,14
71.79,32.07,57.21,88,68.27,63.15,65.45,444.02,107.75,33.8,154.44,2.68,60.9,77.5,10,57.5,18,28,2.96,84.0,6.08,559.56,93.57,25,53,5,3.83,59.17,62.58,7.59,1,67,72.86,86.5,65.83,10004,Account 10004,2024-04-01,67.19,at_risk,14
73.01,36.27,59.12,76,74.52,63.15,65.94,374.99,89.56,27.44,134.24,2.81,58.39,72.82,10,57.46,19,30,3.28,87.78,6.09,511.07,99.93,22,42,5,3.83,60.13,60.97,9.44,1,56,73.94,81.99,71.18,10004,Account 10004,2024-04-08,70.27,moderate,15
80.32,38.24,63.26,59,73.95,67.34,73.98,294.91,75.64,21.2,114.07,3.14,65.58,76.3,12,61.25,20,32,3.41,92.17,6.87,393.88,100,17,36,4,4.21,61.23,65.67,10.79,2,47,75.2,82.42,72.35,10004,Account 10004,2024-04-15,73.21,moderate,16
81.01,39.54,62.26,60,74.51,66.72,69.83,304.9,79.68,21.59,107.13,3.11,65.24,77.87,12,65.25,20,32,3.41,89.05,6.39,393.21,97.92,17,35,4,3.87,64.6,65.2,10.13,1,48,77.68,81.69,71.71,10004,Account 10004,2024-04-15,73.21,moderate,16
77.0,41.24,66.98,40,75.18,71.55,76.79,215.03,53.34,14.27,78.63,3.4,66.07,83.52,13,69.47,22,37,4.31,86.31,7.02,260.49,100,12,23,2,4.24,66.18,67.25,12.03,2,29,82.45,86.11,74.86,10004,Account 10004,2024-04-22,77.66,moderate,17
82.28,43.02,61.18,40,71.92,68.24,70.44,219.06,52.58,15.01,79.26,3.44,65.63,78.48,12,65.37,22,35,4.25,87.51,7.47,279.72,100,12,22,2,4.26,64.79,65.72,12.24,2,30,83.64,84.07,71.04,10004,Account 10004,2024-04-22,77.66,moderate,17
85.38,45.43,67.9,30,78.02,67.58,77.66,157.34,37.71,10.41,61.69,3.46,63.83,84.0,14,67.75,23,35,4.32,89.82,7.35,195.03,96.95,9,16,2,4.23,73.62,70.35,13.63,2,20,80.79,91.69,76.36,10004,Account 10004,2024-04-29,80.13,moderate,18
87.71,48.9,69.04,12,81.15,77.37,79.04,73.13,14.95,3.63,36.59,3.81,68.47,83.13,15,74.16,24,39,4.92,92.12,8.02,79.38,100,3,5,0,4.68,72.28,73.02,14.17,2,6,80.83,93.1,76.44,10004,Account 10004,2024-05-06,84.04,moderate,19
81.02,50.79,68.31,11,75.77,73.79,82.36,73.2,15.53,3.55,35.06,3.95,68.33,80.76,14,76.59,24,38,5.08,89.44,7.73,80.62,100,3,5,0,4.47,72.06,75.04,15.0,2,6,86.71,87.36,82.98,10004,Account 10004,2024-05-06,84.04,moderate,19
97.38,54.38,77.87,20,82.77,79.85,85.24,115.02,17.06,5.47,33.26,5.61,90.11,85.46,19,78.89,38,46,7.44,91.11,9.08,121.91,98.43,4,3,1,4.64,90.46,76.79,27.77,5,8,88.9,100,91.78,10004,Account 10004,2024-05-13,87.48,moderate,20
91.82,73.24,83.79,13,95.23,88.05,89.16,75.35,16.38,4.39,44.15,7.48,84.04,96.24,25,75.42,40,53,5.31,100,8.8,102.88,100,7,4,0,4.77,91.41,88.89,28.85,2,5,99.84,91.74,86.99,10004,Account 10004,2024-05-20,89.85,moderate,21
87.14,64.91,86.26,14,86.56,84.57,92.45,99.47,19.66,3.42,32.27,6.32,79.93,87.94,18,77.28,30,48,9.55,95.1,8.6,62.81,100,5,4,1,4.9,86.6,87.95,25.33,3,5,96.6,97.43,83.05,10004,Account 10004,2024-05-20,89.85,moderate,21
91.58,70.67,73.76,18,91.75,90.27,94.76,75.54,20.37,5.08,49.38,6.64,75.67,89.93,25,95.12,27,52,9.62,93.81,8.4,119.76,99.56,6,5,1,4.76,88.27,82.06,18.48,5,7,89.38,94.77,88.79,10004,Account 10004,2024-05-27,92.05,moderate,22
83.62,79.04,88.85,13,95.38,84.04,90.17,120.03,24.74,7.28,61.36,5.85,82.87,87.81,21,92.02,37,50,6.48,89.3,11.36,51.28,99.99,7,5,0,4.93,84.5,88.41,19.73,2,7,89.2,99.35,79.3,10004,Account 10004,2024-06-03,94.08,moderate,23
97.27,71.52,81.38,15,86.39,81.5,95.05,75.23,16.73,2.57,53.02,7.27,79.77,92.44,24,80.08,38,56,5.79,96.46,10.46,154.49,98.38,6,6,1,4.7,84.61,82.15,16.54,4,6,90.58,95.39,84.0,10004,Account 10004,2024-06-03,94.08,moderate,23
96.79,66.02,77.59,15,84.0,80.7,84.63,110.39,17.25,4.32,44.74,5.59,84.07,84.3,22,79.65,30,59,9.16,92.72,11.45,142.52,95.32,6,4,1,4.72,88.98,82.96,29.33,2,3,91.16,93.37,90.91,10004,Account 10004,2024-06-10,94.42,moderate,24
87.41,50.62,81.89,11,85.87,83.42,83.33,65.89,21.8,3.36,56.54,4.13,84.4,83.23,23,95.44,36,41,5.12,99.82,8.96,69.71,95.27,6,7,1,5.01,86.03,87.22,17.24,3,5,83.87,89.24,88.97,10004,Account 10004,2024-06-10,94.42,moderate,24
100,74.01,100,16,100,91.06,100,105.21,20.45,2.75,29.68,7.1,69.55,91.39,24,85.42,33,48,9.11,98.9,12.73,141.07,100,4,3,0,4.48,78.64,100,24.55,4,5,100,100,100,10004,Account 10004,2024-06-17,94.4,growth,25
100,76.26,100,16,97.89,100,100,100.36,14.56,3.62,43.47,5.84,80.47,94.9,21,92.66,31,53,5.78,92.22,8.26,85.33,100,3,8,1,4.73,93.6,100,33.1,4,3,100,100,100,10004,Account 10004,2024-06-17,94.4,growth,25
100,79.07,100,15,93.16,91.96,100,118.5,20.44,7.1,54.72,6.2,87.05,92.24,17,83.06,38,46,7.0,100,11.59,127.68,97.21,7,3,1,4.59,75.57,100,37.56,4,8,100,100,100,10004,Account 10004,2024-06-24,94.73,growth,26
100,68.32,100,15,95.06,87.1,94.48,131.4,10.82,2.52,35.1,5.93,88.95,91.4,18,95.37,27,54,7.83,90.18,15.1,61.52,100,6,6,1,4.41,83.24,100,32.13,4,5,100,100,100,10004,Account 10004,2024-06-24,94.73,growth,26
100,65.31,94.52,15,100,100,100,132.98,12.33,3.24,41.03,5.39,80.84,91.14,25,82.58,24,40,9.49,93.18,9.91,94.68,100,4,2,0,4.66,84.45,95.08,23.8,4,8,100,100,100,10004,Account 10004,2024-07-01,94.58,growth,27
100,100,100,19,94.27,98.61,96.47,115.78,29.32,4.1,45.52,4.38,74.68,85.61,20,80.45,39,43,10.23,89.9,13.55,137.03,100,4,6,1,4.75,73.44,100,64.99,6,3,100,100,100,10004,Account 10004,2024-07-08,94.73,growth,28
100,100,100,9,96.49,93.67,98.56,122.43,16.77,7.93,47.97,4.55,76.83,93.3,16,85.66,34,50,8.73,88.59,13.9,94.3,97.21,3,7,0,4.76,95.62,100,39.91,6,6,100,100,100,10004,Account 10004,2024-07-08,94.73,growth,28
100,100,100,23,100,97.01,100,145.73,12.47,3.36,51.3,4.72,70.25,86.98,18,86.35,24,52,8.08,95.07,8.74,134.4,97.17,5,8,0,4.64,94.57,100,60.63,3,7,100,100,100,10004,Account 10004,2024-07-08,94.73,growth,28
100,84.3,100,15,100,100,100,85.98,9.98,3.06,39.47,5.37,81.72,84.4,20,94.86,31,43,7.39,99.83,11.62,140.78,100,3,3,1,4.88,78.52,100,50.41,6,10,100,100,100,10004,Account 10004,2024-07-15,94.37,growth,29
100,100,100,14,99.13,96.93,95.06,94.41,15.76,5.08,33.49,5.4,91.42,91.02,17,74.66,26,42,4.96,94.53,14.24,111.38,100,2,4,1,4.65,92.13,100,54.16,4,7,100,100,100,10004,Account 10004,2024-07-15,94.37,growth,29
100,100,100,15,100,100,100,143.46,29.58,6.03,55.37,4.53,89.89,93.57,18,90.91,26,46,7.04,93.7,13.32,104.91,100,3,6,1,4.71,82.5,100,45.53,3,4,100,100,100,10004,Account 10004,2024-07-15,94.37,growth,29
100,78.82,93.29,16,100,100,96.34,102.86,11.64,6.76,43.01,6.05,89.6,98.09,20,73.95,27,61,9.41,91.78,12.81,80.39,100,3,7,1,4.59,86.43,100,21.0,3,5,100,100,100,10004,Account 10004,2024-07-22,94.35,growth,30
100,97.59,100,19,93.82,99.82,100,112.93,19.47,5.75,36.56,5.68,76.83,97.49,23,95.26,33,43,6.65,90.8,11.01,99.73,100,7,4,1,4.59,89.85,100,48.36,4,10,100,100,100,10004,Account 10004,2024-07-29,94.83,growth,31
100,88.6,100,10,100,88.73,99.5,89.85,23.75,5.93,38.74,6.13,89.05,97.12,20,78.15,31,59,6.73,90.05,13.73,59.34,100,4,5,0,4.84,87.51,100,37.49,5,8,100,100,100,10004,Account 10004,2024-07-29,94.83,growth,31
100,71.59,95.44,12,100,100,100,64.95,21.05,5.01,59.73,6.87,85.35,90.75,18,81.05,34,60,6.66,100,11.24,116.96,99.39,5,5,1,5.0,84.83,100,31.49,5,7,100,100,100,10004,Account 10004,2024-08-05,95.12,growth,32
100,86.99,100,9,100,92.36,100,99.42,19.29,7.45,45.48,6.48,70.59,87.43,19,92.38,32,50,8.93,97.21,10.83,78.79,95.72,3,8,0,4.64,82.92,100,36.23,3,7,100,100,100,10004,Account 10004,2024-08-12,95.07,growth,33
100,100,93.48,24,100,84.03,93.58,62.02,22.5,3.23,53.95,5.26,68.68,100,23,87.4,35,48,7.93,93.05,12.15,76.71,100,6,3,1,4.46,84.58,100,37.38,6,7,100,100,100,10004,Account 10004,2024-08-12,95.07,growth,33
100,94.2,100,8,100,100,100,131.84,11.55,6.82,44.97,6.41,76.39,87.57,15,84.26,38,49,9.25,95.28,9.75,59.46,96.78,5,4,0,4.88,83.57,100,49.69,5,7,100,100,100,10004,Account 10004,2024-08-19,94.75,growth,34
100,100,100,13,100,88.06,99.23,106.34,19.6,6.29,55.36,3.9,72.92,91.19,23,74.91,26,47,9.08,97.08,9.21,132.38,99.18,7,7,1,4.61,77.52,100,50.72,3,8,100,100,99.71,10004,Account 10004,2024-08-19,94.75,growth,34
100,100,100,8,90.38,100,97.35,80.65,13.41,3.43,47.44,8.3,80.98,86.21,21,78.3,36,40,7.63,95.74,13.83,52.07,100,4,7,1,4.88,88.99,100,33.84,4,3,100,100,100,10004,Account 10004,2024-08-19,94.75,growth,34
100,58.11,86.3,12,95.26,87.55,97.48,138.72,18.81,7.75,56.56,5.57,83.27,95.24,21,77.3,36,53,8.29,93.41,13.92,89.17,100,3,8,0,4.84,82.43,100,24.2,3,4,100,100,100,10004,Account 10004,2024-08-26,94.3,growth,35
100,86.73,87.58,15,100,95.18,100,106.45,18.53,7.72,51.34,7.19,86.43,85.37,20,91.37,29,47,8.79,95.37,10.92,89.84,100,5,8,1,4.97,77.69,100,27.19,5,7,100,100,100,10004,Account 10004,2024-08-26,94.3,growth,35
100,78.93,100,10,99.97,100,100,127.89,11.68,7.18,34.74,7.95,87.2,86.51,24,87.13,37,44,6.59,95.66,11.87,52.88,100,6,4,1,4.98,79.99,100,46.24,3,5,100,100,100,10004,Account 10004,2024-09-02,93.92,growth,36
100,100,100,25,100,99.27,97.72,117.06,22.47,4.55,45.36,4.68,71.85,94.45,25,83.02,37,57,5.24,96.43,10.4,132.01,100,2,5,1,4.83,78.66,100,35.42,6,5,100,100,100,10004,Account 10004,2024-09-02,93.92,growth,36
100,92.46,100,20,100,100,100,73.44,12.11,7.21,54.56,5.09,81.46,88.4,23,86.41,42,50,7.74,96.22,12.03,142.7,96.78,7,8,1,4.99,78.16,100,40.19,3,5,100,100,100,10004,Account 10004,2024-09-09,93.54,growth,37
100,100,100,11,100,100,100,116.27,21.01,7.21,59.58,4.28,83.06,90.18,17,92.24,35,52,8.86,96.78,11.24,60.93,100,3,8,0,4.73,86.8,100,39.98,4,7,100,100,100,10004,Account 10004,2024-09-09,93.54,growth,37
100,98.97,100,11,100,99.54,96.88,145.17,25.99,7.72,39.06,5.16,81.91,92.55,22,85.34,29,60,7.58,98.83,13.85,97.06,100,7,4,1,4.81,91.25,100,52.82,4,5,100,100,100,10004,Account 10004,2024-09-09,93.54,growth,37
100,71.57,96.7,20,100,95.97,100,84.4,15.51,6.53,53.85,4.39,69.51,89.17,18,87.76,27,59,8.27,97.86,12.95,93.55,100,7,8,1,4.48,80.2,100,49.27,5,2,100,100,100,10004,Account 10004,2024-09-16,93.84,growth,38
100,100,100,13,89.24,89.54,95.84,110.05,28.2,2.31,49.1,5.95,83.68,87.45,23,88.64,37,44,6.48,91.59,10.87,49.53,96.82,7,4,0,4.83,88.17,100,69.38,4,5,100,100,100,10004,Account 10004,2024-09-23,93.74,growth,39
100,100,100,12,92.37,88.14,100,101.53,19.48,4.74,58.84,5.62,81.72,87.24,15,96.96,38,48,9.06,91.14,10.07,133.66,100,8,5,0,4.69,86.31,100,59.92,4,4,100,100,100,10004,Account 10004,2024-09-23,93.74,growth,39
100,100,100,8,99.49,95.9,94.98,59.28,23.95,7.89,37.91,3.97,87.11,84.75,16,88.93,32,61,9.08,94.86,15.29,71.51,100,5,5,0,4.76,86.96,100,33.57,6,9,100,100,100,10004,Account 10004,2024-09-23,93.74,growth,39
100,84.64,96.29,16,93.1,95.34,100,57.22,27.66,5.61,35.53,4.15,81.76,95.67,24,92.73,37,47,6.57,98.0,10.85,118.73,97.73,2,5,0,4.94,83.18,100,34.05,6,8,100,100,100,10004,Account 10004,2024-09-30,93.94,growth,40
100,70.95,98.23,20,92.03,84.39,100,120.74,25.42,5.04,35.43,7.11,70.05,91.18,17,76.84,29,51,8.82,89.79,12.28,151.57,100,3,6,0,4.7,88.19,100,23.42,6,5,100,100,100,10004,Account 10004,2024-09-30,93.94,growth,40
100,93.93,100,18,100,100,98.94,78.41,15.98,3.78,45.84,6.62,73.33,88.11,26,78.69,39,43,7.38,88.86,9.67,133.6,100,3,2,1,5.07,93.52,100,59.58,5,7,100,100,100,10004,Account 10004,2024-10-07,93.74,growth,41
100,85.46,100,11,97.28,100,100,126.76,29.17,7.34,56.4,4.09,75.35,88.81,21,90.14,29,43,10.02,91.98,11.66,126.9,100,5,2,0,4.65,86.94,100,56.16,3,4,100,100,100,10004,Account 10004,2024-10-07,93.74,growth,41
100,100,100,18,100,96.53,90.81,101.31,29.95,3.88,59.37,4.4,70.67,94.32,15,80.76,34,47,8.86,92.85,9.09,110.38,100,3,4,0,5.06,92.2,100,62.55,3,4,100,100,100,10004,Account 10004,2024-10-14,93.26,growth,42
100,100,100,11,100,92.32,100,132.48,23.38,3.97,46.96,5.58,73.74,87.16,16,82.4,37,53,10.16,97.66,8.27,110.88,95.7,6,4,0,4.7,79.57,100,29.69,6,7,100,100,100,10004,Account 10004,2024-10-14,93.26,growth,42
100,67.23,100,14,100,92.65,94.52,99.13,18.7,8.14,53.37,6.18,70.36,93.88,23,92.6,31,53,8.87,90.55,8.58,59.95,95.97,2,3,1,4.43,87.21,100,31.56,6,5,100,100,100,10004,Account 10004,2024-10-21,93.56,growth,43
100,73.53,95.36,19,93.7,90.25,100,62.0,15.3,4.01,45.15,5.68,79.79,91.33,18,85.2,31,48,6.28,98.16,11.81,63.65,99.31,4,6,0,4.58,94.21,100,23.1,5,10,100,100,100,10004,Account 10004,2024-10-28,93.82,growth,44
100,76.04,100,16,94.92,100,96.82,57.86,26.64,3.94,31.63,6.78,79.35,95.89,24,90.3,32,44,8.65,97.42,14.91,107.17,96.68,6,4,0,4.52,96.06,100,33.78,6,5,100,100,100,10004,Account 10004,2024-10-28,93.82,growth,44
100,87.91,100,17,100,99.24,95.0,121.44,24.29,5.88,57.25,7.21,68.56,92.46,21,74.71,31,58,8.1,100,8.63,141.25,100,3,8,1,4.64,83.89,100,34.73,4,4,100,100,100,10004,Account 10004,2024-10-28,93.82,growth,44
100,78.46,92.41,9,100,100,95.92,114.77,19.45,3.47,40.11,6.96,85.42,86.02,17,88.79,27,59,7.84,100,9.79,63.24,100,8,6,0,4.81,82.01,100,44.65,6,5,100,100,100,10004,Account 10004,2024-11-04,93.67,growth,45
100,100,100,21,98.09,100,92.3,83.51,31.27,4.64,58.41,4.93,84.97,87.55,16,82.41,29,39,8.08,96.11,11.84,56.89,97.85,6,8,1,4.62,76.85,100,40.25,4,3,100,100,99.9,10004,Account 10004,2024-11-11,94.07,growth,46
100,81.7,100,18,94.59,96.43,100,91.96,28.13,6.42,45.9,4.26,73.29,89.08,19,92.64,36,46,7.16,98.61,14.28,94.29,98.08,4,5,0,4.9,90.49,100,33.47,4,4,100,100,100,10004,Account 10004,2024-11-11,94.07,growth,46
100,86.01,100,17,95.59,87.21,100,91.68,10.28,5.77,52.93,5.52,79.36,94.89,22,86.78,37,54,5.44,95.93,9.09,71.61,97.23,3,3,1,4.79,92.91,100,42.89,4,4,100,100,100,10004,Account 10004,2024-11-11,94.07,growth,46
100,62.23,84.6,19,100,93.5,100,115.19,25.16,5.79,30.85,4.63,74.57,84.41,22,85.29,37,59,8.58,93.7,12.13,106.55,96.06,3,7,0,4.92,83.85,100,37.78,4,5,100,100,100,10004,Account 10004,2024-11-18,93.58,growth,47
100,72.77,97.17,13,97.08,93.4,100,66.29,27.94,7.48,56.43,5.42,77.86,95.58,20,75.28,38,50,6.73,94.11,11.87,70.34,100,3,2,0,4.99,76.82,100,43.53,5,8,100,100,100,10004,Account 10004,2024-11-25,93.38,growth,48
100,69.02,97.32,21,100,100,100,131.47,18.35,5.86,41.91,6.94,81.09,89.81,22,81.68,34,52,9.88,94.14,12.43,108.91,95.26,5,7,1,4.59,85.02,100,49.92,4,5,100,100,100,10004,Account 10004,2024-11-25,93.38,growth,48
100,100,100,20,100,97.44,100,94.88,15.16,7.92,51.6,8.01,71.05,90.96,20,79.05,34,43,5.16,93.72,10.22,68.55,100,7,7,0,4.61,74.31,100,37.93,6,5,100,100,100,10004,Account 10004,2024-12-02,93.79,growth,49
100,99.92,100,24,97.77,100,99.66,75.41,30.82,3.51,59.35,6.1,85.09,96.52,20,82.99,34,48,7.73,91.67,14.39,84.94,100,6,5,0,4.44,82.59,100,30.64,5,4,100,100,100,10004,Account 10004,2024-12-02,93.79,growth,49
100,100,100,9,95.07,88.21,98.94,114.53,17.56,4.14,53.85,5.67,82.43,94.11,25,78.13,26,58,5.75,90.2,14.48,74.89,96.15,3,5,1,4.63,87.42,100,56.32,3,10,100,100,100,10004,Account 10004,2024-12-02,93.79,growth,49
100,90.02,100,17,100,83.63,100,49.69,18.47,5.03,57.96,6.07,91.1,96.65,14,82.48,26,54,8.35,92.03,9.59,125.74,96.57,7,6,0,4.5,82.22,100,46.15,4,5,100,100,100,10004,Account 10004,2024-12-09,94.18,growth,50
100,86.17,95.1,13,98.18,100,94.12,50.05,11.03,4.43,59.49,4.77,87.52,88.54,22,81.01,41,46,8.16,94.82,14.9,116.53,100,5,5,1,4.88,95.47,100,34.08,4,6,100,100,100,10004,Account 10004,2024-12-16,94.68,growth,51
100,69.73,100,22,98.36,100,97.84,50.84,25.21,4.18,42.66,7.43,71.22,92.03,21,92.45,34,55,9.12,92.77,9.08,96.24,100,7,5,0,4.41,98.07,100,44.44,5,4,100,100,97.26,10004,Account 10004,2024-12-16,94.68,growth,51
100,77.73,100,13,100,88.68,100,115.78,14.54,7.49,37.47,7.13,83.5,94.4,23,91.68,36,39,6.11,94.23,7.85,83.29,100,4,5,0,4.79,90.16,100,38.39,6,6,100,100,100,10004,Account 10004,2024-12-23,94.79,growth,52
100,100,100,18,96.77,100,100,52.49,9.95,2.46,52.7,4.03,86.39,91.39,22,98.07,28,41,9.73,89.86,9.31,144.19,97.08,4,3,0,4.65,84.73,100,60.64,4,9,100,100,100,10004,Account 10004,2024-12-23,94.79,growth,52
100,100,100,9,95.69,100,94.43,76.4,19.68,4.49,46.08,5.92,75.77,92.07,22,93.82,36,53,5.21,90.78,15.2,74.03,99.72,7,4,1,4.64,87.51,100,33.87,3,10,100,100,100,10004,Account 10004,2024-12-23,94.79,growth,52
88.77,63.5,89.33,20,92.23,85.35,90.25,98.71,11.08,3.68,58.13,5.01,84.71,97.89,20,76.4,36,55,6.62,99.85,8.24,156.79,95.12,5,6,0,4.63,75.05,86.5,28.74,3,7,91.29,90.39,89.78,10005,Account 10005,2024-01-08,90.17,healthy,2
98.58,73.51,80.06,21,88.63,87.06,83.99,53.23,24.95,7.09,52.27,4.85,77.44,91.58,17,95.99,40,57,7.57,98.05,10.23,75.44,100,4,6,1,4.73,88.55,82.24,27.68,4,4,96.24,89.8,95.52,10005,Account 10005,2024-01-15,90.03,healthy,3
89.53,56.49,75.88,19,91.14,89.51,77.84,111.34,13.16,7.4,47.14,6.66,70.66,86.28,18,87.8,32,44,9.35,96.7,8.68,116.13,100,3,4,0,5.06,82.6,85.34,32.29,3,7,86.12,96.65,97.04,10005,Account 10005,2024-01-22,90.16,healthy,4
61.01,16.06,31.07,95,56.37,43.35,57.07,381.42,146.26,39.83,140.54,1.75,53.07,64.13,2,22.45,6,14,1.07,48.2,1.39,416.24,58.13,84,178,12,1.3,21.03,52.94,0.83,0,51,48.86,64.99,50.76,10005,Account 10005,2024-01-29,35.16,crisis,5
55.52,11.43,36.81,110,47.15,43.96,52.87,390.28,122.92,37.73,160.65,1.84,45.41,66.49,2,27.74,8,6,0.55,41.45,2.55,284.24,59.24,84,143,12,1.38,25.45,55.61,0.82,1,93,67.66,80.84,50.32,10005,Account 10005,2024-01-29,35.16,crisis,5
56.43,16.02,47.85,59,55.01,44.93,49.58,439.75,98.68,34.38,137.31,1.42,48.75,52.83,2,21.46,4,9,0.36,42.31,1.62,288.27,58.22,107,92,11,1.08,18.36,51.24,0,1,87,51.0,81.49,58.77,10005,Account 10005,2024-01-29,35.16,crisis,5
54.96,0.35,31.47,62,52.88,53.89,50.75,401.33,134.33,36.57,134.3,1.35,50.37,70.16,3,25.48,8,13,0.83,43.09,2.36,479.23,57.36,73,155,11,1.21,30.83,40.08,0,1,70,58.76,64.74,57.18,10005,Account 10005,2024-01-29,35.16,crisis,5
54.87,7.53,41.52,113,57.97,49.12,40.66,333.4,109.67,36.38,136.24,1.81,43.96,70.51,5,26.71,6,12,0.44,52.96,1.47,312.32,55.75,55,163,19,1.49,25.01,55.26,3.63,1,70,65.05,78.88,50.7,10005,Account 10005,2024-01-29,35.16,crisis,5
60.64,23.36,40.37,90,46.84,45.93,42.19,441.45,113.11,30.22,153.84,1.4,41.27,52.07,4,22.82,7,7,0.55,48.23,1.4,477.08,56.48,69,160,12,1.65,19.88,35.45,0,1,71,72.65,64.1,58.96,10005,Account 10005,2024-02-05,39.68,crisis,6
61.97,21.33,45.43,77,55.08,42.49,54.22,438.13,106.13,31.27,156.95,1.89,52.42,57.07,2,28.67,6,10,1.09,42.38,2.81,301.17,57.18,60,66,19,1.79,21.83,48.45,1.07,1,70,64.81,68.24,52.43,10005,Account 10005,2024-02-05,39.68,crisis,6
66.06,18.57,38.01,90,54.99,41.4,41.1,371.57,96.07,36.32,167.97,1.82,53.86,65.08,2,17.67,9,13,0.42,47.15,1.81,353.79,61.02,65,116,11,1.99,20.08,47.1,2.72,0,62,53.33,72.78,57.91,10005,Account 10005,2024-02-05,39.68,crisis,6
53.23,15.57,44.13,77,53.29,35.47,49.95,388.28,128.43,34.66,180.82,1.61,49.23,70.29,4,20.57,4,13,0.59,44.87,2.71,380.37,57.27,70,136,19,1.94,25.81,42.95,0,1,87,64.93,82.84,47.76,10005,Account 10005,2024-02-12,42.58,crisis,7
55.76,8.74,43.5,81,55.91,42.62,47.13,444.0,124.91,43.14,202.53,1.45,46.37,58.87,2,21.83,5,6,1.02,42.31,2.18,287.01,58.32,67,85,16,1.83,19.9,48.31,0.39,1,90,63.27,80.98,52.11,10005,Account 10005,2024-02-12,42.58,crisis,7
68.39,18.2,31.19,109,51.0,49.52,46.79,487.73,120.25,30.86,178.11,1.89,56.17,59.46,5,25.05,5,13,0.56,47.89,1.81,442.74,59.98,51,73,15,1.97,20.84,40.62,0.14,0,81,68.38,76.05,53.26,10005,Account 10005,2024-02-12,42.58,crisis,7
52.88,15.15,34.55,82,59.91,46.38,56.3,483.31,84.42,40.79,192.58,1.42,51.31,56.8,5,15.16,5,7,0.6,43.84,2.95,341.03,56.55,47,99,19,1.93,24.49,40.3,0,0,81,52.02,73.88,56.99,10005,Account 10005,2024-02-19,48.46,crisis,8
49.04,2.35,46.16,66,65.39,40.38,42.14,479.47,144.33,38.52,203.87,1.78,49.53,65.54,3,10.97,4,14,0.58,42.3,1.85,310.13,53.47,65,183,18,2.04,30.46,45.85,0,1,89,55.03,62.98,47.36,10005,Account 10005,2024-02-19,48.46,crisis,8
55.67,18.37,40.33,70,43.35,50.15,53.17,478.43,136.18,28.29,144.53,1.48,42.17,66.39,4,16.47,5,9,1.05,52.84,1.37,337.38,55.53,73,127,12,2.05,28.69,51.24,0,1,73,54.46,68.43,47.24,10005,Account 10005,2024-02-19,48.46,crisis,8
43.72,6.92,37.42,94,47.9,44.96,50.55,484.8,119.89,38.1,194.17,1.77,50.13,69.21,4,13.1,7,8,0.5,43.43,1.37,436.14,57.7,80,61,18,1.59,19.92,36.92,0,0,87,71.38,67.07,55.64,10005,Account 10005,2024-02-19,48.46,crisis,8
64.33,23.45,33.21,69,57.23,42.04,54.24,404.09,122.34,41.16,186.47,1.54,46.74,51.35,5,49.14,15,15,1.79,82.67,4.14,519.57,96.01,25,53,7,2.86,31.13,54.9,0.62,1,62,58.55,69.92,57.07,10005,Account 10005,2024-02-26,53.12,at_risk,9
61.01,9.4,38.99,91,44.96,45.95,58.4,569.48,106.5,31.16,181.09,1.91,42.12,61.79,4,47.31,10,20,1.72,77.2,4.34,589.23,94.71,33,33,5,2.93,42.52,49.57,0,1,69,65.86,77.7,56.28,10005,Account 10005,2024-02-26,53.12,at_risk,9
61.74,12.07,36.22,90,53.8,42.47,48.12,359.03,151.69,45.9,142.75,1.96,52.57,66.83,4,37.2,15,17,0.59,74.06,2.8,668.96,99.92,25,56,7,2.94,42.01,36.13,4.11,1,65,62.14,73.8,44.41,10005,Account 10005,2024-03-04,55.35,at_risk,10
56.01,8.63,33.07,68,50.43,48.56,59.3,557.05,95.74,38.84,140.44,1.73,50.35,71.12,8,34.86,15,23,0.56,79.27,2.58,483.01,96.94,24,46,6,3.13,47.69,41.06,0.63,0,53,63.72,80.42,44.0,10005,Account 10005,2024-03-11,56.63,at_risk,11
60.52,0.9,49.14,62,64.87,47.36,52.27,517.85,153.96,32.44,182.45,1.63,53.06,56.18,4,43.25,8,20,1.28,76.56,4.09,601.0,94.8,27,61,5,2.77,42.61,38.05,4.44,1,59,64.49,72.48,53.39,10005,Account 10005,2024-03-11,56.63,at_risk,11
69.73,25.75,53.02,113,65.79,58.06,58.47,603.75,146.86,45.11,196.7,2.1,55.13,68.49,8,51.86,16,25,2.05,82.17,5.11,749.98,100,32,72,7,3.64,52.8,53.63,5.36,1,92,69.93,77.62,57.95,10005,Account 10005,2024-03-18,60.99,at_risk,12
69.89,26.38,51.52,106,68.65,58.79,60.68,551.43,135.06,41.69,182.15,2.1,54.21,70.73,8,51.85,16,26,2.18,89.42,5.26,752.73,93.25,31,68,7,3.66,53.54,58.89,5.79,1,87,70.49,81.39,59.5,10005,Account 10005,2024-03-25,62.2,at_risk,13
72.23,28.89,55.24,92,66.82,57.39,61.27,486.05,116.95,36.88,160.91,2.47,58.26,72.69,10,55.27,18,27,2.7,84.4,5.86,620.54,100,29,56,6,3.68,54.14,58.56,7.48,1,79,74.21,78.46,65.67,10005,Account 10005,2024-04-01,65.35,at_risk,14
74.67,36.57,57.52,77,72.71,64.87,65.26,377.71,92.2,28.6,134.95,2.69,61.73,75.09,11,60.45,19,31,3.22,85.7,6.46,519.07,100,23,45,5,4.04,60.44,60.94,8.63,1,60,77.63,88.11,70.96,10005,Account 10005,2024-04-08,69.9,moderate,15
75.77,36.5,60.56,72,73.53,60.12,64.53,378.34,98.72,28.86,134.19,2.8,58.88,79.28,11,59.97,18,32,3.26,91.81,6.23,485.69,100,21,45,5,3.73,57.35,65.81,9.16,1,58,78.64,85.44,65.48,10005,Account 10005,2024-04-08,69.9,moderate,15
78.64,41.02,64.23,56,76.58,63.55,72.45,289.22,72.24,20.13,97.26,3.07,61.71,78.97,11,64.13,21,33,3.77,91.15,6.99,385.31,100,17,32,3,3.92,64.16,67.81,10.69,2,40,81.73,87.28,71.25,10005,Account 10005,2024-04-15,74.36,moderate,16
79.77,45.44,61.54,35,72.69,72.54,72.32,189.42,45.45,13.63,77.04,3.57,68.52,83.5,13,70.9,23,36,4.14,91.71,7.5,243.29,94.82,10,21,2,4.25,67.27,71.34,12.15,2,28,82.66,85.79,77.72,10005,Account 10005,2024-04-22,78.41,moderate,17
77.91,43.1,66.82,35,72.85,71.38,76.11,196.95,47.81,13.44,75.0,3.47,64.72,83.81,14,67.26,22,35,4.3,93.83,7.37,258.91,100,11,21,2,4.2,70.11,68.88,12.39,2,25,83.41,87.77,71.13,10005,Account 10005,2024-04-22,78.41,moderate,17
80.78,48.2,68.85,19,78.56,76.49,76.68,108.04,24.25,6.21,49.9,3.89,70.31,85.21,14,71.78,23,37,4.82,87.96,7.63,134.09,100,6,9,1,4.55,74.36,73.49,13.64,2,12,82.84,84.73,81.64,10005,Account 10005,2024-04-29,82.39,moderate,18
83.51,62.11,75.44,16,90.26,73.55,87.65,108.37,29.8,5.71,57.1,6.25,90.78,95.21,21,76.13,31,62,9.8,92.91,8.26,138.7,100,3,6,0,4.52,80.25,83.34,26.28,5,4,95.68,91.13,84.33,10005,Account 10005,2024-05-06,85.31,moderate,19
89.47,66.42,71.72,8,77.14,78.17,90.65,72.62,20.64,7.46,57.8,4.99,70.94,90.67,21,86.15,38,51,5.24,90.08,11.19,87.89,100,2,4,0,4.73,87.13,83.58,18.65,3,8,88.41,88.88,93.21,10005,Account 10005,2024-05-06,85.31,moderate,19
94.17,52.73,76.57,9,91.59,95.07,82.79,137.08,22.42,6.73,44.83,6.25,71.52,82.25,21,91.25,32,58,7.01,94.94,13.35,128.26,100,7,5,1,4.46,87.63,92.22,32.07,3,6,100,100,86.25,10005,Account 10005,2024-05-13,88.75,moderate,20
82.8,73.95,83.11,12,88.62,75.06,92.07,50.89,26.13,5.74,54.61,5.23,75.38,84.13,21,78.99,37,53,5.94,100,9.98,102.81,100,3,8,0,4.63,97.61,84.0,24.92,3,8,85.91,96.62,81.0,10005,Account 10005,2024-05-13,88.75,moderate,20
88.29,62.42,81.13,9,90.35,77.13,89.16,122.94,18.84,6.43,53.49,4.19,73.21,88.74,22,82.8,37,49,9.1,95.68,8.83,89.14,100,6,4,1,4.71,86.68,92.1,31.66,2,2,95.6,95.68,92.63,10005,Account 10005,2024-05-20,90.49,moderate,21
91.43,49.42,72.55,21,80.74,73.34,91.45,64.74,18.18,6.83,53.35,4.32,73.85,99.27,23,77.83,31,49,7.37,97.12,10.94,102.57,100,6,6,1,4.5,82.49,80.97,19.54,5,6,95.68,90.42,87.17,10005,Account 10005,2024-05-27,92.27,moderate,22
100,62.92,79.02,10,87.84,83.82,89.57,103.78,30.23,2.38,56.97,4.83,81.67,83.63,17,79.43,32,58,7.65,96.15,10.72,136.48,99.15,7,6,0,4.44,83.97,76.79,17.53,2,6,97.43,100,93.57,10005,Account 10005,2024-06-03,93.27,moderate,23
92.92,64.99,74.39,16,81.55,92.02,82.0,105.86,20.01,4.09,49.66,5.64,81.74,96.76,20,87.02,26,50,7.45,96.12,13.96,85.09,96.12,6,5,0,4.96,79.76,80.25,31.48,5,8,96.5,100,86.61,10005,Account 10005,2024-06-10,94.95,moderate,24
100,100,100,16,100,100,92.88,144.43,14.47,4.31,55.26,6.77,77.18,89.48,22,82.0,37,40,4.91,90.23,11.03,113.3,100,3,8,0,4.75,81.04,100,55.96,5,8,100,100,100,10005,Account 10005,2024-06-17,94.61,growth,25
100,100,100,9,100,92.38,92.75,114.2,13.88,2.65,51.07,6.35,88.05,97.3,20,78.04,38,46,6.6,100,13.89,98.91,100,8,4,1,5.04,82.77,100,42.33,3,7,100,100,100,10005,Account 10005,2024-06-17,94.61,growth,25
100,100,100,8,99.6,95.49,100,96.77,23.81,2.21,41.89,7.57,77.26,96.86,16,87.18,36,50,9.87,88.96,9.49,62.46,95.47,4,6,0,4.92,77.58,100,45.37,4,6,100,100,100,10005,Account 10005,2024-06-17,94.61,growth,25
100,95.77,92.68,10,100,100,98.09,131.72,21.87,7.32,55.61,5.52,80.32,92.77,23,84.57,39,48,6.61,89.55,12.98,76.09,100,7,4,1,5.05,86.03,100,50.56,6,5,100,100,99.19,10005,Account 10005,2024-06-24,94.59,growth,26
100,100,100,15,95.59,85.98,100,93.99,27.49,2.17,49.57,4.52,85.32,83.71,22,89.11,40,42,7.58,94.83,10.06,145.37,99.92,3,7,1,4.38,77.8,100,48.98,3,8,100,100,100,10005,Account 10005,2024-06-24,94.59,growth,26
100,100,100,19,100,100,100,94.38,13.03,5.47,60.87,4.36,72.21,86.53,26,94.86,34,43,7.07,92.5,8.68,85.79,100,7,5,1,4.43,88.16,100,52.09,5,4,100,100,100,10005,Account 10005,2024-07-01,94.86,growth,27
100,100,100,20,100,100,100,131.99,29.88,7.79,55.08,7.45,87.52,91.38,21,88.02,35,52,9.95,94.91,11.27,74.18,100,8,3,0,4.74,76.22,100,37.55,5,9,100,100,100,10005,Account 10005,2024-07-01,94.86,growth,27
98.78,61.66,100,11,91.41,91.84,97.9,58.7,28.77,4.67,41.45,4.67,90.62,89.04,15,86.3,26,51,6.01,93.5,11.27,61.75,98.56,5,5,1,4.79,87.65,96.79,44.65,6,7,100,100,100,10005,Account 10005,2024-07-08,95.35,growth,28
100,97.56,100,22,100,92.19,100,77.68,17.67,5.92,38.55,5.07,74.17,90.52,19,91.16,40,42,6.83,93.85,8.67,152.05,100,6,4,1,4.82,98.06,100,35.05,3,10,100,100,100,10005,Account 10005,2024-07-15,95.55,growth,29
100,100,100,17,100,87.07,100,57.28,12.84,6.29,35.22,4.94,74.39,92.65,17,76.4,36,42,5.42,96.69,12.06,136.19,96.29,6,5,0,4.62,85.68,100,52.74,4,8,100,100,100,10005,Account 10005,2024-07-15,95.55,growth,29
100,74.45,100,9,95.86,96.15,95.09,133.15,29.13,2.28,32.73,4.09,77.65,85.75,18,91.95,31,50,5.38,90.64,12.66,143.34,100,7,3,1,4.81,82.15,100,59.09,5,6,100,100,100,10005,Account 10005,2024-07-15,95.55,growth,29
100,80.53,100,15,100,97.63,100,153.2,24.79,4.14,42.98,6.08,76.54,89.69,24,83.16,35,53,9.34,93.52,8.11,58.47,97.41,7,8,0,4.92,91.1,100,32.47,3,8,100,100,100,10005,Account 10005,2024-07-22,95.93,growth,30
100,83.14,91.36,16,95.05,91.11,91.25,69.0,23.65,2.04,35.84,5.85,71.2,85.93,17,78.76,32,44,7.53,93.01,11.72,76.99,98.39,3,7,1,4.74,77.37,93.5,29.13,3,4,100,100,100,10005,Account 10005,2024-07-29,95.86,growth,31
98.84,63.22,99.05,21,100,95.08,97.03,105.29,25.92,2.77,43.56,5.22,87.76,91.26,19,90.89,35,51,8.73,90.36,10.77,52.49,100,7,3,0,4.93,79.03,100,31.44,3,7,100,100,100,10005,Account 10005,2024-07-29,95.86,growth,31
100,99.29,100,16,100,83.76,90.32,143.71,17.65,3.77,38.85,4.44,83.28,86.44,19,87.04,30,49,8.64,98.65,12.81,65.03,97.39,4,8,1,4.71,83.13,100,33.82,3,6,100,100,100,10005,Account 10005,2024-08-05,96.15,growth,32
100,82.01,100,22,97.78,100,97.92,125.32,25.17,4.29,49.41,7.12,88.2,84.75,16,82.54,35,58,5.82,92.06,8.88,133.12,100,4,6,1,4.66,73.66,100,33.07,6,4,100,100,100,10005,Account 10005,2024-08-05,96.15,growth,32
100,95.7,100,12,93.79,100,100,123.71,13.1,5.47,52.7,5.95,73.93,100,17,78.56,35,39,7.07,100,13.97,96.22,98.51,8,3,1,4.73,78.87,100,32.04,4,4,100,100,100,10005,Account 10005,2024-08-05,96.15,growth,32
100,92.33,100,20,99.23,97.99,100,54.41,26.3,4.19,32.09,4.16,89.87,85.89,23,92.85,35,53,6.43,97.93,15.0,106.15,100,5,4,1,4.7,80.17,100,39.68,5,4,100,100,100,10005,Account 10005,2024-08-12,95.9,growth,33
100,92.95,100,13,100,100,100,69.65,15.0,5.53,38.83,4.24,82.21,91.14,18,79.44,29,43,9.08,97.84,14.0,122.04,100,7,4,1,5.15,82.8,100,56.22,4,10,100,100,100,10005,Account 10005,2024-08-12,95.9,growth,33
100,86.69,100,12,91.6,100,95.24,131.77,13.11,5.03,39.72,5.96,77.4,81.21,23,76.9,37,56,7.0,97.77,8.3,75.97,99.23,3,5,0,4.96,87.19,100,51.1,6,10,100,100,100,10005,Account 10005,2024-08-12,95.9,growth,33
100,100,91.29,13,100,100,99.65,122.32,26.83,3.58,42.64,7.06,85.47,88.26,17,88.85,28,53,6.85,93.64,9.69,75.45,96.66,4,3,1,4.36,77.09,100,42.34,6,8,100,100,100,10005,Account 10005,2024-08-19,96.02,growth,34
100,86.45,100,9,100,90.6,100,66.04,21.86,7.27,46.2,5.5,71.44,93.84,17,76.55,36,49,6.42,90.51,8.72,122.42,97.97,4,8,1,4.79,88.4,100,29.84,4,4,100,100,100,10005,Account 10005,2024-08-26,95.58,growth,35
100,86.97,100,21,100,100,96.59,106.11,26.56,7.13,43.6,6.76,79.08,88.41,24,92.68,36,50,9.32,97.37,10.04,99.35,100,6,8,0,4.48,83.13,100,39.87,4,9,100,100,100,10005,Account 10005,2024-09-02,95.65,growth,36
100,92.85,100,13,100,100,95.4,141.74,21.3,6.75,38.49,4.28,81.56,93.68,19,79.38,32,51,6.58,97.49,9.46,105.35,100,8,7,1,4.98,89.33,100,31.09,5,3,100,100,100,10005,Account 10005,2024-09-02,95.65,growth,36
100,70.01,100,13,100,94.98,97.88,89.5,27.93,7.11,29.56,5.85,89.07,95.07,22,88.81,38,49,5.35,94.21,14.27,140.31,100,4,4,1,5.21,87.02,100,37.61,3,3,100,100,100,10005,Account 10005,2024-09-09,95.23,growth,37
100,69.11,100,22,97.99,91.12,100,117.68,16.4,6.35,36.16,7.8,83.82,87.61,16,81.7,29,43,6.28,98.58,11.55,102.37,95.36,6,6,0,4.81,91.8,100,41.29,4,4,100,100,100,10005,Account 10005,2024-09-16,95.17,growth,38
100,100,100,12,100,88.05,97.91,66.01,24.27,3.99,41.0,7.15,86.33,85.93,20,87.16,28,44,6.09,96.23,9.56,149.67,100,7,8,0,4.96,95.4,100,58.95,4,4,100,100,100,10005,Account 10005,2024-09-23,94.92,growth,39
100,81.04,100,12,100,100,100,137.98,23.18,3.03,35.38,5.09,86.64,91.11,20,90.03,39,44,6.99,92.54,13.1,102.61,95.33,8,3,1,4.68,94.85,100,33.57,4,5,100,100,100,10005,Account 10005,2024-09-23,94.92,growth,39
100,86.62,100,11,100,100,95.98,67.79,17.78,6.35,51.88,5.73,91.29,87.97,15,83.61,31,44,6.71,95.21,9.23,90.86,100,5,4,1,5.03,75.36,100,54.33,4,7,100,100,98.45,10005,Account 10005,2024-09-30,94.61,growth,40
100,92.65,100,23,92.31,100,100,96.23,29.26,3.58,34.88,7.77,78.56,84.25,22,79.84,38,57,4.79,90.27,12.06,96.49,100,5,8,1,4.47,98.29,100,27.21,3,5,100,100,100,10005,Account 10005,2024-10-07,94.41,growth,41
100,83.8,95.13,22,100,96.93,91.33,124.89,24.2,6.43,42.37,4.16,80.33,92.65,18,76.02,34,49,8.07,100,10.08,135.77,99.26,6,7,1,4.53,88.31,100,44.89,3,10,100,100,100,10005,Account 10005,2024-10-07,94.41,growth,41
100,84.51,100,14,100,99.81,100,138.74,26.2,3.56,53.59,5.29,76.65,96.43,25,81.73,33,45,6.73,89.43,13.49,120.33,98.56,6,3,1,5.06,90.54,100,35.69,6,8,100,100,100,10005,Account 10005,2024-10-07,94.41,growth,41
100,100,100,10,96.77,100,92.36,85.81,11.77,2.14,40.76,4.59,84.68,96.04,24,95.09,37,52,5.66,96.32,9.46,86.01,99.77,8,3,1,4.88,86.68,100,35.12,4,4,100,100,100,10005,Account 10005,2024-10-14,94.66,growth,42
100,93.23,100,20,95.56,100,93.7,77.06,23.47,5.23,42.97,5.03,79.26,84.55,24,83.32,27,47,7.91,94.59,8.55,58.77,97.96,6,7,0,5.0,87.49,100,45.42,6,8,100,100,100,10005,Account 10005,2024-10-14,94.66,growth,42
100,82.61,100,16,97.77,95.84,100,117.92,20.87,7.19,57.29,6.58,73.18,90.25,21,79.25,40,48,9.63,92.32,11.36,129.54,100,8,4,0,5.2,95.31,100,46.5,6,3,100,100,100,10005,Account 10005,2024-10-14,94.66,growth,42
100,63.8,100,13,99.6,93.24,98.6,59.92,17.95,3.52,52.97,7.4,75.79,94.77,20,86.07,34,59,6.34,100,12.59,122.76,100,4,2,0,4.82,92.23,100,26.3,4,9,100,100,100,10005,Account 10005,2024-10-21,94.3,growth,43
100,100,100,15,100,96.64,100,80.97,20.31,5.45,41.22,4.13,71.82,85.63,19,91.93,40,60,9.96,90.76,8.76,142.78,100,6,3,1,4.85,92.83,100,50.88,5,8,100,100,100,10005,Account 10005,2024-10-28,93.84,growth,44
100,100,100,13,100,87.74,100,64.95,14.46,5.38,37.38,4.74,85.75,89.62,18,77.15,35,53,5.9,96.4,11.24,57.58,97.1,3,5,0,4.47,79.6,100,65.13,3,7,100,100,100,10005,Account 10005,2024-10-28,93.84,growth,44
100,100,100,9,100,90.85,93.53,97.66,27.58,2.47,57.16,4.24,71.75,90.15,24,87.29,29,61,6.76,94.83,11.36,109.41,94.9,5,3,0,4.63,83.13,100,46.44,3,4,100,100,100,10005,Account 10005,2024-10-28,93.84,growth,44
100,98.75,100,15,98.66,100,100,71.24,16.15,3.49,46.22,7.73,73.71,87.37,23,93.91,28,40,9.85,100,9.07,75.45,94.78,4,5,1,4.82,93.9,100,46.19,3,10,100,100,100,10005,Account 10005,2024-11-04,93.58,growth,45
100,100,100,19,100,90.58,100,87.96,12.53,6.11,35.09,7.39,83.34,98.33,23,88.68,36,56,5.98,91.09,9.81,80.35,97.39,8,6,0,5.13,73.67,100,37.49,3,8,100,100,100,10005,Account 10005,2024-11-04,93.58,growth,45
100,100,100,11,100,100,100,65.76,18.95,3.98,58.06,7.11,85.46,92.31,21,80.88,36,57,6.95,98.53,14.98,122.43,100,4,4,1,4.7,82.75,100,28.53,4,4,100,100,100,10005,Account 10005,2024-11-11,93.08,growth,46
100,91.6,100,23,100,100,100,55.83,26.12,3.37,51.24,5.91,76.19,81.97,19,89.46,37,46,9.51,92.92,13.28,93.63,97.2,3,4,1,4.82,79.25,100,44.65,3,5,100,100,100,10005,Account 10005,2024-11-11,93.08,growth,46
100,78.75,99.05,14,100,84.95,100,109.9,11.67,7.89,32.56,4.98,70.59,89.03,25,86.79,40,53,7.37,95.18,8.34,70.95,94.78,5,3,1,4.81,97.1,100,27.46,6,6,100,100,100,10005,Account 10005,2024-11-18,93.24,growth,47
100,99.3,100,15,100,100,100,102.05,29.61,2.58,51.65,6.58,72.2,87.21,20,77.0,37,57,6.61,100,8.11,87.55,94.92,8,2,1,4.78,81.11,100,32.54,4,8,100,100,100,10005,Account 10005,2024-11-18,93.24,growth,47
100,81.56,94.69,25,100,100,100,137.06,28.94,2.63,41.1,5.6,78.53,93.16,22,85.3,34,41,7.24,100,12.64,88.22,96.76,4,8,0,4.93,82.13,100,23.47,3,9,100,100,100,10005,Account 10005,2024-11-18,93.24,growth,47
100,59.54,82.27,15,100,96.11,97.38,60.4,16.43,2.24,57.25,4.6,85.96,97.05,18,91.8,34,50,9.21,97.5,8.98,150.24,95.14,8,6,1,4.69,77.87,92.39,40.87,6,4,100,100,100,10005,Account 10005,2024-11-25,93.25,growth,48
100,100,100,18,91.25,100,98.86,118.37,30.74,8.05,50.27,6.09,73.99,94.75,24,80.29,30,56,6.78,93.88,14.48,91.85,95.82,7,4,0,4.7,76.64,100,41.6,3,9,100,100,100,10005,Account 10005,2024-12-02,93.53,growth,49
100,82.19,95.75,13,99.05,94.37,100,135.41,12.64,2.05,47.64,5.41,68.65,96.82,24,90.73,33,49,9.72,99.75,10.17,115.73,96.88,6,6,0,4.9,83.76,100,47.81,3,9,100,100,100,10005,Account 10005,2024-12-02,93.53,growth,49
100,83.44,100,12,100,100,100,146.37,22.39,2.52,53.17,7.69,77.03,97.02,17,74.86,34,58,8.97,94.85,14.03,106.16,96.15,5,2,0,4.75,72.46,100,47.6,5,7,100,100,100,10005,Account 10005,2024-12-09,93.63,growth,50
100,79.74,100,10,91.09,96.41,100,50.01,25.25,3.26,32.29,5.51,91.81,88.15,24,97.25,34,46,9.7,100,11.65,117.1,95.78,7,5,0,4.54,80.3,100,30.79,4,10,100,100,100,10005,Account 10005,2024-12-09,93.63,growth,50
100,93.76,100,16,100,95.79,96.32,131.58,11.57,7.29,40.76,6.16,77.14,96.32,22,88.31,40,56,6.44,96.81,14.7,140.74,99.23,7,8,1,4.92,83.49,100,46.23,4,6,100,100,100,10005,Account 10005,2024-12-09,93.63,growth,50
100,96.73,100,12,95.51,84.54,100,125.14,15.17,6.5,33.75,5.72,82.95,94.6,15,93.24,33,40,7.93,100,11.57,84.99,100,4,2,0,4.9,91.51,100,38.26,6,8,100,100,100,10005,Account 10005,2024-12-16,93.31,growth,51
100,100,100,13,98.96,94.25,100,83.27,15.97,4.3,44.94,7.17,83.99,89.12,23,78.37,36,47,6.77,92.71,13.15,67.52,97.4,8,6,1,4.66,96.1,100,45.7,5,9,100,100,100,10005,Account 10005,2024-12-16,93.31,growth,51
100,71.67,100,19,96.84,99.59,97.33,67.97,23.43,2.33,56.84,4.03,72.54,94.66,20,79.71,28,44,6.31,93.1,11.55,108.5,98.15,6,4,1,4.75,81.64,100,46.1,5,9,100,100,100,10005,Account 10005,2024-12-16,93.31,growth,51
100,100,100,18,90.56,100,100,134.55,20.88,4.31,50.19,6.77,78.84,90.33,16,81.83,39,62,8.14,91.33,13.41,81.23,100,8,5,0,4.89,80.42,100,27.55,5,10,100,100,99.84,10005,Account 10005,2024-12-23,93.36,growth,52
100,89.44,100,20,90.65,100,100,89.01,19.43,5.89,43.97,5.79,74.52,95.65,22,84.04,36,42,6.42,97.54,12.41,122.53,94.97,6,4,1,4.61,80.82,100,42.28,4,7,100,100,100,10005,Account 10005,2024-12-23,93.36,growth,52
75.08,39.61,64.69,54,74.51,66.01,68.87,274.2,63.52,18.76,94.66,3.29,62.96,81.26,12,67.17,21,34,3.64,86.79,6.72,337.52,94.9,16,30,3,3.93,62.87,66.5,10.61,2,41,80.65,87.46,71.38,10006,Account 10006,2024-01-01,75,healthy,1
79.84,39.91,60.31,52,75.8,66.79,70.01,276.79,68.66,19.53,100.43,3.09,66.38,78.69,12,65.05,22,35,3.67,86.33,7.12,356.4,96.21,15,31,3,4.25,62.6,69.86,11.45,2,41,78.69,88.99,70.65,10006,Account 10006,2024-01-01,75,healthy,1
78.22,39.17,62.79,55,75.25,66.6,70.52,268.2,65.31,19.2,96.41,3.05,63.23,78.25,12,65.97,22,33,3.77,92.35,6.97,345.9,100,16,33,3,4.25,62.44,66.37,10.62,2,42,79.05,87.28,71.75,10006,Account 10006,2024-01-08,74.58,healthy,2
78.0,39.22,62.75,59,76.6,64.48,72.11,284.6,68.49,21.15,100.3,3.24,66.36,80.91,11,61.74,20,34,3.64,88.66,6.67,394.56,99.86,16,31,3,4.08,62.09,64.5,11.09,2,41,77.77,86.96,70.38,10006,Account 10006,2024-01-15,74.14,healthy,3
77.05,38.69,59.29,58,73.61,66.96,69.5,286.59,73.71,21.48,107.39,2.98,60.92,77.18,12,62.5,20,34,3.66,90.91,7.01,363.03,98.41,17,32,3,4.04,63.96,64.13,10.38,2,45,74.66,89.26,72.38,10006,Account 10006,2024-01-15,74.14,healthy,3
82.39,40.66,63.97,57,76.62,65.49,70.77,281.78,71.22,20.23,104.21,3.17,60.72,75.2,13,66.86,21,34,3.76,86.43,6.56,385.53,98.56,17,34,4,3.87,62.66,65.64,10.57,2,41,75.7,85.7,72.17,10006,Account 10006,2024-01-15,74.14,healthy,3
83.14,39.42,65.34,45,73.69,66.5,72.03,248.02,62.88,17.13,86.69,3.38,64.9,76.93,13,64.64,22,33,4.11,92.51,7.18,323.69,99.51,13,28,3,3.95,64.86,66.24,11.06,2,37,82.83,90.46,70.24,10006,Account 10006,2024-01-22,76.03,healthy,4
88.59,47.79,70.41,43,74.15,71.4,71.27,230.34,54.19,15.43,86.64,3.48,64.79,78.84,12,64.7,21,35,4.13,85.64,7.3,288.54,100,12,23,2,4.29,67.29,85.23,14.42,2,32,79.6,85.59,75.49,10006,Account 10006,2024-01-29,77.14,healthy,5
77.4,43.03,61.16,43,74.27,68.55,72.04,226.94,55.45,15.88,87.09,3.26,62.38,78.03,12,64.41,21,35,3.99,91.64,7.02,284.14,100,13,26,3,4.19,70.16,66.97,12.07,2,33,76.55,89.25,74.4,10006,Account 10006,2024-02-05,76.85,healthy,6
81.01,43.79,64.85,45,74.29,66.1,76.83,221.92,54.87,16.39,85.3,3.42,62.9,80.31,13,64.83,23,34,4.13,90.44,6.99,285.28,94.99,13,26,3,4.16,66.92,71.21,12.15,2,32,81.06,89.75,72.59,10006,Account 10006,2024-02-05,76.85,healthy,6
81.38,44.66,67.13,36,74.68,71.31,75.18,196.28,48.08,13.86,74.28,3.29,68.19,84.77,13,69.87,22,37,4.2,88.74,6.87,247.79,100,11,20,2,4.22,66.46,69.95,11.99,2,28,84.26,91.55,75.66,10006,Account 10006,2024-02-12,78.32,healthy,7
82.09,41.89,66.62,34,77.81,69.95,71.42,191.08,43.0,12.9,67.63,3.38,66.43,80.68,14,70.11,24,36,4.18,90.21,6.95,225.08,100,10,20,2,4.45,69.13,70.57,12.37,2,26,81.89,89.76,75.0,10006,Account 10006,2024-02-19,78.95,healthy,8
85.92,43.12,67.26,30,74.85,71.73,79.46,159.99,39.0,10.56,64.24,3.6,69.7,83.47,14,73.53,24,37,4.29,93.02,7.12,191.9,95.02,9,16,2,4.28,72.14,70.32,13.22,2,21,85.31,88.81,79.8,10006,Account 10006,2024-02-26,80.05,healthy,9
82.62,45.65,69.03,28,73.54,70.42,79.51,163.91,35.93,10.54,63.07,3.61,69.43,83.29,13,72.34,23,38,4.45,93.06,7.38,190.17,100,9,16,2,4.34,70.63,68.37,12.48,2,22,81.79,91.55,73.81,10006,Account 10006,2024-02-26,80.05,healthy,9
85.55,45.24,64.57,30,76.35,69.2,73.09,153.01,36.09,10.3,65.6,3.61,65.53,85.97,14,68.27,23,35,4.24,91.23,7.42,194.21,99.43,9,16,2,4.37,69.62,70.09,13.15,2,20,79.7,88.47,77.91,10006,Account 10006,2024-02-26,80.05,healthy,9
84.42,43.44,66.66,31,73.7,73.38,72.28,166.12,40.84,11.25,64.27,3.71,69.59,80.77,14,69.08,23,37,4.28,93.75,7.06,217.12,97.18,9,17,2,4.17,67.45,68.29,12.46,2,22,79.86,86.58,74.48,10006,Account 10006,2024-03-04,79.68,healthy,10
91.08,48.62,76.62,32,79.47,72.76,73.91,170.29,42.69,11.56,67.72,3.7,67.27,83.14,14,70.08,22,35,4.48,92.12,7.31,229.83,96.0,10,18,2,4.08,66.65,84.7,15.79,2,23,77.71,89.41,71.61,10006,Account 10006,2024-03-11,79.15,healthy,11
81.53,43.96,64.53,34,73.66,68.74,77.35,182.64,45.62,12.19,72.43,3.4,67.41,81.57,14,69.38,23,35,4.38,90.3,6.93,243.81,99.46,10,18,2,4.11,66.97,70.02,12.18,2,26,84.18,83.18,78.7,10006,Account 10006,2024-03-18,78.78,healthy,12
83.43,42.64,68.11,34,77.35,73.36,77.41,188.06,41.8,12.59,73.44,3.42,63.56,83.59,13,70.83,22,37,4.32,91.25,7.52,237.57,100,10,18,2,4.42,69.82,67.23,12.16,2,26,84.71,86.81,77.74,10006,Account 10006,2024-03-25,78.93,healthy,13
82.39,44.33,64.75,33,73.89,71.74,77.1,172.28,39.29,11.53,65.79,3.55,69.44,84.72,14,68.47,22,38,4.14,94.77,7.7,211.94,100,9,18,2,4.11,70.42,70.54,12.19,2,23,79.87,91.82,73.58,10006,Account 10006,2024-04-01,79.47,healthy,14
84.87,45.38,64.08,29,80.8,70.38,76.13,161.93,36.44,10.68,60.81,3.45,65.7,82.69,14,70.27,23,39,4.28,93.03,7.4,186.94,100,8,15,2,4.42,71.17,70.76,13.04,2,19,84.42,89.48,74.29,10006,Account 10006,2024-04-08,80.16,healthy,15
85.58,43.75,63.56,28,77.99,73.43,79.72,162.03,37.21,10.54,60.79,3.77,68.17,82.55,13,69.16,24,36,4.62,94.49,7.58,186.7,100,8,16,2,4.5,70.9,69.55,12.74,2,21,82.83,87.28,74.57,10006,Account 10006,2024-04-08,80.16,healthy,15
87.13,47.03,68.04,20,76.25,69.63,79.46,116.07,26.67,6.53,49.45,3.89,67.8,86.08,14,75.53,23,37,4.84,88.37,7.53,132.13,95.54,5,10,1,4.55,75.5,76.33,13.56,2,12,82.92,87.38,77.63,10006,Account 10006,2024-04-15,82.19,healthy,16
79.75,45.57,68.82,19,79.96,74.25,79.19,111.61,25.07,6.73,48.32,3.66,70.09,79.59,14,75.66,25,40,4.5,92.5,7.65,139.33,100,6,10,1,4.54,75.36,72.47,14.43,2,13,87.44,84.99,75.4,10006,Account 10006,2024-04-15,82.19,healthy,16
82.52,45.82,64.58,20,74.91,72.09,76.19,110.11,26.67,6.93,48.85,3.83,70.77,81.9,14,71.77,24,40,4.76,95.71,7.64,134.79,100,6,10,1,4.2,69.02,75.84,14.43,2,13,84.84,88.13,78.27,10006,Account 10006,2024-04-15,82.19,healthy,16
85.95,49.27,70.23,21,81.23,75.04,76.5,119.97,25.98,7.13,51.01,3.9,66.75,79.62,15,73.04,25,38,4.84,87.15,7.42,134.12,98.29,6,11,1,4.32,70.86,71.3,14.17,2,14,84.49,88.07,77.77,10006,Account 10006,2024-04-22,82.03,healthy,17
87.02,48.72,69.37,20,75.51,75.37,77.19,116.78,25.7,7.05,48.16,3.58,67.36,85.31,15,75.29,25,37,4.77,93.06,7.68,138.67,98.19,6,10,1,4.28,73.29,71.09,13.34,2,13,81.46,91.46,80.0,10006,Account 10006,2024-04-22,82.03,healthy,17
82.93,45.73,67.03,21,81.46,73.1,78.88,116.59,25.52,7.03,50.2,3.89,66.98,81.01,14,71.01,24,39,4.83,95.04,7.56,133.1,100,6,10,1,4.17,73.26,74.22,14.16,2,13,84.19,89.92,78.99,10006,Account 10006,2024-04-22,82.03,healthy,17
85.76,47.98,64.69,20,77.45,70.91,75.82,114.83,25.11,7.35,48.09,3.7,71.01,83.3,14,69.34,24,38,4.46,88.25,7.54,132.11,97.08,6,11,1,4.54,68.87,73.12,13.61,2,13,82.16,84.86,76.71,10006,Account 10006,2024-04-29,82.07,healthy,18
88.58,46.83,70.77,11,80.78,71.95,75.74,67.02,14.52,3.32,35.31,4.08,72.21,88.69,15,74.91,25,40,4.9,89.17,8.06,68.55,95.25,3,4,0,4.38,70.58,71.69,14.76,2,4,86.47,92.38,79.93,10006,Account 10006,2024-05-06,84.29,healthy,19
80.19,48.36,67.87,12,82.43,72.33,81.28,70.41,15.51,3.71,38.55,4.02,69.54,85.19,15,74.45,25,40,4.72,88.94,8.08,77.88,100,3,5,0,4.61,76.96,76.04,15.15,2,6,85.81,85.52,77.29,10006,Account 10006,2024-05-13,83.95,healthy,20
80.79,47.78,71.55,12,81.84,77.34,76.64,73.56,15.14,3.62,37.82,3.86,71.88,85.47,14,75.23,24,38,4.71,94.52,7.71,78.26,95.94,3,5,0,4.44,71.96,71.29,15.13,2,6,80.21,92.05,81.99,10006,Account 10006,2024-05-13,83.95,healthy,20
82.64,49.5,68.39,12,83.25,73.15,81.65,72.33,15.52,3.93,35.44,3.76,67.62,84.02,15,74.77,25,39,5.06,90.95,7.61,82.74,97.97,3,5,0,4.63,72.68,71.2,15.14,2,6,81.54,85.86,77.8,10006,Account 10006,2024-05-13,83.95,healthy,20
97.51,56.64,79.85,10,76.16,75.05,81.92,62.57,12.16,2.7,33.07,3.78,68.13,83.95,14,74.85,24,38,5.16,92.81,8.13,66.06,96.87,3,3,0,4.5,77.73,91.79,17.12,2,4,84.37,87.84,82.55,10006,Account 10006,2024-05-20,84.52,healthy,21
100,100,100,15,100,100,96.95,52.51,16.71,4.42,33.81,5.83,69.22,89.54,20,79.1,32,51,7.07,98.96,15.05,64.41,100,5,5,1,4.68,90.18,100,37.26,4,5,100,100,100,10006,Account 10006,2024-05-27,86.27,growth,22
100,85.65,100,18,96.36,90.61,95.56,143.86,15.75,2.65,33.9,4.56,90.6,94.81,20,83.77,33,46,7.3,93.63,14.26,141.01,100,5,3,0,4.89,89.39,100,56.01,5,9,100,100,95.84,10006,Account 10006,2024-05-27,86.27,growth,22
100,100,100,12,94.98,86.71,100,130.72,23.98,6.05,39.59,5.76,80.74,96.55,23,79.8,30,59,7.52,99.48,12.98,124.87,97.7,5,6,1,4.99,92.24,100,37.25,3,5,100,100,100,10006,Account 10006,2024-05-27,86.27,growth,22
100,97.13,100,16,100,100,100,76.29,24.24,4.59,36.16,7.59,72.1,85.12,22,86.25,36,53,7.66,91.16,10.7,70.47,100,2,5,1,4.45,86.37,100,46.69,3,8,100,100,100,10006,Account 10006,2024-05-27,86.27,growth,22
100,80.49,100,24,100,100,98.55,111.72,26.26,6.23,37.29,6.28,81.84,92.79,20,85.51,36,41,5.24,91.93,9.13,84.84,100,2,8,0,4.77,75.34,100,54.34,4,4,100,100,100,10006,Account 10006,2024-06-03,86.37,growth,23
100,79.47,100,12,95.04,100,91.39,138.64,26.59,6.81,44.53,7.77,84.9,92.41,21,88.06,35,57,9.23,91.39,10.35,109.29,96.73,3,6,0,4.57,85.12,100,47.02,4,8,100,100,100,10006,Account 10006,2024-06-03,86.37,growth,23
100,70.78,100,8,100,100,100,60.84,26.45,5.34,55.48,5.74,77.24,95.49,20,78.91,24,59,5.0,99.47,13.2,94.7,100,5,2,0,4.4,84.72,100,24.4,4,4,100,100,98.35,10006,Account 10006,2024-06-03,86.37,growth,23
100,100,92.93,14,99.9,97.69,91.99,111.63,13.71,2.95,48.44,6.53,89.6,85.15,16,87.7,26,52,8.42,90.62,12.25,132.71,100,7,6,1,4.42,80.76,100,44.03,6,4,100,100,100,10006,Account 10006,2024-06-03,86.37,growth,23
100,85.71,100,11,100,100,100,96.2,18.22,2.28,40.43,7.12,71.62,94.28,15,81.74,33,60,8.84,90.08,12.91,138.14,97.51,3,6,0,4.81,90.43,100,45.21,5,7,100,100,100,10006,Account 10006,2024-06-10,86.15,growth,24
100,70.15,100,10,97.19,91.07,96.82,72.07,24.75,3.82,48.03,4.14,76.25,99.85,24,82.43,34,50,9.74,91.49,11.93,104.88,99.65,5,3,0,4.69,83.06,100,36.2,4,9,100,100,100,10006,Account 10006,2024-06-10,86.15,growth,24
100,74.23,92.66,20,94.39,100,96.51,70.54,18.71,6.69,53.72,7.02,72.5,84.88,20,75.38,30,45,5.26,96.51,10.22,127.84,98.8,3,7,1,4.41,85.62,100,33.12,6,9,100,100,100,10006,Account 10006,2024-06-17,88.37,growth,25
100,86.27,97.77,13,95.0,95.58,100,78.42,11.73,3.63,28.84,6.29,77.98,94.62,18,86.42,26,58,9.65,98.68,8.26,59.09,99.41,6,5,0,4.73,91.86,100,27.59,5,6,100,100,100,10006,Account 10006,2024-06-17,88.37,growth,25
100,99.02,100,23,99.85,93.19,100,114.55,9.86,4.52,39.75,4.98,91.19,91.65,18,82.42,33,57,8.94,99.61,15.35,68.47,100,7,3,0,4.62,80.33,100,44.75,3,5,100,100,100,10006,Account 10006,2024-06-24,87.82,growth,26
100,100,100,9,96.78,94.01,96.72,101.12,25.26,4.43,32.87,6.41,82.4,98.05,16,83.22,38,48,5.93,91.01,10.46,95.25,100,3,2,1,4.95,83.09,100,56.89,4,9,100,100,100,10006,Account 10006,2024-06-24,87.82,growth,26
100,93.11,100,15,95.56,100,100,118.7,29.03,5.68,56.23,7.05,78.26,85.78,25,76.45,30,47,6.49,92.28,13.33,71.82,100,8,2,1,4.82,80.36,100,30.25,5,8,100,100,100,10006,Account 10006,2024-07-01,89.8,growth,27
100,100,100,11,97.99,96.33,93.97,138.38,18.28,6.25,34.93,5.45,86.7,100,19,74.62,36,52,8.97,99.41,12.7,135.99,100,2,4,1,4.79,90.69,100,51.59,3,10,100,100,100,10006,Account 10006,2024-07-01,89.8,growth,27
100,91.94,90.44,10,97.66,100,94.61,139.92,28.76,4.64,44.68,5.71,80.59,89.89,17,91.1,29,59,8.34,94.18,10.83,94.64,100,7,3,1,4.6,84.09,100,29.17,5,8,100,100,100,10006,Account 10006,2024-07-08,89.43,growth,28
100,91.02,95.27,13,100,100,100,63.99,21.62,7.6,29.89,5.89,83.39,86.73,22,75.23,30,51,9.46,96.34,12.79,135.02,100,3,5,0,4.95,86.21,100,28.96,6,9,100,100,100,10006,Account 10006,2024-07-08,89.43,growth,28
100,100,100,15,100,100,89.14,97.57,28.2,7.19,55.86,5.73,70.82,85.08,18,81.36,29,41,6.28,92.11,12.78,139.57,100,5,7,1,4.5,75.63,100,41.09,4,8,100,100,100,10006,Account 10006,2024-07-15,90.92,growth,29
100,100,100,11,100,100,100,108.41,9.9,2.66,41.58,5.49,86.72,96.68,19,89.87,28,41,9.48,100,10.09,106.24,100,6,5,0,4.94,86.98,100,75.07,5,3,100,100,100,10006,Account 10006,2024-07-15,90.92,growth,29
100,100,100,17,91.94,89.56,95.03,89.13,20.74,4.5,47.72,4.64,77.41,98.44,24,94.82,32,52,7.36,92.76,13.66,118.78,100,4,4,0,4.64,81.31,100,72.42,4,7,100,100,100,10006,Account 10006,2024-07-15,90.92,growth,29
100,100,100,9,100,100,100,136.8,26.56,2.57,50.02,7.1,68.67,89.18,18,78.44,25,48,8.08,91.79,11.96,110.42,99.1,3,6,0,5.0,82.15,100,59.85,3,3,100,100,100,10006,Account 10006,2024-07-15,90.92,growth,29
100,100,100,21,89.92,100,98.29,82.89,12.3,7.07,40.13,6.74,80.89,93.21,16,84.96,27,59,9.51,97.7,9.83,77.21,95.31,3,3,0,4.92,79.75,100,30.44,5,5,100,100,100,10006,Account 10006,2024-07-22,91.28,growth,30
100,90.02,100,19,100,96.81,100,138.95,17.97,3.14,40.62,7.69,86.61,85.49,17,93.59,33,48,9.17,98.18,11.61,103.77,99.44,7,3,1,4.98,81.35,100,46.65,4,8,100,100,100,10006,Account 10006,2024-07-22,91.28,growth,30
100,100,100,15,100,91.84,89.08,84.86,27.78,4.45,31.93,4.72,86.25,93.53,15,79.4,28,52,9.63,89.47,12.31,79.97,97.52,3,4,1,5.15,72.43,100,44.26,5,8,100,100,100,10006,Account 10006,2024-07-22,91.28,growth,30
100,96.65,100,9,100,100,99.91,93.86,21.61,6.01,56.04,4.19,84.88,99.3,25,87.45,26,62,5.17,92.43,12.34,101.64,100,7,6,0,4.87,85.91,100,62.03,5,8,100,100,100,10006,Account 10006,2024-07-22,91.28,growth,30
100,80.61,100,9,100,92.73,100,75.34,10.5,4.5,55.6,7.78,85.62,89.7,23,88.47,32,49,9.53,94.56,12.87,81.96,100,5,2,1,4.56,92.42,100,45.01,4,8,100,100,100,10006,Account 10006,2024-07-29,92.63,growth,31
100,87.04,100,15,94.77,94.12,100,134.59,25.28,6.14,33.8,5.81,83.26,91.66,21,80.72,26,50,9.17,89.8,10.44,131.64,100,4,4,1,4.86,81.36,100,47.35,6,3,100,100,100,10006,Account 10006,2024-07-29,92.63,growth,31
100,84.83,100,10,100,100,88.57,57.13,14.09,4.47,42.45,4.43,75.83,90.73,16,87.8,34,46,9.3,96.69,10.96,113.66,96.75,7,5,1,4.76,83.77,100,55.09,4,9,100,100,100,10006,Account 10006,2024-07-29,92.63,growth,31
100,100,100,15,100,100,99.41,88.02,17.87,5.88,37.55,4.89,70.81,86.18,21,92.2,29,60,7.61,91.95,13.87,130.33,96.47,6,6,1,4.91,79.24,100,54.82,6,3,100,100,100,10006,Account 10006,2024-07-29,92.63,growth,31
100,68.7,86.11,21,100,100,100,54.27,28.32,5.54,42.38,4.66,80.38,96.36,20,92.74,28,52,5.41,92.62,14.78,55.58,95.56,4,3,1,5.12,91.52,100,43.51,6,4,100,100,100,10006,Account 10006,2024-08-05,92.06,growth,32
100,84.73,83.08,13,97.5,90.4,100,72.15,12.02,6.39,29.91,5.58,82.28,88.74,23,84.89,38,55,5.2,89.76,7.96,129.59,99.71,6,4,0,4.72,78.48,93.77,32.63,4,9,100,100,100,10006,Account 10006,2024-08-05,92.06,growth,32
100,92.73,100,9,100,100,98.76,136.96,23.21,5.69,48.46,5.69,73.87,87.46,17,97.54,38,48,5.17,97.33,10.49,52.31,97.09,7,4,0,5.07,84.54,100,46.0,5,8,100,100,100,10006,Account 10006,2024-08-12,92.26,growth,33
100,88.68,100,19,100,84.9,100,128.52,29.47,7.83,37.92,7.93,75.93,88.86,18,81.73,32,48,8.12,92.59,10.97,103.85,100,3,3,1,5.04,88.08,100,23.9,5,4,100,100,100,10006,Account 10006,2024-08-12,92.26,growth,33
100,78.65,100,15,91.77,89.7,100,67.94,27.82,7.24,48.41,5.39,81.03,93.02,22,79.1,33,55,9.84,96.21,14.29,154.08,99.13,4,6,1,5.14,78.5,100,49.01,5,6,100,100,100,10006,Account 10006,2024-08-19,93.9,growth,34
100,72.65,98.78,12,94.37,87.09,100,81.2,28.72,6.21,32.99,6.08,75.71,92.21,16,89.41,24,54,6.01,94.03,9.33,81.18,100,3,6,1,4.82,78.54,100,36.08,5,7,100,100,100,10006,Account 10006,2024-08-19,93.9,growth,34
100,100,100,17,94.94,96.54,100,115.02,22.05,7.0,59.66,5.73,79.05,87.43,25,88.27,34,60,7.65,96.66,12.28,70.05,100,4,5,1,4.75,87.74,100,63.19,4,4,100,100,100,10006,Account 10006,2024-08-26,93.96,growth,35
100,82.64,100,20,100,88.86,100,89.95,28.6,1.97,31.2,6.13,80.54,95.93,24,86.17,31,43,8.41,93.71,12.25,121.04,100,6,7,1,4.57,88.23,100,43.91,5,6,100,100,100,10006,Account 10006,2024-08-26,93.96,growth,35
100,100,100,20,100,89.49,95.37,75.98,24.96,6.19,40.64,5.14,78.68,89.18,22,90.9,26,56,10.16,98.76,8.28,77.31,95.56,6,7,0,4.96,88.34,100,54.62,5,10,100,100,100,10006,Account 10006,2024-08-26,93.96,growth,35
100,100,100,12,98.53,98.9,100,52.37,26.42,2.84,41.2,8.17,83.55,93.97,24,89.01,27,51,7.66,97.84,7.99,59.92,96.98,3,6,0,4.73,85.3,100,43.25,4,7,100,100,100,10006,Account 10006,2024-09-02,95.43,growth,36
100,92.62,100,18,98.36,95.71,100,130.82,24.72,2.88,44.61,4.6,85.07,88.09,18,90.37,29,54,9.3,95.89,8.95,77.81,95.4,4,4,0,4.85,85.3,100,48.18,6,9,100,100,100,10006,Account 10006,2024-09-02,95.43,growth,36
100,88.47,100,17,100,100,98.26,82.79,15.99,3.37,31.3,6.27,84.37,89.12,17,89.55,32,49,6.56,89.59,14.52,127.49,100,7,7,1,4.65,92.16,100,28.43,3,3,100,100,100,10006,Account 10006,2024-09-02,95.43,growth,36
100,88.32,100,12,95.92,87.86,100,140.91,10.77,6.42,31.41,7.71,86.44,95.17,23,81.26,34,40,9.16,99.78,12.82,73.42,100,2,4,0,4.85,90.32,100,53.61,5,3,100,100,100,10006,Account 10006,2024-09-02,95.43,growth,36
100,100,100,20,96.41,100,87.88,114.68,17.89,5.24,50.48,7.98,83.78,96.97,19,81.38,41,45,6.53,95.62,9.87,83.86,98.05,6,7,1,4.85,91.17,100,41.19,5,6,100,100,100,10006,Account 10006,2024-09-09,97.32,growth,37
100,100,100,15,100,86.9,100,146.18,24.3,4.69,51.11,7.6,70.56,82.03,20,79.2,37,51,7.58,95.6,9.1,111.2,99.66,2,3,0,4.69,91.98,100,47.69,3,9,100,100,100,10006,Account 10006,2024-09-09,97.32,growth,37
100,100,100,15,95.98,99.28,100,135.41,12.84,4.87,29.88,7.49,77.93,92.73,24,93.48,26,39,9.4,92.82,8.54,114.34,100,6,3,1,4.63,92.4,100,66.98,5,9,100,100,99.53,10006,Account 10006,2024-09-09,97.32,growth,37
100,100,100,16,96.54,90.33,100,87.59,14.3,5.92,37.86,5.56,70.92,91.58,23,93.89,35,58,7.15,98.53,11.47,67.25,95.42,5,4,1,5.09,80.91,100,35.18,6,5,100,100,100,10006,Account 10006,2024-09-09,97.32,growth,37
100,91.86,100,13,93.15,100,100,122.44,19.38,5.71,36.03,5.46,88.5,97.13,16,79.07,27,50,9.47,97.72,9.41,134.49,96.29,2,7,1,4.49,75.54,100,45.45,6,5,100,100,100,10006,Account 10006,2024-09-16,98,growth,38
100,80.39,100,18,99.64,100,100,138.47,29.52,4.45,54.87,4.4,74.2,99.33,20,86.11,40,48,8.42,96.77,8.4,116.99,100,5,6,0,4.63,87.53,100,52.05,4,6,100,100,100,10006,Account 10006,2024-09-16,98,growth,38
100,100,100,15,100,95.2,100,80.44,10.2,3.84,43.33,6.22,93.63,82.46,23,96.43,39,44,9.77,94.6,13.95,59.9,96.42,2,3,0,4.48,74.18,100,25.8,5,7,100,100,100,10006,Account 10006,2024-09-16,98,growth,38
100,100,93.15,9,100,94.78,100,60.88,22.0,2.28,40.53,7.82,85.12,86.18,24,75.06,29,60,6.95,95.67,9.36,73.34,97.27,3,4,0,5.0,91.63,100,26.8,5,4,100,100,100,10006,Account 10006,2024-09-16,98,growth,38
100,84.02,100,23,100,100,94.48,69.04,20.9,7.48,43.52,6.39,88.3,95.36,24,75.9,35,46,6.82,95.56,14.53,99.56,98.07,8,8,0,4.44,88.77,100,47.52,6,6,100,100,100,10006,Account 10006,2024-09-23,98,growth,39
100,73.75,100,15,100,88.82,96.73,112.04,19.8,2.49,39.97,7.37,72.29,91.97,23,91.55,27,54,5.0,90.84,13.65,63.7,97.14,5,2,1,4.66,86.71,100,22.89,6,9,100,100,100,10006,Account 10006,2024-09-23,98,growth,39
100,81.39,100,23,97.75,100,98.26,133.16,17.51,2.77,48.21,5.64,80.18,93.42,23,80.22,35,51,8.9,97.83,8.21,120.16,100,2,5,0,4.82,84.05,100,50.34,6,9,100,100,100,10006,Account 10006,2024-09-30,97.71,growth,40
100,100,100,13,100,100,100,149.38,10.79,3.2,39.84,6.15,88.32,93.7,16,77.81,36,56,9.74,93.81,12.97,99.17,100,3,4,0,4.8,79.35,100,60.64,4,6,100,100,100,10006,Account 10006,2024-09-30,97.71,growth,40
100,100,100,15,90.41,86.51,97.57,93.91,15.91,6.16,50.14,7.18,91.59,87.04,20,89.18,38,45,8.17,95.21,13.57,106.24,96.29,4,7,0,4.36,88.04,100,39.15,5,4,100,100,100,10006,Account 10006,2024-09-30,97.71,growth,40
100,100,100,23,100,97.0,100,97.82,27.4,4.13,61.89,3.93,71.54,92.55,24,95.67,25,54,10.08,100,7.8,68.87,95.49,2,5,1,4.9,87.85,100,39.38,5,6,100,100,100,10006,Account 10006,2024-09-30,97.71,growth,40
100,74.32,93.56,24,100,100,100,136.07,23.38,4.06,45.1,5.4,75.42,85.44,24,90.67,28,52,6.4,93.64,9.5,95.45,94.79,7,7,0,4.83,94.0,100,45.24,3,9,100,100,100,10006,Account 10006,2024-10-07,98,growth,41
100,78.9,100,24,100,90.15,100,108.85,29.86,4.54,29.36,4.91,88.23,91.59,22,83.32,28,42,7.85,95.92,9.06,50.65,97.81,8,7,1,4.53,79.41,100,52.1,5,7,100,100,100,10006,Account 10006,2024-10-07,98,growth,41
100,89.22,100,9,100,100,100,84.53,16.77,3.68,48.55,6.43,78.28,91.46,21,74.69,36,60,5.71,95.62,14.08,49.06,100,3,7,0,4.82,77.32,100,22.81,6,4,100,100,100,10006,Account 10006,2024-10-07,98,growth,41
100,84.49,100,16,98.66,100,100,136.72,10.55,6.89,54.83,5.5,72.76,100,24,87.45,31,58,9.32,93.32,13.52,130.3,97.48,6,3,1,4.66,82.33,100,32.92,5,6,100,100,100,10006,Account 10006,2024-10-07,98,growth,41
100,93.88,94.54,17,98.84,100,93.99,143.95,12.57,7.87,55.35,8.01,78.11,89.06,20,82.56,27,41,8.53,96.2,10.32,87.81,100,4,2,1,4.68,75.87,100,48.14,4,6,100,100,100,10006,Account 10006,2024-10-14,98,growth,42
100,79.48,100,11,89.73,99.25,100,92.34,13.71,7.45,32.25,3.97,83.75,93.98,16,83.98,28,41,6.75,97.88,13.27,120.37,95.59,3,5,1,4.97,88.34,100,47.98,5,10,100,100,100,10006,Account 10006,2024-10-14,98,growth,42
100,100,100,21,90.34,100,100,99.15,23.75,5.88,58.49,5.2,75.73,93.53,19,74.88,36,45,5.27,94.19,10.63,60.38,100,5,6,0,4.66,79.89,100,50.36,5,7,100,100,100,10006,Account 10006,2024-10-21,98,growth,43
100,88.77,100,23,96.71,86.43,89.02,132.55,25.76,7.49,59.05,6.85,78.62,93.33,17,81.57,29,44,6.33,98.35,14.37,103.63,100,6,7,1,4.6,90.43,100,46.3,6,10,100,100,100,10006,Account 10006,2024-10-21,98,growth,43
100,100,100,21,100,100,100,55.07,21.72,7.85,41.64,5.09,87.31,91.14,21,89.9,37,58,5.76,95.91,12.23,97.75,95.13,6,5,1,4.9,86.43,100,56.48,5,9,100,100,100,10006,Account 10006,2024-10-21,98,growth,43
100,83.67,98.24,13,100,100,100,92.17,28.09,6.52,58.71,4.23,85.31,89.73,18,92.11,28,49,8.86,95.02,10.76,107.76,97.12,7,5,0,4.87,84.27,100,32.12,5,7,100,100,100,10006,Account 10006,2024-10-28,97.62,growth,44
100,87.1,100,19,88.54,100,100,112.7,15.9,2.16,43.89,7.59,83.96,87.58,24,82.17,39,48,5.46,97.07,9.35,92.72,100,7,6,0,4.76,93.59,100,30.91,4,3,100,100,100,10006,Account 10006,2024-10-28,97.62,growth,44
100,100,96.21,24,93.3,97.09,100,126.59,17.16,7.05,52.02,7.35,85.2,92.81,22,89.75,40,55,7.69,96.36,10.71,98.83,95.18,2,6,0,4.43,91.93,100,36.54,4,6,100,100,100,10006,Account 10006,2024-10-28,97.62,growth,44
100,100,100,17,92.46,92.2,100,91.54,15.52,6.34,31.85,7.34,67.35,90.83,16,73.23,38,55,6.81,94.42,12.13,86.15,97.53,6,3,1,4.81,73.85,100,65.14,5,4,100,100,100,10006,Account 10006,2024-11-04,98,growth,45
100,90.7,100,23,95.81,89.15,100,51.54,26.72,3.91,46.5,6.84,85.34,92.74,19,99.54,39,49,6.45,91.91,14.1,53.96,96.91,7,6,0,4.74,85.78,100,47.99,6,6,100,100,100,10006,Account 10006,2024-11-04,98,growth,45
100,100,100,19,100,100,94.0,103.67,16.93,5.85,56.72,4.11,87.83,93.74,18,77.51,38,40,5.15,91.49,8.53,128.96,99.44,3,5,0,5.11,85.84,100,60.06,4,10,100,100,100,10006,Account 10006,2024-11-04,98,growth,45
100,79.39,100,14,89.05,100,100,89.23,21.71,4.11,61.86,4.39,73.3,84.17,16,90.04,38,47,7.92,97.23,11.04,137.27,100,3,6,1,4.68,80.53,100,48.99,3,6,100,100,100,10006,Account 10006,2024-11-04,98,growth,45
100,82.29,100,22,98.52,91.3,100,137.77,23.44,2.64,54.05,6.57,69.61,91.4,23,73.39,26,44,6.73,100,10.9,137.81,95.77,8,8,0,4.78,81.62,100,57.93,4,8,100,100,100,10006,Account 10006,2024-11-11,98,growth,46
100,100,100,11,100,100,97.49,55.93,30.28,5.39,49.75,7.99,84.2,88.01,23,88.8,30,61,8.03,87.81,11.48,54.5,100,4,5,0,4.78,78.83,100,55.59,5,8,100,100,100,10006,Account 10006,2024-11-11,98,growth,46
100,83.72,100,23,98.55,98.93,97.27,62.99,21.01,7.19,45.59,6.68,81.39,83.66,18,93.43,28,54,7.05,99.93,12.09,143.4,99.7,3,5,1,4.67,92.55,100,47.31,4,3,100,100,98.3,10006,Account 10006,2024-11-11,98,growth,46
100,89.67,100,18,100,100,100,74.24,21.74,6.85,36.49,7.54,72.16,87.31,16,87.74,30,52,9.3,93.56,8.32,101.28,95.89,4,5,0,4.43,93.37,100,33.98,3,4,100,100,98.29,10006,Account 10006,2024-11-11,98,growth,46
100,90.02,92.53,11,92.65,85.65,100,55.98,15.53,5.08,42.55,4.22,79.95,90.72,20,92.34,39,42,6.06,92.38,10.84,99.24,100,3,8,1,4.55,92.71,100,50.83,5,9,100,100,100,10006,Account 10006,2024-11-18,98,growth,47
100,74.75,100,18,96.82,100,100,126.91,14.24,6.41,44.35,6.08,68.65,100,16,92.61,36,44,5.44,91.86,9.05,124.76,100,7,7,0,4.46,91.71,100,29.9,6,3,100,100,100,10006,Account 10006,2024-11-18,98,growth,47
100,83.54,100,14,98.69,90.51,93.17,87.0,27.14,7.08,38.93,6.05,74.01,93.24,19,78.33,27,59,6.75,97.71,10.75,136.97,100,4,7,0,4.44,82.9,100,41.18,3,8,100,100,100,10006,Account 10006,2024-11-18,98,growth,47
100,87.81,100,12,89.02,100,100,77.82,27.12,2.35,32.35,7.55,79.09,97.9,24,92.49,39,43,5.09,100,10.97,79.52,97.06,3,7,0,4.75,73.45,100,52.98,4,9,100,100,100,10006,Account 10006,2024-11-18,98,growth,47
100,93.37,100,13,100,100,97.59,88.8,29.31,2.68,60.45,7.71,87.24,91.79,17,88.42,30,41,9.42,94.13,14.66,139.96,100,6,5,1,5.16,85.36,100,31.97,6,7,100,100,100,10006,Account 10006,2024-11-25,98,growth,48
100,89.14,100,11,100,90.51,100,80.82,10.84,6.63,53.24,7.84,86.02,91.0,15,75.4,37,44,6.79,91.42,9.49,124.8,96.49,7,5,0,4.91,73.36,100,54.44,6,3,100,100,100,10006,Account 10006,2024-11-25,98,growth,48
100,100,100,21,100,100,100,115.18,16.45,5.96,54.93,6.35,79.14,97.06,25,90.32,33,54,4.92,97.25,9.37,100.17,95.04,3,3,1,4.6,81.9,100,29.25,3,8,100,100,100,10006,Account 10006,2024-11-25,98,growth,48
100,90.83,100,16,100,100,100,129.63,17.41,6.01,36.68,5.34,83.63,91.72,20,91.29,27,51,7.87,100,11.09,95.97,100,8,5,0,4.8,73.29,100,58.25,6,8,100,100,100,10006,Account 10006,2024-11-25,98,growth,48
100,89.28,100,21,100,93.61,92.67,93.29,14.93,6.54,40.26,4.43,87.03,83.13,24,84.28,37,62,9.49,92.81,10.48,95.04,100,3,6,0,4.92,92.73,100,59.91,5,7,100,100,100,10006,Account 10006,2024-12-02,97.65,growth,49
100,84.57,100,22,100,100,100,52.39,22.17,7.39,51.84,6.01,75.26,89.37,22,91.66,28,41,7.96,91.07,12.25,86.0,95.84,3,6,0,4.61,79.03,100,55.28,6,5,100,100,100,10006,Account 10006,2024-12-02,97.65,growth,49
100,99.54,100,19,91.78,100,91.38,75.97,23.88,3.54,38.63,4.18,73.4,88.13,21,80.33,37,45,7.65,100,8.56,76.99,96.39,8,6,1,4.79,81.35,100,59.39,4,8,100,100,100,10006,Account 10006,2024-12-02,97.65,growth,49
100,100,100,23,100,97.41,100,147.78,18.33,6.02,43.24,7.28,85.76,86.29,18,73.58,29,43,9.62,90.91,10.72,67.51,96.1,2,5,0,4.62,81.13,100,33.96,6,4,100,100,100,10006,Account 10006,2024-12-09,98,growth,50
100,100,100,9,96.0,100,100,140.43,12.2,7.85,44.82,4.63,85.24,90.03,16,90.96,39,51,6.62,96.46,15.38,114.81,98.25,5,6,0,4.82,91.09,100,45.99,4,6,100,100,100,10006,Account 10006,2024-12-09,98,growth,50
100,100,100,15,100,96.55,98.18,151.62,9.78,6.92,50.66,6.09,71.38,97.29,23,83.58,28,54,5.39,100,14.33,91.15,95.9,8,5,0,4.81,88.65,100,40.65,4,3,100,100,100,10006,Account 10006,2024-12-09,98,growth,50
100,94.83,98.34,15,96.59,100,99.85,129.38,29.9,6.73,49.46,8.23,84.32,90.22,21,88.04,29,46,5.39,94.58,13.58,86.41,96.06,3,4,1,5.02,83.96,100,28.24,5,7,100,100,100,10006,Account 10006,2024-12-16,98,growth,51
100,96.4,100,20,100,97.57,100,143.67,29.18,5.79,57.71,4.45,82.52,91.66,17,93.78,31,46,8.48,95.55,7.8,77.87,100,7,8,0,4.45,82.72,100,30.24,5,9,100,100,99.92,10006,Account 10006,2024-12-16,98,growth,51
100,93.22,100,14,92.86,95.22,97.62,127.97,26.92,5.88,30.28,6.19,83.96,91.13,24,86.05,36,54,8.06,91.38,9.28,146.6,100,7,6,0,5.0,85.71,100,23.55,2,5,100,100,100,10006,Account 10006,2024-12-23,97.38,growth,52
100,87.51,92.55,13,100,88.08,100,132.65,21.42,6.44,37.06,5.68,77.82,93.5,24,96.72,28,57,5.71,95.27,11.46,131.01,100,8,4,0,4.85,80.76,100,26.55,4,10,100,100,100,10006,Account 10006,2024-12-23,97.38,growth,52
74.43,29.87,51.35,99,70.15,58.08,64.3,498.43,130.92,38.61,166.56,2.34,59.07,74.6,9,55.61,17,27,2.52,85.31,5.49,691.7,100,31,61,7,3.52,52.21,55.98,6.55,1,83,74.52,84.39,60.26,10007,Account 10007,2024-01-29,64.18,at_risk,5
73.55,27.68,51.18,99,64.52,57.84,64.91,525.15,128.78,37.33,167.63,2.21,54.56,69.78,9,53.87,16,27,2.39,83.09,5.59,714.8,97.41,31,62,7,3.8,54.74,55.18,6.53,1,79,72.56,78.21,62.97,10007,Account 10007,2024-02-05,63.68,at_risk,6
71.86,27.17,50.5,110,65.73,53.56,59.77,562.16,146.78,44.75,197.81,2.13,53.87,73.61,9,53.36,15,26,2.07,86.28,5.08,802.97,95.23,33,71,8,3.69,52.24,57.93,5.42,1,91,67.76,84.38,62.81,10007,Account 10007,2024-02-12,61.03,at_risk,7
70.77,24.37,51.83,118,63.61,53.33,62.32,563.35,147.57,43.14,202.78,1.99,55.0,73.16,8,51.32,15,26,2.0,83.01,4.92,781.38,98.27,34,67,8,3.39,49.95,55.69,5.42,1,99,68.54,78.96,60.54,10007,Account 10007,2024-02-19,60.4,at_risk,8
57.21,9.41,41.69,108,59.46,41.23,59.55,515.92,105.76,32.11,166.46,1.79,55.99,70.38,6,44.93,9,14,0.61,74.24,3.31,720.95,93.78,29,63,5,2.75,36.29,42.2,0,0,69,62.45,80.29,45.82,10007,Account 10007,2024-02-26,57.59,at_risk,9
66.09,6.31,47.27,121,53.29,52.82,50.92,376.32,108.58,34.16,168.33,2.01,45.97,56.82,3,44.99,12,21,1.95,83.3,3.26,659.44,93.65,31,33,5,2.97,30.8,47.35,0,1,81,58.91,69.3,44.12,10007,Account 10007,2024-03-18,55.88,at_risk,12
60.41,0.19,42.72,113,51.88,46.23,42.53,382.07,99.55,25.47,136.09,1.44,42.45,52.13,8,32.93,15,22,1.55,72.46,4.47,578.04,96.6,27,75,8,3.4,39.78,50.71,0,1,84,69.39,70.95,40.98,10007,Account 10007,2024-04-01,52.67,at_risk,14
55.85,18.43,31.23,62,56.39,35.45,53.11,326.64,90.37,42.32,189.34,1.99,50.35,60.19,6,31.86,5,10,0.59,84.68,2.0,740.52,93.62,21,35,5,2.98,37.67,48.48,5.09,1,57,53.31,73.91,42.81,10007,Account 10007,2024-04-08,52.29,at_risk,15
65.98,11.63,45.03,112,59.7,51.96,52.17,576.89,142.74,30.79,143.63,1.34,40.81,60.33,4,18.65,6,8,0.65,41.25,1.88,456.64,57.75,92,68,19,1.61,28.65,48.15,0,1,54,69.68,74.1,53.06,10007,Account 10007,2024-04-22,49.44,crisis,17
52.67,5.63,31.98,66,51.32,34.96,42.08,314.12,134.83,44.37,156.44,1.61,39.48,57.41,4,17.35,5,8,1.08,47.39,2.19,253.87,56.3,70,94,12,1.69,20.43,36.12,0,1,59,53.35,80.46,56.57,10007,Account 10007,2024-04-29,46.51,crisis,18
66.19,18.36,38.77,94,52.85,37.31,39.7,303.54,86.06,39.13,180.15,1.68,40.48,52.91,4,20.76,3,9,0.69,43.74,1.88,398.62,59.71,83,151,20,2.18,19.19,35.13,0,1,89,50.53,65.63,50.85,10007,Account 10007,2024-05-06,44.41,crisis,19
46.32,3.8,41.94,104,57.42,55.66,47.45,421.38,128.31,27.34,167.25,1.82,51.16,61.98,5,10.56,7,13,0.48,44.27,2.02,402.71,49.72,50,83,16,1.8,28.99,45.55,0,0,51,69.07,70.32,40.43,10007,Account 10007,2024-05-13,42.22,crisis,20
41.89,2.53,44.78,80,48.67,46.57,45.28,481.59,125.35,36.8,148.45,2.02,41.68,55.09,2,9.92,7,11,1.02,42.04,1.36,413.59,50.83,48,71,22,1.79,22.14,41.78,1.13,1,55,63.22,64.87,42.67,10007,Account 10007,2024-05-13,42.22,crisis,20
60.64,14.43,30.31,71,63.04,36.17,43.84,521.24,123.36,27.95,142.12,1.82,54.4,69.17,5,26.64,7,12,0.74,49.28,1.6,371.23,56.95,69,168,18,1.51,25.61,40.52,0,1,71,54.46,75.4,48.55,10007,Account 10007,2024-05-20,41.62,crisis,21
50.78,12.34,39.77,106,53.53,36.05,47.22,554.33,101.61,42.23,163.08,1.65,45.89,65.38,3,16.26,8,13,0.33,44.89,2.13,473.21,57.16,62,87,19,2.01,29.8,53.01,0,1,60,62.71,80.99,47.78,10007,Account 10007,2024-05-27,39.15,crisis,22
65.28,16.94,31.63,101,53.2,41.89,53.2,394.12,88.07,31.49,134.75,1.47,46.44,48.78,3,30.22,9,7,0.88,43.48,1.51,351.21,55.05,81,64,17,1.64,17.65,38.58,4.77,1,92,54.2,68.68,58.08,10007,Account 10007,2024-06-03,38.91,crisis,23
61.6,8.34,43.43,113,54.76,55.56,57.79,309.54,87.4,25.07,170.67,1.76,46.46,51.83,3,19.35,6,10,0.91,45.3,2.39,230.76,60.14,50,86,13,1.78,22.47,48.12,1.93,0,78,57.14,69.06,48.25,10007,Account 10007,2024-06-03,38.91,crisis,23
52.17,20.33,34.1,62,65.45,45.32,39.74,320.41,132.05,35.48,130.67,1.71,41.53,60.41,3,22.06,7,9,0.55,52.77,2.29,323.63,54.93,57,115,15,2.05,19.33,51.07,0,1,70,51.69,72.46,40.42,10007,Account 10007,2024-06-10,37.68,crisis,24
60.73,16.67,39.13,97,59.1,41.1,49.79,549.21,108.4,40.84,171.67,1.32,53.24,65.49,3,30.02,4,10,0.99,48.65,1.44,325.44,58.41,52,88,12,2.19,29.97,51.72,0,1,78,66.45,79.09,45.46,10007,Account 10007,2024-06-17,34.84,crisis,25
65.46,9.21,31.66,86,58.88,35.01,50.36,305.44,147.69,39.9,165.63,1.69,44.93,69.58,2,20.08,4,14,0.95,42.43,2.59,434.23,56.78,52,180,10,1.75,24.64,47.9,2.59,0,70,60.36,74.74,56.2,10007,Account 10007,2024-06-24,32.03,crisis,26
65.38,14.38,45.93,111,62.48,41.32,52.45,580.67,124.88,30.38,171.38,1.76,41.55,52.37,3,30.2,7,10,0.84,47.64,2.76,373.52,57.42,58,141,14,2.04,18.49,48.6,1.56,0,83,53.9,70.37,49.27,10007,Account 10007,2024-06-24,32.03,crisis,26
66.97,11.58,37.92,67,54.72,38.73,44.3,306.82,145.66,35.46,150.56,1.77,52.83,52.82,3,28.88,7,9,1.02,47.48,1.55,353.28,57.12,77,83,11,1.57,21.95,43.39,0,1,91,71.53,65.14,48.11,10007,Account 10007,2024-07-01,31.25,crisis,27
56.57,14.61,47.63,114,52.27,51.86,54.21,506.69,118.98,37.61,120.95,1.62,45.64,63.99,3,21.4,9,7,0.7,48.87,2.71,292.43,57.01,49,121,19,1.62,23.59,49.54,0,1,57,55.11,72.55,49.16,10007,Account 10007,2024-07-01,31.25,crisis,27
79.8,40.38,61.75,51,70.81,64.99,69.41,261.23,65.12,19.04,100.54,3.08,61.75,76.62,13,66.5,21,35,3.98,89.86,6.81,354.93,94.11,15,30,3,4.11,63.95,67.44,11.1,2,40,77.24,84.42,72.29,10008,Account 10008,2024-01-01,75,healthy,1
80.35,41.01,59.22,54,74.13,69.02,73.78,274.73,64.19,18.49,100.33,3.32,64.31,81.87,13,66.97,21,33,3.84,89.42,6.59,365.73,99.88,15,30,3,4.23,64.34,68.04,11.09,2,39,76.97,89.02,75.43,10008,Account 10008,2024-01-01,75,healthy,1
77.0,43.08,61.32,40,74.51,67.66,73.86,224.21,51.88,15.14,78.72,3.22,67.19,78.44,13,69.69,22,34,4.0,92.15,7.13,277.63,100,12,24,2,4.17,65.48,65.94,11.56,2,32,84.0,91.05,75.34,10008,Account 10008,2024-01-08,77.3,healthy,2
83.17,41.3,63.39,41,74.95,68.19,75.75,213.76,52.96,15.66,84.58,3.5,66.06,77.05,13,65.66,22,37,4.03,93.18,6.88,289.17,98.21,12,23,2,4.32,69.97,67.39,11.63,2,30,79.96,84.37,76.45,10008,Account 10008,2024-01-08,77.3,healthy,2
78.59,44.04,61.02,41,78.76,68.82,74.97,210.62,54.7,15.09,85.5,3.5,63.98,78.27,12,65.93,23,34,4.21,92.27,7.22,269.86,98.56,13,23,3,4.32,65.01,70.01,11.92,2,31,77.0,91.01,71.26,10008,Account 10008,2024-01-08,77.3,healthy,2
83.15,42.58,63.11,41,73.8,72.6,76.94,205.5,47.04,13.8,79.68,3.28,65.5,77.03,14,65.48,23,36,4.05,87.59,6.86,271.65,99.39,11,22,2,4.03,66.94,66.3,12.22,2,29,78.68,91.21,77.11,10008,Account 10008,2024-01-15,77.95,healthy,3
100,55.91,83.28,41,79.37,66.04,76.3,209.0,48.95,14.17,83.12,3.27,68.68,77.68,13,66.76,22,35,4.03,93.6,7.16,280.04,95.9,11,22,2,4.14,65.35,99.42,18.06,2,29,83.52,88.4,71.66,10008,Account 10008,2024-01-22,77.71,healthy,4
100,57.43,86.34,40,72.96,68.42,72.87,211.18,49.21,14.17,82.79,3.57,66.67,82.63,13,65.15,23,36,4.21,86.18,6.79,268.53,100,12,22,2,4.21,67.96,100,17.2,2,29,83.81,84.23,74.23,10008,Account 10008,2024-01-22,77.71,healthy,4
100,56.01,86.93,39,79.23,66.05,70.56,220.58,48.54,15.08,76.42,3.43,67.48,81.25,13,65.03,21,35,4.07,86.3,7.0,273.4,94.86,12,23,2,4.4,70.63,100,16.76,2,30,83.66,82.76,73.32,10008,Account 10008,2024-01-22,77.71,healthy,4
100,60.14,85.71,37,75.3,67.87,77.2,195.32,46.71,13.31,73.57,3.5,63.53,81.61,13,67.26,23,37,4.21,91.53,7.17,241.72,100,11,19,2,4.29,71.28,98.95,18.21,2,26,78.49,88.32,75.1,10008,Account 10008,2024-01-29,78.57,healthy,5
100,58.22,87.58,35,78.65,67.96,73.46,190.39,44.68,12.94,77.21,3.37,64.19,77.15,14,68.01,22,38,4.09,90.15,7.31,230.9,99.44,11,21,2,4.23,67.81,100,18.22,2,26,77.86,87.61,76.07,10008,Account 10008,2024-01-29,78.57,healthy,5
100,57.21,88.58,35,76.38,70.09,71.41,193.21,47.19,13.24,71.52,3.44,63.28,79.92,14,68.44,22,35,4.04,93.16,7.44,235.44,94.26,10,20,2,4.11,66.97,100,18.29,2,26,79.48,86.6,74.96,10008,Account 10008,2024-01-29,78.57,healthy,5
83.63,41.89,65.57,37,78.15,66.62,76.7,201.86,47.53,13.31,74.1,3.53,65.36,78.23,13,67.41,22,35,4.25,86.54,7.49,243.25,95.71,11,21,2,4.27,68.0,68.02,12.67,2,27,80.07,83.38,71.29,10008,Account 10008,2024-02-05,78.27,healthy,6
81.06,44.89,64.82,35,79.97,72.17,78.03,183.6,45.09,12.53,69.71,3.41,66.54,82.78,13,68.53,23,38,4.36,93.58,7.23,238.58,95.37,10,19,2,4.29,66.76,68.78,12.04,2,25,80.17,86.43,78.25,10008,Account 10008,2024-02-12,78.93,healthy,7
78.77,45.75,68.21,32,75.3,68.88,73.32,160.91,40.53,10.99,68.43,3.66,66.08,81.35,14,68.75,23,38,4.51,91.97,7.18,209.04,95.35,9,17,2,4.34,70.55,67.38,12.65,2,23,80.99,91.36,74.81,10008,Account 10008,2024-02-19,79.76,healthy,8
97.76,56.08,77.98,23,75.41,74.52,80.66,128.81,28.0,7.75,53.59,3.8,65.2,84.05,14,70.09,24,37,4.44,90.9,7.49,154.46,100,6,11,1,4.34,68.91,85.28,16.51,2,15,83.48,91.01,75.73,10008,Account 10008,2024-02-26,81.57,healthy,9
91.3,54.07,76.58,23,75.44,72.82,74.77,120.12,28.44,7.87,55.75,3.64,70.46,81.63,14,73.64,24,38,4.44,92.36,7.94,150.59,100,6,11,1,4.48,68.32,82.58,15.76,2,15,86.91,86.12,76.16,10008,Account 10008,2024-02-26,81.57,healthy,9
95.94,53.32,73.48,23,80.73,71.98,78.12,119.76,30.26,8.25,50.98,3.85,65.91,83.93,14,70.52,24,39,4.58,94.68,7.52,152.61,99.75,6,11,1,4.23,72.57,90.22,15.78,2,15,79.98,89.91,73.6,10008,Account 10008,2024-02-26,81.57,healthy,9
85.65,45.84,66.23,17,82.49,76.61,80.32,93.55,21.74,5.65,44.96,3.98,68.23,82.6,14,75.72,24,37,4.92,93.52,8.11,115.92,99.57,5,8,1,4.55,72.25,74.18,14.02,2,10,83.04,85.58,77.54,10008,Account 10008,2024-03-04,82.88,healthy,10
87.03,47.31,71.64,9,80.44,71.04,81.7,64.54,12.61,2.91,33.9,3.95,66.69,84.8,15,70.97,25,41,4.89,87.99,7.93,65.59,97.08,3,4,0,4.54,73.22,70.95,15.02,2,4,82.3,87.62,80.76,10008,Account 10008,2024-03-11,84.46,healthy,11
82.43,48.51,71.55,9,79.68,72.34,79.45,60.17,12.88,3.07,32.34,3.85,71.01,85.6,14,73.9,24,38,5.02,93.6,8.11,68.46,99.65,3,3,0,4.4,72.22,71.46,14.84,2,4,85.01,91.65,79.54,10008,Account 10008,2024-03-11,84.46,healthy,11
100,62.76,88.38,9,75.76,73.82,76.76,61.83,12.64,2.82,32.45,3.79,67.0,86.66,15,77.88,25,39,5.08,91.02,8.0,64.81,100,3,3,0,4.64,75.05,100,20.43,2,4,84.05,92.95,82.14,10008,Account 10008,2024-03-18,84.56,healthy,12
100,68.05,91.27,9,77.28,76.42,80.69,57.01,11.92,2.66,32.77,4.12,66.58,86.39,15,78.0,25,41,5.02,95.09,7.67,64.6,100,3,3,0,4.69,73.61,100,21.81,2,4,87.41,93.26,77.91,10008,Account 10008,2024-03-18,84.56,healthy,12
100,66.61,95.34,9,76.84,73.14,82.7,62.36,11.93,2.84,33.26,4.1,67.72,86.49,15,73.99,26,39,4.91,93.08,8.19,60.11,99.51,3,3,0,4.68,77.51,100,22.04,2,4,88.18,85.87,78.24,10008,Account 10008,2024-03-18,84.56,healthy,12
100,100,100,17,98.91,100,100,114.49,28.65,5.07,52.51,4.89,74.26,91.31,15,80.13,38,52,8.69,96.34,12.7,72.08,96.77,5,8,1,4.61,90.7,100,29.22,5,9,100,100,96.56,10008,Account 10008,2024-03-25,85.12,growth,13
100,79.68,100,18,100,89.31,96.29,125.15,29.96,4.55,34.8,4.03,78.71,85.93,17,75.79,27,46,6.86,97.25,13.55,122.97,95.6,7,4,0,4.97,79.64,100,27.06,6,8,100,100,100,10008,Account 10008,2024-03-25,85.12,growth,13
100,97.75,100,11,100,91.65,98.03,80.4,20.89,2.9,39.55,5.21,81.71,91.87,22,89.97,39,59,5.08,95.34,9.65,147.76,98.15,6,4,0,4.97,94.06,100,34.09,5,9,100,100,100,10008,Account 10008,2024-04-01,85.64,growth,14
100,100,100,24,100,93.4,100,139.92,29.51,5.68,41.7,7.67,86.69,83.58,16,89.8,30,59,7.04,95.58,13.92,58.03,100,8,6,0,4.99,76.27,100,61.19,5,6,100,100,100,10008,Account 10008,2024-04-01,85.64,growth,14
100,100,100,19,100,98.84,100,100.11,20.84,6.64,36.94,7.15,73.95,88.08,21,88.32,25,53,8.71,94.31,10.11,135.05,99.83,5,5,0,4.56,87.8,100,42.32,3,9,100,100,100,10008,Account 10008,2024-04-01,85.64,growth,14
100,93.97,95.56,17,100,89.82,100,68.27,16.14,2.56,58.7,7.63,74.61,93.44,23,83.06,32,55,4.84,92.93,11.96,75.04,100,7,8,1,4.6,79.54,100,27.19,6,6,100,100,100,10008,Account 10008,2024-04-08,85.54,growth,15
100,88.44,97.96,10,100,100,100,86.75,16.93,8.1,41.85,4.9,69.91,87.3,18,78.17,35,59,8.81,96.87,9.95,58.45,100,4,7,1,4.93,78.48,97.18,33.64,3,7,100,100,100,10008,Account 10008,2024-04-08,85.54,growth,15
100,82.3,95.57,12,93.25,94.02,100,133.8,18.73,3.46,53.88,5.03,71.46,90.66,21,78.59,30,51,8.11,94.07,9.14,50.09,97.97,8,6,1,4.69,79.25,100,37.23,5,9,100,100,100,10008,Account 10008,2024-04-15,86.8,growth,16
100,76.23,100,22,100,85.97,100,133.41,15.77,4.78,49.21,4.2,74.47,83.95,25,80.07,39,48,8.23,99.18,10.71,54.52,96.73,4,7,1,4.76,94.64,100,37.38,6,8,100,100,100,10008,Account 10008,2024-04-15,86.8,growth,16
100,100,100,10,100,98.95,100,51.48,18.61,2.43,46.29,7.71,72.01,88.18,15,91.49,30,59,6.34,90.88,12.51,133.16,100,7,6,1,4.79,76.22,100,55.67,4,6,100,100,100,10008,Account 10008,2024-04-22,88.5,growth,17
100,100,100,9,100,97.15,98.04,142.81,27.2,7.66,53.7,7.87,82.91,96.56,24,76.92,25,41,6.01,91.39,10.68,106.24,100,8,8,1,4.63,88.44,100,52.2,4,8,100,100,99.7,10008,Account 10008,2024-04-22,88.5,growth,17
100,100,100,22,100,98.87,100,92.47,19.45,4.6,58.33,5.57,82.96,91.67,22,79.91,27,42,5.38,92.67,14.33,50.31,97.61,2,4,1,5.09,79.32,100,58.06,5,9,100,100,100,10008,Account 10008,2024-04-22,88.5,growth,17
100,90.88,100,12,100,100,100,91.5,17.55,5.75,40.78,5.73,80.36,95.4,21,94.82,30,51,8.08,99.46,14.37,52.3,100,5,4,1,5.02,94.89,100,66.58,4,10,100,100,100,10008,Account 10008,2024-04-22,88.5,growth,17
100,100,100,12,94.98,95.72,100,121.47,23.54,8.01,48.83,6.38,87.17,88.92,24,94.11,37,52,8.28,90.45,12.3,132.04,100,7,3,1,4.48,88.55,100,58.13,3,8,100,100,100,10008,Account 10008,2024-04-29,88.26,growth,18
100,84.96,100,9,100,89.65,100,99.14,14.85,6.31,44.6,6.28,72.39,90.18,21,85.46,27,40,9.27,92.56,15.36,69.11,100,3,4,0,4.78,93.4,100,57.26,6,4,100,100,100,10008,Account 10008,2024-04-29,88.26,growth,18
100,88.96,100,16,95.36,100,99.01,68.6,19.71,3.2,40.32,7.13,68.63,83.65,24,88.6,31,40,8.06,93.56,8.0,52.11,100,5,8,1,4.44,80.92,100,56.69,4,8,100,100,100,10008,Account 10008,2024-04-29,88.26,growth,18
100,81.55,100,24,100,100,96.8,137.71,17.53,7.31,54.43,4.23,76.78,100,25,96.25,29,48,9.19,96.25,12.73,102.88,100,4,2,0,4.39,81.75,100,50.83,4,9,100,100,100,10008,Account 10008,2024-05-06,89.78,growth,19
100,83.96,100,15,100,98.33,100,117.79,28.38,2.65,38.77,6.56,83.44,83.15,25,89.07,24,57,5.86,93.41,8.96,145.31,99.73,5,5,0,4.93,90.86,100,32.73,5,5,100,100,97.95,10008,Account 10008,2024-05-06,89.78,growth,19
100,93.76,100,23,99.27,100,98.36,76.8,20.48,4.06,35.92,3.98,75.84,88.2,20,86.59,36,47,8.67,98.4,10.83,98.07,99.38,2,4,1,4.45,88.01,100,26.63,6,5,100,100,100,10008,Account 10008,2024-05-13,90.13,growth,20
100,91.37,100,11,100,93.4,100,67.86,13.61,3.74,61.02,6.73,69.35,83.03,22,74.34,29,52,7.44,97.65,11.6,74.31,100,6,2,1,4.62,91.75,100,61.64,4,6,100,100,100,10008,Account 10008,2024-05-13,90.13,growth,20
100,85.96,100,17,99.44,100,93.43,98.06,23.21,2.8,38.39,6.85,70.28,85.8,20,96.99,29,54,7.44,94.9,10.47,70.83,100,3,3,0,4.9,87.63,100,42.5,6,7,100,100,100,10008,Account 10008,2024-05-13,90.13,growth,20
100,100,100,13,100,85.26,100,83.54,11.22,4.81,55.14,6.48,71.27,83.92,23,88.65,35,61,7.47,89.24,8.64,82.59,100,4,4,0,4.76,93.25,100,52.37,3,4,100,100,100,10008,Account 10008,2024-05-13,90.13,growth,20
100,99.44,100,23,99.65,92.08,100,120.65,12.72,2.59,47.55,4.8,83.49,87.52,18,86.03,39,46,9.37,100,9.63,55.19,94.83,4,5,0,5.11,87.63,100,70.89,4,3,100,100,100,10008,Account 10008,2024-05-20,91.29,growth,21
100,100,100,12,100,100,100,110.2,10.88,7.08,45.96,6.45,76.44,92.23,21,91.33,40,53,9.2,94.81,9.95,114.43,100,3,3,1,4.89,86.96,100,72.12,5,10,100,100,100,10008,Account 10008,2024-05-20,91.29,growth,21
100,94.78,100,23,94.23,91.94,100,80.82,28.78,7.68,37.74,7.25,75.15,99.99,19,82.3,34,49,9.46,92.82,13.87,111.42,100,7,6,0,4.39,90.06,100,77.85,3,7,100,100,96.97,10008,Account 10008,2024-05-20,91.29,growth,21
100,100,100,22,95.98,99.82,100,107.51,27.92,6.26,54.14,7.61,76.95,95.15,16,76.36,37,47,7.5,93.78,12.84,136.16,100,6,3,0,4.52,95.07,100,60.36,3,7,100,100,100,10008,Account 10008,2024-05-27,92.06,growth,22
100,100,100,13,100,92.21,98.84,131.1,20.75,4.0,56.09,4.78,84.1,91.74,21,72.41,34,43,8.43,90.57,14.13,120.3,97.08,5,2,1,4.46,78.4,100,56.15,3,3,100,100,100,10008,Account 10008,2024-05-27,92.06,growth,22
100,100,100,9,100,100,100,86.73,28.02,3.11,53.95,7.77,83.98,91.93,22,92.17,34,39,9.17,93.13,9.63,110.87,100,4,5,0,4.58,90.98,100,56.64,5,9,100,100,100,10008,Account 10008,2024-05-27,92.06,growth,22
100,99.75,100,15,100,82.9,97.1,97.05,18.6,3.74,41.66,7.08,77.81,95.54,24,86.85,32,57,8.9,92.88,14.57,138.5,100,4,7,1,4.79,78.75,100,25.1,5,5,100,100,100,10008,Account 10008,2024-06-03,93.54,growth,23
100,85.4,100,8,100,100,100,124.49,11.65,4.36,39.71,5.48,86.76,96.64,18,86.24,39,50,6.6,97.55,10.39,70.62,100,6,6,0,5.07,88.35,100,40.55,6,9,100,100,100,10008,Account 10008,2024-06-03,93.54,growth,23
100,90.7,98.46,13,96.86,100,100,132.22,13.13,3.11,36.31,6.7,84.01,97.34,25,89.75,30,45,4.82,94.96,8.34,94.52,100,7,6,0,4.59,78.44,100,40.49,5,5,100,100,100,10008,Account 10008,2024-06-10,93.87,growth,24
100,76.01,100,23,91.42,95.89,95.5,86.89,25.89,3.61,57.81,5.16,87.2,94.93,23,95.11,28,53,5.64,98.44,8.71,108.28,94.67,3,4,1,4.5,80.97,100,40.61,3,10,100,100,100,10008,Account 10008,2024-06-10,93.87,growth,24
100,94.4,100,17,95.48,100,97.43,131.36,25.09,7.7,41.93,4.41,73.32,94.45,16,97.36,35,54,5.17,93.6,8.89,55.5,100,5,3,0,4.63,80.8,100,42.73,3,9,100,100,100,10008,Account 10008,2024-06-10,93.87,growth,24
100,100,100,10,100,89.28,100,139.25,10.21,2.51,33.74,5.17,75.28,83.71,24,77.42,31,56,6.67,93.35,10.78,67.0,100,3,3,1,4.9,78.66,100,44.1,2,6,100,100,100,10008,Account 10008,2024-06-17,96.19,growth,25
100,100,100,15,100,100,100,81.82,11.84,4.11,31.25,7.2,85.83,86.54,25,88.82,24,58,8.88,97.59,14.55,111.1,100,8,5,0,4.59,90.09,100,62.29,4,7,100,100,100,10008,Account 10008,2024-06-17,96.19,growth,25
100,100,100,10,100,100,100,128.77,19.72,7.22,42.09,6.43,81.7,97.34,16,78.09,31,51,7.2,93.12,14.93,75.51,95.5,8,3,0,4.72,88.69,100,59.51,5,9,100,100,100,10008,Account 10008,2024-06-17,96.19,growth,25
100,100,100,19,100,92.64,95.39,130.99,14.53,3.07,56.74,6.98,68.28,91.01,20,80.3,38,58,5.63,96.16,13.82,81.95,100,5,4,0,4.48,79.62,100,39.03,5,7,100,100,100,10008,Account 10008,2024-06-17,96.19,growth,25
100,88.64,100,15,99.27,100,97.96,120.01,21.58,6.13,59.16,4.28,75.49,84.5,19,87.6,40,58,6.43,96.15,12.3,50.51,100,5,3,1,4.56,80.35,100,40.73,4,8,100,100,100,10008,Account 10008,2024-06-24,96.81,growth,26
100,100,100,20,92.05,100,100,102.34,11.92,3.02,46.18,4.91,78.31,90.06,21,79.52,39,57,7.24,100,9.89,52.33,99.15,4,3,0,4.87,95.96,100,32.15,3,5,100,100,100,10008,Account 10008,2024-06-24,96.81,growth,26
100,91.08,100,24,91.92,100,92.24,106.6,12.72,2.5,38.6,6.64,79.23,96.76,24,76.72,32,44,8.91,99.07,12.56,117.8,100,6,4,0,4.71,75.08,100,26.38,4,8,100,100,100,10008,Account 10008,2024-07-01,98,growth,27
100,69.17,96.67,19,94.31,98.22,100,106.57,26.37,2.75,52.46,8.29,77.37,97.48,19,81.7,35,55,8.6,93.43,12.69,81.91,100,7,6,1,4.99,91.05,100,38.09,3,6,100,100,100,10008,Account 10008,2024-07-01,98,growth,27
100,90.74,100,19,93.71,100,100,118.25,23.46,3.24,57.73,6.94,78.95,88.23,16,87.89,32,60,5.21,92.96,14.15,144.55,100,7,4,0,4.59,88.65,100,47.86,4,5,100,100,100,10008,Account 10008,2024-07-08,97.37,growth,28
100,87.94,100,18,100,95.46,100,79.96,20.55,7.84,43.3,5.07,85.13,100,16,81.41,27,58,7.33,97.39,11.6,83.97,96.72,2,7,0,4.75,82.4,100,25.1,3,7,100,100,100,10008,Account 10008,2024-07-08,97.37,growth,28
100,98.09,94.48,20,95.89,100,100,140.8,9.72,2.08,42.73,5.41,92.47,98.29,25,83.66,33,51,9.27,93.1,9.72,103.63,100,7,8,0,5.06,91.82,100,27.96,6,9,100,100,100,10008,Account 10008,2024-07-08,97.37,growth,28
100,76.84,100,19,91.27,92.51,100,83.41,12.91,6.2,47.29,6.65,70.35,85.8,21,88.28,28,53,6.73,92.89,13.7,89.17,100,7,4,1,4.73,82.29,100,39.51,4,7,100,100,100,10008,Account 10008,2024-07-08,97.37,growth,28
100,100,100,21,100,100,95.36,116.91,25.73,8.17,30.51,8.2,81.52,96.29,18,84.01,38,61,6.6,97.77,10.86,104.67,99.91,2,3,1,4.68,78.83,100,45.13,3,3,100,100,100,10008,Account 10008,2024-07-15,96.91,growth,29
100,91.92,100,19,91.4,89.49,100,58.3,19.42,6.27,58.07,5.22,87.02,89.06,20,91.28,35,56,5.76,98.52,11.28,55.86,100,6,5,0,4.73,79.87,100,37.23,5,8,100,100,95.09,10008,Account 10008,2024-07-15,96.91,growth,29
100,100,100,16,100,100,100,59.4,21.02,4.76,35.78,5.93,82.18,84.0,22,85.75,30,47,8.2,96.92,13.75,135.61,100,4,3,0,4.88,88.93,100,72.5,6,3,100,100,100,10008,Account 10008,2024-07-15,96.91,growth,29
100,83.12,100,11,100,90.37,100,147.89,13.13,2.8,56.11,5.15,76.99,88.69,21,82.83,39,53,6.13,96.91,14.3,81.95,100,4,5,1,5.04,83.31,99.65,23.5,4,8,100,100,100,10008,Account 10008,2024-07-22,96.38,growth,30
99.56,83.33,100,18,99.22,91.69,100,71.24,10.44,4.96,34.2,5.11,72.61,96.78,20,96.07,30,59,6.17,91.04,11.95,86.13,100,2,2,1,4.74,86.49,100,35.15,4,3,100,100,96.53,10008,Account 10008,2024-07-22,96.38,growth,30
100,100,100,21,94.17,100,100,85.85,23.1,3.24,54.51,6.38,75.08,90.85,15,72.52,33,48,8.09,89.02,13.75,65.2,100,6,7,1,4.7,92.8,100,59.42,6,4,100,100,100,10008,Account 10008,2024-07-29,96.8,growth,31
100,87.23,100,22,100,99.32,100,82.27,13.54,6.41,42.97,5.65,76.19,82.05,23,88.84,31,47,5.62,97.14,9.71,123.04,100,8,2,0,4.94,74.76,100,52.82,5,5,100,100,100,10008,Account 10008,2024-07-29,96.8,growth,31
100,86.61,100,19,100,100,93.86,82.95,19.37,2.68,39.61,5.09,81.18,94.32,21,77.53,40,53,10.19,93.03,9.29,123.49,95.34,5,6,0,4.55,80.62,100,46.51,4,7,100,100,100,10008,Account 10008,2024-08-05,98,growth,32
100,100,100,11,97.7,93.29,100,119.93,28.65,5.98,41.69,7.37,71.67,94.05,24,90.15,26,41,7.3,93.46,13.41,128.67,95.01,5,7,1,4.99,83.08,100,60.32,3,8,100,100,100,10008,Account 10008,2024-08-05,98,growth,32
100,100,100,24,100,93.24,91.05,87.1,12.6,4.69,42.74,8.04,75.8,89.85,19,78.25,30,61,8.65,95.75,11.75,63.87,96.21,8,5,1,4.38,78.21,100,56.01,4,7,100,100,100,10008,Account 10008,2024-08-05,98,growth,32
100,66.69,95.31,10,98.51,100,100,51.77,12.73,7.28,42.81,7.5,79.61,85.71,18,84.5,31,41,6.01,93.33,11.38,126.87,99.19,5,6,0,4.72,94.78,93.41,23.03,3,4,100,100,100,10008,Account 10008,2024-08-12,97.69,growth,33
100,72.05,100,15,94.16,91.85,88.7,97.89,13.67,6.46,40.58,6.82,74.19,91.82,23,94.42,28,46,7.66,89.37,14.58,61.59,96.79,3,5,0,4.88,87.97,100,37.1,3,5,100,100,100,10008,Account 10008,2024-08-12,97.69,growth,33
100,73.0,100,21,100,100,100,145.21,13.46,3.55,41.27,6.67,89.13,86.77,17,79.75,39,58,9.24,89.7,11.01,118.68,100,8,3,1,4.81,84.14,99.29,31.82,4,3,100,100,100,10008,Account 10008,2024-08-19,97.17,growth,34
97.31,87.67,100,18,100,90.44,100,121.79,28.74,5.18,42.67,6.94,80.61,90.01,23,82.73,29,53,6.99,96.4,11.41,90.71,100,8,7,0,4.99,95.76,100,19.15,4,6,100,100,100,10008,Account 10008,2024-08-19,97.17,growth,34
100,82.6,92.22,18,91.6,85.81,100,59.65,11.55,5.36,59.99,7.9,71.92,89.15,21,82.43,24,44,7.19,99.78,12.48,144.31,98.01,4,5,1,4.93,98.19,100,39.92,4,8,100,100,100,10008,Account 10008,2024-08-19,97.17,growth,34
100,74.04,95.21,15,93.95,100,97.08,123.76,10.73,3.88,32.33,7.9,90.96,97.11,21,88.45,41,49,5.57,97.24,12.93,144.2,98.83,5,4,1,4.76,87.25,100,22.78,6,7,100,100,100,10008,Account 10008,2024-08-19,97.17,growth,34
100,82.29,100,15,100,100,100,110.36,18.88,4.21,53.93,6.69,71.48,92.94,15,74.7,37,43,6.94,93.0,11.48,58.87,94.68,8,3,0,4.31,91.54,100,52.48,3,8,100,100,100,10008,Account 10008,2024-08-26,97.88,growth,35
100,91.49,100,10,100,98.52,100,127.59,10.15,3.06,42.84,5.31,84.82,92.46,24,89.12,26,42,6.06,96.74,11.18,85.28,100,7,8,0,4.64,86.83,100,42.19,3,4,100,100,100,10008,Account 10008,2024-08-26,97.88,growth,35
100,90.91,87.73,21,97.78,100,90.56,109.24,20.74,7.0,31.45,7.14,77.48,99.09,17,74.45,32,50,8.31,96.59,14.08,136.8,95.4,3,3,1,4.7,93.05,100,27.38,3,8,100,100,100,10008,Account 10008,2024-09-02,98,growth,36
100,84.23,91.46,15,100,98.85,100,98.62,25.73,2.83,39.0,5.24,72.59,90.71,25,74.04,27,55,5.22,95.57,10.98,95.46,95.35,7,5,0,4.9,77.9,95.83,25.41,3,3,100,100,100,10008,Account 10008,2024-09-02,98,growth,36
100,97.94,100,13,92.4,94.75,98.63,98.51,12.71,6.36,56.58,7.27,85.57,92.93,15,89.6,37,44,7.79,98.49,12.3,79.84,95.36,5,5,1,4.84,87.74,100,65.47,2,9,100,100,100,10008,Account 10008,2024-09-09,98,growth,37
100,100,100,11,96.52,88.86,100,98.09,10.55,2.06,55.26,7.74,75.83,89.06,20,88.66,26,59,6.85,92.84,10.16,115.57,99.03,3,3,1,4.71,76.92,100,32.13,5,5,100,100,100,10008,Account 10008,2024-09-09,98,growth,37
100,94.15,100,24,95.13,99.32,100,109.96,28.4,6.14,39.25,3.99,70.07,93.83,21,91.5,30,49,6.26,89.38,9.09,103.36,100,6,3,0,4.43,77.89,100,31.76,5,3,100,100,98.09,10008,Account 10008,2024-09-09,98,growth,37
100,82.66,100,8,100,97.73,100,81.07,14.84,2.63,58.3,6.12,71.65,90.06,17,81.39,41,48,9.39,100,8.33,59.36,95.39,6,7,0,4.53,73.97,100,63.77,5,9,100,100,100,10008,Account 10008,2024-09-16,98,growth,38
100,100,100,8,100,100,100,135.98,11.56,3.25,39.72,7.47,84.84,100,21,78.03,26,60,6.2,100,8.2,99.58,99.63,5,8,0,4.56,89.17,100,62.88,5,10,100,100,100,10008,Account 10008,2024-09-16,98,growth,38
100,95.54,100,17,100,100,94.86,100.07,13.02,7.44,42.54,7.29,91.49,94.79,19,73.45,32,56,9.13,92.48,9.14,96.33,96.09,6,5,1,4.86,95.93,100,38.14,6,5,100,100,100,10008,Account 10008,2024-09-16,98,growth,38
100,92.82,100,21,92.9,88.18,100,67.79,16.45,7.44,47.66,5.83,69.25,88.37,18,92.28,26,44,7.21,89.78,11.38,89.13,98.02,7,7,0,4.31,75.83,100,45.45,4,7,100,100,100,10008,Account 10008,2024-09-16,98,growth,38
100,92.88,100,25,94.25,100,94.47,137.05,18.3,5.93,46.19,6.56,90.16,90.5,23,83.75,36,48,6.12,94.05,11.73,53.04,95.33,7,6,1,4.55,93.99,100,40.05,4,7,100,100,100,10008,Account 10008,2024-09-23,98,growth,39
100,100,100,21,97.6,94.19,99.54,98.92,19.79,1.93,55.54,6.34,88.86,90.67,23,80.57,39,59,9.35,100,10.32,105.61,99.12,3,4,0,4.83,82.67,100,43.02,4,9,100,100,100,10008,Account 10008,2024-09-23,98,growth,39
100,100,100,10,100,100,96.42,83.15,18.72,3.73,50.63,6.68,88.8,88.53,16,95.99,28,42,9.38,99.18,9.73,89.79,100,7,4,1,4.8,81.27,100,43.38,5,5,100,100,97.25,10008,Account 10008,2024-09-30,98,growth,40
100,85.26,100,23,100,100,100,92.99,24.53,6.51,46.03,6.77,69.04,82.47,22,95.49,28,59,9.85,88.6,10.84,111.6,100,3,3,0,4.9,82.07,100,38.99,4,9,100,100,100,10008,Account 10008,2024-09-30,98,growth,40
100,77.42,100,14,100,89.15,99.58,66.69,18.53,3.2,36.36,6.41,78.83,88.91,15,81.38,31,49,9.03,95.5,11.98,69.11,100,5,8,0,4.49,75.7,100,39.1,3,5,100,100,100,10008,Account 10008,2024-09-30,98,growth,40
100,79.5,98.22,23,100,100,100,78.0,17.66,2.31,56.09,7.83,89.99,95.88,22,87.6,42,53,7.9,96.51,10.73,70.76,99.99,6,5,0,4.9,79.54,100,50.57,3,3,100,100,100,10008,Account 10008,2024-10-07,98,growth,41
100,84.16,100,15,100,85.67,100,74.75,16.66,3.74,46.2,5.94,73.98,87.59,20,92.83,32,53,8.98,92.59,8.9,121.22,100,3,3,0,4.52,78.82,100,47.61,4,7,100,100,100,10008,Account 10008,2024-10-07,98,growth,41
100,58.34,87.31,21,99.11,100,99.45,151.16,25.71,4.07,59.73,4.38,84.32,97.44,17,84.4,32,55,8.81,89.42,8.57,104.34,97.6,4,4,0,4.68,78.06,100,32.09,4,8,100,100,100,10008,Account 10008,2024-10-14,98,growth,42
100,65.67,85.06,13,94.52,89.83,94.76,114.69,14.63,2.19,41.14,6.18,82.67,93.18,22,90.8,37,54,8.5,100,11.46,77.84,100,3,8,1,4.43,77.72,100,35.11,5,7,100,100,100,10008,Account 10008,2024-10-14,98,growth,42
100,96.76,100,21,100,100,100,60.68,19.08,4.56,61.72,6.93,77.94,85.17,21,96.86,29,49,5.62,94.55,7.99,94.86,96.4,6,5,0,4.51,89.75,100,36.52,3,8,100,100,100,10008,Account 10008,2024-10-21,98,growth,43
100,100,100,23,100,98.37,90.9,147.47,10.99,6.5,49.48,7.23,88.57,91.77,24,88.42,28,40,7.6,93.06,9.23,143.59,100,7,2,0,4.76,74.94,100,70.41,4,6,100,100,100,10008,Account 10008,2024-10-21,98,growth,43
100,100,100,10,97.06,91.85,100,142.89,23.88,2.52,35.26,6.91,90.09,86.51,20,93.53,34,49,9.59,94.2,10.09,102.42,96.78,8,5,1,4.88,95.07,100,57.52,3,6,100,100,100,10008,Account 10008,2024-10-21,98,growth,43
100,97.72,100,16,100,90.13,98.52,83.69,23.48,2.7,51.22,6.78,83.51,91.38,16,85.9,34,44,5.66,91.37,13.85,78.51,96.62,3,7,0,5.02,96.17,100,63.55,4,3,100,100,100,10008,Account 10008,2024-10-21,98,growth,43
100,95.47,100,17,94.12,100,90.66,114.44,21.85,3.73,42.41,6.29,82.86,88.73,23,72.37,40,46,7.95,89.66,10.59,124.45,94.78,4,5,0,4.79,78.38,100,64.54,5,8,100,100,100,10008,Account 10008,2024-10-28,98,growth,44
100,100,100,11,89.88,92.21,94.37,81.39,22.15,4.44,55.12,6.59,71.76,93.9,16,85.11,32,56,6.54,96.77,9.18,97.82,95.05,5,7,1,4.59,81.0,100,39.15,3,5,100,100,100,10008,Account 10008,2024-10-28,98,growth,44
100,93.5,100,17,100,83.45,100,131.86,25.6,4.23,60.0,6.96,84.89,98.6,23,80.31,33,46,8.52,91.3,13.27,58.22,100,2,3,1,4.54,92.05,100,76.66,3,4,100,100,100,10008,Account 10008,2024-10-28,98,growth,44
100,100,100,13,96.58,100,99.95,130.01,9.89,3.5,58.89,5.12,82.84,100,19,87.64,34,53,5.1,94.64,8.38,102.01,95.26,7,7,0,4.77,91.17,100,36.8,5,3,100,100,100,10008,Account 10008,2024-10-28,98,growth,44
100,81.29,99.85,23,93.96,94.82,100,110.21,22.63,3.67,43.7,6.41,85.36,89.42,20,84.24,37,39,5.29,92.58,9.81,122.45,100,5,7,1,4.95,83.93,100,51.84,3,7,100,100,100,10008,Account 10008,2024-11-04,98,growth,45
100,100,100,14,94.22,100,98.05,106.19,23.8,3.32,56.79,6.31,81.62,85.4,15,78.97,27,45,8.46,94.34,10.34,132.67,100,6,4,0,4.99,75.11,100,51.41,5,7,100,100,100,10008,Account 10008,2024-11-04,98,growth,45
100,86.29,100,22,100,91.01,100,79.5,30.97,6.5,41.98,7.7,74.93,86.4,24,76.91,30,49,8.71,91.66,8.13,143.63,96.19,5,6,1,4.98,88.92,100,45.49,4,10,100,100,100,10008,Account 10008,2024-11-04,98,growth,45
100,87.47,100,19,100,100,100,61.92,13.8,3.57,32.89,7.35,82.93,86.68,24,87.24,33,50,7.78,99.39,11.7,83.86,98.79,7,6,1,5.05,86.75,100,35.07,3,9,100,100,100,10008,Account 10008,2024-11-11,98,growth,46
100,68.22,100,12,100,92.75,100,128.41,11.81,5.62,48.06,6.98,93.29,92.73,19,81.42,34,48,9.31,90.23,9.2,121.88,100,3,3,1,4.84,81.26,100,41.62,6,4,100,100,100,10008,Account 10008,2024-11-11,98,growth,46
100,81.58,100,20,91.14,96.54,100,135.05,11.69,7.03,52.46,5.92,70.79,97.67,21,77.42,33,48,8.98,90.42,7.92,112.43,100,3,6,0,4.72,86.78,100,34.29,6,9,100,100,100,10008,Account 10008,2024-11-11,98,growth,46
100,91.97,100,21,100,100,100,95.98,21.13,3.43,35.85,6.77,73.2,89.49,24,95.09,27,44,5.38,93.99,14.89,110.75,96.34,3,2,0,4.76,81.03,100,42.12,6,9,100,100,100,10008,Account 10008,2024-11-11,98,growth,46
100,85.1,100,13,92.47,89.35,97.71,94.91,19.75,6.38,39.35,8.1,67.67,88.41,24,83.16,34,51,9.98,97.71,8.44,90.69,100,7,2,1,4.58,97.06,100,29.47,3,3,100,100,100,10008,Account 10008,2024-11-18,97.73,growth,47
100,75.39,100,23,100,100,100,129.58,23.17,4.45,38.2,7.58,83.93,87.82,16,81.95,34,41,10.16,94.16,11.62,124.62,100,7,8,1,4.58,77.45,100,33.94,3,6,100,100,100,10008,Account 10008,2024-11-18,97.73,growth,47
100,100,100,11,91.51,91.02,93.59,142.56,17.06,6.53,51.3,5.11,68.99,90.64,24,76.99,34,42,7.39,93.62,9.22,102.45,96.78,3,3,1,4.54,84.39,100,40.43,3,7,100,100,100,10008,Account 10008,2024-11-18,97.73,growth,47
100,92.0,100,12,100,98.91,100,54.39,12.01,5.45,42.56,5.28,82.2,88.78,16,83.4,32,43,8.45,97.84,9.61,79.81,100,8,6,1,4.93,86.91,100,60.2,3,9,100,100,100,10008,Account 10008,2024-11-18,97.73,growth,47
100,100,100,17,93.84,92.38,100,96.05,18.82,5.57,56.47,7.57,69.09,84.09,24,80.99,32,60,8.45,88.39,8.51,141.36,100,6,6,1,4.75,88.39,100,48.89,3,3,100,100,100,10008,Account 10008,2024-11-25,97.36,growth,48
100,100,100,24,95.74,100,100,73.7,25.94,5.65,36.19,4.47,78.82,86.5,25,73.69,30,58,9.52,100,13.44,127.53,100,2,4,0,4.96,87.37,100,44.7,4,4,100,100,100,10008,Account 10008,2024-11-25,97.36,growth,48
100,100,100,21,93.48,94.78,100,84.63,22.72,5.35,56.96,6.42,88.46,97.47,18,72.91,34,58,8.02,95.6,14.79,91.84,96.98,2,6,1,5.12,82.9,100,51.17,4,9,100,100,100,10008,Account 10008,2024-11-25,97.36,growth,48
100,100,100,10,100,100,92.48,142.81,10.74,6.56,47.24,5.59,80.65,94.0,16,84.01,34,49,9.54,99.02,12.3,64.54,95.76,5,7,0,5.02,91.33,100,41.32,6,6,100,100,100,10008,Account 10008,2024-12-02,98,growth,49
100,100,100,18,100,95.24,94.7,92.59,28.57,5.83,43.6,7.65,86.02,87.49,16,83.26,30,49,6.67,95.63,8.09,113.07,100,5,6,1,4.74,74.24,100,60.49,3,3,100,100,100,10008,Account 10008,2024-12-02,98,growth,49
100,100,100,13,95.33,100,100,81.37,15.95,3.97,57.12,7.58,91.59,96.12,22,75.95,28,43,6.26,99.71,11.64,91.44,100,6,7,0,4.58,78.17,100,49.21,6,5,100,100,100,10008,Account 10008,2024-12-02,98,growth,49
100,100,100,19,94.0,100,100,141.83,24.76,6.2,60.74,4.89,77.48,97.24,23,79.08,36,42,6.35,96.52,13.27,138.09,100,4,2,0,4.47,83.07,100,71.79,2,8,100,100,100,10008,Account 10008,2024-12-02,98,growth,49
100,90.6,92.77,15,98.74,100,100,53.06,20.47,4.63,42.12,6.06,75.03,91.08,25,76.88,32,55,7.06,94.62,13.77,50.18,99.77,6,4,1,4.62,96.19,99.42,22.32,4,4,100,100,99.41,10008,Account 10008,2024-12-09,98,growth,50
100,61.12,83.47,20,100,90.32,100,126.76,13.49,6.1,34.9,4.95,72.63,94.87,25,96.05,30,47,5.68,90.4,8.26,56.18,98.35,4,4,0,4.76,91.88,94.94,24.64,3,7,100,100,100,10008,Account 10008,2024-12-09,98,growth,50
100,100,100,10,100,88.82,97.16,143.02,20.63,5.08,59.81,7.74,78.55,89.42,25,77.15,35,43,7.36,95.44,11.47,64.5,100,4,5,0,4.68,82.33,100,60.33,6,4,100,100,100,10008,Account 10008,2024-12-16,98,growth,51
100,86.45,100,10,100,84.88,100,142.93,26.31,4.91,34.65,6.15,87.88,94.74,23,85.57,33,52,9.79,99.35,10.83,74.31,95.2,7,4,1,4.91,79.95,100,45.86,4,7,100,100,100,10008,Account 10008,2024-12-16,98,growth,51
100,100,100,24,92.23,94.66,96.34,75.23,24.16,8.25,57.53,6.46,86.62,85.62,20,85.53,31,54,8.95,90.32,10.03,86.85,97.59,2,7,0,4.62,94.36,100,56.97,4,8,100,100,100,10008,Account 10008,2024-12-16,98,growth,51
100,74.61,94.14,16,94.13,100,99.11,68.67,13.85,4.08,57.65,3.93,75.24,100,20,90.01,32,58,8.43,97.8,12.01,51.93,100,3,7,0,4.64,86.1,100,42.98,3,8,100,100,100,10008,Account 10008,2024-12-23,98,growth,52
100,69.42,100,15,100,100,95.28,124.83,26.09,5.75,35.82,4.26,75.69,89.23,21,78.4,33,40,7.52,100,11.7,91.46,95.6,5,4,1,4.62,87.78,100,28.83,4,4,100,100,100,10008,Account 10008,2024-12-23,98,growth,52
100,93.82,100,22,99.62,100,100,109.87,27.5,4.61,52.64,5.2,82.42,91.15,20,91.76,32,50,7.68,96.88,9.63,83.2,98.21,7,3,1,5.05,78.61,100,31.89,5,7,100,100,100,10008,Account 10008,2024-12-23,98,growth,52
76.75,34.98,55.65,74,68.21,62.99,65.15,379.85,90.04,27.91,126.22,2.87,59.58,73.06,11,61.23,19,32,3.25,84.29,6.01,524.68,100,21,45,5,3.77,60.75,61.4,9.21,1,60,78.1,83.24,68.74,10009,Account 10009,2024-01-01,70,moderate,1
68.27,20.44,42.48,100,58.84,55.23,42.76,523.48,84.9,37.75,179.91,1.31,50.72,67.44,6,41.86,8,19,1.68,79.17,3.67,727.56,96.9,19,64,5,3.08,45.68,55.96,3.81,1,68,70.81,77.81,49.44,10009,Account 10009,2024-03-25,56.67,at_risk,13
57.46,6.06,30.98,100,53.07,49.45,49.21,425.44,87.93,39.19,126.37,1.53,50.74,55.57,8,40.12,15,23,0.7,75.49,4.92,582.81,94.28,34,66,4,3.01,32.22,48.01,2.67,0,53,63.05,72.53,58.53,10009,Account 10009,2024-04-15,53.16,at_risk,16
70.56,2.53,33.23,94,57.76,42.02,48.0,539.3,107.64,29.46,158.34,1.61,38.92,67.0,8,36.44,7,15,0.73,78.84,4.8,616.68,98.11,31,31,7,2.98,39.7,40.11,0.65,1,82,65.55,72.81,60.64,10009,Account 10009,2024-04-29,51.12,at_risk,18
57.93,12.64,43.1,116,61.34,47.01,51.86,342.91,129.95,37.81,145.04,1.8,40.12,57.25,3,21.61,8,14,0.32,42.47,1.79,381.14,57.08,57,62,17,1.88,19.81,44.2,3.84,0,56,52.29,64.39,46.5,10009,Account 10009,2024-05-06,49.02,crisis,19
61.93,5.82,38.97,86,52.23,44.25,48.85,413.49,104.4,29.47,175.85,1.55,41.14,52.75,3,22.6,7,10,0.35,44.05,1.61,435.68,60.14,73,143,14,2.08,19.21,38.79,4.36,1,58,61.88,79.95,56.71,10009,Account 10009,2024-05-06,49.02,crisis,19
69.76,25.34,46.99,113,53.53,46.16,56.36,558.95,117.28,26.58,159.9,1.82,42.37,66.32,2,26.1,5,8,0.66,51.21,1.45,246.72,60.46,80,181,15,1.67,23.92,38.85,0,0,82,67.89,81.1,54.92,10009,Account 10009,2024-05-13,46.82,crisis,20
61.23,16.19,38.37,94,53.31,44.58,50.81,363.68,87.57,30.26,196.32,1.6,46.49,59.5,3,25.33,6,14,0.46,48.16,1.6,305.73,58.68,81,74,15,1.2,26.5,50.65,0,1,55,63.41,71.23,56.49,10009,Account 10009,2024-05-20,45.41,crisis,21
64.79,1.39,37.44,96,53.69,51.11,45.77,320.32,125.56,41.15,193.65,2.01,44.36,60.43,3,26.74,4,13,0.9,43.58,1.51,265.56,56.37,65,65,12,1.17,28.3,49.61,4.22,0,47,52.48,71.51,45.83,10009,Account 10009,2024-05-20,45.41,crisis,21
54.19,8.99,49.3,80,59.27,42.92,46.63,370.17,105.99,33.43,134.29,1.48,47.79,66.95,2,15.65,7,8,0.66,43.73,2.11,432.88,53.66,78,87,21,1.89,29.58,56.38,0,0,48,68.2,69.31,55.73,10009,Account 10009,2024-05-27,44.71,crisis,22
57.59,18.02,39.21,62,48.91,42.97,48.38,554.49,127.68,46.24,125.29,1.53,54.05,60.21,3,20.59,4,8,0.88,42.46,1.69,347.12,58.7,74,92,12,1.85,25.73,38.27,0.39,0,84,55.63,83.01,41.76,10009,Account 10009,2024-06-03,44.19,crisis,23
58.07,21.06,44.71,99,64.74,39.35,57.09,315.46,130.31,40.58,129.92,1.52,40.1,51.68,2,30.77,4,13,0.65,50.96,2.89,407.44,55.77,62,96,18,1.92,26.65,46.47,1.03,1,94,60.7,74.82,52.46,10009,Account 10009,2024-06-10,44.2,crisis,24
70.67,0.58,40.69,75,54.66,46.67,48.89,432.1,84.25,44.28,168.99,1.73,42.42,53.8,5,20.92,4,8,0.56,42.03,1.76,258.91,59.88,92,116,11,1.49,29.63,46.36,0,0,78,70.19,65.43,49.22,10009,Account 10009,2024-06-17,43.96,crisis,25
55.01,15.46,45.81,98,62.38,37.09,45.28,530.11,110.41,31.81,155.59,1.57,44.22,63.99,4,25.52,5,14,0.93,50.02,2.64,314.87,60.24,55,75,19,1.59,26.27,43.19,0,0,55,67.17,77.79,51.12,10009,Account 10009,2024-06-24,41.9,crisis,26
47.63,20.09,41.14,102,55.87,47.11,56.72,465.23,117.03,34.62,135.05,1.27,53.0,58.69,2,13.02,5,9,0.7,46.13,1.53,236.83,58.48,62,114,18,2.12,21.23,42.07,0,1,53,55.75,66.11,46.79,10009,Account 10009,2024-07-01,39.06,crisis,27
45.76,21.25,35.37,104,61.63,47.63,46.27,314.85,85.93,43.47,185.1,1.65,43.93,60.87,3,14.07,6,12,1.06,48.77,1.99,258.12,52.69,85,96,16,1.74,20.4,43.52,4.03,1,81,48.75,76.82,57.76,10009,Account 10009,2024-07-01,39.06,crisis,27
55.02,1.03,34.5,77,59.44,56.23,48.23,547.44,130.58,25.85,137.04,1.79,40.53,65.69,2,27.49,9,10,0.46,45.21,1.85,349.47,55.79,68,112,14,1.12,28.78,50.82,0,0,53,58.48,79.98,45.64,10009,Account 10009,2024-07-08,36.33,crisis,28
37.58,6.82,35.34,69,54.73,42.26,51.42,346.28,98.05,26.92,175.84,1.33,44.42,51.88,3,8.41,7,14,0.37,48.37,2.47,475.77,51.9,76,118,21,1.75,30.17,50.33,1.05,1,75,48.94,76.09,46.23,10009,Account 10009,2024-07-15,33.37,crisis,29
48.53,8.02,32.68,123,58.27,44.06,52.15,385.91,110.22,31.73,152.29,1.72,46.43,53.98,3,8.61,5,15,0.43,48.01,1.61,314.76,52.23,65,123,22,1.71,22.47,51.84,0,1,93,58.78,72.71,51.43,10009,Account 10009,2024-07-15,33.37,crisis,29
56.37,19.27,30.3,64,54.6,38.01,46.2,382.86,79.06,42.66,139.07,1.68,48.34,70.23,3,23.15,5,8,0.56,46.83,2.2,233.33,58.27,75,143,16,2.09,22.2,35.72,0,0,95,59.48,73.76,42.87,10009,Account 10009,2024-07-22,30.8,crisis,30
73.64,33.81,59.32,82,68.09,61.71,64.64,428.84,107.89,32.32,142.82,2.79,59.73,77.07,11,59.73,19,30,3.1,89.71,5.79,569.94,98.18,24,49,5,3.86,58.65,61.42,8.25,1,68,76.34,81.25,67.13,10010,Account 10010,2024-01-22,68.19,at_risk,4
75.2,32.49,59.34,81,72.85,59.6,65.98,420.71,100.85,30.77,142.19,2.6,60.73,73.04,10,59.14,18,30,2.93,84.3,5.73,573.63,96.76,24,48,5,3.94,60.55,60.47,8.49,1,62,75.68,80.43,65.78,10010,Account 10010,2024-01-29,68.22,at_risk,5
70.85,31.12,53.91,93,68.89,58.94,66.24,439.94,117.69,34.69,154.61,2.44,57.23,72.61,10,56.8,18,28,2.69,83.82,5.63,623.5,97.94,26,55,6,3.86,56.72,58.71,7.87,1,70,73.59,81.98,68.48,10010,Account 10010,2024-02-05,66.75,at_risk,6
71.97,30.35,52.99,103,65.67,57.15,63.04,503.33,129.07,38.66,173.86,2.27,56.41,70.5,9,56.69,17,29,2.4,88.04,5.66,643.55,100,30,60,7,3.57,56.9,60.1,6.51,1,77,71.92,82.46,62.97,10010,Account 10010,2024-02-12,64.29,at_risk,7
74.35,25.63,50.09,118,65.31,57.22,62.14,591.17,136.71,41.73,193.07,2.14,53.89,73.15,8,49.34,15,26,2.08,81.32,5.07,786.64,100,34,67,8,3.58,49.77,55.48,5.6,1,87,73.17,80.39,58.37,10010,Account 10010,2024-02-26,61.5,at_risk,9
70.68,26.46,53.13,114,64.37,53.81,60.19,603.77,144.1,41.08,186.82,2.04,58.15,73.07,8,51.47,15,25,2.13,84.68,5.36,766.16,99.56,34,72,8,3.54,52.16,55.79,5.48,1,91,72.44,80.32,63.06,10010,Account 10010,2024-03-04,61.08,at_risk,10
73.66,26.17,48.89,114,64.71,53.41,63.5,561.28,142.27,41.99,198.2,1.97,53.73,66.97,8,48.8,15,25,2.06,87.32,4.93,795.1,94.91,34,73,8,3.7,51.29,57.39,5.27,1,98,67.83,81.24,60.78,10010,Account 10010,2024-03-11,60.66,at_risk,11
53.79,7.64,47.6,75,51.14,52.37,58.9,619.65,111.72,45.07,134.09,1.66,53.52,53.76,6,30.87,10,16,0.94,68.8,4.61,526.76,96.78,18,65,5,2.89,49.14,55.14,0,1,90,66.55,68.41,56.52,10010,Account 10010,2024-03-25,57.1,at_risk,13
60.65,13.08,43.08,115,46.48,41.94,47.6,468.83,80.62,33.39,158.43,1.65,47.95,55.14,7,37.71,11,14,0.63,82.59,2.29,715.29,98.48,28,32,8,2.74,42.99,36.66,4.15,1,58,58.19,75.08,50.3,10010,Account 10010,2024-04-15,52.41,at_risk,16
42.01,12.12,48.79,65,61.68,53.26,55.2,302.52,87.72,26.93,179.77,1.58,52.57,62.72,3,7.02,5,11,0.95,48.46,1.79,314.73,54.76,79,106,25,1.93,24.68,54.22,2.38,1,54,67.86,73.76,59.28,10010,Account 10010,2024-04-29,49.3,crisis,18
44.52,4.23,51.03,124,61.07,44.72,41.21,555.91,124.97,32.91,125.09,1.52,44.21,50.28,3,8.43,6,7,1.07,52.73,2.54,357.0,51.76,53,152,25,1.93,19.41,38.08,0,1,54,62.74,74.52,41.06,10010,Account 10010,2024-04-29,49.3,crisis,18
54.21,18.83,47.85,76,57.0,43.93,46.75,342.77,120.41,35.48,168.01,1.79,45.09,67.08,4,12.77,3,8,0.99,45.22,1.66,469.17,56.57,49,158,16,1.67,23.79,53.12,0,1,94,68.25,75.88,59.29,10010,Account 10010,2024-05-06,48.78,crisis,19
68.8,13.65,35.11,115,65.14,39.63,57.78,358.64,107.44,40.62,175.55,1.24,47.62,64.54,3,20.07,7,13,0.67,45.41,1.23,310.79,56.76,58,77,16,2.18,23.3,50.5,0,1,55,55.85,71.27,55.53,10010,Account 10010,2024-05-13,47.31,crisis,20
59.12,17.13,40.35,103,59.52,45.95,50.45,556.11,102.86,37.45,195.37,1.24,47.19,52.41,4,20.31,7,10,0.92,51.51,1.49,306.04,58.98,47,117,17,1.79,22.7,52.16,0,1,85,65.43,72.76,51.95,10010,Account 10010,2024-05-13,47.31,crisis,20
60.64,4.95,28.94,108,46.73,52.09,56.4,554.07,84.3,31.28,134.67,1.67,46.66,69.81,4,29.54,9,8,0.69,44.71,2.54,294.8,57.07,94,95,12,1.45,21.1,49.92,0,0,62,49.44,73.45,57.2,10010,Account 10010,2024-05-20,46.39,crisis,21
60.64,13.2,29.93,106,60.65,41.31,55.52,435.66,127.77,40.58,171.97,1.88,43.42,56.61,2,20.48,8,11,1.17,47.68,1.59,462.22,55.66,77,119,17,1.35,25.23,42.86,0,1,90,72.26,64.96,53.12,10010,Account 10010,2024-05-20,46.39,crisis,21
62.09,16.37,41.82,98,57.92,49.86,45.5,487.68,114.47,44.99,133.16,1.74,39.79,59.52,3,23.68,8,11,0.73,48.53,2.0,389.9,58.55,100,186,19,1.28,21.18,37.87,4.21,0,96,62.25,78.74,47.49,10010,Account 10010,2024-05-27,43.58,crisis,22
69.7,14.33,38.84,104,61.52,52.47,42.77,512.94,104.54,41.78,202.33,1.5,52.58,49.83,4,19.92,8,14,0.43,51.9,2.35,456.27,56.39,76,99,12,1.59,29.46,37.37,4.75,0,50,57.21,66.96,54.51,10010,Account 10010,2024-05-27,43.58,crisis,22
61.4,4.82,42.65,109,61.33,48.75,52.92,438.22,92.14,26.27,157.31,1.59,49.51,63.8,3,26.25,4,12,1.05,47.01,1.36,409.35,58.74,63,154,10,1.64,25.4,43.6,0.55,1,58,65.23,64.14,53.84,10010,Account 10010,2024-06-03,42.45,crisis,23
53.77,13.77,35.18,86,57.81,49.78,61.4,511.82,106.45,42.46,172.95,1.55,39.72,55.79,2,20.2,6,9,1.13,44.34,1.28,278.78,60.21,67,129,17,1.28,18.89,51.34,0,0,93,62.21,64.82,45.22,10010,Account 10010,2024-06-10,39.77,crisis,24
63.46,21.52,46.11,115,46.72,39.08,54.3,486.5,130.41,41.74,184.91,1.29,51.88,53.54,4,21.63,7,11,1.04,45.49,2.25,251.16,57.73,54,181,12,1.62,18.25,51.64,0,0,55,60.33,68.63,50.8,10010,Account 10010,2024-06-17,36.98,crisis,25
69.94,9.14,31.49,88,55.23,50.85,40.05,565.31,149.47,32.17,153.21,1.37,44.68,56.9,3,28.41,4,7,0.52,43.38,1.53,426.14,55.88,73,174,17,1.44,28.33,49.8,0,1,80,57.66,75.12,62.35,10010,Account 10010,2024-06-24,34.5,crisis,26
68.26,10.43,37.97,102,63.31,52.53,52.29,579.35,88.57,35.68,130.88,1.81,50.5,52.38,2,21.43,6,10,0.65,50.62,1.37,280.72,57.56,72,73,12,1.39,20.24,44.15,0,1,79,53.44,70.59,49.96,10010,Account 10010,2024-06-24,34.5,crisis,26
68.58,14.71,45.17,105,46.66,45.56,40.29,583.51,115.91,45.62,166.12,2.08,53.94,68.3,4,24.92,4,13,0.36,46.73,2.84,295.13,61.49,71,174,13,1.45,20.72,38.09,0,1,60,57.3,75.63,48.08,10010,Account 10010,2024-07-01,33.14,crisis,27
64.48,17.28,42.61,121,60.98,51.93,52.39,336.1,90.27,29.05,149.8,1.88,46.54,67.47,2,19.5,8,11,1.01,45.72,2.77,400.25,59.36,87,133,15,1.12,20.16,46.15,0,1,52,62.97,74.96,56.4,10010,Account 10010,2024-07-01,33.14,crisis,27
54.77,1.68,42.28,76,43.49,50.26,53.86,307.09,145.7,31.23,131.22,1.96,43.08,58.47,4,19.98,6,10,0.79,43.75,2.68,271.0,56.92,69,77,19,1.44,29.5,47.82,0,1,67,48.7,76.77,61.05,10010,Account 10010,2024-07-08,30.85,crisis,28
69.04,14.54,40.36,96,52.85,46.68,42.96,460.72,97.3,28.25,179.89,1.68,52.93,58.27,2,25.08,7,11,0.67,43.89,2.14,395.45,54.77,71,97,13,1.19,24.43,38.95,0,0,71,65.9,77.07,53.0,10010,Account 10010,2024-07-08,30.85,crisis,28
67.53,24.66,32.65,84,53.36,45.36,42.35,372.85,149.83,30.66,189.82,1.91,47.97,63.51,4,25.89,4,8,0.98,45.26,1.85,272.28,59.93,45,125,11,1.85,23.79,47.72,0,1,73,66.29,69.01,53.76,10010,Account 10010,2024-07-15,30.3,crisis,29
