account_id,kpi_code,kpi_name,pillar,measured_at,value,target,weight,unit,status
440001,P1-KPI1,Time-to-First-Workload,P1,2026-01-28,20.28,14,0.2,days,risk
440001,P1-KPI1,Time-to-First-Workload,P1,2026-02-04,19.59,14,0.2,days,risk
440001,P1-KPI1,Time-to-First-Workload,P1,2026-02-11,18.04,14,0.2,days,risk
440001,P1-KPI1,Time-to-First-Workload,P1,2026-02-18,17.53,14,0.2,days,risk
440001,P1-KPI1,Time-to-First-Workload,P1,2026-02-25,17.66,14,0.2,days,risk
440001,P1-KPI1,Time-to-First-Workload,P1,2026-03-04,17.68,14,0.2,days,risk
440001,P1-KPI1,Time-to-First-Workload,P1,2026-03-11,17.63,14,0.2,days,risk
440001,P1-KPI1,Time-to-First-Workload,P1,2026-03-18,16.76,14,0.2,days,risk
440001,P1-KPI1,Time-to-First-Workload,P1,2026-03-25,16.17,14,0.2,days,risk
440001,P1-KPI2,Installation Completion Rate,P1,2026-01-28,71.27,90,0.15,percentage,critical
440001,P1-KPI2,Installation Completion Rate,P1,2026-02-04,82.97,90,0.15,percentage,risk
440001,P1-KPI2,Installation Completion Rate,P1,2026-02-11,78.38,90,0.15,percentage,risk
440001,P1-KPI2,Installation Completion Rate,P1,2026-02-18,82.36,90,0.15,percentage,risk
440001,P1-KPI2,Installation Completion Rate,P1,2026-02-25,88.32,90,0.15,percentage,risk
440001,P1-KPI2,Installation Completion Rate,P1,2026-03-04,89.34,90,0.15,percentage,risk
440001,P1-KPI2,Installation Completion Rate,P1,2026-03-11,89.38,90,0.15,percentage,risk
440001,P1-KPI2,Installation Completion Rate,P1,2026-03-18,90.44,90,0.15,percentage,healthy
440001,P1-KPI2,Installation Completion Rate,P1,2026-03-25,98.1,90,0.15,percentage,healthy
440001,P1-KPI4,Deployment Cycle Time,P1,2026-01-28,41.67,30,0.15,days,risk
440001,P1-KPI4,Deployment Cycle Time,P1,2026-02-04,39.14,30,0.15,days,risk
440001,P1-KPI4,Deployment Cycle Time,P1,2026-02-11,41.24,30,0.15,days,risk
440001,P1-KPI4,Deployment Cycle Time,P1,2026-02-18,39.11,30,0.15,days,risk
440001,P1-KPI4,Deployment Cycle Time,P1,2026-02-25,36.2,30,0.15,days,risk
440001,P1-KPI4,Deployment Cycle Time,P1,2026-03-04,35.59,30,0.15,days,risk
440001,P1-KPI4,Deployment Cycle Time,P1,2026-03-11,33.6,30,0.15,days,risk
440001,P1-KPI4,Deployment Cycle Time,P1,2026-03-18,33.38,30,0.15,days,risk
440001,P1-KPI4,Deployment Cycle Time,P1,2026-03-25,33.36,30,0.15,days,risk
440001,P1-KPI5,Hardware Commissioning Time,P1,2026-01-28,12.64,7,0.13,days,risk
440001,P1-KPI5,Hardware Commissioning Time,P1,2026-02-04,12.68,7,0.13,days,risk
440001,P1-KPI5,Hardware Commissioning Time,P1,2026-02-11,12.65,7,0.13,days,risk
440001,P1-KPI5,Hardware Commissioning Time,P1,2026-02-18,12.06,7,0.13,days,risk
440001,P1-KPI5,Hardware Commissioning Time,P1,2026-02-25,11.63,7,0.13,days,risk
440001,P1-KPI5,Hardware Commissioning Time,P1,2026-03-04,11.74,7,0.13,days,risk
440001,P1-KPI5,Hardware Commissioning Time,P1,2026-03-11,10.62,7,0.13,days,risk
440001,P1-KPI5,Hardware Commissioning Time,P1,2026-03-18,10.79,7,0.13,days,risk
440001,P1-KPI5,Hardware Commissioning Time,P1,2026-03-25,10.67,7,0.13,days,risk
440001,P2-KPI1,RMA Frequency Rate,P2,2026-01-28,2.44,2.6,0.2,percentage,risk
440001,P2-KPI1,RMA Frequency Rate,P2,2026-02-04,2.25,2.6,0.2,percentage,risk
440001,P2-KPI1,RMA Frequency Rate,P2,2026-02-11,2.21,2.6,0.2,percentage,risk
440001,P2-KPI1,RMA Frequency Rate,P2,2026-02-18,2.1,2.6,0.2,percentage,risk
440001,P2-KPI1,RMA Frequency Rate,P2,2026-02-25,1.94,2.6,0.2,percentage,risk
440001,P2-KPI1,RMA Frequency Rate,P2,2026-03-04,2.01,2.6,0.2,percentage,risk
440001,P2-KPI1,RMA Frequency Rate,P2,2026-03-11,1.91,2.6,0.2,percentage,risk
440001,P2-KPI1,RMA Frequency Rate,P2,2026-03-18,1.84,2.6,0.2,percentage,risk
440001,P2-KPI1,RMA Frequency Rate,P2,2026-03-25,1.86,2.6,0.2,percentage,risk
440001,P2-KPI2,MTBF (Mean Time Between Failures),P2,2026-01-28,5346.04,8760,0.18,hours,risk
440001,P2-KPI2,MTBF (Mean Time Between Failures),P2,2026-02-04,5117.68,8760,0.18,hours,risk
440001,P2-KPI2,MTBF (Mean Time Between Failures),P2,2026-02-11,5513.65,8760,0.18,hours,risk
440001,P2-KPI2,MTBF (Mean Time Between Failures),P2,2026-02-18,5597.78,8760,0.18,hours,risk
440001,P2-KPI2,MTBF (Mean Time Between Failures),P2,2026-02-25,6092.87,8760,0.18,hours,risk
440001,P2-KPI2,MTBF (Mean Time Between Failures),P2,2026-03-04,5842.68,8760,0.18,hours,risk
440001,P2-KPI2,MTBF (Mean Time Between Failures),P2,2026-03-11,6863.36,8760,0.18,hours,risk
440001,P2-KPI2,MTBF (Mean Time Between Failures),P2,2026-03-18,6762.23,8760,0.18,hours,risk
440001,P2-KPI2,MTBF (Mean Time Between Failures),P2,2026-03-25,6999.72,8760,0.18,hours,risk
440001,P2-KPI3,Critical Incidents (30d),P2,2026-01-28,2.66,3,0.17,count,risk
440001,P2-KPI3,Critical Incidents (30d),P2,2026-02-04,2.41,3,0.17,count,risk
440001,P2-KPI3,Critical Incidents (30d),P2,2026-02-11,2.5,3,0.17,count,risk
440001,P2-KPI3,Critical Incidents (30d),P2,2026-02-18,2.41,3,0.17,count,risk
440001,P2-KPI3,Critical Incidents (30d),P2,2026-02-25,2.24,3,0.17,count,risk
440001,P2-KPI3,Critical Incidents (30d),P2,2026-03-04,2.1,3,0.17,count,risk
440001,P2-KPI3,Critical Incidents (30d),P2,2026-03-11,2.02,3,0.17,count,risk
440001,P2-KPI3,Critical Incidents (30d),P2,2026-03-18,2.07,3,0.17,count,risk
440001,P2-KPI3,Critical Incidents (30d),P2,2026-03-25,1.86,3,0.17,count,risk
440001,P2-KPI4,System Uptime Percentage,P2,2026-01-28,100.19,99.5,0.15,percentage,healthy
440001,P2-KPI4,System Uptime Percentage,P2,2026-02-04,96.33,99.5,0.15,percentage,critical
440001,P2-KPI4,System Uptime Percentage,P2,2026-02-11,104.07,99.5,0.15,percentage,healthy
440001,P2-KPI4,System Uptime Percentage,P2,2026-02-18,109.18,99.5,0.15,percentage,healthy
440001,P2-KPI4,System Uptime Percentage,P2,2026-02-25,111.78,99.5,0.15,percentage,healthy
440001,P2-KPI4,System Uptime Percentage,P2,2026-03-04,119.4,99.5,0.15,percentage,healthy
440001,P2-KPI4,System Uptime Percentage,P2,2026-03-11,116.29,99.5,0.15,percentage,healthy
440001,P2-KPI4,System Uptime Percentage,P2,2026-03-18,119.4,99.5,0.15,percentage,healthy
440001,P2-KPI4,System Uptime Percentage,P2,2026-03-25,119.4,99.5,0.15,percentage,healthy
440001,P3-KPI1,GPU Utilization Rate,P3,2026-01-28,48.79,65,0.22,percentage,risk
440001,P3-KPI1,GPU Utilization Rate,P3,2026-02-04,51.77,65,0.22,percentage,risk
440001,P3-KPI1,GPU Utilization Rate,P3,2026-02-11,55.25,65,0.22,percentage,risk
440001,P3-KPI1,GPU Utilization Rate,P3,2026-02-18,54.83,65,0.22,percentage,risk
440001,P3-KPI1,GPU Utilization Rate,P3,2026-02-25,55.92,65,0.22,percentage,risk
440001,P3-KPI1,GPU Utilization Rate,P3,2026-03-04,54.49,65,0.22,percentage,risk
440001,P3-KPI1,GPU Utilization Rate,P3,2026-03-11,60.69,65,0.22,percentage,risk
440001,P3-KPI1,GPU Utilization Rate,P3,2026-03-18,60.53,65,0.22,percentage,risk
440001,P3-KPI1,GPU Utilization Rate,P3,2026-03-25,66.2,65,0.22,percentage,healthy
440001,P3-KPI2,Training Job Completion Rate,P3,2026-01-28,79.99,90,0.2,percentage,risk
440001,P3-KPI2,Training Job Completion Rate,P3,2026-02-04,81.69,90,0.2,percentage,risk
440001,P3-KPI2,Training Job Completion Rate,P3,2026-02-11,79.94,90,0.2,percentage,risk
440001,P3-KPI2,Training Job Completion Rate,P3,2026-02-18,85.27,90,0.2,percentage,risk
440001,P3-KPI2,Training Job Completion Rate,P3,2026-02-25,88.99,90,0.2,percentage,risk
440001,P3-KPI2,Training Job Completion Rate,P3,2026-03-04,92.19,90,0.2,percentage,healthy
440001,P3-KPI2,Training Job Completion Rate,P3,2026-03-11,96.49,90,0.2,percentage,healthy
440001,P3-KPI2,Training Job Completion Rate,P3,2026-03-18,98.43,90,0.2,percentage,healthy
440001,P3-KPI2,Training Job Completion Rate,P3,2026-03-25,92.63,90,0.2,percentage,healthy
440001,P3-KPI3,Inference Latency (P95),P3,2026-01-28,89.22,50,0.15,milliseconds,risk
440001,P3-KPI3,Inference Latency (P95),P3,2026-02-04,87.59,50,0.15,milliseconds,risk
440001,P3-KPI3,Inference Latency (P95),P3,2026-02-11,88.96,50,0.15,milliseconds,risk
440001,P3-KPI3,Inference Latency (P95),P3,2026-02-18,86.22,50,0.15,milliseconds,risk
440001,P3-KPI3,Inference Latency (P95),P3,2026-02-25,86.84,50,0.15,milliseconds,risk
440001,P3-KPI3,Inference Latency (P95),P3,2026-03-04,79.39,50,0.15,milliseconds,risk
440001,P3-KPI3,Inference Latency (P95),P3,2026-03-11,77.52,50,0.15,milliseconds,risk
440001,P3-KPI3,Inference Latency (P95),P3,2026-03-18,76.78,50,0.15,milliseconds,risk
440001,P3-KPI3,Inference Latency (P95),P3,2026-03-25,71.72,50,0.15,milliseconds,risk
440001,P3-KPI4,Model Training Time,P3,2026-01-28,43.92,24,0.14,hours,risk
440001,P3-KPI4,Model Training Time,P3,2026-02-04,42.78,24,0.14,hours,risk
440001,P3-KPI4,Model Training Time,P3,2026-02-11,39.61,24,0.14,hours,risk
440001,P3-KPI4,Model Training Time,P3,2026-02-18,42.4,24,0.14,hours,risk
440001,P3-KPI4,Model Training Time,P3,2026-02-25,39.57,24,0.14,hours,risk
440001,P3-KPI4,Model Training Time,P3,2026-03-04,39.93,24,0.14,hours,risk
440001,P3-KPI4,Model Training Time,P3,2026-03-11,38.83,24,0.14,hours,risk
440001,P3-KPI4,Model Training Time,P3,2026-03-18,37.16,24,0.14,hours,risk
440001,P3-KPI4,Model Training Time,P3,2026-03-25,35.19,24,0.14,hours,risk
440001,P4-KPI1,Partner Engagement Score,P4,2026-01-28,52.03,75,0.22,score,risk
440001,P4-KPI1,Partner Engagement Score,P4,2026-02-04,55.26,75,0.22,score,risk
440001,P4-KPI1,Partner Engagement Score,P4,2026-02-11,60.86,75,0.22,score,risk
440001,P4-KPI1,Partner Engagement Score,P4,2026-02-18,57.69,75,0.22,score,risk
440001,P4-KPI1,Partner Engagement Score,P4,2026-02-25,60.1,75,0.22,score,risk
440001,P4-KPI1,Partner Engagement Score,P4,2026-03-04,58.77,75,0.22,score,risk
440001,P4-KPI1,Partner Engagement Score,P4,2026-03-11,62.5,75,0.22,score,risk
440001,P4-KPI1,Partner Engagement Score,P4,2026-03-18,62.58,75,0.22,score,risk
440001,P4-KPI1,Partner Engagement Score,P4,2026-03-25,64.98,75,0.22,score,risk
440001,P4-KPI2,VAR Performance Rating,P4,2026-01-28,62.61,80,0.2,score,risk
440001,P4-KPI2,VAR Performance Rating,P4,2026-02-04,68.32,80,0.2,score,risk
440001,P4-KPI2,VAR Performance Rating,P4,2026-02-11,67.74,80,0.2,score,risk
440001,P4-KPI2,VAR Performance Rating,P4,2026-02-18,71.42,80,0.2,score,risk
440001,P4-KPI2,VAR Performance Rating,P4,2026-02-25,74.54,80,0.2,score,risk
440001,P4-KPI2,VAR Performance Rating,P4,2026-03-04,78.81,80,0.2,score,risk
440001,P4-KPI2,VAR Performance Rating,P4,2026-03-11,78.95,80,0.2,score,risk
440001,P4-KPI2,VAR Performance Rating,P4,2026-03-18,80.78,80,0.2,score,healthy
440001,P4-KPI2,VAR Performance Rating,P4,2026-03-25,83.25,80,0.2,score,healthy
440001,P4-KPI3,Joint QBR Frequency,P4,2026-01-28,2.33,4,0.18,count,risk
440001,P4-KPI3,Joint QBR Frequency,P4,2026-02-04,2.4,4,0.18,count,risk
440001,P4-KPI3,Joint QBR Frequency,P4,2026-02-11,2.52,4,0.18,count,risk
440001,P4-KPI3,Joint QBR Frequency,P4,2026-02-18,2.59,4,0.18,count,risk
440001,P4-KPI3,Joint QBR Frequency,P4,2026-02-25,2.63,4,0.18,count,risk
440001,P4-KPI3,Joint QBR Frequency,P4,2026-03-04,2.83,4,0.18,count,risk
440001,P4-KPI3,Joint QBR Frequency,P4,2026-03-11,2.82,4,0.18,count,risk
440001,P4-KPI3,Joint QBR Frequency,P4,2026-03-18,3.01,4,0.18,count,risk
440001,P4-KPI3,Joint QBR Frequency,P4,2026-03-25,2.88,4,0.18,count,risk
440001,P4-KPI4,Channel Conflict Score,P4,2026-01-28,44.78,20,0.15,score,risk
440001,P4-KPI4,Channel Conflict Score,P4,2026-02-04,45.57,20,0.15,score,risk
440001,P4-KPI4,Channel Conflict Score,P4,2026-02-11,42.07,20,0.15,score,risk
440001,P4-KPI4,Channel Conflict Score,P4,2026-02-18,42.25,20,0.15,score,risk
440001,P4-KPI4,Channel Conflict Score,P4,2026-02-25,42.57,20,0.15,score,risk
440001,P4-KPI4,Channel Conflict Score,P4,2026-03-04,39.64,20,0.15,score,risk
440001,P4-KPI4,Channel Conflict Score,P4,2026-03-11,39.35,20,0.15,score,risk
440001,P4-KPI4,Channel Conflict Score,P4,2026-03-18,37.41,20,0.15,score,risk
440001,P4-KPI4,Channel Conflict Score,P4,2026-03-25,36.06,20,0.15,score,risk
440001,P5-KPI1,Capacity Utilization Rate,P5,2026-01-28,50.92,70,0.18,percentage,risk
440001,P5-KPI1,Capacity Utilization Rate,P5,2026-02-04,56.93,70,0.18,percentage,risk
440001,P5-KPI1,Capacity Utilization Rate,P5,2026-02-11,59.08,70,0.18,percentage,risk
440001,P5-KPI1,Capacity Utilization Rate,P5,2026-02-18,59.23,70,0.18,percentage,risk
440001,P5-KPI1,Capacity Utilization Rate,P5,2026-02-25,59.65,70,0.18,percentage,risk
440001,P5-KPI1,Capacity Utilization Rate,P5,2026-03-04,61.13,70,0.18,percentage,risk
440001,P5-KPI1,Capacity Utilization Rate,P5,2026-03-11,62.79,70,0.18,percentage,risk
440001,P5-KPI1,Capacity Utilization Rate,P5,2026-03-18,61.63,70,0.18,percentage,risk
440001,P5-KPI1,Capacity Utilization Rate,P5,2026-03-25,67.35,70,0.18,percentage,risk
440001,P5-KPI2,Capacity Utilization Trajectory,P5,2026-01-28,0,5,0.18,percentage_change,risk
440001,P5-KPI2,Capacity Utilization Trajectory,P5,2026-02-04,0,5,0.18,percentage_change,risk
440001,P5-KPI2,Capacity Utilization Trajectory,P5,2026-02-11,0,5,0.18,percentage_change,risk
440001,P5-KPI2,Capacity Utilization Trajectory,P5,2026-02-18,0,5,0.18,percentage_change,risk
440001,P5-KPI2,Capacity Utilization Trajectory,P5,2026-02-25,0,5,0.18,percentage_change,risk
440001,P5-KPI2,Capacity Utilization Trajectory,P5,2026-03-04,0,5,0.18,percentage_change,risk
440001,P5-KPI2,Capacity Utilization Trajectory,P5,2026-03-11,0,5,0.18,percentage_change,risk
440001,P5-KPI2,Capacity Utilization Trajectory,P5,2026-03-18,0,5,0.18,percentage_change,risk
440001,P5-KPI2,Capacity Utilization Trajectory,P5,2026-03-25,0,5,0.18,percentage_change,risk
440001,P5-KPI3,Workload Growth Velocity,P5,2026-01-28,1.63,10,0.18,percentage_change,risk
440001,P5-KPI3,Workload Growth Velocity,P5,2026-02-04,1.72,10,0.18,percentage_change,risk
440001,P5-KPI3,Workload Growth Velocity,P5,2026-02-11,1.79,10,0.18,percentage_change,risk
440001,P5-KPI3,Workload Growth Velocity,P5,2026-02-18,1.9,10,0.18,percentage_change,risk
440001,P5-KPI3,Workload Growth Velocity,P5,2026-02-25,2.07,10,0.18,percentage_change,risk
440001,P5-KPI3,Workload Growth Velocity,P5,2026-03-04,2.16,10,0.18,percentage_change,risk
440001,P5-KPI3,Workload Growth Velocity,P5,2026-03-11,2.23,10,0.18,percentage_change,risk
440001,P5-KPI3,Workload Growth Velocity,P5,2026-03-18,2.38,10,0.18,percentage_change,risk
440001,P5-KPI3,Workload Growth Velocity,P5,2026-03-25,2.33,10,0.18,percentage_change,risk
440001,P5-KPI4,Compute Hour Consumption Trend,P5,2026-01-28,2.47,15,0.15,percentage_change,risk
440001,P5-KPI4,Compute Hour Consumption Trend,P5,2026-02-04,2.74,15,0.15,percentage_change,risk
440001,P5-KPI4,Compute Hour Consumption Trend,P5,2026-02-11,2.93,15,0.15,percentage_change,risk
440001,P5-KPI4,Compute Hour Consumption Trend,P5,2026-02-18,3.28,15,0.15,percentage_change,risk
440001,P5-KPI4,Compute Hour Consumption Trend,P5,2026-02-25,3.45,15,0.15,percentage_change,risk
440001,P5-KPI4,Compute Hour Consumption Trend,P5,2026-03-04,3.82,15,0.15,percentage_change,risk
440001,P5-KPI4,Compute Hour Consumption Trend,P5,2026-03-11,3.89,15,0.15,percentage_change,risk
440001,P5-KPI4,Compute Hour Consumption Trend,P5,2026-03-18,4.18,15,0.15,percentage_change,risk
440001,P5-KPI4,Compute Hour Consumption Trend,P5,2026-03-25,4.57,15,0.15,percentage_change,risk
440002,P1-KPI1,Time-to-First-Workload,P1,2026-01-28,18.32,14,0.2,days,risk
440002,P1-KPI1,Time-to-First-Workload,P1,2026-02-04,17.03,14,0.2,days,risk
440002,P1-KPI1,Time-to-First-Workload,P1,2026-02-11,17.19,14,0.2,days,risk
440002,P1-KPI1,Time-to-First-Workload,P1,2026-02-18,16.55,14,0.2,days,risk
440002,P1-KPI1,Time-to-First-Workload,P1,2026-02-25,16.73,14,0.2,days,risk
440002,P1-KPI1,Time-to-First-Workload,P1,2026-03-04,16.47,14,0.2,days,risk
440002,P1-KPI1,Time-to-First-Workload,P1,2026-03-11,16.44,14,0.2,days,risk
440002,P1-KPI1,Time-to-First-Workload,P1,2026-03-18,15.51,14,0.2,days,risk
440002,P1-KPI1,Time-to-First-Workload,P1,2026-03-25,15.15,14,0.2,days,risk
440002,P1-KPI2,Installation Completion Rate,P1,2026-01-28,81.71,90,0.15,percentage,risk
440002,P1-KPI2,Installation Completion Rate,P1,2026-02-04,85.77,90,0.15,percentage,risk
440002,P1-KPI2,Installation Completion Rate,P1,2026-02-11,86.18,90,0.15,percentage,risk
440002,P1-KPI2,Installation Completion Rate,P1,2026-02-18,90.23,90,0.15,percentage,healthy
440002,P1-KPI2,Installation Completion Rate,P1,2026-02-25,88.13,90,0.15,percentage,risk
440002,P1-KPI2,Installation Completion Rate,P1,2026-03-04,94.8,90,0.15,percentage,healthy
440002,P1-KPI2,Installation Completion Rate,P1,2026-03-11,95.16,90,0.15,percentage,healthy
440002,P1-KPI2,Installation Completion Rate,P1,2026-03-18,96.85,90,0.15,percentage,healthy
440002,P1-KPI2,Installation Completion Rate,P1,2026-03-25,97.58,90,0.15,percentage,healthy
440002,P1-KPI4,Deployment Cycle Time,P1,2026-01-28,41.41,30,0.15,days,risk
440002,P1-KPI4,Deployment Cycle Time,P1,2026-02-04,38.98,30,0.15,days,risk
440002,P1-KPI4,Deployment Cycle Time,P1,2026-02-11,34.52,30,0.15,days,risk
440002,P1-KPI4,Deployment Cycle Time,P1,2026-02-18,37.06,30,0.15,days,risk
440002,P1-KPI4,Deployment Cycle Time,P1,2026-02-25,32.98,30,0.15,days,risk
440002,P1-KPI4,Deployment Cycle Time,P1,2026-03-04,32.45,30,0.15,days,risk
440002,P1-KPI4,Deployment Cycle Time,P1,2026-03-11,32.24,30,0.15,days,risk
440002,P1-KPI4,Deployment Cycle Time,P1,2026-03-18,30.68,30,0.15,days,risk
440002,P1-KPI4,Deployment Cycle Time,P1,2026-03-25,28.61,30,0.15,days,healthy
440002,P1-KPI5,Hardware Commissioning Time,P1,2026-01-28,11.13,7,0.13,days,risk
440002,P1-KPI5,Hardware Commissioning Time,P1,2026-02-04,11.14,7,0.13,days,risk
440002,P1-KPI5,Hardware Commissioning Time,P1,2026-02-11,11.22,7,0.13,days,risk
440002,P1-KPI5,Hardware Commissioning Time,P1,2026-02-18,10.58,7,0.13,days,risk
440002,P1-KPI5,Hardware Commissioning Time,P1,2026-02-25,10.22,7,0.13,days,risk
440002,P1-KPI5,Hardware Commissioning Time,P1,2026-03-04,10.18,7,0.13,days,risk
440002,P1-KPI5,Hardware Commissioning Time,P1,2026-03-11,10.1,7,0.13,days,risk
440002,P1-KPI5,Hardware Commissioning Time,P1,2026-03-18,9.47,7,0.13,days,risk
440002,P1-KPI5,Hardware Commissioning Time,P1,2026-03-25,9.16,7,0.13,days,risk
440002,P2-KPI1,RMA Frequency Rate,P2,2026-01-28,2.22,2.6,0.2,percentage,risk
440002,P2-KPI1,RMA Frequency Rate,P2,2026-02-04,1.95,2.6,0.2,percentage,risk
440002,P2-KPI1,RMA Frequency Rate,P2,2026-02-11,2.04,2.6,0.2,percentage,risk
440002,P2-KPI1,RMA Frequency Rate,P2,2026-02-18,1.89,2.6,0.2,percentage,risk
440002,P2-KPI1,RMA Frequency Rate,P2,2026-02-25,1.8,2.6,0.2,percentage,risk
440002,P2-KPI1,RMA Frequency Rate,P2,2026-03-04,1.74,2.6,0.2,percentage,risk
440002,P2-KPI1,RMA Frequency Rate,P2,2026-03-11,1.62,2.6,0.2,percentage,risk
440002,P2-KPI1,RMA Frequency Rate,P2,2026-03-18,1.61,2.6,0.2,percentage,risk
440002,P2-KPI1,RMA Frequency Rate,P2,2026-03-25,1.59,2.6,0.2,percentage,risk
440002,P2-KPI2,MTBF (Mean Time Between Failures),P2,2026-01-28,6151.47,8760,0.18,hours,risk
440002,P2-KPI2,MTBF (Mean Time Between Failures),P2,2026-02-04,6380.54,8760,0.18,hours,risk
440002,P2-KPI2,MTBF (Mean Time Between Failures),P2,2026-02-11,6543.22,8760,0.18,hours,risk
440002,P2-KPI2,MTBF (Mean Time Between Failures),P2,2026-02-18,6669.44,8760,0.18,hours,risk
440002,P2-KPI2,MTBF (Mean Time Between Failures),P2,2026-02-25,7140.96,8760,0.18,hours,risk
440002,P2-KPI2,MTBF (Mean Time Between Failures),P2,2026-03-04,7010.25,8760,0.18,hours,risk
440002,P2-KPI2,MTBF (Mean Time Between Failures),P2,2026-03-11,7351.78,8760,0.18,hours,risk
440002,P2-KPI2,MTBF (Mean Time Between Failures),P2,2026-03-18,7986.68,8760,0.18,hours,risk
440002,P2-KPI2,MTBF (Mean Time Between Failures),P2,2026-03-25,7814.82,8760,0.18,hours,risk
440002,P2-KPI3,Critical Incidents (30d),P2,2026-01-28,2.16,3,0.17,count,risk
440002,P2-KPI3,Critical Incidents (30d),P2,2026-02-04,2.15,3,0.17,count,risk
440002,P2-KPI3,Critical Incidents (30d),P2,2026-02-11,1.94,3,0.17,count,risk
440002,P2-KPI3,Critical Incidents (30d),P2,2026-02-18,1.95,3,0.17,count,risk
440002,P2-KPI3,Critical Incidents (30d),P2,2026-02-25,2.02,3,0.17,count,risk
440002,P2-KPI3,Critical Incidents (30d),P2,2026-03-04,1.91,3,0.17,count,risk
440002,P2-KPI3,Critical Incidents (30d),P2,2026-03-11,1.73,3,0.17,count,risk
440002,P2-KPI3,Critical Incidents (30d),P2,2026-03-18,1.78,3,0.17,count,risk
440002,P2-KPI3,Critical Incidents (30d),P2,2026-03-25,1.57,3,0.17,count,risk
440002,P2-KPI4,System Uptime Percentage,P2,2026-01-28,98.33,99.5,0.15,percentage,risk
440002,P2-KPI4,System Uptime Percentage,P2,2026-02-04,103.0,99.5,0.15,percentage,healthy
440002,P2-KPI4,System Uptime Percentage,P2,2026-02-11,108.85,99.5,0.15,percentage,healthy
440002,P2-KPI4,System Uptime Percentage,P2,2026-02-18,107.52,99.5,0.15,percentage,healthy
440002,P2-KPI4,System Uptime Percentage,P2,2026-02-25,117.56,99.5,0.15,percentage,healthy
440002,P2-KPI4,System Uptime Percentage,P2,2026-03-04,119.19,99.5,0.15,percentage,healthy
440002,P2-KPI4,System Uptime Percentage,P2,2026-03-11,117.13,99.5,0.15,percentage,healthy
440002,P2-KPI4,System Uptime Percentage,P2,2026-03-18,119.4,99.5,0.15,percentage,healthy
440002,P2-KPI4,System Uptime Percentage,P2,2026-03-25,119.4,99.5,0.15,percentage,healthy
440002,P3-KPI1,GPU Utilization Rate,P3,2026-01-28,55.12,65,0.22,percentage,risk
440002,P3-KPI1,GPU Utilization Rate,P3,2026-02-04,55.72,65,0.22,percentage,risk
440002,P3-KPI1,GPU Utilization Rate,P3,2026-02-11,57.24,65,0.22,percentage,risk
440002,P3-KPI1,GPU Utilization Rate,P3,2026-02-18,58.57,65,0.22,percentage,risk
440002,P3-KPI1,GPU Utilization Rate,P3,2026-02-25,60.56,65,0.22,percentage,risk
440002,P3-KPI1,GPU Utilization Rate,P3,2026-03-04,63.78,65,0.22,percentage,risk
440002,P3-KPI1,GPU Utilization Rate,P3,2026-03-11,66.01,65,0.22,percentage,healthy
440002,P3-KPI1,GPU Utilization Rate,P3,2026-03-18,66.86,65,0.22,percentage,healthy
440002,P3-KPI1,GPU Utilization Rate,P3,2026-03-25,66.36,65,0.22,percentage,healthy
440002,P3-KPI2,Training Job Completion Rate,P3,2026-01-28,82.33,90,0.2,percentage,risk
440002,P3-KPI2,Training Job Completion Rate,P3,2026-02-04,82.11,90,0.2,percentage,risk
440002,P3-KPI2,Training Job Completion Rate,P3,2026-02-11,85.0,90,0.2,percentage,risk
440002,P3-KPI2,Training Job Completion Rate,P3,2026-02-18,91.36,90,0.2,percentage,healthy
440002,P3-KPI2,Training Job Completion Rate,P3,2026-02-25,88.58,90,0.2,percentage,risk
440002,P3-KPI2,Training Job Completion Rate,P3,2026-03-04,92.59,90,0.2,percentage,healthy
440002,P3-KPI2,Training Job Completion Rate,P3,2026-03-11,94.98,90,0.2,percentage,healthy
440002,P3-KPI2,Training Job Completion Rate,P3,2026-03-18,94.28,90,0.2,percentage,healthy
440002,P3-KPI2,Training Job Completion Rate,P3,2026-03-25,101.44,90,0.2,percentage,healthy
440002,P3-KPI3,Inference Latency (P95),P3,2026-01-28,81.18,50,0.15,milliseconds,risk
440002,P3-KPI3,Inference Latency (P95),P3,2026-02-04,79.92,50,0.15,milliseconds,risk
440002,P3-KPI3,Inference Latency (P95),P3,2026-02-11,73.74,50,0.15,milliseconds,risk
440002,P3-KPI3,Inference Latency (P95),P3,2026-02-18,79.26,50,0.15,milliseconds,risk
440002,P3-KPI3,Inference Latency (P95),P3,2026-02-25,73.6,50,0.15,milliseconds,risk
440002,P3-KPI3,Inference Latency (P95),P3,2026-03-04,70.63,50,0.15,milliseconds,risk
440002,P3-KPI3,Inference Latency (P95),P3,2026-03-11,66.44,50,0.15,milliseconds,risk
440002,P3-KPI3,Inference Latency (P95),P3,2026-03-18,68.84,50,0.15,milliseconds,risk
440002,P3-KPI3,Inference Latency (P95),P3,2026-03-25,63.11,50,0.15,milliseconds,risk
440002,P3-KPI4,Model Training Time,P3,2026-01-28,38.38,24,0.14,hours,risk
440002,P3-KPI4,Model Training Time,P3,2026-02-04,36.13,24,0.14,hours,risk
440002,P3-KPI4,Model Training Time,P3,2026-02-11,36.48,24,0.14,hours,risk
440002,P3-KPI4,Model Training Time,P3,2026-02-18,38.18,24,0.14,hours,risk
440002,P3-KPI4,Model Training Time,P3,2026-02-25,35.04,24,0.14,hours,risk
440002,P3-KPI4,Model Training Time,P3,2026-03-04,35.04,24,0.14,hours,risk
440002,P3-KPI4,Model Training Time,P3,2026-03-11,32.98,24,0.14,hours,risk
440002,P3-KPI4,Model Training Time,P3,2026-03-18,33.3,24,0.14,hours,risk
440002,P3-KPI4,Model Training Time,P3,2026-03-25,32.87,24,0.14,hours,risk
440002,P4-KPI1,Partner Engagement Score,P4,2026-01-28,60.0,75,0.22,score,risk
440002,P4-KPI1,Partner Engagement Score,P4,2026-02-04,62.4,75,0.22,score,risk
440002,P4-KPI1,Partner Engagement Score,P4,2026-02-11,64.08,75,0.22,score,risk
440002,P4-KPI1,Partner Engagement Score,P4,2026-02-18,67.66,75,0.22,score,risk
440002,P4-KPI1,Partner Engagement Score,P4,2026-02-25,65.78,75,0.22,score,risk
440002,P4-KPI1,Partner Engagement Score,P4,2026-03-04,64.99,75,0.22,score,risk
440002,P4-KPI1,Partner Engagement Score,P4,2026-03-11,66.94,75,0.22,score,risk
440002,P4-KPI1,Partner Engagement Score,P4,2026-03-18,67.18,75,0.22,score,risk
440002,P4-KPI1,Partner Engagement Score,P4,2026-03-25,71.59,75,0.22,score,risk
440002,P4-KPI2,VAR Performance Rating,P4,2026-01-28,69.4,80,0.2,score,risk
440002,P4-KPI2,VAR Performance Rating,P4,2026-02-04,70.08,80,0.2,score,risk
440002,P4-KPI2,VAR Performance Rating,P4,2026-02-11,71.21,80,0.2,score,risk
440002,P4-KPI2,VAR Performance Rating,P4,2026-02-18,77.96,80,0.2,score,risk
440002,P4-KPI2,VAR Performance Rating,P4,2026-02-25,78.69,80,0.2,score,risk
440002,P4-KPI2,VAR Performance Rating,P4,2026-03-04,82.11,80,0.2,score,healthy
440002,P4-KPI2,VAR Performance Rating,P4,2026-03-11,87.81,80,0.2,score,healthy
440002,P4-KPI2,VAR Performance Rating,P4,2026-03-18,83.05,80,0.2,score,healthy
440002,P4-KPI2,VAR Performance Rating,P4,2026-03-25,91.46,80,0.2,score,healthy
440002,P4-KPI3,Joint QBR Frequency,P4,2026-01-28,2.78,4,0.18,count,risk
440002,P4-KPI3,Joint QBR Frequency,P4,2026-02-04,2.79,4,0.18,count,risk
440002,P4-KPI3,Joint QBR Frequency,P4,2026-02-11,2.87,4,0.18,count,risk
440002,P4-KPI3,Joint QBR Frequency,P4,2026-02-18,2.94,4,0.18,count,risk
440002,P4-KPI3,Joint QBR Frequency,P4,2026-02-25,3.09,4,0.18,count,risk
440002,P4-KPI3,Joint QBR Frequency,P4,2026-03-04,3.22,4,0.18,count,risk
440002,P4-KPI3,Joint QBR Frequency,P4,2026-03-11,3.29,4,0.18,count,risk
440002,P4-KPI3,Joint QBR Frequency,P4,2026-03-18,3.28,4,0.18,count,risk
440002,P4-KPI3,Joint QBR Frequency,P4,2026-03-25,3.32,4,0.18,count,risk
440002,P4-KPI4,Channel Conflict Score,P4,2026-01-28,39.2,20,0.15,score,risk
440002,P4-KPI4,Channel Conflict Score,P4,2026-02-04,38.96,20,0.15,score,risk
440002,P4-KPI4,Channel Conflict Score,P4,2026-02-11,36.6,20,0.15,score,risk
440002,P4-KPI4,Channel Conflict Score,P4,2026-02-18,38.78,20,0.15,score,risk
440002,P4-KPI4,Channel Conflict Score,P4,2026-02-25,35.98,20,0.15,score,risk
440002,P4-KPI4,Channel Conflict Score,P4,2026-03-04,34.56,20,0.15,score,risk
440002,P4-KPI4,Channel Conflict Score,P4,2026-03-11,35.11,20,0.15,score,risk
440002,P4-KPI4,Channel Conflict Score,P4,2026-03-18,33.09,20,0.15,score,risk
440002,P4-KPI4,Channel Conflict Score,P4,2026-03-25,31.84,20,0.15,score,risk
440002,P5-KPI1,Capacity Utilization Rate,P5,2026-01-28,56.32,70,0.18,percentage,risk
440002,P5-KPI1,Capacity Utilization Rate,P5,2026-02-04,58.37,70,0.18,percentage,risk
440002,P5-KPI1,Capacity Utilization Rate,P5,2026-02-11,61.4,70,0.18,percentage,risk
440002,P5-KPI1,Capacity Utilization Rate,P5,2026-02-18,60.76,70,0.18,percentage,risk
440002,P5-KPI1,Capacity Utilization Rate,P5,2026-02-25,65.23,70,0.18,percentage,risk
440002,P5-KPI1,Capacity Utilization Rate,P5,2026-03-04,65.91,70,0.18,percentage,risk
440002,P5-KPI1,Capacity Utilization Rate,P5,2026-03-11,68.67,70,0.18,percentage,risk
440002,P5-KPI1,Capacity Utilization Rate,P5,2026-03-18,68.61,70,0.18,percentage,risk
440002,P5-KPI1,Capacity Utilization Rate,P5,2026-03-25,73.05,70,0.18,percentage,healthy
440002,P5-KPI2,Capacity Utilization Trajectory,P5,2026-01-28,0,5,0.18,percentage_change,risk
440002,P5-KPI2,Capacity Utilization Trajectory,P5,2026-02-04,0,5,0.18,percentage_change,risk
440002,P5-KPI2,Capacity Utilization Trajectory,P5,2026-02-11,0,5,0.18,percentage_change,risk
440002,P5-KPI2,Capacity Utilization Trajectory,P5,2026-02-18,0,5,0.18,percentage_change,risk
440002,P5-KPI2,Capacity Utilization Trajectory,P5,2026-02-25,0,5,0.18,percentage_change,risk
440002,P5-KPI2,Capacity Utilization Trajectory,P5,2026-03-04,0,5,0.18,percentage_change,risk
440002,P5-KPI2,Capacity Utilization Trajectory,P5,2026-03-11,0,5,0.18,percentage_change,risk
440002,P5-KPI2,Capacity Utilization Trajectory,P5,2026-03-18,0,5,0.18,percentage_change,risk
440002,P5-KPI2,Capacity Utilization Trajectory,P5,2026-03-25,0,5,0.18,percentage_change,risk
440002,P5-KPI3,Workload Growth Velocity,P5,2026-01-28,3.71,10,0.18,percentage_change,risk
440002,P5-KPI3,Workload Growth Velocity,P5,2026-02-04,3.65,10,0.18,percentage_change,risk
440002,P5-KPI3,Workload Growth Velocity,P5,2026-02-11,3.84,10,0.18,percentage_change,risk
440002,P5-KPI3,Workload Growth Velocity,P5,2026-02-18,3.96,10,0.18,percentage_change,risk
440002,P5-KPI3,Workload Growth Velocity,P5,2026-02-25,4.27,10,0.18,percentage_change,risk
440002,P5-KPI3,Workload Growth Velocity,P5,2026-03-04,4.22,10,0.18,percentage_change,risk
440002,P5-KPI3,Workload Growth Velocity,P5,2026-03-11,4.39,10,0.18,percentage_change,risk
440002,P5-KPI3,Workload Growth Velocity,P5,2026-03-18,4.5,10,0.18,percentage_change,risk
440002,P5-KPI3,Workload Growth Velocity,P5,2026-03-25,4.69,10,0.18,percentage_change,risk
440002,P5-KPI4,Compute Hour Consumption Trend,P5,2026-01-28,5.27,15,0.15,percentage_change,risk
440002,P5-KPI4,Compute Hour Consumption Trend,P5,2026-02-04,5.85,15,0.15,percentage_change,risk
440002,P5-KPI4,Compute Hour Consumption Trend,P5,2026-02-11,6.29,15,0.15,percentage_change,risk
440002,P5-KPI4,Compute Hour Consumption Trend,P5,2026-02-18,6.17,15,0.15,percentage_change,risk
440002,P5-KPI4,Compute Hour Consumption Trend,P5,2026-02-25,6.87,15,0.15,percentage_change,risk
440002,P5-KPI4,Compute Hour Consumption Trend,P5,2026-03-04,7.09,15,0.15,percentage_change,risk
440002,P5-KPI4,Compute Hour Consumption Trend,P5,2026-03-11,7.49,15,0.15,percentage_change,risk
440002,P5-KPI4,Compute Hour Consumption Trend,P5,2026-03-18,7.31,15,0.15,percentage_change,risk
440002,P5-KPI4,Compute Hour Consumption Trend,P5,2026-03-25,8.09,15,0.15,percentage_change,risk
440003,P1-KPI1,Time-to-First-Workload,P1,2026-01-28,16.57,14,0.2,days,risk
440003,P1-KPI1,Time-to-First-Workload,P1,2026-02-04,16.58,14,0.2,days,risk
440003,P1-KPI1,Time-to-First-Workload,P1,2026-02-11,15.98,14,0.2,days,risk
440003,P1-KPI1,Time-to-First-Workload,P1,2026-02-18,14.78,14,0.2,days,risk
440003,P1-KPI1,Time-to-First-Workload,P1,2026-02-25,14.76,14,0.2,days,risk
440003,P1-KPI1,Time-to-First-Workload,P1,2026-03-04,15.0,14,0.2,days,risk
440003,P1-KPI1,Time-to-First-Workload,P1,2026-03-11,13.89,14,0.2,days,healthy
440003,P1-KPI1,Time-to-First-Workload,P1,2026-03-18,13.24,14,0.2,days,healthy
440003,P1-KPI1,Time-to-First-Workload,P1,2026-03-25,13.57,14,0.2,days,healthy
440003,P1-KPI2,Installation Completion Rate,P1,2026-01-28,78.53,90,0.15,percentage,risk
440003,P1-KPI2,Installation Completion Rate,P1,2026-02-04,86.61,90,0.15,percentage,risk
440003,P1-KPI2,Installation Completion Rate,P1,2026-02-11,85.38,90,0.15,percentage,risk
440003,P1-KPI2,Installation Completion Rate,P1,2026-02-18,90.62,90,0.15,percentage,healthy
440003,P1-KPI2,Installation Completion Rate,P1,2026-02-25,97.62,90,0.15,percentage,healthy
440003,P1-KPI2,Installation Completion Rate,P1,2026-03-04,95.07,90,0.15,percentage,healthy
440003,P1-KPI2,Installation Completion Rate,P1,2026-03-11,97.37,90,0.15,percentage,healthy
440003,P1-KPI2,Installation Completion Rate,P1,2026-03-18,102.47,90,0.15,percentage,healthy
440003,P1-KPI2,Installation Completion Rate,P1,2026-03-25,102.1,90,0.15,percentage,healthy
440003,P1-KPI4,Deployment Cycle Time,P1,2026-01-28,34.78,30,0.15,days,risk
440003,P1-KPI4,Deployment Cycle Time,P1,2026-02-04,36.12,30,0.15,days,risk
440003,P1-KPI4,Deployment Cycle Time,P1,2026-02-11,33.36,30,0.15,days,risk
440003,P1-KPI4,Deployment Cycle Time,P1,2026-02-18,32.24,30,0.15,days,risk
440003,P1-KPI4,Deployment Cycle Time,P1,2026-02-25,32.19,30,0.15,days,risk
440003,P1-KPI4,Deployment Cycle Time,P1,2026-03-04,29.52,30,0.15,days,healthy
440003,P1-KPI4,Deployment Cycle Time,P1,2026-03-11,28.61,30,0.15,days,healthy
440003,P1-KPI4,Deployment Cycle Time,P1,2026-03-18,26.29,30,0.15,days,healthy
440003,P1-KPI4,Deployment Cycle Time,P1,2026-03-25,27.05,30,0.15,days,healthy
440003,P1-KPI5,Hardware Commissioning Time,P1,2026-01-28,9.5,7,0.13,days,risk
440003,P1-KPI5,Hardware Commissioning Time,P1,2026-02-04,9.47,7,0.13,days,risk
440003,P1-KPI5,Hardware Commissioning Time,P1,2026-02-11,9.02,7,0.13,days,risk
440003,P1-KPI5,Hardware Commissioning Time,P1,2026-02-18,8.94,7,0.13,days,risk
440003,P1-KPI5,Hardware Commissioning Time,P1,2026-02-25,8.93,7,0.13,days,risk
440003,P1-KPI5,Hardware Commissioning Time,P1,2026-03-04,8.4,7,0.13,days,risk
440003,P1-KPI5,Hardware Commissioning Time,P1,2026-03-11,7.87,7,0.13,days,risk
440003,P1-KPI5,Hardware Commissioning Time,P1,2026-03-18,8.49,7,0.13,days,risk
440003,P1-KPI5,Hardware Commissioning Time,P1,2026-03-25,7.53,7,0.13,days,risk
440003,P2-KPI1,RMA Frequency Rate,P2,2026-01-28,1.74,2.6,0.2,percentage,risk
440003,P2-KPI1,RMA Frequency Rate,P2,2026-02-04,1.64,2.6,0.2,percentage,risk
440003,P2-KPI1,RMA Frequency Rate,P2,2026-02-11,1.64,2.6,0.2,percentage,risk
440003,P2-KPI1,RMA Frequency Rate,P2,2026-02-18,1.48,2.6,0.2,percentage,risk
440003,P2-KPI1,RMA Frequency Rate,P2,2026-02-25,1.44,2.6,0.2,percentage,risk
440003,P2-KPI1,RMA Frequency Rate,P2,2026-03-04,1.45,2.6,0.2,percentage,risk
440003,P2-KPI1,RMA Frequency Rate,P2,2026-03-11,1.4,2.6,0.2,percentage,risk
440003,P2-KPI1,RMA Frequency Rate,P2,2026-03-18,1.31,2.6,0.2,percentage,risk
440003,P2-KPI1,RMA Frequency Rate,P2,2026-03-25,1.3,2.6,0.2,percentage,risk
440003,P2-KPI2,MTBF (Mean Time Between Failures),P2,2026-01-28,7299.59,8760,0.18,hours,risk
440003,P2-KPI2,MTBF (Mean Time Between Failures),P2,2026-02-04,7104.44,8760,0.18,hours,risk
440003,P2-KPI2,MTBF (Mean Time Between Failures),P2,2026-02-11,7567.34,8760,0.18,hours,risk
440003,P2-KPI2,MTBF (Mean Time Between Failures),P2,2026-02-18,7717.02,8760,0.18,hours,risk
440003,P2-KPI2,MTBF (Mean Time Between Failures),P2,2026-02-25,8464.04,8760,0.18,hours,risk
440003,P2-KPI2,MTBF (Mean Time Between Failures),P2,2026-03-04,7971.33,8760,0.18,hours,risk
440003,P2-KPI2,MTBF (Mean Time Between Failures),P2,2026-03-11,8766.59,8760,0.18,hours,healthy
440003,P2-KPI2,MTBF (Mean Time Between Failures),P2,2026-03-18,9058.55,8760,0.18,hours,healthy
440003,P2-KPI2,MTBF (Mean Time Between Failures),P2,2026-03-25,8951.48,8760,0.18,hours,healthy
440003,P2-KPI3,Critical Incidents (30d),P2,2026-01-28,1.81,3,0.17,count,risk
440003,P2-KPI3,Critical Incidents (30d),P2,2026-02-04,1.65,3,0.17,count,risk
440003,P2-KPI3,Critical Incidents (30d),P2,2026-02-11,1.66,3,0.17,count,risk
440003,P2-KPI3,Critical Incidents (30d),P2,2026-02-18,1.61,3,0.17,count,risk
440003,P2-KPI3,Critical Incidents (30d),P2,2026-02-25,1.5,3,0.17,count,risk
440003,P2-KPI3,Critical Incidents (30d),P2,2026-03-04,1.5,3,0.17,count,risk
440003,P2-KPI3,Critical Incidents (30d),P2,2026-03-11,1.5,3,0.17,count,risk
440003,P2-KPI3,Critical Incidents (30d),P2,2026-03-18,1.5,3,0.17,count,risk
440003,P2-KPI3,Critical Incidents (30d),P2,2026-03-25,1.5,3,0.17,count,risk
440003,P2-KPI4,System Uptime Percentage,P2,2026-01-28,97.06,99.5,0.15,percentage,critical
440003,P2-KPI4,System Uptime Percentage,P2,2026-02-04,104.01,99.5,0.15,percentage,healthy
440003,P2-KPI4,System Uptime Percentage,P2,2026-02-11,110.47,99.5,0.15,percentage,healthy
440003,P2-KPI4,System Uptime Percentage,P2,2026-02-18,110.02,99.5,0.15,percentage,healthy
440003,P2-KPI4,System Uptime Percentage,P2,2026-02-25,111.65,99.5,0.15,percentage,healthy
440003,P2-KPI4,System Uptime Percentage,P2,2026-03-04,113.77,99.5,0.15,percentage,healthy
440003,P2-KPI4,System Uptime Percentage,P2,2026-03-11,119.4,99.5,0.15,percentage,healthy
440003,P2-KPI4,System Uptime Percentage,P2,2026-03-18,119.4,99.5,0.15,percentage,healthy
440003,P2-KPI4,System Uptime Percentage,P2,2026-03-25,119.4,99.5,0.15,percentage,healthy
440003,P3-KPI1,GPU Utilization Rate,P3,2026-01-28,57.29,65,0.22,percentage,risk
440003,P3-KPI1,GPU Utilization Rate,P3,2026-02-04,60.78,65,0.22,percentage,risk
440003,P3-KPI1,GPU Utilization Rate,P3,2026-02-11,62.61,65,0.22,percentage,risk
440003,P3-KPI1,GPU Utilization Rate,P3,2026-02-18,66.11,65,0.22,percentage,healthy
440003,P3-KPI1,GPU Utilization Rate,P3,2026-02-25,65.38,65,0.22,percentage,healthy
440003,P3-KPI1,GPU Utilization Rate,P3,2026-03-04,70.3,65,0.22,percentage,healthy
440003,P3-KPI1,GPU Utilization Rate,P3,2026-03-11,73.88,65,0.22,percentage,healthy
440003,P3-KPI1,GPU Utilization Rate,P3,2026-03-18,74.04,65,0.22,percentage,healthy
440003,P3-KPI1,GPU Utilization Rate,P3,2026-03-25,72.14,65,0.22,percentage,healthy
440003,P3-KPI2,Training Job Completion Rate,P3,2026-01-28,87.5,90,0.2,percentage,risk
440003,P3-KPI2,Training Job Completion Rate,P3,2026-02-04,87.52,90,0.2,percentage,risk
440003,P3-KPI2,Training Job Completion Rate,P3,2026-02-11,89.17,90,0.2,percentage,risk
440003,P3-KPI2,Training Job Completion Rate,P3,2026-02-18,94.2,90,0.2,percentage,healthy
440003,P3-KPI2,Training Job Completion Rate,P3,2026-02-25,91.54,90,0.2,percentage,healthy
440003,P3-KPI2,Training Job Completion Rate,P3,2026-03-04,89.74,90,0.2,percentage,risk
440003,P3-KPI2,Training Job Completion Rate,P3,2026-03-11,99.54,90,0.2,percentage,healthy
440003,P3-KPI2,Training Job Completion Rate,P3,2026-03-18,100.03,90,0.2,percentage,healthy
440003,P3-KPI2,Training Job Completion Rate,P3,2026-03-25,105.93,90,0.2,percentage,healthy
440003,P3-KPI3,Inference Latency (P95),P3,2026-01-28,72.43,50,0.15,milliseconds,risk
440003,P3-KPI3,Inference Latency (P95),P3,2026-02-04,64.88,50,0.15,milliseconds,risk
440003,P3-KPI3,Inference Latency (P95),P3,2026-02-11,62.17,50,0.15,milliseconds,risk
440003,P3-KPI3,Inference Latency (P95),P3,2026-02-18,62.61,50,0.15,milliseconds,risk
440003,P3-KPI3,Inference Latency (P95),P3,2026-02-25,62.68,50,0.15,milliseconds,risk
440003,P3-KPI3,Inference Latency (P95),P3,2026-03-04,55.55,50,0.15,milliseconds,risk
440003,P3-KPI3,Inference Latency (P95),P3,2026-03-11,55.95,50,0.15,milliseconds,risk
440003,P3-KPI3,Inference Latency (P95),P3,2026-03-18,55.56,50,0.15,milliseconds,risk
440003,P3-KPI3,Inference Latency (P95),P3,2026-03-25,51.7,50,0.15,milliseconds,risk
440003,P3-KPI4,Model Training Time,P3,2026-01-28,33.43,24,0.14,hours,risk
440003,P3-KPI4,Model Training Time,P3,2026-02-04,31.59,24,0.14,hours,risk
440003,P3-KPI4,Model Training Time,P3,2026-02-11,30.05,24,0.14,hours,risk
440003,P3-KPI4,Model Training Time,P3,2026-02-18,30.38,24,0.14,hours,risk
440003,P3-KPI4,Model Training Time,P3,2026-02-25,28.02,24,0.14,hours,risk
440003,P3-KPI4,Model Training Time,P3,2026-03-04,31.14,24,0.14,hours,risk
440003,P3-KPI4,Model Training Time,P3,2026-03-11,26.79,24,0.14,hours,risk
440003,P3-KPI4,Model Training Time,P3,2026-03-18,25.25,24,0.14,hours,risk
440003,P3-KPI4,Model Training Time,P3,2026-03-25,25.83,24,0.14,hours,risk
440003,P4-KPI1,Partner Engagement Score,P4,2026-01-28,63.04,75,0.22,score,risk
440003,P4-KPI1,Partner Engagement Score,P4,2026-02-04,65.51,75,0.22,score,risk
440003,P4-KPI1,Partner Engagement Score,P4,2026-02-11,70.63,75,0.22,score,risk
440003,P4-KPI1,Partner Engagement Score,P4,2026-02-18,71.54,75,0.22,score,risk
440003,P4-KPI1,Partner Engagement Score,P4,2026-02-25,73.0,75,0.22,score,risk
440003,P4-KPI1,Partner Engagement Score,P4,2026-03-04,72.77,75,0.22,score,risk
440003,P4-KPI1,Partner Engagement Score,P4,2026-03-11,75.31,75,0.22,score,healthy
440003,P4-KPI1,Partner Engagement Score,P4,2026-03-18,79.06,75,0.22,score,healthy
440003,P4-KPI1,Partner Engagement Score,P4,2026-03-25,76.81,75,0.22,score,healthy
440003,P4-KPI2,VAR Performance Rating,P4,2026-01-28,73.77,80,0.2,score,risk
440003,P4-KPI2,VAR Performance Rating,P4,2026-02-04,77.07,80,0.2,score,risk
440003,P4-KPI2,VAR Performance Rating,P4,2026-02-11,77.11,80,0.2,score,risk
440003,P4-KPI2,VAR Performance Rating,P4,2026-02-18,83.19,80,0.2,score,healthy
440003,P4-KPI2,VAR Performance Rating,P4,2026-02-25,82.75,80,0.2,score,healthy
440003,P4-KPI2,VAR Performance Rating,P4,2026-03-04,87.4,80,0.2,score,healthy
440003,P4-KPI2,VAR Performance Rating,P4,2026-03-11,86.28,80,0.2,score,healthy
440003,P4-KPI2,VAR Performance Rating,P4,2026-03-18,91.17,80,0.2,score,healthy
440003,P4-KPI2,VAR Performance Rating,P4,2026-03-25,92.93,80,0.2,score,healthy
440003,P4-KPI3,Joint QBR Frequency,P4,2026-01-28,3.3,4,0.18,count,risk
440003,P4-KPI3,Joint QBR Frequency,P4,2026-02-04,3.32,4,0.18,count,risk
440003,P4-KPI3,Joint QBR Frequency,P4,2026-02-11,3.67,4,0.18,count,risk
440003,P4-KPI3,Joint QBR Frequency,P4,2026-02-18,3.64,4,0.18,count,risk
440003,P4-KPI3,Joint QBR Frequency,P4,2026-02-25,3.66,4,0.18,count,risk
440003,P4-KPI3,Joint QBR Frequency,P4,2026-03-04,3.74,4,0.18,count,risk
440003,P4-KPI3,Joint QBR Frequency,P4,2026-03-11,3.84,4,0.18,count,risk
440003,P4-KPI3,Joint QBR Frequency,P4,2026-03-18,4.14,4,0.18,count,healthy
440003,P4-KPI3,Joint QBR Frequency,P4,2026-03-25,3.98,4,0.18,count,risk
440003,P4-KPI4,Channel Conflict Score,P4,2026-01-28,31.32,20,0.15,score,risk
440003,P4-KPI4,Channel Conflict Score,P4,2026-02-04,30.56,20,0.15,score,risk
440003,P4-KPI4,Channel Conflict Score,P4,2026-02-11,30.31,20,0.15,score,risk
440003,P4-KPI4,Channel Conflict Score,P4,2026-02-18,30.4,20,0.15,score,risk
440003,P4-KPI4,Channel Conflict Score,P4,2026-02-25,28.33,20,0.15,score,risk
440003,P4-KPI4,Channel Conflict Score,P4,2026-03-04,27.83,20,0.15,score,risk
440003,P4-KPI4,Channel Conflict Score,P4,2026-03-11,27.89,20,0.15,score,risk
440003,P4-KPI4,Channel Conflict Score,P4,2026-03-18,24.59,20,0.15,score,risk
440003,P4-KPI4,Channel Conflict Score,P4,2026-03-25,24.2,20,0.15,score,risk
440003,P5-KPI1,Capacity Utilization Rate,P5,2026-01-28,61.97,70,0.18,percentage,risk
440003,P5-KPI1,Capacity Utilization Rate,P5,2026-02-04,61.16,70,0.18,percentage,risk
440003,P5-KPI1,Capacity Utilization Rate,P5,2026-02-11,67.01,70,0.18,percentage,risk
440003,P5-KPI1,Capacity Utilization Rate,P5,2026-02-18,69.38,70,0.18,percentage,risk
440003,P5-KPI1,Capacity Utilization Rate,P5,2026-02-25,65.65,70,0.18,percentage,risk
440003,P5-KPI1,Capacity Utilization Rate,P5,2026-03-04,69.25,70,0.18,percentage,risk
440003,P5-KPI1,Capacity Utilization Rate,P5,2026-03-11,69.22,70,0.18,percentage,risk
440003,P5-KPI1,Capacity Utilization Rate,P5,2026-03-18,72.9,70,0.18,percentage,healthy
440003,P5-KPI1,Capacity Utilization Rate,P5,2026-03-25,73.17,70,0.18,percentage,healthy
440003,P5-KPI2,Capacity Utilization Trajectory,P5,2026-01-28,1.09,5,0.18,percentage_change,risk
440003,P5-KPI2,Capacity Utilization Trajectory,P5,2026-02-04,1.12,5,0.18,percentage_change,risk
440003,P5-KPI2,Capacity Utilization Trajectory,P5,2026-02-11,1.21,5,0.18,percentage_change,risk
440003,P5-KPI2,Capacity Utilization Trajectory,P5,2026-02-18,1.25,5,0.18,percentage_change,risk
440003,P5-KPI2,Capacity Utilization Trajectory,P5,2026-02-25,1.28,5,0.18,percentage_change,risk
440003,P5-KPI2,Capacity Utilization Trajectory,P5,2026-03-04,1.35,5,0.18,percentage_change,risk
440003,P5-KPI2,Capacity Utilization Trajectory,P5,2026-03-11,1.4,5,0.18,percentage_change,risk
440003,P5-KPI2,Capacity Utilization Trajectory,P5,2026-03-18,1.46,5,0.18,percentage_change,risk
440003,P5-KPI2,Capacity Utilization Trajectory,P5,2026-03-25,1.49,5,0.18,percentage_change,risk
440003,P5-KPI3,Workload Growth Velocity,P5,2026-01-28,6.15,10,0.18,percentage_change,risk
440003,P5-KPI3,Workload Growth Velocity,P5,2026-02-04,6.04,10,0.18,percentage_change,risk
440003,P5-KPI3,Workload Growth Velocity,P5,2026-02-11,6.68,10,0.18,percentage_change,risk
440003,P5-KPI3,Workload Growth Velocity,P5,2026-02-18,6.71,10,0.18,percentage_change,risk
440003,P5-KPI3,Workload Growth Velocity,P5,2026-02-25,6.81,10,0.18,percentage_change,risk
440003,P5-KPI3,Workload Growth Velocity,P5,2026-03-04,6.97,10,0.18,percentage_change,risk
440003,P5-KPI3,Workload Growth Velocity,P5,2026-03-11,7.21,10,0.18,percentage_change,risk
440003,P5-KPI3,Workload Growth Velocity,P5,2026-03-18,7.39,10,0.18,percentage_change,risk
440003,P5-KPI3,Workload Growth Velocity,P5,2026-03-25,7.4,10,0.18,percentage_change,risk
440003,P5-KPI4,Compute Hour Consumption Trend,P5,2026-01-28,9.36,15,0.15,percentage_change,risk
440003,P5-KPI4,Compute Hour Consumption Trend,P5,2026-02-04,9.34,15,0.15,percentage_change,risk
440003,P5-KPI4,Compute Hour Consumption Trend,P5,2026-02-11,10.07,15,0.15,percentage_change,risk
440003,P5-KPI4,Compute Hour Consumption Trend,P5,2026-02-18,10.58,15,0.15,percentage_change,risk
440003,P5-KPI4,Compute Hour Consumption Trend,P5,2026-02-25,10.51,15,0.15,percentage_change,risk
440003,P5-KPI4,Compute Hour Consumption Trend,P5,2026-03-04,11.19,15,0.15,percentage_change,risk
440003,P5-KPI4,Compute Hour Consumption Trend,P5,2026-03-11,11.61,15,0.15,percentage_change,risk
440003,P5-KPI4,Compute Hour Consumption Trend,P5,2026-03-18,11.4,15,0.15,percentage_change,risk
440003,P5-KPI4,Compute Hour Consumption Trend,P5,2026-03-25,12.15,15,0.15,percentage_change,risk
440004,P1-KPI1,Time-to-First-Workload,P1,2026-01-28,13.23,14,0.2,days,healthy
440004,P1-KPI1,Time-to-First-Workload,P1,2026-02-04,12.99,14,0.2,days,healthy
440004,P1-KPI1,Time-to-First-Workload,P1,2026-02-11,13.35,14,0.2,days,healthy
440004,P1-KPI1,Time-to-First-Workload,P1,2026-02-18,12.52,14,0.2,days,healthy
440004,P1-KPI1,Time-to-First-Workload,P1,2026-02-25,12.87,14,0.2,days,healthy
440004,P1-KPI1,Time-to-First-Workload,P1,2026-03-04,11.85,14,0.2,days,healthy
440004,P1-KPI1,Time-to-First-Workload,P1,2026-03-11,11.86,14,0.2,days,healthy
440004,P1-KPI1,Time-to-First-Workload,P1,2026-03-18,11.9,14,0.2,days,healthy
440004,P1-KPI1,Time-to-First-Workload,P1,2026-03-25,11.59,14,0.2,days,healthy
440004,P1-KPI2,Installation Completion Rate,P1,2026-01-28,89.52,90,0.15,percentage,risk
440004,P1-KPI2,Installation Completion Rate,P1,2026-02-04,88.1,90,0.15,percentage,risk
440004,P1-KPI2,Installation Completion Rate,P1,2026-02-11,95.97,90,0.15,percentage,healthy
440004,P1-KPI2,Installation Completion Rate,P1,2026-02-18,92.79,90,0.15,percentage,healthy
440004,P1-KPI2,Installation Completion Rate,P1,2026-02-25,96.87,90,0.15,percentage,healthy
440004,P1-KPI2,Installation Completion Rate,P1,2026-03-04,99.0,90,0.15,percentage,healthy
440004,P1-KPI2,Installation Completion Rate,P1,2026-03-11,105.86,90,0.15,percentage,healthy
440004,P1-KPI2,Installation Completion Rate,P1,2026-03-18,103.33,90,0.15,percentage,healthy
440004,P1-KPI2,Installation Completion Rate,P1,2026-03-25,108.0,90,0.15,percentage,healthy
440004,P1-KPI4,Deployment Cycle Time,P1,2026-01-28,29.31,30,0.15,days,healthy
440004,P1-KPI4,Deployment Cycle Time,P1,2026-02-04,29.45,30,0.15,days,healthy
440004,P1-KPI4,Deployment Cycle Time,P1,2026-02-11,27.87,30,0.15,days,healthy
440004,P1-KPI4,Deployment Cycle Time,P1,2026-02-18,28.38,30,0.15,days,healthy
440004,P1-KPI4,Deployment Cycle Time,P1,2026-02-25,27.2,30,0.15,days,healthy
440004,P1-KPI4,Deployment Cycle Time,P1,2026-03-04,24.89,30,0.15,days,healthy
440004,P1-KPI4,Deployment Cycle Time,P1,2026-03-11,24.26,30,0.15,days,healthy
440004,P1-KPI4,Deployment Cycle Time,P1,2026-03-18,23.89,30,0.15,days,healthy
440004,P1-KPI4,Deployment Cycle Time,P1,2026-03-25,23.16,30,0.15,days,healthy
440004,P1-KPI5,Hardware Commissioning Time,P1,2026-01-28,7.19,7,0.13,days,risk
440004,P1-KPI5,Hardware Commissioning Time,P1,2026-02-04,6.67,7,0.13,days,healthy
440004,P1-KPI5,Hardware Commissioning Time,P1,2026-02-11,6.61,7,0.13,days,healthy
440004,P1-KPI5,Hardware Commissioning Time,P1,2026-02-18,6.19,7,0.13,days,healthy
440004,P1-KPI5,Hardware Commissioning Time,P1,2026-02-25,6.39,7,0.13,days,healthy
440004,P1-KPI5,Hardware Commissioning Time,P1,2026-03-04,6.15,7,0.13,days,healthy
440004,P1-KPI5,Hardware Commissioning Time,P1,2026-03-11,6.04,7,0.13,days,healthy
440004,P1-KPI5,Hardware Commissioning Time,P1,2026-03-18,5.82,7,0.13,days,healthy
440004,P1-KPI5,Hardware Commissioning Time,P1,2026-03-25,5.89,7,0.13,days,healthy
440004,P2-KPI1,RMA Frequency Rate,P2,2026-01-28,1.3,2.6,0.2,percentage,risk
440004,P2-KPI1,RMA Frequency Rate,P2,2026-02-04,1.3,2.6,0.2,percentage,risk
440004,P2-KPI1,RMA Frequency Rate,P2,2026-02-11,1.3,2.6,0.2,percentage,risk
440004,P2-KPI1,RMA Frequency Rate,P2,2026-02-18,1.3,2.6,0.2,percentage,risk
440004,P2-KPI1,RMA Frequency Rate,P2,2026-02-25,1.3,2.6,0.2,percentage,risk
440004,P2-KPI1,RMA Frequency Rate,P2,2026-03-04,1.3,2.6,0.2,percentage,risk
440004,P2-KPI1,RMA Frequency Rate,P2,2026-03-11,1.3,2.6,0.2,percentage,risk
440004,P2-KPI1,RMA Frequency Rate,P2,2026-03-18,1.3,2.6,0.2,percentage,risk
440004,P2-KPI1,RMA Frequency Rate,P2,2026-03-25,1.3,2.6,0.2,percentage,risk
440004,P2-KPI2,MTBF (Mean Time Between Failures),P2,2026-01-28,8887.78,8760,0.18,hours,healthy
440004,P2-KPI2,MTBF (Mean Time Between Failures),P2,2026-02-04,9103.11,8760,0.18,hours,healthy
440004,P2-KPI2,MTBF (Mean Time Between Failures),P2,2026-02-11,9711.07,8760,0.18,hours,healthy
440004,P2-KPI2,MTBF (Mean Time Between Failures),P2,2026-02-18,9322.93,8760,0.18,hours,healthy
440004,P2-KPI2,MTBF (Mean Time Between Failures),P2,2026-02-25,10160.34,8760,0.18,hours,healthy
440004,P2-KPI2,MTBF (Mean Time Between Failures),P2,2026-03-04,10380.46,8760,0.18,hours,healthy
440004,P2-KPI2,MTBF (Mean Time Between Failures),P2,2026-03-11,10052.86,8760,0.18,hours,healthy
440004,P2-KPI2,MTBF (Mean Time Between Failures),P2,2026-03-18,10512.0,8760,0.18,hours,healthy
440004,P2-KPI2,MTBF (Mean Time Between Failures),P2,2026-03-25,10512.0,8760,0.18,hours,healthy
440004,P2-KPI3,Critical Incidents (30d),P2,2026-01-28,1.5,3,0.17,count,risk
440004,P2-KPI3,Critical Incidents (30d),P2,2026-02-04,1.5,3,0.17,count,risk
440004,P2-KPI3,Critical Incidents (30d),P2,2026-02-11,1.5,3,0.17,count,risk
440004,P2-KPI3,Critical Incidents (30d),P2,2026-02-18,1.5,3,0.17,count,risk
440004,P2-KPI3,Critical Incidents (30d),P2,2026-02-25,1.5,3,0.17,count,risk
440004,P2-KPI3,Critical Incidents (30d),P2,2026-03-04,1.5,3,0.17,count,risk
440004,P2-KPI3,Critical Incidents (30d),P2,2026-03-11,1.5,3,0.17,count,risk
440004,P2-KPI3,Critical Incidents (30d),P2,2026-03-18,1.5,3,0.17,count,risk
440004,P2-KPI3,Critical Incidents (30d),P2,2026-03-25,1.5,3,0.17,count,risk
440004,P2-KPI4,System Uptime Percentage,P2,2026-01-28,104.75,99.5,0.15,percentage,healthy
440004,P2-KPI4,System Uptime Percentage,P2,2026-02-04,103.65,99.5,0.15,percentage,healthy
440004,P2-KPI4,System Uptime Percentage,P2,2026-02-11,106.35,99.5,0.15,percentage,healthy
440004,P2-KPI4,System Uptime Percentage,P2,2026-02-18,110.83,99.5,0.15,percentage,healthy
440004,P2-KPI4,System Uptime Percentage,P2,2026-02-25,111.93,99.5,0.15,percentage,healthy
440004,P2-KPI4,System Uptime Percentage,P2,2026-03-04,118.09,99.5,0.15,percentage,healthy
440004,P2-KPI4,System Uptime Percentage,P2,2026-03-11,114.77,99.5,0.15,percentage,healthy
440004,P2-KPI4,System Uptime Percentage,P2,2026-03-18,119.11,99.5,0.15,percentage,healthy
440004,P2-KPI4,System Uptime Percentage,P2,2026-03-25,119.4,99.5,0.15,percentage,healthy
440004,P3-KPI1,GPU Utilization Rate,P3,2026-01-28,67.14,65,0.22,percentage,healthy
440004,P3-KPI1,GPU Utilization Rate,P3,2026-02-04,67.44,65,0.22,percentage,healthy
440004,P3-KPI1,GPU Utilization Rate,P3,2026-02-11,67.25,65,0.22,percentage,healthy
440004,P3-KPI1,GPU Utilization Rate,P3,2026-02-18,71.09,65,0.22,percentage,healthy
440004,P3-KPI1,GPU Utilization Rate,P3,2026-02-25,74.17,65,0.22,percentage,healthy
440004,P3-KPI1,GPU Utilization Rate,P3,2026-03-04,74.02,65,0.22,percentage,healthy
440004,P3-KPI1,GPU Utilization Rate,P3,2026-03-11,76.83,65,0.22,percentage,healthy
440004,P3-KPI1,GPU Utilization Rate,P3,2026-03-18,77.07,65,0.22,percentage,healthy
440004,P3-KPI1,GPU Utilization Rate,P3,2026-03-25,78.0,65,0.22,percentage,healthy
440004,P3-KPI2,Training Job Completion Rate,P3,2026-01-28,91.67,90,0.2,percentage,healthy
440004,P3-KPI2,Training Job Completion Rate,P3,2026-02-04,88.81,90,0.2,percentage,risk
440004,P3-KPI2,Training Job Completion Rate,P3,2026-02-11,92.64,90,0.2,percentage,healthy
440004,P3-KPI2,Training Job Completion Rate,P3,2026-02-18,99.74,90,0.2,percentage,healthy
440004,P3-KPI2,Training Job Completion Rate,P3,2026-02-25,103.15,90,0.2,percentage,healthy
440004,P3-KPI2,Training Job Completion Rate,P3,2026-03-04,102.12,90,0.2,percentage,healthy
440004,P3-KPI2,Training Job Completion Rate,P3,2026-03-11,102.64,90,0.2,percentage,healthy
440004,P3-KPI2,Training Job Completion Rate,P3,2026-03-18,105.18,90,0.2,percentage,healthy
440004,P3-KPI2,Training Job Completion Rate,P3,2026-03-25,108.0,90,0.2,percentage,healthy
440004,P3-KPI3,Inference Latency (P95),P3,2026-01-28,47.89,50,0.15,milliseconds,healthy
440004,P3-KPI3,Inference Latency (P95),P3,2026-02-04,49.33,50,0.15,milliseconds,healthy
440004,P3-KPI3,Inference Latency (P95),P3,2026-02-11,45.2,50,0.15,milliseconds,healthy
440004,P3-KPI3,Inference Latency (P95),P3,2026-02-18,44.08,50,0.15,milliseconds,healthy
440004,P3-KPI3,Inference Latency (P95),P3,2026-02-25,42.22,50,0.15,milliseconds,healthy
440004,P3-KPI3,Inference Latency (P95),P3,2026-03-04,45.16,50,0.15,milliseconds,healthy
440004,P3-KPI3,Inference Latency (P95),P3,2026-03-11,41.31,50,0.15,milliseconds,healthy
440004,P3-KPI3,Inference Latency (P95),P3,2026-03-18,42.19,50,0.15,milliseconds,healthy
440004,P3-KPI3,Inference Latency (P95),P3,2026-03-25,37.74,50,0.15,milliseconds,healthy
440004,P3-KPI4,Model Training Time,P3,2026-01-28,24.26,24,0.14,hours,risk
440004,P3-KPI4,Model Training Time,P3,2026-02-04,24.93,24,0.14,hours,risk
440004,P3-KPI4,Model Training Time,P3,2026-02-11,23.32,24,0.14,hours,healthy
440004,P3-KPI4,Model Training Time,P3,2026-02-18,23.01,24,0.14,hours,healthy
440004,P3-KPI4,Model Training Time,P3,2026-02-25,22.15,24,0.14,hours,healthy
440004,P3-KPI4,Model Training Time,P3,2026-03-04,20.53,24,0.14,hours,healthy
440004,P3-KPI4,Model Training Time,P3,2026-03-11,19.94,24,0.14,hours,healthy
440004,P3-KPI4,Model Training Time,P3,2026-03-18,20.11,24,0.14,hours,healthy
440004,P3-KPI4,Model Training Time,P3,2026-03-25,19.34,24,0.14,hours,healthy
440004,P4-KPI1,Partner Engagement Score,P4,2026-01-28,74.02,75,0.22,score,risk
440004,P4-KPI1,Partner Engagement Score,P4,2026-02-04,76.51,75,0.22,score,healthy
440004,P4-KPI1,Partner Engagement Score,P4,2026-02-11,75.61,75,0.22,score,healthy
440004,P4-KPI1,Partner Engagement Score,P4,2026-02-18,82.25,75,0.22,score,healthy
440004,P4-KPI1,Partner Engagement Score,P4,2026-02-25,81.34,75,0.22,score,healthy
440004,P4-KPI1,Partner Engagement Score,P4,2026-03-04,83.74,75,0.22,score,healthy
440004,P4-KPI1,Partner Engagement Score,P4,2026-03-11,84.81,75,0.22,score,healthy
440004,P4-KPI1,Partner Engagement Score,P4,2026-03-18,88.98,75,0.22,score,healthy
440004,P4-KPI1,Partner Engagement Score,P4,2026-03-25,89.27,75,0.22,score,healthy
440004,P4-KPI2,VAR Performance Rating,P4,2026-01-28,79.94,80,0.2,score,risk
440004,P4-KPI2,VAR Performance Rating,P4,2026-02-04,83.0,80,0.2,score,healthy
440004,P4-KPI2,VAR Performance Rating,P4,2026-02-11,86.9,80,0.2,score,healthy
440004,P4-KPI2,VAR Performance Rating,P4,2026-02-18,87.98,80,0.2,score,healthy
440004,P4-KPI2,VAR Performance Rating,P4,2026-02-25,85.93,80,0.2,score,healthy
440004,P4-KPI2,VAR Performance Rating,P4,2026-03-04,91.99,80,0.2,score,healthy
440004,P4-KPI2,VAR Performance Rating,P4,2026-03-11,91.89,80,0.2,score,healthy
440004,P4-KPI2,VAR Performance Rating,P4,2026-03-18,96.0,80,0.2,score,healthy
440004,P4-KPI2,VAR Performance Rating,P4,2026-03-25,96.0,80,0.2,score,healthy
440004,P4-KPI3,Joint QBR Frequency,P4,2026-01-28,4.08,4,0.18,count,healthy
440004,P4-KPI3,Joint QBR Frequency,P4,2026-02-04,4.2,4,0.18,count,healthy
440004,P4-KPI3,Joint QBR Frequency,P4,2026-02-11,4.24,4,0.18,count,healthy
440004,P4-KPI3,Joint QBR Frequency,P4,2026-02-18,4.35,4,0.18,count,healthy
440004,P4-KPI3,Joint QBR Frequency,P4,2026-02-25,4.46,4,0.18,count,healthy
440004,P4-KPI3,Joint QBR Frequency,P4,2026-03-04,4.34,4,0.18,count,healthy
440004,P4-KPI3,Joint QBR Frequency,P4,2026-03-11,4.74,4,0.18,count,healthy
440004,P4-KPI3,Joint QBR Frequency,P4,2026-03-18,4.43,4,0.18,count,healthy
440004,P4-KPI3,Joint QBR Frequency,P4,2026-03-25,4.65,4,0.18,count,healthy
440004,P4-KPI4,Channel Conflict Score,P4,2026-01-28,20.15,20,0.15,score,risk
440004,P4-KPI4,Channel Conflict Score,P4,2026-02-04,19.21,20,0.15,score,healthy
440004,P4-KPI4,Channel Conflict Score,P4,2026-02-11,19.48,20,0.15,score,healthy
440004,P4-KPI4,Channel Conflict Score,P4,2026-02-18,18.35,20,0.15,score,healthy
440004,P4-KPI4,Channel Conflict Score,P4,2026-02-25,18.66,20,0.15,score,healthy
440004,P4-KPI4,Channel Conflict Score,P4,2026-03-04,16.81,20,0.15,score,healthy
440004,P4-KPI4,Channel Conflict Score,P4,2026-03-11,17.28,20,0.15,score,healthy
440004,P4-KPI4,Channel Conflict Score,P4,2026-03-18,17.18,20,0.15,score,healthy
440004,P4-KPI4,Channel Conflict Score,P4,2026-03-25,15.52,20,0.15,score,healthy
440004,P5-KPI1,Capacity Utilization Rate,P5,2026-01-28,69.96,70,0.18,percentage,risk
440004,P5-KPI1,Capacity Utilization Rate,P5,2026-02-04,71.7,70,0.18,percentage,healthy
440004,P5-KPI1,Capacity Utilization Rate,P5,2026-02-11,74.09,70,0.18,percentage,healthy
440004,P5-KPI1,Capacity Utilization Rate,P5,2026-02-18,78.6,70,0.18,percentage,healthy
440004,P5-KPI1,Capacity Utilization Rate,P5,2026-02-25,78.89,70,0.18,percentage,healthy
440004,P5-KPI1,Capacity Utilization Rate,P5,2026-03-04,76.27,70,0.18,percentage,healthy
440004,P5-KPI1,Capacity Utilization Rate,P5,2026-03-11,84.0,70,0.18,percentage,healthy
440004,P5-KPI1,Capacity Utilization Rate,P5,2026-03-18,82.46,70,0.18,percentage,healthy
440004,P5-KPI1,Capacity Utilization Rate,P5,2026-03-25,84.0,70,0.18,percentage,healthy
440004,P5-KPI2,Capacity Utilization Trajectory,P5,2026-01-28,4.85,5,0.18,percentage_change,risk
440004,P5-KPI2,Capacity Utilization Trajectory,P5,2026-02-04,5.15,5,0.18,percentage_change,healthy
440004,P5-KPI2,Capacity Utilization Trajectory,P5,2026-02-11,5.17,5,0.18,percentage_change,healthy
440004,P5-KPI2,Capacity Utilization Trajectory,P5,2026-02-18,5.21,5,0.18,percentage_change,healthy
440004,P5-KPI2,Capacity Utilization Trajectory,P5,2026-02-25,5.48,5,0.18,percentage_change,healthy
440004,P5-KPI2,Capacity Utilization Trajectory,P5,2026-03-04,5.52,5,0.18,percentage_change,healthy
440004,P5-KPI2,Capacity Utilization Trajectory,P5,2026-03-11,6.0,5,0.18,percentage_change,healthy
440004,P5-KPI2,Capacity Utilization Trajectory,P5,2026-03-18,5.57,5,0.18,percentage_change,healthy
440004,P5-KPI2,Capacity Utilization Trajectory,P5,2026-03-25,6.0,5,0.18,percentage_change,healthy
440004,P5-KPI3,Workload Growth Velocity,P5,2026-01-28,10.38,10,0.18,percentage_change,healthy
440004,P5-KPI3,Workload Growth Velocity,P5,2026-02-04,10.21,10,0.18,percentage_change,healthy
440004,P5-KPI3,Workload Growth Velocity,P5,2026-02-11,10.28,10,0.18,percentage_change,healthy
440004,P5-KPI3,Workload Growth Velocity,P5,2026-02-18,10.89,10,0.18,percentage_change,healthy
440004,P5-KPI3,Workload Growth Velocity,P5,2026-02-25,11.13,10,0.18,percentage_change,healthy
440004,P5-KPI3,Workload Growth Velocity,P5,2026-03-04,11.33,10,0.18,percentage_change,healthy
440004,P5-KPI3,Workload Growth Velocity,P5,2026-03-11,11.11,10,0.18,percentage_change,healthy
440004,P5-KPI3,Workload Growth Velocity,P5,2026-03-18,11.88,10,0.18,percentage_change,healthy
440004,P5-KPI3,Workload Growth Velocity,P5,2026-03-25,11.72,10,0.18,percentage_change,healthy
440004,P5-KPI4,Compute Hour Consumption Trend,P5,2026-01-28,14.72,15,0.15,percentage_change,risk
440004,P5-KPI4,Compute Hour Consumption Trend,P5,2026-02-04,15.51,15,0.15,percentage_change,healthy
440004,P5-KPI4,Compute Hour Consumption Trend,P5,2026-02-11,15.77,15,0.15,percentage_change,healthy
440004,P5-KPI4,Compute Hour Consumption Trend,P5,2026-02-18,16.6,15,0.15,percentage_change,healthy
440004,P5-KPI4,Compute Hour Consumption Trend,P5,2026-02-25,16.88,15,0.15,percentage_change,healthy
440004,P5-KPI4,Compute Hour Consumption Trend,P5,2026-03-04,17.71,15,0.15,percentage_change,healthy
440004,P5-KPI4,Compute Hour Consumption Trend,P5,2026-03-11,18.0,15,0.15,percentage_change,healthy
440004,P5-KPI4,Compute Hour Consumption Trend,P5,2026-03-18,18.0,15,0.15,percentage_change,healthy
440004,P5-KPI4,Compute Hour Consumption Trend,P5,2026-03-25,17.53,15,0.15,percentage_change,healthy
440005,P1-KPI1,Time-to-First-Workload,P1,2026-01-28,13.3,14,0.2,days,healthy
440005,P1-KPI1,Time-to-First-Workload,P1,2026-02-04,12.24,14,0.2,days,healthy
440005,P1-KPI1,Time-to-First-Workload,P1,2026-02-11,11.82,14,0.2,days,healthy
440005,P1-KPI1,Time-to-First-Workload,P1,2026-02-18,11.67,14,0.2,days,healthy
440005,P1-KPI1,Time-to-First-Workload,P1,2026-02-25,10.85,14,0.2,days,healthy
440005,P1-KPI1,Time-to-First-Workload,P1,2026-03-04,10.98,14,0.2,days,healthy
440005,P1-KPI1,Time-to-First-Workload,P1,2026-03-11,10.38,14,0.2,days,healthy
440005,P1-KPI1,Time-to-First-Workload,P1,2026-03-18,10.44,14,0.2,days,healthy
440005,P1-KPI1,Time-to-First-Workload,P1,2026-03-25,10.38,14,0.2,days,healthy
440005,P1-KPI2,Installation Completion Rate,P1,2026-01-28,92.08,90,0.15,percentage,healthy
440005,P1-KPI2,Installation Completion Rate,P1,2026-02-04,95.05,90,0.15,percentage,healthy
440005,P1-KPI2,Installation Completion Rate,P1,2026-02-11,97.3,90,0.15,percentage,healthy
440005,P1-KPI2,Installation Completion Rate,P1,2026-02-18,100.11,90,0.15,percentage,healthy
440005,P1-KPI2,Installation Completion Rate,P1,2026-02-25,97.48,90,0.15,percentage,healthy
440005,P1-KPI2,Installation Completion Rate,P1,2026-03-04,106.02,90,0.15,percentage,healthy
440005,P1-KPI2,Installation Completion Rate,P1,2026-03-11,104.75,90,0.15,percentage,healthy
440005,P1-KPI2,Installation Completion Rate,P1,2026-03-18,107.55,90,0.15,percentage,healthy
440005,P1-KPI2,Installation Completion Rate,P1,2026-03-25,103.46,90,0.15,percentage,healthy
440005,P1-KPI4,Deployment Cycle Time,P1,2026-01-28,26.69,30,0.15,days,healthy
440005,P1-KPI4,Deployment Cycle Time,P1,2026-02-04,26.09,30,0.15,days,healthy
440005,P1-KPI4,Deployment Cycle Time,P1,2026-02-11,24.73,30,0.15,days,healthy
440005,P1-KPI4,Deployment Cycle Time,P1,2026-02-18,24.72,30,0.15,days,healthy
440005,P1-KPI4,Deployment Cycle Time,P1,2026-02-25,23.85,30,0.15,days,healthy
440005,P1-KPI4,Deployment Cycle Time,P1,2026-03-04,22.58,30,0.15,days,healthy
440005,P1-KPI4,Deployment Cycle Time,P1,2026-03-11,23.09,30,0.15,days,healthy
440005,P1-KPI4,Deployment Cycle Time,P1,2026-03-18,21.01,30,0.15,days,healthy
440005,P1-KPI4,Deployment Cycle Time,P1,2026-03-25,21.48,30,0.15,days,healthy
440005,P1-KPI5,Hardware Commissioning Time,P1,2026-01-28,6.64,7,0.13,days,healthy
440005,P1-KPI5,Hardware Commissioning Time,P1,2026-02-04,6.05,7,0.13,days,healthy
440005,P1-KPI5,Hardware Commissioning Time,P1,2026-02-11,6.26,7,0.13,days,healthy
440005,P1-KPI5,Hardware Commissioning Time,P1,2026-02-18,5.66,7,0.13,days,healthy
440005,P1-KPI5,Hardware Commissioning Time,P1,2026-02-25,5.8,7,0.13,days,healthy
440005,P1-KPI5,Hardware Commissioning Time,P1,2026-03-04,5.36,7,0.13,days,healthy
440005,P1-KPI5,Hardware Commissioning Time,P1,2026-03-11,5.44,7,0.13,days,healthy
440005,P1-KPI5,Hardware Commissioning Time,P1,2026-03-18,5.33,7,0.13,days,healthy
440005,P1-KPI5,Hardware Commissioning Time,P1,2026-03-25,5.2,7,0.13,days,healthy
440005,P2-KPI1,RMA Frequency Rate,P2,2026-01-28,1.3,2.6,0.2,percentage,risk
440005,P2-KPI1,RMA Frequency Rate,P2,2026-02-04,1.3,2.6,0.2,percentage,risk
440005,P2-KPI1,RMA Frequency Rate,P2,2026-02-11,1.3,2.6,0.2,percentage,risk
440005,P2-KPI1,RMA Frequency Rate,P2,2026-02-18,1.3,2.6,0.2,percentage,risk
440005,P2-KPI1,RMA Frequency Rate,P2,2026-02-25,1.3,2.6,0.2,percentage,risk
440005,P2-KPI1,RMA Frequency Rate,P2,2026-03-04,1.3,2.6,0.2,percentage,risk
440005,P2-KPI1,RMA Frequency Rate,P2,2026-03-11,1.3,2.6,0.2,percentage,risk
440005,P2-KPI1,RMA Frequency Rate,P2,2026-03-18,1.3,2.6,0.2,percentage,risk
440005,P2-KPI1,RMA Frequency Rate,P2,2026-03-25,1.3,2.6,0.2,percentage,risk
440005,P2-KPI2,MTBF (Mean Time Between Failures),P2,2026-01-28,10512.0,8760,0.18,hours,healthy
440005,P2-KPI2,MTBF (Mean Time Between Failures),P2,2026-02-04,10512.0,8760,0.18,hours,healthy
440005,P2-KPI2,MTBF (Mean Time Between Failures),P2,2026-02-11,10512.0,8760,0.18,hours,healthy
440005,P2-KPI2,MTBF (Mean Time Between Failures),P2,2026-02-18,10512.0,8760,0.18,hours,healthy
440005,P2-KPI2,MTBF (Mean Time Between Failures),P2,2026-02-25,10512.0,8760,0.18,hours,healthy
440005,P2-KPI2,MTBF (Mean Time Between Failures),P2,2026-03-04,10512.0,8760,0.18,hours,healthy
440005,P2-KPI2,MTBF (Mean Time Between Failures),P2,2026-03-11,10512.0,8760,0.18,hours,healthy
440005,P2-KPI2,MTBF (Mean Time Between Failures),P2,2026-03-18,10512.0,8760,0.18,hours,healthy
440005,P2-KPI2,MTBF (Mean Time Between Failures),P2,2026-03-25,10512.0,8760,0.18,hours,healthy
440005,P2-KPI3,Critical Incidents (30d),P2,2026-01-28,1.5,3,0.17,count,risk
440005,P2-KPI3,Critical Incidents (30d),P2,2026-02-04,1.5,3,0.17,count,risk
440005,P2-KPI3,Critical Incidents (30d),P2,2026-02-11,1.5,3,0.17,count,risk
440005,P2-KPI3,Critical Incidents (30d),P2,2026-02-18,1.5,3,0.17,count,risk
440005,P2-KPI3,Critical Incidents (30d),P2,2026-02-25,1.5,3,0.17,count,risk
440005,P2-KPI3,Critical Incidents (30d),P2,2026-03-04,1.5,3,0.17,count,risk
440005,P2-KPI3,Critical Incidents (30d),P2,2026-03-11,1.5,3,0.17,count,risk
440005,P2-KPI3,Critical Incidents (30d),P2,2026-03-18,1.5,3,0.17,count,risk
440005,P2-KPI3,Critical Incidents (30d),P2,2026-03-25,1.5,3,0.17,count,risk
440005,P2-KPI4,System Uptime Percentage,P2,2026-01-28,101.75,99.5,0.15,percentage,healthy
440005,P2-KPI4,System Uptime Percentage,P2,2026-02-04,96.41,99.5,0.15,percentage,critical
440005,P2-KPI4,System Uptime Percentage,P2,2026-02-11,106.89,99.5,0.15,percentage,healthy
440005,P2-KPI4,System Uptime Percentage,P2,2026-02-18,101.49,99.5,0.15,percentage,healthy
440005,P2-KPI4,System Uptime Percentage,P2,2026-02-25,117.6,99.5,0.15,percentage,healthy
440005,P2-KPI4,System Uptime Percentage,P2,2026-03-04,115.02,99.5,0.15,percentage,healthy
440005,P2-KPI4,System Uptime Percentage,P2,2026-03-11,111.8,99.5,0.15,percentage,healthy
440005,P2-KPI4,System Uptime Percentage,P2,2026-03-18,119.4,99.5,0.15,percentage,healthy
440005,P2-KPI4,System Uptime Percentage,P2,2026-03-25,119.4,99.5,0.15,percentage,healthy
440005,P3-KPI1,GPU Utilization Rate,P3,2026-01-28,72.79,65,0.22,percentage,healthy
440005,P3-KPI1,GPU Utilization Rate,P3,2026-02-04,74.75,65,0.22,percentage,healthy
440005,P3-KPI1,GPU Utilization Rate,P3,2026-02-11,72.22,65,0.22,percentage,healthy
440005,P3-KPI1,GPU Utilization Rate,P3,2026-02-18,75.41,65,0.22,percentage,healthy
440005,P3-KPI1,GPU Utilization Rate,P3,2026-02-25,76.94,65,0.22,percentage,healthy
440005,P3-KPI1,GPU Utilization Rate,P3,2026-03-04,77.35,65,0.22,percentage,healthy
440005,P3-KPI1,GPU Utilization Rate,P3,2026-03-11,78.0,65,0.22,percentage,healthy
440005,P3-KPI1,GPU Utilization Rate,P3,2026-03-18,78.0,65,0.22,percentage,healthy
440005,P3-KPI1,GPU Utilization Rate,P3,2026-03-25,78.0,65,0.22,percentage,healthy
440005,P3-KPI2,Training Job Completion Rate,P3,2026-01-28,95.76,90,0.2,percentage,healthy
440005,P3-KPI2,Training Job Completion Rate,P3,2026-02-04,94.62,90,0.2,percentage,healthy
440005,P3-KPI2,Training Job Completion Rate,P3,2026-02-11,95.45,90,0.2,percentage,healthy
440005,P3-KPI2,Training Job Completion Rate,P3,2026-02-18,98.23,90,0.2,percentage,healthy
440005,P3-KPI2,Training Job Completion Rate,P3,2026-02-25,97.65,90,0.2,percentage,healthy
440005,P3-KPI2,Training Job Completion Rate,P3,2026-03-04,99.88,90,0.2,percentage,healthy
440005,P3-KPI2,Training Job Completion Rate,P3,2026-03-11,102.01,90,0.2,percentage,healthy
440005,P3-KPI2,Training Job Completion Rate,P3,2026-03-18,108.0,90,0.2,percentage,healthy
440005,P3-KPI2,Training Job Completion Rate,P3,2026-03-25,108.0,90,0.2,percentage,healthy
440005,P3-KPI3,Inference Latency (P95),P3,2026-01-28,43.87,50,0.15,milliseconds,healthy
440005,P3-KPI3,Inference Latency (P95),P3,2026-02-04,41.98,50,0.15,milliseconds,healthy
440005,P3-KPI3,Inference Latency (P95),P3,2026-02-11,43.97,50,0.15,milliseconds,healthy
440005,P3-KPI3,Inference Latency (P95),P3,2026-02-18,40.51,50,0.15,milliseconds,healthy
440005,P3-KPI3,Inference Latency (P95),P3,2026-02-25,40.91,50,0.15,milliseconds,healthy
440005,P3-KPI3,Inference Latency (P95),P3,2026-03-04,37.68,50,0.15,milliseconds,healthy
440005,P3-KPI3,Inference Latency (P95),P3,2026-03-11,35.79,50,0.15,milliseconds,healthy
440005,P3-KPI3,Inference Latency (P95),P3,2026-03-18,35.78,50,0.15,milliseconds,healthy
440005,P3-KPI3,Inference Latency (P95),P3,2026-03-25,35.15,50,0.15,milliseconds,healthy
440005,P3-KPI4,Model Training Time,P3,2026-01-28,22.44,24,0.14,hours,healthy
440005,P3-KPI4,Model Training Time,P3,2026-02-04,20.8,24,0.14,hours,healthy
440005,P3-KPI4,Model Training Time,P3,2026-02-11,20.8,24,0.14,hours,healthy
440005,P3-KPI4,Model Training Time,P3,2026-02-18,21.24,24,0.14,hours,healthy
440005,P3-KPI4,Model Training Time,P3,2026-02-25,20.16,24,0.14,hours,healthy
440005,P3-KPI4,Model Training Time,P3,2026-03-04,18.78,24,0.14,hours,healthy
440005,P3-KPI4,Model Training Time,P3,2026-03-11,17.27,24,0.14,hours,healthy
440005,P3-KPI4,Model Training Time,P3,2026-03-18,17.9,24,0.14,hours,healthy
440005,P3-KPI4,Model Training Time,P3,2026-03-25,17.27,24,0.14,hours,healthy
440005,P4-KPI1,Partner Engagement Score,P4,2026-01-28,77.59,75,0.22,score,healthy
440005,P4-KPI1,Partner Engagement Score,P4,2026-02-04,80.03,75,0.22,score,healthy
440005,P4-KPI1,Partner Engagement Score,P4,2026-02-11,80.83,75,0.22,score,healthy
440005,P4-KPI1,Partner Engagement Score,P4,2026-02-18,83.66,75,0.22,score,healthy
440005,P4-KPI1,Partner Engagement Score,P4,2026-02-25,82.97,75,0.22,score,healthy
440005,P4-KPI1,Partner Engagement Score,P4,2026-03-04,88.45,75,0.22,score,healthy
440005,P4-KPI1,Partner Engagement Score,P4,2026-03-11,88.17,75,0.22,score,healthy
440005,P4-KPI1,Partner Engagement Score,P4,2026-03-18,90.0,75,0.22,score,healthy
440005,P4-KPI1,Partner Engagement Score,P4,2026-03-25,90.0,75,0.22,score,healthy
440005,P4-KPI2,VAR Performance Rating,P4,2026-01-28,81.24,80,0.2,score,healthy
440005,P4-KPI2,VAR Performance Rating,P4,2026-02-04,86.4,80,0.2,score,healthy
440005,P4-KPI2,VAR Performance Rating,P4,2026-02-11,90.15,80,0.2,score,healthy
440005,P4-KPI2,VAR Performance Rating,P4,2026-02-18,86.31,80,0.2,score,healthy
440005,P4-KPI2,VAR Performance Rating,P4,2026-02-25,94.11,80,0.2,score,healthy
440005,P4-KPI2,VAR Performance Rating,P4,2026-03-04,90.04,80,0.2,score,healthy
440005,P4-KPI2,VAR Performance Rating,P4,2026-03-11,95.84,80,0.2,score,healthy
440005,P4-KPI2,VAR Performance Rating,P4,2026-03-18,96.0,80,0.2,score,healthy
440005,P4-KPI2,VAR Performance Rating,P4,2026-03-25,96.0,80,0.2,score,healthy
440005,P4-KPI3,Joint QBR Frequency,P4,2026-01-28,4.62,4,0.18,count,healthy
440005,P4-KPI3,Joint QBR Frequency,P4,2026-02-04,4.8,4,0.18,count,healthy
440005,P4-KPI3,Joint QBR Frequency,P4,2026-02-11,4.8,4,0.18,count,healthy
440005,P4-KPI3,Joint QBR Frequency,P4,2026-02-18,4.8,4,0.18,count,healthy
440005,P4-KPI3,Joint QBR Frequency,P4,2026-02-25,4.8,4,0.18,count,healthy
440005,P4-KPI3,Joint QBR Frequency,P4,2026-03-04,4.8,4,0.18,count,healthy
440005,P4-KPI3,Joint QBR Frequency,P4,2026-03-11,4.8,4,0.18,count,healthy
440005,P4-KPI3,Joint QBR Frequency,P4,2026-03-18,4.8,4,0.18,count,healthy
440005,P4-KPI3,Joint QBR Frequency,P4,2026-03-25,4.8,4,0.18,count,healthy
440005,P4-KPI4,Channel Conflict Score,P4,2026-01-28,17.86,20,0.15,score,healthy
440005,P4-KPI4,Channel Conflict Score,P4,2026-02-04,18.24,20,0.15,score,healthy
440005,P4-KPI4,Channel Conflict Score,P4,2026-02-11,16.82,20,0.15,score,healthy
440005,P4-KPI4,Channel Conflict Score,P4,2026-02-18,16.15,20,0.15,score,healthy
440005,P4-KPI4,Channel Conflict Score,P4,2026-02-25,16.23,20,0.15,score,healthy
440005,P4-KPI4,Channel Conflict Score,P4,2026-03-04,16.64,20,0.15,score,healthy
440005,P4-KPI4,Channel Conflict Score,P4,2026-03-11,15.23,20,0.15,score,healthy
440005,P4-KPI4,Channel Conflict Score,P4,2026-03-18,15.15,20,0.15,score,healthy
440005,P4-KPI4,Channel Conflict Score,P4,2026-03-25,14.63,20,0.15,score,healthy
440005,P5-KPI1,Capacity Utilization Rate,P5,2026-01-28,71.2,70,0.18,percentage,healthy
440005,P5-KPI1,Capacity Utilization Rate,P5,2026-02-04,75.46,70,0.18,percentage,healthy
440005,P5-KPI1,Capacity Utilization Rate,P5,2026-02-11,75.58,70,0.18,percentage,healthy
440005,P5-KPI1,Capacity Utilization Rate,P5,2026-02-18,76.97,70,0.18,percentage,healthy
440005,P5-KPI1,Capacity Utilization Rate,P5,2026-02-25,80.24,70,0.18,percentage,healthy
440005,P5-KPI1,Capacity Utilization Rate,P5,2026-03-04,78.73,70,0.18,percentage,healthy
440005,P5-KPI1,Capacity Utilization Rate,P5,2026-03-11,84.0,70,0.18,percentage,healthy
440005,P5-KPI1,Capacity Utilization Rate,P5,2026-03-18,84.0,70,0.18,percentage,healthy
440005,P5-KPI1,Capacity Utilization Rate,P5,2026-03-25,84.0,70,0.18,percentage,healthy
440005,P5-KPI2,Capacity Utilization Trajectory,P5,2026-01-28,6.0,5,0.18,percentage_change,healthy
440005,P5-KPI2,Capacity Utilization Trajectory,P5,2026-02-04,6.0,5,0.18,percentage_change,healthy
440005,P5-KPI2,Capacity Utilization Trajectory,P5,2026-02-11,6.0,5,0.18,percentage_change,healthy
440005,P5-KPI2,Capacity Utilization Trajectory,P5,2026-02-18,6.0,5,0.18,percentage_change,healthy
440005,P5-KPI2,Capacity Utilization Trajectory,P5,2026-02-25,6.0,5,0.18,percentage_change,healthy
440005,P5-KPI2,Capacity Utilization Trajectory,P5,2026-03-04,6.0,5,0.18,percentage_change,healthy
440005,P5-KPI2,Capacity Utilization Trajectory,P5,2026-03-11,6.0,5,0.18,percentage_change,healthy
440005,P5-KPI2,Capacity Utilization Trajectory,P5,2026-03-18,6.0,5,0.18,percentage_change,healthy
440005,P5-KPI2,Capacity Utilization Trajectory,P5,2026-03-25,6.0,5,0.18,percentage_change,healthy
440005,P5-KPI3,Workload Growth Velocity,P5,2026-01-28,12.0,10,0.18,percentage_change,healthy
440005,P5-KPI3,Workload Growth Velocity,P5,2026-02-04,12.0,10,0.18,percentage_change,healthy
440005,P5-KPI3,Workload Growth Velocity,P5,2026-02-11,12.0,10,0.18,percentage_change,healthy
440005,P5-KPI3,Workload Growth Velocity,P5,2026-02-18,12.0,10,0.18,percentage_change,healthy
440005,P5-KPI3,Workload Growth Velocity,P5,2026-02-25,12.0,10,0.18,percentage_change,healthy
440005,P5-KPI3,Workload Growth Velocity,P5,2026-03-04,12.0,10,0.18,percentage_change,healthy
440005,P5-KPI3,Workload Growth Velocity,P5,2026-03-11,12.0,10,0.18,percentage_change,healthy
440005,P5-KPI3,Workload Growth Velocity,P5,2026-03-18,12.0,10,0.18,percentage_change,healthy
440005,P5-KPI3,Workload Growth Velocity,P5,2026-03-25,12.0,10,0.18,percentage_change,healthy
440005,P5-KPI4,Compute Hour Consumption Trend,P5,2026-01-28,18.0,15,0.15,percentage_change,healthy
440005,P5-KPI4,Compute Hour Consumption Trend,P5,2026-02-04,18.0,15,0.15,percentage_change,healthy
440005,P5-KPI4,Compute Hour Consumption Trend,P5,2026-02-11,18.0,15,0.15,percentage_change,healthy
440005,P5-KPI4,Compute Hour Consumption Trend,P5,2026-02-18,18.0,15,0.15,percentage_change,healthy
440005,P5-KPI4,Compute Hour Consumption Trend,P5,2026-02-25,18.0,15,0.15,percentage_change,healthy
440005,P5-KPI4,Compute Hour Consumption Trend,P5,2026-03-04,18.0,15,0.15,percentage_change,healthy
440005,P5-KPI4,Compute Hour Consumption Trend,P5,2026-03-11,18.0,15,0.15,percentage_change,healthy
440005,P5-KPI4,Compute Hour Consumption Trend,P5,2026-03-18,18.0,15,0.15,percentage_change,healthy
440005,P5-KPI4,Compute Hour Consumption Trend,P5,2026-03-25,18.0,15,0.15,percentage_change,healthy
440006,P1-KPI1,Time-to-First-Workload,P1,2026-01-28,17.08,14,0.2,days,risk
440006,P1-KPI1,Time-to-First-Workload,P1,2026-02-04,16.34,14,0.2,days,risk
440006,P1-KPI1,Time-to-First-Workload,P1,2026-02-11,16.21,14,0.2,days,risk
440006,P1-KPI1,Time-to-First-Workload,P1,2026-02-18,16.54,14,0.2,days,risk
440006,P1-KPI1,Time-to-First-Workload,P1,2026-02-25,17.05,14,0.2,days,risk
440006,P1-KPI1,Time-to-First-Workload,P1,2026-03-04,17.38,14,0.2,days,risk
440006,P1-KPI1,Time-to-First-Workload,P1,2026-03-11,17.59,14,0.2,days,risk
440006,P1-KPI1,Time-to-First-Workload,P1,2026-03-18,15.84,14,0.2,days,risk
440006,P1-KPI1,Time-to-First-Workload,P1,2026-03-25,15.94,14,0.2,days,risk
440006,P1-KPI2,Installation Completion Rate,P1,2026-01-28,89.28,90,0.15,percentage,risk
440006,P1-KPI2,Installation Completion Rate,P1,2026-02-04,85.73,90,0.15,percentage,risk
440006,P1-KPI2,Installation Completion Rate,P1,2026-02-11,82.5,90,0.15,percentage,risk
440006,P1-KPI2,Installation Completion Rate,P1,2026-02-18,89.32,90,0.15,percentage,risk
440006,P1-KPI2,Installation Completion Rate,P1,2026-02-25,87.88,90,0.15,percentage,risk
440006,P1-KPI2,Installation Completion Rate,P1,2026-03-04,86.92,90,0.15,percentage,risk
440006,P1-KPI2,Installation Completion Rate,P1,2026-03-11,90.48,90,0.15,percentage,healthy
440006,P1-KPI2,Installation Completion Rate,P1,2026-03-18,85.97,90,0.15,percentage,risk
440006,P1-KPI2,Installation Completion Rate,P1,2026-03-25,85.26,90,0.15,percentage,risk
440006,P1-KPI4,Deployment Cycle Time,P1,2026-01-28,36.52,30,0.15,days,risk
440006,P1-KPI4,Deployment Cycle Time,P1,2026-02-04,34.33,30,0.15,days,risk
440006,P1-KPI4,Deployment Cycle Time,P1,2026-02-11,36.12,30,0.15,days,risk
440006,P1-KPI4,Deployment Cycle Time,P1,2026-02-18,35.52,30,0.15,days,risk
440006,P1-KPI4,Deployment Cycle Time,P1,2026-02-25,34.63,30,0.15,days,risk
440006,P1-KPI4,Deployment Cycle Time,P1,2026-03-04,34.97,30,0.15,days,risk
440006,P1-KPI4,Deployment Cycle Time,P1,2026-03-11,32.93,30,0.15,days,risk
440006,P1-KPI4,Deployment Cycle Time,P1,2026-03-18,35.21,30,0.15,days,risk
440006,P1-KPI4,Deployment Cycle Time,P1,2026-03-25,33.54,30,0.15,days,risk
440006,P1-KPI5,Hardware Commissioning Time,P1,2026-01-28,10.06,7,0.13,days,risk
440006,P1-KPI5,Hardware Commissioning Time,P1,2026-02-04,9.56,7,0.13,days,risk
440006,P1-KPI5,Hardware Commissioning Time,P1,2026-02-11,9.5,7,0.13,days,risk
440006,P1-KPI5,Hardware Commissioning Time,P1,2026-02-18,9.54,7,0.13,days,risk
440006,P1-KPI5,Hardware Commissioning Time,P1,2026-02-25,9.37,7,0.13,days,risk
440006,P1-KPI5,Hardware Commissioning Time,P1,2026-03-04,9.13,7,0.13,days,risk
440006,P1-KPI5,Hardware Commissioning Time,P1,2026-03-11,9.14,7,0.13,days,risk
440006,P1-KPI5,Hardware Commissioning Time,P1,2026-03-18,9.4,7,0.13,days,risk
440006,P1-KPI5,Hardware Commissioning Time,P1,2026-03-25,9.92,7,0.13,days,risk
440006,P2-KPI1,RMA Frequency Rate,P2,2026-01-28,1.7,2.6,0.2,percentage,risk
440006,P2-KPI1,RMA Frequency Rate,P2,2026-02-04,1.67,2.6,0.2,percentage,risk
440006,P2-KPI1,RMA Frequency Rate,P2,2026-02-11,1.64,2.6,0.2,percentage,risk
440006,P2-KPI1,RMA Frequency Rate,P2,2026-02-18,1.72,2.6,0.2,percentage,risk
440006,P2-KPI1,RMA Frequency Rate,P2,2026-02-25,1.67,2.6,0.2,percentage,risk
440006,P2-KPI1,RMA Frequency Rate,P2,2026-03-04,1.65,2.6,0.2,percentage,risk
440006,P2-KPI1,RMA Frequency Rate,P2,2026-03-11,1.67,2.6,0.2,percentage,risk
440006,P2-KPI1,RMA Frequency Rate,P2,2026-03-18,1.65,2.6,0.2,percentage,risk
440006,P2-KPI1,RMA Frequency Rate,P2,2026-03-25,1.65,2.6,0.2,percentage,risk
440006,P2-KPI2,MTBF (Mean Time Between Failures),P2,2026-01-28,7068.66,8760,0.18,hours,risk
440006,P2-KPI2,MTBF (Mean Time Between Failures),P2,2026-02-04,7159.56,8760,0.18,hours,risk
440006,P2-KPI2,MTBF (Mean Time Between Failures),P2,2026-02-11,7457.91,8760,0.18,hours,risk
440006,P2-KPI2,MTBF (Mean Time Between Failures),P2,2026-02-18,7106.43,8760,0.18,hours,risk
440006,P2-KPI2,MTBF (Mean Time Between Failures),P2,2026-02-25,7455.02,8760,0.18,hours,risk
440006,P2-KPI2,MTBF (Mean Time Between Failures),P2,2026-03-04,7696.36,8760,0.18,hours,risk
440006,P2-KPI2,MTBF (Mean Time Between Failures),P2,2026-03-11,7349.79,8760,0.18,hours,risk
440006,P2-KPI2,MTBF (Mean Time Between Failures),P2,2026-03-18,7243.79,8760,0.18,hours,risk
440006,P2-KPI2,MTBF (Mean Time Between Failures),P2,2026-03-25,7508.08,8760,0.18,hours,risk
440006,P2-KPI3,Critical Incidents (30d),P2,2026-01-28,1.76,3,0.17,count,risk
440006,P2-KPI3,Critical Incidents (30d),P2,2026-02-04,1.64,3,0.17,count,risk
440006,P2-KPI3,Critical Incidents (30d),P2,2026-02-11,1.67,3,0.17,count,risk
440006,P2-KPI3,Critical Incidents (30d),P2,2026-02-18,1.62,3,0.17,count,risk
440006,P2-KPI3,Critical Incidents (30d),P2,2026-02-25,1.59,3,0.17,count,risk
440006,P2-KPI3,Critical Incidents (30d),P2,2026-03-04,1.58,3,0.17,count,risk
440006,P2-KPI3,Critical Incidents (30d),P2,2026-03-11,1.62,3,0.17,count,risk
440006,P2-KPI3,Critical Incidents (30d),P2,2026-03-18,1.7,3,0.17,count,risk
440006,P2-KPI3,Critical Incidents (30d),P2,2026-03-25,1.6,3,0.17,count,risk
440006,P2-KPI4,System Uptime Percentage,P2,2026-01-28,102.87,99.5,0.15,percentage,healthy
440006,P2-KPI4,System Uptime Percentage,P2,2026-02-04,100.78,99.5,0.15,percentage,healthy
440006,P2-KPI4,System Uptime Percentage,P2,2026-02-11,104.15,99.5,0.15,percentage,healthy
440006,P2-KPI4,System Uptime Percentage,P2,2026-02-18,104.98,99.5,0.15,percentage,healthy
440006,P2-KPI4,System Uptime Percentage,P2,2026-02-25,102.64,99.5,0.15,percentage,healthy
440006,P2-KPI4,System Uptime Percentage,P2,2026-03-04,107.27,99.5,0.15,percentage,healthy
440006,P2-KPI4,System Uptime Percentage,P2,2026-03-11,102.13,99.5,0.15,percentage,healthy
440006,P2-KPI4,System Uptime Percentage,P2,2026-03-18,107.63,99.5,0.15,percentage,healthy
440006,P2-KPI4,System Uptime Percentage,P2,2026-03-25,107.12,99.5,0.15,percentage,healthy
440006,P3-KPI1,GPU Utilization Rate,P3,2026-01-28,61.64,65,0.22,percentage,risk
440006,P3-KPI1,GPU Utilization Rate,P3,2026-02-04,57.26,65,0.22,percentage,risk
440006,P3-KPI1,GPU Utilization Rate,P3,2026-02-11,58.98,65,0.22,percentage,risk
440006,P3-KPI1,GPU Utilization Rate,P3,2026-02-18,58.52,65,0.22,percentage,risk
440006,P3-KPI1,GPU Utilization Rate,P3,2026-02-25,60.31,65,0.22,percentage,risk
440006,P3-KPI1,GPU Utilization Rate,P3,2026-03-04,62.65,65,0.22,percentage,risk
440006,P3-KPI1,GPU Utilization Rate,P3,2026-03-11,61.37,65,0.22,percentage,risk
440006,P3-KPI1,GPU Utilization Rate,P3,2026-03-18,61.27,65,0.22,percentage,risk
440006,P3-KPI1,GPU Utilization Rate,P3,2026-03-25,59.35,65,0.22,percentage,risk
440006,P3-KPI2,Training Job Completion Rate,P3,2026-01-28,90.95,90,0.2,percentage,healthy
440006,P3-KPI2,Training Job Completion Rate,P3,2026-02-04,85.22,90,0.2,percentage,risk
440006,P3-KPI2,Training Job Completion Rate,P3,2026-02-11,83.59,90,0.2,percentage,risk
440006,P3-KPI2,Training Job Completion Rate,P3,2026-02-18,87.2,90,0.2,percentage,risk
440006,P3-KPI2,Training Job Completion Rate,P3,2026-02-25,83.27,90,0.2,percentage,risk
440006,P3-KPI2,Training Job Completion Rate,P3,2026-03-04,82.54,90,0.2,percentage,risk
440006,P3-KPI2,Training Job Completion Rate,P3,2026-03-11,84.53,90,0.2,percentage,risk
440006,P3-KPI2,Training Job Completion Rate,P3,2026-03-18,87.79,90,0.2,percentage,risk
440006,P3-KPI2,Training Job Completion Rate,P3,2026-03-25,92.07,90,0.2,percentage,healthy
440006,P3-KPI3,Inference Latency (P95),P3,2026-01-28,70.32,50,0.15,milliseconds,risk
440006,P3-KPI3,Inference Latency (P95),P3,2026-02-04,66.53,50,0.15,milliseconds,risk
440006,P3-KPI3,Inference Latency (P95),P3,2026-02-11,67.88,50,0.15,milliseconds,risk
440006,P3-KPI3,Inference Latency (P95),P3,2026-02-18,74.5,50,0.15,milliseconds,risk
440006,P3-KPI3,Inference Latency (P95),P3,2026-02-25,70.79,50,0.15,milliseconds,risk
440006,P3-KPI3,Inference Latency (P95),P3,2026-03-04,67.62,50,0.15,milliseconds,risk
440006,P3-KPI3,Inference Latency (P95),P3,2026-03-11,67.76,50,0.15,milliseconds,risk
440006,P3-KPI3,Inference Latency (P95),P3,2026-03-18,66.13,50,0.15,milliseconds,risk
440006,P3-KPI3,Inference Latency (P95),P3,2026-03-25,67.48,50,0.15,milliseconds,risk
440006,P3-KPI4,Model Training Time,P3,2026-01-28,33.06,24,0.14,hours,risk
440006,P3-KPI4,Model Training Time,P3,2026-02-04,32.2,24,0.14,hours,risk
440006,P3-KPI4,Model Training Time,P3,2026-02-11,34.55,24,0.14,hours,risk
440006,P3-KPI4,Model Training Time,P3,2026-02-18,32.88,24,0.14,hours,risk
440006,P3-KPI4,Model Training Time,P3,2026-02-25,32.79,24,0.14,hours,risk
440006,P3-KPI4,Model Training Time,P3,2026-03-04,32.69,24,0.14,hours,risk
440006,P3-KPI4,Model Training Time,P3,2026-03-11,33.12,24,0.14,hours,risk
440006,P3-KPI4,Model Training Time,P3,2026-03-18,32.02,24,0.14,hours,risk
440006,P3-KPI4,Model Training Time,P3,2026-03-25,32.55,24,0.14,hours,risk
440006,P4-KPI1,Partner Engagement Score,P4,2026-01-28,67.22,75,0.22,score,risk
440006,P4-KPI1,Partner Engagement Score,P4,2026-02-04,66.36,75,0.22,score,risk
440006,P4-KPI1,Partner Engagement Score,P4,2026-02-11,64.1,75,0.22,score,risk
440006,P4-KPI1,Partner Engagement Score,P4,2026-02-18,68.05,75,0.22,score,risk
440006,P4-KPI1,Partner Engagement Score,P4,2026-02-25,65.01,75,0.22,score,risk
440006,P4-KPI1,Partner Engagement Score,P4,2026-03-04,67.0,75,0.22,score,risk
440006,P4-KPI1,Partner Engagement Score,P4,2026-03-11,64.5,75,0.22,score,risk
440006,P4-KPI1,Partner Engagement Score,P4,2026-03-18,65.04,75,0.22,score,risk
440006,P4-KPI1,Partner Engagement Score,P4,2026-03-25,69.79,75,0.22,score,risk
440006,P4-KPI2,VAR Performance Rating,P4,2026-01-28,70.93,80,0.2,score,risk
440006,P4-KPI2,VAR Performance Rating,P4,2026-02-04,72.32,80,0.2,score,risk
440006,P4-KPI2,VAR Performance Rating,P4,2026-02-11,76.9,80,0.2,score,risk
440006,P4-KPI2,VAR Performance Rating,P4,2026-02-18,82.29,80,0.2,score,healthy
440006,P4-KPI2,VAR Performance Rating,P4,2026-02-25,76.78,80,0.2,score,risk
440006,P4-KPI2,VAR Performance Rating,P4,2026-03-04,77.22,80,0.2,score,risk
440006,P4-KPI2,VAR Performance Rating,P4,2026-03-11,74.7,80,0.2,score,risk
440006,P4-KPI2,VAR Performance Rating,P4,2026-03-18,79.87,80,0.2,score,risk
440006,P4-KPI2,VAR Performance Rating,P4,2026-03-25,80.01,80,0.2,score,healthy
440006,P4-KPI3,Joint QBR Frequency,P4,2026-01-28,3.03,4,0.18,count,risk
440006,P4-KPI3,Joint QBR Frequency,P4,2026-02-04,3.32,4,0.18,count,risk
440006,P4-KPI3,Joint QBR Frequency,P4,2026-02-11,3.24,4,0.18,count,risk
440006,P4-KPI3,Joint QBR Frequency,P4,2026-02-18,3.34,4,0.18,count,risk
440006,P4-KPI3,Joint QBR Frequency,P4,2026-02-25,3.4,4,0.18,count,risk
440006,P4-KPI3,Joint QBR Frequency,P4,2026-03-04,3.43,4,0.18,count,risk
440006,P4-KPI3,Joint QBR Frequency,P4,2026-03-11,3.22,4,0.18,count,risk
440006,P4-KPI3,Joint QBR Frequency,P4,2026-03-18,3.3,4,0.18,count,risk
440006,P4-KPI3,Joint QBR Frequency,P4,2026-03-25,3.3,4,0.18,count,risk
440006,P4-KPI4,Channel Conflict Score,P4,2026-01-28,32.78,20,0.15,score,risk
440006,P4-KPI4,Channel Conflict Score,P4,2026-02-04,31.47,20,0.15,score,risk
440006,P4-KPI4,Channel Conflict Score,P4,2026-02-11,32.78,20,0.15,score,risk
440006,P4-KPI4,Channel Conflict Score,P4,2026-02-18,30.03,20,0.15,score,risk
440006,P4-KPI4,Channel Conflict Score,P4,2026-02-25,32.19,20,0.15,score,risk
440006,P4-KPI4,Channel Conflict Score,P4,2026-03-04,32.42,20,0.15,score,risk
440006,P4-KPI4,Channel Conflict Score,P4,2026-03-11,32.18,20,0.15,score,risk
440006,P4-KPI4,Channel Conflict Score,P4,2026-03-18,32.03,20,0.15,score,risk
440006,P4-KPI4,Channel Conflict Score,P4,2026-03-25,30.2,20,0.15,score,risk
440006,P5-KPI1,Capacity Utilization Rate,P5,2026-01-28,63.65,70,0.18,percentage,risk
440006,P5-KPI1,Capacity Utilization Rate,P5,2026-02-04,61.21,70,0.18,percentage,risk
440006,P5-KPI1,Capacity Utilization Rate,P5,2026-02-11,64.5,70,0.18,percentage,risk
440006,P5-KPI1,Capacity Utilization Rate,P5,2026-02-18,62.13,70,0.18,percentage,risk
440006,P5-KPI1,Capacity Utilization Rate,P5,2026-02-25,64.59,70,0.18,percentage,risk
440006,P5-KPI1,Capacity Utilization Rate,P5,2026-03-04,62.4,70,0.18,percentage,risk
440006,P5-KPI1,Capacity Utilization Rate,P5,2026-03-11,64.2,70,0.18,percentage,risk
440006,P5-KPI1,Capacity Utilization Rate,P5,2026-03-18,63.15,70,0.18,percentage,risk
440006,P5-KPI1,Capacity Utilization Rate,P5,2026-03-25,64.54,70,0.18,percentage,risk
440006,P5-KPI2,Capacity Utilization Trajectory,P5,2026-01-28,1.05,5,0.18,percentage_change,risk
440006,P5-KPI2,Capacity Utilization Trajectory,P5,2026-02-04,1.09,5,0.18,percentage_change,risk
440006,P5-KPI2,Capacity Utilization Trajectory,P5,2026-02-11,1.06,5,0.18,percentage_change,risk
440006,P5-KPI2,Capacity Utilization Trajectory,P5,2026-02-18,1.09,5,0.18,percentage_change,risk
440006,P5-KPI2,Capacity Utilization Trajectory,P5,2026-02-25,1.13,5,0.18,percentage_change,risk
440006,P5-KPI2,Capacity Utilization Trajectory,P5,2026-03-04,1.18,5,0.18,percentage_change,risk
440006,P5-KPI2,Capacity Utilization Trajectory,P5,2026-03-11,1.19,5,0.18,percentage_change,risk
440006,P5-KPI2,Capacity Utilization Trajectory,P5,2026-03-18,1.2,5,0.18,percentage_change,risk
440006,P5-KPI2,Capacity Utilization Trajectory,P5,2026-03-25,1.2,5,0.18,percentage_change,risk
440006,P5-KPI3,Workload Growth Velocity,P5,2026-01-28,6.09,10,0.18,percentage_change,risk
440006,P5-KPI3,Workload Growth Velocity,P5,2026-02-04,6.14,10,0.18,percentage_change,risk
440006,P5-KPI3,Workload Growth Velocity,P5,2026-02-11,6.36,10,0.18,percentage_change,risk
440006,P5-KPI3,Workload Growth Velocity,P5,2026-02-18,6.12,10,0.18,percentage_change,risk
440006,P5-KPI3,Workload Growth Velocity,P5,2026-02-25,6.14,10,0.18,percentage_change,risk
440006,P5-KPI3,Workload Growth Velocity,P5,2026-03-04,6.11,10,0.18,percentage_change,risk
440006,P5-KPI3,Workload Growth Velocity,P5,2026-03-11,6.62,10,0.18,percentage_change,risk
440006,P5-KPI3,Workload Growth Velocity,P5,2026-03-18,6.05,10,0.18,percentage_change,risk
440006,P5-KPI3,Workload Growth Velocity,P5,2026-03-25,6.05,10,0.18,percentage_change,risk
440006,P5-KPI4,Compute Hour Consumption Trend,P5,2026-01-28,9.39,15,0.15,percentage_change,risk
440006,P5-KPI4,Compute Hour Consumption Trend,P5,2026-02-04,9.43,15,0.15,percentage_change,risk
440006,P5-KPI4,Compute Hour Consumption Trend,P5,2026-02-11,9.41,15,0.15,percentage_change,risk
440006,P5-KPI4,Compute Hour Consumption Trend,P5,2026-02-18,9.4,15,0.15,percentage_change,risk
440006,P5-KPI4,Compute Hour Consumption Trend,P5,2026-02-25,9.68,15,0.15,percentage_change,risk
440006,P5-KPI4,Compute Hour Consumption Trend,P5,2026-03-04,9.51,15,0.15,percentage_change,risk
440006,P5-KPI4,Compute Hour Consumption Trend,P5,2026-03-11,9.78,15,0.15,percentage_change,risk
440006,P5-KPI4,Compute Hour Consumption Trend,P5,2026-03-18,9.37,15,0.15,percentage_change,risk
440006,P5-KPI4,Compute Hour Consumption Trend,P5,2026-03-25,10.06,15,0.15,percentage_change,risk
440007,P1-KPI1,Time-to-First-Workload,P1,2026-01-28,14.65,14,0.2,days,risk
440007,P1-KPI1,Time-to-First-Workload,P1,2026-02-04,16.6,14,0.2,days,risk
440007,P1-KPI1,Time-to-First-Workload,P1,2026-02-11,17.53,14,0.2,days,risk
440007,P1-KPI1,Time-to-First-Workload,P1,2026-02-18,18.62,14,0.2,days,risk
440007,P1-KPI1,Time-to-First-Workload,P1,2026-02-25,17.83,14,0.2,days,risk
440007,P1-KPI1,Time-to-First-Workload,P1,2026-03-04,17.28,14,0.2,days,risk
440007,P1-KPI1,Time-to-First-Workload,P1,2026-03-11,14.97,14,0.2,days,risk
440007,P1-KPI1,Time-to-First-Workload,P1,2026-03-18,14.44,14,0.2,days,risk
440007,P1-KPI1,Time-to-First-Workload,P1,2026-03-25,13.26,14,0.2,days,healthy
440007,P1-KPI2,Installation Completion Rate,P1,2026-01-28,85.41,90,0.15,percentage,risk
440007,P1-KPI2,Installation Completion Rate,P1,2026-02-04,78.56,90,0.15,percentage,risk
440007,P1-KPI2,Installation Completion Rate,P1,2026-02-11,74.15,90,0.15,percentage,critical
440007,P1-KPI2,Installation Completion Rate,P1,2026-02-18,67.05,90,0.15,percentage,critical
440007,P1-KPI2,Installation Completion Rate,P1,2026-02-25,69.44,90,0.15,percentage,critical
440007,P1-KPI2,Installation Completion Rate,P1,2026-03-04,79.81,90,0.15,percentage,risk
440007,P1-KPI2,Installation Completion Rate,P1,2026-03-11,84.26,90,0.15,percentage,risk
440007,P1-KPI2,Installation Completion Rate,P1,2026-03-18,90.24,90,0.15,percentage,healthy
440007,P1-KPI2,Installation Completion Rate,P1,2026-03-25,89.44,90,0.15,percentage,risk
440007,P1-KPI4,Deployment Cycle Time,P1,2026-01-28,31.62,30,0.15,days,risk
440007,P1-KPI4,Deployment Cycle Time,P1,2026-02-04,34.77,30,0.15,days,risk
440007,P1-KPI4,Deployment Cycle Time,P1,2026-02-11,37.51,30,0.15,days,risk
440007,P1-KPI4,Deployment Cycle Time,P1,2026-02-18,40.12,30,0.15,days,risk
440007,P1-KPI4,Deployment Cycle Time,P1,2026-02-25,39.11,30,0.15,days,risk
440007,P1-KPI4,Deployment Cycle Time,P1,2026-03-04,35.86,30,0.15,days,risk
440007,P1-KPI4,Deployment Cycle Time,P1,2026-03-11,33.27,30,0.15,days,risk
440007,P1-KPI4,Deployment Cycle Time,P1,2026-03-18,30.46,30,0.15,days,risk
440007,P1-KPI4,Deployment Cycle Time,P1,2026-03-25,27.38,30,0.15,days,healthy
440007,P1-KPI5,Hardware Commissioning Time,P1,2026-01-28,7.98,7,0.13,days,risk
440007,P1-KPI5,Hardware Commissioning Time,P1,2026-02-04,8.48,7,0.13,days,risk
440007,P1-KPI5,Hardware Commissioning Time,P1,2026-02-11,9.28,7,0.13,days,risk
440007,P1-KPI5,Hardware Commissioning Time,P1,2026-02-18,9.73,7,0.13,days,risk
440007,P1-KPI5,Hardware Commissioning Time,P1,2026-02-25,9.77,7,0.13,days,risk
440007,P1-KPI5,Hardware Commissioning Time,P1,2026-03-04,9.34,7,0.13,days,risk
440007,P1-KPI5,Hardware Commissioning Time,P1,2026-03-11,8.34,7,0.13,days,risk
440007,P1-KPI5,Hardware Commissioning Time,P1,2026-03-18,8.05,7,0.13,days,risk
440007,P1-KPI5,Hardware Commissioning Time,P1,2026-03-25,7.32,7,0.13,days,risk
440007,P2-KPI1,RMA Frequency Rate,P2,2026-01-28,1.4,2.6,0.2,percentage,risk
440007,P2-KPI1,RMA Frequency Rate,P2,2026-02-04,1.48,2.6,0.2,percentage,risk
440007,P2-KPI1,RMA Frequency Rate,P2,2026-02-11,1.63,2.6,0.2,percentage,risk
440007,P2-KPI1,RMA Frequency Rate,P2,2026-02-18,1.71,2.6,0.2,percentage,risk
440007,P2-KPI1,RMA Frequency Rate,P2,2026-02-25,1.56,2.6,0.2,percentage,risk
440007,P2-KPI1,RMA Frequency Rate,P2,2026-03-04,1.55,2.6,0.2,percentage,risk
440007,P2-KPI1,RMA Frequency Rate,P2,2026-03-11,1.39,2.6,0.2,percentage,risk
440007,P2-KPI1,RMA Frequency Rate,P2,2026-03-18,1.33,2.6,0.2,percentage,risk
440007,P2-KPI1,RMA Frequency Rate,P2,2026-03-25,1.3,2.6,0.2,percentage,risk
440007,P2-KPI2,MTBF (Mean Time Between Failures),P2,2026-01-28,8149.0,8760,0.18,hours,risk
440007,P2-KPI2,MTBF (Mean Time Between Failures),P2,2026-02-04,7855.43,8760,0.18,hours,risk
440007,P2-KPI2,MTBF (Mean Time Between Failures),P2,2026-02-11,7225.11,8760,0.18,hours,risk
440007,P2-KPI2,MTBF (Mean Time Between Failures),P2,2026-02-18,6267.35,8760,0.18,hours,risk
440007,P2-KPI2,MTBF (Mean Time Between Failures),P2,2026-02-25,6667.63,8760,0.18,hours,risk
440007,P2-KPI2,MTBF (Mean Time Between Failures),P2,2026-03-04,7315.71,8760,0.18,hours,risk
440007,P2-KPI2,MTBF (Mean Time Between Failures),P2,2026-03-11,8086.74,8760,0.18,hours,risk
440007,P2-KPI2,MTBF (Mean Time Between Failures),P2,2026-03-18,8588.55,8760,0.18,hours,risk
440007,P2-KPI2,MTBF (Mean Time Between Failures),P2,2026-03-25,9069.77,8760,0.18,hours,healthy
440007,P2-KPI3,Critical Incidents (30d),P2,2026-01-28,1.5,3,0.17,count,risk
440007,P2-KPI3,Critical Incidents (30d),P2,2026-02-04,1.5,3,0.17,count,risk
440007,P2-KPI3,Critical Incidents (30d),P2,2026-02-11,1.5,3,0.17,count,risk
440007,P2-KPI3,Critical Incidents (30d),P2,2026-02-18,1.5,3,0.17,count,risk
440007,P2-KPI3,Critical Incidents (30d),P2,2026-02-25,1.5,3,0.17,count,risk
440007,P2-KPI3,Critical Incidents (30d),P2,2026-03-04,1.5,3,0.17,count,risk
440007,P2-KPI3,Critical Incidents (30d),P2,2026-03-11,1.5,3,0.17,count,risk
440007,P2-KPI3,Critical Incidents (30d),P2,2026-03-18,1.5,3,0.17,count,risk
440007,P2-KPI3,Critical Incidents (30d),P2,2026-03-25,1.5,3,0.17,count,risk
440007,P2-KPI4,System Uptime Percentage,P2,2026-01-28,102.75,99.5,0.15,percentage,healthy
440007,P2-KPI4,System Uptime Percentage,P2,2026-02-04,93.59,99.5,0.15,percentage,critical
440007,P2-KPI4,System Uptime Percentage,P2,2026-02-11,89.4,99.5,0.15,percentage,critical
440007,P2-KPI4,System Uptime Percentage,P2,2026-02-18,78.22,99.5,0.15,percentage,critical
440007,P2-KPI4,System Uptime Percentage,P2,2026-02-25,81.56,99.5,0.15,percentage,critical
440007,P2-KPI4,System Uptime Percentage,P2,2026-03-04,87.14,99.5,0.15,percentage,critical
440007,P2-KPI4,System Uptime Percentage,P2,2026-03-11,100.27,99.5,0.15,percentage,healthy
440007,P2-KPI4,System Uptime Percentage,P2,2026-03-18,101.55,99.5,0.15,percentage,healthy
440007,P2-KPI4,System Uptime Percentage,P2,2026-03-25,112.93,99.5,0.15,percentage,healthy
440007,P3-KPI1,GPU Utilization Rate,P3,2026-01-28,63.97,65,0.22,percentage,risk
440007,P3-KPI1,GPU Utilization Rate,P3,2026-02-04,58.95,65,0.22,percentage,risk
440007,P3-KPI1,GPU Utilization Rate,P3,2026-02-11,52.51,65,0.22,percentage,risk
440007,P3-KPI1,GPU Utilization Rate,P3,2026-02-18,50.28,65,0.22,percentage,risk
440007,P3-KPI1,GPU Utilization Rate,P3,2026-02-25,51.55,65,0.22,percentage,risk
440007,P3-KPI1,GPU Utilization Rate,P3,2026-03-04,55.73,65,0.22,percentage,risk
440007,P3-KPI1,GPU Utilization Rate,P3,2026-03-11,57.47,65,0.22,percentage,risk
440007,P3-KPI1,GPU Utilization Rate,P3,2026-03-18,68.28,65,0.22,percentage,healthy
440007,P3-KPI1,GPU Utilization Rate,P3,2026-03-25,72.25,65,0.22,percentage,healthy
440007,P3-KPI2,Training Job Completion Rate,P3,2026-01-28,93.8,90,0.2,percentage,healthy
440007,P3-KPI2,Training Job Completion Rate,P3,2026-02-04,78.13,90,0.2,percentage,risk
440007,P3-KPI2,Training Job Completion Rate,P3,2026-02-11,76.13,90,0.2,percentage,risk
440007,P3-KPI2,Training Job Completion Rate,P3,2026-02-18,67.45,90,0.2,percentage,critical
440007,P3-KPI2,Training Job Completion Rate,P3,2026-02-25,74.0,90,0.2,percentage,critical
440007,P3-KPI2,Training Job Completion Rate,P3,2026-03-04,80.09,90,0.2,percentage,risk
440007,P3-KPI2,Training Job Completion Rate,P3,2026-03-11,85.69,90,0.2,percentage,risk
440007,P3-KPI2,Training Job Completion Rate,P3,2026-03-18,89.13,90,0.2,percentage,risk
440007,P3-KPI2,Training Job Completion Rate,P3,2026-03-25,96.53,90,0.2,percentage,healthy
440007,P3-KPI3,Inference Latency (P95),P3,2026-01-28,59.1,50,0.15,milliseconds,risk
440007,P3-KPI3,Inference Latency (P95),P3,2026-02-04,59.03,50,0.15,milliseconds,risk
440007,P3-KPI3,Inference Latency (P95),P3,2026-02-11,66.01,50,0.15,milliseconds,risk
440007,P3-KPI3,Inference Latency (P95),P3,2026-02-18,73.17,50,0.15,milliseconds,risk
440007,P3-KPI3,Inference Latency (P95),P3,2026-02-25,69.79,50,0.15,milliseconds,risk
440007,P3-KPI3,Inference Latency (P95),P3,2026-03-04,64.51,50,0.15,milliseconds,risk
440007,P3-KPI3,Inference Latency (P95),P3,2026-03-11,58.08,50,0.15,milliseconds,risk
440007,P3-KPI3,Inference Latency (P95),P3,2026-03-18,55.1,50,0.15,milliseconds,risk
440007,P3-KPI3,Inference Latency (P95),P3,2026-03-25,51.61,50,0.15,milliseconds,risk
440007,P3-KPI4,Model Training Time,P3,2026-01-28,26.7,24,0.14,hours,risk
440007,P3-KPI4,Model Training Time,P3,2026-02-04,30.71,24,0.14,hours,risk
440007,P3-KPI4,Model Training Time,P3,2026-02-11,31.13,24,0.14,hours,risk
440007,P3-KPI4,Model Training Time,P3,2026-02-18,33.78,24,0.14,hours,risk
440007,P3-KPI4,Model Training Time,P3,2026-02-25,32.78,24,0.14,hours,risk
440007,P3-KPI4,Model Training Time,P3,2026-03-04,30.52,24,0.14,hours,risk
440007,P3-KPI4,Model Training Time,P3,2026-03-11,29.22,24,0.14,hours,risk
440007,P3-KPI4,Model Training Time,P3,2026-03-18,27.61,24,0.14,hours,risk
440007,P3-KPI4,Model Training Time,P3,2026-03-25,26.02,24,0.14,hours,risk
440007,P4-KPI1,Partner Engagement Score,P4,2026-01-28,76.19,75,0.22,score,healthy
440007,P4-KPI1,Partner Engagement Score,P4,2026-02-04,68.42,75,0.22,score,risk
440007,P4-KPI1,Partner Engagement Score,P4,2026-02-11,59.51,75,0.22,score,risk
440007,P4-KPI1,Partner Engagement Score,P4,2026-02-18,54.29,75,0.22,score,risk
440007,P4-KPI1,Partner Engagement Score,P4,2026-02-25,56.25,75,0.22,score,risk
440007,P4-KPI1,Partner Engagement Score,P4,2026-03-04,62.1,75,0.22,score,risk
440007,P4-KPI1,Partner Engagement Score,P4,2026-03-11,66.05,75,0.22,score,risk
440007,P4-KPI1,Partner Engagement Score,P4,2026-03-18,68.52,75,0.22,score,risk
440007,P4-KPI1,Partner Engagement Score,P4,2026-03-25,73.09,75,0.22,score,risk
440007,P4-KPI2,VAR Performance Rating,P4,2026-01-28,72.35,80,0.2,score,risk
440007,P4-KPI2,VAR Performance Rating,P4,2026-02-04,69.77,80,0.2,score,risk
440007,P4-KPI2,VAR Performance Rating,P4,2026-02-11,71.57,80,0.2,score,risk
440007,P4-KPI2,VAR Performance Rating,P4,2026-02-18,60.79,80,0.2,score,risk
440007,P4-KPI2,VAR Performance Rating,P4,2026-02-25,66.68,80,0.2,score,risk
440007,P4-KPI2,VAR Performance Rating,P4,2026-03-04,67.57,80,0.2,score,risk
440007,P4-KPI2,VAR Performance Rating,P4,2026-03-11,76.38,80,0.2,score,risk
440007,P4-KPI2,VAR Performance Rating,P4,2026-03-18,82.13,80,0.2,score,healthy
440007,P4-KPI2,VAR Performance Rating,P4,2026-03-25,83.61,80,0.2,score,healthy
440007,P4-KPI3,Joint QBR Frequency,P4,2026-01-28,3.7,4,0.18,count,risk
440007,P4-KPI3,Joint QBR Frequency,P4,2026-02-04,3.49,4,0.18,count,risk
440007,P4-KPI3,Joint QBR Frequency,P4,2026-02-11,3.16,4,0.18,count,risk
440007,P4-KPI3,Joint QBR Frequency,P4,2026-02-18,2.93,4,0.18,count,risk
440007,P4-KPI3,Joint QBR Frequency,P4,2026-02-25,3.02,4,0.18,count,risk
440007,P4-KPI3,Joint QBR Frequency,P4,2026-03-04,3.38,4,0.18,count,risk
440007,P4-KPI3,Joint QBR Frequency,P4,2026-03-11,3.4,4,0.18,count,risk
440007,P4-KPI3,Joint QBR Frequency,P4,2026-03-18,3.59,4,0.18,count,risk
440007,P4-KPI3,Joint QBR Frequency,P4,2026-03-25,4.21,4,0.18,count,healthy
440007,P4-KPI4,Channel Conflict Score,P4,2026-01-28,24.92,20,0.15,score,risk
440007,P4-KPI4,Channel Conflict Score,P4,2026-02-04,25.42,20,0.15,score,risk
440007,P4-KPI4,Channel Conflict Score,P4,2026-02-11,28.75,20,0.15,score,risk
440007,P4-KPI4,Channel Conflict Score,P4,2026-02-18,31.24,20,0.15,score,risk
440007,P4-KPI4,Channel Conflict Score,P4,2026-02-25,28.46,20,0.15,score,risk
440007,P4-KPI4,Channel Conflict Score,P4,2026-03-04,29.0,20,0.15,score,risk
440007,P4-KPI4,Channel Conflict Score,P4,2026-03-11,26.04,20,0.15,score,risk
440007,P4-KPI4,Channel Conflict Score,P4,2026-03-18,23.53,20,0.15,score,risk
440007,P4-KPI4,Channel Conflict Score,P4,2026-03-25,22.13,20,0.15,score,risk
440007,P5-KPI1,Capacity Utilization Rate,P5,2026-01-28,65.47,70,0.18,percentage,risk
440007,P5-KPI1,Capacity Utilization Rate,P5,2026-02-04,61.11,70,0.18,percentage,risk
440007,P5-KPI1,Capacity Utilization Rate,P5,2026-02-11,59.35,70,0.18,percentage,risk
440007,P5-KPI1,Capacity Utilization Rate,P5,2026-02-18,52.23,70,0.18,percentage,risk
440007,P5-KPI1,Capacity Utilization Rate,P5,2026-02-25,56.46,70,0.18,percentage,risk
440007,P5-KPI1,Capacity Utilization Rate,P5,2026-03-04,56.78,70,0.18,percentage,risk
440007,P5-KPI1,Capacity Utilization Rate,P5,2026-03-11,65.15,70,0.18,percentage,risk
440007,P5-KPI1,Capacity Utilization Rate,P5,2026-03-18,68.82,70,0.18,percentage,risk
440007,P5-KPI1,Capacity Utilization Rate,P5,2026-03-25,73.08,70,0.18,percentage,healthy
440007,P5-KPI2,Capacity Utilization Trajectory,P5,2026-01-28,3.5,5,0.18,percentage_change,risk
440007,P5-KPI2,Capacity Utilization Trajectory,P5,2026-02-04,3.2,5,0.18,percentage_change,risk
440007,P5-KPI2,Capacity Utilization Trajectory,P5,2026-02-11,2.77,5,0.18,percentage_change,risk
440007,P5-KPI2,Capacity Utilization Trajectory,P5,2026-02-18,2.67,5,0.18,percentage_change,risk
440007,P5-KPI2,Capacity Utilization Trajectory,P5,2026-02-25,2.91,5,0.18,percentage_change,risk
440007,P5-KPI2,Capacity Utilization Trajectory,P5,2026-03-04,3.04,5,0.18,percentage_change,risk
440007,P5-KPI2,Capacity Utilization Trajectory,P5,2026-03-11,3.58,5,0.18,percentage_change,risk
440007,P5-KPI2,Capacity Utilization Trajectory,P5,2026-03-18,3.52,5,0.18,percentage_change,risk
440007,P5-KPI2,Capacity Utilization Trajectory,P5,2026-03-25,4.02,5,0.18,percentage_change,risk
440007,P5-KPI3,Workload Growth Velocity,P5,2026-01-28,8.51,10,0.18,percentage_change,risk
440007,P5-KPI3,Workload Growth Velocity,P5,2026-02-04,7.86,10,0.18,percentage_change,risk
440007,P5-KPI3,Workload Growth Velocity,P5,2026-02-11,7.17,10,0.18,percentage_change,risk
440007,P5-KPI3,Workload Growth Velocity,P5,2026-02-18,6.56,10,0.18,percentage_change,risk
440007,P5-KPI3,Workload Growth Velocity,P5,2026-02-25,6.9,10,0.18,percentage_change,risk
440007,P5-KPI3,Workload Growth Velocity,P5,2026-03-04,7.85,10,0.18,percentage_change,risk
440007,P5-KPI3,Workload Growth Velocity,P5,2026-03-11,8.04,10,0.18,percentage_change,risk
440007,P5-KPI3,Workload Growth Velocity,P5,2026-03-18,8.88,10,0.18,percentage_change,risk
440007,P5-KPI3,Workload Growth Velocity,P5,2026-03-25,9.74,10,0.18,percentage_change,risk
440007,P5-KPI4,Compute Hour Consumption Trend,P5,2026-01-28,12.07,15,0.15,percentage_change,risk
440007,P5-KPI4,Compute Hour Consumption Trend,P5,2026-02-04,11.82,15,0.15,percentage_change,risk
440007,P5-KPI4,Compute Hour Consumption Trend,P5,2026-02-11,10.98,15,0.15,percentage_change,risk
440007,P5-KPI4,Compute Hour Consumption Trend,P5,2026-02-18,10.59,15,0.15,percentage_change,risk
440007,P5-KPI4,Compute Hour Consumption Trend,P5,2026-02-25,10.98,15,0.15,percentage_change,risk
440007,P5-KPI4,Compute Hour Consumption Trend,P5,2026-03-04,11.91,15,0.15,percentage_change,risk
440007,P5-KPI4,Compute Hour Consumption Trend,P5,2026-03-11,12.42,15,0.15,percentage_change,risk
440007,P5-KPI4,Compute Hour Consumption Trend,P5,2026-03-18,13.18,15,0.15,percentage_change,risk
440007,P5-KPI4,Compute Hour Consumption Trend,P5,2026-03-25,13.9,15,0.15,percentage_change,risk
440008,P1-KPI1,Time-to-First-Workload,P1,2026-01-28,13.66,14,0.2,days,healthy
440008,P1-KPI1,Time-to-First-Workload,P1,2026-02-04,13.47,14,0.2,days,healthy
440008,P1-KPI1,Time-to-First-Workload,P1,2026-02-11,12.72,14,0.2,days,healthy
440008,P1-KPI1,Time-to-First-Workload,P1,2026-02-18,13.65,14,0.2,days,healthy
440008,P1-KPI1,Time-to-First-Workload,P1,2026-02-25,13.04,14,0.2,days,healthy
440008,P1-KPI1,Time-to-First-Workload,P1,2026-03-04,13.02,14,0.2,days,healthy
440008,P1-KPI1,Time-to-First-Workload,P1,2026-03-11,12.58,14,0.2,days,healthy
440008,P1-KPI1,Time-to-First-Workload,P1,2026-03-18,13.22,14,0.2,days,healthy
440008,P1-KPI1,Time-to-First-Workload,P1,2026-03-25,13.07,14,0.2,days,healthy
440008,P1-KPI2,Installation Completion Rate,P1,2026-01-28,88.96,90,0.15,percentage,risk
440008,P1-KPI2,Installation Completion Rate,P1,2026-02-04,91.19,90,0.15,percentage,healthy
440008,P1-KPI2,Installation Completion Rate,P1,2026-02-11,94.79,90,0.15,percentage,healthy
440008,P1-KPI2,Installation Completion Rate,P1,2026-02-18,89.38,90,0.15,percentage,risk
440008,P1-KPI2,Installation Completion Rate,P1,2026-02-25,87.27,90,0.15,percentage,risk
440008,P1-KPI2,Installation Completion Rate,P1,2026-03-04,85.01,90,0.15,percentage,risk
440008,P1-KPI2,Installation Completion Rate,P1,2026-03-11,87.31,90,0.15,percentage,risk
440008,P1-KPI2,Installation Completion Rate,P1,2026-03-18,92.41,90,0.15,percentage,healthy
440008,P1-KPI2,Installation Completion Rate,P1,2026-03-25,86.67,90,0.15,percentage,risk
440008,P1-KPI4,Deployment Cycle Time,P1,2026-01-28,27.59,30,0.15,days,healthy
440008,P1-KPI4,Deployment Cycle Time,P1,2026-02-04,28.48,30,0.15,days,healthy
440008,P1-KPI4,Deployment Cycle Time,P1,2026-02-11,25.69,30,0.15,days,healthy
440008,P1-KPI4,Deployment Cycle Time,P1,2026-02-18,26.75,30,0.15,days,healthy
440008,P1-KPI4,Deployment Cycle Time,P1,2026-02-25,27.44,30,0.15,days,healthy
440008,P1-KPI4,Deployment Cycle Time,P1,2026-03-04,30.23,30,0.15,days,risk
440008,P1-KPI4,Deployment Cycle Time,P1,2026-03-11,26.35,30,0.15,days,healthy
440008,P1-KPI4,Deployment Cycle Time,P1,2026-03-18,29.34,30,0.15,days,healthy
440008,P1-KPI4,Deployment Cycle Time,P1,2026-03-25,27.34,30,0.15,days,healthy
440008,P1-KPI5,Hardware Commissioning Time,P1,2026-01-28,6.21,7,0.13,days,healthy
440008,P1-KPI5,Hardware Commissioning Time,P1,2026-02-04,6.46,7,0.13,days,healthy
440008,P1-KPI5,Hardware Commissioning Time,P1,2026-02-11,6.67,7,0.13,days,healthy
440008,P1-KPI5,Hardware Commissioning Time,P1,2026-02-18,6.19,7,0.13,days,healthy
440008,P1-KPI5,Hardware Commissioning Time,P1,2026-02-25,6.68,7,0.13,days,healthy
440008,P1-KPI5,Hardware Commissioning Time,P1,2026-03-04,6.75,7,0.13,days,healthy
440008,P1-KPI5,Hardware Commissioning Time,P1,2026-03-11,6.29,7,0.13,days,healthy
440008,P1-KPI5,Hardware Commissioning Time,P1,2026-03-18,6.61,7,0.13,days,healthy
440008,P1-KPI5,Hardware Commissioning Time,P1,2026-03-25,6.75,7,0.13,days,healthy
440008,P2-KPI1,RMA Frequency Rate,P2,2026-01-28,1.3,2.6,0.2,percentage,risk
440008,P2-KPI1,RMA Frequency Rate,P2,2026-02-04,1.3,2.6,0.2,percentage,risk
440008,P2-KPI1,RMA Frequency Rate,P2,2026-02-11,1.3,2.6,0.2,percentage,risk
440008,P2-KPI1,RMA Frequency Rate,P2,2026-02-18,1.3,2.6,0.2,percentage,risk
440008,P2-KPI1,RMA Frequency Rate,P2,2026-02-25,1.3,2.6,0.2,percentage,risk
440008,P2-KPI1,RMA Frequency Rate,P2,2026-03-04,1.3,2.6,0.2,percentage,risk
440008,P2-KPI1,RMA Frequency Rate,P2,2026-03-11,1.3,2.6,0.2,percentage,risk
440008,P2-KPI1,RMA Frequency Rate,P2,2026-03-18,1.3,2.6,0.2,percentage,risk
440008,P2-KPI1,RMA Frequency Rate,P2,2026-03-25,1.3,2.6,0.2,percentage,risk
440008,P2-KPI2,MTBF (Mean Time Between Failures),P2,2026-01-28,10512.0,8760,0.18,hours,healthy
440008,P2-KPI2,MTBF (Mean Time Between Failures),P2,2026-02-04,10512.0,8760,0.18,hours,healthy
440008,P2-KPI2,MTBF (Mean Time Between Failures),P2,2026-02-11,10512.0,8760,0.18,hours,healthy
440008,P2-KPI2,MTBF (Mean Time Between Failures),P2,2026-02-18,10512.0,8760,0.18,hours,healthy
440008,P2-KPI2,MTBF (Mean Time Between Failures),P2,2026-02-25,10512.0,8760,0.18,hours,healthy
440008,P2-KPI2,MTBF (Mean Time Between Failures),P2,2026-03-04,10512.0,8760,0.18,hours,healthy
440008,P2-KPI2,MTBF (Mean Time Between Failures),P2,2026-03-11,10512.0,8760,0.18,hours,healthy
440008,P2-KPI2,MTBF (Mean Time Between Failures),P2,2026-03-18,10512.0,8760,0.18,hours,healthy
440008,P2-KPI2,MTBF (Mean Time Between Failures),P2,2026-03-25,10512.0,8760,0.18,hours,healthy
440008,P2-KPI3,Critical Incidents (30d),P2,2026-01-28,1.5,3,0.17,count,risk
440008,P2-KPI3,Critical Incidents (30d),P2,2026-02-04,1.5,3,0.17,count,risk
440008,P2-KPI3,Critical Incidents (30d),P2,2026-02-11,1.5,3,0.17,count,risk
440008,P2-KPI3,Critical Incidents (30d),P2,2026-02-18,1.5,3,0.17,count,risk
440008,P2-KPI3,Critical Incidents (30d),P2,2026-02-25,1.5,3,0.17,count,risk
440008,P2-KPI3,Critical Incidents (30d),P2,2026-03-04,1.5,3,0.17,count,risk
440008,P2-KPI3,Critical Incidents (30d),P2,2026-03-11,1.5,3,0.17,count,risk
440008,P2-KPI3,Critical Incidents (30d),P2,2026-03-18,1.5,3,0.17,count,risk
440008,P2-KPI3,Critical Incidents (30d),P2,2026-03-25,1.5,3,0.17,count,risk
440008,P2-KPI4,System Uptime Percentage,P2,2026-01-28,96.44,99.5,0.15,percentage,critical
440008,P2-KPI4,System Uptime Percentage,P2,2026-02-04,99.3,99.5,0.15,percentage,risk
440008,P2-KPI4,System Uptime Percentage,P2,2026-02-11,99.1,99.5,0.15,percentage,risk
440008,P2-KPI4,System Uptime Percentage,P2,2026-02-18,100.67,99.5,0.15,percentage,healthy
440008,P2-KPI4,System Uptime Percentage,P2,2026-02-25,96.71,99.5,0.15,percentage,critical
440008,P2-KPI4,System Uptime Percentage,P2,2026-03-04,101.13,99.5,0.15,percentage,healthy
440008,P2-KPI4,System Uptime Percentage,P2,2026-03-11,98.11,99.5,0.15,percentage,risk
440008,P2-KPI4,System Uptime Percentage,P2,2026-03-18,95.64,99.5,0.15,percentage,critical
440008,P2-KPI4,System Uptime Percentage,P2,2026-03-25,102.24,99.5,0.15,percentage,healthy
440008,P3-KPI1,GPU Utilization Rate,P3,2026-01-28,69.27,65,0.22,percentage,healthy
440008,P3-KPI1,GPU Utilization Rate,P3,2026-02-04,65.12,65,0.22,percentage,healthy
440008,P3-KPI1,GPU Utilization Rate,P3,2026-02-11,67.82,65,0.22,percentage,healthy
440008,P3-KPI1,GPU Utilization Rate,P3,2026-02-18,68.48,65,0.22,percentage,healthy
440008,P3-KPI1,GPU Utilization Rate,P3,2026-02-25,62.28,65,0.22,percentage,risk
440008,P3-KPI1,GPU Utilization Rate,P3,2026-03-04,68.09,65,0.22,percentage,healthy
440008,P3-KPI1,GPU Utilization Rate,P3,2026-03-11,63.6,65,0.22,percentage,risk
440008,P3-KPI1,GPU Utilization Rate,P3,2026-03-18,68.69,65,0.22,percentage,healthy
440008,P3-KPI1,GPU Utilization Rate,P3,2026-03-25,68.52,65,0.22,percentage,healthy
440008,P3-KPI2,Training Job Completion Rate,P3,2026-01-28,90.55,90,0.2,percentage,healthy
440008,P3-KPI2,Training Job Completion Rate,P3,2026-02-04,88.45,90,0.2,percentage,risk
440008,P3-KPI2,Training Job Completion Rate,P3,2026-02-11,90.2,90,0.2,percentage,healthy
440008,P3-KPI2,Training Job Completion Rate,P3,2026-02-18,88.47,90,0.2,percentage,risk
440008,P3-KPI2,Training Job Completion Rate,P3,2026-02-25,88.18,90,0.2,percentage,risk
440008,P3-KPI2,Training Job Completion Rate,P3,2026-03-04,91.58,90,0.2,percentage,healthy
440008,P3-KPI2,Training Job Completion Rate,P3,2026-03-11,90.79,90,0.2,percentage,healthy
440008,P3-KPI2,Training Job Completion Rate,P3,2026-03-18,95.08,90,0.2,percentage,healthy
440008,P3-KPI2,Training Job Completion Rate,P3,2026-03-25,93.13,90,0.2,percentage,healthy
440008,P3-KPI3,Inference Latency (P95),P3,2026-01-28,47.22,50,0.15,milliseconds,healthy
440008,P3-KPI3,Inference Latency (P95),P3,2026-02-04,46.9,50,0.15,milliseconds,healthy
440008,P3-KPI3,Inference Latency (P95),P3,2026-02-11,46.93,50,0.15,milliseconds,healthy
440008,P3-KPI3,Inference Latency (P95),P3,2026-02-18,47.23,50,0.15,milliseconds,healthy
440008,P3-KPI3,Inference Latency (P95),P3,2026-02-25,47.51,50,0.15,milliseconds,healthy
440008,P3-KPI3,Inference Latency (P95),P3,2026-03-04,46.7,50,0.15,milliseconds,healthy
440008,P3-KPI3,Inference Latency (P95),P3,2026-03-11,48.24,50,0.15,milliseconds,healthy
440008,P3-KPI3,Inference Latency (P95),P3,2026-03-18,46.68,50,0.15,milliseconds,healthy
440008,P3-KPI3,Inference Latency (P95),P3,2026-03-25,46.18,50,0.15,milliseconds,healthy
440008,P3-KPI4,Model Training Time,P3,2026-01-28,22.48,24,0.14,hours,healthy
440008,P3-KPI4,Model Training Time,P3,2026-02-04,22.2,24,0.14,hours,healthy
440008,P3-KPI4,Model Training Time,P3,2026-02-11,21.69,24,0.14,hours,healthy
440008,P3-KPI4,Model Training Time,P3,2026-02-18,21.94,24,0.14,hours,healthy
440008,P3-KPI4,Model Training Time,P3,2026-02-25,22.57,24,0.14,hours,healthy
440008,P3-KPI4,Model Training Time,P3,2026-03-04,21.77,24,0.14,hours,healthy
440008,P3-KPI4,Model Training Time,P3,2026-03-11,22.42,24,0.14,hours,healthy
440008,P3-KPI4,Model Training Time,P3,2026-03-18,23.39,24,0.14,hours,healthy
440008,P3-KPI4,Model Training Time,P3,2026-03-25,23.28,24,0.14,hours,healthy
440008,P4-KPI1,Partner Engagement Score,P4,2026-01-28,77.37,75,0.22,score,healthy
440008,P4-KPI1,Partner Engagement Score,P4,2026-02-04,76.64,75,0.22,score,healthy
440008,P4-KPI1,Partner Engagement Score,P4,2026-02-11,76.7,75,0.22,score,healthy
440008,P4-KPI1,Partner Engagement Score,P4,2026-02-18,78.83,75,0.22,score,healthy
440008,P4-KPI1,Partner Engagement Score,P4,2026-02-25,78.13,75,0.22,score,healthy
440008,P4-KPI1,Partner Engagement Score,P4,2026-03-04,76.71,75,0.22,score,healthy
440008,P4-KPI1,Partner Engagement Score,P4,2026-03-11,79.6,75,0.22,score,healthy
440008,P4-KPI1,Partner Engagement Score,P4,2026-03-18,76.4,75,0.22,score,healthy
440008,P4-KPI1,Partner Engagement Score,P4,2026-03-25,73.3,75,0.22,score,risk
440008,P4-KPI2,VAR Performance Rating,P4,2026-01-28,84.86,80,0.2,score,healthy
440008,P4-KPI2,VAR Performance Rating,P4,2026-02-04,72.1,80,0.2,score,risk
440008,P4-KPI2,VAR Performance Rating,P4,2026-02-11,82.72,80,0.2,score,healthy
440008,P4-KPI2,VAR Performance Rating,P4,2026-02-18,82.46,80,0.2,score,healthy
440008,P4-KPI2,VAR Performance Rating,P4,2026-02-25,72.6,80,0.2,score,risk
440008,P4-KPI2,VAR Performance Rating,P4,2026-03-04,76.13,80,0.2,score,risk
440008,P4-KPI2,VAR Performance Rating,P4,2026-03-11,82.23,80,0.2,score,healthy
440008,P4-KPI2,VAR Performance Rating,P4,2026-03-18,78.1,80,0.2,score,risk
440008,P4-KPI2,VAR Performance Rating,P4,2026-03-25,83.15,80,0.2,score,healthy
440008,P4-KPI3,Joint QBR Frequency,P4,2026-01-28,4.75,4,0.18,count,healthy
440008,P4-KPI3,Joint QBR Frequency,P4,2026-02-04,4.44,4,0.18,count,healthy
440008,P4-KPI3,Joint QBR Frequency,P4,2026-02-11,4.59,4,0.18,count,healthy
440008,P4-KPI3,Joint QBR Frequency,P4,2026-02-18,4.59,4,0.18,count,healthy
440008,P4-KPI3,Joint QBR Frequency,P4,2026-02-25,4.7,4,0.18,count,healthy
440008,P4-KPI3,Joint QBR Frequency,P4,2026-03-04,4.63,4,0.18,count,healthy
440008,P4-KPI3,Joint QBR Frequency,P4,2026-03-11,4.48,4,0.18,count,healthy
440008,P4-KPI3,Joint QBR Frequency,P4,2026-03-18,4.8,4,0.18,count,healthy
440008,P4-KPI3,Joint QBR Frequency,P4,2026-03-25,4.63,4,0.18,count,healthy
440008,P4-KPI4,Channel Conflict Score,P4,2026-01-28,18.0,20,0.15,score,healthy
440008,P4-KPI4,Channel Conflict Score,P4,2026-02-04,18.81,20,0.15,score,healthy
440008,P4-KPI4,Channel Conflict Score,P4,2026-02-11,18.45,20,0.15,score,healthy
440008,P4-KPI4,Channel Conflict Score,P4,2026-02-18,18.84,20,0.15,score,healthy
440008,P4-KPI4,Channel Conflict Score,P4,2026-02-25,18.59,20,0.15,score,healthy
440008,P4-KPI4,Channel Conflict Score,P4,2026-03-04,19.68,20,0.15,score,healthy
440008,P4-KPI4,Channel Conflict Score,P4,2026-03-11,18.2,20,0.15,score,healthy
440008,P4-KPI4,Channel Conflict Score,P4,2026-03-18,18.38,20,0.15,score,healthy
440008,P4-KPI4,Channel Conflict Score,P4,2026-03-25,18.27,20,0.15,score,healthy
440008,P5-KPI1,Capacity Utilization Rate,P5,2026-01-28,69.49,70,0.18,percentage,risk
440008,P5-KPI1,Capacity Utilization Rate,P5,2026-02-04,72.39,70,0.18,percentage,healthy
440008,P5-KPI1,Capacity Utilization Rate,P5,2026-02-11,71.19,70,0.18,percentage,healthy
440008,P5-KPI1,Capacity Utilization Rate,P5,2026-02-18,71.3,70,0.18,percentage,healthy
440008,P5-KPI1,Capacity Utilization Rate,P5,2026-02-25,72.12,70,0.18,percentage,healthy
440008,P5-KPI1,Capacity Utilization Rate,P5,2026-03-04,77.02,70,0.18,percentage,healthy
440008,P5-KPI1,Capacity Utilization Rate,P5,2026-03-11,74.14,70,0.18,percentage,healthy
440008,P5-KPI1,Capacity Utilization Rate,P5,2026-03-18,70.47,70,0.18,percentage,healthy
440008,P5-KPI1,Capacity Utilization Rate,P5,2026-03-25,68.53,70,0.18,percentage,risk
440008,P5-KPI2,Capacity Utilization Trajectory,P5,2026-01-28,6.0,5,0.18,percentage_change,healthy
440008,P5-KPI2,Capacity Utilization Trajectory,P5,2026-02-04,6.0,5,0.18,percentage_change,healthy
440008,P5-KPI2,Capacity Utilization Trajectory,P5,2026-02-11,6.0,5,0.18,percentage_change,healthy
440008,P5-KPI2,Capacity Utilization Trajectory,P5,2026-02-18,6.0,5,0.18,percentage_change,healthy
440008,P5-KPI2,Capacity Utilization Trajectory,P5,2026-02-25,6.0,5,0.18,percentage_change,healthy
440008,P5-KPI2,Capacity Utilization Trajectory,P5,2026-03-04,6.0,5,0.18,percentage_change,healthy
440008,P5-KPI2,Capacity Utilization Trajectory,P5,2026-03-11,6.0,5,0.18,percentage_change,healthy
440008,P5-KPI2,Capacity Utilization Trajectory,P5,2026-03-18,6.0,5,0.18,percentage_change,healthy
440008,P5-KPI2,Capacity Utilization Trajectory,P5,2026-03-25,6.0,5,0.18,percentage_change,healthy
440008,P5-KPI3,Workload Growth Velocity,P5,2026-01-28,12.0,10,0.18,percentage_change,healthy
440008,P5-KPI3,Workload Growth Velocity,P5,2026-02-04,12.0,10,0.18,percentage_change,healthy
440008,P5-KPI3,Workload Growth Velocity,P5,2026-02-11,12.0,10,0.18,percentage_change,healthy
440008,P5-KPI3,Workload Growth Velocity,P5,2026-02-18,12.0,10,0.18,percentage_change,healthy
440008,P5-KPI3,Workload Growth Velocity,P5,2026-02-25,12.0,10,0.18,percentage_change,healthy
440008,P5-KPI3,Workload Growth Velocity,P5,2026-03-04,12.0,10,0.18,percentage_change,healthy
440008,P5-KPI3,Workload Growth Velocity,P5,2026-03-11,12.0,10,0.18,percentage_change,healthy
440008,P5-KPI3,Workload Growth Velocity,P5,2026-03-18,12.0,10,0.18,percentage_change,healthy
440008,P5-KPI3,Workload Growth Velocity,P5,2026-03-25,12.0,10,0.18,percentage_change,healthy
440008,P5-KPI4,Compute Hour Consumption Trend,P5,2026-01-28,18.0,15,0.15,percentage_change,healthy
440008,P5-KPI4,Compute Hour Consumption Trend,P5,2026-02-04,18.0,15,0.15,percentage_change,healthy
440008,P5-KPI4,Compute Hour Consumption Trend,P5,2026-02-11,18.0,15,0.15,percentage_change,healthy
440008,P5-KPI4,Compute Hour Consumption Trend,P5,2026-02-18,18.0,15,0.15,percentage_change,healthy
440008,P5-KPI4,Compute Hour Consumption Trend,P5,2026-02-25,18.0,15,0.15,percentage_change,healthy
440008,P5-KPI4,Compute Hour Consumption Trend,P5,2026-03-04,18.0,15,0.15,percentage_change,healthy
440008,P5-KPI4,Compute Hour Consumption Trend,P5,2026-03-11,18.0,15,0.15,percentage_change,healthy
440008,P5-KPI4,Compute Hour Consumption Trend,P5,2026-03-18,18.0,15,0.15,percentage_change,healthy
440008,P5-KPI4,Compute Hour Consumption Trend,P5,2026-03-25,18.0,15,0.15,percentage_change,healthy
440009,P1-KPI1,Time-to-First-Workload,P1,2026-01-28,10.52,14,0.2,days,healthy
440009,P1-KPI1,Time-to-First-Workload,P1,2026-02-04,11.13,14,0.2,days,healthy
440009,P1-KPI1,Time-to-First-Workload,P1,2026-02-11,10.64,14,0.2,days,healthy
440009,P1-KPI1,Time-to-First-Workload,P1,2026-02-18,10.57,14,0.2,days,healthy
440009,P1-KPI1,Time-to-First-Workload,P1,2026-02-25,10.09,14,0.2,days,healthy
440009,P1-KPI1,Time-to-First-Workload,P1,2026-03-04,10.36,14,0.2,days,healthy
440009,P1-KPI1,Time-to-First-Workload,P1,2026-03-11,9.96,14,0.2,days,healthy
440009,P1-KPI1,Time-to-First-Workload,P1,2026-03-18,10.12,14,0.2,days,healthy
440009,P1-KPI1,Time-to-First-Workload,P1,2026-03-25,9.74,14,0.2,days,healthy
440009,P1-KPI2,Installation Completion Rate,P1,2026-01-28,92.68,90,0.15,percentage,healthy
440009,P1-KPI2,Installation Completion Rate,P1,2026-02-04,89.3,90,0.15,percentage,risk
440009,P1-KPI2,Installation Completion Rate,P1,2026-02-11,92.28,90,0.15,percentage,healthy
440009,P1-KPI2,Installation Completion Rate,P1,2026-02-18,96.06,90,0.15,percentage,healthy
440009,P1-KPI2,Installation Completion Rate,P1,2026-02-25,96.75,90,0.15,percentage,healthy
440009,P1-KPI2,Installation Completion Rate,P1,2026-03-04,102.06,90,0.15,percentage,healthy
440009,P1-KPI2,Installation Completion Rate,P1,2026-03-11,102.43,90,0.15,percentage,healthy
440009,P1-KPI2,Installation Completion Rate,P1,2026-03-18,105.71,90,0.15,percentage,healthy
440009,P1-KPI2,Installation Completion Rate,P1,2026-03-25,107.66,90,0.15,percentage,healthy
440009,P1-KPI4,Deployment Cycle Time,P1,2026-01-28,23.51,30,0.15,days,healthy
440009,P1-KPI4,Deployment Cycle Time,P1,2026-02-04,24.09,30,0.15,days,healthy
440009,P1-KPI4,Deployment Cycle Time,P1,2026-02-11,23.32,30,0.15,days,healthy
440009,P1-KPI4,Deployment Cycle Time,P1,2026-02-18,22.71,30,0.15,days,healthy
440009,P1-KPI4,Deployment Cycle Time,P1,2026-02-25,21.62,30,0.15,days,healthy
440009,P1-KPI4,Deployment Cycle Time,P1,2026-03-04,21.52,30,0.15,days,healthy
440009,P1-KPI4,Deployment Cycle Time,P1,2026-03-11,21.15,30,0.15,days,healthy
440009,P1-KPI4,Deployment Cycle Time,P1,2026-03-18,21.45,30,0.15,days,healthy
440009,P1-KPI4,Deployment Cycle Time,P1,2026-03-25,19.66,30,0.15,days,healthy
440009,P1-KPI5,Hardware Commissioning Time,P1,2026-01-28,5.67,7,0.13,days,healthy
440009,P1-KPI5,Hardware Commissioning Time,P1,2026-02-04,5.6,7,0.13,days,healthy
440009,P1-KPI5,Hardware Commissioning Time,P1,2026-02-11,5.19,7,0.13,days,healthy
440009,P1-KPI5,Hardware Commissioning Time,P1,2026-02-18,5.22,7,0.13,days,healthy
440009,P1-KPI5,Hardware Commissioning Time,P1,2026-02-25,5.13,7,0.13,days,healthy
440009,P1-KPI5,Hardware Commissioning Time,P1,2026-03-04,5.2,7,0.13,days,healthy
440009,P1-KPI5,Hardware Commissioning Time,P1,2026-03-11,5.05,7,0.13,days,healthy
440009,P1-KPI5,Hardware Commissioning Time,P1,2026-03-18,5.05,7,0.13,days,healthy
440009,P1-KPI5,Hardware Commissioning Time,P1,2026-03-25,4.74,7,0.13,days,healthy
440009,P2-KPI1,RMA Frequency Rate,P2,2026-01-28,1.3,2.6,0.2,percentage,risk
440009,P2-KPI1,RMA Frequency Rate,P2,2026-02-04,1.3,2.6,0.2,percentage,risk
440009,P2-KPI1,RMA Frequency Rate,P2,2026-02-11,1.3,2.6,0.2,percentage,risk
440009,P2-KPI1,RMA Frequency Rate,P2,2026-02-18,1.3,2.6,0.2,percentage,risk
440009,P2-KPI1,RMA Frequency Rate,P2,2026-02-25,1.3,2.6,0.2,percentage,risk
440009,P2-KPI1,RMA Frequency Rate,P2,2026-03-04,1.3,2.6,0.2,percentage,risk
440009,P2-KPI1,RMA Frequency Rate,P2,2026-03-11,1.3,2.6,0.2,percentage,risk
440009,P2-KPI1,RMA Frequency Rate,P2,2026-03-18,1.3,2.6,0.2,percentage,risk
440009,P2-KPI1,RMA Frequency Rate,P2,2026-03-25,1.3,2.6,0.2,percentage,risk
440009,P2-KPI2,MTBF (Mean Time Between Failures),P2,2026-01-28,10512.0,8760,0.18,hours,healthy
440009,P2-KPI2,MTBF (Mean Time Between Failures),P2,2026-02-04,10512.0,8760,0.18,hours,healthy
440009,P2-KPI2,MTBF (Mean Time Between Failures),P2,2026-02-11,10512.0,8760,0.18,hours,healthy
440009,P2-KPI2,MTBF (Mean Time Between Failures),P2,2026-02-18,10512.0,8760,0.18,hours,healthy
440009,P2-KPI2,MTBF (Mean Time Between Failures),P2,2026-02-25,10512.0,8760,0.18,hours,healthy
440009,P2-KPI2,MTBF (Mean Time Between Failures),P2,2026-03-04,10512.0,8760,0.18,hours,healthy
440009,P2-KPI2,MTBF (Mean Time Between Failures),P2,2026-03-11,10512.0,8760,0.18,hours,healthy
440009,P2-KPI2,MTBF (Mean Time Between Failures),P2,2026-03-18,10512.0,8760,0.18,hours,healthy
440009,P2-KPI2,MTBF (Mean Time Between Failures),P2,2026-03-25,10512.0,8760,0.18,hours,healthy
440009,P2-KPI3,Critical Incidents (30d),P2,2026-01-28,1.5,3,0.17,count,risk
440009,P2-KPI3,Critical Incidents (30d),P2,2026-02-04,1.5,3,0.17,count,risk
440009,P2-KPI3,Critical Incidents (30d),P2,2026-02-11,1.5,3,0.17,count,risk
440009,P2-KPI3,Critical Incidents (30d),P2,2026-02-18,1.5,3,0.17,count,risk
440009,P2-KPI3,Critical Incidents (30d),P2,2026-02-25,1.5,3,0.17,count,risk
440009,P2-KPI3,Critical Incidents (30d),P2,2026-03-04,1.5,3,0.17,count,risk
440009,P2-KPI3,Critical Incidents (30d),P2,2026-03-11,1.5,3,0.17,count,risk
440009,P2-KPI3,Critical Incidents (30d),P2,2026-03-18,1.5,3,0.17,count,risk
440009,P2-KPI3,Critical Incidents (30d),P2,2026-03-25,1.5,3,0.17,count,risk
440009,P2-KPI4,System Uptime Percentage,P2,2026-01-28,100.88,99.5,0.15,percentage,healthy
440009,P2-KPI4,System Uptime Percentage,P2,2026-02-04,106.43,99.5,0.15,percentage,healthy
440009,P2-KPI4,System Uptime Percentage,P2,2026-02-11,99.6,99.5,0.15,percentage,healthy
440009,P2-KPI4,System Uptime Percentage,P2,2026-02-18,102.28,99.5,0.15,percentage,healthy
440009,P2-KPI4,System Uptime Percentage,P2,2026-02-25,103.93,99.5,0.15,percentage,healthy
440009,P2-KPI4,System Uptime Percentage,P2,2026-03-04,108.47,99.5,0.15,percentage,healthy
440009,P2-KPI4,System Uptime Percentage,P2,2026-03-11,115.64,99.5,0.15,percentage,healthy
440009,P2-KPI4,System Uptime Percentage,P2,2026-03-18,117.05,99.5,0.15,percentage,healthy
440009,P2-KPI4,System Uptime Percentage,P2,2026-03-25,113.75,99.5,0.15,percentage,healthy
440009,P3-KPI1,GPU Utilization Rate,P3,2026-01-28,72.1,65,0.22,percentage,healthy
440009,P3-KPI1,GPU Utilization Rate,P3,2026-02-04,74.06,65,0.22,percentage,healthy
440009,P3-KPI1,GPU Utilization Rate,P3,2026-02-11,71.99,65,0.22,percentage,healthy
440009,P3-KPI1,GPU Utilization Rate,P3,2026-02-18,76.39,65,0.22,percentage,healthy
440009,P3-KPI1,GPU Utilization Rate,P3,2026-02-25,76.68,65,0.22,percentage,healthy
440009,P3-KPI1,GPU Utilization Rate,P3,2026-03-04,74.74,65,0.22,percentage,healthy
440009,P3-KPI1,GPU Utilization Rate,P3,2026-03-11,76.84,65,0.22,percentage,healthy
440009,P3-KPI1,GPU Utilization Rate,P3,2026-03-18,78.0,65,0.22,percentage,healthy
440009,P3-KPI1,GPU Utilization Rate,P3,2026-03-25,78.0,65,0.22,percentage,healthy
440009,P3-KPI2,Training Job Completion Rate,P3,2026-01-28,95.59,90,0.2,percentage,healthy
440009,P3-KPI2,Training Job Completion Rate,P3,2026-02-04,93.17,90,0.2,percentage,healthy
440009,P3-KPI2,Training Job Completion Rate,P3,2026-02-11,93.68,90,0.2,percentage,healthy
440009,P3-KPI2,Training Job Completion Rate,P3,2026-02-18,94.34,90,0.2,percentage,healthy
440009,P3-KPI2,Training Job Completion Rate,P3,2026-02-25,100.02,90,0.2,percentage,healthy
440009,P3-KPI2,Training Job Completion Rate,P3,2026-03-04,98.88,90,0.2,percentage,healthy
440009,P3-KPI2,Training Job Completion Rate,P3,2026-03-11,103.43,90,0.2,percentage,healthy
440009,P3-KPI2,Training Job Completion Rate,P3,2026-03-18,99.78,90,0.2,percentage,healthy
440009,P3-KPI2,Training Job Completion Rate,P3,2026-03-25,105.75,90,0.2,percentage,healthy
440009,P3-KPI3,Inference Latency (P95),P3,2026-01-28,37.71,50,0.15,milliseconds,healthy
440009,P3-KPI3,Inference Latency (P95),P3,2026-02-04,39.66,50,0.15,milliseconds,healthy
440009,P3-KPI3,Inference Latency (P95),P3,2026-02-11,38.24,50,0.15,milliseconds,healthy
440009,P3-KPI3,Inference Latency (P95),P3,2026-02-18,36.0,50,0.15,milliseconds,healthy
440009,P3-KPI3,Inference Latency (P95),P3,2026-02-25,35.59,50,0.15,milliseconds,healthy
440009,P3-KPI3,Inference Latency (P95),P3,2026-03-04,36.09,50,0.15,milliseconds,healthy
440009,P3-KPI3,Inference Latency (P95),P3,2026-03-11,36.71,50,0.15,milliseconds,healthy
440009,P3-KPI3,Inference Latency (P95),P3,2026-03-18,34.74,50,0.15,milliseconds,healthy
440009,P3-KPI3,Inference Latency (P95),P3,2026-03-25,32.17,50,0.15,milliseconds,healthy
440009,P3-KPI4,Model Training Time,P3,2026-01-28,20.21,24,0.14,hours,healthy
440009,P3-KPI4,Model Training Time,P3,2026-02-04,18.16,24,0.14,hours,healthy
440009,P3-KPI4,Model Training Time,P3,2026-02-11,18.65,24,0.14,hours,healthy
440009,P3-KPI4,Model Training Time,P3,2026-02-18,17.34,24,0.14,hours,healthy
440009,P3-KPI4,Model Training Time,P3,2026-02-25,17.53,24,0.14,hours,healthy
440009,P3-KPI4,Model Training Time,P3,2026-03-04,17.93,24,0.14,hours,healthy
440009,P3-KPI4,Model Training Time,P3,2026-03-11,16.47,24,0.14,hours,healthy
440009,P3-KPI4,Model Training Time,P3,2026-03-18,16.81,24,0.14,hours,healthy
440009,P3-KPI4,Model Training Time,P3,2026-03-25,15.96,24,0.14,hours,healthy
440009,P4-KPI1,Partner Engagement Score,P4,2026-01-28,74.0,75,0.22,score,risk
440009,P4-KPI1,Partner Engagement Score,P4,2026-02-04,82.11,75,0.22,score,healthy
440009,P4-KPI1,Partner Engagement Score,P4,2026-02-11,82.62,75,0.22,score,healthy
440009,P4-KPI1,Partner Engagement Score,P4,2026-02-18,86.6,75,0.22,score,healthy
440009,P4-KPI1,Partner Engagement Score,P4,2026-02-25,90.0,75,0.22,score,healthy
440009,P4-KPI1,Partner Engagement Score,P4,2026-03-04,84.82,75,0.22,score,healthy
440009,P4-KPI1,Partner Engagement Score,P4,2026-03-11,89.55,75,0.22,score,healthy
440009,P4-KPI1,Partner Engagement Score,P4,2026-03-18,86.3,75,0.22,score,healthy
440009,P4-KPI1,Partner Engagement Score,P4,2026-03-25,90.0,75,0.22,score,healthy
440009,P4-KPI2,VAR Performance Rating,P4,2026-01-28,81.28,80,0.2,score,healthy
440009,P4-KPI2,VAR Performance Rating,P4,2026-02-04,82.31,80,0.2,score,healthy
440009,P4-KPI2,VAR Performance Rating,P4,2026-02-11,87.57,80,0.2,score,healthy
440009,P4-KPI2,VAR Performance Rating,P4,2026-02-18,92.63,80,0.2,score,healthy
440009,P4-KPI2,VAR Performance Rating,P4,2026-02-25,88.57,80,0.2,score,healthy
440009,P4-KPI2,VAR Performance Rating,P4,2026-03-04,91.03,80,0.2,score,healthy
440009,P4-KPI2,VAR Performance Rating,P4,2026-03-11,96.0,80,0.2,score,healthy
440009,P4-KPI2,VAR Performance Rating,P4,2026-03-18,89.18,80,0.2,score,healthy
440009,P4-KPI2,VAR Performance Rating,P4,2026-03-25,94.95,80,0.2,score,healthy
440009,P4-KPI3,Joint QBR Frequency,P4,2026-01-28,4.8,4,0.18,count,healthy
440009,P4-KPI3,Joint QBR Frequency,P4,2026-02-04,4.8,4,0.18,count,healthy
440009,P4-KPI3,Joint QBR Frequency,P4,2026-02-11,4.8,4,0.18,count,healthy
440009,P4-KPI3,Joint QBR Frequency,P4,2026-02-18,4.8,4,0.18,count,healthy
440009,P4-KPI3,Joint QBR Frequency,P4,2026-02-25,4.8,4,0.18,count,healthy
440009,P4-KPI3,Joint QBR Frequency,P4,2026-03-04,4.8,4,0.18,count,healthy
440009,P4-KPI3,Joint QBR Frequency,P4,2026-03-11,4.8,4,0.18,count,healthy
440009,P4-KPI3,Joint QBR Frequency,P4,2026-03-18,4.8,4,0.18,count,healthy
440009,P4-KPI3,Joint QBR Frequency,P4,2026-03-25,4.8,4,0.18,count,healthy
440009,P4-KPI4,Channel Conflict Score,P4,2026-01-28,15.34,20,0.15,score,healthy
440009,P4-KPI4,Channel Conflict Score,P4,2026-02-04,15.9,20,0.15,score,healthy
440009,P4-KPI4,Channel Conflict Score,P4,2026-02-11,16.24,20,0.15,score,healthy
440009,P4-KPI4,Channel Conflict Score,P4,2026-02-18,15.02,20,0.15,score,healthy
440009,P4-KPI4,Channel Conflict Score,P4,2026-02-25,15.37,20,0.15,score,healthy
440009,P4-KPI4,Channel Conflict Score,P4,2026-03-04,14.47,20,0.15,score,healthy
440009,P4-KPI4,Channel Conflict Score,P4,2026-03-11,14.4,20,0.15,score,healthy
440009,P4-KPI4,Channel Conflict Score,P4,2026-03-18,13.88,20,0.15,score,healthy
440009,P4-KPI4,Channel Conflict Score,P4,2026-03-25,13.3,20,0.15,score,healthy
440009,P5-KPI1,Capacity Utilization Rate,P5,2026-01-28,78.58,70,0.18,percentage,healthy
440009,P5-KPI1,Capacity Utilization Rate,P5,2026-02-04,76.93,70,0.18,percentage,healthy
440009,P5-KPI1,Capacity Utilization Rate,P5,2026-02-11,77.03,70,0.18,percentage,healthy
440009,P5-KPI1,Capacity Utilization Rate,P5,2026-02-18,79.85,70,0.18,percentage,healthy
440009,P5-KPI1,Capacity Utilization Rate,P5,2026-02-25,81.28,70,0.18,percentage,healthy
440009,P5-KPI1,Capacity Utilization Rate,P5,2026-03-04,82.22,70,0.18,percentage,healthy
440009,P5-KPI1,Capacity Utilization Rate,P5,2026-03-11,78.65,70,0.18,percentage,healthy
440009,P5-KPI1,Capacity Utilization Rate,P5,2026-03-18,84.0,70,0.18,percentage,healthy
440009,P5-KPI1,Capacity Utilization Rate,P5,2026-03-25,84.0,70,0.18,percentage,healthy
440009,P5-KPI2,Capacity Utilization Trajectory,P5,2026-01-28,6.0,5,0.18,percentage_change,healthy
440009,P5-KPI2,Capacity Utilization Trajectory,P5,2026-02-04,6.0,5,0.18,percentage_change,healthy
440009,P5-KPI2,Capacity Utilization Trajectory,P5,2026-02-11,6.0,5,0.18,percentage_change,healthy
440009,P5-KPI2,Capacity Utilization Trajectory,P5,2026-02-18,6.0,5,0.18,percentage_change,healthy
440009,P5-KPI2,Capacity Utilization Trajectory,P5,2026-02-25,6.0,5,0.18,percentage_change,healthy
440009,P5-KPI2,Capacity Utilization Trajectory,P5,2026-03-04,6.0,5,0.18,percentage_change,healthy
440009,P5-KPI2,Capacity Utilization Trajectory,P5,2026-03-11,6.0,5,0.18,percentage_change,healthy
440009,P5-KPI2,Capacity Utilization Trajectory,P5,2026-03-18,6.0,5,0.18,percentage_change,healthy
440009,P5-KPI2,Capacity Utilization Trajectory,P5,2026-03-25,6.0,5,0.18,percentage_change,healthy
440009,P5-KPI3,Workload Growth Velocity,P5,2026-01-28,12.0,10,0.18,percentage_change,healthy
440009,P5-KPI3,Workload Growth Velocity,P5,2026-02-04,12.0,10,0.18,percentage_change,healthy
440009,P5-KPI3,Workload Growth Velocity,P5,2026-02-11,12.0,10,0.18,percentage_change,healthy
440009,P5-KPI3,Workload Growth Velocity,P5,2026-02-18,12.0,10,0.18,percentage_change,healthy
440009,P5-KPI3,Workload Growth Velocity,P5,2026-02-25,12.0,10,0.18,percentage_change,healthy
440009,P5-KPI3,Workload Growth Velocity,P5,2026-03-04,12.0,10,0.18,percentage_change,healthy
440009,P5-KPI3,Workload Growth Velocity,P5,2026-03-11,12.0,10,0.18,percentage_change,healthy
440009,P5-KPI3,Workload Growth Velocity,P5,2026-03-18,12.0,10,0.18,percentage_change,healthy
440009,P5-KPI3,Workload Growth Velocity,P5,2026-03-25,12.0,10,0.18,percentage_change,healthy
440009,P5-KPI4,Compute Hour Consumption Trend,P5,2026-01-28,18.0,15,0.15,percentage_change,healthy
440009,P5-KPI4,Compute Hour Consumption Trend,P5,2026-02-04,18.0,15,0.15,percentage_change,healthy
440009,P5-KPI4,Compute Hour Consumption Trend,P5,2026-02-11,18.0,15,0.15,percentage_change,healthy
440009,P5-KPI4,Compute Hour Consumption Trend,P5,2026-02-18,18.0,15,0.15,percentage_change,healthy
440009,P5-KPI4,Compute Hour Consumption Trend,P5,2026-02-25,18.0,15,0.15,percentage_change,healthy
440009,P5-KPI4,Compute Hour Consumption Trend,P5,2026-03-04,18.0,15,0.15,percentage_change,healthy
440009,P5-KPI4,Compute Hour Consumption Trend,P5,2026-03-11,18.0,15,0.15,percentage_change,healthy
440009,P5-KPI4,Compute Hour Consumption Trend,P5,2026-03-18,18.0,15,0.15,percentage_change,healthy
440009,P5-KPI4,Compute Hour Consumption Trend,P5,2026-03-25,18.0,15,0.15,percentage_change,healthy
440010,P1-KPI1,Time-to-First-Workload,P1,2026-01-28,10.34,14,0.2,days,healthy
440010,P1-KPI1,Time-to-First-Workload,P1,2026-02-04,10.62,14,0.2,days,healthy
440010,P1-KPI1,Time-to-First-Workload,P1,2026-02-11,10.23,14,0.2,days,healthy
440010,P1-KPI1,Time-to-First-Workload,P1,2026-02-18,10.25,14,0.2,days,healthy
440010,P1-KPI1,Time-to-First-Workload,P1,2026-02-25,9.96,14,0.2,days,healthy
440010,P1-KPI1,Time-to-First-Workload,P1,2026-03-04,10.62,14,0.2,days,healthy
440010,P1-KPI1,Time-to-First-Workload,P1,2026-03-11,10.79,14,0.2,days,healthy
440010,P1-KPI1,Time-to-First-Workload,P1,2026-03-18,10.62,14,0.2,days,healthy
440010,P1-KPI1,Time-to-First-Workload,P1,2026-03-25,9.78,14,0.2,days,healthy
440010,P1-KPI2,Installation Completion Rate,P1,2026-01-28,93.73,90,0.15,percentage,healthy
440010,P1-KPI2,Installation Completion Rate,P1,2026-02-04,96.26,90,0.15,percentage,healthy
440010,P1-KPI2,Installation Completion Rate,P1,2026-02-11,96.71,90,0.15,percentage,healthy
440010,P1-KPI2,Installation Completion Rate,P1,2026-02-18,89.9,90,0.15,percentage,risk
440010,P1-KPI2,Installation Completion Rate,P1,2026-02-25,93.0,90,0.15,percentage,healthy
440010,P1-KPI2,Installation Completion Rate,P1,2026-03-04,93.05,90,0.15,percentage,healthy
440010,P1-KPI2,Installation Completion Rate,P1,2026-03-11,93.35,90,0.15,percentage,healthy
440010,P1-KPI2,Installation Completion Rate,P1,2026-03-18,92.64,90,0.15,percentage,healthy
440010,P1-KPI2,Installation Completion Rate,P1,2026-03-25,93.92,90,0.15,percentage,healthy
440010,P1-KPI4,Deployment Cycle Time,P1,2026-01-28,22.57,30,0.15,days,healthy
440010,P1-KPI4,Deployment Cycle Time,P1,2026-02-04,21.33,30,0.15,days,healthy
440010,P1-KPI4,Deployment Cycle Time,P1,2026-02-11,22.61,30,0.15,days,healthy
440010,P1-KPI4,Deployment Cycle Time,P1,2026-02-18,23.01,30,0.15,days,healthy
440010,P1-KPI4,Deployment Cycle Time,P1,2026-02-25,21.96,30,0.15,days,healthy
440010,P1-KPI4,Deployment Cycle Time,P1,2026-03-04,20.44,30,0.15,days,healthy
440010,P1-KPI4,Deployment Cycle Time,P1,2026-03-11,21.54,30,0.15,days,healthy
440010,P1-KPI4,Deployment Cycle Time,P1,2026-03-18,21.01,30,0.15,days,healthy
440010,P1-KPI4,Deployment Cycle Time,P1,2026-03-25,21.96,30,0.15,days,healthy
440010,P1-KPI5,Hardware Commissioning Time,P1,2026-01-28,5.54,7,0.13,days,healthy
440010,P1-KPI5,Hardware Commissioning Time,P1,2026-02-04,5.1,7,0.13,days,healthy
440010,P1-KPI5,Hardware Commissioning Time,P1,2026-02-11,5.17,7,0.13,days,healthy
440010,P1-KPI5,Hardware Commissioning Time,P1,2026-02-18,4.78,7,0.13,days,healthy
440010,P1-KPI5,Hardware Commissioning Time,P1,2026-02-25,4.86,7,0.13,days,healthy
440010,P1-KPI5,Hardware Commissioning Time,P1,2026-03-04,4.94,7,0.13,days,healthy
440010,P1-KPI5,Hardware Commissioning Time,P1,2026-03-11,4.92,7,0.13,days,healthy
440010,P1-KPI5,Hardware Commissioning Time,P1,2026-03-18,4.96,7,0.13,days,healthy
440010,P1-KPI5,Hardware Commissioning Time,P1,2026-03-25,5.06,7,0.13,days,healthy
440010,P2-KPI1,RMA Frequency Rate,P2,2026-01-28,1.3,2.6,0.2,percentage,risk
440010,P2-KPI1,RMA Frequency Rate,P2,2026-02-04,1.3,2.6,0.2,percentage,risk
440010,P2-KPI1,RMA Frequency Rate,P2,2026-02-11,1.3,2.6,0.2,percentage,risk
440010,P2-KPI1,RMA Frequency Rate,P2,2026-02-18,1.3,2.6,0.2,percentage,risk
440010,P2-KPI1,RMA Frequency Rate,P2,2026-02-25,1.3,2.6,0.2,percentage,risk
440010,P2-KPI1,RMA Frequency Rate,P2,2026-03-04,1.3,2.6,0.2,percentage,risk
440010,P2-KPI1,RMA Frequency Rate,P2,2026-03-11,1.3,2.6,0.2,percentage,risk
440010,P2-KPI1,RMA Frequency Rate,P2,2026-03-18,1.3,2.6,0.2,percentage,risk
440010,P2-KPI1,RMA Frequency Rate,P2,2026-03-25,1.3,2.6,0.2,percentage,risk
440010,P2-KPI2,MTBF (Mean Time Between Failures),P2,2026-01-28,10512.0,8760,0.18,hours,healthy
440010,P2-KPI2,MTBF (Mean Time Between Failures),P2,2026-02-04,10512.0,8760,0.18,hours,healthy
440010,P2-KPI2,MTBF (Mean Time Between Failures),P2,2026-02-11,10512.0,8760,0.18,hours,healthy
440010,P2-KPI2,MTBF (Mean Time Between Failures),P2,2026-02-18,10512.0,8760,0.18,hours,healthy
440010,P2-KPI2,MTBF (Mean Time Between Failures),P2,2026-02-25,10512.0,8760,0.18,hours,healthy
440010,P2-KPI2,MTBF (Mean Time Between Failures),P2,2026-03-04,10512.0,8760,0.18,hours,healthy
440010,P2-KPI2,MTBF (Mean Time Between Failures),P2,2026-03-11,10512.0,8760,0.18,hours,healthy
440010,P2-KPI2,MTBF (Mean Time Between Failures),P2,2026-03-18,10512.0,8760,0.18,hours,healthy
440010,P2-KPI2,MTBF (Mean Time Between Failures),P2,2026-03-25,10512.0,8760,0.18,hours,healthy
440010,P2-KPI3,Critical Incidents (30d),P2,2026-01-28,1.5,3,0.17,count,risk
440010,P2-KPI3,Critical Incidents (30d),P2,2026-02-04,1.5,3,0.17,count,risk
440010,P2-KPI3,Critical Incidents (30d),P2,2026-02-11,1.5,3,0.17,count,risk
440010,P2-KPI3,Critical Incidents (30d),P2,2026-02-18,1.5,3,0.17,count,risk
440010,P2-KPI3,Critical Incidents (30d),P2,2026-02-25,1.5,3,0.17,count,risk
440010,P2-KPI3,Critical Incidents (30d),P2,2026-03-04,1.5,3,0.17,count,risk
440010,P2-KPI3,Critical Incidents (30d),P2,2026-03-11,1.5,3,0.17,count,risk
440010,P2-KPI3,Critical Incidents (30d),P2,2026-03-18,1.5,3,0.17,count,risk
440010,P2-KPI3,Critical Incidents (30d),P2,2026-03-25,1.5,3,0.17,count,risk
440010,P2-KPI4,System Uptime Percentage,P2,2026-01-28,96.12,99.5,0.15,percentage,critical
440010,P2-KPI4,System Uptime Percentage,P2,2026-02-04,100.28,99.5,0.15,percentage,healthy
440010,P2-KPI4,System Uptime Percentage,P2,2026-02-11,96.36,99.5,0.15,percentage,critical
440010,P2-KPI4,System Uptime Percentage,P2,2026-02-18,100.59,99.5,0.15,percentage,healthy
440010,P2-KPI4,System Uptime Percentage,P2,2026-02-25,99.5,99.5,0.15,percentage,healthy
440010,P2-KPI4,System Uptime Percentage,P2,2026-03-04,106.09,99.5,0.15,percentage,healthy
440010,P2-KPI4,System Uptime Percentage,P2,2026-03-11,98.9,99.5,0.15,percentage,risk
440010,P2-KPI4,System Uptime Percentage,P2,2026-03-18,95.43,99.5,0.15,percentage,critical
440010,P2-KPI4,System Uptime Percentage,P2,2026-03-25,99.07,99.5,0.15,percentage,risk
440010,P3-KPI1,GPU Utilization Rate,P3,2026-01-28,75.18,65,0.22,percentage,healthy
440010,P3-KPI1,GPU Utilization Rate,P3,2026-02-04,72.32,65,0.22,percentage,healthy
440010,P3-KPI1,GPU Utilization Rate,P3,2026-02-11,69.67,65,0.22,percentage,healthy
440010,P3-KPI1,GPU Utilization Rate,P3,2026-02-18,75.01,65,0.22,percentage,healthy
440010,P3-KPI1,GPU Utilization Rate,P3,2026-02-25,74.5,65,0.22,percentage,healthy
440010,P3-KPI1,GPU Utilization Rate,P3,2026-03-04,70.51,65,0.22,percentage,healthy
440010,P3-KPI1,GPU Utilization Rate,P3,2026-03-11,78.0,65,0.22,percentage,healthy
440010,P3-KPI1,GPU Utilization Rate,P3,2026-03-18,78.0,65,0.22,percentage,healthy
440010,P3-KPI1,GPU Utilization Rate,P3,2026-03-25,72.14,65,0.22,percentage,healthy
440010,P3-KPI2,Training Job Completion Rate,P3,2026-01-28,87.81,90,0.2,percentage,risk
440010,P3-KPI2,Training Job Completion Rate,P3,2026-02-04,98.5,90,0.2,percentage,healthy
440010,P3-KPI2,Training Job Completion Rate,P3,2026-02-11,93.48,90,0.2,percentage,healthy
440010,P3-KPI2,Training Job Completion Rate,P3,2026-02-18,93.17,90,0.2,percentage,healthy
440010,P3-KPI2,Training Job Completion Rate,P3,2026-02-25,90.22,90,0.2,percentage,healthy
440010,P3-KPI2,Training Job Completion Rate,P3,2026-03-04,90.9,90,0.2,percentage,healthy
440010,P3-KPI2,Training Job Completion Rate,P3,2026-03-11,88.98,90,0.2,percentage,risk
440010,P3-KPI2,Training Job Completion Rate,P3,2026-03-18,94.23,90,0.2,percentage,healthy
440010,P3-KPI2,Training Job Completion Rate,P3,2026-03-25,89.98,90,0.2,percentage,risk
440010,P3-KPI3,Inference Latency (P95),P3,2026-01-28,35.85,50,0.15,milliseconds,healthy
440010,P3-KPI3,Inference Latency (P95),P3,2026-02-04,36.91,50,0.15,milliseconds,healthy
440010,P3-KPI3,Inference Latency (P95),P3,2026-02-11,38.11,50,0.15,milliseconds,healthy
440010,P3-KPI3,Inference Latency (P95),P3,2026-02-18,37.47,50,0.15,milliseconds,healthy
440010,P3-KPI3,Inference Latency (P95),P3,2026-02-25,36.31,50,0.15,milliseconds,healthy
440010,P3-KPI3,Inference Latency (P95),P3,2026-03-04,36.63,50,0.15,milliseconds,healthy
440010,P3-KPI3,Inference Latency (P95),P3,2026-03-11,36.93,50,0.15,milliseconds,healthy
440010,P3-KPI3,Inference Latency (P95),P3,2026-03-18,36.11,50,0.15,milliseconds,healthy
440010,P3-KPI3,Inference Latency (P95),P3,2026-03-25,37.64,50,0.15,milliseconds,healthy
440010,P3-KPI4,Model Training Time,P3,2026-01-28,18.05,24,0.14,hours,healthy
440010,P3-KPI4,Model Training Time,P3,2026-02-04,17.92,24,0.14,hours,healthy
440010,P3-KPI4,Model Training Time,P3,2026-02-11,17.48,24,0.14,hours,healthy
440010,P3-KPI4,Model Training Time,P3,2026-02-18,17.93,24,0.14,hours,healthy
440010,P3-KPI4,Model Training Time,P3,2026-02-25,17.72,24,0.14,hours,healthy
440010,P3-KPI4,Model Training Time,P3,2026-03-04,17.01,24,0.14,hours,healthy
440010,P3-KPI4,Model Training Time,P3,2026-03-11,17.22,24,0.14,hours,healthy
440010,P3-KPI4,Model Training Time,P3,2026-03-18,18.82,24,0.14,hours,healthy
440010,P3-KPI4,Model Training Time,P3,2026-03-25,18.56,24,0.14,hours,healthy
440010,P4-KPI1,Partner Engagement Score,P4,2026-01-28,83.34,75,0.22,score,healthy
440010,P4-KPI1,Partner Engagement Score,P4,2026-02-04,77.54,75,0.22,score,healthy
440010,P4-KPI1,Partner Engagement Score,P4,2026-02-11,76.28,75,0.22,score,healthy
440010,P4-KPI1,Partner Engagement Score,P4,2026-02-18,77.66,75,0.22,score,healthy
440010,P4-KPI1,Partner Engagement Score,P4,2026-02-25,82.28,75,0.22,score,healthy
440010,P4-KPI1,Partner Engagement Score,P4,2026-03-04,83.17,75,0.22,score,healthy
440010,P4-KPI1,Partner Engagement Score,P4,2026-03-11,81.25,75,0.22,score,healthy
440010,P4-KPI1,Partner Engagement Score,P4,2026-03-18,83.54,75,0.22,score,healthy
440010,P4-KPI1,Partner Engagement Score,P4,2026-03-25,80.49,75,0.22,score,healthy
440010,P4-KPI2,VAR Performance Rating,P4,2026-01-28,81.88,80,0.2,score,healthy
440010,P4-KPI2,VAR Performance Rating,P4,2026-02-04,83.14,80,0.2,score,healthy
440010,P4-KPI2,VAR Performance Rating,P4,2026-02-11,87.68,80,0.2,score,healthy
440010,P4-KPI2,VAR Performance Rating,P4,2026-02-18,88.45,80,0.2,score,healthy
440010,P4-KPI2,VAR Performance Rating,P4,2026-02-25,84.86,80,0.2,score,healthy
440010,P4-KPI2,VAR Performance Rating,P4,2026-03-04,83.17,80,0.2,score,healthy
440010,P4-KPI2,VAR Performance Rating,P4,2026-03-11,83.1,80,0.2,score,healthy
440010,P4-KPI2,VAR Performance Rating,P4,2026-03-18,87.29,80,0.2,score,healthy
440010,P4-KPI2,VAR Performance Rating,P4,2026-03-25,83.94,80,0.2,score,healthy
440010,P4-KPI3,Joint QBR Frequency,P4,2026-01-28,4.8,4,0.18,count,healthy
440010,P4-KPI3,Joint QBR Frequency,P4,2026-02-04,4.8,4,0.18,count,healthy
440010,P4-KPI3,Joint QBR Frequency,P4,2026-02-11,4.8,4,0.18,count,healthy
440010,P4-KPI3,Joint QBR Frequency,P4,2026-02-18,4.8,4,0.18,count,healthy
440010,P4-KPI3,Joint QBR Frequency,P4,2026-02-25,4.8,4,0.18,count,healthy
440010,P4-KPI3,Joint QBR Frequency,P4,2026-03-04,4.8,4,0.18,count,healthy
440010,P4-KPI3,Joint QBR Frequency,P4,2026-03-11,4.8,4,0.18,count,healthy
440010,P4-KPI3,Joint QBR Frequency,P4,2026-03-18,4.8,4,0.18,count,healthy
440010,P4-KPI3,Joint QBR Frequency,P4,2026-03-25,4.8,4,0.18,count,healthy
440010,P4-KPI4,Channel Conflict Score,P4,2026-01-28,15.28,20,0.15,score,healthy
440010,P4-KPI4,Channel Conflict Score,P4,2026-02-04,14.7,20,0.15,score,healthy
440010,P4-KPI4,Channel Conflict Score,P4,2026-02-11,15.28,20,0.15,score,healthy
440010,P4-KPI4,Channel Conflict Score,P4,2026-02-18,14.85,20,0.15,score,healthy
440010,P4-KPI4,Channel Conflict Score,P4,2026-02-25,15.18,20,0.15,score,healthy
440010,P4-KPI4,Channel Conflict Score,P4,2026-03-04,15.1,20,0.15,score,healthy
440010,P4-KPI4,Channel Conflict Score,P4,2026-03-11,14.56,20,0.15,score,healthy
440010,P4-KPI4,Channel Conflict Score,P4,2026-03-18,14.59,20,0.15,score,healthy
440010,P4-KPI4,Channel Conflict Score,P4,2026-03-25,14.43,20,0.15,score,healthy
440010,P5-KPI1,Capacity Utilization Rate,P5,2026-01-28,76.92,70,0.18,percentage,healthy
440010,P5-KPI1,Capacity Utilization Rate,P5,2026-02-04,74.32,70,0.18,percentage,healthy
440010,P5-KPI1,Capacity Utilization Rate,P5,2026-02-11,74.12,70,0.18,percentage,healthy
440010,P5-KPI1,Capacity Utilization Rate,P5,2026-02-18,75.93,70,0.18,percentage,healthy
440010,P5-KPI1,Capacity Utilization Rate,P5,2026-02-25,80.67,70,0.18,percentage,healthy
440010,P5-KPI1,Capacity Utilization Rate,P5,2026-03-04,74.53,70,0.18,percentage,healthy
440010,P5-KPI1,Capacity Utilization Rate,P5,2026-03-11,73.74,70,0.18,percentage,healthy
440010,P5-KPI1,Capacity Utilization Rate,P5,2026-03-18,77.67,70,0.18,percentage,healthy
440010,P5-KPI1,Capacity Utilization Rate,P5,2026-03-25,79.79,70,0.18,percentage,healthy
440010,P5-KPI2,Capacity Utilization Trajectory,P5,2026-01-28,6.0,5,0.18,percentage_change,healthy
440010,P5-KPI2,Capacity Utilization Trajectory,P5,2026-02-04,6.0,5,0.18,percentage_change,healthy
440010,P5-KPI2,Capacity Utilization Trajectory,P5,2026-02-11,6.0,5,0.18,percentage_change,healthy
440010,P5-KPI2,Capacity Utilization Trajectory,P5,2026-02-18,6.0,5,0.18,percentage_change,healthy
440010,P5-KPI2,Capacity Utilization Trajectory,P5,2026-02-25,6.0,5,0.18,percentage_change,healthy
440010,P5-KPI2,Capacity Utilization Trajectory,P5,2026-03-04,6.0,5,0.18,percentage_change,healthy
440010,P5-KPI2,Capacity Utilization Trajectory,P5,2026-03-11,6.0,5,0.18,percentage_change,healthy
440010,P5-KPI2,Capacity Utilization Trajectory,P5,2026-03-18,6.0,5,0.18,percentage_change,healthy
440010,P5-KPI2,Capacity Utilization Trajectory,P5,2026-03-25,6.0,5,0.18,percentage_change,healthy
440010,P5-KPI3,Workload Growth Velocity,P5,2026-01-28,12.0,10,0.18,percentage_change,healthy
440010,P5-KPI3,Workload Growth Velocity,P5,2026-02-04,12.0,10,0.18,percentage_change,healthy
440010,P5-KPI3,Workload Growth Velocity,P5,2026-02-11,12.0,10,0.18,percentage_change,healthy
440010,P5-KPI3,Workload Growth Velocity,P5,2026-02-18,12.0,10,0.18,percentage_change,healthy
440010,P5-KPI3,Workload Growth Velocity,P5,2026-02-25,12.0,10,0.18,percentage_change,healthy
440010,P5-KPI3,Workload Growth Velocity,P5,2026-03-04,12.0,10,0.18,percentage_change,healthy
440010,P5-KPI3,Workload Growth Velocity,P5,2026-03-11,12.0,10,0.18,percentage_change,healthy
440010,P5-KPI3,Workload Growth Velocity,P5,2026-03-18,12.0,10,0.18,percentage_change,healthy
440010,P5-KPI3,Workload Growth Velocity,P5,2026-03-25,12.0,10,0.18,percentage_change,healthy
440010,P5-KPI4,Compute Hour Consumption Trend,P5,2026-01-28,18.0,15,0.15,percentage_change,healthy
440010,P5-KPI4,Compute Hour Consumption Trend,P5,2026-02-04,18.0,15,0.15,percentage_change,healthy
440010,P5-KPI4,Compute Hour Consumption Trend,P5,2026-02-11,18.0,15,0.15,percentage_change,healthy
440010,P5-KPI4,Compute Hour Consumption Trend,P5,2026-02-18,18.0,15,0.15,percentage_change,healthy
440010,P5-KPI4,Compute Hour Consumption Trend,P5,2026-02-25,18.0,15,0.15,percentage_change,healthy
440010,P5-KPI4,Compute Hour Consumption Trend,P5,2026-03-04,18.0,15,0.15,percentage_change,healthy
440010,P5-KPI4,Compute Hour Consumption Trend,P5,2026-03-11,18.0,15,0.15,percentage_change,healthy
440010,P5-KPI4,Compute Hour Consumption Trend,P5,2026-03-18,18.0,15,0.15,percentage_change,healthy
440010,P5-KPI4,Compute Hour Consumption Trend,P5,2026-03-25,18.0,15,0.15,percentage_change,healthy
440011,P1-KPI1,Time-to-First-Workload,P1,2026-01-28,9.35,14,0.2,days,healthy
440011,P1-KPI1,Time-to-First-Workload,P1,2026-02-04,9.27,14,0.2,days,healthy
440011,P1-KPI1,Time-to-First-Workload,P1,2026-02-11,8.69,14,0.2,days,healthy
440011,P1-KPI1,Time-to-First-Workload,P1,2026-02-18,8.58,14,0.2,days,healthy
440011,P1-KPI1,Time-to-First-Workload,P1,2026-02-25,8.07,14,0.2,days,healthy
440011,P1-KPI1,Time-to-First-Workload,P1,2026-03-04,8.08,14,0.2,days,healthy
440011,P1-KPI1,Time-to-First-Workload,P1,2026-03-11,8.12,14,0.2,days,healthy
440011,P1-KPI1,Time-to-First-Workload,P1,2026-03-18,8.41,14,0.2,days,healthy
440011,P1-KPI1,Time-to-First-Workload,P1,2026-03-25,7.99,14,0.2,days,healthy
440011,P1-KPI2,Installation Completion Rate,P1,2026-01-28,90.34,90,0.15,percentage,healthy
440011,P1-KPI2,Installation Completion Rate,P1,2026-02-04,95.58,90,0.15,percentage,healthy
440011,P1-KPI2,Installation Completion Rate,P1,2026-02-11,100.49,90,0.15,percentage,healthy
440011,P1-KPI2,Installation Completion Rate,P1,2026-02-18,97.24,90,0.15,percentage,healthy
440011,P1-KPI2,Installation Completion Rate,P1,2026-02-25,101.69,90,0.15,percentage,healthy
440011,P1-KPI2,Installation Completion Rate,P1,2026-03-04,99.51,90,0.15,percentage,healthy
440011,P1-KPI2,Installation Completion Rate,P1,2026-03-11,102.27,90,0.15,percentage,healthy
440011,P1-KPI2,Installation Completion Rate,P1,2026-03-18,105.95,90,0.15,percentage,healthy
440011,P1-KPI2,Installation Completion Rate,P1,2026-03-25,104.67,90,0.15,percentage,healthy
440011,P1-KPI4,Deployment Cycle Time,P1,2026-01-28,20.01,30,0.15,days,healthy
440011,P1-KPI4,Deployment Cycle Time,P1,2026-02-04,19.86,30,0.15,days,healthy
440011,P1-KPI4,Deployment Cycle Time,P1,2026-02-11,19.19,30,0.15,days,healthy
440011,P1-KPI4,Deployment Cycle Time,P1,2026-02-18,19.43,30,0.15,days,healthy
440011,P1-KPI4,Deployment Cycle Time,P1,2026-02-25,18.57,30,0.15,days,healthy
440011,P1-KPI4,Deployment Cycle Time,P1,2026-03-04,17.82,30,0.15,days,healthy
440011,P1-KPI4,Deployment Cycle Time,P1,2026-03-11,17.36,30,0.15,days,healthy
440011,P1-KPI4,Deployment Cycle Time,P1,2026-03-18,17.69,30,0.15,days,healthy
440011,P1-KPI4,Deployment Cycle Time,P1,2026-03-25,18.02,30,0.15,days,healthy
440011,P1-KPI5,Hardware Commissioning Time,P1,2026-01-28,4.85,7,0.13,days,healthy
440011,P1-KPI5,Hardware Commissioning Time,P1,2026-02-04,4.36,7,0.13,days,healthy
440011,P1-KPI5,Hardware Commissioning Time,P1,2026-02-11,4.57,7,0.13,days,healthy
440011,P1-KPI5,Hardware Commissioning Time,P1,2026-02-18,4.45,7,0.13,days,healthy
440011,P1-KPI5,Hardware Commissioning Time,P1,2026-02-25,4.35,7,0.13,days,healthy
440011,P1-KPI5,Hardware Commissioning Time,P1,2026-03-04,4.08,7,0.13,days,healthy
440011,P1-KPI5,Hardware Commissioning Time,P1,2026-03-11,4.21,7,0.13,days,healthy
440011,P1-KPI5,Hardware Commissioning Time,P1,2026-03-18,4.0,7,0.13,days,healthy
440011,P1-KPI5,Hardware Commissioning Time,P1,2026-03-25,3.96,7,0.13,days,healthy
440011,P2-KPI1,RMA Frequency Rate,P2,2026-01-28,1.3,2.6,0.2,percentage,risk
440011,P2-KPI1,RMA Frequency Rate,P2,2026-02-04,1.3,2.6,0.2,percentage,risk
440011,P2-KPI1,RMA Frequency Rate,P2,2026-02-11,1.3,2.6,0.2,percentage,risk
440011,P2-KPI1,RMA Frequency Rate,P2,2026-02-18,1.3,2.6,0.2,percentage,risk
440011,P2-KPI1,RMA Frequency Rate,P2,2026-02-25,1.3,2.6,0.2,percentage,risk
440011,P2-KPI1,RMA Frequency Rate,P2,2026-03-04,1.3,2.6,0.2,percentage,risk
440011,P2-KPI1,RMA Frequency Rate,P2,2026-03-11,1.3,2.6,0.2,percentage,risk
440011,P2-KPI1,RMA Frequency Rate,P2,2026-03-18,1.3,2.6,0.2,percentage,risk
440011,P2-KPI1,RMA Frequency Rate,P2,2026-03-25,1.3,2.6,0.2,percentage,risk
440011,P2-KPI2,MTBF (Mean Time Between Failures),P2,2026-01-28,10512.0,8760,0.18,hours,healthy
440011,P2-KPI2,MTBF (Mean Time Between Failures),P2,2026-02-04,10512.0,8760,0.18,hours,healthy
440011,P2-KPI2,MTBF (Mean Time Between Failures),P2,2026-02-11,10512.0,8760,0.18,hours,healthy
440011,P2-KPI2,MTBF (Mean Time Between Failures),P2,2026-02-18,10512.0,8760,0.18,hours,healthy
440011,P2-KPI2,MTBF (Mean Time Between Failures),P2,2026-02-25,10512.0,8760,0.18,hours,healthy
440011,P2-KPI2,MTBF (Mean Time Between Failures),P2,2026-03-04,10512.0,8760,0.18,hours,healthy
440011,P2-KPI2,MTBF (Mean Time Between Failures),P2,2026-03-11,10512.0,8760,0.18,hours,healthy
440011,P2-KPI2,MTBF (Mean Time Between Failures),P2,2026-03-18,10512.0,8760,0.18,hours,healthy
440011,P2-KPI2,MTBF (Mean Time Between Failures),P2,2026-03-25,10512.0,8760,0.18,hours,healthy
440011,P2-KPI3,Critical Incidents (30d),P2,2026-01-28,1.5,3,0.17,count,risk
440011,P2-KPI3,Critical Incidents (30d),P2,2026-02-04,1.5,3,0.17,count,risk
440011,P2-KPI3,Critical Incidents (30d),P2,2026-02-11,1.5,3,0.17,count,risk
440011,P2-KPI3,Critical Incidents (30d),P2,2026-02-18,1.5,3,0.17,count,risk
440011,P2-KPI3,Critical Incidents (30d),P2,2026-02-25,1.5,3,0.17,count,risk
440011,P2-KPI3,Critical Incidents (30d),P2,2026-03-04,1.5,3,0.17,count,risk
440011,P2-KPI3,Critical Incidents (30d),P2,2026-03-11,1.5,3,0.17,count,risk
440011,P2-KPI3,Critical Incidents (30d),P2,2026-03-18,1.5,3,0.17,count,risk
440011,P2-KPI3,Critical Incidents (30d),P2,2026-03-25,1.5,3,0.17,count,risk
440011,P2-KPI4,System Uptime Percentage,P2,2026-01-28,97.45,99.5,0.15,percentage,critical
440011,P2-KPI4,System Uptime Percentage,P2,2026-02-04,101.77,99.5,0.15,percentage,healthy
440011,P2-KPI4,System Uptime Percentage,P2,2026-02-11,103.68,99.5,0.15,percentage,healthy
440011,P2-KPI4,System Uptime Percentage,P2,2026-02-18,100.47,99.5,0.15,percentage,healthy
440011,P2-KPI4,System Uptime Percentage,P2,2026-02-25,110.9,99.5,0.15,percentage,healthy
440011,P2-KPI4,System Uptime Percentage,P2,2026-03-04,104.27,99.5,0.15,percentage,healthy
440011,P2-KPI4,System Uptime Percentage,P2,2026-03-11,115.42,99.5,0.15,percentage,healthy
440011,P2-KPI4,System Uptime Percentage,P2,2026-03-18,109.41,99.5,0.15,percentage,healthy
440011,P2-KPI4,System Uptime Percentage,P2,2026-03-25,115.96,99.5,0.15,percentage,healthy
440011,P3-KPI1,GPU Utilization Rate,P3,2026-01-28,78.0,65,0.22,percentage,healthy
440011,P3-KPI1,GPU Utilization Rate,P3,2026-02-04,75.06,65,0.22,percentage,healthy
440011,P3-KPI1,GPU Utilization Rate,P3,2026-02-11,77.87,65,0.22,percentage,healthy
440011,P3-KPI1,GPU Utilization Rate,P3,2026-02-18,78.0,65,0.22,percentage,healthy
440011,P3-KPI1,GPU Utilization Rate,P3,2026-02-25,78.0,65,0.22,percentage,healthy
440011,P3-KPI1,GPU Utilization Rate,P3,2026-03-04,78.0,65,0.22,percentage,healthy
440011,P3-KPI1,GPU Utilization Rate,P3,2026-03-11,78.0,65,0.22,percentage,healthy
440011,P3-KPI1,GPU Utilization Rate,P3,2026-03-18,78.0,65,0.22,percentage,healthy
440011,P3-KPI1,GPU Utilization Rate,P3,2026-03-25,78.0,65,0.22,percentage,healthy
440011,P3-KPI2,Training Job Completion Rate,P3,2026-01-28,94.8,90,0.2,percentage,healthy
440011,P3-KPI2,Training Job Completion Rate,P3,2026-02-04,94.7,90,0.2,percentage,healthy
440011,P3-KPI2,Training Job Completion Rate,P3,2026-02-11,92.74,90,0.2,percentage,healthy
440011,P3-KPI2,Training Job Completion Rate,P3,2026-02-18,103.64,90,0.2,percentage,healthy
440011,P3-KPI2,Training Job Completion Rate,P3,2026-02-25,99.28,90,0.2,percentage,healthy
440011,P3-KPI2,Training Job Completion Rate,P3,2026-03-04,100.94,90,0.2,percentage,healthy
440011,P3-KPI2,Training Job Completion Rate,P3,2026-03-11,106.08,90,0.2,percentage,healthy
440011,P3-KPI2,Training Job Completion Rate,P3,2026-03-18,106.26,90,0.2,percentage,healthy
440011,P3-KPI2,Training Job Completion Rate,P3,2026-03-25,104.34,90,0.2,percentage,healthy
440011,P3-KPI3,Inference Latency (P95),P3,2026-01-28,33.94,50,0.15,milliseconds,healthy
440011,P3-KPI3,Inference Latency (P95),P3,2026-02-04,32.44,50,0.15,milliseconds,healthy
440011,P3-KPI3,Inference Latency (P95),P3,2026-02-11,32.69,50,0.15,milliseconds,healthy
440011,P3-KPI3,Inference Latency (P95),P3,2026-02-18,31.45,50,0.15,milliseconds,healthy
440011,P3-KPI3,Inference Latency (P95),P3,2026-02-25,30.86,50,0.15,milliseconds,healthy
440011,P3-KPI3,Inference Latency (P95),P3,2026-03-04,30.0,50,0.15,milliseconds,healthy
440011,P3-KPI3,Inference Latency (P95),P3,2026-03-11,29.28,50,0.15,milliseconds,healthy
440011,P3-KPI3,Inference Latency (P95),P3,2026-03-18,26.9,50,0.15,milliseconds,healthy
440011,P3-KPI3,Inference Latency (P95),P3,2026-03-25,28.71,50,0.15,milliseconds,healthy
440011,P3-KPI4,Model Training Time,P3,2026-01-28,16.83,24,0.14,hours,healthy
440011,P3-KPI4,Model Training Time,P3,2026-02-04,15.79,24,0.14,hours,healthy
440011,P3-KPI4,Model Training Time,P3,2026-02-11,15.25,24,0.14,hours,healthy
440011,P3-KPI4,Model Training Time,P3,2026-02-18,15.56,24,0.14,hours,healthy
440011,P3-KPI4,Model Training Time,P3,2026-02-25,14.15,24,0.14,hours,healthy
440011,P3-KPI4,Model Training Time,P3,2026-03-04,14.39,24,0.14,hours,healthy
440011,P3-KPI4,Model Training Time,P3,2026-03-11,13.99,24,0.14,hours,healthy
440011,P3-KPI4,Model Training Time,P3,2026-03-18,13.8,24,0.14,hours,healthy
440011,P3-KPI4,Model Training Time,P3,2026-03-25,13.89,24,0.14,hours,healthy
440011,P4-KPI1,Partner Engagement Score,P4,2026-01-28,84.82,75,0.22,score,healthy
440011,P4-KPI1,Partner Engagement Score,P4,2026-02-04,87.1,75,0.22,score,healthy
440011,P4-KPI1,Partner Engagement Score,P4,2026-02-11,84.43,75,0.22,score,healthy
440011,P4-KPI1,Partner Engagement Score,P4,2026-02-18,90.0,75,0.22,score,healthy
440011,P4-KPI1,Partner Engagement Score,P4,2026-02-25,86.68,75,0.22,score,healthy
440011,P4-KPI1,Partner Engagement Score,P4,2026-03-04,89.06,75,0.22,score,healthy
440011,P4-KPI1,Partner Engagement Score,P4,2026-03-11,86.55,75,0.22,score,healthy
440011,P4-KPI1,Partner Engagement Score,P4,2026-03-18,90.0,75,0.22,score,healthy
440011,P4-KPI1,Partner Engagement Score,P4,2026-03-25,90.0,75,0.22,score,healthy
440011,P4-KPI2,VAR Performance Rating,P4,2026-01-28,84.69,80,0.2,score,healthy
440011,P4-KPI2,VAR Performance Rating,P4,2026-02-04,95.07,80,0.2,score,healthy
440011,P4-KPI2,VAR Performance Rating,P4,2026-02-11,91.54,80,0.2,score,healthy
440011,P4-KPI2,VAR Performance Rating,P4,2026-02-18,90.04,80,0.2,score,healthy
440011,P4-KPI2,VAR Performance Rating,P4,2026-02-25,88.29,80,0.2,score,healthy
440011,P4-KPI2,VAR Performance Rating,P4,2026-03-04,89.55,80,0.2,score,healthy
440011,P4-KPI2,VAR Performance Rating,P4,2026-03-11,92.85,80,0.2,score,healthy
440011,P4-KPI2,VAR Performance Rating,P4,2026-03-18,96.0,80,0.2,score,healthy
440011,P4-KPI2,VAR Performance Rating,P4,2026-03-25,96.0,80,0.2,score,healthy
440011,P4-KPI3,Joint QBR Frequency,P4,2026-01-28,4.8,4,0.18,count,healthy
440011,P4-KPI3,Joint QBR Frequency,P4,2026-02-04,4.8,4,0.18,count,healthy
440011,P4-KPI3,Joint QBR Frequency,P4,2026-02-11,4.8,4,0.18,count,healthy
440011,P4-KPI3,Joint QBR Frequency,P4,2026-02-18,4.8,4,0.18,count,healthy
440011,P4-KPI3,Joint QBR Frequency,P4,2026-02-25,4.8,4,0.18,count,healthy
440011,P4-KPI3,Joint QBR Frequency,P4,2026-03-04,4.8,4,0.18,count,healthy
440011,P4-KPI3,Joint QBR Frequency,P4,2026-03-11,4.8,4,0.18,count,healthy
440011,P4-KPI3,Joint QBR Frequency,P4,2026-03-18,4.8,4,0.18,count,healthy
440011,P4-KPI3,Joint QBR Frequency,P4,2026-03-25,4.8,4,0.18,count,healthy
440011,P4-KPI4,Channel Conflict Score,P4,2026-01-28,13.15,20,0.15,score,healthy
440011,P4-KPI4,Channel Conflict Score,P4,2026-02-04,13.31,20,0.15,score,healthy
440011,P4-KPI4,Channel Conflict Score,P4,2026-02-11,12.99,20,0.15,score,healthy
440011,P4-KPI4,Channel Conflict Score,P4,2026-02-18,12.57,20,0.15,score,healthy
440011,P4-KPI4,Channel Conflict Score,P4,2026-02-25,11.86,20,0.15,score,healthy
440011,P4-KPI4,Channel Conflict Score,P4,2026-03-04,11.99,20,0.15,score,healthy
440011,P4-KPI4,Channel Conflict Score,P4,2026-03-11,11.6,20,0.15,score,healthy
440011,P4-KPI4,Channel Conflict Score,P4,2026-03-18,11.31,20,0.15,score,healthy
440011,P4-KPI4,Channel Conflict Score,P4,2026-03-25,11.6,20,0.15,score,healthy
440011,P5-KPI1,Capacity Utilization Rate,P5,2026-01-28,75.16,70,0.18,percentage,healthy
440011,P5-KPI1,Capacity Utilization Rate,P5,2026-02-04,74.86,70,0.18,percentage,healthy
440011,P5-KPI1,Capacity Utilization Rate,P5,2026-02-11,84.0,70,0.18,percentage,healthy
440011,P5-KPI1,Capacity Utilization Rate,P5,2026-02-18,84.0,70,0.18,percentage,healthy
440011,P5-KPI1,Capacity Utilization Rate,P5,2026-02-25,80.36,70,0.18,percentage,healthy
440011,P5-KPI1,Capacity Utilization Rate,P5,2026-03-04,84.0,70,0.18,percentage,healthy
440011,P5-KPI1,Capacity Utilization Rate,P5,2026-03-11,84.0,70,0.18,percentage,healthy
440011,P5-KPI1,Capacity Utilization Rate,P5,2026-03-18,84.0,70,0.18,percentage,healthy
440011,P5-KPI1,Capacity Utilization Rate,P5,2026-03-25,84.0,70,0.18,percentage,healthy
440011,P5-KPI2,Capacity Utilization Trajectory,P5,2026-01-28,6.0,5,0.18,percentage_change,healthy
440011,P5-KPI2,Capacity Utilization Trajectory,P5,2026-02-04,6.0,5,0.18,percentage_change,healthy
440011,P5-KPI2,Capacity Utilization Trajectory,P5,2026-02-11,6.0,5,0.18,percentage_change,healthy
440011,P5-KPI2,Capacity Utilization Trajectory,P5,2026-02-18,6.0,5,0.18,percentage_change,healthy
440011,P5-KPI2,Capacity Utilization Trajectory,P5,2026-02-25,6.0,5,0.18,percentage_change,healthy
440011,P5-KPI2,Capacity Utilization Trajectory,P5,2026-03-04,6.0,5,0.18,percentage_change,healthy
440011,P5-KPI2,Capacity Utilization Trajectory,P5,2026-03-11,6.0,5,0.18,percentage_change,healthy
440011,P5-KPI2,Capacity Utilization Trajectory,P5,2026-03-18,6.0,5,0.18,percentage_change,healthy
440011,P5-KPI2,Capacity Utilization Trajectory,P5,2026-03-25,6.0,5,0.18,percentage_change,healthy
440011,P5-KPI3,Workload Growth Velocity,P5,2026-01-28,12.0,10,0.18,percentage_change,healthy
440011,P5-KPI3,Workload Growth Velocity,P5,2026-02-04,12.0,10,0.18,percentage_change,healthy
440011,P5-KPI3,Workload Growth Velocity,P5,2026-02-11,12.0,10,0.18,percentage_change,healthy
440011,P5-KPI3,Workload Growth Velocity,P5,2026-02-18,12.0,10,0.18,percentage_change,healthy
440011,P5-KPI3,Workload Growth Velocity,P5,2026-02-25,12.0,10,0.18,percentage_change,healthy
440011,P5-KPI3,Workload Growth Velocity,P5,2026-03-04,12.0,10,0.18,percentage_change,healthy
440011,P5-KPI3,Workload Growth Velocity,P5,2026-03-11,12.0,10,0.18,percentage_change,healthy
440011,P5-KPI3,Workload Growth Velocity,P5,2026-03-18,12.0,10,0.18,percentage_change,healthy
440011,P5-KPI3,Workload Growth Velocity,P5,2026-03-25,12.0,10,0.18,percentage_change,healthy
440011,P5-KPI4,Compute Hour Consumption Trend,P5,2026-01-28,18.0,15,0.15,percentage_change,healthy
440011,P5-KPI4,Compute Hour Consumption Trend,P5,2026-02-04,18.0,15,0.15,percentage_change,healthy
440011,P5-KPI4,Compute Hour Consumption Trend,P5,2026-02-11,18.0,15,0.15,percentage_change,healthy
440011,P5-KPI4,Compute Hour Consumption Trend,P5,2026-02-18,18.0,15,0.15,percentage_change,healthy
440011,P5-KPI4,Compute Hour Consumption Trend,P5,2026-02-25,18.0,15,0.15,percentage_change,healthy
440011,P5-KPI4,Compute Hour Consumption Trend,P5,2026-03-04,18.0,15,0.15,percentage_change,healthy
440011,P5-KPI4,Compute Hour Consumption Trend,P5,2026-03-11,18.0,15,0.15,percentage_change,healthy
440011,P5-KPI4,Compute Hour Consumption Trend,P5,2026-03-18,18.0,15,0.15,percentage_change,healthy
440011,P5-KPI4,Compute Hour Consumption Trend,P5,2026-03-25,18.0,15,0.15,percentage_change,healthy
440012,P1-KPI1,Time-to-First-Workload,P1,2026-01-28,8.43,14,0.2,days,healthy
440012,P1-KPI1,Time-to-First-Workload,P1,2026-02-04,8.35,14,0.2,days,healthy
440012,P1-KPI1,Time-to-First-Workload,P1,2026-02-11,8.4,14,0.2,days,healthy
440012,P1-KPI1,Time-to-First-Workload,P1,2026-02-18,8.63,14,0.2,days,healthy
440012,P1-KPI1,Time-to-First-Workload,P1,2026-02-25,7.89,14,0.2,days,healthy
440012,P1-KPI1,Time-to-First-Workload,P1,2026-03-04,7.93,14,0.2,days,healthy
440012,P1-KPI1,Time-to-First-Workload,P1,2026-03-11,8.19,14,0.2,days,healthy
440012,P1-KPI1,Time-to-First-Workload,P1,2026-03-18,8.54,14,0.2,days,healthy
440012,P1-KPI1,Time-to-First-Workload,P1,2026-03-25,8.05,14,0.2,days,healthy
440012,P1-KPI2,Installation Completion Rate,P1,2026-01-28,95.06,90,0.15,percentage,healthy
440012,P1-KPI2,Installation Completion Rate,P1,2026-02-04,94.35,90,0.15,percentage,healthy
440012,P1-KPI2,Installation Completion Rate,P1,2026-02-11,97.07,90,0.15,percentage,healthy
440012,P1-KPI2,Installation Completion Rate,P1,2026-02-18,93.33,90,0.15,percentage,healthy
440012,P1-KPI2,Installation Completion Rate,P1,2026-02-25,88.02,90,0.15,percentage,risk
440012,P1-KPI2,Installation Completion Rate,P1,2026-03-04,94.31,90,0.15,percentage,healthy
440012,P1-KPI2,Installation Completion Rate,P1,2026-03-11,91.09,90,0.15,percentage,healthy
440012,P1-KPI2,Installation Completion Rate,P1,2026-03-18,95.47,90,0.15,percentage,healthy
440012,P1-KPI2,Installation Completion Rate,P1,2026-03-25,94.38,90,0.15,percentage,healthy
440012,P1-KPI4,Deployment Cycle Time,P1,2026-01-28,18.09,30,0.15,days,healthy
440012,P1-KPI4,Deployment Cycle Time,P1,2026-02-04,17.41,30,0.15,days,healthy
440012,P1-KPI4,Deployment Cycle Time,P1,2026-02-11,17.61,30,0.15,days,healthy
440012,P1-KPI4,Deployment Cycle Time,P1,2026-02-18,18.1,30,0.15,days,healthy
440012,P1-KPI4,Deployment Cycle Time,P1,2026-02-25,18.39,30,0.15,days,healthy
440012,P1-KPI4,Deployment Cycle Time,P1,2026-03-04,18.28,30,0.15,days,healthy
440012,P1-KPI4,Deployment Cycle Time,P1,2026-03-11,17.64,30,0.15,days,healthy
440012,P1-KPI4,Deployment Cycle Time,P1,2026-03-18,17.56,30,0.15,days,healthy
440012,P1-KPI4,Deployment Cycle Time,P1,2026-03-25,17.8,30,0.15,days,healthy
440012,P1-KPI5,Hardware Commissioning Time,P1,2026-01-28,4.23,7,0.13,days,healthy
440012,P1-KPI5,Hardware Commissioning Time,P1,2026-02-04,4.05,7,0.13,days,healthy
440012,P1-KPI5,Hardware Commissioning Time,P1,2026-02-11,4.08,7,0.13,days,healthy
440012,P1-KPI5,Hardware Commissioning Time,P1,2026-02-18,4.18,7,0.13,days,healthy
440012,P1-KPI5,Hardware Commissioning Time,P1,2026-02-25,3.98,7,0.13,days,healthy
440012,P1-KPI5,Hardware Commissioning Time,P1,2026-03-04,4.24,7,0.13,days,healthy
440012,P1-KPI5,Hardware Commissioning Time,P1,2026-03-11,4.31,7,0.13,days,healthy
440012,P1-KPI5,Hardware Commissioning Time,P1,2026-03-18,4.06,7,0.13,days,healthy
440012,P1-KPI5,Hardware Commissioning Time,P1,2026-03-25,4.07,7,0.13,days,healthy
440012,P2-KPI1,RMA Frequency Rate,P2,2026-01-28,1.3,2.6,0.2,percentage,risk
440012,P2-KPI1,RMA Frequency Rate,P2,2026-02-04,1.3,2.6,0.2,percentage,risk
440012,P2-KPI1,RMA Frequency Rate,P2,2026-02-11,1.3,2.6,0.2,percentage,risk
440012,P2-KPI1,RMA Frequency Rate,P2,2026-02-18,1.3,2.6,0.2,percentage,risk
440012,P2-KPI1,RMA Frequency Rate,P2,2026-02-25,1.3,2.6,0.2,percentage,risk
440012,P2-KPI1,RMA Frequency Rate,P2,2026-03-04,1.3,2.6,0.2,percentage,risk
440012,P2-KPI1,RMA Frequency Rate,P2,2026-03-11,1.3,2.6,0.2,percentage,risk
440012,P2-KPI1,RMA Frequency Rate,P2,2026-03-18,1.3,2.6,0.2,percentage,risk
440012,P2-KPI1,RMA Frequency Rate,P2,2026-03-25,1.3,2.6,0.2,percentage,risk
440012,P2-KPI2,MTBF (Mean Time Between Failures),P2,2026-01-28,10512.0,8760,0.18,hours,healthy
440012,P2-KPI2,MTBF (Mean Time Between Failures),P2,2026-02-04,10512.0,8760,0.18,hours,healthy
440012,P2-KPI2,MTBF (Mean Time Between Failures),P2,2026-02-11,10512.0,8760,0.18,hours,healthy
440012,P2-KPI2,MTBF (Mean Time Between Failures),P2,2026-02-18,10512.0,8760,0.18,hours,healthy
440012,P2-KPI2,MTBF (Mean Time Between Failures),P2,2026-02-25,10512.0,8760,0.18,hours,healthy
440012,P2-KPI2,MTBF (Mean Time Between Failures),P2,2026-03-04,10512.0,8760,0.18,hours,healthy
440012,P2-KPI2,MTBF (Mean Time Between Failures),P2,2026-03-11,10512.0,8760,0.18,hours,healthy
440012,P2-KPI2,MTBF (Mean Time Between Failures),P2,2026-03-18,10512.0,8760,0.18,hours,healthy
440012,P2-KPI2,MTBF (Mean Time Between Failures),P2,2026-03-25,10512.0,8760,0.18,hours,healthy
440012,P2-KPI3,Critical Incidents (30d),P2,2026-01-28,1.5,3,0.17,count,risk
440012,P2-KPI3,Critical Incidents (30d),P2,2026-02-04,1.5,3,0.17,count,risk
440012,P2-KPI3,Critical Incidents (30d),P2,2026-02-11,1.5,3,0.17,count,risk
440012,P2-KPI3,Critical Incidents (30d),P2,2026-02-18,1.5,3,0.17,count,risk
440012,P2-KPI3,Critical Incidents (30d),P2,2026-02-25,1.5,3,0.17,count,risk
440012,P2-KPI3,Critical Incidents (30d),P2,2026-03-04,1.5,3,0.17,count,risk
440012,P2-KPI3,Critical Incidents (30d),P2,2026-03-11,1.5,3,0.17,count,risk
440012,P2-KPI3,Critical Incidents (30d),P2,2026-03-18,1.5,3,0.17,count,risk
440012,P2-KPI3,Critical Incidents (30d),P2,2026-03-25,1.5,3,0.17,count,risk
440012,P2-KPI4,System Uptime Percentage,P2,2026-01-28,98.29,99.5,0.15,percentage,risk
440012,P2-KPI4,System Uptime Percentage,P2,2026-02-04,104.82,99.5,0.15,percentage,healthy
440012,P2-KPI4,System Uptime Percentage,P2,2026-02-11,96.3,99.5,0.15,percentage,critical
440012,P2-KPI4,System Uptime Percentage,P2,2026-02-18,105.36,99.5,0.15,percentage,healthy
440012,P2-KPI4,System Uptime Percentage,P2,2026-02-25,96.92,99.5,0.15,percentage,critical
440012,P2-KPI4,System Uptime Percentage,P2,2026-03-04,95.09,99.5,0.15,percentage,critical
440012,P2-KPI4,System Uptime Percentage,P2,2026-03-11,98.94,99.5,0.15,percentage,risk
440012,P2-KPI4,System Uptime Percentage,P2,2026-03-18,97.36,99.5,0.15,percentage,critical
440012,P2-KPI4,System Uptime Percentage,P2,2026-03-25,97.96,99.5,0.15,percentage,critical
440012,P3-KPI1,GPU Utilization Rate,P3,2026-01-28,78.0,65,0.22,percentage,healthy
440012,P3-KPI1,GPU Utilization Rate,P3,2026-02-04,74.69,65,0.22,percentage,healthy
440012,P3-KPI1,GPU Utilization Rate,P3,2026-02-11,77.17,65,0.22,percentage,healthy
440012,P3-KPI1,GPU Utilization Rate,P3,2026-02-18,78.0,65,0.22,percentage,healthy
440012,P3-KPI1,GPU Utilization Rate,P3,2026-02-25,77.34,65,0.22,percentage,healthy
440012,P3-KPI1,GPU Utilization Rate,P3,2026-03-04,78.0,65,0.22,percentage,healthy
440012,P3-KPI1,GPU Utilization Rate,P3,2026-03-11,77.84,65,0.22,percentage,healthy
440012,P3-KPI1,GPU Utilization Rate,P3,2026-03-18,77.26,65,0.22,percentage,healthy
440012,P3-KPI1,GPU Utilization Rate,P3,2026-03-25,78.0,65,0.22,percentage,healthy
440012,P3-KPI2,Training Job Completion Rate,P3,2026-01-28,97.68,90,0.2,percentage,healthy
440012,P3-KPI2,Training Job Completion Rate,P3,2026-02-04,93.74,90,0.2,percentage,healthy
440012,P3-KPI2,Training Job Completion Rate,P3,2026-02-11,94.28,90,0.2,percentage,healthy
440012,P3-KPI2,Training Job Completion Rate,P3,2026-02-18,90.6,90,0.2,percentage,healthy
440012,P3-KPI2,Training Job Completion Rate,P3,2026-02-25,92.26,90,0.2,percentage,healthy
440012,P3-KPI2,Training Job Completion Rate,P3,2026-03-04,94.02,90,0.2,percentage,healthy
440012,P3-KPI2,Training Job Completion Rate,P3,2026-03-11,98.15,90,0.2,percentage,healthy
440012,P3-KPI2,Training Job Completion Rate,P3,2026-03-18,93.71,90,0.2,percentage,healthy
440012,P3-KPI2,Training Job Completion Rate,P3,2026-03-25,94.4,90,0.2,percentage,healthy
440012,P3-KPI3,Inference Latency (P95),P3,2026-01-28,28.45,50,0.15,milliseconds,healthy
440012,P3-KPI3,Inference Latency (P95),P3,2026-02-04,31.21,50,0.15,milliseconds,healthy
440012,P3-KPI3,Inference Latency (P95),P3,2026-02-11,28.36,50,0.15,milliseconds,healthy
440012,P3-KPI3,Inference Latency (P95),P3,2026-02-18,29.93,50,0.15,milliseconds,healthy
440012,P3-KPI3,Inference Latency (P95),P3,2026-02-25,30.7,50,0.15,milliseconds,healthy
440012,P3-KPI3,Inference Latency (P95),P3,2026-03-04,31.29,50,0.15,milliseconds,healthy
440012,P3-KPI3,Inference Latency (P95),P3,2026-03-11,29.24,50,0.15,milliseconds,healthy
440012,P3-KPI3,Inference Latency (P95),P3,2026-03-18,30.59,50,0.15,milliseconds,healthy
440012,P3-KPI3,Inference Latency (P95),P3,2026-03-25,32.13,50,0.15,milliseconds,healthy
440012,P3-KPI4,Model Training Time,P3,2026-01-28,13.83,24,0.14,hours,healthy
440012,P3-KPI4,Model Training Time,P3,2026-02-04,14.6,24,0.14,hours,healthy
440012,P3-KPI4,Model Training Time,P3,2026-02-11,14.26,24,0.14,hours,healthy
440012,P3-KPI4,Model Training Time,P3,2026-02-18,14.5,24,0.14,hours,healthy
440012,P3-KPI4,Model Training Time,P3,2026-02-25,14.53,24,0.14,hours,healthy
440012,P3-KPI4,Model Training Time,P3,2026-03-04,14.24,24,0.14,hours,healthy
440012,P3-KPI4,Model Training Time,P3,2026-03-11,14.21,24,0.14,hours,healthy
440012,P3-KPI4,Model Training Time,P3,2026-03-18,13.81,24,0.14,hours,healthy
440012,P3-KPI4,Model Training Time,P3,2026-03-25,14.89,24,0.14,hours,healthy
440012,P4-KPI1,Partner Engagement Score,P4,2026-01-28,89.8,75,0.22,score,healthy
440012,P4-KPI1,Partner Engagement Score,P4,2026-02-04,85.32,75,0.22,score,healthy
440012,P4-KPI1,Partner Engagement Score,P4,2026-02-11,84.51,75,0.22,score,healthy
440012,P4-KPI1,Partner Engagement Score,P4,2026-02-18,84.89,75,0.22,score,healthy
440012,P4-KPI1,Partner Engagement Score,P4,2026-02-25,89.92,75,0.22,score,healthy
440012,P4-KPI1,Partner Engagement Score,P4,2026-03-04,86.07,75,0.22,score,healthy
440012,P4-KPI1,Partner Engagement Score,P4,2026-03-11,83.46,75,0.22,score,healthy
440012,P4-KPI1,Partner Engagement Score,P4,2026-03-18,82.71,75,0.22,score,healthy
440012,P4-KPI1,Partner Engagement Score,P4,2026-03-25,80.46,75,0.22,score,healthy
440012,P4-KPI2,VAR Performance Rating,P4,2026-01-28,93.16,80,0.2,score,healthy
440012,P4-KPI2,VAR Performance Rating,P4,2026-02-04,92.25,80,0.2,score,healthy
440012,P4-KPI2,VAR Performance Rating,P4,2026-02-11,87.58,80,0.2,score,healthy
440012,P4-KPI2,VAR Performance Rating,P4,2026-02-18,86.06,80,0.2,score,healthy
440012,P4-KPI2,VAR Performance Rating,P4,2026-02-25,88.37,80,0.2,score,healthy
440012,P4-KPI2,VAR Performance Rating,P4,2026-03-04,84.04,80,0.2,score,healthy
440012,P4-KPI2,VAR Performance Rating,P4,2026-03-11,90.72,80,0.2,score,healthy
440012,P4-KPI2,VAR Performance Rating,P4,2026-03-18,91.9,80,0.2,score,healthy
440012,P4-KPI2,VAR Performance Rating,P4,2026-03-25,93.8,80,0.2,score,healthy
440012,P4-KPI3,Joint QBR Frequency,P4,2026-01-28,4.8,4,0.18,count,healthy
440012,P4-KPI3,Joint QBR Frequency,P4,2026-02-04,4.8,4,0.18,count,healthy
440012,P4-KPI3,Joint QBR Frequency,P4,2026-02-11,4.8,4,0.18,count,healthy
440012,P4-KPI3,Joint QBR Frequency,P4,2026-02-18,4.8,4,0.18,count,healthy
440012,P4-KPI3,Joint QBR Frequency,P4,2026-02-25,4.8,4,0.18,count,healthy
440012,P4-KPI3,Joint QBR Frequency,P4,2026-03-04,4.8,4,0.18,count,healthy
440012,P4-KPI3,Joint QBR Frequency,P4,2026-03-11,4.8,4,0.18,count,healthy
440012,P4-KPI3,Joint QBR Frequency,P4,2026-03-18,4.8,4,0.18,count,healthy
440012,P4-KPI3,Joint QBR Frequency,P4,2026-03-25,4.8,4,0.18,count,healthy
440012,P4-KPI4,Channel Conflict Score,P4,2026-01-28,11.31,20,0.15,score,healthy
440012,P4-KPI4,Channel Conflict Score,P4,2026-02-04,11.95,20,0.15,score,healthy
440012,P4-KPI4,Channel Conflict Score,P4,2026-02-11,11.47,20,0.15,score,healthy
440012,P4-KPI4,Channel Conflict Score,P4,2026-02-18,12.18,20,0.15,score,healthy
440012,P4-KPI4,Channel Conflict Score,P4,2026-02-25,12.88,20,0.15,score,healthy
440012,P4-KPI4,Channel Conflict Score,P4,2026-03-04,12.1,20,0.15,score,healthy
440012,P4-KPI4,Channel Conflict Score,P4,2026-03-11,12.27,20,0.15,score,healthy
440012,P4-KPI4,Channel Conflict Score,P4,2026-03-18,11.51,20,0.15,score,healthy
440012,P4-KPI4,Channel Conflict Score,P4,2026-03-25,11.63,20,0.15,score,healthy
440012,P5-KPI1,Capacity Utilization Rate,P5,2026-01-28,76.55,70,0.18,percentage,healthy
440012,P5-KPI1,Capacity Utilization Rate,P5,2026-02-04,79.83,70,0.18,percentage,healthy
440012,P5-KPI1,Capacity Utilization Rate,P5,2026-02-11,78.15,70,0.18,percentage,healthy
440012,P5-KPI1,Capacity Utilization Rate,P5,2026-02-18,77.09,70,0.18,percentage,healthy
440012,P5-KPI1,Capacity Utilization Rate,P5,2026-02-25,73.93,70,0.18,percentage,healthy
440012,P5-KPI1,Capacity Utilization Rate,P5,2026-03-04,78.45,70,0.18,percentage,healthy
440012,P5-KPI1,Capacity Utilization Rate,P5,2026-03-11,78.42,70,0.18,percentage,healthy
440012,P5-KPI1,Capacity Utilization Rate,P5,2026-03-18,76.61,70,0.18,percentage,healthy
440012,P5-KPI1,Capacity Utilization Rate,P5,2026-03-25,74.66,70,0.18,percentage,healthy
440012,P5-KPI2,Capacity Utilization Trajectory,P5,2026-01-28,6.0,5,0.18,percentage_change,healthy
440012,P5-KPI2,Capacity Utilization Trajectory,P5,2026-02-04,6.0,5,0.18,percentage_change,healthy
440012,P5-KPI2,Capacity Utilization Trajectory,P5,2026-02-11,6.0,5,0.18,percentage_change,healthy
440012,P5-KPI2,Capacity Utilization Trajectory,P5,2026-02-18,6.0,5,0.18,percentage_change,healthy
440012,P5-KPI2,Capacity Utilization Trajectory,P5,2026-02-25,6.0,5,0.18,percentage_change,healthy
440012,P5-KPI2,Capacity Utilization Trajectory,P5,2026-03-04,6.0,5,0.18,percentage_change,healthy
440012,P5-KPI2,Capacity Utilization Trajectory,P5,2026-03-11,6.0,5,0.18,percentage_change,healthy
440012,P5-KPI2,Capacity Utilization Trajectory,P5,2026-03-18,6.0,5,0.18,percentage_change,healthy
440012,P5-KPI2,Capacity Utilization Trajectory,P5,2026-03-25,6.0,5,0.18,percentage_change,healthy
440012,P5-KPI3,Workload Growth Velocity,P5,2026-01-28,12.0,10,0.18,percentage_change,healthy
440012,P5-KPI3,Workload Growth Velocity,P5,2026-02-04,12.0,10,0.18,percentage_change,healthy
440012,P5-KPI3,Workload Growth Velocity,P5,2026-02-11,12.0,10,0.18,percentage_change,healthy
440012,P5-KPI3,Workload Growth Velocity,P5,2026-02-18,12.0,10,0.18,percentage_change,healthy
440012,P5-KPI3,Workload Growth Velocity,P5,2026-02-25,12.0,10,0.18,percentage_change,healthy
440012,P5-KPI3,Workload Growth Velocity,P5,2026-03-04,12.0,10,0.18,percentage_change,healthy
440012,P5-KPI3,Workload Growth Velocity,P5,2026-03-11,12.0,10,0.18,percentage_change,healthy
440012,P5-KPI3,Workload Growth Velocity,P5,2026-03-18,12.0,10,0.18,percentage_change,healthy
440012,P5-KPI3,Workload Growth Velocity,P5,2026-03-25,12.0,10,0.18,percentage_change,healthy
440012,P5-KPI4,Compute Hour Consumption Trend,P5,2026-01-28,18.0,15,0.15,percentage_change,healthy
440012,P5-KPI4,Compute Hour Consumption Trend,P5,2026-02-04,18.0,15,0.15,percentage_change,healthy
440012,P5-KPI4,Compute Hour Consumption Trend,P5,2026-02-11,18.0,15,0.15,percentage_change,healthy
440012,P5-KPI4,Compute Hour Consumption Trend,P5,2026-02-18,18.0,15,0.15,percentage_change,healthy
440012,P5-KPI4,Compute Hour Consumption Trend,P5,2026-02-25,18.0,15,0.15,percentage_change,healthy
440012,P5-KPI4,Compute Hour Consumption Trend,P5,2026-03-04,18.0,15,0.15,percentage_change,healthy
440012,P5-KPI4,Compute Hour Consumption Trend,P5,2026-03-11,18.0,15,0.15,percentage_change,healthy
440012,P5-KPI4,Compute Hour Consumption Trend,P5,2026-03-18,18.0,15,0.15,percentage_change,healthy
440012,P5-KPI4,Compute Hour Consumption Trend,P5,2026-03-25,18.0,15,0.15,percentage_change,healthy
440013,P1-KPI1,Time-to-First-Workload,P1,2026-01-28,7.39,14,0.2,days,healthy
440013,P1-KPI1,Time-to-First-Workload,P1,2026-02-04,7.77,14,0.2,days,healthy
440013,P1-KPI1,Time-to-First-Workload,P1,2026-02-11,7.29,14,0.2,days,healthy
440013,P1-KPI1,Time-to-First-Workload,P1,2026-02-18,7.62,14,0.2,days,healthy
440013,P1-KPI1,Time-to-First-Workload,P1,2026-02-25,7.72,14,0.2,days,healthy
440013,P1-KPI1,Time-to-First-Workload,P1,2026-03-04,7.17,14,0.2,days,healthy
440013,P1-KPI1,Time-to-First-Workload,P1,2026-03-11,7.37,14,0.2,days,healthy
440013,P1-KPI1,Time-to-First-Workload,P1,2026-03-18,7.48,14,0.2,days,healthy
440013,P1-KPI1,Time-to-First-Workload,P1,2026-03-25,7.18,14,0.2,days,healthy
440013,P1-KPI2,Installation Completion Rate,P1,2026-01-28,94.21,90,0.15,percentage,healthy
440013,P1-KPI2,Installation Completion Rate,P1,2026-02-04,97.09,90,0.15,percentage,healthy
440013,P1-KPI2,Installation Completion Rate,P1,2026-02-11,95.64,90,0.15,percentage,healthy
440013,P1-KPI2,Installation Completion Rate,P1,2026-02-18,96.0,90,0.15,percentage,healthy
440013,P1-KPI2,Installation Completion Rate,P1,2026-02-25,96.31,90,0.15,percentage,healthy
440013,P1-KPI2,Installation Completion Rate,P1,2026-03-04,97.66,90,0.15,percentage,healthy
440013,P1-KPI2,Installation Completion Rate,P1,2026-03-11,97.44,90,0.15,percentage,healthy
440013,P1-KPI2,Installation Completion Rate,P1,2026-03-18,96.56,90,0.15,percentage,healthy
440013,P1-KPI2,Installation Completion Rate,P1,2026-03-25,93.32,90,0.15,percentage,healthy
440013,P1-KPI4,Deployment Cycle Time,P1,2026-01-28,15.95,30,0.15,days,healthy
440013,P1-KPI4,Deployment Cycle Time,P1,2026-02-04,15.36,30,0.15,days,healthy
440013,P1-KPI4,Deployment Cycle Time,P1,2026-02-11,15.52,30,0.15,days,healthy
440013,P1-KPI4,Deployment Cycle Time,P1,2026-02-18,16.05,30,0.15,days,healthy
440013,P1-KPI4,Deployment Cycle Time,P1,2026-02-25,16.71,30,0.15,days,healthy
440013,P1-KPI4,Deployment Cycle Time,P1,2026-03-04,16.48,30,0.15,days,healthy
440013,P1-KPI4,Deployment Cycle Time,P1,2026-03-11,15.53,30,0.15,days,healthy
440013,P1-KPI4,Deployment Cycle Time,P1,2026-03-18,16.08,30,0.15,days,healthy
440013,P1-KPI4,Deployment Cycle Time,P1,2026-03-25,16.3,30,0.15,days,healthy
440013,P1-KPI5,Hardware Commissioning Time,P1,2026-01-28,4.02,7,0.13,days,healthy
440013,P1-KPI5,Hardware Commissioning Time,P1,2026-02-04,3.97,7,0.13,days,healthy
440013,P1-KPI5,Hardware Commissioning Time,P1,2026-02-11,3.79,7,0.13,days,healthy
440013,P1-KPI5,Hardware Commissioning Time,P1,2026-02-18,3.7,7,0.13,days,healthy
440013,P1-KPI5,Hardware Commissioning Time,P1,2026-02-25,3.86,7,0.13,days,healthy
440013,P1-KPI5,Hardware Commissioning Time,P1,2026-03-04,3.62,7,0.13,days,healthy
440013,P1-KPI5,Hardware Commissioning Time,P1,2026-03-11,3.64,7,0.13,days,healthy
440013,P1-KPI5,Hardware Commissioning Time,P1,2026-03-18,3.96,7,0.13,days,healthy
440013,P1-KPI5,Hardware Commissioning Time,P1,2026-03-25,3.86,7,0.13,days,healthy
440013,P2-KPI1,RMA Frequency Rate,P2,2026-01-28,1.3,2.6,0.2,percentage,risk
440013,P2-KPI1,RMA Frequency Rate,P2,2026-02-04,1.3,2.6,0.2,percentage,risk
440013,P2-KPI1,RMA Frequency Rate,P2,2026-02-11,1.3,2.6,0.2,percentage,risk
440013,P2-KPI1,RMA Frequency Rate,P2,2026-02-18,1.3,2.6,0.2,percentage,risk
440013,P2-KPI1,RMA Frequency Rate,P2,2026-02-25,1.3,2.6,0.2,percentage,risk
440013,P2-KPI1,RMA Frequency Rate,P2,2026-03-04,1.3,2.6,0.2,percentage,risk
440013,P2-KPI1,RMA Frequency Rate,P2,2026-03-11,1.3,2.6,0.2,percentage,risk
440013,P2-KPI1,RMA Frequency Rate,P2,2026-03-18,1.3,2.6,0.2,percentage,risk
440013,P2-KPI1,RMA Frequency Rate,P2,2026-03-25,1.3,2.6,0.2,percentage,risk
440013,P2-KPI2,MTBF (Mean Time Between Failures),P2,2026-01-28,10512.0,8760,0.18,hours,healthy
440013,P2-KPI2,MTBF (Mean Time Between Failures),P2,2026-02-04,10512.0,8760,0.18,hours,healthy
440013,P2-KPI2,MTBF (Mean Time Between Failures),P2,2026-02-11,10512.0,8760,0.18,hours,healthy
440013,P2-KPI2,MTBF (Mean Time Between Failures),P2,2026-02-18,10512.0,8760,0.18,hours,healthy
440013,P2-KPI2,MTBF (Mean Time Between Failures),P2,2026-02-25,10512.0,8760,0.18,hours,healthy
440013,P2-KPI2,MTBF (Mean Time Between Failures),P2,2026-03-04,10512.0,8760,0.18,hours,healthy
440013,P2-KPI2,MTBF (Mean Time Between Failures),P2,2026-03-11,10512.0,8760,0.18,hours,healthy
440013,P2-KPI2,MTBF (Mean Time Between Failures),P2,2026-03-18,10512.0,8760,0.18,hours,healthy
440013,P2-KPI2,MTBF (Mean Time Between Failures),P2,2026-03-25,10512.0,8760,0.18,hours,healthy
440013,P2-KPI3,Critical Incidents (30d),P2,2026-01-28,1.5,3,0.17,count,risk
440013,P2-KPI3,Critical Incidents (30d),P2,2026-02-04,1.5,3,0.17,count,risk
440013,P2-KPI3,Critical Incidents (30d),P2,2026-02-11,1.5,3,0.17,count,risk
440013,P2-KPI3,Critical Incidents (30d),P2,2026-02-18,1.5,3,0.17,count,risk
440013,P2-KPI3,Critical Incidents (30d),P2,2026-02-25,1.5,3,0.17,count,risk
440013,P2-KPI3,Critical Incidents (30d),P2,2026-03-04,1.5,3,0.17,count,risk
440013,P2-KPI3,Critical Incidents (30d),P2,2026-03-11,1.5,3,0.17,count,risk
440013,P2-KPI3,Critical Incidents (30d),P2,2026-03-18,1.5,3,0.17,count,risk
440013,P2-KPI3,Critical Incidents (30d),P2,2026-03-25,1.5,3,0.17,count,risk
440013,P2-KPI4,System Uptime Percentage,P2,2026-01-28,95.64,99.5,0.15,percentage,critical
440013,P2-KPI4,System Uptime Percentage,P2,2026-02-04,99.05,99.5,0.15,percentage,risk
440013,P2-KPI4,System Uptime Percentage,P2,2026-02-11,100.25,99.5,0.15,percentage,healthy
440013,P2-KPI4,System Uptime Percentage,P2,2026-02-18,93.43,99.5,0.15,percentage,critical
440013,P2-KPI4,System Uptime Percentage,P2,2026-02-25,109.36,99.5,0.15,percentage,healthy
440013,P2-KPI4,System Uptime Percentage,P2,2026-03-04,99.19,99.5,0.15,percentage,risk
440013,P2-KPI4,System Uptime Percentage,P2,2026-03-11,100.51,99.5,0.15,percentage,healthy
440013,P2-KPI4,System Uptime Percentage,P2,2026-03-18,96.92,99.5,0.15,percentage,critical
440013,P2-KPI4,System Uptime Percentage,P2,2026-03-25,101.46,99.5,0.15,percentage,healthy
440013,P3-KPI1,GPU Utilization Rate,P3,2026-01-28,78.0,65,0.22,percentage,healthy
440013,P3-KPI1,GPU Utilization Rate,P3,2026-02-04,78.0,65,0.22,percentage,healthy
440013,P3-KPI1,GPU Utilization Rate,P3,2026-02-11,78.0,65,0.22,percentage,healthy
440013,P3-KPI1,GPU Utilization Rate,P3,2026-02-18,78.0,65,0.22,percentage,healthy
440013,P3-KPI1,GPU Utilization Rate,P3,2026-02-25,78.0,65,0.22,percentage,healthy
440013,P3-KPI1,GPU Utilization Rate,P3,2026-03-04,78.0,65,0.22,percentage,healthy
440013,P3-KPI1,GPU Utilization Rate,P3,2026-03-11,78.0,65,0.22,percentage,healthy
440013,P3-KPI1,GPU Utilization Rate,P3,2026-03-18,78.0,65,0.22,percentage,healthy
440013,P3-KPI1,GPU Utilization Rate,P3,2026-03-25,78.0,65,0.22,percentage,healthy
440013,P3-KPI2,Training Job Completion Rate,P3,2026-01-28,88.17,90,0.2,percentage,risk
440013,P3-KPI2,Training Job Completion Rate,P3,2026-02-04,86.36,90,0.2,percentage,risk
440013,P3-KPI2,Training Job Completion Rate,P3,2026-02-11,95.41,90,0.2,percentage,healthy
440013,P3-KPI2,Training Job Completion Rate,P3,2026-02-18,95.74,90,0.2,percentage,healthy
440013,P3-KPI2,Training Job Completion Rate,P3,2026-02-25,97.29,90,0.2,percentage,healthy
440013,P3-KPI2,Training Job Completion Rate,P3,2026-03-04,91.87,90,0.2,percentage,healthy
440013,P3-KPI2,Training Job Completion Rate,P3,2026-03-11,89.84,90,0.2,percentage,risk
440013,P3-KPI2,Training Job Completion Rate,P3,2026-03-18,96.11,90,0.2,percentage,healthy
440013,P3-KPI2,Training Job Completion Rate,P3,2026-03-25,103.11,90,0.2,percentage,healthy
440013,P3-KPI3,Inference Latency (P95),P3,2026-01-28,25.9,50,0.15,milliseconds,healthy
440013,P3-KPI3,Inference Latency (P95),P3,2026-02-04,27.13,50,0.15,milliseconds,healthy
440013,P3-KPI3,Inference Latency (P95),P3,2026-02-11,26.93,50,0.15,milliseconds,healthy
440013,P3-KPI3,Inference Latency (P95),P3,2026-02-18,27.73,50,0.15,milliseconds,healthy
440013,P3-KPI3,Inference Latency (P95),P3,2026-02-25,27.39,50,0.15,milliseconds,healthy
440013,P3-KPI3,Inference Latency (P95),P3,2026-03-04,27.25,50,0.15,milliseconds,healthy
440013,P3-KPI3,Inference Latency (P95),P3,2026-03-11,26.15,50,0.15,milliseconds,healthy
440013,P3-KPI3,Inference Latency (P95),P3,2026-03-18,28.4,50,0.15,milliseconds,healthy
440013,P3-KPI3,Inference Latency (P95),P3,2026-03-25,26.59,50,0.15,milliseconds,healthy
440013,P3-KPI4,Model Training Time,P3,2026-01-28,13.53,24,0.14,hours,healthy
440013,P3-KPI4,Model Training Time,P3,2026-02-04,13.02,24,0.14,hours,healthy
440013,P3-KPI4,Model Training Time,P3,2026-02-11,12.5,24,0.14,hours,healthy
440013,P3-KPI4,Model Training Time,P3,2026-02-18,13.43,24,0.14,hours,healthy
440013,P3-KPI4,Model Training Time,P3,2026-02-25,12.19,24,0.14,hours,healthy
440013,P3-KPI4,Model Training Time,P3,2026-03-04,12.97,24,0.14,hours,healthy
440013,P3-KPI4,Model Training Time,P3,2026-03-11,13.11,24,0.14,hours,healthy
440013,P3-KPI4,Model Training Time,P3,2026-03-18,12.67,24,0.14,hours,healthy
440013,P3-KPI4,Model Training Time,P3,2026-03-25,12.6,24,0.14,hours,healthy
440013,P4-KPI1,Partner Engagement Score,P4,2026-01-28,82.88,75,0.22,score,healthy
440013,P4-KPI1,Partner Engagement Score,P4,2026-02-04,86.16,75,0.22,score,healthy
440013,P4-KPI1,Partner Engagement Score,P4,2026-02-11,88.03,75,0.22,score,healthy
440013,P4-KPI1,Partner Engagement Score,P4,2026-02-18,84.98,75,0.22,score,healthy
440013,P4-KPI1,Partner Engagement Score,P4,2026-02-25,84.36,75,0.22,score,healthy
440013,P4-KPI1,Partner Engagement Score,P4,2026-03-04,86.85,75,0.22,score,healthy
440013,P4-KPI1,Partner Engagement Score,P4,2026-03-11,82.78,75,0.22,score,healthy
440013,P4-KPI1,Partner Engagement Score,P4,2026-03-18,84.76,75,0.22,score,healthy
440013,P4-KPI1,Partner Engagement Score,P4,2026-03-25,84.99,75,0.22,score,healthy
440013,P4-KPI2,VAR Performance Rating,P4,2026-01-28,92.35,80,0.2,score,healthy
440013,P4-KPI2,VAR Performance Rating,P4,2026-02-04,84.97,80,0.2,score,healthy
440013,P4-KPI2,VAR Performance Rating,P4,2026-02-11,92.94,80,0.2,score,healthy
440013,P4-KPI2,VAR Performance Rating,P4,2026-02-18,89.92,80,0.2,score,healthy
440013,P4-KPI2,VAR Performance Rating,P4,2026-02-25,90.35,80,0.2,score,healthy
440013,P4-KPI2,VAR Performance Rating,P4,2026-03-04,81.3,80,0.2,score,healthy
440013,P4-KPI2,VAR Performance Rating,P4,2026-03-11,86.85,80,0.2,score,healthy
440013,P4-KPI2,VAR Performance Rating,P4,2026-03-18,86.73,80,0.2,score,healthy
440013,P4-KPI2,VAR Performance Rating,P4,2026-03-25,90.69,80,0.2,score,healthy
440013,P4-KPI3,Joint QBR Frequency,P4,2026-01-28,4.8,4,0.18,count,healthy
440013,P4-KPI3,Joint QBR Frequency,P4,2026-02-04,4.8,4,0.18,count,healthy
440013,P4-KPI3,Joint QBR Frequency,P4,2026-02-11,4.8,4,0.18,count,healthy
440013,P4-KPI3,Joint QBR Frequency,P4,2026-02-18,4.8,4,0.18,count,healthy
440013,P4-KPI3,Joint QBR Frequency,P4,2026-02-25,4.8,4,0.18,count,healthy
440013,P4-KPI3,Joint QBR Frequency,P4,2026-03-04,4.8,4,0.18,count,healthy
440013,P4-KPI3,Joint QBR Frequency,P4,2026-03-11,4.8,4,0.18,count,healthy
440013,P4-KPI3,Joint QBR Frequency,P4,2026-03-18,4.8,4,0.18,count,healthy
440013,P4-KPI3,Joint QBR Frequency,P4,2026-03-25,4.8,4,0.18,count,healthy
440013,P4-KPI4,Channel Conflict Score,P4,2026-01-28,10.6,20,0.15,score,healthy
440013,P4-KPI4,Channel Conflict Score,P4,2026-02-04,10.86,20,0.15,score,healthy
440013,P4-KPI4,Channel Conflict Score,P4,2026-02-11,11.0,20,0.15,score,healthy
440013,P4-KPI4,Channel Conflict Score,P4,2026-02-18,10.64,20,0.15,score,healthy
440013,P4-KPI4,Channel Conflict Score,P4,2026-02-25,11.48,20,0.15,score,healthy
440013,P4-KPI4,Channel Conflict Score,P4,2026-03-04,10.82,20,0.15,score,healthy
440013,P4-KPI4,Channel Conflict Score,P4,2026-03-11,11.05,20,0.15,score,healthy
440013,P4-KPI4,Channel Conflict Score,P4,2026-03-18,10.28,20,0.15,score,healthy
440013,P4-KPI4,Channel Conflict Score,P4,2026-03-25,10.15,20,0.15,score,healthy
440013,P5-KPI1,Capacity Utilization Rate,P5,2026-01-28,79.17,70,0.18,percentage,healthy
440013,P5-KPI1,Capacity Utilization Rate,P5,2026-02-04,82.71,70,0.18,percentage,healthy
440013,P5-KPI1,Capacity Utilization Rate,P5,2026-02-11,79.23,70,0.18,percentage,healthy
440013,P5-KPI1,Capacity Utilization Rate,P5,2026-02-18,79.73,70,0.18,percentage,healthy
440013,P5-KPI1,Capacity Utilization Rate,P5,2026-02-25,76.95,70,0.18,percentage,healthy
440013,P5-KPI1,Capacity Utilization Rate,P5,2026-03-04,82.01,70,0.18,percentage,healthy
440013,P5-KPI1,Capacity Utilization Rate,P5,2026-03-11,76.75,70,0.18,percentage,healthy
440013,P5-KPI1,Capacity Utilization Rate,P5,2026-03-18,79.53,70,0.18,percentage,healthy
440013,P5-KPI1,Capacity Utilization Rate,P5,2026-03-25,84.0,70,0.18,percentage,healthy
440013,P5-KPI2,Capacity Utilization Trajectory,P5,2026-01-28,6.0,5,0.18,percentage_change,healthy
440013,P5-KPI2,Capacity Utilization Trajectory,P5,2026-02-04,6.0,5,0.18,percentage_change,healthy
440013,P5-KPI2,Capacity Utilization Trajectory,P5,2026-02-11,6.0,5,0.18,percentage_change,healthy
440013,P5-KPI2,Capacity Utilization Trajectory,P5,2026-02-18,6.0,5,0.18,percentage_change,healthy
440013,P5-KPI2,Capacity Utilization Trajectory,P5,2026-02-25,6.0,5,0.18,percentage_change,healthy
440013,P5-KPI2,Capacity Utilization Trajectory,P5,2026-03-04,6.0,5,0.18,percentage_change,healthy
440013,P5-KPI2,Capacity Utilization Trajectory,P5,2026-03-11,6.0,5,0.18,percentage_change,healthy
440013,P5-KPI2,Capacity Utilization Trajectory,P5,2026-03-18,6.0,5,0.18,percentage_change,healthy
440013,P5-KPI2,Capacity Utilization Trajectory,P5,2026-03-25,6.0,5,0.18,percentage_change,healthy
440013,P5-KPI3,Workload Growth Velocity,P5,2026-01-28,12.0,10,0.18,percentage_change,healthy
440013,P5-KPI3,Workload Growth Velocity,P5,2026-02-04,12.0,10,0.18,percentage_change,healthy
440013,P5-KPI3,Workload Growth Velocity,P5,2026-02-11,12.0,10,0.18,percentage_change,healthy
440013,P5-KPI3,Workload Growth Velocity,P5,2026-02-18,12.0,10,0.18,percentage_change,healthy
440013,P5-KPI3,Workload Growth Velocity,P5,2026-02-25,12.0,10,0.18,percentage_change,healthy
440013,P5-KPI3,Workload Growth Velocity,P5,2026-03-04,12.0,10,0.18,percentage_change,healthy
440013,P5-KPI3,Workload Growth Velocity,P5,2026-03-11,12.0,10,0.18,percentage_change,healthy
440013,P5-KPI3,Workload Growth Velocity,P5,2026-03-18,12.0,10,0.18,percentage_change,healthy
440013,P5-KPI3,Workload Growth Velocity,P5,2026-03-25,12.0,10,0.18,percentage_change,healthy
440013,P5-KPI4,Compute Hour Consumption Trend,P5,2026-01-28,18.0,15,0.15,percentage_change,healthy
440013,P5-KPI4,Compute Hour Consumption Trend,P5,2026-02-04,18.0,15,0.15,percentage_change,healthy
440013,P5-KPI4,Compute Hour Consumption Trend,P5,2026-02-11,18.0,15,0.15,percentage_change,healthy
440013,P5-KPI4,Compute Hour Consumption Trend,P5,2026-02-18,18.0,15,0.15,percentage_change,healthy
440013,P5-KPI4,Compute Hour Consumption Trend,P5,2026-02-25,18.0,15,0.15,percentage_change,healthy
440013,P5-KPI4,Compute Hour Consumption Trend,P5,2026-03-04,18.0,15,0.15,percentage_change,healthy
440013,P5-KPI4,Compute Hour Consumption Trend,P5,2026-03-11,18.0,15,0.15,percentage_change,healthy
440013,P5-KPI4,Compute Hour Consumption Trend,P5,2026-03-18,18.0,15,0.15,percentage_change,healthy
440013,P5-KPI4,Compute Hour Consumption Trend,P5,2026-03-25,18.0,15,0.15,percentage_change,healthy
440014,P1-KPI1,Time-to-First-Workload,P1,2026-01-28,7.0,14,0.2,days,healthy
440014,P1-KPI1,Time-to-First-Workload,P1,2026-02-04,7.0,14,0.2,days,healthy
440014,P1-KPI1,Time-to-First-Workload,P1,2026-02-11,7.0,14,0.2,days,healthy
440014,P1-KPI1,Time-to-First-Workload,P1,2026-02-18,7.0,14,0.2,days,healthy
440014,P1-KPI1,Time-to-First-Workload,P1,2026-02-25,7.0,14,0.2,days,healthy
440014,P1-KPI1,Time-to-First-Workload,P1,2026-03-04,7.0,14,0.2,days,healthy
440014,P1-KPI1,Time-to-First-Workload,P1,2026-03-11,7.0,14,0.2,days,healthy
440014,P1-KPI1,Time-to-First-Workload,P1,2026-03-18,7.0,14,0.2,days,healthy
440014,P1-KPI1,Time-to-First-Workload,P1,2026-03-25,7.0,14,0.2,days,healthy
440014,P1-KPI2,Installation Completion Rate,P1,2026-01-28,94.19,90,0.15,percentage,healthy
440014,P1-KPI2,Installation Completion Rate,P1,2026-02-04,93.66,90,0.15,percentage,healthy
440014,P1-KPI2,Installation Completion Rate,P1,2026-02-11,97.6,90,0.15,percentage,healthy
440014,P1-KPI2,Installation Completion Rate,P1,2026-02-18,102.97,90,0.15,percentage,healthy
440014,P1-KPI2,Installation Completion Rate,P1,2026-02-25,99.56,90,0.15,percentage,healthy
440014,P1-KPI2,Installation Completion Rate,P1,2026-03-04,104.7,90,0.15,percentage,healthy
440014,P1-KPI2,Installation Completion Rate,P1,2026-03-11,105.81,90,0.15,percentage,healthy
440014,P1-KPI2,Installation Completion Rate,P1,2026-03-18,106.53,90,0.15,percentage,healthy
440014,P1-KPI2,Installation Completion Rate,P1,2026-03-25,105.47,90,0.15,percentage,healthy
440014,P1-KPI4,Deployment Cycle Time,P1,2026-01-28,15.0,30,0.15,days,healthy
440014,P1-KPI4,Deployment Cycle Time,P1,2026-02-04,15.0,30,0.15,days,healthy
440014,P1-KPI4,Deployment Cycle Time,P1,2026-02-11,15.0,30,0.15,days,healthy
440014,P1-KPI4,Deployment Cycle Time,P1,2026-02-18,15.0,30,0.15,days,healthy
440014,P1-KPI4,Deployment Cycle Time,P1,2026-02-25,15.0,30,0.15,days,healthy
440014,P1-KPI4,Deployment Cycle Time,P1,2026-03-04,15.0,30,0.15,days,healthy
440014,P1-KPI4,Deployment Cycle Time,P1,2026-03-11,15.0,30,0.15,days,healthy
440014,P1-KPI4,Deployment Cycle Time,P1,2026-03-18,15.0,30,0.15,days,healthy
440014,P1-KPI4,Deployment Cycle Time,P1,2026-03-25,15.0,30,0.15,days,healthy
440014,P1-KPI5,Hardware Commissioning Time,P1,2026-01-28,3.5,7,0.13,days,healthy
440014,P1-KPI5,Hardware Commissioning Time,P1,2026-02-04,3.5,7,0.13,days,healthy
440014,P1-KPI5,Hardware Commissioning Time,P1,2026-02-11,3.5,7,0.13,days,healthy
440014,P1-KPI5,Hardware Commissioning Time,P1,2026-02-18,3.5,7,0.13,days,healthy
440014,P1-KPI5,Hardware Commissioning Time,P1,2026-02-25,3.5,7,0.13,days,healthy
440014,P1-KPI5,Hardware Commissioning Time,P1,2026-03-04,3.5,7,0.13,days,healthy
440014,P1-KPI5,Hardware Commissioning Time,P1,2026-03-11,3.5,7,0.13,days,healthy
440014,P1-KPI5,Hardware Commissioning Time,P1,2026-03-18,3.5,7,0.13,days,healthy
440014,P1-KPI5,Hardware Commissioning Time,P1,2026-03-25,3.5,7,0.13,days,healthy
440014,P2-KPI1,RMA Frequency Rate,P2,2026-01-28,1.3,2.6,0.2,percentage,risk
440014,P2-KPI1,RMA Frequency Rate,P2,2026-02-04,1.3,2.6,0.2,percentage,risk
440014,P2-KPI1,RMA Frequency Rate,P2,2026-02-11,1.3,2.6,0.2,percentage,risk
440014,P2-KPI1,RMA Frequency Rate,P2,2026-02-18,1.3,2.6,0.2,percentage,risk
440014,P2-KPI1,RMA Frequency Rate,P2,2026-02-25,1.3,2.6,0.2,percentage,risk
440014,P2-KPI1,RMA Frequency Rate,P2,2026-03-04,1.3,2.6,0.2,percentage,risk
440014,P2-KPI1,RMA Frequency Rate,P2,2026-03-11,1.3,2.6,0.2,percentage,risk
440014,P2-KPI1,RMA Frequency Rate,P2,2026-03-18,1.3,2.6,0.2,percentage,risk
440014,P2-KPI1,RMA Frequency Rate,P2,2026-03-25,1.3,2.6,0.2,percentage,risk
440014,P2-KPI2,MTBF (Mean Time Between Failures),P2,2026-01-28,10512.0,8760,0.18,hours,healthy
440014,P2-KPI2,MTBF (Mean Time Between Failures),P2,2026-02-04,10512.0,8760,0.18,hours,healthy
440014,P2-KPI2,MTBF (Mean Time Between Failures),P2,2026-02-11,10512.0,8760,0.18,hours,healthy
440014,P2-KPI2,MTBF (Mean Time Between Failures),P2,2026-02-18,10512.0,8760,0.18,hours,healthy
440014,P2-KPI2,MTBF (Mean Time Between Failures),P2,2026-02-25,10512.0,8760,0.18,hours,healthy
440014,P2-KPI2,MTBF (Mean Time Between Failures),P2,2026-03-04,10512.0,8760,0.18,hours,healthy
440014,P2-KPI2,MTBF (Mean Time Between Failures),P2,2026-03-11,10512.0,8760,0.18,hours,healthy
440014,P2-KPI2,MTBF (Mean Time Between Failures),P2,2026-03-18,10512.0,8760,0.18,hours,healthy
440014,P2-KPI2,MTBF (Mean Time Between Failures),P2,2026-03-25,10512.0,8760,0.18,hours,healthy
440014,P2-KPI3,Critical Incidents (30d),P2,2026-01-28,1.5,3,0.17,count,risk
440014,P2-KPI3,Critical Incidents (30d),P2,2026-02-04,1.5,3,0.17,count,risk
440014,P2-KPI3,Critical Incidents (30d),P2,2026-02-11,1.5,3,0.17,count,risk
440014,P2-KPI3,Critical Incidents (30d),P2,2026-02-18,1.5,3,0.17,count,risk
440014,P2-KPI3,Critical Incidents (30d),P2,2026-02-25,1.5,3,0.17,count,risk
440014,P2-KPI3,Critical Incidents (30d),P2,2026-03-04,1.5,3,0.17,count,risk
440014,P2-KPI3,Critical Incidents (30d),P2,2026-03-11,1.5,3,0.17,count,risk
440014,P2-KPI3,Critical Incidents (30d),P2,2026-03-18,1.5,3,0.17,count,risk
440014,P2-KPI3,Critical Incidents (30d),P2,2026-03-25,1.5,3,0.17,count,risk
440014,P2-KPI4,System Uptime Percentage,P2,2026-01-28,102.14,99.5,0.15,percentage,healthy
440014,P2-KPI4,System Uptime Percentage,P2,2026-02-04,98.71,99.5,0.15,percentage,risk
440014,P2-KPI4,System Uptime Percentage,P2,2026-02-11,105.48,99.5,0.15,percentage,healthy
440014,P2-KPI4,System Uptime Percentage,P2,2026-02-18,102.34,99.5,0.15,percentage,healthy
440014,P2-KPI4,System Uptime Percentage,P2,2026-02-25,106.93,99.5,0.15,percentage,healthy
440014,P2-KPI4,System Uptime Percentage,P2,2026-03-04,114.56,99.5,0.15,percentage,healthy
440014,P2-KPI4,System Uptime Percentage,P2,2026-03-11,113.03,99.5,0.15,percentage,healthy
440014,P2-KPI4,System Uptime Percentage,P2,2026-03-18,117.74,99.5,0.15,percentage,healthy
440014,P2-KPI4,System Uptime Percentage,P2,2026-03-25,116.9,99.5,0.15,percentage,healthy
440014,P3-KPI1,GPU Utilization Rate,P3,2026-01-28,78.0,65,0.22,percentage,healthy
440014,P3-KPI1,GPU Utilization Rate,P3,2026-02-04,78.0,65,0.22,percentage,healthy
440014,P3-KPI1,GPU Utilization Rate,P3,2026-02-11,78.0,65,0.22,percentage,healthy
440014,P3-KPI1,GPU Utilization Rate,P3,2026-02-18,78.0,65,0.22,percentage,healthy
440014,P3-KPI1,GPU Utilization Rate,P3,2026-02-25,78.0,65,0.22,percentage,healthy
440014,P3-KPI1,GPU Utilization Rate,P3,2026-03-04,78.0,65,0.22,percentage,healthy
440014,P3-KPI1,GPU Utilization Rate,P3,2026-03-11,78.0,65,0.22,percentage,healthy
440014,P3-KPI1,GPU Utilization Rate,P3,2026-03-18,78.0,65,0.22,percentage,healthy
440014,P3-KPI1,GPU Utilization Rate,P3,2026-03-25,78.0,65,0.22,percentage,healthy
440014,P3-KPI2,Training Job Completion Rate,P3,2026-01-28,95.52,90,0.2,percentage,healthy
440014,P3-KPI2,Training Job Completion Rate,P3,2026-02-04,95.88,90,0.2,percentage,healthy
440014,P3-KPI2,Training Job Completion Rate,P3,2026-02-11,100.43,90,0.2,percentage,healthy
440014,P3-KPI2,Training Job Completion Rate,P3,2026-02-18,98.41,90,0.2,percentage,healthy
440014,P3-KPI2,Training Job Completion Rate,P3,2026-02-25,105.01,90,0.2,percentage,healthy
440014,P3-KPI2,Training Job Completion Rate,P3,2026-03-04,98.62,90,0.2,percentage,healthy
440014,P3-KPI2,Training Job Completion Rate,P3,2026-03-11,108.0,90,0.2,percentage,healthy
440014,P3-KPI2,Training Job Completion Rate,P3,2026-03-18,106.84,90,0.2,percentage,healthy
440014,P3-KPI2,Training Job Completion Rate,P3,2026-03-25,107.41,90,0.2,percentage,healthy
440014,P3-KPI3,Inference Latency (P95),P3,2026-01-28,25.0,50,0.15,milliseconds,healthy
440014,P3-KPI3,Inference Latency (P95),P3,2026-02-04,25.0,50,0.15,milliseconds,healthy
440014,P3-KPI3,Inference Latency (P95),P3,2026-02-11,25.0,50,0.15,milliseconds,healthy
440014,P3-KPI3,Inference Latency (P95),P3,2026-02-18,25.0,50,0.15,milliseconds,healthy
440014,P3-KPI3,Inference Latency (P95),P3,2026-02-25,25.0,50,0.15,milliseconds,healthy
440014,P3-KPI3,Inference Latency (P95),P3,2026-03-04,25.0,50,0.15,milliseconds,healthy
440014,P3-KPI3,Inference Latency (P95),P3,2026-03-11,25.0,50,0.15,milliseconds,healthy
440014,P3-KPI3,Inference Latency (P95),P3,2026-03-18,25.0,50,0.15,milliseconds,healthy
440014,P3-KPI3,Inference Latency (P95),P3,2026-03-25,25.0,50,0.15,milliseconds,healthy
440014,P3-KPI4,Model Training Time,P3,2026-01-28,12.0,24,0.14,hours,healthy
440014,P3-KPI4,Model Training Time,P3,2026-02-04,12.0,24,0.14,hours,healthy
440014,P3-KPI4,Model Training Time,P3,2026-02-11,12.0,24,0.14,hours,healthy
440014,P3-KPI4,Model Training Time,P3,2026-02-18,12.0,24,0.14,hours,healthy
440014,P3-KPI4,Model Training Time,P3,2026-02-25,12.0,24,0.14,hours,healthy
440014,P3-KPI4,Model Training Time,P3,2026-03-04,12.0,24,0.14,hours,healthy
440014,P3-KPI4,Model Training Time,P3,2026-03-11,12.0,24,0.14,hours,healthy
440014,P3-KPI4,Model Training Time,P3,2026-03-18,12.0,24,0.14,hours,healthy
440014,P3-KPI4,Model Training Time,P3,2026-03-25,12.0,24,0.14,hours,healthy
440014,P4-KPI1,Partner Engagement Score,P4,2026-01-28,86.49,75,0.22,score,healthy
440014,P4-KPI1,Partner Engagement Score,P4,2026-02-04,87.35,75,0.22,score,healthy
440014,P4-KPI1,Partner Engagement Score,P4,2026-02-11,90.0,75,0.22,score,healthy
440014,P4-KPI1,Partner Engagement Score,P4,2026-02-18,87.8,75,0.22,score,healthy
440014,P4-KPI1,Partner Engagement Score,P4,2026-02-25,90.0,75,0.22,score,healthy
440014,P4-KPI1,Partner Engagement Score,P4,2026-03-04,90.0,75,0.22,score,healthy
440014,P4-KPI1,Partner Engagement Score,P4,2026-03-11,90.0,75,0.22,score,healthy
440014,P4-KPI1,Partner Engagement Score,P4,2026-03-18,90.0,75,0.22,score,healthy
440014,P4-KPI1,Partner Engagement Score,P4,2026-03-25,90.0,75,0.22,score,healthy
440014,P4-KPI2,VAR Performance Rating,P4,2026-01-28,88.83,80,0.2,score,healthy
440014,P4-KPI2,VAR Performance Rating,P4,2026-02-04,87.21,80,0.2,score,healthy
440014,P4-KPI2,VAR Performance Rating,P4,2026-02-11,89.82,80,0.2,score,healthy
440014,P4-KPI2,VAR Performance Rating,P4,2026-02-18,94.72,80,0.2,score,healthy
440014,P4-KPI2,VAR Performance Rating,P4,2026-02-25,93.0,80,0.2,score,healthy
440014,P4-KPI2,VAR Performance Rating,P4,2026-03-04,96.0,80,0.2,score,healthy
440014,P4-KPI2,VAR Performance Rating,P4,2026-03-11,96.0,80,0.2,score,healthy
440014,P4-KPI2,VAR Performance Rating,P4,2026-03-18,96.0,80,0.2,score,healthy
440014,P4-KPI2,VAR Performance Rating,P4,2026-03-25,96.0,80,0.2,score,healthy
440014,P4-KPI3,Joint QBR Frequency,P4,2026-01-28,4.8,4,0.18,count,healthy
440014,P4-KPI3,Joint QBR Frequency,P4,2026-02-04,4.8,4,0.18,count,healthy
440014,P4-KPI3,Joint QBR Frequency,P4,2026-02-11,4.8,4,0.18,count,healthy
440014,P4-KPI3,Joint QBR Frequency,P4,2026-02-18,4.8,4,0.18,count,healthy
440014,P4-KPI3,Joint QBR Frequency,P4,2026-02-25,4.8,4,0.18,count,healthy
440014,P4-KPI3,Joint QBR Frequency,P4,2026-03-04,4.8,4,0.18,count,healthy
440014,P4-KPI3,Joint QBR Frequency,P4,2026-03-11,4.8,4,0.18,count,healthy
440014,P4-KPI3,Joint QBR Frequency,P4,2026-03-18,4.8,4,0.18,count,healthy
440014,P4-KPI3,Joint QBR Frequency,P4,2026-03-25,4.8,4,0.18,count,healthy
440014,P4-KPI4,Channel Conflict Score,P4,2026-01-28,10.0,20,0.15,score,healthy
440014,P4-KPI4,Channel Conflict Score,P4,2026-02-04,10.0,20,0.15,score,healthy
440014,P4-KPI4,Channel Conflict Score,P4,2026-02-11,10.0,20,0.15,score,healthy
440014,P4-KPI4,Channel Conflict Score,P4,2026-02-18,10.0,20,0.15,score,healthy
440014,P4-KPI4,Channel Conflict Score,P4,2026-02-25,10.0,20,0.15,score,healthy
440014,P4-KPI4,Channel Conflict Score,P4,2026-03-04,10.0,20,0.15,score,healthy
440014,P4-KPI4,Channel Conflict Score,P4,2026-03-11,10.0,20,0.15,score,healthy
440014,P4-KPI4,Channel Conflict Score,P4,2026-03-18,10.0,20,0.15,score,healthy
440014,P4-KPI4,Channel Conflict Score,P4,2026-03-25,10.0,20,0.15,score,healthy
440014,P5-KPI1,Capacity Utilization Rate,P5,2026-01-28,77.35,70,0.18,percentage,healthy
440014,P5-KPI1,Capacity Utilization Rate,P5,2026-02-04,77.13,70,0.18,percentage,healthy
440014,P5-KPI1,Capacity Utilization Rate,P5,2026-02-11,82.75,70,0.18,percentage,healthy
440014,P5-KPI1,Capacity Utilization Rate,P5,2026-02-18,83.86,70,0.18,percentage,healthy
440014,P5-KPI1,Capacity Utilization Rate,P5,2026-02-25,84.0,70,0.18,percentage,healthy
440014,P5-KPI1,Capacity Utilization Rate,P5,2026-03-04,84.0,70,0.18,percentage,healthy
440014,P5-KPI1,Capacity Utilization Rate,P5,2026-03-11,84.0,70,0.18,percentage,healthy
440014,P5-KPI1,Capacity Utilization Rate,P5,2026-03-18,84.0,70,0.18,percentage,healthy
440014,P5-KPI1,Capacity Utilization Rate,P5,2026-03-25,84.0,70,0.18,percentage,healthy
440014,P5-KPI2,Capacity Utilization Trajectory,P5,2026-01-28,6.0,5,0.18,percentage_change,healthy
440014,P5-KPI2,Capacity Utilization Trajectory,P5,2026-02-04,6.0,5,0.18,percentage_change,healthy
440014,P5-KPI2,Capacity Utilization Trajectory,P5,2026-02-11,6.0,5,0.18,percentage_change,healthy
440014,P5-KPI2,Capacity Utilization Trajectory,P5,2026-02-18,6.0,5,0.18,percentage_change,healthy
440014,P5-KPI2,Capacity Utilization Trajectory,P5,2026-02-25,6.0,5,0.18,percentage_change,healthy
440014,P5-KPI2,Capacity Utilization Trajectory,P5,2026-03-04,6.0,5,0.18,percentage_change,healthy
440014,P5-KPI2,Capacity Utilization Trajectory,P5,2026-03-11,6.0,5,0.18,percentage_change,healthy
440014,P5-KPI2,Capacity Utilization Trajectory,P5,2026-03-18,6.0,5,0.18,percentage_change,healthy
440014,P5-KPI2,Capacity Utilization Trajectory,P5,2026-03-25,6.0,5,0.18,percentage_change,healthy
440014,P5-KPI3,Workload Growth Velocity,P5,2026-01-28,12.0,10,0.18,percentage_change,healthy
440014,P5-KPI3,Workload Growth Velocity,P5,2026-02-04,12.0,10,0.18,percentage_change,healthy
440014,P5-KPI3,Workload Growth Velocity,P5,2026-02-11,12.0,10,0.18,percentage_change,healthy
440014,P5-KPI3,Workload Growth Velocity,P5,2026-02-18,12.0,10,0.18,percentage_change,healthy
440014,P5-KPI3,Workload Growth Velocity,P5,2026-02-25,12.0,10,0.18,percentage_change,healthy
440014,P5-KPI3,Workload Growth Velocity,P5,2026-03-04,12.0,10,0.18,percentage_change,healthy
440014,P5-KPI3,Workload Growth Velocity,P5,2026-03-11,12.0,10,0.18,percentage_change,healthy
440014,P5-KPI3,Workload Growth Velocity,P5,2026-03-18,12.0,10,0.18,percentage_change,healthy
440014,P5-KPI3,Workload Growth Velocity,P5,2026-03-25,12.0,10,0.18,percentage_change,healthy
440014,P5-KPI4,Compute Hour Consumption Trend,P5,2026-01-28,18.0,15,0.15,percentage_change,healthy
440014,P5-KPI4,Compute Hour Consumption Trend,P5,2026-02-04,18.0,15,0.15,percentage_change,healthy
440014,P5-KPI4,Compute Hour Consumption Trend,P5,2026-02-11,18.0,15,0.15,percentage_change,healthy
440014,P5-KPI4,Compute Hour Consumption Trend,P5,2026-02-18,18.0,15,0.15,percentage_change,healthy
440014,P5-KPI4,Compute Hour Consumption Trend,P5,2026-02-25,18.0,15,0.15,percentage_change,healthy
440014,P5-KPI4,Compute Hour Consumption Trend,P5,2026-03-04,18.0,15,0.15,percentage_change,healthy
440014,P5-KPI4,Compute Hour Consumption Trend,P5,2026-03-11,18.0,15,0.15,percentage_change,healthy
440014,P5-KPI4,Compute Hour Consumption Trend,P5,2026-03-18,18.0,15,0.15,percentage_change,healthy
440014,P5-KPI4,Compute Hour Consumption Trend,P5,2026-03-25,18.0,15,0.15,percentage_change,healthy
440015,P1-KPI1,Time-to-First-Workload,P1,2026-01-28,7.0,14,0.2,days,healthy
440015,P1-KPI1,Time-to-First-Workload,P1,2026-02-04,7.0,14,0.2,days,healthy
440015,P1-KPI1,Time-to-First-Workload,P1,2026-02-11,7.0,14,0.2,days,healthy
440015,P1-KPI1,Time-to-First-Workload,P1,2026-02-18,7.0,14,0.2,days,healthy
440015,P1-KPI1,Time-to-First-Workload,P1,2026-02-25,7.0,14,0.2,days,healthy
440015,P1-KPI1,Time-to-First-Workload,P1,2026-03-04,7.0,14,0.2,days,healthy
440015,P1-KPI1,Time-to-First-Workload,P1,2026-03-11,7.0,14,0.2,days,healthy
440015,P1-KPI1,Time-to-First-Workload,P1,2026-03-18,7.0,14,0.2,days,healthy
440015,P1-KPI1,Time-to-First-Workload,P1,2026-03-25,7.0,14,0.2,days,healthy
440015,P1-KPI2,Installation Completion Rate,P1,2026-01-28,95.08,90,0.15,percentage,healthy
440015,P1-KPI2,Installation Completion Rate,P1,2026-02-04,101.16,90,0.15,percentage,healthy
440015,P1-KPI2,Installation Completion Rate,P1,2026-02-11,93.51,90,0.15,percentage,healthy
440015,P1-KPI2,Installation Completion Rate,P1,2026-02-18,95.55,90,0.15,percentage,healthy
440015,P1-KPI2,Installation Completion Rate,P1,2026-02-25,97.63,90,0.15,percentage,healthy
440015,P1-KPI2,Installation Completion Rate,P1,2026-03-04,99.53,90,0.15,percentage,healthy
440015,P1-KPI2,Installation Completion Rate,P1,2026-03-11,96.93,90,0.15,percentage,healthy
440015,P1-KPI2,Installation Completion Rate,P1,2026-03-18,95.39,90,0.15,percentage,healthy
440015,P1-KPI2,Installation Completion Rate,P1,2026-03-25,98.79,90,0.15,percentage,healthy
440015,P1-KPI4,Deployment Cycle Time,P1,2026-01-28,15.0,30,0.15,days,healthy
440015,P1-KPI4,Deployment Cycle Time,P1,2026-02-04,15.0,30,0.15,days,healthy
440015,P1-KPI4,Deployment Cycle Time,P1,2026-02-11,15.0,30,0.15,days,healthy
440015,P1-KPI4,Deployment Cycle Time,P1,2026-02-18,15.0,30,0.15,days,healthy
440015,P1-KPI4,Deployment Cycle Time,P1,2026-02-25,15.0,30,0.15,days,healthy
440015,P1-KPI4,Deployment Cycle Time,P1,2026-03-04,15.0,30,0.15,days,healthy
440015,P1-KPI4,Deployment Cycle Time,P1,2026-03-11,15.0,30,0.15,days,healthy
440015,P1-KPI4,Deployment Cycle Time,P1,2026-03-18,15.0,30,0.15,days,healthy
440015,P1-KPI4,Deployment Cycle Time,P1,2026-03-25,15.0,30,0.15,days,healthy
440015,P1-KPI5,Hardware Commissioning Time,P1,2026-01-28,3.5,7,0.13,days,healthy
440015,P1-KPI5,Hardware Commissioning Time,P1,2026-02-04,3.5,7,0.13,days,healthy
440015,P1-KPI5,Hardware Commissioning Time,P1,2026-02-11,3.5,7,0.13,days,healthy
440015,P1-KPI5,Hardware Commissioning Time,P1,2026-02-18,3.5,7,0.13,days,healthy
440015,P1-KPI5,Hardware Commissioning Time,P1,2026-02-25,3.5,7,0.13,days,healthy
440015,P1-KPI5,Hardware Commissioning Time,P1,2026-03-04,3.5,7,0.13,days,healthy
440015,P1-KPI5,Hardware Commissioning Time,P1,2026-03-11,3.5,7,0.13,days,healthy
440015,P1-KPI5,Hardware Commissioning Time,P1,2026-03-18,3.5,7,0.13,days,healthy
440015,P1-KPI5,Hardware Commissioning Time,P1,2026-03-25,3.5,7,0.13,days,healthy
440015,P2-KPI1,RMA Frequency Rate,P2,2026-01-28,1.3,2.6,0.2,percentage,risk
440015,P2-KPI1,RMA Frequency Rate,P2,2026-02-04,1.3,2.6,0.2,percentage,risk
440015,P2-KPI1,RMA Frequency Rate,P2,2026-02-11,1.3,2.6,0.2,percentage,risk
440015,P2-KPI1,RMA Frequency Rate,P2,2026-02-18,1.3,2.6,0.2,percentage,risk
440015,P2-KPI1,RMA Frequency Rate,P2,2026-02-25,1.3,2.6,0.2,percentage,risk
440015,P2-KPI1,RMA Frequency Rate,P2,2026-03-04,1.3,2.6,0.2,percentage,risk
440015,P2-KPI1,RMA Frequency Rate,P2,2026-03-11,1.3,2.6,0.2,percentage,risk
440015,P2-KPI1,RMA Frequency Rate,P2,2026-03-18,1.3,2.6,0.2,percentage,risk
440015,P2-KPI1,RMA Frequency Rate,P2,2026-03-25,1.3,2.6,0.2,percentage,risk
440015,P2-KPI2,MTBF (Mean Time Between Failures),P2,2026-01-28,10512.0,8760,0.18,hours,healthy
440015,P2-KPI2,MTBF (Mean Time Between Failures),P2,2026-02-04,10512.0,8760,0.18,hours,healthy
440015,P2-KPI2,MTBF (Mean Time Between Failures),P2,2026-02-11,10512.0,8760,0.18,hours,healthy
440015,P2-KPI2,MTBF (Mean Time Between Failures),P2,2026-02-18,10512.0,8760,0.18,hours,healthy
440015,P2-KPI2,MTBF (Mean Time Between Failures),P2,2026-02-25,10512.0,8760,0.18,hours,healthy
440015,P2-KPI2,MTBF (Mean Time Between Failures),P2,2026-03-04,10512.0,8760,0.18,hours,healthy
440015,P2-KPI2,MTBF (Mean Time Between Failures),P2,2026-03-11,10512.0,8760,0.18,hours,healthy
440015,P2-KPI2,MTBF (Mean Time Between Failures),P2,2026-03-18,10512.0,8760,0.18,hours,healthy
440015,P2-KPI2,MTBF (Mean Time Between Failures),P2,2026-03-25,10512.0,8760,0.18,hours,healthy
440015,P2-KPI3,Critical Incidents (30d),P2,2026-01-28,1.5,3,0.17,count,risk
440015,P2-KPI3,Critical Incidents (30d),P2,2026-02-04,1.5,3,0.17,count,risk
440015,P2-KPI3,Critical Incidents (30d),P2,2026-02-11,1.5,3,0.17,count,risk
440015,P2-KPI3,Critical Incidents (30d),P2,2026-02-18,1.5,3,0.17,count,risk
440015,P2-KPI3,Critical Incidents (30d),P2,2026-02-25,1.5,3,0.17,count,risk
440015,P2-KPI3,Critical Incidents (30d),P2,2026-03-04,1.5,3,0.17,count,risk
440015,P2-KPI3,Critical Incidents (30d),P2,2026-03-11,1.5,3,0.17,count,risk
440015,P2-KPI3,Critical Incidents (30d),P2,2026-03-18,1.5,3,0.17,count,risk
440015,P2-KPI3,Critical Incidents (30d),P2,2026-03-25,1.5,3,0.17,count,risk
440015,P2-KPI4,System Uptime Percentage,P2,2026-01-28,104.38,99.5,0.15,percentage,healthy
440015,P2-KPI4,System Uptime Percentage,P2,2026-02-04,99.87,99.5,0.15,percentage,healthy
440015,P2-KPI4,System Uptime Percentage,P2,2026-02-11,98.61,99.5,0.15,percentage,risk
440015,P2-KPI4,System Uptime Percentage,P2,2026-02-18,100.76,99.5,0.15,percentage,healthy
440015,P2-KPI4,System Uptime Percentage,P2,2026-02-25,104.36,99.5,0.15,percentage,healthy
440015,P2-KPI4,System Uptime Percentage,P2,2026-03-04,95.18,99.5,0.15,percentage,critical
440015,P2-KPI4,System Uptime Percentage,P2,2026-03-11,98.78,99.5,0.15,percentage,risk
440015,P2-KPI4,System Uptime Percentage,P2,2026-03-18,92.73,99.5,0.15,percentage,critical
440015,P2-KPI4,System Uptime Percentage,P2,2026-03-25,95.87,99.5,0.15,percentage,critical
440015,P3-KPI1,GPU Utilization Rate,P3,2026-01-28,78.0,65,0.22,percentage,healthy
440015,P3-KPI1,GPU Utilization Rate,P3,2026-02-04,78.0,65,0.22,percentage,healthy
440015,P3-KPI1,GPU Utilization Rate,P3,2026-02-11,78.0,65,0.22,percentage,healthy
440015,P3-KPI1,GPU Utilization Rate,P3,2026-02-18,78.0,65,0.22,percentage,healthy
440015,P3-KPI1,GPU Utilization Rate,P3,2026-02-25,78.0,65,0.22,percentage,healthy
440015,P3-KPI1,GPU Utilization Rate,P3,2026-03-04,78.0,65,0.22,percentage,healthy
440015,P3-KPI1,GPU Utilization Rate,P3,2026-03-11,78.0,65,0.22,percentage,healthy
440015,P3-KPI1,GPU Utilization Rate,P3,2026-03-18,78.0,65,0.22,percentage,healthy
440015,P3-KPI1,GPU Utilization Rate,P3,2026-03-25,78.0,65,0.22,percentage,healthy
440015,P3-KPI2,Training Job Completion Rate,P3,2026-01-28,100.27,90,0.2,percentage,healthy
440015,P3-KPI2,Training Job Completion Rate,P3,2026-02-04,96.64,90,0.2,percentage,healthy
440015,P3-KPI2,Training Job Completion Rate,P3,2026-02-11,99.4,90,0.2,percentage,healthy
440015,P3-KPI2,Training Job Completion Rate,P3,2026-02-18,93.91,90,0.2,percentage,healthy
440015,P3-KPI2,Training Job Completion Rate,P3,2026-02-25,92.16,90,0.2,percentage,healthy
440015,P3-KPI2,Training Job Completion Rate,P3,2026-03-04,95.2,90,0.2,percentage,healthy
440015,P3-KPI2,Training Job Completion Rate,P3,2026-03-11,97.85,90,0.2,percentage,healthy
440015,P3-KPI2,Training Job Completion Rate,P3,2026-03-18,87.22,90,0.2,percentage,risk
440015,P3-KPI2,Training Job Completion Rate,P3,2026-03-25,95.38,90,0.2,percentage,healthy
440015,P3-KPI3,Inference Latency (P95),P3,2026-01-28,25.0,50,0.15,milliseconds,healthy
440015,P3-KPI3,Inference Latency (P95),P3,2026-02-04,25.0,50,0.15,milliseconds,healthy
440015,P3-KPI3,Inference Latency (P95),P3,2026-02-11,25.0,50,0.15,milliseconds,healthy
440015,P3-KPI3,Inference Latency (P95),P3,2026-02-18,25.0,50,0.15,milliseconds,healthy
440015,P3-KPI3,Inference Latency (P95),P3,2026-02-25,25.0,50,0.15,milliseconds,healthy
440015,P3-KPI3,Inference Latency (P95),P3,2026-03-04,25.0,50,0.15,milliseconds,healthy
440015,P3-KPI3,Inference Latency (P95),P3,2026-03-11,25.0,50,0.15,milliseconds,healthy
440015,P3-KPI3,Inference Latency (P95),P3,2026-03-18,25.0,50,0.15,milliseconds,healthy
440015,P3-KPI3,Inference Latency (P95),P3,2026-03-25,25.0,50,0.15,milliseconds,healthy
440015,P3-KPI4,Model Training Time,P3,2026-01-28,12.0,24,0.14,hours,healthy
440015,P3-KPI4,Model Training Time,P3,2026-02-04,12.0,24,0.14,hours,healthy
440015,P3-KPI4,Model Training Time,P3,2026-02-11,12.0,24,0.14,hours,healthy
440015,P3-KPI4,Model Training Time,P3,2026-02-18,12.0,24,0.14,hours,healthy
440015,P3-KPI4,Model Training Time,P3,2026-02-25,12.0,24,0.14,hours,healthy
440015,P3-KPI4,Model Training Time,P3,2026-03-04,12.0,24,0.14,hours,healthy
440015,P3-KPI4,Model Training Time,P3,2026-03-11,12.0,24,0.14,hours,healthy
440015,P3-KPI4,Model Training Time,P3,2026-03-18,12.0,24,0.14,hours,healthy
440015,P3-KPI4,Model Training Time,P3,2026-03-25,12.0,24,0.14,hours,healthy
440015,P4-KPI1,Partner Engagement Score,P4,2026-01-28,89.52,75,0.22,score,healthy
440015,P4-KPI1,Partner Engagement Score,P4,2026-02-04,90.0,75,0.22,score,healthy
440015,P4-KPI1,Partner Engagement Score,P4,2026-02-11,88.52,75,0.22,score,healthy
440015,P4-KPI1,Partner Engagement Score,P4,2026-02-18,90.0,75,0.22,score,healthy
440015,P4-KPI1,Partner Engagement Score,P4,2026-02-25,90.0,75,0.22,score,healthy
440015,P4-KPI1,Partner Engagement Score,P4,2026-03-04,90.0,75,0.22,score,healthy
440015,P4-KPI1,Partner Engagement Score,P4,2026-03-11,87.53,75,0.22,score,healthy
440015,P4-KPI1,Partner Engagement Score,P4,2026-03-18,89.3,75,0.22,score,healthy
440015,P4-KPI1,Partner Engagement Score,P4,2026-03-25,88.97,75,0.22,score,healthy
440015,P4-KPI2,VAR Performance Rating,P4,2026-01-28,95.58,80,0.2,score,healthy
440015,P4-KPI2,VAR Performance Rating,P4,2026-02-04,96.0,80,0.2,score,healthy
440015,P4-KPI2,VAR Performance Rating,P4,2026-02-11,91.47,80,0.2,score,healthy
440015,P4-KPI2,VAR Performance Rating,P4,2026-02-18,92.01,80,0.2,score,healthy
440015,P4-KPI2,VAR Performance Rating,P4,2026-02-25,87.21,80,0.2,score,healthy
440015,P4-KPI2,VAR Performance Rating,P4,2026-03-04,86.29,80,0.2,score,healthy
440015,P4-KPI2,VAR Performance Rating,P4,2026-03-11,85.2,80,0.2,score,healthy
440015,P4-KPI2,VAR Performance Rating,P4,2026-03-18,88.03,80,0.2,score,healthy
440015,P4-KPI2,VAR Performance Rating,P4,2026-03-25,91.06,80,0.2,score,healthy
440015,P4-KPI3,Joint QBR Frequency,P4,2026-01-28,4.8,4,0.18,count,healthy
440015,P4-KPI3,Joint QBR Frequency,P4,2026-02-04,4.8,4,0.18,count,healthy
440015,P4-KPI3,Joint QBR Frequency,P4,2026-02-11,4.8,4,0.18,count,healthy
440015,P4-KPI3,Joint QBR Frequency,P4,2026-02-18,4.8,4,0.18,count,healthy
440015,P4-KPI3,Joint QBR Frequency,P4,2026-02-25,4.8,4,0.18,count,healthy
440015,P4-KPI3,Joint QBR Frequency,P4,2026-03-04,4.8,4,0.18,count,healthy
440015,P4-KPI3,Joint QBR Frequency,P4,2026-03-11,4.8,4,0.18,count,healthy
440015,P4-KPI3,Joint QBR Frequency,P4,2026-03-18,4.8,4,0.18,count,healthy
440015,P4-KPI3,Joint QBR Frequency,P4,2026-03-25,4.8,4,0.18,count,healthy
440015,P4-KPI4,Channel Conflict Score,P4,2026-01-28,10.0,20,0.15,score,healthy
440015,P4-KPI4,Channel Conflict Score,P4,2026-02-04,10.0,20,0.15,score,healthy
440015,P4-KPI4,Channel Conflict Score,P4,2026-02-11,10.0,20,0.15,score,healthy
440015,P4-KPI4,Channel Conflict Score,P4,2026-02-18,10.0,20,0.15,score,healthy
440015,P4-KPI4,Channel Conflict Score,P4,2026-02-25,10.0,20,0.15,score,healthy
440015,P4-KPI4,Channel Conflict Score,P4,2026-03-04,10.0,20,0.15,score,healthy
440015,P4-KPI4,Channel Conflict Score,P4,2026-03-11,10.0,20,0.15,score,healthy
440015,P4-KPI4,Channel Conflict Score,P4,2026-03-18,10.0,20,0.15,score,healthy
440015,P4-KPI4,Channel Conflict Score,P4,2026-03-25,10.0,20,0.15,score,healthy
440015,P5-KPI1,Capacity Utilization Rate,P5,2026-01-28,81.67,70,0.18,percentage,healthy
440015,P5-KPI1,Capacity Utilization Rate,P5,2026-02-04,78.84,70,0.18,percentage,healthy
440015,P5-KPI1,Capacity Utilization Rate,P5,2026-02-11,82.1,70,0.18,percentage,healthy
440015,P5-KPI1,Capacity Utilization Rate,P5,2026-02-18,78.72,70,0.18,percentage,healthy
440015,P5-KPI1,Capacity Utilization Rate,P5,2026-02-25,81.32,70,0.18,percentage,healthy
440015,P5-KPI1,Capacity Utilization Rate,P5,2026-03-04,82.52,70,0.18,percentage,healthy
440015,P5-KPI1,Capacity Utilization Rate,P5,2026-03-11,82.05,70,0.18,percentage,healthy
440015,P5-KPI1,Capacity Utilization Rate,P5,2026-03-18,84.0,70,0.18,percentage,healthy
440015,P5-KPI1,Capacity Utilization Rate,P5,2026-03-25,84.0,70,0.18,percentage,healthy
440015,P5-KPI2,Capacity Utilization Trajectory,P5,2026-01-28,6.0,5,0.18,percentage_change,healthy
440015,P5-KPI2,Capacity Utilization Trajectory,P5,2026-02-04,6.0,5,0.18,percentage_change,healthy
440015,P5-KPI2,Capacity Utilization Trajectory,P5,2026-02-11,6.0,5,0.18,percentage_change,healthy
440015,P5-KPI2,Capacity Utilization Trajectory,P5,2026-02-18,6.0,5,0.18,percentage_change,healthy
440015,P5-KPI2,Capacity Utilization Trajectory,P5,2026-02-25,6.0,5,0.18,percentage_change,healthy
440015,P5-KPI2,Capacity Utilization Trajectory,P5,2026-03-04,6.0,5,0.18,percentage_change,healthy
440015,P5-KPI2,Capacity Utilization Trajectory,P5,2026-03-11,6.0,5,0.18,percentage_change,healthy
440015,P5-KPI2,Capacity Utilization Trajectory,P5,2026-03-18,6.0,5,0.18,percentage_change,healthy
440015,P5-KPI2,Capacity Utilization Trajectory,P5,2026-03-25,6.0,5,0.18,percentage_change,healthy
440015,P5-KPI3,Workload Growth Velocity,P5,2026-01-28,12.0,10,0.18,percentage_change,healthy
440015,P5-KPI3,Workload Growth Velocity,P5,2026-02-04,12.0,10,0.18,percentage_change,healthy
440015,P5-KPI3,Workload Growth Velocity,P5,2026-02-11,12.0,10,0.18,percentage_change,healthy
440015,P5-KPI3,Workload Growth Velocity,P5,2026-02-18,12.0,10,0.18,percentage_change,healthy
440015,P5-KPI3,Workload Growth Velocity,P5,2026-02-25,12.0,10,0.18,percentage_change,healthy
440015,P5-KPI3,Workload Growth Velocity,P5,2026-03-04,12.0,10,0.18,percentage_change,healthy
440015,P5-KPI3,Workload Growth Velocity,P5,2026-03-11,12.0,10,0.18,percentage_change,healthy
440015,P5-KPI3,Workload Growth Velocity,P5,2026-03-18,12.0,10,0.18,percentage_change,healthy
440015,P5-KPI3,Workload Growth Velocity,P5,2026-03-25,12.0,10,0.18,percentage_change,healthy
440015,P5-KPI4,Compute Hour Consumption Trend,P5,2026-01-28,18.0,15,0.15,percentage_change,healthy
440015,P5-KPI4,Compute Hour Consumption Trend,P5,2026-02-04,18.0,15,0.15,percentage_change,healthy
440015,P5-KPI4,Compute Hour Consumption Trend,P5,2026-02-11,18.0,15,0.15,percentage_change,healthy
440015,P5-KPI4,Compute Hour Consumption Trend,P5,2026-02-18,18.0,15,0.15,percentage_change,healthy
440015,P5-KPI4,Compute Hour Consumption Trend,P5,2026-02-25,18.0,15,0.15,percentage_change,healthy
440015,P5-KPI4,Compute Hour Consumption Trend,P5,2026-03-04,18.0,15,0.15,percentage_change,healthy
440015,P5-KPI4,Compute Hour Consumption Trend,P5,2026-03-11,18.0,15,0.15,percentage_change,healthy
440015,P5-KPI4,Compute Hour Consumption Trend,P5,2026-03-18,18.0,15,0.15,percentage_change,healthy
440015,P5-KPI4,Compute Hour Consumption Trend,P5,2026-03-25,18.0,15,0.15,percentage_change,healthy
440016,P1-KPI1,Time-to-First-Workload,P1,2026-01-28,7.0,14,0.2,days,healthy
440016,P1-KPI1,Time-to-First-Workload,P1,2026-02-04,7.0,14,0.2,days,healthy
440016,P1-KPI1,Time-to-First-Workload,P1,2026-02-11,7.0,14,0.2,days,healthy
440016,P1-KPI1,Time-to-First-Workload,P1,2026-02-18,7.0,14,0.2,days,healthy
440016,P1-KPI1,Time-to-First-Workload,P1,2026-02-25,7.0,14,0.2,days,healthy
440016,P1-KPI1,Time-to-First-Workload,P1,2026-03-04,7.0,14,0.2,days,healthy
440016,P1-KPI1,Time-to-First-Workload,P1,2026-03-11,7.0,14,0.2,days,healthy
440016,P1-KPI1,Time-to-First-Workload,P1,2026-03-18,7.0,14,0.2,days,healthy
440016,P1-KPI1,Time-to-First-Workload,P1,2026-03-25,7.0,14,0.2,days,healthy
440016,P1-KPI2,Installation Completion Rate,P1,2026-01-28,87.9,90,0.15,percentage,risk
440016,P1-KPI2,Installation Completion Rate,P1,2026-02-04,101.31,90,0.15,percentage,healthy
440016,P1-KPI2,Installation Completion Rate,P1,2026-02-11,103.46,90,0.15,percentage,healthy
440016,P1-KPI2,Installation Completion Rate,P1,2026-02-18,95.56,90,0.15,percentage,healthy
440016,P1-KPI2,Installation Completion Rate,P1,2026-02-25,101.17,90,0.15,percentage,healthy
440016,P1-KPI2,Installation Completion Rate,P1,2026-03-04,93.53,90,0.15,percentage,healthy
440016,P1-KPI2,Installation Completion Rate,P1,2026-03-11,91.54,90,0.15,percentage,healthy
440016,P1-KPI2,Installation Completion Rate,P1,2026-03-18,102.14,90,0.15,percentage,healthy
440016,P1-KPI2,Installation Completion Rate,P1,2026-03-25,100.39,90,0.15,percentage,healthy
440016,P1-KPI4,Deployment Cycle Time,P1,2026-01-28,15.0,30,0.15,days,healthy
440016,P1-KPI4,Deployment Cycle Time,P1,2026-02-04,15.0,30,0.15,days,healthy
440016,P1-KPI4,Deployment Cycle Time,P1,2026-02-11,15.0,30,0.15,days,healthy
440016,P1-KPI4,Deployment Cycle Time,P1,2026-02-18,15.0,30,0.15,days,healthy
440016,P1-KPI4,Deployment Cycle Time,P1,2026-02-25,15.0,30,0.15,days,healthy
440016,P1-KPI4,Deployment Cycle Time,P1,2026-03-04,15.0,30,0.15,days,healthy
440016,P1-KPI4,Deployment Cycle Time,P1,2026-03-11,15.0,30,0.15,days,healthy
440016,P1-KPI4,Deployment Cycle Time,P1,2026-03-18,15.0,30,0.15,days,healthy
440016,P1-KPI4,Deployment Cycle Time,P1,2026-03-25,15.0,30,0.15,days,healthy
440016,P1-KPI5,Hardware Commissioning Time,P1,2026-01-28,3.5,7,0.13,days,healthy
440016,P1-KPI5,Hardware Commissioning Time,P1,2026-02-04,3.5,7,0.13,days,healthy
440016,P1-KPI5,Hardware Commissioning Time,P1,2026-02-11,3.5,7,0.13,days,healthy
440016,P1-KPI5,Hardware Commissioning Time,P1,2026-02-18,3.5,7,0.13,days,healthy
440016,P1-KPI5,Hardware Commissioning Time,P1,2026-02-25,3.5,7,0.13,days,healthy
440016,P1-KPI5,Hardware Commissioning Time,P1,2026-03-04,3.5,7,0.13,days,healthy
440016,P1-KPI5,Hardware Commissioning Time,P1,2026-03-11,3.5,7,0.13,days,healthy
440016,P1-KPI5,Hardware Commissioning Time,P1,2026-03-18,3.5,7,0.13,days,healthy
440016,P1-KPI5,Hardware Commissioning Time,P1,2026-03-25,3.5,7,0.13,days,healthy
440016,P2-KPI1,RMA Frequency Rate,P2,2026-01-28,1.3,2.6,0.2,percentage,risk
440016,P2-KPI1,RMA Frequency Rate,P2,2026-02-04,1.3,2.6,0.2,percentage,risk
440016,P2-KPI1,RMA Frequency Rate,P2,2026-02-11,1.3,2.6,0.2,percentage,risk
440016,P2-KPI1,RMA Frequency Rate,P2,2026-02-18,1.3,2.6,0.2,percentage,risk
440016,P2-KPI1,RMA Frequency Rate,P2,2026-02-25,1.3,2.6,0.2,percentage,risk
440016,P2-KPI1,RMA Frequency Rate,P2,2026-03-04,1.3,2.6,0.2,percentage,risk
440016,P2-KPI1,RMA Frequency Rate,P2,2026-03-11,1.3,2.6,0.2,percentage,risk
440016,P2-KPI1,RMA Frequency Rate,P2,2026-03-18,1.3,2.6,0.2,percentage,risk
440016,P2-KPI1,RMA Frequency Rate,P2,2026-03-25,1.3,2.6,0.2,percentage,risk
440016,P2-KPI2,MTBF (Mean Time Between Failures),P2,2026-01-28,10512.0,8760,0.18,hours,healthy
440016,P2-KPI2,MTBF (Mean Time Between Failures),P2,2026-02-04,10512.0,8760,0.18,hours,healthy
440016,P2-KPI2,MTBF (Mean Time Between Failures),P2,2026-02-11,10512.0,8760,0.18,hours,healthy
440016,P2-KPI2,MTBF (Mean Time Between Failures),P2,2026-02-18,10512.0,8760,0.18,hours,healthy
440016,P2-KPI2,MTBF (Mean Time Between Failures),P2,2026-02-25,10512.0,8760,0.18,hours,healthy
440016,P2-KPI2,MTBF (Mean Time Between Failures),P2,2026-03-04,10512.0,8760,0.18,hours,healthy
440016,P2-KPI2,MTBF (Mean Time Between Failures),P2,2026-03-11,10512.0,8760,0.18,hours,healthy
440016,P2-KPI2,MTBF (Mean Time Between Failures),P2,2026-03-18,10512.0,8760,0.18,hours,healthy
440016,P2-KPI2,MTBF (Mean Time Between Failures),P2,2026-03-25,10512.0,8760,0.18,hours,healthy
440016,P2-KPI3,Critical Incidents (30d),P2,2026-01-28,1.5,3,0.17,count,risk
440016,P2-KPI3,Critical Incidents (30d),P2,2026-02-04,1.5,3,0.17,count,risk
440016,P2-KPI3,Critical Incidents (30d),P2,2026-02-11,1.5,3,0.17,count,risk
440016,P2-KPI3,Critical Incidents (30d),P2,2026-02-18,1.5,3,0.17,count,risk
440016,P2-KPI3,Critical Incidents (30d),P2,2026-02-25,1.5,3,0.17,count,risk
440016,P2-KPI3,Critical Incidents (30d),P2,2026-03-04,1.5,3,0.17,count,risk
440016,P2-KPI3,Critical Incidents (30d),P2,2026-03-11,1.5,3,0.17,count,risk
440016,P2-KPI3,Critical Incidents (30d),P2,2026-03-18,1.5,3,0.17,count,risk
440016,P2-KPI3,Critical Incidents (30d),P2,2026-03-25,1.5,3,0.17,count,risk
440016,P2-KPI4,System Uptime Percentage,P2,2026-01-28,95.7,99.5,0.15,percentage,critical
440016,P2-KPI4,System Uptime Percentage,P2,2026-02-04,99.77,99.5,0.15,percentage,healthy
440016,P2-KPI4,System Uptime Percentage,P2,2026-02-11,99.85,99.5,0.15,percentage,healthy
440016,P2-KPI4,System Uptime Percentage,P2,2026-02-18,100.02,99.5,0.15,percentage,healthy
440016,P2-KPI4,System Uptime Percentage,P2,2026-02-25,103.2,99.5,0.15,percentage,healthy
440016,P2-KPI4,System Uptime Percentage,P2,2026-03-04,104.86,99.5,0.15,percentage,healthy
440016,P2-KPI4,System Uptime Percentage,P2,2026-03-11,105.26,99.5,0.15,percentage,healthy
440016,P2-KPI4,System Uptime Percentage,P2,2026-03-18,101.07,99.5,0.15,percentage,healthy
440016,P2-KPI4,System Uptime Percentage,P2,2026-03-25,103.46,99.5,0.15,percentage,healthy
440016,P3-KPI1,GPU Utilization Rate,P3,2026-01-28,78.0,65,0.22,percentage,healthy
440016,P3-KPI1,GPU Utilization Rate,P3,2026-02-04,78.0,65,0.22,percentage,healthy
440016,P3-KPI1,GPU Utilization Rate,P3,2026-02-11,78.0,65,0.22,percentage,healthy
440016,P3-KPI1,GPU Utilization Rate,P3,2026-02-18,78.0,65,0.22,percentage,healthy
440016,P3-KPI1,GPU Utilization Rate,P3,2026-02-25,78.0,65,0.22,percentage,healthy
440016,P3-KPI1,GPU Utilization Rate,P3,2026-03-04,78.0,65,0.22,percentage,healthy
440016,P3-KPI1,GPU Utilization Rate,P3,2026-03-11,78.0,65,0.22,percentage,healthy
440016,P3-KPI1,GPU Utilization Rate,P3,2026-03-18,78.0,65,0.22,percentage,healthy
440016,P3-KPI1,GPU Utilization Rate,P3,2026-03-25,78.0,65,0.22,percentage,healthy
440016,P3-KPI2,Training Job Completion Rate,P3,2026-01-28,96.83,90,0.2,percentage,healthy
440016,P3-KPI2,Training Job Completion Rate,P3,2026-02-04,96.28,90,0.2,percentage,healthy
440016,P3-KPI2,Training Job Completion Rate,P3,2026-02-11,100.11,90,0.2,percentage,healthy
440016,P3-KPI2,Training Job Completion Rate,P3,2026-02-18,96.96,90,0.2,percentage,healthy
440016,P3-KPI2,Training Job Completion Rate,P3,2026-02-25,98.84,90,0.2,percentage,healthy
440016,P3-KPI2,Training Job Completion Rate,P3,2026-03-04,91.85,90,0.2,percentage,healthy
440016,P3-KPI2,Training Job Completion Rate,P3,2026-03-11,103.85,90,0.2,percentage,healthy
440016,P3-KPI2,Training Job Completion Rate,P3,2026-03-18,96.0,90,0.2,percentage,healthy
440016,P3-KPI2,Training Job Completion Rate,P3,2026-03-25,101.46,90,0.2,percentage,healthy
440016,P3-KPI3,Inference Latency (P95),P3,2026-01-28,25.0,50,0.15,milliseconds,healthy
440016,P3-KPI3,Inference Latency (P95),P3,2026-02-04,25.0,50,0.15,milliseconds,healthy
440016,P3-KPI3,Inference Latency (P95),P3,2026-02-11,25.0,50,0.15,milliseconds,healthy
440016,P3-KPI3,Inference Latency (P95),P3,2026-02-18,25.0,50,0.15,milliseconds,healthy
440016,P3-KPI3,Inference Latency (P95),P3,2026-02-25,25.0,50,0.15,milliseconds,healthy
440016,P3-KPI3,Inference Latency (P95),P3,2026-03-04,25.0,50,0.15,milliseconds,healthy
440016,P3-KPI3,Inference Latency (P95),P3,2026-03-11,25.0,50,0.15,milliseconds,healthy
440016,P3-KPI3,Inference Latency (P95),P3,2026-03-18,25.0,50,0.15,milliseconds,healthy
440016,P3-KPI3,Inference Latency (P95),P3,2026-03-25,25.0,50,0.15,milliseconds,healthy
440016,P3-KPI4,Model Training Time,P3,2026-01-28,12.0,24,0.14,hours,healthy
440016,P3-KPI4,Model Training Time,P3,2026-02-04,12.0,24,0.14,hours,healthy
440016,P3-KPI4,Model Training Time,P3,2026-02-11,12.0,24,0.14,hours,healthy
440016,P3-KPI4,Model Training Time,P3,2026-02-18,12.0,24,0.14,hours,healthy
440016,P3-KPI4,Model Training Time,P3,2026-02-25,12.0,24,0.14,hours,healthy
440016,P3-KPI4,Model Training Time,P3,2026-03-04,12.0,24,0.14,hours,healthy
440016,P3-KPI4,Model Training Time,P3,2026-03-11,12.0,24,0.14,hours,healthy
440016,P3-KPI4,Model Training Time,P3,2026-03-18,12.0,24,0.14,hours,healthy
440016,P3-KPI4,Model Training Time,P3,2026-03-25,12.0,24,0.14,hours,healthy
440016,P4-KPI1,Partner Engagement Score,P4,2026-01-28,88.75,75,0.22,score,healthy
440016,P4-KPI1,Partner Engagement Score,P4,2026-02-04,90.0,75,0.22,score,healthy
440016,P4-KPI1,Partner Engagement Score,P4,2026-02-11,88.84,75,0.22,score,healthy
440016,P4-KPI1,Partner Engagement Score,P4,2026-02-18,90.0,75,0.22,score,healthy
440016,P4-KPI1,Partner Engagement Score,P4,2026-02-25,90.0,75,0.22,score,healthy
440016,P4-KPI1,Partner Engagement Score,P4,2026-03-04,88.21,75,0.22,score,healthy
440016,P4-KPI1,Partner Engagement Score,P4,2026-03-11,90.0,75,0.22,score,healthy
440016,P4-KPI1,Partner Engagement Score,P4,2026-03-18,86.5,75,0.22,score,healthy
440016,P4-KPI1,Partner Engagement Score,P4,2026-03-25,90.0,75,0.22,score,healthy
440016,P4-KPI2,VAR Performance Rating,P4,2026-01-28,87.34,80,0.2,score,healthy
440016,P4-KPI2,VAR Performance Rating,P4,2026-02-04,88.31,80,0.2,score,healthy
440016,P4-KPI2,VAR Performance Rating,P4,2026-02-11,94.2,80,0.2,score,healthy
440016,P4-KPI2,VAR Performance Rating,P4,2026-02-18,96.0,80,0.2,score,healthy
440016,P4-KPI2,VAR Performance Rating,P4,2026-02-25,89.72,80,0.2,score,healthy
440016,P4-KPI2,VAR Performance Rating,P4,2026-03-04,96.0,80,0.2,score,healthy
440016,P4-KPI2,VAR Performance Rating,P4,2026-03-11,92.86,80,0.2,score,healthy
440016,P4-KPI2,VAR Performance Rating,P4,2026-03-18,92.78,80,0.2,score,healthy
440016,P4-KPI2,VAR Performance Rating,P4,2026-03-25,92.51,80,0.2,score,healthy
440016,P4-KPI3,Joint QBR Frequency,P4,2026-01-28,4.8,4,0.18,count,healthy
440016,P4-KPI3,Joint QBR Frequency,P4,2026-02-04,4.8,4,0.18,count,healthy
440016,P4-KPI3,Joint QBR Frequency,P4,2026-02-11,4.8,4,0.18,count,healthy
440016,P4-KPI3,Joint QBR Frequency,P4,2026-02-18,4.8,4,0.18,count,healthy
440016,P4-KPI3,Joint QBR Frequency,P4,2026-02-25,4.8,4,0.18,count,healthy
440016,P4-KPI3,Joint QBR Frequency,P4,2026-03-04,4.8,4,0.18,count,healthy
440016,P4-KPI3,Joint QBR Frequency,P4,2026-03-11,4.8,4,0.18,count,healthy
440016,P4-KPI3,Joint QBR Frequency,P4,2026-03-18,4.8,4,0.18,count,healthy
440016,P4-KPI3,Joint QBR Frequency,P4,2026-03-25,4.8,4,0.18,count,healthy
440016,P4-KPI4,Channel Conflict Score,P4,2026-01-28,10.0,20,0.15,score,healthy
440016,P4-KPI4,Channel Conflict Score,P4,2026-02-04,10.0,20,0.15,score,healthy
440016,P4-KPI4,Channel Conflict Score,P4,2026-02-11,10.0,20,0.15,score,healthy
440016,P4-KPI4,Channel Conflict Score,P4,2026-02-18,10.0,20,0.15,score,healthy
440016,P4-KPI4,Channel Conflict Score,P4,2026-02-25,10.0,20,0.15,score,healthy
440016,P4-KPI4,Channel Conflict Score,P4,2026-03-04,10.0,20,0.15,score,healthy
440016,P4-KPI4,Channel Conflict Score,P4,2026-03-11,10.0,20,0.15,score,healthy
440016,P4-KPI4,Channel Conflict Score,P4,2026-03-18,10.0,20,0.15,score,healthy
440016,P4-KPI4,Channel Conflict Score,P4,2026-03-25,10.0,20,0.15,score,healthy
440016,P5-KPI1,Capacity Utilization Rate,P5,2026-01-28,83.99,70,0.18,percentage,healthy
440016,P5-KPI1,Capacity Utilization Rate,P5,2026-02-04,83.27,70,0.18,percentage,healthy
440016,P5-KPI1,Capacity Utilization Rate,P5,2026-02-11,84.0,70,0.18,percentage,healthy
440016,P5-KPI1,Capacity Utilization Rate,P5,2026-02-18,84.0,70,0.18,percentage,healthy
440016,P5-KPI1,Capacity Utilization Rate,P5,2026-02-25,81.85,70,0.18,percentage,healthy
440016,P5-KPI1,Capacity Utilization Rate,P5,2026-03-04,79.16,70,0.18,percentage,healthy
440016,P5-KPI1,Capacity Utilization Rate,P5,2026-03-11,84.0,70,0.18,percentage,healthy
440016,P5-KPI1,Capacity Utilization Rate,P5,2026-03-18,82.87,70,0.18,percentage,healthy
440016,P5-KPI1,Capacity Utilization Rate,P5,2026-03-25,81.8,70,0.18,percentage,healthy
440016,P5-KPI2,Capacity Utilization Trajectory,P5,2026-01-28,6.0,5,0.18,percentage_change,healthy
440016,P5-KPI2,Capacity Utilization Trajectory,P5,2026-02-04,6.0,5,0.18,percentage_change,healthy
440016,P5-KPI2,Capacity Utilization Trajectory,P5,2026-02-11,6.0,5,0.18,percentage_change,healthy
440016,P5-KPI2,Capacity Utilization Trajectory,P5,2026-02-18,6.0,5,0.18,percentage_change,healthy
440016,P5-KPI2,Capacity Utilization Trajectory,P5,2026-02-25,6.0,5,0.18,percentage_change,healthy
440016,P5-KPI2,Capacity Utilization Trajectory,P5,2026-03-04,6.0,5,0.18,percentage_change,healthy
440016,P5-KPI2,Capacity Utilization Trajectory,P5,2026-03-11,6.0,5,0.18,percentage_change,healthy
440016,P5-KPI2,Capacity Utilization Trajectory,P5,2026-03-18,6.0,5,0.18,percentage_change,healthy
440016,P5-KPI2,Capacity Utilization Trajectory,P5,2026-03-25,6.0,5,0.18,percentage_change,healthy
440016,P5-KPI3,Workload Growth Velocity,P5,2026-01-28,12.0,10,0.18,percentage_change,healthy
440016,P5-KPI3,Workload Growth Velocity,P5,2026-02-04,12.0,10,0.18,percentage_change,healthy
440016,P5-KPI3,Workload Growth Velocity,P5,2026-02-11,12.0,10,0.18,percentage_change,healthy
440016,P5-KPI3,Workload Growth Velocity,P5,2026-02-18,12.0,10,0.18,percentage_change,healthy
440016,P5-KPI3,Workload Growth Velocity,P5,2026-02-25,12.0,10,0.18,percentage_change,healthy
440016,P5-KPI3,Workload Growth Velocity,P5,2026-03-04,12.0,10,0.18,percentage_change,healthy
440016,P5-KPI3,Workload Growth Velocity,P5,2026-03-11,12.0,10,0.18,percentage_change,healthy
440016,P5-KPI3,Workload Growth Velocity,P5,2026-03-18,12.0,10,0.18,percentage_change,healthy
440016,P5-KPI3,Workload Growth Velocity,P5,2026-03-25,12.0,10,0.18,percentage_change,healthy
440016,P5-KPI4,Compute Hour Consumption Trend,P5,2026-01-28,18.0,15,0.15,percentage_change,healthy
440016,P5-KPI4,Compute Hour Consumption Trend,P5,2026-02-04,18.0,15,0.15,percentage_change,healthy
440016,P5-KPI4,Compute Hour Consumption Trend,P5,2026-02-11,18.0,15,0.15,percentage_change,healthy
440016,P5-KPI4,Compute Hour Consumption Trend,P5,2026-02-18,18.0,15,0.15,percentage_change,healthy
440016,P5-KPI4,Compute Hour Consumption Trend,P5,2026-02-25,18.0,15,0.15,percentage_change,healthy
440016,P5-KPI4,Compute Hour Consumption Trend,P5,2026-03-04,18.0,15,0.15,percentage_change,healthy
440016,P5-KPI4,Compute Hour Consumption Trend,P5,2026-03-11,18.0,15,0.15,percentage_change,healthy
440016,P5-KPI4,Compute Hour Consumption Trend,P5,2026-03-18,18.0,15,0.15,percentage_change,healthy
440016,P5-KPI4,Compute Hour Consumption Trend,P5,2026-03-25,18.0,15,0.15,percentage_change,healthy
440017,P1-KPI1,Time-to-First-Workload,P1,2026-01-28,7.2,14,0.2,days,healthy
440017,P1-KPI1,Time-to-First-Workload,P1,2026-02-04,7.27,14,0.2,days,healthy
440017,P1-KPI1,Time-to-First-Workload,P1,2026-02-11,7.0,14,0.2,days,healthy
440017,P1-KPI1,Time-to-First-Workload,P1,2026-02-18,7.0,14,0.2,days,healthy
440017,P1-KPI1,Time-to-First-Workload,P1,2026-02-25,7.0,14,0.2,days,healthy
440017,P1-KPI1,Time-to-First-Workload,P1,2026-03-04,7.0,14,0.2,days,healthy
440017,P1-KPI1,Time-to-First-Workload,P1,2026-03-11,7.0,14,0.2,days,healthy
440017,P1-KPI1,Time-to-First-Workload,P1,2026-03-18,7.0,14,0.2,days,healthy
440017,P1-KPI1,Time-to-First-Workload,P1,2026-03-25,7.0,14,0.2,days,healthy
440017,P1-KPI2,Installation Completion Rate,P1,2026-01-28,92.95,90,0.15,percentage,healthy
440017,P1-KPI2,Installation Completion Rate,P1,2026-02-04,103.62,90,0.15,percentage,healthy
440017,P1-KPI2,Installation Completion Rate,P1,2026-02-11,98.62,90,0.15,percentage,healthy
440017,P1-KPI2,Installation Completion Rate,P1,2026-02-18,98.96,90,0.15,percentage,healthy
440017,P1-KPI2,Installation Completion Rate,P1,2026-02-25,99.19,90,0.15,percentage,healthy
440017,P1-KPI2,Installation Completion Rate,P1,2026-03-04,98.32,90,0.15,percentage,healthy
440017,P1-KPI2,Installation Completion Rate,P1,2026-03-11,108.0,90,0.15,percentage,healthy
440017,P1-KPI2,Installation Completion Rate,P1,2026-03-18,106.37,90,0.15,percentage,healthy
440017,P1-KPI2,Installation Completion Rate,P1,2026-03-25,105.97,90,0.15,percentage,healthy
440017,P1-KPI4,Deployment Cycle Time,P1,2026-01-28,15.48,30,0.15,days,healthy
440017,P1-KPI4,Deployment Cycle Time,P1,2026-02-04,15.0,30,0.15,days,healthy
440017,P1-KPI4,Deployment Cycle Time,P1,2026-02-11,15.0,30,0.15,days,healthy
440017,P1-KPI4,Deployment Cycle Time,P1,2026-02-18,15.0,30,0.15,days,healthy
440017,P1-KPI4,Deployment Cycle Time,P1,2026-02-25,15.0,30,0.15,days,healthy
440017,P1-KPI4,Deployment Cycle Time,P1,2026-03-04,15.0,30,0.15,days,healthy
440017,P1-KPI4,Deployment Cycle Time,P1,2026-03-11,15.0,30,0.15,days,healthy
440017,P1-KPI4,Deployment Cycle Time,P1,2026-03-18,15.0,30,0.15,days,healthy
440017,P1-KPI4,Deployment Cycle Time,P1,2026-03-25,15.0,30,0.15,days,healthy
440017,P1-KPI5,Hardware Commissioning Time,P1,2026-01-28,3.54,7,0.13,days,healthy
440017,P1-KPI5,Hardware Commissioning Time,P1,2026-02-04,3.5,7,0.13,days,healthy
440017,P1-KPI5,Hardware Commissioning Time,P1,2026-02-11,3.5,7,0.13,days,healthy
440017,P1-KPI5,Hardware Commissioning Time,P1,2026-02-18,3.5,7,0.13,days,healthy
440017,P1-KPI5,Hardware Commissioning Time,P1,2026-02-25,3.5,7,0.13,days,healthy
440017,P1-KPI5,Hardware Commissioning Time,P1,2026-03-04,3.5,7,0.13,days,healthy
440017,P1-KPI5,Hardware Commissioning Time,P1,2026-03-11,3.5,7,0.13,days,healthy
440017,P1-KPI5,Hardware Commissioning Time,P1,2026-03-18,3.5,7,0.13,days,healthy
440017,P1-KPI5,Hardware Commissioning Time,P1,2026-03-25,3.5,7,0.13,days,healthy
440017,P2-KPI1,RMA Frequency Rate,P2,2026-01-28,1.3,2.6,0.2,percentage,risk
440017,P2-KPI1,RMA Frequency Rate,P2,2026-02-04,1.3,2.6,0.2,percentage,risk
440017,P2-KPI1,RMA Frequency Rate,P2,2026-02-11,1.3,2.6,0.2,percentage,risk
440017,P2-KPI1,RMA Frequency Rate,P2,2026-02-18,1.3,2.6,0.2,percentage,risk
440017,P2-KPI1,RMA Frequency Rate,P2,2026-02-25,1.3,2.6,0.2,percentage,risk
440017,P2-KPI1,RMA Frequency Rate,P2,2026-03-04,1.3,2.6,0.2,percentage,risk
440017,P2-KPI1,RMA Frequency Rate,P2,2026-03-11,1.3,2.6,0.2,percentage,risk
440017,P2-KPI1,RMA Frequency Rate,P2,2026-03-18,1.3,2.6,0.2,percentage,risk
440017,P2-KPI1,RMA Frequency Rate,P2,2026-03-25,1.3,2.6,0.2,percentage,risk
440017,P2-KPI2,MTBF (Mean Time Between Failures),P2,2026-01-28,10512.0,8760,0.18,hours,healthy
440017,P2-KPI2,MTBF (Mean Time Between Failures),P2,2026-02-04,10512.0,8760,0.18,hours,healthy
440017,P2-KPI2,MTBF (Mean Time Between Failures),P2,2026-02-11,10512.0,8760,0.18,hours,healthy
440017,P2-KPI2,MTBF (Mean Time Between Failures),P2,2026-02-18,10512.0,8760,0.18,hours,healthy
440017,P2-KPI2,MTBF (Mean Time Between Failures),P2,2026-02-25,10512.0,8760,0.18,hours,healthy
440017,P2-KPI2,MTBF (Mean Time Between Failures),P2,2026-03-04,10512.0,8760,0.18,hours,healthy
440017,P2-KPI2,MTBF (Mean Time Between Failures),P2,2026-03-11,10512.0,8760,0.18,hours,healthy
440017,P2-KPI2,MTBF (Mean Time Between Failures),P2,2026-03-18,10512.0,8760,0.18,hours,healthy
440017,P2-KPI2,MTBF (Mean Time Between Failures),P2,2026-03-25,10512.0,8760,0.18,hours,healthy
440017,P2-KPI3,Critical Incidents (30d),P2,2026-01-28,1.5,3,0.17,count,risk
440017,P2-KPI3,Critical Incidents (30d),P2,2026-02-04,1.5,3,0.17,count,risk
440017,P2-KPI3,Critical Incidents (30d),P2,2026-02-11,1.5,3,0.17,count,risk
440017,P2-KPI3,Critical Incidents (30d),P2,2026-02-18,1.5,3,0.17,count,risk
440017,P2-KPI3,Critical Incidents (30d),P2,2026-02-25,1.5,3,0.17,count,risk
440017,P2-KPI3,Critical Incidents (30d),P2,2026-03-04,1.5,3,0.17,count,risk
440017,P2-KPI3,Critical Incidents (30d),P2,2026-03-11,1.5,3,0.17,count,risk
440017,P2-KPI3,Critical Incidents (30d),P2,2026-03-18,1.5,3,0.17,count,risk
440017,P2-KPI3,Critical Incidents (30d),P2,2026-03-25,1.5,3,0.17,count,risk
440017,P2-KPI4,System Uptime Percentage,P2,2026-01-28,104.31,99.5,0.15,percentage,healthy
440017,P2-KPI4,System Uptime Percentage,P2,2026-02-04,103.23,99.5,0.15,percentage,healthy
440017,P2-KPI4,System Uptime Percentage,P2,2026-02-11,105.02,99.5,0.15,percentage,healthy
440017,P2-KPI4,System Uptime Percentage,P2,2026-02-18,106.95,99.5,0.15,percentage,healthy
440017,P2-KPI4,System Uptime Percentage,P2,2026-02-25,99.55,99.5,0.15,percentage,healthy
440017,P2-KPI4,System Uptime Percentage,P2,2026-03-04,112.25,99.5,0.15,percentage,healthy
440017,P2-KPI4,System Uptime Percentage,P2,2026-03-11,113.31,99.5,0.15,percentage,healthy
440017,P2-KPI4,System Uptime Percentage,P2,2026-03-18,114.21,99.5,0.15,percentage,healthy
440017,P2-KPI4,System Uptime Percentage,P2,2026-03-25,108.69,99.5,0.15,percentage,healthy
440017,P3-KPI1,GPU Utilization Rate,P3,2026-01-28,78.0,65,0.22,percentage,healthy
440017,P3-KPI1,GPU Utilization Rate,P3,2026-02-04,78.0,65,0.22,percentage,healthy
440017,P3-KPI1,GPU Utilization Rate,P3,2026-02-11,78.0,65,0.22,percentage,healthy
440017,P3-KPI1,GPU Utilization Rate,P3,2026-02-18,78.0,65,0.22,percentage,healthy
440017,P3-KPI1,GPU Utilization Rate,P3,2026-02-25,78.0,65,0.22,percentage,healthy
440017,P3-KPI1,GPU Utilization Rate,P3,2026-03-04,78.0,65,0.22,percentage,healthy
440017,P3-KPI1,GPU Utilization Rate,P3,2026-03-11,78.0,65,0.22,percentage,healthy
440017,P3-KPI1,GPU Utilization Rate,P3,2026-03-18,78.0,65,0.22,percentage,healthy
440017,P3-KPI1,GPU Utilization Rate,P3,2026-03-25,78.0,65,0.22,percentage,healthy
440017,P3-KPI2,Training Job Completion Rate,P3,2026-01-28,94.28,90,0.2,percentage,healthy
440017,P3-KPI2,Training Job Completion Rate,P3,2026-02-04,96.55,90,0.2,percentage,healthy
440017,P3-KPI2,Training Job Completion Rate,P3,2026-02-11,101.4,90,0.2,percentage,healthy
440017,P3-KPI2,Training Job Completion Rate,P3,2026-02-18,96.6,90,0.2,percentage,healthy
440017,P3-KPI2,Training Job Completion Rate,P3,2026-02-25,99.01,90,0.2,percentage,healthy
440017,P3-KPI2,Training Job Completion Rate,P3,2026-03-04,106.77,90,0.2,percentage,healthy
440017,P3-KPI2,Training Job Completion Rate,P3,2026-03-11,104.33,90,0.2,percentage,healthy
440017,P3-KPI2,Training Job Completion Rate,P3,2026-03-18,106.0,90,0.2,percentage,healthy
440017,P3-KPI2,Training Job Completion Rate,P3,2026-03-25,107.01,90,0.2,percentage,healthy
440017,P3-KPI3,Inference Latency (P95),P3,2026-01-28,25.25,50,0.15,milliseconds,healthy
440017,P3-KPI3,Inference Latency (P95),P3,2026-02-04,25.0,50,0.15,milliseconds,healthy
440017,P3-KPI3,Inference Latency (P95),P3,2026-02-11,25.0,50,0.15,milliseconds,healthy
440017,P3-KPI3,Inference Latency (P95),P3,2026-02-18,25.0,50,0.15,milliseconds,healthy
440017,P3-KPI3,Inference Latency (P95),P3,2026-02-25,25.0,50,0.15,milliseconds,healthy
440017,P3-KPI3,Inference Latency (P95),P3,2026-03-04,25.0,50,0.15,milliseconds,healthy
440017,P3-KPI3,Inference Latency (P95),P3,2026-03-11,25.0,50,0.15,milliseconds,healthy
440017,P3-KPI3,Inference Latency (P95),P3,2026-03-18,25.0,50,0.15,milliseconds,healthy
440017,P3-KPI3,Inference Latency (P95),P3,2026-03-25,25.0,50,0.15,milliseconds,healthy
440017,P3-KPI4,Model Training Time,P3,2026-01-28,12.0,24,0.14,hours,healthy
440017,P3-KPI4,Model Training Time,P3,2026-02-04,12.0,24,0.14,hours,healthy
440017,P3-KPI4,Model Training Time,P3,2026-02-11,12.0,24,0.14,hours,healthy
440017,P3-KPI4,Model Training Time,P3,2026-02-18,12.0,24,0.14,hours,healthy
440017,P3-KPI4,Model Training Time,P3,2026-02-25,12.0,24,0.14,hours,healthy
440017,P3-KPI4,Model Training Time,P3,2026-03-04,12.0,24,0.14,hours,healthy
440017,P3-KPI4,Model Training Time,P3,2026-03-11,12.0,24,0.14,hours,healthy
440017,P3-KPI4,Model Training Time,P3,2026-03-18,12.0,24,0.14,hours,healthy
440017,P3-KPI4,Model Training Time,P3,2026-03-25,12.0,24,0.14,hours,healthy
440017,P4-KPI1,Partner Engagement Score,P4,2026-01-28,89.3,75,0.22,score,healthy
440017,P4-KPI1,Partner Engagement Score,P4,2026-02-04,90.0,75,0.22,score,healthy
440017,P4-KPI1,Partner Engagement Score,P4,2026-02-11,87.51,75,0.22,score,healthy
440017,P4-KPI1,Partner Engagement Score,P4,2026-02-18,90.0,75,0.22,score,healthy
440017,P4-KPI1,Partner Engagement Score,P4,2026-02-25,90.0,75,0.22,score,healthy
440017,P4-KPI1,Partner Engagement Score,P4,2026-03-04,90.0,75,0.22,score,healthy
440017,P4-KPI1,Partner Engagement Score,P4,2026-03-11,90.0,75,0.22,score,healthy
440017,P4-KPI1,Partner Engagement Score,P4,2026-03-18,90.0,75,0.22,score,healthy
440017,P4-KPI1,Partner Engagement Score,P4,2026-03-25,90.0,75,0.22,score,healthy
440017,P4-KPI2,VAR Performance Rating,P4,2026-01-28,88.34,80,0.2,score,healthy
440017,P4-KPI2,VAR Performance Rating,P4,2026-02-04,91.16,80,0.2,score,healthy
440017,P4-KPI2,VAR Performance Rating,P4,2026-02-11,89.83,80,0.2,score,healthy
440017,P4-KPI2,VAR Performance Rating,P4,2026-02-18,92.78,80,0.2,score,healthy
440017,P4-KPI2,VAR Performance Rating,P4,2026-02-25,95.41,80,0.2,score,healthy
440017,P4-KPI2,VAR Performance Rating,P4,2026-03-04,96.0,80,0.2,score,healthy
440017,P4-KPI2,VAR Performance Rating,P4,2026-03-11,96.0,80,0.2,score,healthy
440017,P4-KPI2,VAR Performance Rating,P4,2026-03-18,96.0,80,0.2,score,healthy
440017,P4-KPI2,VAR Performance Rating,P4,2026-03-25,96.0,80,0.2,score,healthy
440017,P4-KPI3,Joint QBR Frequency,P4,2026-01-28,4.8,4,0.18,count,healthy
440017,P4-KPI3,Joint QBR Frequency,P4,2026-02-04,4.8,4,0.18,count,healthy
440017,P4-KPI3,Joint QBR Frequency,P4,2026-02-11,4.8,4,0.18,count,healthy
440017,P4-KPI3,Joint QBR Frequency,P4,2026-02-18,4.8,4,0.18,count,healthy
440017,P4-KPI3,Joint QBR Frequency,P4,2026-02-25,4.8,4,0.18,count,healthy
440017,P4-KPI3,Joint QBR Frequency,P4,2026-03-04,4.8,4,0.18,count,healthy
440017,P4-KPI3,Joint QBR Frequency,P4,2026-03-11,4.8,4,0.18,count,healthy
440017,P4-KPI3,Joint QBR Frequency,P4,2026-03-18,4.8,4,0.18,count,healthy
440017,P4-KPI3,Joint QBR Frequency,P4,2026-03-25,4.8,4,0.18,count,healthy
440017,P4-KPI4,Channel Conflict Score,P4,2026-01-28,10.0,20,0.15,score,healthy
440017,P4-KPI4,Channel Conflict Score,P4,2026-02-04,10.0,20,0.15,score,healthy
440017,P4-KPI4,Channel Conflict Score,P4,2026-02-11,10.0,20,0.15,score,healthy
440017,P4-KPI4,Channel Conflict Score,P4,2026-02-18,10.0,20,0.15,score,healthy
440017,P4-KPI4,Channel Conflict Score,P4,2026-02-25,10.0,20,0.15,score,healthy
440017,P4-KPI4,Channel Conflict Score,P4,2026-03-04,10.0,20,0.15,score,healthy
440017,P4-KPI4,Channel Conflict Score,P4,2026-03-11,10.0,20,0.15,score,healthy
440017,P4-KPI4,Channel Conflict Score,P4,2026-03-18,10.0,20,0.15,score,healthy
440017,P4-KPI4,Channel Conflict Score,P4,2026-03-25,10.0,20,0.15,score,healthy
440017,P5-KPI1,Capacity Utilization Rate,P5,2026-01-28,80.58,70,0.18,percentage,healthy
440017,P5-KPI1,Capacity Utilization Rate,P5,2026-02-04,77.85,70,0.18,percentage,healthy
440017,P5-KPI1,Capacity Utilization Rate,P5,2026-02-11,84.0,70,0.18,percentage,healthy
440017,P5-KPI1,Capacity Utilization Rate,P5,2026-02-18,81.45,70,0.18,percentage,healthy
440017,P5-KPI1,Capacity Utilization Rate,P5,2026-02-25,84.0,70,0.18,percentage,healthy
440017,P5-KPI1,Capacity Utilization Rate,P5,2026-03-04,84.0,70,0.18,percentage,healthy
440017,P5-KPI1,Capacity Utilization Rate,P5,2026-03-11,84.0,70,0.18,percentage,healthy
440017,P5-KPI1,Capacity Utilization Rate,P5,2026-03-18,84.0,70,0.18,percentage,healthy
440017,P5-KPI1,Capacity Utilization Rate,P5,2026-03-25,84.0,70,0.18,percentage,healthy
440017,P5-KPI2,Capacity Utilization Trajectory,P5,2026-01-28,6.0,5,0.18,percentage_change,healthy
440017,P5-KPI2,Capacity Utilization Trajectory,P5,2026-02-04,6.0,5,0.18,percentage_change,healthy
440017,P5-KPI2,Capacity Utilization Trajectory,P5,2026-02-11,6.0,5,0.18,percentage_change,healthy
440017,P5-KPI2,Capacity Utilization Trajectory,P5,2026-02-18,6.0,5,0.18,percentage_change,healthy
440017,P5-KPI2,Capacity Utilization Trajectory,P5,2026-02-25,6.0,5,0.18,percentage_change,healthy
440017,P5-KPI2,Capacity Utilization Trajectory,P5,2026-03-04,6.0,5,0.18,percentage_change,healthy
440017,P5-KPI2,Capacity Utilization Trajectory,P5,2026-03-11,6.0,5,0.18,percentage_change,healthy
440017,P5-KPI2,Capacity Utilization Trajectory,P5,2026-03-18,6.0,5,0.18,percentage_change,healthy
440017,P5-KPI2,Capacity Utilization Trajectory,P5,2026-03-25,6.0,5,0.18,percentage_change,healthy
440017,P5-KPI3,Workload Growth Velocity,P5,2026-01-28,12.0,10,0.18,percentage_change,healthy
440017,P5-KPI3,Workload Growth Velocity,P5,2026-02-04,12.0,10,0.18,percentage_change,healthy
440017,P5-KPI3,Workload Growth Velocity,P5,2026-02-11,12.0,10,0.18,percentage_change,healthy
440017,P5-KPI3,Workload Growth Velocity,P5,2026-02-18,12.0,10,0.18,percentage_change,healthy
440017,P5-KPI3,Workload Growth Velocity,P5,2026-02-25,12.0,10,0.18,percentage_change,healthy
440017,P5-KPI3,Workload Growth Velocity,P5,2026-03-04,12.0,10,0.18,percentage_change,healthy
440017,P5-KPI3,Workload Growth Velocity,P5,2026-03-11,12.0,10,0.18,percentage_change,healthy
440017,P5-KPI3,Workload Growth Velocity,P5,2026-03-18,12.0,10,0.18,percentage_change,healthy
440017,P5-KPI3,Workload Growth Velocity,P5,2026-03-25,12.0,10,0.18,percentage_change,healthy
440017,P5-KPI4,Compute Hour Consumption Trend,P5,2026-01-28,18.0,15,0.15,percentage_change,healthy
440017,P5-KPI4,Compute Hour Consumption Trend,P5,2026-02-04,18.0,15,0.15,percentage_change,healthy
440017,P5-KPI4,Compute Hour Consumption Trend,P5,2026-02-11,18.0,15,0.15,percentage_change,healthy
440017,P5-KPI4,Compute Hour Consumption Trend,P5,2026-02-18,18.0,15,0.15,percentage_change,healthy
440017,P5-KPI4,Compute Hour Consumption Trend,P5,2026-02-25,18.0,15,0.15,percentage_change,healthy
440017,P5-KPI4,Compute Hour Consumption Trend,P5,2026-03-04,18.0,15,0.15,percentage_change,healthy
440017,P5-KPI4,Compute Hour Consumption Trend,P5,2026-03-11,18.0,15,0.15,percentage_change,healthy
440017,P5-KPI4,Compute Hour Consumption Trend,P5,2026-03-18,18.0,15,0.15,percentage_change,healthy
440017,P5-KPI4,Compute Hour Consumption Trend,P5,2026-03-25,18.0,15,0.15,percentage_change,healthy
440018,P1-KPI1,Time-to-First-Workload,P1,2026-01-28,7.0,14,0.2,days,healthy
440018,P1-KPI1,Time-to-First-Workload,P1,2026-02-04,7.0,14,0.2,days,healthy
440018,P1-KPI1,Time-to-First-Workload,P1,2026-02-11,7.0,14,0.2,days,healthy
440018,P1-KPI1,Time-to-First-Workload,P1,2026-02-18,7.0,14,0.2,days,healthy
440018,P1-KPI1,Time-to-First-Workload,P1,2026-02-25,7.0,14,0.2,days,healthy
440018,P1-KPI1,Time-to-First-Workload,P1,2026-03-04,7.0,14,0.2,days,healthy
440018,P1-KPI1,Time-to-First-Workload,P1,2026-03-11,7.0,14,0.2,days,healthy
440018,P1-KPI1,Time-to-First-Workload,P1,2026-03-18,7.0,14,0.2,days,healthy
440018,P1-KPI1,Time-to-First-Workload,P1,2026-03-25,7.0,14,0.2,days,healthy
440018,P1-KPI2,Installation Completion Rate,P1,2026-01-28,66.87,90,0.15,percentage,critical
440018,P1-KPI2,Installation Completion Rate,P1,2026-02-04,70.84,90,0.15,percentage,critical
440018,P1-KPI2,Installation Completion Rate,P1,2026-02-11,77.83,90,0.15,percentage,risk
440018,P1-KPI2,Installation Completion Rate,P1,2026-02-18,84.63,90,0.15,percentage,risk
440018,P1-KPI2,Installation Completion Rate,P1,2026-02-25,81.74,90,0.15,percentage,risk
440018,P1-KPI2,Installation Completion Rate,P1,2026-03-04,87.21,90,0.15,percentage,risk
440018,P1-KPI2,Installation Completion Rate,P1,2026-03-11,92.35,90,0.15,percentage,healthy
440018,P1-KPI2,Installation Completion Rate,P1,2026-03-18,99.64,90,0.15,percentage,healthy
440018,P1-KPI2,Installation Completion Rate,P1,2026-03-25,106.59,90,0.15,percentage,healthy
440018,P1-KPI4,Deployment Cycle Time,P1,2026-01-28,15.0,30,0.15,days,healthy
440018,P1-KPI4,Deployment Cycle Time,P1,2026-02-04,15.0,30,0.15,days,healthy
440018,P1-KPI4,Deployment Cycle Time,P1,2026-02-11,15.0,30,0.15,days,healthy
440018,P1-KPI4,Deployment Cycle Time,P1,2026-02-18,15.0,30,0.15,days,healthy
440018,P1-KPI4,Deployment Cycle Time,P1,2026-02-25,15.0,30,0.15,days,healthy
440018,P1-KPI4,Deployment Cycle Time,P1,2026-03-04,15.0,30,0.15,days,healthy
440018,P1-KPI4,Deployment Cycle Time,P1,2026-03-11,15.0,30,0.15,days,healthy
440018,P1-KPI4,Deployment Cycle Time,P1,2026-03-18,15.0,30,0.15,days,healthy
440018,P1-KPI4,Deployment Cycle Time,P1,2026-03-25,15.0,30,0.15,days,healthy
440018,P1-KPI5,Hardware Commissioning Time,P1,2026-01-28,3.5,7,0.13,days,healthy
440018,P1-KPI5,Hardware Commissioning Time,P1,2026-02-04,3.5,7,0.13,days,healthy
440018,P1-KPI5,Hardware Commissioning Time,P1,2026-02-11,3.5,7,0.13,days,healthy
440018,P1-KPI5,Hardware Commissioning Time,P1,2026-02-18,3.5,7,0.13,days,healthy
440018,P1-KPI5,Hardware Commissioning Time,P1,2026-02-25,3.5,7,0.13,days,healthy
440018,P1-KPI5,Hardware Commissioning Time,P1,2026-03-04,3.5,7,0.13,days,healthy
440018,P1-KPI5,Hardware Commissioning Time,P1,2026-03-11,3.5,7,0.13,days,healthy
440018,P1-KPI5,Hardware Commissioning Time,P1,2026-03-18,3.5,7,0.13,days,healthy
440018,P1-KPI5,Hardware Commissioning Time,P1,2026-03-25,3.5,7,0.13,days,healthy
440018,P2-KPI1,RMA Frequency Rate,P2,2026-01-28,1.3,2.6,0.2,percentage,risk
440018,P2-KPI1,RMA Frequency Rate,P2,2026-02-04,1.3,2.6,0.2,percentage,risk
440018,P2-KPI1,RMA Frequency Rate,P2,2026-02-11,1.3,2.6,0.2,percentage,risk
440018,P2-KPI1,RMA Frequency Rate,P2,2026-02-18,1.3,2.6,0.2,percentage,risk
440018,P2-KPI1,RMA Frequency Rate,P2,2026-02-25,1.3,2.6,0.2,percentage,risk
440018,P2-KPI1,RMA Frequency Rate,P2,2026-03-04,1.3,2.6,0.2,percentage,risk
440018,P2-KPI1,RMA Frequency Rate,P2,2026-03-11,1.3,2.6,0.2,percentage,risk
440018,P2-KPI1,RMA Frequency Rate,P2,2026-03-18,1.3,2.6,0.2,percentage,risk
440018,P2-KPI1,RMA Frequency Rate,P2,2026-03-25,1.3,2.6,0.2,percentage,risk
440018,P2-KPI2,MTBF (Mean Time Between Failures),P2,2026-01-28,10512.0,8760,0.18,hours,healthy
440018,P2-KPI2,MTBF (Mean Time Between Failures),P2,2026-02-04,10512.0,8760,0.18,hours,healthy
440018,P2-KPI2,MTBF (Mean Time Between Failures),P2,2026-02-11,10512.0,8760,0.18,hours,healthy
440018,P2-KPI2,MTBF (Mean Time Between Failures),P2,2026-02-18,10512.0,8760,0.18,hours,healthy
440018,P2-KPI2,MTBF (Mean Time Between Failures),P2,2026-02-25,10512.0,8760,0.18,hours,healthy
440018,P2-KPI2,MTBF (Mean Time Between Failures),P2,2026-03-04,10512.0,8760,0.18,hours,healthy
440018,P2-KPI2,MTBF (Mean Time Between Failures),P2,2026-03-11,10512.0,8760,0.18,hours,healthy
440018,P2-KPI2,MTBF (Mean Time Between Failures),P2,2026-03-18,10512.0,8760,0.18,hours,healthy
440018,P2-KPI2,MTBF (Mean Time Between Failures),P2,2026-03-25,10512.0,8760,0.18,hours,healthy
440018,P2-KPI3,Critical Incidents (30d),P2,2026-01-28,1.5,3,0.17,count,risk
440018,P2-KPI3,Critical Incidents (30d),P2,2026-02-04,1.5,3,0.17,count,risk
440018,P2-KPI3,Critical Incidents (30d),P2,2026-02-11,1.5,3,0.17,count,risk
440018,P2-KPI3,Critical Incidents (30d),P2,2026-02-18,1.5,3,0.17,count,risk
440018,P2-KPI3,Critical Incidents (30d),P2,2026-02-25,1.5,3,0.17,count,risk
440018,P2-KPI3,Critical Incidents (30d),P2,2026-03-04,1.5,3,0.17,count,risk
440018,P2-KPI3,Critical Incidents (30d),P2,2026-03-11,1.5,3,0.17,count,risk
440018,P2-KPI3,Critical Incidents (30d),P2,2026-03-18,1.5,3,0.17,count,risk
440018,P2-KPI3,Critical Incidents (30d),P2,2026-03-25,1.5,3,0.17,count,risk
440018,P2-KPI4,System Uptime Percentage,P2,2026-01-28,69.94,99.5,0.15,percentage,critical
440018,P2-KPI4,System Uptime Percentage,P2,2026-02-04,73.21,99.5,0.15,percentage,critical
440018,P2-KPI4,System Uptime Percentage,P2,2026-02-11,79.23,99.5,0.15,percentage,critical
440018,P2-KPI4,System Uptime Percentage,P2,2026-02-18,85.75,99.5,0.15,percentage,critical
440018,P2-KPI4,System Uptime Percentage,P2,2026-02-25,85.07,99.5,0.15,percentage,critical
440018,P2-KPI4,System Uptime Percentage,P2,2026-03-04,89.39,99.5,0.15,percentage,critical
440018,P2-KPI4,System Uptime Percentage,P2,2026-03-11,95.57,99.5,0.15,percentage,critical
440018,P2-KPI4,System Uptime Percentage,P2,2026-03-18,98.19,99.5,0.15,percentage,risk
440018,P2-KPI4,System Uptime Percentage,P2,2026-03-25,105.04,99.5,0.15,percentage,healthy
440018,P3-KPI1,GPU Utilization Rate,P3,2026-01-28,63.02,65,0.22,percentage,risk
440018,P3-KPI1,GPU Utilization Rate,P3,2026-02-04,66.08,65,0.22,percentage,healthy
440018,P3-KPI1,GPU Utilization Rate,P3,2026-02-11,71.51,65,0.22,percentage,healthy
440018,P3-KPI1,GPU Utilization Rate,P3,2026-02-18,75.17,65,0.22,percentage,healthy
440018,P3-KPI1,GPU Utilization Rate,P3,2026-02-25,78.0,65,0.22,percentage,healthy
440018,P3-KPI1,GPU Utilization Rate,P3,2026-03-04,78.0,65,0.22,percentage,healthy
440018,P3-KPI1,GPU Utilization Rate,P3,2026-03-11,78.0,65,0.22,percentage,healthy
440018,P3-KPI1,GPU Utilization Rate,P3,2026-03-18,78.0,65,0.22,percentage,healthy
440018,P3-KPI1,GPU Utilization Rate,P3,2026-03-25,78.0,65,0.22,percentage,healthy
440018,P3-KPI2,Training Job Completion Rate,P3,2026-01-28,66.32,90,0.2,percentage,critical
440018,P3-KPI2,Training Job Completion Rate,P3,2026-02-04,70.38,90,0.2,percentage,critical
440018,P3-KPI2,Training Job Completion Rate,P3,2026-02-11,78.64,90,0.2,percentage,risk
440018,P3-KPI2,Training Job Completion Rate,P3,2026-02-18,81.45,90,0.2,percentage,risk
440018,P3-KPI2,Training Job Completion Rate,P3,2026-02-25,82.7,90,0.2,percentage,risk
440018,P3-KPI2,Training Job Completion Rate,P3,2026-03-04,87.0,90,0.2,percentage,risk
440018,P3-KPI2,Training Job Completion Rate,P3,2026-03-11,94.73,90,0.2,percentage,healthy
440018,P3-KPI2,Training Job Completion Rate,P3,2026-03-18,95.9,90,0.2,percentage,healthy
440018,P3-KPI2,Training Job Completion Rate,P3,2026-03-25,98.08,90,0.2,percentage,healthy
440018,P3-KPI3,Inference Latency (P95),P3,2026-01-28,25.0,50,0.15,milliseconds,healthy
440018,P3-KPI3,Inference Latency (P95),P3,2026-02-04,25.0,50,0.15,milliseconds,healthy
440018,P3-KPI3,Inference Latency (P95),P3,2026-02-11,25.0,50,0.15,milliseconds,healthy
440018,P3-KPI3,Inference Latency (P95),P3,2026-02-18,25.0,50,0.15,milliseconds,healthy
440018,P3-KPI3,Inference Latency (P95),P3,2026-02-25,25.0,50,0.15,milliseconds,healthy
440018,P3-KPI3,Inference Latency (P95),P3,2026-03-04,25.0,50,0.15,milliseconds,healthy
440018,P3-KPI3,Inference Latency (P95),P3,2026-03-11,25.0,50,0.15,milliseconds,healthy
440018,P3-KPI3,Inference Latency (P95),P3,2026-03-18,25.0,50,0.15,milliseconds,healthy
440018,P3-KPI3,Inference Latency (P95),P3,2026-03-25,25.0,50,0.15,milliseconds,healthy
440018,P3-KPI4,Model Training Time,P3,2026-01-28,12.0,24,0.14,hours,healthy
440018,P3-KPI4,Model Training Time,P3,2026-02-04,12.0,24,0.14,hours,healthy
440018,P3-KPI4,Model Training Time,P3,2026-02-11,12.0,24,0.14,hours,healthy
440018,P3-KPI4,Model Training Time,P3,2026-02-18,12.0,24,0.14,hours,healthy
440018,P3-KPI4,Model Training Time,P3,2026-02-25,12.0,24,0.14,hours,healthy
440018,P3-KPI4,Model Training Time,P3,2026-03-04,12.0,24,0.14,hours,healthy
440018,P3-KPI4,Model Training Time,P3,2026-03-11,12.0,24,0.14,hours,healthy
440018,P3-KPI4,Model Training Time,P3,2026-03-18,12.0,24,0.14,hours,healthy
440018,P3-KPI4,Model Training Time,P3,2026-03-25,12.0,24,0.14,hours,healthy
440018,P4-KPI1,Partner Engagement Score,P4,2026-01-28,61.25,75,0.22,score,risk
440018,P4-KPI1,Partner Engagement Score,P4,2026-02-04,71.33,75,0.22,score,risk
440018,P4-KPI1,Partner Engagement Score,P4,2026-02-11,74.61,75,0.22,score,risk
440018,P4-KPI1,Partner Engagement Score,P4,2026-02-18,77.9,75,0.22,score,healthy
440018,P4-KPI1,Partner Engagement Score,P4,2026-02-25,79.57,75,0.22,score,healthy
440018,P4-KPI1,Partner Engagement Score,P4,2026-03-04,88.4,75,0.22,score,healthy
440018,P4-KPI1,Partner Engagement Score,P4,2026-03-11,88.14,75,0.22,score,healthy
440018,P4-KPI1,Partner Engagement Score,P4,2026-03-18,89.39,75,0.22,score,healthy
440018,P4-KPI1,Partner Engagement Score,P4,2026-03-25,90.0,75,0.22,score,healthy
440018,P4-KPI2,VAR Performance Rating,P4,2026-01-28,68.32,80,0.2,score,risk
440018,P4-KPI2,VAR Performance Rating,P4,2026-02-04,70.87,80,0.2,score,risk
440018,P4-KPI2,VAR Performance Rating,P4,2026-02-11,68.88,80,0.2,score,risk
440018,P4-KPI2,VAR Performance Rating,P4,2026-02-18,78.1,80,0.2,score,risk
440018,P4-KPI2,VAR Performance Rating,P4,2026-02-25,79.26,80,0.2,score,risk
440018,P4-KPI2,VAR Performance Rating,P4,2026-03-04,84.87,80,0.2,score,healthy
440018,P4-KPI2,VAR Performance Rating,P4,2026-03-11,90.98,80,0.2,score,healthy
440018,P4-KPI2,VAR Performance Rating,P4,2026-03-18,95.48,80,0.2,score,healthy
440018,P4-KPI2,VAR Performance Rating,P4,2026-03-25,96.0,80,0.2,score,healthy
440018,P4-KPI3,Joint QBR Frequency,P4,2026-01-28,4.8,4,0.18,count,healthy
440018,P4-KPI3,Joint QBR Frequency,P4,2026-02-04,4.8,4,0.18,count,healthy
440018,P4-KPI3,Joint QBR Frequency,P4,2026-02-11,4.8,4,0.18,count,healthy
440018,P4-KPI3,Joint QBR Frequency,P4,2026-02-18,4.8,4,0.18,count,healthy
440018,P4-KPI3,Joint QBR Frequency,P4,2026-02-25,4.8,4,0.18,count,healthy
440018,P4-KPI3,Joint QBR Frequency,P4,2026-03-04,4.8,4,0.18,count,healthy
440018,P4-KPI3,Joint QBR Frequency,P4,2026-03-11,4.8,4,0.18,count,healthy
440018,P4-KPI3,Joint QBR Frequency,P4,2026-03-18,4.8,4,0.18,count,healthy
440018,P4-KPI3,Joint QBR Frequency,P4,2026-03-25,4.8,4,0.18,count,healthy
440018,P4-KPI4,Channel Conflict Score,P4,2026-01-28,10.0,20,0.15,score,healthy
440018,P4-KPI4,Channel Conflict Score,P4,2026-02-04,10.0,20,0.15,score,healthy
440018,P4-KPI4,Channel Conflict Score,P4,2026-02-11,10.0,20,0.15,score,healthy
440018,P4-KPI4,Channel Conflict Score,P4,2026-02-18,10.0,20,0.15,score,healthy
440018,P4-KPI4,Channel Conflict Score,P4,2026-02-25,10.0,20,0.15,score,healthy
440018,P4-KPI4,Channel Conflict Score,P4,2026-03-04,10.0,20,0.15,score,healthy
440018,P4-KPI4,Channel Conflict Score,P4,2026-03-11,10.0,20,0.15,score,healthy
440018,P4-KPI4,Channel Conflict Score,P4,2026-03-18,10.0,20,0.15,score,healthy
440018,P4-KPI4,Channel Conflict Score,P4,2026-03-25,10.0,20,0.15,score,healthy
440018,P5-KPI1,Capacity Utilization Rate,P5,2026-01-28,59.17,70,0.18,percentage,risk
440018,P5-KPI1,Capacity Utilization Rate,P5,2026-02-04,65.52,70,0.18,percentage,risk
440018,P5-KPI1,Capacity Utilization Rate,P5,2026-02-11,65.18,70,0.18,percentage,risk
440018,P5-KPI1,Capacity Utilization Rate,P5,2026-02-18,70.21,70,0.18,percentage,healthy
440018,P5-KPI1,Capacity Utilization Rate,P5,2026-02-25,72.17,70,0.18,percentage,healthy
440018,P5-KPI1,Capacity Utilization Rate,P5,2026-03-04,76.94,70,0.18,percentage,healthy
440018,P5-KPI1,Capacity Utilization Rate,P5,2026-03-11,83.07,70,0.18,percentage,healthy
440018,P5-KPI1,Capacity Utilization Rate,P5,2026-03-18,84.0,70,0.18,percentage,healthy
440018,P5-KPI1,Capacity Utilization Rate,P5,2026-03-25,84.0,70,0.18,percentage,healthy
440018,P5-KPI2,Capacity Utilization Trajectory,P5,2026-01-28,6.0,5,0.18,percentage_change,healthy
440018,P5-KPI2,Capacity Utilization Trajectory,P5,2026-02-04,6.0,5,0.18,percentage_change,healthy
440018,P5-KPI2,Capacity Utilization Trajectory,P5,2026-02-11,6.0,5,0.18,percentage_change,healthy
440018,P5-KPI2,Capacity Utilization Trajectory,P5,2026-02-18,6.0,5,0.18,percentage_change,healthy
440018,P5-KPI2,Capacity Utilization Trajectory,P5,2026-02-25,6.0,5,0.18,percentage_change,healthy
440018,P5-KPI2,Capacity Utilization Trajectory,P5,2026-03-04,6.0,5,0.18,percentage_change,healthy
440018,P5-KPI2,Capacity Utilization Trajectory,P5,2026-03-11,6.0,5,0.18,percentage_change,healthy
440018,P5-KPI2,Capacity Utilization Trajectory,P5,2026-03-18,6.0,5,0.18,percentage_change,healthy
440018,P5-KPI2,Capacity Utilization Trajectory,P5,2026-03-25,6.0,5,0.18,percentage_change,healthy
440018,P5-KPI3,Workload Growth Velocity,P5,2026-01-28,12.0,10,0.18,percentage_change,healthy
440018,P5-KPI3,Workload Growth Velocity,P5,2026-02-04,12.0,10,0.18,percentage_change,healthy
440018,P5-KPI3,Workload Growth Velocity,P5,2026-02-11,12.0,10,0.18,percentage_change,healthy
440018,P5-KPI3,Workload Growth Velocity,P5,2026-02-18,12.0,10,0.18,percentage_change,healthy
440018,P5-KPI3,Workload Growth Velocity,P5,2026-02-25,12.0,10,0.18,percentage_change,healthy
440018,P5-KPI3,Workload Growth Velocity,P5,2026-03-04,12.0,10,0.18,percentage_change,healthy
440018,P5-KPI3,Workload Growth Velocity,P5,2026-03-11,12.0,10,0.18,percentage_change,healthy
440018,P5-KPI3,Workload Growth Velocity,P5,2026-03-18,12.0,10,0.18,percentage_change,healthy
440018,P5-KPI3,Workload Growth Velocity,P5,2026-03-25,12.0,10,0.18,percentage_change,healthy
440018,P5-KPI4,Compute Hour Consumption Trend,P5,2026-01-28,18.0,15,0.15,percentage_change,healthy
440018,P5-KPI4,Compute Hour Consumption Trend,P5,2026-02-04,18.0,15,0.15,percentage_change,healthy
440018,P5-KPI4,Compute Hour Consumption Trend,P5,2026-02-11,18.0,15,0.15,percentage_change,healthy
440018,P5-KPI4,Compute Hour Consumption Trend,P5,2026-02-18,18.0,15,0.15,percentage_change,healthy
440018,P5-KPI4,Compute Hour Consumption Trend,P5,2026-02-25,18.0,15,0.15,percentage_change,healthy
440018,P5-KPI4,Compute Hour Consumption Trend,P5,2026-03-04,18.0,15,0.15,percentage_change,healthy
440018,P5-KPI4,Compute Hour Consumption Trend,P5,2026-03-11,18.0,15,0.15,percentage_change,healthy
440018,P5-KPI4,Compute Hour Consumption Trend,P5,2026-03-18,18.0,15,0.15,percentage_change,healthy
440018,P5-KPI4,Compute Hour Consumption Trend,P5,2026-03-25,18.0,15,0.15,percentage_change,healthy
