account_id,account_name,date,signal_type,from_contact,to_contact,summary,sentiment
42001,E2E Full Test Corporation 1769027713 - Datacenter East,2024-01-05,meeting,Customer Team,Emily Watson,Positive feedback on recent infrastructure upgrade,positive
42001,E2E Full Test Corporation 1769027713 - Datacenter East,2024-01-06,email,Dr. Williams,Emily Watson,Training session on new features delivered,neutral
42001,E2E Full Test Corporation 1769027713 - Datacenter East,2024-01-22,meeting,Dr. Williams,Emily Watson,Quarterly capacity planning review,neutral
42001,E2E Full Test Corporation 1769027713 - Datacenter East,2024-01-12,email,Customer Team,Emily Watson,Documentation review and updates,neutral
42001,E2E Full Test Corporation 1769027713 - Datacenter East,2024-01-02,email,Dr. Williams,Emily Watson,Escalation from operations team regarding performance,negative
42001,E2E Full Test Corporation 1769027713 - Datacenter East,2024-01-04,email,Dr. Williams,Emily Watson,Successfully deployed new workload ahead of schedule,positive
42001,E2E Full Test Corporation 1769027713 - Datacenter East,2024-01-16,email,Dr. Williams,Emily Watson,Support ticket unresolved >48 hours,negative
42001,E2E Full Test Corporation 1769027713 - Datacenter East,2024-01-01,meeting,Customer Team,Emily Watson,Project milestone delayed due to resource constraints,negative
42001,E2E Full Test Corporation 1769027713 - Datacenter East,2024-02-04,meeting,Dr. Williams,Emily Watson,Budget concerns raised during planning meeting,negative
42001,E2E Full Test Corporation 1769027713 - Datacenter East,2024-02-19,meeting,Dr. Williams,Emily Watson,Escalation from operations team regarding performance,negative
42001,E2E Full Test Corporation 1769027713 - Datacenter East,2024-02-19,email,Dr. Williams,Emily Watson,Budget concerns raised during planning meeting,negative
42001,E2E Full Test Corporation 1769027713 - Datacenter East,2024-02-08,email,Customer Team,Emily Watson,Security compliance audit findings,negative
42001,E2E Full Test Corporation 1769027713 - Datacenter East,2024-02-16,escalation,Dr. Williams,Emily Watson,Budget concerns raised during planning meeting,negative
42001,E2E Full Test Corporation 1769027713 - Datacenter East,2024-02-01,email,Customer Team,Emily Watson,Scheduled maintenance window executed,neutral
42001,E2E Full Test Corporation 1769027713 - Datacenter East,2024-02-20,meeting,Customer Team,Emily Watson,Concerns about cooling efficiency raised,negative
42001,E2E Full Test Corporation 1769027713 - Datacenter East,2024-02-10,meeting,Customer Team,Emily Watson,Project milestone delayed due to resource constraints,negative
42001,E2E Full Test Corporation 1769027713 - Datacenter East,2024-03-28,email,Customer Team,Emily Watson,Security compliance audit findings,negative
42001,E2E Full Test Corporation 1769027713 - Datacenter East,2024-03-20,meeting,Customer Team,Emily Watson,Budget concerns raised during planning meeting,negative
42001,E2E Full Test Corporation 1769027713 - Datacenter East,2024-03-13,email,Dr. Williams,Emily Watson,Early adoption of new AI acceleration features,positive
42001,E2E Full Test Corporation 1769027713 - Datacenter East,2024-03-17,meeting,Dr. Williams,Emily Watson,Budget concerns raised during planning meeting,negative
42001,E2E Full Test Corporation 1769027713 - Datacenter East,2024-03-27,email,Dr. Williams,Emily Watson,Routine technical sync meeting completed,neutral
42001,E2E Full Test Corporation 1769027713 - Datacenter East,2024-03-02,meeting,Customer Team,Emily Watson,Quarterly capacity planning review,neutral
42001,E2E Full Test Corporation 1769027713 - Datacenter East,2024-03-18,meeting,Customer Team,Emily Watson,Monthly business review conducted,neutral
42001,E2E Full Test Corporation 1769027713 - Datacenter East,2024-03-06,meeting,Dr. Williams,Emily Watson,Project milestone delayed due to resource constraints,negative
42001,E2E Full Test Corporation 1769027713 - Datacenter East,2024-04-10,email,Customer Team,Emily Watson,Training session on new features delivered,neutral
42001,E2E Full Test Corporation 1769027713 - Datacenter East,2024-04-17,meeting,Dr. Williams,Emily Watson,Documentation review and updates,neutral
42001,E2E Full Test Corporation 1769027713 - Datacenter East,2024-04-04,email,Dr. Williams,Emily Watson,System health check completed,neutral
42001,E2E Full Test Corporation 1769027713 - Datacenter East,2024-04-24,escalation,Dr. Williams,Emily Watson,Support ticket unresolved >48 hours,negative
42001,E2E Full Test Corporation 1769027713 - Datacenter East,2024-04-19,meeting,Dr. Williams,Emily Watson,Team member completed advanced certification,positive
42001,E2E Full Test Corporation 1769027713 - Datacenter East,2024-04-20,email,Customer Team,Emily Watson,Integration challenges with existing systems,negative
42001,E2E Full Test Corporation 1769027713 - Datacenter East,2024-04-27,meeting,Dr. Williams,Emily Watson,Support ticket unresolved >48 hours,negative
42001,E2E Full Test Corporation 1769027713 - Datacenter East,2024-04-02,email,Customer Team,Emily Watson,Quarterly capacity planning review,neutral
42001,E2E Full Test Corporation 1769027713 - Datacenter East,2024-05-06,email,Customer Team,Emily Watson,Regular operational status update provided,neutral
42001,E2E Full Test Corporation 1769027713 - Datacenter East,2024-05-07,email,Dr. Williams,Emily Watson,System health check completed,neutral
42001,E2E Full Test Corporation 1769027713 - Datacenter East,2024-05-15,escalation,Customer Team,Emily Watson,Security compliance audit findings,negative
42001,E2E Full Test Corporation 1769027713 - Datacenter East,2024-05-18,email,Customer Team,Emily Watson,Regular operational status update provided,neutral
42001,E2E Full Test Corporation 1769027713 - Datacenter East,2024-05-23,meeting,Dr. Williams,Emily Watson,Monthly business review conducted,neutral
42001,E2E Full Test Corporation 1769027713 - Datacenter East,2024-05-22,meeting,Customer Team,Emily Watson,System health check completed,neutral
42001,E2E Full Test Corporation 1769027713 - Datacenter East,2024-05-21,email,Dr. Williams,Emily Watson,Routine technical sync meeting completed,neutral
42001,E2E Full Test Corporation 1769027713 - Datacenter East,2024-05-16,email,Dr. Williams,Emily Watson,Monthly business review conducted,neutral
42001,E2E Full Test Corporation 1769027713 - Datacenter East,2024-06-23,meeting,Customer Team,Emily Watson,Team member completed advanced certification,positive
42001,E2E Full Test Corporation 1769027713 - Datacenter East,2024-06-23,email,Dr. Williams,Emily Watson,Training session on new features delivered,neutral
42001,E2E Full Test Corporation 1769027713 - Datacenter East,2024-06-27,escalation,Customer Team,Emily Watson,Unexpected system downtime reported,negative
42001,E2E Full Test Corporation 1769027713 - Datacenter East,2024-06-03,meeting,Dr. Williams,Emily Watson,Concerns about cooling efficiency raised,negative
42001,E2E Full Test Corporation 1769027713 - Datacenter East,2024-05-31,email,Customer Team,Emily Watson,Regular operational status update provided,neutral
42001,E2E Full Test Corporation 1769027713 - Datacenter East,2024-06-13,email,Dr. Williams,Emily Watson,Security compliance audit findings,negative
42001,E2E Full Test Corporation 1769027713 - Datacenter East,2024-06-17,email,Dr. Williams,Emily Watson,Security compliance audit findings,negative
42001,E2E Full Test Corporation 1769027713 - Datacenter East,2024-05-30,email,Dr. Williams,Emily Watson,Exceeded performance benchmarks this quarter,positive
42001,E2E Full Test Corporation 1769027713 - Datacenter East,2024-07-01,meeting,Customer Team,Emily Watson,Budget concerns raised during planning meeting,negative
42001,E2E Full Test Corporation 1769027713 - Datacenter East,2024-07-06,email,Dr. Williams,Emily Watson,Escalation from operations team regarding performance,negative
42001,E2E Full Test Corporation 1769027713 - Datacenter East,2024-07-12,email,Customer Team,Emily Watson,Routine technical sync meeting completed,neutral
42001,E2E Full Test Corporation 1769027713 - Datacenter East,2024-07-17,meeting,Dr. Williams,Emily Watson,Unexpected system downtime reported,negative
42001,E2E Full Test Corporation 1769027713 - Datacenter East,2024-07-18,meeting,Customer Team,Emily Watson,Regular operational status update provided,neutral
42001,E2E Full Test Corporation 1769027713 - Datacenter East,2024-07-12,email,Dr. Williams,Emily Watson,Unexpected system downtime reported,negative
42001,E2E Full Test Corporation 1769027713 - Datacenter East,2024-08-21,email,Dr. Williams,Emily Watson,Reference call completed successfully with prospect,positive
42001,E2E Full Test Corporation 1769027713 - Datacenter East,2024-07-31,meeting,Customer Team,Emily Watson,Exceeded performance benchmarks this quarter,positive
42001,E2E Full Test Corporation 1769027713 - Datacenter East,2024-08-22,email,Customer Team,Emily Watson,Successfully deployed new workload ahead of schedule,positive
42001,E2E Full Test Corporation 1769027713 - Datacenter East,2024-08-24,email,Customer Team,Emily Watson,Routine technical sync meeting completed,neutral
42001,E2E Full Test Corporation 1769027713 - Datacenter East,2024-08-08,meeting,Customer Team,Emily Watson,Documentation review and updates,neutral
42001,E2E Full Test Corporation 1769027713 - Datacenter East,2024-08-01,email,Customer Team,Emily Watson,Documentation review and updates,neutral
42001,E2E Full Test Corporation 1769027713 - Datacenter East,2024-09-25,email,Dr. Williams,Emily Watson,Positive feedback on recent infrastructure upgrade,positive
42001,E2E Full Test Corporation 1769027713 - Datacenter East,2024-09-17,email,Customer Team,Emily Watson,Successfully deployed new workload ahead of schedule,positive
42001,E2E Full Test Corporation 1769027713 - Datacenter East,2024-09-06,email,Customer Team,Emily Watson,Team member completed advanced certification,positive
42001,E2E Full Test Corporation 1769027713 - Datacenter East,2024-09-12,meeting,Dr. Williams,Emily Watson,Project milestone delayed due to resource constraints,negative
42001,E2E Full Test Corporation 1769027713 - Datacenter East,2024-09-23,email,Customer Team,Emily Watson,Scheduled maintenance window executed,neutral
42001,E2E Full Test Corporation 1769027713 - Datacenter East,2024-09-08,email,Customer Team,Emily Watson,Regular operational status update provided,neutral
42001,E2E Full Test Corporation 1769027713 - Datacenter East,2024-10-21,meeting,Dr. Williams,Emily Watson,Monthly business review conducted,neutral
42001,E2E Full Test Corporation 1769027713 - Datacenter East,2024-09-30,email,Dr. Williams,Emily Watson,Budget concerns raised during planning meeting,negative
42001,E2E Full Test Corporation 1769027713 - Datacenter East,2024-10-17,email,Dr. Williams,Emily Watson,Routine technical sync meeting completed,neutral
42001,E2E Full Test Corporation 1769027713 - Datacenter East,2024-09-27,email,Dr. Williams,Emily Watson,Regular operational status update provided,neutral
42001,E2E Full Test Corporation 1769027713 - Datacenter East,2024-10-22,meeting,Customer Team,Emily Watson,Successfully deployed new workload ahead of schedule,positive
42001,E2E Full Test Corporation 1769027713 - Datacenter East,2024-10-24,email,Customer Team,Emily Watson,Quarterly capacity planning review,neutral
42001,E2E Full Test Corporation 1769027713 - Datacenter East,2024-10-28,meeting,Dr. Williams,Emily Watson,Routine technical sync meeting completed,neutral
42001,E2E Full Test Corporation 1769027713 - Datacenter East,2024-11-03,email,Customer Team,Emily Watson,Early adoption of new AI acceleration features,positive
42001,E2E Full Test Corporation 1769027713 - Datacenter East,2024-11-18,email,Dr. Williams,Emily Watson,Training session on new features delivered,neutral
42001,E2E Full Test Corporation 1769027713 - Datacenter East,2024-11-17,meeting,Dr. Williams,Emily Watson,Successful QBR with expansion discussion initiated,positive
42001,E2E Full Test Corporation 1769027713 - Datacenter East,2024-11-16,email,Dr. Williams,Emily Watson,Monthly business review conducted,neutral
42001,E2E Full Test Corporation 1769027713 - Datacenter East,2024-11-14,email,Dr. Williams,Emily Watson,Monthly business review conducted,neutral
42001,E2E Full Test Corporation 1769027713 - Datacenter East,2024-11-26,email,Dr. Williams,Emily Watson,Team member completed advanced certification,positive
42001,E2E Full Test Corporation 1769027713 - Datacenter East,2024-12-17,email,Dr. Williams,Emily Watson,Positive feedback on recent infrastructure upgrade,positive
42001,E2E Full Test Corporation 1769027713 - Datacenter East,2024-12-04,email,Dr. Williams,Emily Watson,Reference call completed successfully with prospect,positive
42001,E2E Full Test Corporation 1769027713 - Datacenter East,2024-12-04,email,Dr. Williams,Emily Watson,Team member completed advanced certification,positive
42001,E2E Full Test Corporation 1769027713 - Datacenter East,2024-12-23,email,Customer Team,Emily Watson,Quarterly capacity planning review,neutral
42001,E2E Full Test Corporation 1769027713 - Datacenter East,2024-11-28,email,Dr. Williams,Emily Watson,Successfully deployed new workload ahead of schedule,positive
42001,E2E Full Test Corporation 1769027713 - Datacenter East,2024-12-17,meeting,Customer Team,Emily Watson,Executive sponsor praised team collaboration,positive
42001,E2E Full Test Corporation 1769027713 - Datacenter East,2024-12-14,email,Customer Team,Emily Watson,Regular operational status update provided,neutral
42001,E2E Full Test Corporation 1769027713 - Datacenter East,2024-12-10,email,Customer Team,Emily Watson,Regular operational status update provided,neutral
42001,E2E Full Test Corporation 1769027713 - Datacenter East,2024-12-20,meeting,Dr. Williams,Emily Watson,Team member completed advanced certification,positive
42002,E2E Full Test Corporation 1769027713 - Cloud Ops,2024-01-09,email,Customer Team,Tom Johnson,Reference call completed successfully with prospect,positive
42002,E2E Full Test Corporation 1769027713 - Cloud Ops,2024-01-14,meeting,Customer Team,Tom Johnson,Team member completed advanced certification,positive
42002,E2E Full Test Corporation 1769027713 - Cloud Ops,2024-01-28,escalation,Customer Team,Tom Johnson,Support ticket unresolved >48 hours,negative
42002,E2E Full Test Corporation 1769027713 - Cloud Ops,2024-01-24,email,Dr. Davis,Tom Johnson,Team member completed advanced certification,positive
42002,E2E Full Test Corporation 1769027713 - Cloud Ops,2024-01-12,email,Dr. Davis,Tom Johnson,Positive feedback on recent infrastructure upgrade,positive
42002,E2E Full Test Corporation 1769027713 - Cloud Ops,2024-01-08,meeting,Customer Team,Tom Johnson,Monthly business review conducted,neutral
42002,E2E Full Test Corporation 1769027713 - Cloud Ops,2024-01-11,meeting,Dr. Davis,Tom Johnson,Team member completed advanced certification,positive
42002,E2E Full Test Corporation 1769027713 - Cloud Ops,2024-01-28,meeting,Customer Team,Tom Johnson,Exceeded performance benchmarks this quarter,positive
42002,E2E Full Test Corporation 1769027713 - Cloud Ops,2024-01-06,email,Customer Team,Tom Johnson,Exceeded performance benchmarks this quarter,positive
42002,E2E Full Test Corporation 1769027713 - Cloud Ops,2024-01-08,email,Dr. Davis,Tom Johnson,Quarterly capacity planning review,neutral
42002,E2E Full Test Corporation 1769027713 - Cloud Ops,2024-02-02,email,Customer Team,Tom Johnson,Scheduled maintenance window executed,neutral
42002,E2E Full Test Corporation 1769027713 - Cloud Ops,2024-02-04,email,Customer Team,Tom Johnson,Positive feedback on recent infrastructure upgrade,positive
42002,E2E Full Test Corporation 1769027713 - Cloud Ops,2024-02-09,email,Customer Team,Tom Johnson,Executive sponsor praised team collaboration,positive
42002,E2E Full Test Corporation 1769027713 - Cloud Ops,2024-02-04,email,Dr. Davis,Tom Johnson,Regular operational status update provided,neutral
42002,E2E Full Test Corporation 1769027713 - Cloud Ops,2024-02-22,meeting,Customer Team,Tom Johnson,Unexpected system downtime reported,negative
42002,E2E Full Test Corporation 1769027713 - Cloud Ops,2024-02-26,email,Dr. Davis,Tom Johnson,Team member completed advanced certification,positive
42002,E2E Full Test Corporation 1769027713 - Cloud Ops,2024-02-12,email,Dr. Davis,Tom Johnson,Scheduled maintenance window executed,neutral
42002,E2E Full Test Corporation 1769027713 - Cloud Ops,2024-02-27,email,Dr. Davis,Tom Johnson,Early adoption of new AI acceleration features,positive
42002,E2E Full Test Corporation 1769027713 - Cloud Ops,2024-02-18,email,Dr. Davis,Tom Johnson,Executive sponsor praised team collaboration,positive
42002,E2E Full Test Corporation 1769027713 - Cloud Ops,2024-02-27,meeting,Dr. Davis,Tom Johnson,Documentation review and updates,neutral
42002,E2E Full Test Corporation 1769027713 - Cloud Ops,2024-03-11,email,Customer Team,Tom Johnson,Reference call completed successfully with prospect,positive
42002,E2E Full Test Corporation 1769027713 - Cloud Ops,2024-03-26,meeting,Dr. Davis,Tom Johnson,Team member completed advanced certification,positive
42002,E2E Full Test Corporation 1769027713 - Cloud Ops,2024-03-15,email,Dr. Davis,Tom Johnson,Executive sponsor praised team collaboration,positive
42002,E2E Full Test Corporation 1769027713 - Cloud Ops,2024-03-16,email,Customer Team,Tom Johnson,Team member completed advanced certification,positive
42002,E2E Full Test Corporation 1769027713 - Cloud Ops,2024-03-04,meeting,Dr. Davis,Tom Johnson,Exceeded performance benchmarks this quarter,positive
42002,E2E Full Test Corporation 1769027713 - Cloud Ops,2024-03-12,email,Customer Team,Tom Johnson,Documentation review and updates,neutral
42002,E2E Full Test Corporation 1769027713 - Cloud Ops,2024-03-16,email,Customer Team,Tom Johnson,System health check completed,neutral
42002,E2E Full Test Corporation 1769027713 - Cloud Ops,2024-03-06,email,Dr. Davis,Tom Johnson,Exceeded performance benchmarks this quarter,positive
42002,E2E Full Test Corporation 1769027713 - Cloud Ops,2024-03-21,meeting,Customer Team,Tom Johnson,Team member completed advanced certification,positive
42002,E2E Full Test Corporation 1769027713 - Cloud Ops,2024-03-18,email,Customer Team,Tom Johnson,System health check completed,neutral
42002,E2E Full Test Corporation 1769027713 - Cloud Ops,2024-04-26,escalation,Customer Team,Tom Johnson,Unexpected system downtime reported,negative
42002,E2E Full Test Corporation 1769027713 - Cloud Ops,2024-04-27,email,Customer Team,Tom Johnson,Successfully deployed new workload ahead of schedule,positive
42002,E2E Full Test Corporation 1769027713 - Cloud Ops,2024-04-17,email,Customer Team,Tom Johnson,Quarterly capacity planning review,neutral
42002,E2E Full Test Corporation 1769027713 - Cloud Ops,2024-04-04,email,Customer Team,Tom Johnson,Executive sponsor praised team collaboration,positive
42002,E2E Full Test Corporation 1769027713 - Cloud Ops,2024-04-12,meeting,Dr. Davis,Tom Johnson,System health check completed,neutral
42002,E2E Full Test Corporation 1769027713 - Cloud Ops,2024-04-17,meeting,Dr. Davis,Tom Johnson,Security compliance audit findings,negative
42002,E2E Full Test Corporation 1769027713 - Cloud Ops,2024-05-06,email,Customer Team,Tom Johnson,Monthly business review conducted,neutral
42002,E2E Full Test Corporation 1769027713 - Cloud Ops,2024-05-25,meeting,Customer Team,Tom Johnson,Routine technical sync meeting completed,neutral
42002,E2E Full Test Corporation 1769027713 - Cloud Ops,2024-05-22,meeting,Customer Team,Tom Johnson,Budget concerns raised during planning meeting,negative
42002,E2E Full Test Corporation 1769027713 - Cloud Ops,2024-05-21,email,Customer Team,Tom Johnson,Budget concerns raised during planning meeting,negative
42002,E2E Full Test Corporation 1769027713 - Cloud Ops,2024-05-22,meeting,Customer Team,Tom Johnson,Positive feedback on recent infrastructure upgrade,positive
42002,E2E Full Test Corporation 1769027713 - Cloud Ops,2024-05-01,meeting,Dr. Davis,Tom Johnson,Escalation from operations team regarding performance,negative
42002,E2E Full Test Corporation 1769027713 - Cloud Ops,2024-06-25,meeting,Customer Team,Tom Johnson,Routine technical sync meeting completed,neutral
42002,E2E Full Test Corporation 1769027713 - Cloud Ops,2024-06-17,meeting,Customer Team,Tom Johnson,Documentation review and updates,neutral
42002,E2E Full Test Corporation 1769027713 - Cloud Ops,2024-06-16,meeting,Dr. Davis,Tom Johnson,Project milestone delayed due to resource constraints,negative
42002,E2E Full Test Corporation 1769027713 - Cloud Ops,2024-06-14,meeting,Customer Team,Tom Johnson,Regular operational status update provided,neutral
42002,E2E Full Test Corporation 1769027713 - Cloud Ops,2024-06-03,meeting,Customer Team,Tom Johnson,Scheduled maintenance window executed,neutral
42002,E2E Full Test Corporation 1769027713 - Cloud Ops,2024-06-19,meeting,Customer Team,Tom Johnson,Successfully deployed new workload ahead of schedule,positive
42002,E2E Full Test Corporation 1769027713 - Cloud Ops,2024-07-12,meeting,Customer Team,Tom Johnson,Positive feedback on recent infrastructure upgrade,positive
42002,E2E Full Test Corporation 1769027713 - Cloud Ops,2024-07-07,email,Dr. Davis,Tom Johnson,Team member completed advanced certification,positive
42002,E2E Full Test Corporation 1769027713 - Cloud Ops,2024-07-16,email,Dr. Davis,Tom Johnson,Documentation review and updates,neutral
42002,E2E Full Test Corporation 1769027713 - Cloud Ops,2024-07-06,escalation,Customer Team,Tom Johnson,Escalation from operations team regarding performance,negative
42002,E2E Full Test Corporation 1769027713 - Cloud Ops,2024-07-05,email,Dr. Davis,Tom Johnson,System health check completed,neutral
42002,E2E Full Test Corporation 1769027713 - Cloud Ops,2024-07-10,meeting,Customer Team,Tom Johnson,System health check completed,neutral
42002,E2E Full Test Corporation 1769027713 - Cloud Ops,2024-08-10,email,Customer Team,Tom Johnson,Documentation review and updates,neutral
42002,E2E Full Test Corporation 1769027713 - Cloud Ops,2024-08-09,email,Dr. Davis,Tom Johnson,Documentation review and updates,neutral
42002,E2E Full Test Corporation 1769027713 - Cloud Ops,2024-08-20,email,Customer Team,Tom Johnson,Budget concerns raised during planning meeting,negative
42002,E2E Full Test Corporation 1769027713 - Cloud Ops,2024-08-15,email,Dr. Davis,Tom Johnson,Reference call completed successfully with prospect,positive
42002,E2E Full Test Corporation 1769027713 - Cloud Ops,2024-08-26,email,Customer Team,Tom Johnson,Early adoption of new AI acceleration features,positive
42002,E2E Full Test Corporation 1769027713 - Cloud Ops,2024-08-17,email,Customer Team,Tom Johnson,Monthly business review conducted,neutral
42002,E2E Full Test Corporation 1769027713 - Cloud Ops,2024-09-21,email,Customer Team,Tom Johnson,Documentation review and updates,neutral
42002,E2E Full Test Corporation 1769027713 - Cloud Ops,2024-09-07,email,Dr. Davis,Tom Johnson,Security compliance audit findings,negative
42002,E2E Full Test Corporation 1769027713 - Cloud Ops,2024-09-22,email,Dr. Davis,Tom Johnson,Exceeded performance benchmarks this quarter,positive
42002,E2E Full Test Corporation 1769027713 - Cloud Ops,2024-09-08,email,Customer Team,Tom Johnson,Documentation review and updates,neutral
42002,E2E Full Test Corporation 1769027713 - Cloud Ops,2024-09-21,email,Dr. Davis,Tom Johnson,Monthly business review conducted,neutral
42002,E2E Full Test Corporation 1769027713 - Cloud Ops,2024-09-11,email,Customer Team,Tom Johnson,Team member completed advanced certification,positive
42002,E2E Full Test Corporation 1769027713 - Cloud Ops,2024-10-07,email,Customer Team,Tom Johnson,Exceeded performance benchmarks this quarter,positive
42002,E2E Full Test Corporation 1769027713 - Cloud Ops,2024-09-27,email,Customer Team,Tom Johnson,Quarterly capacity planning review,neutral
42002,E2E Full Test Corporation 1769027713 - Cloud Ops,2024-10-07,email,Customer Team,Tom Johnson,Regular operational status update provided,neutral
42002,E2E Full Test Corporation 1769027713 - Cloud Ops,2024-10-11,email,Dr. Davis,Tom Johnson,Training session on new features delivered,neutral
42002,E2E Full Test Corporation 1769027713 - Cloud Ops,2024-10-06,meeting,Customer Team,Tom Johnson,Executive sponsor praised team collaboration,positive
42002,E2E Full Test Corporation 1769027713 - Cloud Ops,2024-09-30,email,Customer Team,Tom Johnson,System health check completed,neutral
42002,E2E Full Test Corporation 1769027713 - Cloud Ops,2024-10-21,email,Customer Team,Tom Johnson,Documentation review and updates,neutral
42002,E2E Full Test Corporation 1769027713 - Cloud Ops,2024-10-09,meeting,Customer Team,Tom Johnson,Budget concerns raised during planning meeting,negative
42002,E2E Full Test Corporation 1769027713 - Cloud Ops,2024-11-14,email,Dr. Davis,Tom Johnson,Documentation review and updates,neutral
42002,E2E Full Test Corporation 1769027713 - Cloud Ops,2024-11-06,meeting,Dr. Davis,Tom Johnson,Budget concerns raised during planning meeting,negative
42002,E2E Full Test Corporation 1769027713 - Cloud Ops,2024-11-17,email,Dr. Davis,Tom Johnson,Team member completed advanced certification,positive
42002,E2E Full Test Corporation 1769027713 - Cloud Ops,2024-10-29,email,Dr. Davis,Tom Johnson,Documentation review and updates,neutral
42002,E2E Full Test Corporation 1769027713 - Cloud Ops,2024-11-14,meeting,Dr. Davis,Tom Johnson,Security compliance audit findings,negative
42002,E2E Full Test Corporation 1769027713 - Cloud Ops,2024-11-03,meeting,Customer Team,Tom Johnson,Project milestone delayed due to resource constraints,negative
42002,E2E Full Test Corporation 1769027713 - Cloud Ops,2024-11-03,email,Dr. Davis,Tom Johnson,System health check completed,neutral
42002,E2E Full Test Corporation 1769027713 - Cloud Ops,2024-11-15,escalation,Dr. Davis,Tom Johnson,Integration challenges with existing systems,negative
42002,E2E Full Test Corporation 1769027713 - Cloud Ops,2024-12-11,meeting,Customer Team,Tom Johnson,System health check completed,neutral
42002,E2E Full Test Corporation 1769027713 - Cloud Ops,2024-12-21,escalation,Dr. Davis,Tom Johnson,Support ticket unresolved >48 hours,negative
42002,E2E Full Test Corporation 1769027713 - Cloud Ops,2024-11-26,escalation,Dr. Davis,Tom Johnson,Escalation from operations team regarding performance,negative
42002,E2E Full Test Corporation 1769027713 - Cloud Ops,2024-12-11,email,Dr. Davis,Tom Johnson,System health check completed,neutral
42002,E2E Full Test Corporation 1769027713 - Cloud Ops,2024-12-14,email,Customer Team,Tom Johnson,Quarterly capacity planning review,neutral
42002,E2E Full Test Corporation 1769027713 - Cloud Ops,2024-12-14,email,Dr. Davis,Tom Johnson,Training session on new features delivered,neutral
42002,E2E Full Test Corporation 1769027713 - Cloud Ops,2024-12-06,email,Dr. Davis,Tom Johnson,Budget concerns raised during planning meeting,negative
42002,E2E Full Test Corporation 1769027713 - Cloud Ops,2024-12-24,meeting,Customer Team,Tom Johnson,Project milestone delayed due to resource constraints,negative
42003,E2E Full Test Corporation 1769027713 - AI Lab,2024-01-24,email,Dr. Davis,Rachel Martinez,Reference call completed successfully with prospect,positive
42003,E2E Full Test Corporation 1769027713 - AI Lab,2024-01-08,meeting,Dr. Davis,Rachel Martinez,Executive sponsor praised team collaboration,positive
42003,E2E Full Test Corporation 1769027713 - AI Lab,2024-01-13,email,Customer Team,Rachel Martinez,Quarterly capacity planning review,neutral
42003,E2E Full Test Corporation 1769027713 - AI Lab,2024-01-29,email,Customer Team,Rachel Martinez,Team member completed advanced certification,positive
42003,E2E Full Test Corporation 1769027713 - AI Lab,2024-01-05,meeting,Customer Team,Rachel Martinez,Exceeded performance benchmarks this quarter,positive
42003,E2E Full Test Corporation 1769027713 - AI Lab,2024-01-24,email,Customer Team,Rachel Martinez,Team member completed advanced certification,positive
42003,E2E Full Test Corporation 1769027713 - AI Lab,2024-01-20,meeting,Customer Team,Rachel Martinez,Escalation from operations team regarding performance,negative
42003,E2E Full Test Corporation 1769027713 - AI Lab,2024-01-14,email,Customer Team,Rachel Martinez,Executive sponsor praised team collaboration,positive
42003,E2E Full Test Corporation 1769027713 - AI Lab,2024-01-03,meeting,Customer Team,Rachel Martinez,Positive feedback on recent infrastructure upgrade,positive
42003,E2E Full Test Corporation 1769027713 - AI Lab,2024-01-08,email,Customer Team,Rachel Martinez,Reference call completed successfully with prospect,positive
42003,E2E Full Test Corporation 1769027713 - AI Lab,2024-02-22,email,Dr. Davis,Rachel Martinez,Scheduled maintenance window executed,neutral
42003,E2E Full Test Corporation 1769027713 - AI Lab,2024-01-31,escalation,Customer Team,Rachel Martinez,Budget concerns raised during planning meeting,negative
42003,E2E Full Test Corporation 1769027713 - AI Lab,2024-02-14,email,Dr. Davis,Rachel Martinez,Security compliance audit findings,negative
42003,E2E Full Test Corporation 1769027713 - AI Lab,2024-02-12,email,Dr. Davis,Rachel Martinez,Monthly business review conducted,neutral
42003,E2E Full Test Corporation 1769027713 - AI Lab,2024-02-03,meeting,Dr. Davis,Rachel Martinez,Executive sponsor praised team collaboration,positive
42003,E2E Full Test Corporation 1769027713 - AI Lab,2024-02-23,email,Dr. Davis,Rachel Martinez,Successful QBR with expansion discussion initiated,positive
42003,E2E Full Test Corporation 1769027713 - AI Lab,2024-02-17,email,Customer Team,Rachel Martinez,System health check completed,neutral
42003,E2E Full Test Corporation 1769027713 - AI Lab,2024-02-13,meeting,Customer Team,Rachel Martinez,System health check completed,neutral
42003,E2E Full Test Corporation 1769027713 - AI Lab,2024-02-25,email,Customer Team,Rachel Martinez,Team member completed advanced certification,positive
42003,E2E Full Test Corporation 1769027713 - AI Lab,2024-02-06,email,Customer Team,Rachel Martinez,Successfully deployed new workload ahead of schedule,positive
42003,E2E Full Test Corporation 1769027713 - AI Lab,2024-03-19,meeting,Customer Team,Rachel Martinez,Executive sponsor praised team collaboration,positive
42003,E2E Full Test Corporation 1769027713 - AI Lab,2024-03-06,email,Customer Team,Rachel Martinez,Positive feedback on recent infrastructure upgrade,positive
42003,E2E Full Test Corporation 1769027713 - AI Lab,2024-03-10,meeting,Dr. Davis,Rachel Martinez,Successfully deployed new workload ahead of schedule,positive
42003,E2E Full Test Corporation 1769027713 - AI Lab,2024-03-04,meeting,Dr. Davis,Rachel Martinez,Exceeded performance benchmarks this quarter,positive
42003,E2E Full Test Corporation 1769027713 - AI Lab,2024-03-14,email,Customer Team,Rachel Martinez,Reference call completed successfully with prospect,positive
42003,E2E Full Test Corporation 1769027713 - AI Lab,2024-03-11,email,Dr. Davis,Rachel Martinez,Successful QBR with expansion discussion initiated,positive
42003,E2E Full Test Corporation 1769027713 - AI Lab,2024-03-19,meeting,Dr. Davis,Rachel Martinez,Team member completed advanced certification,positive
42003,E2E Full Test Corporation 1769027713 - AI Lab,2024-03-21,email,Customer Team,Rachel Martinez,Executive sponsor praised team collaboration,positive
42003,E2E Full Test Corporation 1769027713 - AI Lab,2024-03-27,email,Customer Team,Rachel Martinez,Successful QBR with expansion discussion initiated,positive
42003,E2E Full Test Corporation 1769027713 - AI Lab,2024-03-09,email,Customer Team,Rachel Martinez,Team member completed advanced certification,positive
42003,E2E Full Test Corporation 1769027713 - AI Lab,2024-04-19,email,Customer Team,Rachel Martinez,Quarterly capacity planning review,neutral
42003,E2E Full Test Corporation 1769027713 - AI Lab,2024-04-05,email,Customer Team,Rachel Martinez,Positive feedback on recent infrastructure upgrade,positive
42003,E2E Full Test Corporation 1769027713 - AI Lab,2024-04-16,meeting,Customer Team,Rachel Martinez,Executive sponsor praised team collaboration,positive
42003,E2E Full Test Corporation 1769027713 - AI Lab,2024-04-15,meeting,Dr. Davis,Rachel Martinez,System health check completed,neutral
42003,E2E Full Test Corporation 1769027713 - AI Lab,2024-04-10,email,Customer Team,Rachel Martinez,Team member completed advanced certification,positive
42003,E2E Full Test Corporation 1769027713 - AI Lab,2024-04-18,meeting,Customer Team,Rachel Martinez,Reference call completed successfully with prospect,positive
42003,E2E Full Test Corporation 1769027713 - AI Lab,2024-04-05,email,Customer Team,Rachel Martinez,Training session on new features delivered,neutral
42003,E2E Full Test Corporation 1769027713 - AI Lab,2024-04-22,email,Dr. Davis,Rachel Martinez,Regular operational status update provided,neutral
42003,E2E Full Test Corporation 1769027713 - AI Lab,2024-04-07,email,Customer Team,Rachel Martinez,Positive feedback on recent infrastructure upgrade,positive
42003,E2E Full Test Corporation 1769027713 - AI Lab,2024-04-18,meeting,Customer Team,Rachel Martinez,Exceeded performance benchmarks this quarter,positive
42003,E2E Full Test Corporation 1769027713 - AI Lab,2024-04-30,email,Dr. Davis,Rachel Martinez,Integration challenges with existing systems,negative
42003,E2E Full Test Corporation 1769027713 - AI Lab,2024-05-02,email,Dr. Davis,Rachel Martinez,Early adoption of new AI acceleration features,positive
42003,E2E Full Test Corporation 1769027713 - AI Lab,2024-05-13,email,Customer Team,Rachel Martinez,Positive feedback on recent infrastructure upgrade,positive
42003,E2E Full Test Corporation 1769027713 - AI Lab,2024-05-03,meeting,Dr. Davis,Rachel Martinez,Early adoption of new AI acceleration features,positive
42003,E2E Full Test Corporation 1769027713 - AI Lab,2024-05-25,email,Customer Team,Rachel Martinez,Successfully deployed new workload ahead of schedule,positive
42003,E2E Full Test Corporation 1769027713 - AI Lab,2024-05-04,email,Dr. Davis,Rachel Martinez,Documentation review and updates,neutral
42003,E2E Full Test Corporation 1769027713 - AI Lab,2024-05-16,email,Dr. Davis,Rachel Martinez,Early adoption of new AI acceleration features,positive
42003,E2E Full Test Corporation 1769027713 - AI Lab,2024-05-02,email,Customer Team,Rachel Martinez,Executive sponsor praised team collaboration,positive
42003,E2E Full Test Corporation 1769027713 - AI Lab,2024-05-25,meeting,Dr. Davis,Rachel Martinez,Quarterly capacity planning review,neutral
42003,E2E Full Test Corporation 1769027713 - AI Lab,2024-05-09,meeting,Customer Team,Rachel Martinez,Project milestone delayed due to resource constraints,negative
42003,E2E Full Test Corporation 1769027713 - AI Lab,2024-05-31,meeting,Customer Team,Rachel Martinez,Exceeded performance benchmarks this quarter,positive
42003,E2E Full Test Corporation 1769027713 - AI Lab,2024-06-27,email,Dr. Davis,Rachel Martinez,Exceeded performance benchmarks this quarter,positive
42003,E2E Full Test Corporation 1769027713 - AI Lab,2024-06-05,email,Customer Team,Rachel Martinez,Monthly business review conducted,neutral
42003,E2E Full Test Corporation 1769027713 - AI Lab,2024-06-24,meeting,Dr. Davis,Rachel Martinez,Executive sponsor praised team collaboration,positive
42003,E2E Full Test Corporation 1769027713 - AI Lab,2024-06-05,email,Dr. Davis,Rachel Martinez,Exceeded performance benchmarks this quarter,positive
42003,E2E Full Test Corporation 1769027713 - AI Lab,2024-06-11,meeting,Customer Team,Rachel Martinez,Integration challenges with existing systems,negative
42003,E2E Full Test Corporation 1769027713 - AI Lab,2024-06-17,email,Dr. Davis,Rachel Martinez,Executive sponsor praised team collaboration,positive
42003,E2E Full Test Corporation 1769027713 - AI Lab,2024-06-25,meeting,Customer Team,Rachel Martinez,Training session on new features delivered,neutral
42003,E2E Full Test Corporation 1769027713 - AI Lab,2024-06-01,email,Customer Team,Rachel Martinez,Successfully deployed new workload ahead of schedule,positive
42003,E2E Full Test Corporation 1769027713 - AI Lab,2024-06-11,email,Dr. Davis,Rachel Martinez,Executive sponsor praised team collaboration,positive
42003,E2E Full Test Corporation 1769027713 - AI Lab,2024-07-08,meeting,Customer Team,Rachel Martinez,Concerns about cooling efficiency raised,negative
42003,E2E Full Test Corporation 1769027713 - AI Lab,2024-07-17,email,Customer Team,Rachel Martinez,Reference call completed successfully with prospect,positive
42003,E2E Full Test Corporation 1769027713 - AI Lab,2024-07-10,meeting,Customer Team,Rachel Martinez,Budget concerns raised during planning meeting,negative
42003,E2E Full Test Corporation 1769027713 - AI Lab,2024-07-02,email,Customer Team,Rachel Martinez,Executive sponsor praised team collaboration,positive
42003,E2E Full Test Corporation 1769027713 - AI Lab,2024-07-09,email,Dr. Davis,Rachel Martinez,Exceeded performance benchmarks this quarter,positive
42003,E2E Full Test Corporation 1769027713 - AI Lab,2024-07-17,email,Customer Team,Rachel Martinez,Early adoption of new AI acceleration features,positive
42003,E2E Full Test Corporation 1769027713 - AI Lab,2024-07-17,escalation,Customer Team,Rachel Martinez,Security compliance audit findings,negative
42003,E2E Full Test Corporation 1769027713 - AI Lab,2024-06-29,meeting,Dr. Davis,Rachel Martinez,Exceeded performance benchmarks this quarter,positive
42003,E2E Full Test Corporation 1769027713 - AI Lab,2024-07-03,meeting,Customer Team,Rachel Martinez,Concerns about cooling efficiency raised,negative
42003,E2E Full Test Corporation 1769027713 - AI Lab,2024-07-22,email,Dr. Davis,Rachel Martinez,Escalation from operations team regarding performance,negative
42003,E2E Full Test Corporation 1769027713 - AI Lab,2024-08-07,meeting,Customer Team,Rachel Martinez,Early adoption of new AI acceleration features,positive
42003,E2E Full Test Corporation 1769027713 - AI Lab,2024-08-11,email,Customer Team,Rachel Martinez,Reference call completed successfully with prospect,positive
42003,E2E Full Test Corporation 1769027713 - AI Lab,2024-08-23,email,Dr. Davis,Rachel Martinez,Team member completed advanced certification,positive
42003,E2E Full Test Corporation 1769027713 - AI Lab,2024-08-06,meeting,Dr. Davis,Rachel Martinez,Executive sponsor praised team collaboration,positive
42003,E2E Full Test Corporation 1769027713 - AI Lab,2024-08-11,email,Dr. Davis,Rachel Martinez,Scheduled maintenance window executed,neutral
42003,E2E Full Test Corporation 1769027713 - AI Lab,2024-08-10,email,Customer Team,Rachel Martinez,Exceeded performance benchmarks this quarter,positive
42003,E2E Full Test Corporation 1769027713 - AI Lab,2024-08-19,email,Customer Team,Rachel Martinez,Reference call completed successfully with prospect,positive
42003,E2E Full Test Corporation 1769027713 - AI Lab,2024-08-07,meeting,Dr. Davis,Rachel Martinez,Successful QBR with expansion discussion initiated,positive
42003,E2E Full Test Corporation 1769027713 - AI Lab,2024-07-29,email,Dr. Davis,Rachel Martinez,Support ticket unresolved >48 hours,negative
42003,E2E Full Test Corporation 1769027713 - AI Lab,2024-08-05,email,Customer Team,Rachel Martinez,Successful QBR with expansion discussion initiated,positive
42003,E2E Full Test Corporation 1769027713 - AI Lab,2024-09-15,email,Customer Team,Rachel Martinez,Exceeded performance benchmarks this quarter,positive
42003,E2E Full Test Corporation 1769027713 - AI Lab,2024-09-16,meeting,Customer Team,Rachel Martinez,Monthly business review conducted,neutral
42003,E2E Full Test Corporation 1769027713 - AI Lab,2024-09-18,meeting,Dr. Davis,Rachel Martinez,Monthly business review conducted,neutral
42003,E2E Full Test Corporation 1769027713 - AI Lab,2024-08-29,email,Customer Team,Rachel Martinez,Documentation review and updates,neutral
42003,E2E Full Test Corporation 1769027713 - AI Lab,2024-09-01,email,Customer Team,Rachel Martinez,Successfully deployed new workload ahead of schedule,positive
42003,E2E Full Test Corporation 1769027713 - AI Lab,2024-09-16,email,Customer Team,Rachel Martinez,Scheduled maintenance window executed,neutral
42003,E2E Full Test Corporation 1769027713 - AI Lab,2024-09-18,meeting,Customer Team,Rachel Martinez,Positive feedback on recent infrastructure upgrade,positive
42003,E2E Full Test Corporation 1769027713 - AI Lab,2024-09-25,email,Customer Team,Rachel Martinez,Exceeded performance benchmarks this quarter,positive
42003,E2E Full Test Corporation 1769027713 - AI Lab,2024-09-02,meeting,Dr. Davis,Rachel Martinez,Successful QBR with expansion discussion initiated,positive
42003,E2E Full Test Corporation 1769027713 - AI Lab,2024-09-21,email,Dr. Davis,Rachel Martinez,Positive feedback on recent infrastructure upgrade,positive
42003,E2E Full Test Corporation 1769027713 - AI Lab,2024-10-21,email,Customer Team,Rachel Martinez,Security compliance audit findings,negative
42003,E2E Full Test Corporation 1769027713 - AI Lab,2024-09-29,email,Customer Team,Rachel Martinez,Positive feedback on recent infrastructure upgrade,positive
42003,E2E Full Test Corporation 1769027713 - AI Lab,2024-10-24,email,Customer Team,Rachel Martinez,Regular operational status update provided,neutral
42003,E2E Full Test Corporation 1769027713 - AI Lab,2024-10-03,meeting,Customer Team,Rachel Martinez,Successful QBR with expansion discussion initiated,positive
42003,E2E Full Test Corporation 1769027713 - AI Lab,2024-10-16,meeting,Dr. Davis,Rachel Martinez,Successfully deployed new workload ahead of schedule,positive
42003,E2E Full Test Corporation 1769027713 - AI Lab,2024-10-11,email,Dr. Davis,Rachel Martinez,Quarterly capacity planning review,neutral
42003,E2E Full Test Corporation 1769027713 - AI Lab,2024-10-20,email,Customer Team,Rachel Martinez,Quarterly capacity planning review,neutral
42003,E2E Full Test Corporation 1769027713 - AI Lab,2024-10-09,email,Customer Team,Rachel Martinez,Team member completed advanced certification,positive
42003,E2E Full Test Corporation 1769027713 - AI Lab,2024-10-15,email,Dr. Davis,Rachel Martinez,Executive sponsor praised team collaboration,positive
42003,E2E Full Test Corporation 1769027713 - AI Lab,2024-10-04,meeting,Customer Team,Rachel Martinez,Monthly business review conducted,neutral
42003,E2E Full Test Corporation 1769027713 - AI Lab,2024-11-05,email,Dr. Davis,Rachel Martinez,System health check completed,neutral
42003,E2E Full Test Corporation 1769027713 - AI Lab,2024-11-04,meeting,Dr. Davis,Rachel Martinez,Exceeded performance benchmarks this quarter,positive
42003,E2E Full Test Corporation 1769027713 - AI Lab,2024-11-06,email,Customer Team,Rachel Martinez,Quarterly capacity planning review,neutral
42003,E2E Full Test Corporation 1769027713 - AI Lab,2024-11-22,email,Dr. Davis,Rachel Martinez,Documentation review and updates,neutral
42003,E2E Full Test Corporation 1769027713 - AI Lab,2024-11-23,meeting,Dr. Davis,Rachel Martinez,Early adoption of new AI acceleration features,positive
42003,E2E Full Test Corporation 1769027713 - AI Lab,2024-11-02,meeting,Customer Team,Rachel Martinez,Early adoption of new AI acceleration features,positive
42003,E2E Full Test Corporation 1769027713 - AI Lab,2024-11-20,meeting,Customer Team,Rachel Martinez,Successfully deployed new workload ahead of schedule,positive
42003,E2E Full Test Corporation 1769027713 - AI Lab,2024-11-05,email,Dr. Davis,Rachel Martinez,Successful QBR with expansion discussion initiated,positive
42003,E2E Full Test Corporation 1769027713 - AI Lab,2024-10-31,email,Dr. Davis,Rachel Martinez,Successful QBR with expansion discussion initiated,positive
42003,E2E Full Test Corporation 1769027713 - AI Lab,2024-11-12,email,Dr. Davis,Rachel Martinez,Team member completed advanced certification,positive
42003,E2E Full Test Corporation 1769027713 - AI Lab,2024-12-01,escalation,Customer Team,Rachel Martinez,Unexpected system downtime reported,negative
42003,E2E Full Test Corporation 1769027713 - AI Lab,2024-12-05,escalation,Dr. Davis,Rachel Martinez,Unexpected system downtime reported,negative
42003,E2E Full Test Corporation 1769027713 - AI Lab,2024-12-11,meeting,Customer Team,Rachel Martinez,Successfully deployed new workload ahead of schedule,positive
42003,E2E Full Test Corporation 1769027713 - AI Lab,2024-12-03,email,Customer Team,Rachel Martinez,Team member completed advanced certification,positive
42003,E2E Full Test Corporation 1769027713 - AI Lab,2024-12-02,meeting,Customer Team,Rachel Martinez,Executive sponsor praised team collaboration,positive
42003,E2E Full Test Corporation 1769027713 - AI Lab,2024-12-16,email,Customer Team,Rachel Martinez,Exceeded performance benchmarks this quarter,positive
42003,E2E Full Test Corporation 1769027713 - AI Lab,2024-12-17,meeting,Dr. Davis,Rachel Martinez,Positive feedback on recent infrastructure upgrade,positive
42003,E2E Full Test Corporation 1769027713 - AI Lab,2024-12-20,email,Customer Team,Rachel Martinez,Positive feedback on recent infrastructure upgrade,positive
42003,E2E Full Test Corporation 1769027713 - AI Lab,2024-11-27,meeting,Customer Team,Rachel Martinez,Quarterly capacity planning review,neutral
42003,E2E Full Test Corporation 1769027713 - AI Lab,2024-12-16,email,Customer Team,Rachel Martinez,Monthly business review conducted,neutral
42004,E2E Full Test Corporation 1769027713 - Production,2024-01-28,meeting,Customer Team,Tom Johnson,Successful QBR with expansion discussion initiated,positive
42004,E2E Full Test Corporation 1769027713 - Production,2024-01-20,email,Customer Team,Tom Johnson,Documentation review and updates,neutral
42004,E2E Full Test Corporation 1769027713 - Production,2024-01-11,email,Customer Team,Tom Johnson,Successful QBR with expansion discussion initiated,positive
42004,E2E Full Test Corporation 1769027713 - Production,2024-01-24,email,Dr. Williams,Tom Johnson,Training session on new features delivered,neutral
42004,E2E Full Test Corporation 1769027713 - Production,2024-01-15,meeting,Customer Team,Tom Johnson,Training session on new features delivered,neutral
42004,E2E Full Test Corporation 1769027713 - Production,2024-01-25,email,Customer Team,Tom Johnson,Team member completed advanced certification,positive
42004,E2E Full Test Corporation 1769027713 - Production,2024-02-04,escalation,Dr. Williams,Tom Johnson,Unexpected system downtime reported,negative
42004,E2E Full Test Corporation 1769027713 - Production,2024-02-22,email,Customer Team,Tom Johnson,Exceeded performance benchmarks this quarter,positive
42004,E2E Full Test Corporation 1769027713 - Production,2024-02-27,email,Customer Team,Tom Johnson,Exceeded performance benchmarks this quarter,positive
42004,E2E Full Test Corporation 1769027713 - Production,2024-02-06,meeting,Customer Team,Tom Johnson,Security compliance audit findings,negative
42004,E2E Full Test Corporation 1769027713 - Production,2024-02-05,email,Dr. Williams,Tom Johnson,Monthly business review conducted,neutral
42004,E2E Full Test Corporation 1769027713 - Production,2024-02-25,meeting,Dr. Williams,Tom Johnson,Team member completed advanced certification,positive
42004,E2E Full Test Corporation 1769027713 - Production,2024-03-25,email,Dr. Williams,Tom Johnson,Positive feedback on recent infrastructure upgrade,positive
42004,E2E Full Test Corporation 1769027713 - Production,2024-03-15,meeting,Dr. Williams,Tom Johnson,Successful QBR with expansion discussion initiated,positive
42004,E2E Full Test Corporation 1769027713 - Production,2024-03-28,email,Dr. Williams,Tom Johnson,Quarterly capacity planning review,neutral
42004,E2E Full Test Corporation 1769027713 - Production,2024-03-01,meeting,Dr. Williams,Tom Johnson,Early adoption of new AI acceleration features,positive
42004,E2E Full Test Corporation 1769027713 - Production,2024-03-15,meeting,Customer Team,Tom Johnson,Successful QBR with expansion discussion initiated,positive
42004,E2E Full Test Corporation 1769027713 - Production,2024-03-17,meeting,Dr. Williams,Tom Johnson,Quarterly capacity planning review,neutral
42004,E2E Full Test Corporation 1769027713 - Production,2024-04-19,email,Dr. Williams,Tom Johnson,Scheduled maintenance window executed,neutral
42004,E2E Full Test Corporation 1769027713 - Production,2024-04-23,meeting,Dr. Williams,Tom Johnson,Successful QBR with expansion discussion initiated,positive
42004,E2E Full Test Corporation 1769027713 - Production,2024-04-19,email,Dr. Williams,Tom Johnson,Early adoption of new AI acceleration features,positive
42004,E2E Full Test Corporation 1769027713 - Production,2024-04-20,email,Customer Team,Tom Johnson,Quarterly capacity planning review,neutral
42004,E2E Full Test Corporation 1769027713 - Production,2024-04-02,meeting,Dr. Williams,Tom Johnson,Reference call completed successfully with prospect,positive
42004,E2E Full Test Corporation 1769027713 - Production,2024-04-03,meeting,Dr. Williams,Tom Johnson,Quarterly capacity planning review,neutral
42004,E2E Full Test Corporation 1769027713 - Production,2024-05-21,email,Customer Team,Tom Johnson,Escalation from operations team regarding performance,negative
42004,E2E Full Test Corporation 1769027713 - Production,2024-05-19,email,Dr. Williams,Tom Johnson,Escalation from operations team regarding performance,negative
42004,E2E Full Test Corporation 1769027713 - Production,2024-05-21,meeting,Customer Team,Tom Johnson,Training session on new features delivered,neutral
42004,E2E Full Test Corporation 1769027713 - Production,2024-05-02,email,Customer Team,Tom Johnson,Regular operational status update provided,neutral
42004,E2E Full Test Corporation 1769027713 - Production,2024-05-10,email,Dr. Williams,Tom Johnson,Monthly business review conducted,neutral
42004,E2E Full Test Corporation 1769027713 - Production,2024-05-04,meeting,Dr. Williams,Tom Johnson,Security compliance audit findings,negative
42004,E2E Full Test Corporation 1769027713 - Production,2024-06-03,meeting,Dr. Williams,Tom Johnson,Integration challenges with existing systems,negative
42004,E2E Full Test Corporation 1769027713 - Production,2024-06-23,meeting,Dr. Williams,Tom Johnson,Concerns about cooling efficiency raised,negative
42004,E2E Full Test Corporation 1769027713 - Production,2024-06-23,meeting,Dr. Williams,Tom Johnson,Quarterly capacity planning review,neutral
42004,E2E Full Test Corporation 1769027713 - Production,2024-06-25,email,Dr. Williams,Tom Johnson,Escalation from operations team regarding performance,negative
42004,E2E Full Test Corporation 1769027713 - Production,2024-06-26,escalation,Customer Team,Tom Johnson,Escalation from operations team regarding performance,negative
42004,E2E Full Test Corporation 1769027713 - Production,2024-06-01,meeting,Customer Team,Tom Johnson,Quarterly capacity planning review,neutral
42004,E2E Full Test Corporation 1769027713 - Production,2024-06-03,meeting,Customer Team,Tom Johnson,Project milestone delayed due to resource constraints,negative
42004,E2E Full Test Corporation 1769027713 - Production,2024-06-09,email,Dr. Williams,Tom Johnson,Training session on new features delivered,neutral
42004,E2E Full Test Corporation 1769027713 - Production,2024-07-14,meeting,Customer Team,Tom Johnson,Reference call completed successfully with prospect,positive
42004,E2E Full Test Corporation 1769027713 - Production,2024-07-20,meeting,Dr. Williams,Tom Johnson,Training session on new features delivered,neutral
42004,E2E Full Test Corporation 1769027713 - Production,2024-07-19,escalation,Dr. Williams,Tom Johnson,Concerns about cooling efficiency raised,negative
42004,E2E Full Test Corporation 1769027713 - Production,2024-07-12,email,Dr. Williams,Tom Johnson,Routine technical sync meeting completed,neutral
42004,E2E Full Test Corporation 1769027713 - Production,2024-07-26,email,Dr. Williams,Tom Johnson,Unexpected system downtime reported,negative
42004,E2E Full Test Corporation 1769027713 - Production,2024-07-21,escalation,Customer Team,Tom Johnson,Integration challenges with existing systems,negative
42004,E2E Full Test Corporation 1769027713 - Production,2024-07-23,email,Customer Team,Tom Johnson,Executive sponsor praised team collaboration,positive
42004,E2E Full Test Corporation 1769027713 - Production,2024-06-30,email,Dr. Williams,Tom Johnson,Quarterly capacity planning review,neutral
42004,E2E Full Test Corporation 1769027713 - Production,2024-08-19,email,Customer Team,Tom Johnson,System health check completed,neutral
42004,E2E Full Test Corporation 1769027713 - Production,2024-08-04,email,Customer Team,Tom Johnson,Documentation review and updates,neutral
42004,E2E Full Test Corporation 1769027713 - Production,2024-08-14,meeting,Customer Team,Tom Johnson,Regular operational status update provided,neutral
42004,E2E Full Test Corporation 1769027713 - Production,2024-08-18,meeting,Customer Team,Tom Johnson,Project milestone delayed due to resource constraints,negative
42004,E2E Full Test Corporation 1769027713 - Production,2024-08-06,escalation,Dr. Williams,Tom Johnson,Support ticket unresolved >48 hours,negative
42004,E2E Full Test Corporation 1769027713 - Production,2024-08-01,meeting,Customer Team,Tom Johnson,Unexpected system downtime reported,negative
42004,E2E Full Test Corporation 1769027713 - Production,2024-08-06,email,Dr. Williams,Tom Johnson,Security compliance audit findings,negative
42004,E2E Full Test Corporation 1769027713 - Production,2024-08-04,meeting,Dr. Williams,Tom Johnson,Concerns about cooling efficiency raised,negative
42004,E2E Full Test Corporation 1769027713 - Production,2024-09-24,meeting,Customer Team,Tom Johnson,Routine technical sync meeting completed,neutral
42004,E2E Full Test Corporation 1769027713 - Production,2024-09-17,email,Customer Team,Tom Johnson,Exceeded performance benchmarks this quarter,positive
42004,E2E Full Test Corporation 1769027713 - Production,2024-09-03,meeting,Customer Team,Tom Johnson,Positive feedback on recent infrastructure upgrade,positive
42004,E2E Full Test Corporation 1769027713 - Production,2024-09-20,email,Customer Team,Tom Johnson,Regular operational status update provided,neutral
42004,E2E Full Test Corporation 1769027713 - Production,2024-09-11,email,Customer Team,Tom Johnson,Exceeded performance benchmarks this quarter,positive
42004,E2E Full Test Corporation 1769027713 - Production,2024-09-02,email,Customer Team,Tom Johnson,Positive feedback on recent infrastructure upgrade,positive
42004,E2E Full Test Corporation 1769027713 - Production,2024-10-18,email,Customer Team,Tom Johnson,Reference call completed successfully with prospect,positive
42004,E2E Full Test Corporation 1769027713 - Production,2024-10-15,email,Dr. Williams,Tom Johnson,System health check completed,neutral
42004,E2E Full Test Corporation 1769027713 - Production,2024-10-24,email,Dr. Williams,Tom Johnson,Training session on new features delivered,neutral
42004,E2E Full Test Corporation 1769027713 - Production,2024-10-16,email,Customer Team,Tom Johnson,Positive feedback on recent infrastructure upgrade,positive
42004,E2E Full Test Corporation 1769027713 - Production,2024-10-10,email,Customer Team,Tom Johnson,Routine technical sync meeting completed,neutral
42004,E2E Full Test Corporation 1769027713 - Production,2024-10-19,email,Customer Team,Tom Johnson,Team member completed advanced certification,positive
42004,E2E Full Test Corporation 1769027713 - Production,2024-11-24,email,Customer Team,Tom Johnson,Scheduled maintenance window executed,neutral
42004,E2E Full Test Corporation 1769027713 - Production,2024-11-20,email,Dr. Williams,Tom Johnson,Routine technical sync meeting completed,neutral
42004,E2E Full Test Corporation 1769027713 - Production,2024-11-05,email,Dr. Williams,Tom Johnson,Successfully deployed new workload ahead of schedule,positive
42004,E2E Full Test Corporation 1769027713 - Production,2024-11-04,email,Dr. Williams,Tom Johnson,Scheduled maintenance window executed,neutral
42004,E2E Full Test Corporation 1769027713 - Production,2024-11-14,meeting,Dr. Williams,Tom Johnson,Early adoption of new AI acceleration features,positive
42004,E2E Full Test Corporation 1769027713 - Production,2024-11-11,email,Customer Team,Tom Johnson,Routine technical sync meeting completed,neutral
42004,E2E Full Test Corporation 1769027713 - Production,2024-12-05,email,Customer Team,Tom Johnson,Regular operational status update provided,neutral
42004,E2E Full Test Corporation 1769027713 - Production,2024-12-01,email,Customer Team,Tom Johnson,Successfully deployed new workload ahead of schedule,positive
42004,E2E Full Test Corporation 1769027713 - Production,2024-11-28,escalation,Dr. Williams,Tom Johnson,Concerns about cooling efficiency raised,negative
42004,E2E Full Test Corporation 1769027713 - Production,2024-11-29,meeting,Customer Team,Tom Johnson,Regular operational status update provided,neutral
42004,E2E Full Test Corporation 1769027713 - Production,2024-12-24,email,Customer Team,Tom Johnson,Training session on new features delivered,neutral
42004,E2E Full Test Corporation 1769027713 - Production,2024-11-27,email,Customer Team,Tom Johnson,Regular operational status update provided,neutral
42005,E2E Full Test Corporation 1769027713 - Development,2024-01-25,meeting,Customer Team,Lisa Anderson,Positive feedback on recent infrastructure upgrade,positive
42005,E2E Full Test Corporation 1769027713 - Development,2024-01-19,meeting,Customer Team,Lisa Anderson,System health check completed,neutral
42005,E2E Full Test Corporation 1769027713 - Development,2024-01-01,email,Customer Team,Lisa Anderson,Executive sponsor praised team collaboration,positive
42005,E2E Full Test Corporation 1769027713 - Development,2024-01-23,email,Customer Team,Lisa Anderson,Successfully deployed new workload ahead of schedule,positive
42005,E2E Full Test Corporation 1769027713 - Development,2024-01-12,meeting,Customer Team,Lisa Anderson,Documentation review and updates,neutral
42005,E2E Full Test Corporation 1769027713 - Development,2024-01-14,email,Dr. Brown,Lisa Anderson,Early adoption of new AI acceleration features,positive
42005,E2E Full Test Corporation 1769027713 - Development,2024-02-10,meeting,Dr. Brown,Lisa Anderson,Executive sponsor praised team collaboration,positive
42005,E2E Full Test Corporation 1769027713 - Development,2024-02-11,meeting,Dr. Brown,Lisa Anderson,Executive sponsor praised team collaboration,positive
42005,E2E Full Test Corporation 1769027713 - Development,2024-02-24,email,Customer Team,Lisa Anderson,Training session on new features delivered,neutral
42005,E2E Full Test Corporation 1769027713 - Development,2024-02-06,meeting,Customer Team,Lisa Anderson,Exceeded performance benchmarks this quarter,positive
42005,E2E Full Test Corporation 1769027713 - Development,2024-02-18,email,Dr. Brown,Lisa Anderson,Exceeded performance benchmarks this quarter,positive
42005,E2E Full Test Corporation 1769027713 - Development,2024-02-21,email,Customer Team,Lisa Anderson,Regular operational status update provided,neutral
42005,E2E Full Test Corporation 1769027713 - Development,2024-02-05,email,Customer Team,Lisa Anderson,Successful QBR with expansion discussion initiated,positive
42005,E2E Full Test Corporation 1769027713 - Development,2024-02-08,meeting,Dr. Brown,Lisa Anderson,Successfully deployed new workload ahead of schedule,positive
42005,E2E Full Test Corporation 1769027713 - Development,2024-02-02,email,Dr. Brown,Lisa Anderson,Exceeded performance benchmarks this quarter,positive
42005,E2E Full Test Corporation 1769027713 - Development,2024-01-31,meeting,Customer Team,Lisa Anderson,Successful QBR with expansion discussion initiated,positive
42005,E2E Full Test Corporation 1769027713 - Development,2024-03-26,meeting,Dr. Brown,Lisa Anderson,System health check completed,neutral
42005,E2E Full Test Corporation 1769027713 - Development,2024-03-05,email,Customer Team,Lisa Anderson,Monthly business review conducted,neutral
42005,E2E Full Test Corporation 1769027713 - Development,2024-03-21,email,Customer Team,Lisa Anderson,Quarterly capacity planning review,neutral
42005,E2E Full Test Corporation 1769027713 - Development,2024-03-18,email,Dr. Brown,Lisa Anderson,Team member completed advanced certification,positive
42005,E2E Full Test Corporation 1769027713 - Development,2024-03-25,meeting,Customer Team,Lisa Anderson,Early adoption of new AI acceleration features,positive
42005,E2E Full Test Corporation 1769027713 - Development,2024-03-19,meeting,Dr. Brown,Lisa Anderson,Regular operational status update provided,neutral
42005,E2E Full Test Corporation 1769027713 - Development,2024-03-09,meeting,Dr. Brown,Lisa Anderson,Documentation review and updates,neutral
42005,E2E Full Test Corporation 1769027713 - Development,2024-03-02,meeting,Customer Team,Lisa Anderson,Monthly business review conducted,neutral
42005,E2E Full Test Corporation 1769027713 - Development,2024-03-05,meeting,Customer Team,Lisa Anderson,Early adoption of new AI acceleration features,positive
42005,E2E Full Test Corporation 1769027713 - Development,2024-03-04,meeting,Customer Team,Lisa Anderson,Escalation from operations team regarding performance,negative
42005,E2E Full Test Corporation 1769027713 - Development,2024-04-16,meeting,Customer Team,Lisa Anderson,Successfully deployed new workload ahead of schedule,positive
42005,E2E Full Test Corporation 1769027713 - Development,2024-04-08,meeting,Dr. Brown,Lisa Anderson,Concerns about cooling efficiency raised,negative
42005,E2E Full Test Corporation 1769027713 - Development,2024-04-03,meeting,Customer Team,Lisa Anderson,Integration challenges with existing systems,negative
42005,E2E Full Test Corporation 1769027713 - Development,2024-04-19,escalation,Customer Team,Lisa Anderson,Support ticket unresolved >48 hours,negative
42005,E2E Full Test Corporation 1769027713 - Development,2024-04-26,email,Customer Team,Lisa Anderson,Exceeded performance benchmarks this quarter,positive
42005,E2E Full Test Corporation 1769027713 - Development,2024-04-13,meeting,Dr. Brown,Lisa Anderson,Scheduled maintenance window executed,neutral
42005,E2E Full Test Corporation 1769027713 - Development,2024-05-07,meeting,Customer Team,Lisa Anderson,Quarterly capacity planning review,neutral
42005,E2E Full Test Corporation 1769027713 - Development,2024-05-06,email,Dr. Brown,Lisa Anderson,Team member completed advanced certification,positive
42005,E2E Full Test Corporation 1769027713 - Development,2024-05-12,meeting,Customer Team,Lisa Anderson,System health check completed,neutral
42005,E2E Full Test Corporation 1769027713 - Development,2024-04-30,meeting,Dr. Brown,Lisa Anderson,Early adoption of new AI acceleration features,positive
42005,E2E Full Test Corporation 1769027713 - Development,2024-05-14,meeting,Dr. Brown,Lisa Anderson,Budget concerns raised during planning meeting,negative
42005,E2E Full Test Corporation 1769027713 - Development,2024-05-17,email,Dr. Brown,Lisa Anderson,System health check completed,neutral
42005,E2E Full Test Corporation 1769027713 - Development,2024-05-18,escalation,Customer Team,Lisa Anderson,Unexpected system downtime reported,negative
42005,E2E Full Test Corporation 1769027713 - Development,2024-05-02,email,Customer Team,Lisa Anderson,Unexpected system downtime reported,negative
42005,E2E Full Test Corporation 1769027713 - Development,2024-06-02,email,Customer Team,Lisa Anderson,Successful QBR with expansion discussion initiated,positive
42005,E2E Full Test Corporation 1769027713 - Development,2024-06-09,email,Customer Team,Lisa Anderson,System health check completed,neutral
42005,E2E Full Test Corporation 1769027713 - Development,2024-06-04,meeting,Customer Team,Lisa Anderson,Project milestone delayed due to resource constraints,negative
42005,E2E Full Test Corporation 1769027713 - Development,2024-06-15,email,Customer Team,Lisa Anderson,Successful QBR with expansion discussion initiated,positive
42005,E2E Full Test Corporation 1769027713 - Development,2024-05-30,email,Dr. Brown,Lisa Anderson,Scheduled maintenance window executed,neutral
42005,E2E Full Test Corporation 1769027713 - Development,2024-05-30,email,Customer Team,Lisa Anderson,Budget concerns raised during planning meeting,negative
42005,E2E Full Test Corporation 1769027713 - Development,2024-06-03,email,Dr. Brown,Lisa Anderson,Concerns about cooling efficiency raised,negative
42005,E2E Full Test Corporation 1769027713 - Development,2024-06-18,email,Customer Team,Lisa Anderson,Project milestone delayed due to resource constraints,negative
42005,E2E Full Test Corporation 1769027713 - Development,2024-07-07,meeting,Dr. Brown,Lisa Anderson,Team member completed advanced certification,positive
42005,E2E Full Test Corporation 1769027713 - Development,2024-07-02,meeting,Dr. Brown,Lisa Anderson,Exceeded performance benchmarks this quarter,positive
42005,E2E Full Test Corporation 1769027713 - Development,2024-07-12,meeting,Dr. Brown,Lisa Anderson,Integration challenges with existing systems,negative
42005,E2E Full Test Corporation 1769027713 - Development,2024-07-02,email,Dr. Brown,Lisa Anderson,Scheduled maintenance window executed,neutral
42005,E2E Full Test Corporation 1769027713 - Development,2024-07-03,email,Dr. Brown,Lisa Anderson,Scheduled maintenance window executed,neutral
42005,E2E Full Test Corporation 1769027713 - Development,2024-07-18,email,Dr. Brown,Lisa Anderson,Scheduled maintenance window executed,neutral
42005,E2E Full Test Corporation 1769027713 - Development,2024-08-09,email,Dr. Brown,Lisa Anderson,Executive sponsor praised team collaboration,positive
42005,E2E Full Test Corporation 1769027713 - Development,2024-08-10,email,Customer Team,Lisa Anderson,Executive sponsor praised team collaboration,positive
42005,E2E Full Test Corporation 1769027713 - Development,2024-08-02,email,Customer Team,Lisa Anderson,Team member completed advanced certification,positive
42005,E2E Full Test Corporation 1769027713 - Development,2024-08-20,email,Dr. Brown,Lisa Anderson,Integration challenges with existing systems,negative
42005,E2E Full Test Corporation 1769027713 - Development,2024-08-22,email,Dr. Brown,Lisa Anderson,Executive sponsor praised team collaboration,positive
42005,E2E Full Test Corporation 1769027713 - Development,2024-08-12,meeting,Customer Team,Lisa Anderson,Regular operational status update provided,neutral
42005,E2E Full Test Corporation 1769027713 - Development,2024-08-05,email,Customer Team,Lisa Anderson,System health check completed,neutral
42005,E2E Full Test Corporation 1769027713 - Development,2024-07-29,meeting,Customer Team,Lisa Anderson,Successfully deployed new workload ahead of schedule,positive
42005,E2E Full Test Corporation 1769027713 - Development,2024-08-01,email,Dr. Brown,Lisa Anderson,Reference call completed successfully with prospect,positive
42005,E2E Full Test Corporation 1769027713 - Development,2024-08-15,email,Dr. Brown,Lisa Anderson,Early adoption of new AI acceleration features,positive
42005,E2E Full Test Corporation 1769027713 - Development,2024-09-22,email,Dr. Brown,Lisa Anderson,Reference call completed successfully with prospect,positive
42005,E2E Full Test Corporation 1769027713 - Development,2024-09-04,meeting,Customer Team,Lisa Anderson,Training session on new features delivered,neutral
42005,E2E Full Test Corporation 1769027713 - Development,2024-09-16,escalation,Dr. Brown,Lisa Anderson,Support ticket unresolved >48 hours,negative
42005,E2E Full Test Corporation 1769027713 - Development,2024-09-17,email,Customer Team,Lisa Anderson,Project milestone delayed due to resource constraints,negative
42005,E2E Full Test Corporation 1769027713 - Development,2024-09-07,meeting,Customer Team,Lisa Anderson,Routine technical sync meeting completed,neutral
42005,E2E Full Test Corporation 1769027713 - Development,2024-09-25,meeting,Customer Team,Lisa Anderson,Exceeded performance benchmarks this quarter,positive
42005,E2E Full Test Corporation 1769027713 - Development,2024-09-23,meeting,Customer Team,Lisa Anderson,Executive sponsor praised team collaboration,positive
42005,E2E Full Test Corporation 1769027713 - Development,2024-09-24,email,Customer Team,Lisa Anderson,System health check completed,neutral
42005,E2E Full Test Corporation 1769027713 - Development,2024-09-14,email,Dr. Brown,Lisa Anderson,Positive feedback on recent infrastructure upgrade,positive
42005,E2E Full Test Corporation 1769027713 - Development,2024-09-16,email,Customer Team,Lisa Anderson,System health check completed,neutral
42005,E2E Full Test Corporation 1769027713 - Development,2024-10-22,email,Customer Team,Lisa Anderson,Training session on new features delivered,neutral
42005,E2E Full Test Corporation 1769027713 - Development,2024-10-17,email,Customer Team,Lisa Anderson,Quarterly capacity planning review,neutral
42005,E2E Full Test Corporation 1769027713 - Development,2024-10-12,email,Customer Team,Lisa Anderson,Training session on new features delivered,neutral
42005,E2E Full Test Corporation 1769027713 - Development,2024-10-24,meeting,Dr. Brown,Lisa Anderson,Regular operational status update provided,neutral
42005,E2E Full Test Corporation 1769027713 - Development,2024-10-16,meeting,Customer Team,Lisa Anderson,Team member completed advanced certification,positive
42005,E2E Full Test Corporation 1769027713 - Development,2024-09-27,meeting,Dr. Brown,Lisa Anderson,Quarterly capacity planning review,neutral
42005,E2E Full Test Corporation 1769027713 - Development,2024-11-16,email,Customer Team,Lisa Anderson,Integration challenges with existing systems,negative
42005,E2E Full Test Corporation 1769027713 - Development,2024-11-21,email,Dr. Brown,Lisa Anderson,Monthly business review conducted,neutral
42005,E2E Full Test Corporation 1769027713 - Development,2024-11-18,email,Dr. Brown,Lisa Anderson,Training session on new features delivered,neutral
42005,E2E Full Test Corporation 1769027713 - Development,2024-11-02,email,Customer Team,Lisa Anderson,Security compliance audit findings,negative
42005,E2E Full Test Corporation 1769027713 - Development,2024-11-24,escalation,Customer Team,Lisa Anderson,Budget concerns raised during planning meeting,negative
42005,E2E Full Test Corporation 1769027713 - Development,2024-11-14,email,Customer Team,Lisa Anderson,Training session on new features delivered,neutral
42005,E2E Full Test Corporation 1769027713 - Development,2024-11-11,escalation,Customer Team,Lisa Anderson,Support ticket unresolved >48 hours,negative
42005,E2E Full Test Corporation 1769027713 - Development,2024-10-27,email,Dr. Brown,Lisa Anderson,Monthly business review conducted,neutral
42005,E2E Full Test Corporation 1769027713 - Development,2024-12-06,email,Customer Team,Lisa Anderson,Support ticket unresolved >48 hours,negative
42005,E2E Full Test Corporation 1769027713 - Development,2024-11-26,meeting,Dr. Brown,Lisa Anderson,Budget concerns raised during planning meeting,negative
42005,E2E Full Test Corporation 1769027713 - Development,2024-12-20,email,Customer Team,Lisa Anderson,Escalation from operations team regarding performance,negative
42005,E2E Full Test Corporation 1769027713 - Development,2024-12-09,meeting,Dr. Brown,Lisa Anderson,Escalation from operations team regarding performance,negative
42005,E2E Full Test Corporation 1769027713 - Development,2024-11-29,escalation,Dr. Brown,Lisa Anderson,Project milestone delayed due to resource constraints,negative
42005,E2E Full Test Corporation 1769027713 - Development,2024-12-12,meeting,Customer Team,Lisa Anderson,Budget concerns raised during planning meeting,negative
42005,E2E Full Test Corporation 1769027713 - Development,2024-12-04,email,Dr. Brown,Lisa Anderson,Training session on new features delivered,neutral
42005,E2E Full Test Corporation 1769027713 - Development,2024-12-07,email,Customer Team,Lisa Anderson,Monthly business review conducted,neutral
42006,E2E Full Test Corporation 1769027713 - HQ Operations,2024-01-12,email,Dr. Johnson,Emily Watson,Documentation review and updates,neutral
42006,E2E Full Test Corporation 1769027713 - HQ Operations,2024-01-10,email,Customer Team,Emily Watson,Documentation review and updates,neutral
42006,E2E Full Test Corporation 1769027713 - HQ Operations,2024-01-06,email,Customer Team,Emily Watson,System health check completed,neutral
42006,E2E Full Test Corporation 1769027713 - HQ Operations,2024-01-15,email,Dr. Johnson,Emily Watson,Integration challenges with existing systems,negative
42006,E2E Full Test Corporation 1769027713 - HQ Operations,2024-01-14,meeting,Dr. Johnson,Emily Watson,Scheduled maintenance window executed,neutral
42006,E2E Full Test Corporation 1769027713 - HQ Operations,2024-01-09,meeting,Customer Team,Emily Watson,Regular operational status update provided,neutral
42006,E2E Full Test Corporation 1769027713 - HQ Operations,2024-01-31,email,Dr. Johnson,Emily Watson,Quarterly capacity planning review,neutral
42006,E2E Full Test Corporation 1769027713 - HQ Operations,2024-02-27,email,Customer Team,Emily Watson,Quarterly capacity planning review,neutral
42006,E2E Full Test Corporation 1769027713 - HQ Operations,2024-02-05,meeting,Dr. Johnson,Emily Watson,Early adoption of new AI acceleration features,positive
42006,E2E Full Test Corporation 1769027713 - HQ Operations,2024-02-08,meeting,Customer Team,Emily Watson,Security compliance audit findings,negative
42006,E2E Full Test Corporation 1769027713 - HQ Operations,2024-02-19,email,Dr. Johnson,Emily Watson,Documentation review and updates,neutral
42006,E2E Full Test Corporation 1769027713 - HQ Operations,2024-02-04,email,Dr. Johnson,Emily Watson,Concerns about cooling efficiency raised,negative
42006,E2E Full Test Corporation 1769027713 - HQ Operations,2024-03-15,email,Dr. Johnson,Emily Watson,Successfully deployed new workload ahead of schedule,positive
42006,E2E Full Test Corporation 1769027713 - HQ Operations,2024-03-20,meeting,Customer Team,Emily Watson,Successful QBR with expansion discussion initiated,positive
42006,E2E Full Test Corporation 1769027713 - HQ Operations,2024-03-14,email,Dr. Johnson,Emily Watson,Budget concerns raised during planning meeting,negative
42006,E2E Full Test Corporation 1769027713 - HQ Operations,2024-03-03,email,Dr. Johnson,Emily Watson,Training session on new features delivered,neutral
42006,E2E Full Test Corporation 1769027713 - HQ Operations,2024-03-19,meeting,Customer Team,Emily Watson,Regular operational status update provided,neutral
42006,E2E Full Test Corporation 1769027713 - HQ Operations,2024-03-03,email,Dr. Johnson,Emily Watson,Documentation review and updates,neutral
42006,E2E Full Test Corporation 1769027713 - HQ Operations,2024-04-05,meeting,Dr. Johnson,Emily Watson,Regular operational status update provided,neutral
42006,E2E Full Test Corporation 1769027713 - HQ Operations,2024-04-04,meeting,Customer Team,Emily Watson,Regular operational status update provided,neutral
42006,E2E Full Test Corporation 1769027713 - HQ Operations,2024-04-28,email,Customer Team,Emily Watson,Successfully deployed new workload ahead of schedule,positive
42006,E2E Full Test Corporation 1769027713 - HQ Operations,2024-04-08,email,Dr. Johnson,Emily Watson,Monthly business review conducted,neutral
42006,E2E Full Test Corporation 1769027713 - HQ Operations,2024-04-27,email,Dr. Johnson,Emily Watson,Early adoption of new AI acceleration features,positive
42006,E2E Full Test Corporation 1769027713 - HQ Operations,2024-04-21,email,Customer Team,Emily Watson,Successfully deployed new workload ahead of schedule,positive
42006,E2E Full Test Corporation 1769027713 - HQ Operations,2024-05-01,email,Dr. Johnson,Emily Watson,Training session on new features delivered,neutral
42006,E2E Full Test Corporation 1769027713 - HQ Operations,2024-05-06,email,Customer Team,Emily Watson,Exceeded performance benchmarks this quarter,positive
42006,E2E Full Test Corporation 1769027713 - HQ Operations,2024-05-09,meeting,Dr. Johnson,Emily Watson,Quarterly capacity planning review,neutral
42006,E2E Full Test Corporation 1769027713 - HQ Operations,2024-05-13,meeting,Customer Team,Emily Watson,Reference call completed successfully with prospect,positive
42006,E2E Full Test Corporation 1769027713 - HQ Operations,2024-05-08,email,Customer Team,Emily Watson,Reference call completed successfully with prospect,positive
42006,E2E Full Test Corporation 1769027713 - HQ Operations,2024-05-18,email,Dr. Johnson,Emily Watson,Team member completed advanced certification,positive
42006,E2E Full Test Corporation 1769027713 - HQ Operations,2024-06-02,meeting,Customer Team,Emily Watson,Security compliance audit findings,negative
42006,E2E Full Test Corporation 1769027713 - HQ Operations,2024-06-06,email,Dr. Johnson,Emily Watson,Concerns about cooling efficiency raised,negative
42006,E2E Full Test Corporation 1769027713 - HQ Operations,2024-05-31,email,Customer Team,Emily Watson,System health check completed,neutral
42006,E2E Full Test Corporation 1769027713 - HQ Operations,2024-06-04,meeting,Dr. Johnson,Emily Watson,Executive sponsor praised team collaboration,positive
42006,E2E Full Test Corporation 1769027713 - HQ Operations,2024-06-11,meeting,Dr. Johnson,Emily Watson,Scheduled maintenance window executed,neutral
42006,E2E Full Test Corporation 1769027713 - HQ Operations,2024-06-25,email,Dr. Johnson,Emily Watson,Project milestone delayed due to resource constraints,negative
42006,E2E Full Test Corporation 1769027713 - HQ Operations,2024-06-20,meeting,Dr. Johnson,Emily Watson,Monthly business review conducted,neutral
42006,E2E Full Test Corporation 1769027713 - HQ Operations,2024-05-30,meeting,Customer Team,Emily Watson,Integration challenges with existing systems,negative
42006,E2E Full Test Corporation 1769027713 - HQ Operations,2024-07-12,email,Dr. Johnson,Emily Watson,Training session on new features delivered,neutral
42006,E2E Full Test Corporation 1769027713 - HQ Operations,2024-06-30,meeting,Dr. Johnson,Emily Watson,Team member completed advanced certification,positive
42006,E2E Full Test Corporation 1769027713 - HQ Operations,2024-07-11,meeting,Dr. Johnson,Emily Watson,Quarterly capacity planning review,neutral
42006,E2E Full Test Corporation 1769027713 - HQ Operations,2024-07-10,meeting,Dr. Johnson,Emily Watson,Monthly business review conducted,neutral
42006,E2E Full Test Corporation 1769027713 - HQ Operations,2024-07-21,escalation,Dr. Johnson,Emily Watson,Escalation from operations team regarding performance,negative
42006,E2E Full Test Corporation 1769027713 - HQ Operations,2024-07-23,email,Dr. Johnson,Emily Watson,Executive sponsor praised team collaboration,positive
42006,E2E Full Test Corporation 1769027713 - HQ Operations,2024-08-02,meeting,Dr. Johnson,Emily Watson,Executive sponsor praised team collaboration,positive
42006,E2E Full Test Corporation 1769027713 - HQ Operations,2024-08-23,email,Customer Team,Emily Watson,Project milestone delayed due to resource constraints,negative
42006,E2E Full Test Corporation 1769027713 - HQ Operations,2024-08-23,email,Dr. Johnson,Emily Watson,Scheduled maintenance window executed,neutral
42006,E2E Full Test Corporation 1769027713 - HQ Operations,2024-08-07,meeting,Dr. Johnson,Emily Watson,Training session on new features delivered,neutral
42006,E2E Full Test Corporation 1769027713 - HQ Operations,2024-08-25,email,Customer Team,Emily Watson,Reference call completed successfully with prospect,positive
42006,E2E Full Test Corporation 1769027713 - HQ Operations,2024-08-04,meeting,Customer Team,Emily Watson,Training session on new features delivered,neutral
42006,E2E Full Test Corporation 1769027713 - HQ Operations,2024-08-28,meeting,Dr. Johnson,Emily Watson,Successful QBR with expansion discussion initiated,positive
42006,E2E Full Test Corporation 1769027713 - HQ Operations,2024-09-12,email,Dr. Johnson,Emily Watson,Integration challenges with existing systems,negative
42006,E2E Full Test Corporation 1769027713 - HQ Operations,2024-09-23,email,Customer Team,Emily Watson,Early adoption of new AI acceleration features,positive
42006,E2E Full Test Corporation 1769027713 - HQ Operations,2024-09-05,meeting,Customer Team,Emily Watson,Team member completed advanced certification,positive
42006,E2E Full Test Corporation 1769027713 - HQ Operations,2024-09-09,meeting,Dr. Johnson,Emily Watson,System health check completed,neutral
42006,E2E Full Test Corporation 1769027713 - HQ Operations,2024-09-17,email,Customer Team,Emily Watson,Reference call completed successfully with prospect,positive
42006,E2E Full Test Corporation 1769027713 - HQ Operations,2024-10-08,email,Dr. Johnson,Emily Watson,System health check completed,neutral
42006,E2E Full Test Corporation 1769027713 - HQ Operations,2024-10-12,email,Customer Team,Emily Watson,Training session on new features delivered,neutral
42006,E2E Full Test Corporation 1769027713 - HQ Operations,2024-10-10,meeting,Dr. Johnson,Emily Watson,Scheduled maintenance window executed,neutral
42006,E2E Full Test Corporation 1769027713 - HQ Operations,2024-10-09,email,Dr. Johnson,Emily Watson,Exceeded performance benchmarks this quarter,positive
42006,E2E Full Test Corporation 1769027713 - HQ Operations,2024-10-17,email,Dr. Johnson,Emily Watson,Scheduled maintenance window executed,neutral
42006,E2E Full Test Corporation 1769027713 - HQ Operations,2024-10-22,meeting,Dr. Johnson,Emily Watson,Team member completed advanced certification,positive
42006,E2E Full Test Corporation 1769027713 - HQ Operations,2024-11-08,meeting,Customer Team,Emily Watson,Executive sponsor praised team collaboration,positive
42006,E2E Full Test Corporation 1769027713 - HQ Operations,2024-11-06,email,Dr. Johnson,Emily Watson,Executive sponsor praised team collaboration,positive
42006,E2E Full Test Corporation 1769027713 - HQ Operations,2024-11-15,email,Dr. Johnson,Emily Watson,Successfully deployed new workload ahead of schedule,positive
42006,E2E Full Test Corporation 1769027713 - HQ Operations,2024-10-28,email,Dr. Johnson,Emily Watson,Regular operational status update provided,neutral
42006,E2E Full Test Corporation 1769027713 - HQ Operations,2024-11-08,email,Customer Team,Emily Watson,Team member completed advanced certification,positive
42006,E2E Full Test Corporation 1769027713 - HQ Operations,2024-11-07,meeting,Dr. Johnson,Emily Watson,Regular operational status update provided,neutral
42006,E2E Full Test Corporation 1769027713 - HQ Operations,2024-12-23,email,Dr. Johnson,Emily Watson,Early adoption of new AI acceleration features,positive
42006,E2E Full Test Corporation 1769027713 - HQ Operations,2024-12-06,meeting,Customer Team,Emily Watson,Reference call completed successfully with prospect,positive
42006,E2E Full Test Corporation 1769027713 - HQ Operations,2024-12-07,email,Customer Team,Emily Watson,System health check completed,neutral
42006,E2E Full Test Corporation 1769027713 - HQ Operations,2024-12-10,meeting,Dr. Johnson,Emily Watson,Quarterly capacity planning review,neutral
42006,E2E Full Test Corporation 1769027713 - HQ Operations,2024-12-07,meeting,Customer Team,Emily Watson,Training session on new features delivered,neutral
42006,E2E Full Test Corporation 1769027713 - HQ Operations,2024-12-05,email,Customer Team,Emily Watson,Training session on new features delivered,neutral
42007,E2E Full Test Corporation 1769027713 - Regional Office,2024-01-23,meeting,Dr. Johnson,Tom Johnson,Team member completed advanced certification,positive
42007,E2E Full Test Corporation 1769027713 - Regional Office,2024-01-26,email,Customer Team,Tom Johnson,Successful QBR with expansion discussion initiated,positive
42007,E2E Full Test Corporation 1769027713 - Regional Office,2024-01-17,email,Dr. Johnson,Tom Johnson,Support ticket unresolved >48 hours,negative
42007,E2E Full Test Corporation 1769027713 - Regional Office,2024-01-01,email,Customer Team,Tom Johnson,Reference call completed successfully with prospect,positive
42007,E2E Full Test Corporation 1769027713 - Regional Office,2024-01-16,meeting,Customer Team,Tom Johnson,Support ticket unresolved >48 hours,negative
42007,E2E Full Test Corporation 1769027713 - Regional Office,2024-01-26,email,Dr. Johnson,Tom Johnson,Integration challenges with existing systems,negative
42007,E2E Full Test Corporation 1769027713 - Regional Office,2024-01-15,email,Customer Team,Tom Johnson,System health check completed,neutral
42007,E2E Full Test Corporation 1769027713 - Regional Office,2024-01-14,email,Dr. Johnson,Tom Johnson,Escalation from operations team regarding performance,negative
42007,E2E Full Test Corporation 1769027713 - Regional Office,2024-02-11,email,Dr. Johnson,Tom Johnson,Escalation from operations team regarding performance,negative
42007,E2E Full Test Corporation 1769027713 - Regional Office,2024-02-04,email,Dr. Johnson,Tom Johnson,Project milestone delayed due to resource constraints,negative
42007,E2E Full Test Corporation 1769027713 - Regional Office,2024-02-15,email,Customer Team,Tom Johnson,Early adoption of new AI acceleration features,positive
42007,E2E Full Test Corporation 1769027713 - Regional Office,2024-02-26,meeting,Customer Team,Tom Johnson,Routine technical sync meeting completed,neutral
42007,E2E Full Test Corporation 1769027713 - Regional Office,2024-02-23,email,Customer Team,Tom Johnson,Positive feedback on recent infrastructure upgrade,positive
42007,E2E Full Test Corporation 1769027713 - Regional Office,2024-02-22,escalation,Customer Team,Tom Johnson,Unexpected system downtime reported,negative
42007,E2E Full Test Corporation 1769027713 - Regional Office,2024-02-02,email,Dr. Johnson,Tom Johnson,Training session on new features delivered,neutral
42007,E2E Full Test Corporation 1769027713 - Regional Office,2024-02-21,meeting,Customer Team,Tom Johnson,Monthly business review conducted,neutral
42007,E2E Full Test Corporation 1769027713 - Regional Office,2024-03-20,meeting,Customer Team,Tom Johnson,Reference call completed successfully with prospect,positive
42007,E2E Full Test Corporation 1769027713 - Regional Office,2024-03-19,escalation,Customer Team,Tom Johnson,Budget concerns raised during planning meeting,negative
42007,E2E Full Test Corporation 1769027713 - Regional Office,2024-03-04,escalation,Customer Team,Tom Johnson,Project milestone delayed due to resource constraints,negative
42007,E2E Full Test Corporation 1769027713 - Regional Office,2024-03-13,email,Dr. Johnson,Tom Johnson,Successfully deployed new workload ahead of schedule,positive
42007,E2E Full Test Corporation 1769027713 - Regional Office,2024-03-16,email,Dr. Johnson,Tom Johnson,Support ticket unresolved >48 hours,negative
42007,E2E Full Test Corporation 1769027713 - Regional Office,2024-03-14,escalation,Dr. Johnson,Tom Johnson,Integration challenges with existing systems,negative
42007,E2E Full Test Corporation 1769027713 - Regional Office,2024-03-19,meeting,Customer Team,Tom Johnson,Exceeded performance benchmarks this quarter,positive
42007,E2E Full Test Corporation 1769027713 - Regional Office,2024-03-02,email,Customer Team,Tom Johnson,Support ticket unresolved >48 hours,negative
42007,E2E Full Test Corporation 1769027713 - Regional Office,2024-04-18,email,Customer Team,Tom Johnson,Successful QBR with expansion discussion initiated,positive
42007,E2E Full Test Corporation 1769027713 - Regional Office,2024-04-05,escalation,Customer Team,Tom Johnson,Concerns about cooling efficiency raised,negative
42007,E2E Full Test Corporation 1769027713 - Regional Office,2024-04-27,email,Customer Team,Tom Johnson,Exceeded performance benchmarks this quarter,positive
42007,E2E Full Test Corporation 1769027713 - Regional Office,2024-04-12,email,Customer Team,Tom Johnson,Monthly business review conducted,neutral
42007,E2E Full Test Corporation 1769027713 - Regional Office,2024-04-16,meeting,Dr. Johnson,Tom Johnson,Monthly business review conducted,neutral
42007,E2E Full Test Corporation 1769027713 - Regional Office,2024-04-25,escalation,Dr. Johnson,Tom Johnson,Project milestone delayed due to resource constraints,negative
42007,E2E Full Test Corporation 1769027713 - Regional Office,2024-04-27,escalation,Customer Team,Tom Johnson,Unexpected system downtime reported,negative
42007,E2E Full Test Corporation 1769027713 - Regional Office,2024-04-28,email,Customer Team,Tom Johnson,System health check completed,neutral
42007,E2E Full Test Corporation 1769027713 - Regional Office,2024-05-26,meeting,Dr. Johnson,Tom Johnson,Budget concerns raised during planning meeting,negative
42007,E2E Full Test Corporation 1769027713 - Regional Office,2024-05-24,email,Customer Team,Tom Johnson,Concerns about cooling efficiency raised,negative
42007,E2E Full Test Corporation 1769027713 - Regional Office,2024-05-25,email,Dr. Johnson,Tom Johnson,Scheduled maintenance window executed,neutral
42007,E2E Full Test Corporation 1769027713 - Regional Office,2024-05-18,email,Customer Team,Tom Johnson,Executive sponsor praised team collaboration,positive
42007,E2E Full Test Corporation 1769027713 - Regional Office,2024-04-30,escalation,Dr. Johnson,Tom Johnson,Support ticket unresolved >48 hours,negative
42007,E2E Full Test Corporation 1769027713 - Regional Office,2024-05-09,email,Customer Team,Tom Johnson,Executive sponsor praised team collaboration,positive
42007,E2E Full Test Corporation 1769027713 - Regional Office,2024-05-24,meeting,Dr. Johnson,Tom Johnson,Unexpected system downtime reported,negative
42007,E2E Full Test Corporation 1769027713 - Regional Office,2024-05-23,meeting,Customer Team,Tom Johnson,Budget concerns raised during planning meeting,negative
42007,E2E Full Test Corporation 1769027713 - Regional Office,2024-05-30,email,Dr. Johnson,Tom Johnson,System health check completed,neutral
42007,E2E Full Test Corporation 1769027713 - Regional Office,2024-06-13,email,Dr. Johnson,Tom Johnson,Positive feedback on recent infrastructure upgrade,positive
42007,E2E Full Test Corporation 1769027713 - Regional Office,2024-06-23,email,Dr. Johnson,Tom Johnson,Support ticket unresolved >48 hours,negative
42007,E2E Full Test Corporation 1769027713 - Regional Office,2024-06-03,meeting,Dr. Johnson,Tom Johnson,Security compliance audit findings,negative
42007,E2E Full Test Corporation 1769027713 - Regional Office,2024-06-11,escalation,Dr. Johnson,Tom Johnson,Security compliance audit findings,negative
42007,E2E Full Test Corporation 1769027713 - Regional Office,2024-06-20,email,Dr. Johnson,Tom Johnson,Security compliance audit findings,negative
42007,E2E Full Test Corporation 1769027713 - Regional Office,2024-06-15,email,Dr. Johnson,Tom Johnson,Monthly business review conducted,neutral
42007,E2E Full Test Corporation 1769027713 - Regional Office,2024-06-22,escalation,Customer Team,Tom Johnson,Escalation from operations team regarding performance,negative
42007,E2E Full Test Corporation 1769027713 - Regional Office,2024-07-04,email,Customer Team,Tom Johnson,Team member completed advanced certification,positive
42007,E2E Full Test Corporation 1769027713 - Regional Office,2024-07-03,escalation,Dr. Johnson,Tom Johnson,Support ticket unresolved >48 hours,negative
42007,E2E Full Test Corporation 1769027713 - Regional Office,2024-07-27,meeting,Dr. Johnson,Tom Johnson,Project milestone delayed due to resource constraints,negative
42007,E2E Full Test Corporation 1769027713 - Regional Office,2024-06-29,email,Customer Team,Tom Johnson,Support ticket unresolved >48 hours,negative
42007,E2E Full Test Corporation 1769027713 - Regional Office,2024-07-09,escalation,Dr. Johnson,Tom Johnson,Unexpected system downtime reported,negative
42007,E2E Full Test Corporation 1769027713 - Regional Office,2024-07-22,email,Customer Team,Tom Johnson,Escalation from operations team regarding performance,negative
42007,E2E Full Test Corporation 1769027713 - Regional Office,2024-06-29,email,Customer Team,Tom Johnson,System health check completed,neutral
42007,E2E Full Test Corporation 1769027713 - Regional Office,2024-07-27,email,Customer Team,Tom Johnson,Concerns about cooling efficiency raised,negative
42007,E2E Full Test Corporation 1769027713 - Regional Office,2024-08-16,email,Customer Team,Tom Johnson,Project milestone delayed due to resource constraints,negative
42007,E2E Full Test Corporation 1769027713 - Regional Office,2024-08-22,email,Customer Team,Tom Johnson,Integration challenges with existing systems,negative
42007,E2E Full Test Corporation 1769027713 - Regional Office,2024-08-04,meeting,Customer Team,Tom Johnson,Support ticket unresolved >48 hours,negative
42007,E2E Full Test Corporation 1769027713 - Regional Office,2024-08-01,meeting,Dr. Johnson,Tom Johnson,Routine technical sync meeting completed,neutral
42007,E2E Full Test Corporation 1769027713 - Regional Office,2024-08-05,email,Customer Team,Tom Johnson,System health check completed,neutral
42007,E2E Full Test Corporation 1769027713 - Regional Office,2024-08-19,meeting,Dr. Johnson,Tom Johnson,Successfully deployed new workload ahead of schedule,positive
42007,E2E Full Test Corporation 1769027713 - Regional Office,2024-08-09,escalation,Dr. Johnson,Tom Johnson,Security compliance audit findings,negative
42007,E2E Full Test Corporation 1769027713 - Regional Office,2024-08-21,escalation,Customer Team,Tom Johnson,Integration challenges with existing systems,negative
42007,E2E Full Test Corporation 1769027713 - Regional Office,2024-09-15,escalation,Dr. Johnson,Tom Johnson,Support ticket unresolved >48 hours,negative
42007,E2E Full Test Corporation 1769027713 - Regional Office,2024-09-19,meeting,Dr. Johnson,Tom Johnson,Integration challenges with existing systems,negative
42007,E2E Full Test Corporation 1769027713 - Regional Office,2024-09-10,email,Dr. Johnson,Tom Johnson,Monthly business review conducted,neutral
42007,E2E Full Test Corporation 1769027713 - Regional Office,2024-09-07,email,Customer Team,Tom Johnson,Scheduled maintenance window executed,neutral
42007,E2E Full Test Corporation 1769027713 - Regional Office,2024-09-06,meeting,Dr. Johnson,Tom Johnson,Security compliance audit findings,negative
42007,E2E Full Test Corporation 1769027713 - Regional Office,2024-08-28,email,Customer Team,Tom Johnson,Regular operational status update provided,neutral
42007,E2E Full Test Corporation 1769027713 - Regional Office,2024-09-16,email,Customer Team,Tom Johnson,Monthly business review conducted,neutral
42007,E2E Full Test Corporation 1769027713 - Regional Office,2024-09-03,email,Customer Team,Tom Johnson,Monthly business review conducted,neutral
42007,E2E Full Test Corporation 1769027713 - Regional Office,2024-10-06,meeting,Dr. Johnson,Tom Johnson,Budget concerns raised during planning meeting,negative
42007,E2E Full Test Corporation 1769027713 - Regional Office,2024-10-25,email,Customer Team,Tom Johnson,Support ticket unresolved >48 hours,negative
42007,E2E Full Test Corporation 1769027713 - Regional Office,2024-10-21,email,Dr. Johnson,Tom Johnson,Support ticket unresolved >48 hours,negative
42007,E2E Full Test Corporation 1769027713 - Regional Office,2024-10-22,email,Dr. Johnson,Tom Johnson,Budget concerns raised during planning meeting,negative
42007,E2E Full Test Corporation 1769027713 - Regional Office,2024-10-03,email,Dr. Johnson,Tom Johnson,Quarterly capacity planning review,neutral
42007,E2E Full Test Corporation 1769027713 - Regional Office,2024-10-20,email,Customer Team,Tom Johnson,Budget concerns raised during planning meeting,negative
42007,E2E Full Test Corporation 1769027713 - Regional Office,2024-09-30,meeting,Customer Team,Tom Johnson,Exceeded performance benchmarks this quarter,positive
42007,E2E Full Test Corporation 1769027713 - Regional Office,2024-10-11,meeting,Dr. Johnson,Tom Johnson,Reference call completed successfully with prospect,positive
42007,E2E Full Test Corporation 1769027713 - Regional Office,2024-11-21,email,Customer Team,Tom Johnson,Concerns about cooling efficiency raised,negative
42007,E2E Full Test Corporation 1769027713 - Regional Office,2024-11-10,meeting,Dr. Johnson,Tom Johnson,Security compliance audit findings,negative
42007,E2E Full Test Corporation 1769027713 - Regional Office,2024-11-21,escalation,Dr. Johnson,Tom Johnson,Budget concerns raised during planning meeting,negative
42007,E2E Full Test Corporation 1769027713 - Regional Office,2024-11-16,escalation,Dr. Johnson,Tom Johnson,Unexpected system downtime reported,negative
42007,E2E Full Test Corporation 1769027713 - Regional Office,2024-11-05,escalation,Customer Team,Tom Johnson,Escalation from operations team regarding performance,negative
42007,E2E Full Test Corporation 1769027713 - Regional Office,2024-10-29,escalation,Customer Team,Tom Johnson,Integration challenges with existing systems,negative
42007,E2E Full Test Corporation 1769027713 - Regional Office,2024-11-02,email,Customer Team,Tom Johnson,Unexpected system downtime reported,negative
42007,E2E Full Test Corporation 1769027713 - Regional Office,2024-11-15,escalation,Dr. Johnson,Tom Johnson,Project milestone delayed due to resource constraints,negative
42007,E2E Full Test Corporation 1769027713 - Regional Office,2024-12-14,email,Customer Team,Tom Johnson,Integration challenges with existing systems,negative
42007,E2E Full Test Corporation 1769027713 - Regional Office,2024-12-05,meeting,Dr. Johnson,Tom Johnson,Concerns about cooling efficiency raised,negative
42007,E2E Full Test Corporation 1769027713 - Regional Office,2024-11-30,meeting,Dr. Johnson,Tom Johnson,Support ticket unresolved >48 hours,negative
42007,E2E Full Test Corporation 1769027713 - Regional Office,2024-12-12,email,Dr. Johnson,Tom Johnson,Documentation review and updates,neutral
42007,E2E Full Test Corporation 1769027713 - Regional Office,2024-12-14,meeting,Dr. Johnson,Tom Johnson,Quarterly capacity planning review,neutral
42007,E2E Full Test Corporation 1769027713 - Regional Office,2024-12-06,escalation,Customer Team,Tom Johnson,Budget concerns raised during planning meeting,negative
42007,E2E Full Test Corporation 1769027713 - Regional Office,2024-12-22,email,Customer Team,Tom Johnson,Reference call completed successfully with prospect,positive
42007,E2E Full Test Corporation 1769027713 - Regional Office,2024-12-06,meeting,Customer Team,Tom Johnson,Concerns about cooling efficiency raised,negative
42008,E2E Full Test Corporation 1769027713 - Research Center,2024-01-18,email,Customer Team,Lisa Anderson,Security compliance audit findings,negative
42008,E2E Full Test Corporation 1769027713 - Research Center,2024-01-09,meeting,Dr. Davis,Lisa Anderson,Project milestone delayed due to resource constraints,negative
42008,E2E Full Test Corporation 1769027713 - Research Center,2024-01-12,meeting,Customer Team,Lisa Anderson,Project milestone delayed due to resource constraints,negative
42008,E2E Full Test Corporation 1769027713 - Research Center,2024-01-10,escalation,Dr. Davis,Lisa Anderson,Unexpected system downtime reported,negative
42008,E2E Full Test Corporation 1769027713 - Research Center,2024-01-19,email,Dr. Davis,Lisa Anderson,System health check completed,neutral
42008,E2E Full Test Corporation 1769027713 - Research Center,2024-01-03,email,Customer Team,Lisa Anderson,Integration challenges with existing systems,negative
42008,E2E Full Test Corporation 1769027713 - Research Center,2024-01-24,email,Dr. Davis,Lisa Anderson,Monthly business review conducted,neutral
42008,E2E Full Test Corporation 1769027713 - Research Center,2024-01-15,email,Customer Team,Lisa Anderson,Escalation from operations team regarding performance,negative
42008,E2E Full Test Corporation 1769027713 - Research Center,2024-02-28,email,Dr. Davis,Lisa Anderson,Budget concerns raised during planning meeting,negative
42008,E2E Full Test Corporation 1769027713 - Research Center,2024-02-03,meeting,Dr. Davis,Lisa Anderson,Quarterly capacity planning review,neutral
42008,E2E Full Test Corporation 1769027713 - Research Center,2024-02-10,escalation,Customer Team,Lisa Anderson,Concerns about cooling efficiency raised,negative
42008,E2E Full Test Corporation 1769027713 - Research Center,2024-02-21,meeting,Customer Team,Lisa Anderson,Support ticket unresolved >48 hours,negative
42008,E2E Full Test Corporation 1769027713 - Research Center,2024-02-25,escalation,Customer Team,Lisa Anderson,Security compliance audit findings,negative
42008,E2E Full Test Corporation 1769027713 - Research Center,2024-02-17,email,Dr. Davis,Lisa Anderson,Security compliance audit findings,negative
42008,E2E Full Test Corporation 1769027713 - Research Center,2024-02-02,escalation,Customer Team,Lisa Anderson,Concerns about cooling efficiency raised,negative
42008,E2E Full Test Corporation 1769027713 - Research Center,2024-02-15,email,Dr. Davis,Lisa Anderson,Project milestone delayed due to resource constraints,negative
42008,E2E Full Test Corporation 1769027713 - Research Center,2024-03-28,escalation,Customer Team,Lisa Anderson,Project milestone delayed due to resource constraints,negative
42008,E2E Full Test Corporation 1769027713 - Research Center,2024-03-12,email,Customer Team,Lisa Anderson,Unexpected system downtime reported,negative
42008,E2E Full Test Corporation 1769027713 - Research Center,2024-03-08,email,Dr. Davis,Lisa Anderson,Support ticket unresolved >48 hours,negative
42008,E2E Full Test Corporation 1769027713 - Research Center,2024-03-26,meeting,Customer Team,Lisa Anderson,System health check completed,neutral
42008,E2E Full Test Corporation 1769027713 - Research Center,2024-03-02,email,Customer Team,Lisa Anderson,Support ticket unresolved >48 hours,negative
42008,E2E Full Test Corporation 1769027713 - Research Center,2024-03-19,email,Customer Team,Lisa Anderson,Escalation from operations team regarding performance,negative
42008,E2E Full Test Corporation 1769027713 - Research Center,2024-03-02,meeting,Dr. Davis,Lisa Anderson,Monthly business review conducted,neutral
42008,E2E Full Test Corporation 1769027713 - Research Center,2024-03-12,email,Dr. Davis,Lisa Anderson,Regular operational status update provided,neutral
42008,E2E Full Test Corporation 1769027713 - Research Center,2024-04-26,meeting,Customer Team,Lisa Anderson,Quarterly capacity planning review,neutral
42008,E2E Full Test Corporation 1769027713 - Research Center,2024-04-14,escalation,Dr. Davis,Lisa Anderson,Concerns about cooling efficiency raised,negative
42008,E2E Full Test Corporation 1769027713 - Research Center,2024-04-21,email,Customer Team,Lisa Anderson,Quarterly capacity planning review,neutral
42008,E2E Full Test Corporation 1769027713 - Research Center,2024-04-28,meeting,Dr. Davis,Lisa Anderson,Training session on new features delivered,neutral
42008,E2E Full Test Corporation 1769027713 - Research Center,2024-04-02,escalation,Customer Team,Lisa Anderson,Support ticket unresolved >48 hours,negative
42008,E2E Full Test Corporation 1769027713 - Research Center,2024-04-10,meeting,Dr. Davis,Lisa Anderson,Budget concerns raised during planning meeting,negative
42008,E2E Full Test Corporation 1769027713 - Research Center,2024-04-15,escalation,Dr. Davis,Lisa Anderson,Concerns about cooling efficiency raised,negative
42008,E2E Full Test Corporation 1769027713 - Research Center,2024-04-28,meeting,Dr. Davis,Lisa Anderson,Escalation from operations team regarding performance,negative
42008,E2E Full Test Corporation 1769027713 - Research Center,2024-05-23,meeting,Customer Team,Lisa Anderson,Project milestone delayed due to resource constraints,negative
42008,E2E Full Test Corporation 1769027713 - Research Center,2024-04-30,email,Customer Team,Lisa Anderson,Budget concerns raised during planning meeting,negative
42008,E2E Full Test Corporation 1769027713 - Research Center,2024-05-28,email,Customer Team,Lisa Anderson,Documentation review and updates,neutral
42008,E2E Full Test Corporation 1769027713 - Research Center,2024-05-20,meeting,Dr. Davis,Lisa Anderson,Early adoption of new AI acceleration features,positive
42008,E2E Full Test Corporation 1769027713 - Research Center,2024-05-03,escalation,Dr. Davis,Lisa Anderson,Project milestone delayed due to resource constraints,negative
42008,E2E Full Test Corporation 1769027713 - Research Center,2024-05-15,email,Dr. Davis,Lisa Anderson,Training session on new features delivered,neutral
42008,E2E Full Test Corporation 1769027713 - Research Center,2024-05-05,meeting,Customer Team,Lisa Anderson,Routine technical sync meeting completed,neutral
42008,E2E Full Test Corporation 1769027713 - Research Center,2024-05-06,email,Customer Team,Lisa Anderson,Successful QBR with expansion discussion initiated,positive
42008,E2E Full Test Corporation 1769027713 - Research Center,2024-06-17,meeting,Dr. Davis,Lisa Anderson,Quarterly capacity planning review,neutral
42008,E2E Full Test Corporation 1769027713 - Research Center,2024-06-02,escalation,Customer Team,Lisa Anderson,Project milestone delayed due to resource constraints,negative
42008,E2E Full Test Corporation 1769027713 - Research Center,2024-06-17,email,Dr. Davis,Lisa Anderson,Concerns about cooling efficiency raised,negative
42008,E2E Full Test Corporation 1769027713 - Research Center,2024-06-05,escalation,Dr. Davis,Lisa Anderson,Budget concerns raised during planning meeting,negative
42008,E2E Full Test Corporation 1769027713 - Research Center,2024-06-18,email,Dr. Davis,Lisa Anderson,Quarterly capacity planning review,neutral
42008,E2E Full Test Corporation 1769027713 - Research Center,2024-06-25,meeting,Dr. Davis,Lisa Anderson,Successfully deployed new workload ahead of schedule,positive
42008,E2E Full Test Corporation 1769027713 - Research Center,2024-06-25,email,Dr. Davis,Lisa Anderson,Positive feedback on recent infrastructure upgrade,positive
42008,E2E Full Test Corporation 1769027713 - Research Center,2024-06-24,meeting,Customer Team,Lisa Anderson,Successfully deployed new workload ahead of schedule,positive
42008,E2E Full Test Corporation 1769027713 - Research Center,2024-07-25,email,Customer Team,Lisa Anderson,Routine technical sync meeting completed,neutral
42008,E2E Full Test Corporation 1769027713 - Research Center,2024-07-08,meeting,Customer Team,Lisa Anderson,Successful QBR with expansion discussion initiated,positive
42008,E2E Full Test Corporation 1769027713 - Research Center,2024-07-17,email,Customer Team,Lisa Anderson,Early adoption of new AI acceleration features,positive
42008,E2E Full Test Corporation 1769027713 - Research Center,2024-07-07,email,Customer Team,Lisa Anderson,Regular operational status update provided,neutral
42008,E2E Full Test Corporation 1769027713 - Research Center,2024-07-21,email,Dr. Davis,Lisa Anderson,Executive sponsor praised team collaboration,positive
42008,E2E Full Test Corporation 1769027713 - Research Center,2024-07-05,email,Customer Team,Lisa Anderson,Team member completed advanced certification,positive
42008,E2E Full Test Corporation 1769027713 - Research Center,2024-08-12,email,Customer Team,Lisa Anderson,Successfully deployed new workload ahead of schedule,positive
42008,E2E Full Test Corporation 1769027713 - Research Center,2024-08-04,email,Dr. Davis,Lisa Anderson,Reference call completed successfully with prospect,positive
42008,E2E Full Test Corporation 1769027713 - Research Center,2024-08-05,meeting,Customer Team,Lisa Anderson,Early adoption of new AI acceleration features,positive
42008,E2E Full Test Corporation 1769027713 - Research Center,2024-07-30,meeting,Customer Team,Lisa Anderson,Escalation from operations team regarding performance,negative
42008,E2E Full Test Corporation 1769027713 - Research Center,2024-08-07,email,Dr. Davis,Lisa Anderson,Positive feedback on recent infrastructure upgrade,positive
42008,E2E Full Test Corporation 1769027713 - Research Center,2024-08-05,email,Dr. Davis,Lisa Anderson,Monthly business review conducted,neutral
42008,E2E Full Test Corporation 1769027713 - Research Center,2024-08-29,meeting,Customer Team,Lisa Anderson,Monthly business review conducted,neutral
42008,E2E Full Test Corporation 1769027713 - Research Center,2024-09-14,email,Customer Team,Lisa Anderson,System health check completed,neutral
42008,E2E Full Test Corporation 1769027713 - Research Center,2024-09-07,meeting,Dr. Davis,Lisa Anderson,Concerns about cooling efficiency raised,negative
42008,E2E Full Test Corporation 1769027713 - Research Center,2024-09-17,meeting,Customer Team,Lisa Anderson,Project milestone delayed due to resource constraints,negative
42008,E2E Full Test Corporation 1769027713 - Research Center,2024-09-02,meeting,Customer Team,Lisa Anderson,Integration challenges with existing systems,negative
42008,E2E Full Test Corporation 1769027713 - Research Center,2024-09-24,email,Dr. Davis,Lisa Anderson,Reference call completed successfully with prospect,positive
42008,E2E Full Test Corporation 1769027713 - Research Center,2024-10-15,email,Dr. Davis,Lisa Anderson,Executive sponsor praised team collaboration,positive
42008,E2E Full Test Corporation 1769027713 - Research Center,2024-10-18,email,Customer Team,Lisa Anderson,System health check completed,neutral
42008,E2E Full Test Corporation 1769027713 - Research Center,2024-10-24,meeting,Dr. Davis,Lisa Anderson,Routine technical sync meeting completed,neutral
42008,E2E Full Test Corporation 1769027713 - Research Center,2024-10-22,email,Customer Team,Lisa Anderson,Routine technical sync meeting completed,neutral
42008,E2E Full Test Corporation 1769027713 - Research Center,2024-10-06,email,Dr. Davis,Lisa Anderson,Training session on new features delivered,neutral
42008,E2E Full Test Corporation 1769027713 - Research Center,2024-10-11,email,Customer Team,Lisa Anderson,Positive feedback on recent infrastructure upgrade,positive
42008,E2E Full Test Corporation 1769027713 - Research Center,2024-11-19,email,Customer Team,Lisa Anderson,Training session on new features delivered,neutral
42008,E2E Full Test Corporation 1769027713 - Research Center,2024-11-10,meeting,Dr. Davis,Lisa Anderson,Support ticket unresolved >48 hours,negative
42008,E2E Full Test Corporation 1769027713 - Research Center,2024-11-15,email,Dr. Davis,Lisa Anderson,Routine technical sync meeting completed,neutral
42008,E2E Full Test Corporation 1769027713 - Research Center,2024-11-07,email,Customer Team,Lisa Anderson,Scheduled maintenance window executed,neutral
42008,E2E Full Test Corporation 1769027713 - Research Center,2024-11-20,escalation,Dr. Davis,Lisa Anderson,Budget concerns raised during planning meeting,negative
42008,E2E Full Test Corporation 1769027713 - Research Center,2024-11-01,meeting,Customer Team,Lisa Anderson,Monthly business review conducted,neutral
42008,E2E Full Test Corporation 1769027713 - Research Center,2024-12-24,meeting,Dr. Davis,Lisa Anderson,Routine technical sync meeting completed,neutral
42008,E2E Full Test Corporation 1769027713 - Research Center,2024-12-01,email,Dr. Davis,Lisa Anderson,Scheduled maintenance window executed,neutral
42008,E2E Full Test Corporation 1769027713 - Research Center,2024-12-07,meeting,Dr. Davis,Lisa Anderson,Routine technical sync meeting completed,neutral
42008,E2E Full Test Corporation 1769027713 - Research Center,2024-12-14,meeting,Dr. Davis,Lisa Anderson,Positive feedback on recent infrastructure upgrade,positive
42008,E2E Full Test Corporation 1769027713 - Research Center,2024-11-29,email,Customer Team,Lisa Anderson,Team member completed advanced certification,positive
42008,E2E Full Test Corporation 1769027713 - Research Center,2024-12-08,email,Customer Team,Lisa Anderson,Training session on new features delivered,neutral
42009,E2E Full Test Corporation 1769027713 - Data Center West,2024-01-27,email,Dr. Brown,Lisa Anderson,Project milestone delayed due to resource constraints,negative
42009,E2E Full Test Corporation 1769027713 - Data Center West,2024-01-10,meeting,Customer Team,Lisa Anderson,Regular operational status update provided,neutral
42009,E2E Full Test Corporation 1769027713 - Data Center West,2024-01-01,email,Customer Team,Lisa Anderson,Training session on new features delivered,neutral
42009,E2E Full Test Corporation 1769027713 - Data Center West,2024-01-23,meeting,Customer Team,Lisa Anderson,Unexpected system downtime reported,negative
42009,E2E Full Test Corporation 1769027713 - Data Center West,2024-01-26,escalation,Customer Team,Lisa Anderson,Security compliance audit findings,negative
42009,E2E Full Test Corporation 1769027713 - Data Center West,2024-01-04,meeting,Customer Team,Lisa Anderson,Integration challenges with existing systems,negative
42009,E2E Full Test Corporation 1769027713 - Data Center West,2024-01-27,email,Dr. Brown,Lisa Anderson,Concerns about cooling efficiency raised,negative
42009,E2E Full Test Corporation 1769027713 - Data Center West,2024-01-18,email,Customer Team,Lisa Anderson,Exceeded performance benchmarks this quarter,positive
42009,E2E Full Test Corporation 1769027713 - Data Center West,2024-02-26,escalation,Dr. Brown,Lisa Anderson,Unexpected system downtime reported,negative
42009,E2E Full Test Corporation 1769027713 - Data Center West,2024-02-13,meeting,Customer Team,Lisa Anderson,Security compliance audit findings,negative
42009,E2E Full Test Corporation 1769027713 - Data Center West,2024-02-16,escalation,Dr. Brown,Lisa Anderson,Concerns about cooling efficiency raised,negative
42009,E2E Full Test Corporation 1769027713 - Data Center West,2024-02-18,meeting,Dr. Brown,Lisa Anderson,Escalation from operations team regarding performance,negative
42009,E2E Full Test Corporation 1769027713 - Data Center West,2024-02-23,meeting,Dr. Brown,Lisa Anderson,Positive feedback on recent infrastructure upgrade,positive
42009,E2E Full Test Corporation 1769027713 - Data Center West,2024-02-06,email,Dr. Brown,Lisa Anderson,System health check completed,neutral
42009,E2E Full Test Corporation 1769027713 - Data Center West,2024-02-21,email,Dr. Brown,Lisa Anderson,System health check completed,neutral
42009,E2E Full Test Corporation 1769027713 - Data Center West,2024-02-19,meeting,Dr. Brown,Lisa Anderson,Project milestone delayed due to resource constraints,negative
42009,E2E Full Test Corporation 1769027713 - Data Center West,2024-03-05,meeting,Dr. Brown,Lisa Anderson,Concerns about cooling efficiency raised,negative
42009,E2E Full Test Corporation 1769027713 - Data Center West,2024-03-27,meeting,Customer Team,Lisa Anderson,Unexpected system downtime reported,negative
42009,E2E Full Test Corporation 1769027713 - Data Center West,2024-03-16,meeting,Dr. Brown,Lisa Anderson,Monthly business review conducted,neutral
42009,E2E Full Test Corporation 1769027713 - Data Center West,2024-03-01,email,Dr. Brown,Lisa Anderson,Monthly business review conducted,neutral
42009,E2E Full Test Corporation 1769027713 - Data Center West,2024-03-05,meeting,Customer Team,Lisa Anderson,Routine technical sync meeting completed,neutral
42009,E2E Full Test Corporation 1769027713 - Data Center West,2024-03-28,meeting,Dr. Brown,Lisa Anderson,Concerns about cooling efficiency raised,negative
42009,E2E Full Test Corporation 1769027713 - Data Center West,2024-03-25,meeting,Customer Team,Lisa Anderson,Scheduled maintenance window executed,neutral
42009,E2E Full Test Corporation 1769027713 - Data Center West,2024-03-25,meeting,Dr. Brown,Lisa Anderson,Training session on new features delivered,neutral
42009,E2E Full Test Corporation 1769027713 - Data Center West,2024-04-22,escalation,Customer Team,Lisa Anderson,Escalation from operations team regarding performance,negative
42009,E2E Full Test Corporation 1769027713 - Data Center West,2024-04-08,meeting,Customer Team,Lisa Anderson,Scheduled maintenance window executed,neutral
42009,E2E Full Test Corporation 1769027713 - Data Center West,2024-04-24,email,Customer Team,Lisa Anderson,Successfully deployed new workload ahead of schedule,positive
42009,E2E Full Test Corporation 1769027713 - Data Center West,2024-04-24,email,Customer Team,Lisa Anderson,Budget concerns raised during planning meeting,negative
42009,E2E Full Test Corporation 1769027713 - Data Center West,2024-04-04,email,Dr. Brown,Lisa Anderson,Monthly business review conducted,neutral
42009,E2E Full Test Corporation 1769027713 - Data Center West,2024-04-25,email,Customer Team,Lisa Anderson,Concerns about cooling efficiency raised,negative
42009,E2E Full Test Corporation 1769027713 - Data Center West,2024-04-17,escalation,Dr. Brown,Lisa Anderson,Budget concerns raised during planning meeting,negative
42009,E2E Full Test Corporation 1769027713 - Data Center West,2024-04-09,email,Dr. Brown,Lisa Anderson,Unexpected system downtime reported,negative
42009,E2E Full Test Corporation 1769027713 - Data Center West,2024-05-11,escalation,Customer Team,Lisa Anderson,Support ticket unresolved >48 hours,negative
42009,E2E Full Test Corporation 1769027713 - Data Center West,2024-05-20,email,Customer Team,Lisa Anderson,Support ticket unresolved >48 hours,negative
42009,E2E Full Test Corporation 1769027713 - Data Center West,2024-05-22,email,Dr. Brown,Lisa Anderson,Documentation review and updates,neutral
42009,E2E Full Test Corporation 1769027713 - Data Center West,2024-05-13,meeting,Dr. Brown,Lisa Anderson,Concerns about cooling efficiency raised,negative
42009,E2E Full Test Corporation 1769027713 - Data Center West,2024-05-06,escalation,Customer Team,Lisa Anderson,Project milestone delayed due to resource constraints,negative
42009,E2E Full Test Corporation 1769027713 - Data Center West,2024-05-22,email,Customer Team,Lisa Anderson,Budget concerns raised during planning meeting,negative
42009,E2E Full Test Corporation 1769027713 - Data Center West,2024-05-09,meeting,Customer Team,Lisa Anderson,Integration challenges with existing systems,negative
42009,E2E Full Test Corporation 1769027713 - Data Center West,2024-05-15,email,Dr. Brown,Lisa Anderson,Unexpected system downtime reported,negative
42009,E2E Full Test Corporation 1769027713 - Data Center West,2024-06-21,email,Customer Team,Lisa Anderson,Documentation review and updates,neutral
42009,E2E Full Test Corporation 1769027713 - Data Center West,2024-06-03,escalation,Dr. Brown,Lisa Anderson,Unexpected system downtime reported,negative
42009,E2E Full Test Corporation 1769027713 - Data Center West,2024-06-04,email,Dr. Brown,Lisa Anderson,Concerns about cooling efficiency raised,negative
42009,E2E Full Test Corporation 1769027713 - Data Center West,2024-06-14,email,Customer Team,Lisa Anderson,Early adoption of new AI acceleration features,positive
42009,E2E Full Test Corporation 1769027713 - Data Center West,2024-06-01,escalation,Customer Team,Lisa Anderson,Security compliance audit findings,negative
42009,E2E Full Test Corporation 1769027713 - Data Center West,2024-06-04,email,Dr. Brown,Lisa Anderson,Project milestone delayed due to resource constraints,negative
42009,E2E Full Test Corporation 1769027713 - Data Center West,2024-06-26,meeting,Dr. Brown,Lisa Anderson,Integration challenges with existing systems,negative
42009,E2E Full Test Corporation 1769027713 - Data Center West,2024-06-26,meeting,Dr. Brown,Lisa Anderson,Budget concerns raised during planning meeting,negative
42009,E2E Full Test Corporation 1769027713 - Data Center West,2024-07-06,meeting,Dr. Brown,Lisa Anderson,Routine technical sync meeting completed,neutral
42009,E2E Full Test Corporation 1769027713 - Data Center West,2024-07-14,email,Customer Team,Lisa Anderson,Exceeded performance benchmarks this quarter,positive
42009,E2E Full Test Corporation 1769027713 - Data Center West,2024-07-15,meeting,Dr. Brown,Lisa Anderson,Executive sponsor praised team collaboration,positive
42009,E2E Full Test Corporation 1769027713 - Data Center West,2024-07-05,email,Dr. Brown,Lisa Anderson,Scheduled maintenance window executed,neutral
42009,E2E Full Test Corporation 1769027713 - Data Center West,2024-07-19,email,Dr. Brown,Lisa Anderson,Documentation review and updates,neutral
42009,E2E Full Test Corporation 1769027713 - Data Center West,2024-07-24,email,Customer Team,Lisa Anderson,Scheduled maintenance window executed,neutral
42009,E2E Full Test Corporation 1769027713 - Data Center West,2024-08-09,email,Customer Team,Lisa Anderson,Positive feedback on recent infrastructure upgrade,positive
42009,E2E Full Test Corporation 1769027713 - Data Center West,2024-08-02,email,Customer Team,Lisa Anderson,Regular operational status update provided,neutral
42009,E2E Full Test Corporation 1769027713 - Data Center West,2024-08-07,email,Dr. Brown,Lisa Anderson,Regular operational status update provided,neutral
42009,E2E Full Test Corporation 1769027713 - Data Center West,2024-08-01,escalation,Customer Team,Lisa Anderson,Security compliance audit findings,negative
42009,E2E Full Test Corporation 1769027713 - Data Center West,2024-08-19,email,Customer Team,Lisa Anderson,Executive sponsor praised team collaboration,positive
42009,E2E Full Test Corporation 1769027713 - Data Center West,2024-08-23,meeting,Dr. Brown,Lisa Anderson,Monthly business review conducted,neutral
42009,E2E Full Test Corporation 1769027713 - Data Center West,2024-09-14,meeting,Customer Team,Lisa Anderson,Regular operational status update provided,neutral
42009,E2E Full Test Corporation 1769027713 - Data Center West,2024-09-21,meeting,Dr. Brown,Lisa Anderson,Successful QBR with expansion discussion initiated,positive
42009,E2E Full Test Corporation 1769027713 - Data Center West,2024-09-17,meeting,Customer Team,Lisa Anderson,Documentation review and updates,neutral
42009,E2E Full Test Corporation 1769027713 - Data Center West,2024-09-03,email,Dr. Brown,Lisa Anderson,Project milestone delayed due to resource constraints,negative
42009,E2E Full Test Corporation 1769027713 - Data Center West,2024-09-19,meeting,Dr. Brown,Lisa Anderson,Budget concerns raised during planning meeting,negative
42009,E2E Full Test Corporation 1769027713 - Data Center West,2024-09-09,email,Dr. Brown,Lisa Anderson,Exceeded performance benchmarks this quarter,positive
42009,E2E Full Test Corporation 1769027713 - Data Center West,2024-10-25,email,Dr. Brown,Lisa Anderson,Scheduled maintenance window executed,neutral
42009,E2E Full Test Corporation 1769027713 - Data Center West,2024-10-13,email,Dr. Brown,Lisa Anderson,Routine technical sync meeting completed,neutral
42009,E2E Full Test Corporation 1769027713 - Data Center West,2024-10-22,email,Customer Team,Lisa Anderson,System health check completed,neutral
42009,E2E Full Test Corporation 1769027713 - Data Center West,2024-10-16,meeting,Customer Team,Lisa Anderson,Successful QBR with expansion discussion initiated,positive
42009,E2E Full Test Corporation 1769027713 - Data Center West,2024-10-01,email,Customer Team,Lisa Anderson,Early adoption of new AI acceleration features,positive
42009,E2E Full Test Corporation 1769027713 - Data Center West,2024-10-22,meeting,Customer Team,Lisa Anderson,Positive feedback on recent infrastructure upgrade,positive
42009,E2E Full Test Corporation 1769027713 - Data Center West,2024-11-16,meeting,Dr. Brown,Lisa Anderson,System health check completed,neutral
42009,E2E Full Test Corporation 1769027713 - Data Center West,2024-11-18,email,Dr. Brown,Lisa Anderson,Regular operational status update provided,neutral
42009,E2E Full Test Corporation 1769027713 - Data Center West,2024-11-14,meeting,Customer Team,Lisa Anderson,Team member completed advanced certification,positive
42009,E2E Full Test Corporation 1769027713 - Data Center West,2024-11-13,email,Dr. Brown,Lisa Anderson,Team member completed advanced certification,positive
42009,E2E Full Test Corporation 1769027713 - Data Center West,2024-11-07,email,Customer Team,Lisa Anderson,Documentation review and updates,neutral
42009,E2E Full Test Corporation 1769027713 - Data Center West,2024-11-02,email,Customer Team,Lisa Anderson,Documentation review and updates,neutral
42009,E2E Full Test Corporation 1769027713 - Data Center West,2024-12-01,email,Customer Team,Lisa Anderson,Training session on new features delivered,neutral
42009,E2E Full Test Corporation 1769027713 - Data Center West,2024-12-12,email,Dr. Brown,Lisa Anderson,Monthly business review conducted,neutral
42009,E2E Full Test Corporation 1769027713 - Data Center West,2024-11-26,meeting,Dr. Brown,Lisa Anderson,Successfully deployed new workload ahead of schedule,positive
42009,E2E Full Test Corporation 1769027713 - Data Center West,2024-12-23,meeting,Customer Team,Lisa Anderson,Quarterly capacity planning review,neutral
42009,E2E Full Test Corporation 1769027713 - Data Center West,2024-12-04,meeting,Customer Team,Lisa Anderson,Documentation review and updates,neutral
42009,E2E Full Test Corporation 1769027713 - Data Center West,2024-12-09,meeting,Customer Team,Lisa Anderson,Successful QBR with expansion discussion initiated,positive
42009,E2E Full Test Corporation 1769027713 - Data Center West,2024-11-28,email,Customer Team,Lisa Anderson,Quarterly capacity planning review,neutral
42009,E2E Full Test Corporation 1769027713 - Data Center West,2024-12-21,meeting,Dr. Brown,Lisa Anderson,Early adoption of new AI acceleration features,positive
42009,E2E Full Test Corporation 1769027713 - Data Center West,2024-12-09,email,Customer Team,Lisa Anderson,Executive sponsor praised team collaboration,positive
42009,E2E Full Test Corporation 1769027713 - Data Center West,2024-12-18,meeting,Customer Team,Lisa Anderson,Documentation review and updates,neutral
42010,E2E Full Test Corporation 1769027713 - Infrastructure,2024-01-10,email,Customer Team,Michael Rodriguez,Reference call completed successfully with prospect,positive
42010,E2E Full Test Corporation 1769027713 - Infrastructure,2024-01-25,email,Dr. Williams,Michael Rodriguez,Routine technical sync meeting completed,neutral
42010,E2E Full Test Corporation 1769027713 - Infrastructure,2024-01-25,meeting,Customer Team,Michael Rodriguez,Reference call completed successfully with prospect,positive
42010,E2E Full Test Corporation 1769027713 - Infrastructure,2024-01-13,escalation,Dr. Williams,Michael Rodriguez,Concerns about cooling efficiency raised,negative
42010,E2E Full Test Corporation 1769027713 - Infrastructure,2024-01-27,escalation,Customer Team,Michael Rodriguez,Budget concerns raised during planning meeting,negative
42010,E2E Full Test Corporation 1769027713 - Infrastructure,2024-01-04,email,Dr. Williams,Michael Rodriguez,Exceeded performance benchmarks this quarter,positive
42010,E2E Full Test Corporation 1769027713 - Infrastructure,2024-01-09,email,Customer Team,Michael Rodriguez,Reference call completed successfully with prospect,positive
42010,E2E Full Test Corporation 1769027713 - Infrastructure,2024-01-28,email,Customer Team,Michael Rodriguez,Early adoption of new AI acceleration features,positive
42010,E2E Full Test Corporation 1769027713 - Infrastructure,2024-01-23,meeting,Customer Team,Michael Rodriguez,Successful QBR with expansion discussion initiated,positive
42010,E2E Full Test Corporation 1769027713 - Infrastructure,2024-01-19,email,Dr. Williams,Michael Rodriguez,Exceeded performance benchmarks this quarter,positive
42010,E2E Full Test Corporation 1769027713 - Infrastructure,2024-02-04,email,Dr. Williams,Michael Rodriguez,System health check completed,neutral
42010,E2E Full Test Corporation 1769027713 - Infrastructure,2024-02-09,email,Customer Team,Michael Rodriguez,Training session on new features delivered,neutral
42010,E2E Full Test Corporation 1769027713 - Infrastructure,2024-02-06,meeting,Customer Team,Michael Rodriguez,Positive feedback on recent infrastructure upgrade,positive
42010,E2E Full Test Corporation 1769027713 - Infrastructure,2024-02-25,meeting,Customer Team,Michael Rodriguez,System health check completed,neutral
42010,E2E Full Test Corporation 1769027713 - Infrastructure,2024-02-27,email,Dr. Williams,Michael Rodriguez,Exceeded performance benchmarks this quarter,positive
42010,E2E Full Test Corporation 1769027713 - Infrastructure,2024-02-11,meeting,Customer Team,Michael Rodriguez,Regular operational status update provided,neutral
42010,E2E Full Test Corporation 1769027713 - Infrastructure,2024-02-07,email,Customer Team,Michael Rodriguez,Executive sponsor praised team collaboration,positive
42010,E2E Full Test Corporation 1769027713 - Infrastructure,2024-02-22,meeting,Customer Team,Michael Rodriguez,Scheduled maintenance window executed,neutral
42010,E2E Full Test Corporation 1769027713 - Infrastructure,2024-02-14,meeting,Customer Team,Michael Rodriguez,Successfully deployed new workload ahead of schedule,positive
42010,E2E Full Test Corporation 1769027713 - Infrastructure,2024-02-26,meeting,Customer Team,Michael Rodriguez,Team member completed advanced certification,positive
42010,E2E Full Test Corporation 1769027713 - Infrastructure,2024-03-05,email,Customer Team,Michael Rodriguez,Unexpected system downtime reported,negative
42010,E2E Full Test Corporation 1769027713 - Infrastructure,2024-03-04,email,Dr. Williams,Michael Rodriguez,Positive feedback on recent infrastructure upgrade,positive
42010,E2E Full Test Corporation 1769027713 - Infrastructure,2024-03-20,email,Dr. Williams,Michael Rodriguez,Positive feedback on recent infrastructure upgrade,positive
42010,E2E Full Test Corporation 1769027713 - Infrastructure,2024-03-21,email,Customer Team,Michael Rodriguez,System health check completed,neutral
42010,E2E Full Test Corporation 1769027713 - Infrastructure,2024-03-18,email,Dr. Williams,Michael Rodriguez,Early adoption of new AI acceleration features,positive
42010,E2E Full Test Corporation 1769027713 - Infrastructure,2024-03-14,meeting,Dr. Williams,Michael Rodriguez,Successfully deployed new workload ahead of schedule,positive
42010,E2E Full Test Corporation 1769027713 - Infrastructure,2024-03-17,escalation,Customer Team,Michael Rodriguez,Concerns about cooling efficiency raised,negative
42010,E2E Full Test Corporation 1769027713 - Infrastructure,2024-03-20,email,Dr. Williams,Michael Rodriguez,Unexpected system downtime reported,negative
42010,E2E Full Test Corporation 1769027713 - Infrastructure,2024-03-15,meeting,Dr. Williams,Michael Rodriguez,Executive sponsor praised team collaboration,positive
42010,E2E Full Test Corporation 1769027713 - Infrastructure,2024-03-04,email,Dr. Williams,Michael Rodriguez,Positive feedback on recent infrastructure upgrade,positive
42010,E2E Full Test Corporation 1769027713 - Infrastructure,2024-04-10,escalation,Dr. Williams,Michael Rodriguez,Support ticket unresolved >48 hours,negative
42010,E2E Full Test Corporation 1769027713 - Infrastructure,2024-04-05,meeting,Dr. Williams,Michael Rodriguez,Early adoption of new AI acceleration features,positive
42010,E2E Full Test Corporation 1769027713 - Infrastructure,2024-04-12,meeting,Dr. Williams,Michael Rodriguez,Successfully deployed new workload ahead of schedule,positive
42010,E2E Full Test Corporation 1769027713 - Infrastructure,2024-04-26,email,Dr. Williams,Michael Rodriguez,Reference call completed successfully with prospect,positive
42010,E2E Full Test Corporation 1769027713 - Infrastructure,2024-04-08,email,Dr. Williams,Michael Rodriguez,Regular operational status update provided,neutral
42010,E2E Full Test Corporation 1769027713 - Infrastructure,2024-03-31,meeting,Dr. Williams,Michael Rodriguez,Successfully deployed new workload ahead of schedule,positive
42010,E2E Full Test Corporation 1769027713 - Infrastructure,2024-05-01,email,Dr. Williams,Michael Rodriguez,Successful QBR with expansion discussion initiated,positive
42010,E2E Full Test Corporation 1769027713 - Infrastructure,2024-05-20,email,Dr. Williams,Michael Rodriguez,Scheduled maintenance window executed,neutral
42010,E2E Full Test Corporation 1769027713 - Infrastructure,2024-05-25,meeting,Customer Team,Michael Rodriguez,Team member completed advanced certification,positive
42010,E2E Full Test Corporation 1769027713 - Infrastructure,2024-05-09,escalation,Dr. Williams,Michael Rodriguez,Escalation from operations team regarding performance,negative
42010,E2E Full Test Corporation 1769027713 - Infrastructure,2024-05-04,email,Dr. Williams,Michael Rodriguez,Monthly business review conducted,neutral
42010,E2E Full Test Corporation 1769027713 - Infrastructure,2024-05-06,meeting,Dr. Williams,Michael Rodriguez,Early adoption of new AI acceleration features,positive
42010,E2E Full Test Corporation 1769027713 - Infrastructure,2024-06-02,email,Dr. Williams,Michael Rodriguez,Positive feedback on recent infrastructure upgrade,positive
42010,E2E Full Test Corporation 1769027713 - Infrastructure,2024-06-22,email,Customer Team,Michael Rodriguez,Training session on new features delivered,neutral
42010,E2E Full Test Corporation 1769027713 - Infrastructure,2024-06-06,meeting,Dr. Williams,Michael Rodriguez,Monthly business review conducted,neutral
42010,E2E Full Test Corporation 1769027713 - Infrastructure,2024-06-24,email,Dr. Williams,Michael Rodriguez,Quarterly capacity planning review,neutral
42010,E2E Full Test Corporation 1769027713 - Infrastructure,2024-06-22,meeting,Dr. Williams,Michael Rodriguez,Quarterly capacity planning review,neutral
42010,E2E Full Test Corporation 1769027713 - Infrastructure,2024-06-05,email,Customer Team,Michael Rodriguez,Scheduled maintenance window executed,neutral
42010,E2E Full Test Corporation 1769027713 - Infrastructure,2024-07-14,email,Dr. Williams,Michael Rodriguez,Escalation from operations team regarding performance,negative
42010,E2E Full Test Corporation 1769027713 - Infrastructure,2024-07-03,email,Dr. Williams,Michael Rodriguez,Documentation review and updates,neutral
42010,E2E Full Test Corporation 1769027713 - Infrastructure,2024-07-05,email,Dr. Williams,Michael Rodriguez,Training session on new features delivered,neutral
42010,E2E Full Test Corporation 1769027713 - Infrastructure,2024-07-08,escalation,Dr. Williams,Michael Rodriguez,Unexpected system downtime reported,negative
42010,E2E Full Test Corporation 1769027713 - Infrastructure,2024-07-05,email,Customer Team,Michael Rodriguez,Regular operational status update provided,neutral
42010,E2E Full Test Corporation 1769027713 - Infrastructure,2024-07-01,email,Dr. Williams,Michael Rodriguez,Executive sponsor praised team collaboration,positive
42010,E2E Full Test Corporation 1769027713 - Infrastructure,2024-08-26,meeting,Customer Team,Michael Rodriguez,Quarterly capacity planning review,neutral
42010,E2E Full Test Corporation 1769027713 - Infrastructure,2024-08-08,meeting,Customer Team,Michael Rodriguez,Documentation review and updates,neutral
42010,E2E Full Test Corporation 1769027713 - Infrastructure,2024-08-11,email,Customer Team,Michael Rodriguez,Team member completed advanced certification,positive
42010,E2E Full Test Corporation 1769027713 - Infrastructure,2024-08-07,meeting,Customer Team,Michael Rodriguez,Early adoption of new AI acceleration features,positive
42010,E2E Full Test Corporation 1769027713 - Infrastructure,2024-08-17,email,Dr. Williams,Michael Rodriguez,Quarterly capacity planning review,neutral
42010,E2E Full Test Corporation 1769027713 - Infrastructure,2024-08-22,meeting,Customer Team,Michael Rodriguez,System health check completed,neutral
42010,E2E Full Test Corporation 1769027713 - Infrastructure,2024-09-07,email,Dr. Williams,Michael Rodriguez,Training session on new features delivered,neutral
42010,E2E Full Test Corporation 1769027713 - Infrastructure,2024-09-20,email,Customer Team,Michael Rodriguez,Exceeded performance benchmarks this quarter,positive
42010,E2E Full Test Corporation 1769027713 - Infrastructure,2024-09-06,email,Customer Team,Michael Rodriguez,Positive feedback on recent infrastructure upgrade,positive
42010,E2E Full Test Corporation 1769027713 - Infrastructure,2024-09-19,escalation,Dr. Williams,Michael Rodriguez,Support ticket unresolved >48 hours,negative
42010,E2E Full Test Corporation 1769027713 - Infrastructure,2024-09-07,email,Dr. Williams,Michael Rodriguez,Regular operational status update provided,neutral
42010,E2E Full Test Corporation 1769027713 - Infrastructure,2024-08-28,email,Customer Team,Michael Rodriguez,Security compliance audit findings,negative
42010,E2E Full Test Corporation 1769027713 - Infrastructure,2024-10-25,meeting,Dr. Williams,Michael Rodriguez,Executive sponsor praised team collaboration,positive
42010,E2E Full Test Corporation 1769027713 - Infrastructure,2024-10-24,email,Dr. Williams,Michael Rodriguez,Integration challenges with existing systems,negative
42010,E2E Full Test Corporation 1769027713 - Infrastructure,2024-10-09,meeting,Dr. Williams,Michael Rodriguez,Unexpected system downtime reported,negative
42010,E2E Full Test Corporation 1769027713 - Infrastructure,2024-10-23,email,Customer Team,Michael Rodriguez,Scheduled maintenance window executed,neutral
42010,E2E Full Test Corporation 1769027713 - Infrastructure,2024-10-04,email,Customer Team,Michael Rodriguez,System health check completed,neutral
42010,E2E Full Test Corporation 1769027713 - Infrastructure,2024-09-30,escalation,Dr. Williams,Michael Rodriguez,Concerns about cooling efficiency raised,negative
42010,E2E Full Test Corporation 1769027713 - Infrastructure,2024-10-21,email,Customer Team,Michael Rodriguez,Project milestone delayed due to resource constraints,negative
42010,E2E Full Test Corporation 1769027713 - Infrastructure,2024-10-19,meeting,Customer Team,Michael Rodriguez,Concerns about cooling efficiency raised,negative
42010,E2E Full Test Corporation 1769027713 - Infrastructure,2024-11-19,meeting,Customer Team,Michael Rodriguez,Support ticket unresolved >48 hours,negative
42010,E2E Full Test Corporation 1769027713 - Infrastructure,2024-11-01,email,Customer Team,Michael Rodriguez,Exceeded performance benchmarks this quarter,positive
42010,E2E Full Test Corporation 1769027713 - Infrastructure,2024-11-14,email,Customer Team,Michael Rodriguez,Routine technical sync meeting completed,neutral
42010,E2E Full Test Corporation 1769027713 - Infrastructure,2024-10-31,meeting,Customer Team,Michael Rodriguez,Unexpected system downtime reported,negative
42010,E2E Full Test Corporation 1769027713 - Infrastructure,2024-10-28,email,Dr. Williams,Michael Rodriguez,Unexpected system downtime reported,negative
42010,E2E Full Test Corporation 1769027713 - Infrastructure,2024-11-11,email,Customer Team,Michael Rodriguez,Project milestone delayed due to resource constraints,negative
42010,E2E Full Test Corporation 1769027713 - Infrastructure,2024-11-14,email,Customer Team,Michael Rodriguez,Monthly business review conducted,neutral
42010,E2E Full Test Corporation 1769027713 - Infrastructure,2024-11-13,email,Customer Team,Michael Rodriguez,Project milestone delayed due to resource constraints,negative
42010,E2E Full Test Corporation 1769027713 - Infrastructure,2024-12-05,escalation,Dr. Williams,Michael Rodriguez,Concerns about cooling efficiency raised,negative
42010,E2E Full Test Corporation 1769027713 - Infrastructure,2024-12-16,escalation,Customer Team,Michael Rodriguez,Integration challenges with existing systems,negative
42010,E2E Full Test Corporation 1769027713 - Infrastructure,2024-12-24,email,Customer Team,Michael Rodriguez,Concerns about cooling efficiency raised,negative
42010,E2E Full Test Corporation 1769027713 - Infrastructure,2024-12-08,meeting,Dr. Williams,Michael Rodriguez,Project milestone delayed due to resource constraints,negative
42010,E2E Full Test Corporation 1769027713 - Infrastructure,2024-12-15,escalation,Customer Team,Michael Rodriguez,Unexpected system downtime reported,negative
42010,E2E Full Test Corporation 1769027713 - Infrastructure,2024-12-15,meeting,Dr. Williams,Michael Rodriguez,Project milestone delayed due to resource constraints,negative
42010,E2E Full Test Corporation 1769027713 - Infrastructure,2024-12-15,email,Dr. Williams,Michael Rodriguez,Regular operational status update provided,neutral
42010,E2E Full Test Corporation 1769027713 - Infrastructure,2024-12-20,email,Dr. Williams,Michael Rodriguez,Reference call completed successfully with prospect,positive
