account_id,account_name,date,kpi_code,kpi_name,pillar,value,target,operator,unit
60001,E2E Full Test Corporation 1769042473 - Datacenter East,2024-01-01,P1-KPI1,System Uptime,P1,100.0,99.9,>,%
60001,E2E Full Test Corporation 1769042473 - Datacenter East,2024-01-31,P1-KPI1,System Uptime,P1,98.0,99.9,>,%
60001,E2E Full Test Corporation 1769042473 - Datacenter East,2024-03-01,P1-KPI1,System Uptime,P1,100.0,99.9,>,%
60001,E2E Full Test Corporation 1769042473 - Datacenter East,2024-03-31,P1-KPI1,System Uptime,P1,98.0,99.9,>,%
60001,E2E Full Test Corporation 1769042473 - Datacenter East,2024-04-30,P1-KPI1,System Uptime,P1,99.43,99.9,>,%
60001,E2E Full Test Corporation 1769042473 - Datacenter East,2024-05-30,P1-KPI1,System Uptime,P1,98.91,99.9,>,%
60001,E2E Full Test Corporation 1769042473 - Datacenter East,2024-06-29,P1-KPI1,System Uptime,P1,98.0,99.9,>,%
60001,E2E Full Test Corporation 1769042473 - Datacenter East,2024-07-29,P1-KPI1,System Uptime,P1,100.0,99.9,>,%
60001,E2E Full Test Corporation 1769042473 - Datacenter East,2024-08-28,P1-KPI1,System Uptime,P1,100.0,99.9,>,%
60001,E2E Full Test Corporation 1769042473 - Datacenter East,2024-09-27,P1-KPI1,System Uptime,P1,100.0,99.9,>,%
60001,E2E Full Test Corporation 1769042473 - Datacenter East,2024-10-27,P1-KPI1,System Uptime,P1,98.0,99.9,>,%
60001,E2E Full Test Corporation 1769042473 - Datacenter East,2024-11-26,P1-KPI1,System Uptime,P1,99.1,99.9,>,%
60001,E2E Full Test Corporation 1769042473 - Datacenter East,2024-01-01,P1-KPI2,Mean Time to Resolution,P1,4.93,2.0,<,hours
60001,E2E Full Test Corporation 1769042473 - Datacenter East,2024-01-31,P1-KPI2,Mean Time to Resolution,P1,4.51,2.0,<,hours
60001,E2E Full Test Corporation 1769042473 - Datacenter East,2024-03-01,P1-KPI2,Mean Time to Resolution,P1,4.77,2.0,<,hours
60001,E2E Full Test Corporation 1769042473 - Datacenter East,2024-03-31,P1-KPI2,Mean Time to Resolution,P1,4.73,2.0,<,hours
60001,E2E Full Test Corporation 1769042473 - Datacenter East,2024-04-30,P1-KPI2,Mean Time to Resolution,P1,4.69,2.0,<,hours
60001,E2E Full Test Corporation 1769042473 - Datacenter East,2024-05-30,P1-KPI2,Mean Time to Resolution,P1,4.91,2.0,<,hours
60001,E2E Full Test Corporation 1769042473 - Datacenter East,2024-06-29,P1-KPI2,Mean Time to Resolution,P1,3.84,2.0,<,hours
60001,E2E Full Test Corporation 1769042473 - Datacenter East,2024-07-29,P1-KPI2,Mean Time to Resolution,P1,3.83,2.0,<,hours
60001,E2E Full Test Corporation 1769042473 - Datacenter East,2024-08-28,P1-KPI2,Mean Time to Resolution,P1,3.93,2.0,<,hours
60001,E2E Full Test Corporation 1769042473 - Datacenter East,2024-09-27,P1-KPI2,Mean Time to Resolution,P1,3.78,2.0,<,hours
60001,E2E Full Test Corporation 1769042473 - Datacenter East,2024-10-27,P1-KPI2,Mean Time to Resolution,P1,3.65,2.0,<,hours
60001,E2E Full Test Corporation 1769042473 - Datacenter East,2024-11-26,P1-KPI2,Mean Time to Resolution,P1,2.99,2.0,<,hours
60001,E2E Full Test Corporation 1769042473 - Datacenter East,2024-01-01,P1-KPI3,GPU Utilization,P1,76.0,85.0,>,%
60001,E2E Full Test Corporation 1769042473 - Datacenter East,2024-01-31,P1-KPI3,GPU Utilization,P1,74.91,85.0,>,%
60001,E2E Full Test Corporation 1769042473 - Datacenter East,2024-03-01,P1-KPI3,GPU Utilization,P1,72.16,85.0,>,%
60001,E2E Full Test Corporation 1769042473 - Datacenter East,2024-03-31,P1-KPI3,GPU Utilization,P1,74.36,85.0,>,%
60001,E2E Full Test Corporation 1769042473 - Datacenter East,2024-04-30,P1-KPI3,GPU Utilization,P1,74.98,85.0,>,%
60001,E2E Full Test Corporation 1769042473 - Datacenter East,2024-05-30,P1-KPI3,GPU Utilization,P1,70.09,85.0,>,%
60001,E2E Full Test Corporation 1769042473 - Datacenter East,2024-06-29,P1-KPI3,GPU Utilization,P1,79.48,85.0,>,%
60001,E2E Full Test Corporation 1769042473 - Datacenter East,2024-07-29,P1-KPI3,GPU Utilization,P1,81.06,85.0,>,%
60001,E2E Full Test Corporation 1769042473 - Datacenter East,2024-08-28,P1-KPI3,GPU Utilization,P1,79.7,85.0,>,%
60001,E2E Full Test Corporation 1769042473 - Datacenter East,2024-09-27,P1-KPI3,GPU Utilization,P1,73.85,85.0,>,%
60001,E2E Full Test Corporation 1769042473 - Datacenter East,2024-10-27,P1-KPI3,GPU Utilization,P1,77.3,85.0,>,%
60001,E2E Full Test Corporation 1769042473 - Datacenter East,2024-11-26,P1-KPI3,GPU Utilization,P1,81.9,85.0,>,%
60001,E2E Full Test Corporation 1769042473 - Datacenter East,2024-01-01,P1-KPI4,Network Latency,P1,28.88,10.0,<,ms
60001,E2E Full Test Corporation 1769042473 - Datacenter East,2024-01-31,P1-KPI4,Network Latency,P1,26.63,10.0,<,ms
60001,E2E Full Test Corporation 1769042473 - Datacenter East,2024-03-01,P1-KPI4,Network Latency,P1,28.8,10.0,<,ms
60001,E2E Full Test Corporation 1769042473 - Datacenter East,2024-03-31,P1-KPI4,Network Latency,P1,27.49,10.0,<,ms
60001,E2E Full Test Corporation 1769042473 - Datacenter East,2024-04-30,P1-KPI4,Network Latency,P1,26.84,10.0,<,ms
60001,E2E Full Test Corporation 1769042473 - Datacenter East,2024-05-30,P1-KPI4,Network Latency,P1,28.18,10.0,<,ms
60001,E2E Full Test Corporation 1769042473 - Datacenter East,2024-06-29,P1-KPI4,Network Latency,P1,22.82,10.0,<,ms
60001,E2E Full Test Corporation 1769042473 - Datacenter East,2024-07-29,P1-KPI4,Network Latency,P1,21.63,10.0,<,ms
60001,E2E Full Test Corporation 1769042473 - Datacenter East,2024-08-28,P1-KPI4,Network Latency,P1,22.66,10.0,<,ms
60001,E2E Full Test Corporation 1769042473 - Datacenter East,2024-09-27,P1-KPI4,Network Latency,P1,21.27,10.0,<,ms
60001,E2E Full Test Corporation 1769042473 - Datacenter East,2024-10-27,P1-KPI4,Network Latency,P1,22.53,10.0,<,ms
60001,E2E Full Test Corporation 1769042473 - Datacenter East,2024-11-26,P1-KPI4,Network Latency,P1,16.17,10.0,<,ms
60001,E2E Full Test Corporation 1769042473 - Datacenter East,2024-01-01,P1-KPI5,Storage Performance,P1,77398.32,100000.0,>,IOPS
60001,E2E Full Test Corporation 1769042473 - Datacenter East,2024-01-31,P1-KPI5,Storage Performance,P1,76865.53,100000.0,>,IOPS
60001,E2E Full Test Corporation 1769042473 - Datacenter East,2024-03-01,P1-KPI5,Storage Performance,P1,78617.69,100000.0,>,IOPS
60001,E2E Full Test Corporation 1769042473 - Datacenter East,2024-03-31,P1-KPI5,Storage Performance,P1,79297.7,100000.0,>,IOPS
60001,E2E Full Test Corporation 1769042473 - Datacenter East,2024-04-30,P1-KPI5,Storage Performance,P1,79696.8,100000.0,>,IOPS
60001,E2E Full Test Corporation 1769042473 - Datacenter East,2024-05-30,P1-KPI5,Storage Performance,P1,79203.12,100000.0,>,IOPS
60001,E2E Full Test Corporation 1769042473 - Datacenter East,2024-06-29,P1-KPI5,Storage Performance,P1,82438.49,100000.0,>,IOPS
60001,E2E Full Test Corporation 1769042473 - Datacenter East,2024-07-29,P1-KPI5,Storage Performance,P1,88216.59,100000.0,>,IOPS
60001,E2E Full Test Corporation 1769042473 - Datacenter East,2024-08-28,P1-KPI5,Storage Performance,P1,83809.33,100000.0,>,IOPS
60001,E2E Full Test Corporation 1769042473 - Datacenter East,2024-09-27,P1-KPI5,Storage Performance,P1,89018.18,100000.0,>,IOPS
60001,E2E Full Test Corporation 1769042473 - Datacenter East,2024-10-27,P1-KPI5,Storage Performance,P1,85527.39,100000.0,>,IOPS
60001,E2E Full Test Corporation 1769042473 - Datacenter East,2024-11-26,P1-KPI5,Storage Performance,P1,92228.62,100000.0,>,IOPS
60001,E2E Full Test Corporation 1769042473 - Datacenter East,2024-01-01,P1-KPI6,Cooling Efficiency,P1,1.5,1.3,<,PUE
60001,E2E Full Test Corporation 1769042473 - Datacenter East,2024-01-31,P1-KPI6,Cooling Efficiency,P1,1.55,1.3,<,PUE
60001,E2E Full Test Corporation 1769042473 - Datacenter East,2024-03-01,P1-KPI6,Cooling Efficiency,P1,1.58,1.3,<,PUE
60001,E2E Full Test Corporation 1769042473 - Datacenter East,2024-03-31,P1-KPI6,Cooling Efficiency,P1,1.54,1.3,<,PUE
60001,E2E Full Test Corporation 1769042473 - Datacenter East,2024-04-30,P1-KPI6,Cooling Efficiency,P1,1.54,1.3,<,PUE
60001,E2E Full Test Corporation 1769042473 - Datacenter East,2024-05-30,P1-KPI6,Cooling Efficiency,P1,1.49,1.3,<,PUE
60001,E2E Full Test Corporation 1769042473 - Datacenter East,2024-06-29,P1-KPI6,Cooling Efficiency,P1,1.41,1.3,<,PUE
60001,E2E Full Test Corporation 1769042473 - Datacenter East,2024-07-29,P1-KPI6,Cooling Efficiency,P1,1.4,1.3,<,PUE
60001,E2E Full Test Corporation 1769042473 - Datacenter East,2024-08-28,P1-KPI6,Cooling Efficiency,P1,1.44,1.3,<,PUE
60001,E2E Full Test Corporation 1769042473 - Datacenter East,2024-09-27,P1-KPI6,Cooling Efficiency,P1,1.52,1.3,<,PUE
60001,E2E Full Test Corporation 1769042473 - Datacenter East,2024-10-27,P1-KPI6,Cooling Efficiency,P1,1.42,1.3,<,PUE
60001,E2E Full Test Corporation 1769042473 - Datacenter East,2024-11-26,P1-KPI6,Cooling Efficiency,P1,1.44,1.3,<,PUE
60001,E2E Full Test Corporation 1769042473 - Datacenter East,2024-01-01,P1-KPI7,Power Usage,P1,658.13,500.0,<,kW
60001,E2E Full Test Corporation 1769042473 - Datacenter East,2024-01-31,P1-KPI7,Power Usage,P1,616.81,500.0,<,kW
60001,E2E Full Test Corporation 1769042473 - Datacenter East,2024-03-01,P1-KPI7,Power Usage,P1,651.82,500.0,<,kW
60001,E2E Full Test Corporation 1769042473 - Datacenter East,2024-03-31,P1-KPI7,Power Usage,P1,642.46,500.0,<,kW
60001,E2E Full Test Corporation 1769042473 - Datacenter East,2024-04-30,P1-KPI7,Power Usage,P1,644.37,500.0,<,kW
60001,E2E Full Test Corporation 1769042473 - Datacenter East,2024-05-30,P1-KPI7,Power Usage,P1,656.28,500.0,<,kW
60001,E2E Full Test Corporation 1769042473 - Datacenter East,2024-06-29,P1-KPI7,Power Usage,P1,610.18,500.0,<,kW
60001,E2E Full Test Corporation 1769042473 - Datacenter East,2024-07-29,P1-KPI7,Power Usage,P1,583.31,500.0,<,kW
60001,E2E Full Test Corporation 1769042473 - Datacenter East,2024-08-28,P1-KPI7,Power Usage,P1,584.36,500.0,<,kW
60001,E2E Full Test Corporation 1769042473 - Datacenter East,2024-09-27,P1-KPI7,Power Usage,P1,610.42,500.0,<,kW
60001,E2E Full Test Corporation 1769042473 - Datacenter East,2024-10-27,P1-KPI7,Power Usage,P1,593.38,500.0,<,kW
60001,E2E Full Test Corporation 1769042473 - Datacenter East,2024-11-26,P1-KPI7,Power Usage,P1,537.27,500.0,<,kW
60001,E2E Full Test Corporation 1769042473 - Datacenter East,2024-01-01,P1-KPI8,Thermal Management,P1,29.16,25.0,<,°C
60001,E2E Full Test Corporation 1769042473 - Datacenter East,2024-01-31,P1-KPI8,Thermal Management,P1,29.21,25.0,<,°C
60001,E2E Full Test Corporation 1769042473 - Datacenter East,2024-03-01,P1-KPI8,Thermal Management,P1,29.4,25.0,<,°C
60001,E2E Full Test Corporation 1769042473 - Datacenter East,2024-03-31,P1-KPI8,Thermal Management,P1,29.28,25.0,<,°C
60001,E2E Full Test Corporation 1769042473 - Datacenter East,2024-04-30,P1-KPI8,Thermal Management,P1,29.8,25.0,<,°C
60001,E2E Full Test Corporation 1769042473 - Datacenter East,2024-05-30,P1-KPI8,Thermal Management,P1,28.8,25.0,<,°C
60001,E2E Full Test Corporation 1769042473 - Datacenter East,2024-06-29,P1-KPI8,Thermal Management,P1,27.43,25.0,<,°C
60001,E2E Full Test Corporation 1769042473 - Datacenter East,2024-07-29,P1-KPI8,Thermal Management,P1,27.5,25.0,<,°C
60001,E2E Full Test Corporation 1769042473 - Datacenter East,2024-08-28,P1-KPI8,Thermal Management,P1,27.14,25.0,<,°C
60001,E2E Full Test Corporation 1769042473 - Datacenter East,2024-09-27,P1-KPI8,Thermal Management,P1,27.13,25.0,<,°C
60001,E2E Full Test Corporation 1769042473 - Datacenter East,2024-10-27,P1-KPI8,Thermal Management,P1,27.84,25.0,<,°C
60001,E2E Full Test Corporation 1769042473 - Datacenter East,2024-11-26,P1-KPI8,Thermal Management,P1,26.59,25.0,<,°C
60001,E2E Full Test Corporation 1769042473 - Datacenter East,2024-01-01,P2-KPI1,SLA Compliance,P2,95.46,99.0,>,%
60001,E2E Full Test Corporation 1769042473 - Datacenter East,2024-01-31,P2-KPI1,SLA Compliance,P2,98.03,99.0,>,%
60001,E2E Full Test Corporation 1769042473 - Datacenter East,2024-03-01,P2-KPI1,SLA Compliance,P2,100.0,99.0,>,%
60001,E2E Full Test Corporation 1769042473 - Datacenter East,2024-03-31,P2-KPI1,SLA Compliance,P2,100.0,99.0,>,%
60001,E2E Full Test Corporation 1769042473 - Datacenter East,2024-04-30,P2-KPI1,SLA Compliance,P2,97.41,99.0,>,%
60001,E2E Full Test Corporation 1769042473 - Datacenter East,2024-05-30,P2-KPI1,SLA Compliance,P2,100.0,99.0,>,%
60001,E2E Full Test Corporation 1769042473 - Datacenter East,2024-06-29,P2-KPI1,SLA Compliance,P2,98.32,99.0,>,%
60001,E2E Full Test Corporation 1769042473 - Datacenter East,2024-07-29,P2-KPI1,SLA Compliance,P2,98.3,99.0,>,%
60001,E2E Full Test Corporation 1769042473 - Datacenter East,2024-08-28,P2-KPI1,SLA Compliance,P2,100.0,99.0,>,%
60001,E2E Full Test Corporation 1769042473 - Datacenter East,2024-09-27,P2-KPI1,SLA Compliance,P2,96.93,99.0,>,%
60001,E2E Full Test Corporation 1769042473 - Datacenter East,2024-10-27,P2-KPI1,SLA Compliance,P2,100.0,99.0,>,%
60001,E2E Full Test Corporation 1769042473 - Datacenter East,2024-11-26,P2-KPI1,SLA Compliance,P2,98.27,99.0,>,%
60001,E2E Full Test Corporation 1769042473 - Datacenter East,2024-01-01,P2-KPI2,Incident Response Time,P2,35.36,15.0,<,minutes
60001,E2E Full Test Corporation 1769042473 - Datacenter East,2024-01-31,P2-KPI2,Incident Response Time,P2,36.88,15.0,<,minutes
60001,E2E Full Test Corporation 1769042473 - Datacenter East,2024-03-01,P2-KPI2,Incident Response Time,P2,37.0,15.0,<,minutes
60001,E2E Full Test Corporation 1769042473 - Datacenter East,2024-03-31,P2-KPI2,Incident Response Time,P2,34.41,15.0,<,minutes
60001,E2E Full Test Corporation 1769042473 - Datacenter East,2024-04-30,P2-KPI2,Incident Response Time,P2,34.03,15.0,<,minutes
60001,E2E Full Test Corporation 1769042473 - Datacenter East,2024-05-30,P2-KPI2,Incident Response Time,P2,33.65,15.0,<,minutes
60001,E2E Full Test Corporation 1769042473 - Datacenter East,2024-06-29,P2-KPI2,Incident Response Time,P2,27.31,15.0,<,minutes
60001,E2E Full Test Corporation 1769042473 - Datacenter East,2024-07-29,P2-KPI2,Incident Response Time,P2,27.98,15.0,<,minutes
60001,E2E Full Test Corporation 1769042473 - Datacenter East,2024-08-28,P2-KPI2,Incident Response Time,P2,29.74,15.0,<,minutes
60001,E2E Full Test Corporation 1769042473 - Datacenter East,2024-09-27,P2-KPI2,Incident Response Time,P2,29.0,15.0,<,minutes
60001,E2E Full Test Corporation 1769042473 - Datacenter East,2024-10-27,P2-KPI2,Incident Response Time,P2,29.92,15.0,<,minutes
60001,E2E Full Test Corporation 1769042473 - Datacenter East,2024-11-26,P2-KPI2,Incident Response Time,P2,21.18,15.0,<,minutes
60001,E2E Full Test Corporation 1769042473 - Datacenter East,2024-01-01,P2-KPI3,Change Success Rate,P2,90.92,98.0,>,%
60001,E2E Full Test Corporation 1769042473 - Datacenter East,2024-01-31,P2-KPI3,Change Success Rate,P2,97.01,98.0,>,%
60001,E2E Full Test Corporation 1769042473 - Datacenter East,2024-03-01,P2-KPI3,Change Success Rate,P2,95.65,98.0,>,%
60001,E2E Full Test Corporation 1769042473 - Datacenter East,2024-03-31,P2-KPI3,Change Success Rate,P2,91.57,98.0,>,%
60001,E2E Full Test Corporation 1769042473 - Datacenter East,2024-04-30,P2-KPI3,Change Success Rate,P2,91.58,98.0,>,%
60001,E2E Full Test Corporation 1769042473 - Datacenter East,2024-05-30,P2-KPI3,Change Success Rate,P2,97.59,98.0,>,%
60001,E2E Full Test Corporation 1769042473 - Datacenter East,2024-06-29,P2-KPI3,Change Success Rate,P2,91.89,98.0,>,%
60001,E2E Full Test Corporation 1769042473 - Datacenter East,2024-07-29,P2-KPI3,Change Success Rate,P2,91.3,98.0,>,%
60001,E2E Full Test Corporation 1769042473 - Datacenter East,2024-08-28,P2-KPI3,Change Success Rate,P2,97.69,98.0,>,%
60001,E2E Full Test Corporation 1769042473 - Datacenter East,2024-09-27,P2-KPI3,Change Success Rate,P2,92.4,98.0,>,%
60001,E2E Full Test Corporation 1769042473 - Datacenter East,2024-10-27,P2-KPI3,Change Success Rate,P2,98.2,98.0,>,%
60001,E2E Full Test Corporation 1769042473 - Datacenter East,2024-11-26,P2-KPI3,Change Success Rate,P2,97.56,98.0,>,%
60001,E2E Full Test Corporation 1769042473 - Datacenter East,2024-01-01,P2-KPI4,Backup Success Rate,P2,100.0,100.0,>,%
60001,E2E Full Test Corporation 1769042473 - Datacenter East,2024-01-31,P2-KPI4,Backup Success Rate,P2,98.53,100.0,>,%
60001,E2E Full Test Corporation 1769042473 - Datacenter East,2024-03-01,P2-KPI4,Backup Success Rate,P2,99.45,100.0,>,%
60001,E2E Full Test Corporation 1769042473 - Datacenter East,2024-03-31,P2-KPI4,Backup Success Rate,P2,97.33,100.0,>,%
60001,E2E Full Test Corporation 1769042473 - Datacenter East,2024-04-30,P2-KPI4,Backup Success Rate,P2,95.44,100.0,>,%
60001,E2E Full Test Corporation 1769042473 - Datacenter East,2024-05-30,P2-KPI4,Backup Success Rate,P2,97.44,100.0,>,%
60001,E2E Full Test Corporation 1769042473 - Datacenter East,2024-06-29,P2-KPI4,Backup Success Rate,P2,98.02,100.0,>,%
60001,E2E Full Test Corporation 1769042473 - Datacenter East,2024-07-29,P2-KPI4,Backup Success Rate,P2,100.0,100.0,>,%
60001,E2E Full Test Corporation 1769042473 - Datacenter East,2024-08-28,P2-KPI4,Backup Success Rate,P2,95.52,100.0,>,%
60001,E2E Full Test Corporation 1769042473 - Datacenter East,2024-09-27,P2-KPI4,Backup Success Rate,P2,96.06,100.0,>,%
60001,E2E Full Test Corporation 1769042473 - Datacenter East,2024-10-27,P2-KPI4,Backup Success Rate,P2,99.81,100.0,>,%
60001,E2E Full Test Corporation 1769042473 - Datacenter East,2024-11-26,P2-KPI4,Backup Success Rate,P2,97.63,100.0,>,%
60001,E2E Full Test Corporation 1769042473 - Datacenter East,2024-01-01,P2-KPI5,Patch Compliance,P2,86.86,95.0,>,%
60001,E2E Full Test Corporation 1769042473 - Datacenter East,2024-01-31,P2-KPI5,Patch Compliance,P2,84.51,95.0,>,%
60001,E2E Full Test Corporation 1769042473 - Datacenter East,2024-03-01,P2-KPI5,Patch Compliance,P2,85.89,95.0,>,%
60001,E2E Full Test Corporation 1769042473 - Datacenter East,2024-03-31,P2-KPI5,Patch Compliance,P2,87.35,95.0,>,%
60001,E2E Full Test Corporation 1769042473 - Datacenter East,2024-04-30,P2-KPI5,Patch Compliance,P2,84.25,95.0,>,%
60001,E2E Full Test Corporation 1769042473 - Datacenter East,2024-05-30,P2-KPI5,Patch Compliance,P2,87.11,95.0,>,%
60001,E2E Full Test Corporation 1769042473 - Datacenter East,2024-06-29,P2-KPI5,Patch Compliance,P2,89.98,95.0,>,%
60001,E2E Full Test Corporation 1769042473 - Datacenter East,2024-07-29,P2-KPI5,Patch Compliance,P2,92.16,95.0,>,%
60001,E2E Full Test Corporation 1769042473 - Datacenter East,2024-08-28,P2-KPI5,Patch Compliance,P2,86.09,95.0,>,%
60001,E2E Full Test Corporation 1769042473 - Datacenter East,2024-09-27,P2-KPI5,Patch Compliance,P2,90.54,95.0,>,%
60001,E2E Full Test Corporation 1769042473 - Datacenter East,2024-10-27,P2-KPI5,Patch Compliance,P2,87.36,95.0,>,%
60001,E2E Full Test Corporation 1769042473 - Datacenter East,2024-11-26,P2-KPI5,Patch Compliance,P2,92.25,95.0,>,%
60001,E2E Full Test Corporation 1769042473 - Datacenter East,2024-01-01,P2-KPI6,Service Request Fulfillment,P2,6.42,3.0,<,days
60001,E2E Full Test Corporation 1769042473 - Datacenter East,2024-01-31,P2-KPI6,Service Request Fulfillment,P2,6.29,3.0,<,days
60001,E2E Full Test Corporation 1769042473 - Datacenter East,2024-03-01,P2-KPI6,Service Request Fulfillment,P2,5.86,3.0,<,days
60001,E2E Full Test Corporation 1769042473 - Datacenter East,2024-03-31,P2-KPI6,Service Request Fulfillment,P2,6.21,3.0,<,days
60001,E2E Full Test Corporation 1769042473 - Datacenter East,2024-04-30,P2-KPI6,Service Request Fulfillment,P2,6.43,3.0,<,days
60001,E2E Full Test Corporation 1769042473 - Datacenter East,2024-05-30,P2-KPI6,Service Request Fulfillment,P2,6.07,3.0,<,days
60001,E2E Full Test Corporation 1769042473 - Datacenter East,2024-06-29,P2-KPI6,Service Request Fulfillment,P2,4.9,3.0,<,days
60001,E2E Full Test Corporation 1769042473 - Datacenter East,2024-07-29,P2-KPI6,Service Request Fulfillment,P2,5.17,3.0,<,days
60001,E2E Full Test Corporation 1769042473 - Datacenter East,2024-08-28,P2-KPI6,Service Request Fulfillment,P2,5.11,3.0,<,days
60001,E2E Full Test Corporation 1769042473 - Datacenter East,2024-09-27,P2-KPI6,Service Request Fulfillment,P2,4.99,3.0,<,days
60001,E2E Full Test Corporation 1769042473 - Datacenter East,2024-10-27,P2-KPI6,Service Request Fulfillment,P2,5.18,3.0,<,days
60001,E2E Full Test Corporation 1769042473 - Datacenter East,2024-11-26,P2-KPI6,Service Request Fulfillment,P2,3.91,3.0,<,days
60001,E2E Full Test Corporation 1769042473 - Datacenter East,2024-01-01,P2-KPI7,Capacity Planning Accuracy,P2,82.39,90.0,>,%
60001,E2E Full Test Corporation 1769042473 - Datacenter East,2024-01-31,P2-KPI7,Capacity Planning Accuracy,P2,84.7,90.0,>,%
60001,E2E Full Test Corporation 1769042473 - Datacenter East,2024-03-01,P2-KPI7,Capacity Planning Accuracy,P2,80.51,90.0,>,%
60001,E2E Full Test Corporation 1769042473 - Datacenter East,2024-03-31,P2-KPI7,Capacity Planning Accuracy,P2,80.84,90.0,>,%
60001,E2E Full Test Corporation 1769042473 - Datacenter East,2024-04-30,P2-KPI7,Capacity Planning Accuracy,P2,84.85,90.0,>,%
60001,E2E Full Test Corporation 1769042473 - Datacenter East,2024-05-30,P2-KPI7,Capacity Planning Accuracy,P2,80.13,90.0,>,%
60001,E2E Full Test Corporation 1769042473 - Datacenter East,2024-06-29,P2-KPI7,Capacity Planning Accuracy,P2,81.98,90.0,>,%
60001,E2E Full Test Corporation 1769042473 - Datacenter East,2024-07-29,P2-KPI7,Capacity Planning Accuracy,P2,85.41,90.0,>,%
60001,E2E Full Test Corporation 1769042473 - Datacenter East,2024-08-28,P2-KPI7,Capacity Planning Accuracy,P2,86.72,90.0,>,%
60001,E2E Full Test Corporation 1769042473 - Datacenter East,2024-09-27,P2-KPI7,Capacity Planning Accuracy,P2,84.85,90.0,>,%
60001,E2E Full Test Corporation 1769042473 - Datacenter East,2024-10-27,P2-KPI7,Capacity Planning Accuracy,P2,85.26,90.0,>,%
60001,E2E Full Test Corporation 1769042473 - Datacenter East,2024-11-26,P2-KPI7,Capacity Planning Accuracy,P2,88.89,90.0,>,%
60001,E2E Full Test Corporation 1769042473 - Datacenter East,2024-01-01,P2-KPI8,Documentation Quality,P2,71.99,85.0,>,score
60001,E2E Full Test Corporation 1769042473 - Datacenter East,2024-01-31,P2-KPI8,Documentation Quality,P2,77.24,85.0,>,score
60001,E2E Full Test Corporation 1769042473 - Datacenter East,2024-03-01,P2-KPI8,Documentation Quality,P2,76.26,85.0,>,score
60001,E2E Full Test Corporation 1769042473 - Datacenter East,2024-03-31,P2-KPI8,Documentation Quality,P2,77.22,85.0,>,score
60001,E2E Full Test Corporation 1769042473 - Datacenter East,2024-04-30,P2-KPI8,Documentation Quality,P2,76.02,85.0,>,score
60001,E2E Full Test Corporation 1769042473 - Datacenter East,2024-05-30,P2-KPI8,Documentation Quality,P2,73.33,85.0,>,score
60001,E2E Full Test Corporation 1769042473 - Datacenter East,2024-06-29,P2-KPI8,Documentation Quality,P2,76.63,85.0,>,score
60001,E2E Full Test Corporation 1769042473 - Datacenter East,2024-07-29,P2-KPI8,Documentation Quality,P2,76.3,85.0,>,score
60001,E2E Full Test Corporation 1769042473 - Datacenter East,2024-08-28,P2-KPI8,Documentation Quality,P2,75.91,85.0,>,score
60001,E2E Full Test Corporation 1769042473 - Datacenter East,2024-09-27,P2-KPI8,Documentation Quality,P2,75.46,85.0,>,score
60001,E2E Full Test Corporation 1769042473 - Datacenter East,2024-10-27,P2-KPI8,Documentation Quality,P2,80.58,85.0,>,score
60001,E2E Full Test Corporation 1769042473 - Datacenter East,2024-11-26,P2-KPI8,Documentation Quality,P2,84.29,85.0,>,score
60001,E2E Full Test Corporation 1769042473 - Datacenter East,2024-01-01,P3-KPI1,CSAT Score,P3,3.97,4.5,>,score
60001,E2E Full Test Corporation 1769042473 - Datacenter East,2024-01-31,P3-KPI1,CSAT Score,P3,3.88,4.5,>,score
60001,E2E Full Test Corporation 1769042473 - Datacenter East,2024-03-01,P3-KPI1,CSAT Score,P3,3.76,4.5,>,score
60001,E2E Full Test Corporation 1769042473 - Datacenter East,2024-03-31,P3-KPI1,CSAT Score,P3,3.93,4.5,>,score
60001,E2E Full Test Corporation 1769042473 - Datacenter East,2024-04-30,P3-KPI1,CSAT Score,P3,3.97,4.5,>,score
60001,E2E Full Test Corporation 1769042473 - Datacenter East,2024-05-30,P3-KPI1,CSAT Score,P3,3.88,4.5,>,score
60001,E2E Full Test Corporation 1769042473 - Datacenter East,2024-06-29,P3-KPI1,CSAT Score,P3,4.0,4.5,>,score
60001,E2E Full Test Corporation 1769042473 - Datacenter East,2024-07-29,P3-KPI1,CSAT Score,P3,3.96,4.5,>,score
60001,E2E Full Test Corporation 1769042473 - Datacenter East,2024-08-28,P3-KPI1,CSAT Score,P3,4.09,4.5,>,score
60001,E2E Full Test Corporation 1769042473 - Datacenter East,2024-09-27,P3-KPI1,CSAT Score,P3,3.88,4.5,>,score
60001,E2E Full Test Corporation 1769042473 - Datacenter East,2024-10-27,P3-KPI1,CSAT Score,P3,4.07,4.5,>,score
60001,E2E Full Test Corporation 1769042473 - Datacenter East,2024-11-26,P3-KPI1,CSAT Score,P3,4.27,4.5,>,score
60001,E2E Full Test Corporation 1769042473 - Datacenter East,2024-01-01,P3-KPI2,Support Ticket Volume,P3,53.99,20.0,<,tickets
60001,E2E Full Test Corporation 1769042473 - Datacenter East,2024-01-31,P3-KPI2,Support Ticket Volume,P3,56.44,20.0,<,tickets
60001,E2E Full Test Corporation 1769042473 - Datacenter East,2024-03-01,P3-KPI2,Support Ticket Volume,P3,58.28,20.0,<,tickets
60001,E2E Full Test Corporation 1769042473 - Datacenter East,2024-03-31,P3-KPI2,Support Ticket Volume,P3,56.5,20.0,<,tickets
60001,E2E Full Test Corporation 1769042473 - Datacenter East,2024-04-30,P3-KPI2,Support Ticket Volume,P3,57.88,20.0,<,tickets
60001,E2E Full Test Corporation 1769042473 - Datacenter East,2024-05-30,P3-KPI2,Support Ticket Volume,P3,56.39,20.0,<,tickets
60001,E2E Full Test Corporation 1769042473 - Datacenter East,2024-06-29,P3-KPI2,Support Ticket Volume,P3,45.49,20.0,<,tickets
60001,E2E Full Test Corporation 1769042473 - Datacenter East,2024-07-29,P3-KPI2,Support Ticket Volume,P3,44.19,20.0,<,tickets
60001,E2E Full Test Corporation 1769042473 - Datacenter East,2024-08-28,P3-KPI2,Support Ticket Volume,P3,43.07,20.0,<,tickets
60001,E2E Full Test Corporation 1769042473 - Datacenter East,2024-09-27,P3-KPI2,Support Ticket Volume,P3,44.82,20.0,<,tickets
60001,E2E Full Test Corporation 1769042473 - Datacenter East,2024-10-27,P3-KPI2,Support Ticket Volume,P3,45.67,20.0,<,tickets
60001,E2E Full Test Corporation 1769042473 - Datacenter East,2024-11-26,P3-KPI2,Support Ticket Volume,P3,32.63,20.0,<,tickets
60001,E2E Full Test Corporation 1769042473 - Datacenter East,2024-01-01,P3-KPI3,First Contact Resolution,P3,62.83,75.0,>,%
60001,E2E Full Test Corporation 1769042473 - Datacenter East,2024-01-31,P3-KPI3,First Contact Resolution,P3,63.47,75.0,>,%
60001,E2E Full Test Corporation 1769042473 - Datacenter East,2024-03-01,P3-KPI3,First Contact Resolution,P3,62.78,75.0,>,%
60001,E2E Full Test Corporation 1769042473 - Datacenter East,2024-03-31,P3-KPI3,First Contact Resolution,P3,66.94,75.0,>,%
60001,E2E Full Test Corporation 1769042473 - Datacenter East,2024-04-30,P3-KPI3,First Contact Resolution,P3,60.67,75.0,>,%
60001,E2E Full Test Corporation 1769042473 - Datacenter East,2024-05-30,P3-KPI3,First Contact Resolution,P3,61.34,75.0,>,%
60001,E2E Full Test Corporation 1769042473 - Datacenter East,2024-06-29,P3-KPI3,First Contact Resolution,P3,64.2,75.0,>,%
60001,E2E Full Test Corporation 1769042473 - Datacenter East,2024-07-29,P3-KPI3,First Contact Resolution,P3,70.37,75.0,>,%
60001,E2E Full Test Corporation 1769042473 - Datacenter East,2024-08-28,P3-KPI3,First Contact Resolution,P3,68.61,75.0,>,%
60001,E2E Full Test Corporation 1769042473 - Datacenter East,2024-09-27,P3-KPI3,First Contact Resolution,P3,64.13,75.0,>,%
60001,E2E Full Test Corporation 1769042473 - Datacenter East,2024-10-27,P3-KPI3,First Contact Resolution,P3,66.03,75.0,>,%
60001,E2E Full Test Corporation 1769042473 - Datacenter East,2024-11-26,P3-KPI3,First Contact Resolution,P3,71.29,75.0,>,%
60001,E2E Full Test Corporation 1769042473 - Datacenter East,2024-01-01,P3-KPI4,Training Completion,P3,72.78,90.0,>,%
60001,E2E Full Test Corporation 1769042473 - Datacenter East,2024-01-31,P3-KPI4,Training Completion,P3,78.49,90.0,>,%
60001,E2E Full Test Corporation 1769042473 - Datacenter East,2024-03-01,P3-KPI4,Training Completion,P3,76.18,90.0,>,%
60001,E2E Full Test Corporation 1769042473 - Datacenter East,2024-03-31,P3-KPI4,Training Completion,P3,80.05,90.0,>,%
60001,E2E Full Test Corporation 1769042473 - Datacenter East,2024-04-30,P3-KPI4,Training Completion,P3,77.89,90.0,>,%
60001,E2E Full Test Corporation 1769042473 - Datacenter East,2024-05-30,P3-KPI4,Training Completion,P3,73.54,90.0,>,%
60001,E2E Full Test Corporation 1769042473 - Datacenter East,2024-06-29,P3-KPI4,Training Completion,P3,82.98,90.0,>,%
60001,E2E Full Test Corporation 1769042473 - Datacenter East,2024-07-29,P3-KPI4,Training Completion,P3,78.8,90.0,>,%
60001,E2E Full Test Corporation 1769042473 - Datacenter East,2024-08-28,P3-KPI4,Training Completion,P3,79.52,90.0,>,%
60001,E2E Full Test Corporation 1769042473 - Datacenter East,2024-09-27,P3-KPI4,Training Completion,P3,81.54,90.0,>,%
60001,E2E Full Test Corporation 1769042473 - Datacenter East,2024-10-27,P3-KPI4,Training Completion,P3,77.84,90.0,>,%
60001,E2E Full Test Corporation 1769042473 - Datacenter East,2024-11-26,P3-KPI4,Training Completion,P3,81.27,90.0,>,%
60001,E2E Full Test Corporation 1769042473 - Datacenter East,2024-01-01,P3-KPI5,User Adoption Rate,P3,65.2,80.0,>,%
60001,E2E Full Test Corporation 1769042473 - Datacenter East,2024-01-31,P3-KPI5,User Adoption Rate,P3,63.29,80.0,>,%
60001,E2E Full Test Corporation 1769042473 - Datacenter East,2024-03-01,P3-KPI5,User Adoption Rate,P3,64.81,80.0,>,%
60001,E2E Full Test Corporation 1769042473 - Datacenter East,2024-03-31,P3-KPI5,User Adoption Rate,P3,65.82,80.0,>,%
60001,E2E Full Test Corporation 1769042473 - Datacenter East,2024-04-30,P3-KPI5,User Adoption Rate,P3,66.3,80.0,>,%
60001,E2E Full Test Corporation 1769042473 - Datacenter East,2024-05-30,P3-KPI5,User Adoption Rate,P3,66.18,80.0,>,%
60001,E2E Full Test Corporation 1769042473 - Datacenter East,2024-06-29,P3-KPI5,User Adoption Rate,P3,72.99,80.0,>,%
60001,E2E Full Test Corporation 1769042473 - Datacenter East,2024-07-29,P3-KPI5,User Adoption Rate,P3,70.98,80.0,>,%
60001,E2E Full Test Corporation 1769042473 - Datacenter East,2024-08-28,P3-KPI5,User Adoption Rate,P3,72.05,80.0,>,%
60001,E2E Full Test Corporation 1769042473 - Datacenter East,2024-09-27,P3-KPI5,User Adoption Rate,P3,68.75,80.0,>,%
60001,E2E Full Test Corporation 1769042473 - Datacenter East,2024-10-27,P3-KPI5,User Adoption Rate,P3,72.29,80.0,>,%
60001,E2E Full Test Corporation 1769042473 - Datacenter East,2024-11-26,P3-KPI5,User Adoption Rate,P3,73.67,80.0,>,%
60001,E2E Full Test Corporation 1769042473 - Datacenter East,2024-01-01,P3-KPI6,Executive Engagement,P3,3.11,4.0,>,meetings/quarter
60001,E2E Full Test Corporation 1769042473 - Datacenter East,2024-01-31,P3-KPI6,Executive Engagement,P3,3.11,4.0,>,meetings/quarter
60001,E2E Full Test Corporation 1769042473 - Datacenter East,2024-03-01,P3-KPI6,Executive Engagement,P3,3.24,4.0,>,meetings/quarter
60001,E2E Full Test Corporation 1769042473 - Datacenter East,2024-03-31,P3-KPI6,Executive Engagement,P3,3.01,4.0,>,meetings/quarter
60001,E2E Full Test Corporation 1769042473 - Datacenter East,2024-04-30,P3-KPI6,Executive Engagement,P3,2.95,4.0,>,meetings/quarter
60001,E2E Full Test Corporation 1769042473 - Datacenter East,2024-05-30,P3-KPI6,Executive Engagement,P3,3.16,4.0,>,meetings/quarter
60001,E2E Full Test Corporation 1769042473 - Datacenter East,2024-06-29,P3-KPI6,Executive Engagement,P3,3.55,4.0,>,meetings/quarter
60001,E2E Full Test Corporation 1769042473 - Datacenter East,2024-07-29,P3-KPI6,Executive Engagement,P3,3.43,4.0,>,meetings/quarter
60001,E2E Full Test Corporation 1769042473 - Datacenter East,2024-08-28,P3-KPI6,Executive Engagement,P3,3.24,4.0,>,meetings/quarter
60001,E2E Full Test Corporation 1769042473 - Datacenter East,2024-09-27,P3-KPI6,Executive Engagement,P3,3.36,4.0,>,meetings/quarter
60001,E2E Full Test Corporation 1769042473 - Datacenter East,2024-10-27,P3-KPI6,Executive Engagement,P3,3.5,4.0,>,meetings/quarter
60001,E2E Full Test Corporation 1769042473 - Datacenter East,2024-11-26,P3-KPI6,Executive Engagement,P3,3.65,4.0,>,meetings/quarter
60001,E2E Full Test Corporation 1769042473 - Datacenter East,2024-01-01,P3-KPI7,Response Time SLA,P3,70.58,30.0,<,minutes
60001,E2E Full Test Corporation 1769042473 - Datacenter East,2024-01-31,P3-KPI7,Response Time SLA,P3,71.34,30.0,<,minutes
60001,E2E Full Test Corporation 1769042473 - Datacenter East,2024-03-01,P3-KPI7,Response Time SLA,P3,73.14,30.0,<,minutes
60001,E2E Full Test Corporation 1769042473 - Datacenter East,2024-03-31,P3-KPI7,Response Time SLA,P3,71.72,30.0,<,minutes
60001,E2E Full Test Corporation 1769042473 - Datacenter East,2024-04-30,P3-KPI7,Response Time SLA,P3,72.39,30.0,<,minutes
60001,E2E Full Test Corporation 1769042473 - Datacenter East,2024-05-30,P3-KPI7,Response Time SLA,P3,72.05,30.0,<,minutes
60001,E2E Full Test Corporation 1769042473 - Datacenter East,2024-06-29,P3-KPI7,Response Time SLA,P3,56.25,30.0,<,minutes
60001,E2E Full Test Corporation 1769042473 - Datacenter East,2024-07-29,P3-KPI7,Response Time SLA,P3,56.05,30.0,<,minutes
60001,E2E Full Test Corporation 1769042473 - Datacenter East,2024-08-28,P3-KPI7,Response Time SLA,P3,59.54,30.0,<,minutes
60001,E2E Full Test Corporation 1769042473 - Datacenter East,2024-09-27,P3-KPI7,Response Time SLA,P3,59.22,30.0,<,minutes
60001,E2E Full Test Corporation 1769042473 - Datacenter East,2024-10-27,P3-KPI7,Response Time SLA,P3,57.69,30.0,<,minutes
60001,E2E Full Test Corporation 1769042473 - Datacenter East,2024-11-26,P3-KPI7,Response Time SLA,P3,44.14,30.0,<,minutes
60001,E2E Full Test Corporation 1769042473 - Datacenter East,2024-01-01,P4-KPI1,ROI Achievement,P4,124.62,150.0,>,%
60001,E2E Full Test Corporation 1769042473 - Datacenter East,2024-01-31,P4-KPI1,ROI Achievement,P4,129.61,150.0,>,%
60001,E2E Full Test Corporation 1769042473 - Datacenter East,2024-03-01,P4-KPI1,ROI Achievement,P4,126.22,150.0,>,%
60001,E2E Full Test Corporation 1769042473 - Datacenter East,2024-03-31,P4-KPI1,ROI Achievement,P4,125.51,150.0,>,%
60001,E2E Full Test Corporation 1769042473 - Datacenter East,2024-04-30,P4-KPI1,ROI Achievement,P4,130.9,150.0,>,%
60001,E2E Full Test Corporation 1769042473 - Datacenter East,2024-05-30,P4-KPI1,ROI Achievement,P4,122.42,150.0,>,%
60001,E2E Full Test Corporation 1769042473 - Datacenter East,2024-06-29,P4-KPI1,ROI Achievement,P4,128.46,150.0,>,%
60001,E2E Full Test Corporation 1769042473 - Datacenter East,2024-07-29,P4-KPI1,ROI Achievement,P4,136.8,150.0,>,%
60001,E2E Full Test Corporation 1769042473 - Datacenter East,2024-08-28,P4-KPI1,ROI Achievement,P4,128.84,150.0,>,%
60001,E2E Full Test Corporation 1769042473 - Datacenter East,2024-09-27,P4-KPI1,ROI Achievement,P4,135.68,150.0,>,%
60001,E2E Full Test Corporation 1769042473 - Datacenter East,2024-10-27,P4-KPI1,ROI Achievement,P4,132.87,150.0,>,%
60001,E2E Full Test Corporation 1769042473 - Datacenter East,2024-11-26,P4-KPI1,ROI Achievement,P4,142.58,150.0,>,%
60001,E2E Full Test Corporation 1769042473 - Datacenter East,2024-01-01,P4-KPI2,Cost Reduction,P4,11.5,20.0,>,%
60001,E2E Full Test Corporation 1769042473 - Datacenter East,2024-01-31,P4-KPI2,Cost Reduction,P4,10.91,20.0,>,%
60001,E2E Full Test Corporation 1769042473 - Datacenter East,2024-03-01,P4-KPI2,Cost Reduction,P4,11.22,20.0,>,%
60001,E2E Full Test Corporation 1769042473 - Datacenter East,2024-03-31,P4-KPI2,Cost Reduction,P4,10.92,20.0,>,%
60001,E2E Full Test Corporation 1769042473 - Datacenter East,2024-04-30,P4-KPI2,Cost Reduction,P4,10.78,20.0,>,%
60001,E2E Full Test Corporation 1769042473 - Datacenter East,2024-05-30,P4-KPI2,Cost Reduction,P4,11.27,20.0,>,%
60001,E2E Full Test Corporation 1769042473 - Datacenter East,2024-06-29,P4-KPI2,Cost Reduction,P4,14.03,20.0,>,%
60001,E2E Full Test Corporation 1769042473 - Datacenter East,2024-07-29,P4-KPI2,Cost Reduction,P4,14.54,20.0,>,%
60001,E2E Full Test Corporation 1769042473 - Datacenter East,2024-08-28,P4-KPI2,Cost Reduction,P4,13.92,20.0,>,%
60001,E2E Full Test Corporation 1769042473 - Datacenter East,2024-09-27,P4-KPI2,Cost Reduction,P4,13.57,20.0,>,%
60001,E2E Full Test Corporation 1769042473 - Datacenter East,2024-10-27,P4-KPI2,Cost Reduction,P4,13.95,20.0,>,%
60001,E2E Full Test Corporation 1769042473 - Datacenter East,2024-11-26,P4-KPI2,Cost Reduction,P4,17.06,20.0,>,%
60001,E2E Full Test Corporation 1769042473 - Datacenter East,2024-01-01,P4-KPI3,Time to Value,P4,127.24,90.0,<,days
60001,E2E Full Test Corporation 1769042473 - Datacenter East,2024-01-31,P4-KPI3,Time to Value,P4,124.79,90.0,<,days
60001,E2E Full Test Corporation 1769042473 - Datacenter East,2024-03-01,P4-KPI3,Time to Value,P4,131.1,90.0,<,days
60001,E2E Full Test Corporation 1769042473 - Datacenter East,2024-03-31,P4-KPI3,Time to Value,P4,124.5,90.0,<,days
60001,E2E Full Test Corporation 1769042473 - Datacenter East,2024-04-30,P4-KPI3,Time to Value,P4,125.3,90.0,<,days
60001,E2E Full Test Corporation 1769042473 - Datacenter East,2024-05-30,P4-KPI3,Time to Value,P4,133.18,90.0,<,days
60001,E2E Full Test Corporation 1769042473 - Datacenter East,2024-06-29,P4-KPI3,Time to Value,P4,116.4,90.0,<,days
60001,E2E Full Test Corporation 1769042473 - Datacenter East,2024-07-29,P4-KPI3,Time to Value,P4,118.13,90.0,<,days
60001,E2E Full Test Corporation 1769042473 - Datacenter East,2024-08-28,P4-KPI3,Time to Value,P4,118.6,90.0,<,days
60001,E2E Full Test Corporation 1769042473 - Datacenter East,2024-09-27,P4-KPI3,Time to Value,P4,116.13,90.0,<,days
60001,E2E Full Test Corporation 1769042473 - Datacenter East,2024-10-27,P4-KPI3,Time to Value,P4,122.78,90.0,<,days
60001,E2E Full Test Corporation 1769042473 - Datacenter East,2024-11-26,P4-KPI3,Time to Value,P4,105.32,90.0,<,days
60001,E2E Full Test Corporation 1769042473 - Datacenter East,2024-01-01,P4-KPI4,Revenue Enablement,P4,3.34,5.0,>,$M
60001,E2E Full Test Corporation 1769042473 - Datacenter East,2024-01-31,P4-KPI4,Revenue Enablement,P4,3.17,5.0,>,$M
60001,E2E Full Test Corporation 1769042473 - Datacenter East,2024-03-01,P4-KPI4,Revenue Enablement,P4,3.07,5.0,>,$M
60001,E2E Full Test Corporation 1769042473 - Datacenter East,2024-03-31,P4-KPI4,Revenue Enablement,P4,3.17,5.0,>,$M
60001,E2E Full Test Corporation 1769042473 - Datacenter East,2024-04-30,P4-KPI4,Revenue Enablement,P4,3.18,5.0,>,$M
60001,E2E Full Test Corporation 1769042473 - Datacenter East,2024-05-30,P4-KPI4,Revenue Enablement,P4,3.29,5.0,>,$M
60001,E2E Full Test Corporation 1769042473 - Datacenter East,2024-06-29,P4-KPI4,Revenue Enablement,P4,3.79,5.0,>,$M
60001,E2E Full Test Corporation 1769042473 - Datacenter East,2024-07-29,P4-KPI4,Revenue Enablement,P4,3.83,5.0,>,$M
60001,E2E Full Test Corporation 1769042473 - Datacenter East,2024-08-28,P4-KPI4,Revenue Enablement,P4,3.88,5.0,>,$M
60001,E2E Full Test Corporation 1769042473 - Datacenter East,2024-09-27,P4-KPI4,Revenue Enablement,P4,3.73,5.0,>,$M
60001,E2E Full Test Corporation 1769042473 - Datacenter East,2024-10-27,P4-KPI4,Revenue Enablement,P4,3.66,5.0,>,$M
60001,E2E Full Test Corporation 1769042473 - Datacenter East,2024-11-26,P4-KPI4,Revenue Enablement,P4,4.19,5.0,>,$M
60001,E2E Full Test Corporation 1769042473 - Datacenter East,2024-01-01,P4-KPI5,Operational Efficiency,P4,70.34,85.0,>,%
60001,E2E Full Test Corporation 1769042473 - Datacenter East,2024-01-31,P4-KPI5,Operational Efficiency,P4,74.04,85.0,>,%
60001,E2E Full Test Corporation 1769042473 - Datacenter East,2024-03-01,P4-KPI5,Operational Efficiency,P4,77.22,85.0,>,%
60001,E2E Full Test Corporation 1769042473 - Datacenter East,2024-03-31,P4-KPI5,Operational Efficiency,P4,76.4,85.0,>,%
60001,E2E Full Test Corporation 1769042473 - Datacenter East,2024-04-30,P4-KPI5,Operational Efficiency,P4,72.86,85.0,>,%
60001,E2E Full Test Corporation 1769042473 - Datacenter East,2024-05-30,P4-KPI5,Operational Efficiency,P4,74.47,85.0,>,%
60001,E2E Full Test Corporation 1769042473 - Datacenter East,2024-06-29,P4-KPI5,Operational Efficiency,P4,78.74,85.0,>,%
60001,E2E Full Test Corporation 1769042473 - Datacenter East,2024-07-29,P4-KPI5,Operational Efficiency,P4,76.32,85.0,>,%
60001,E2E Full Test Corporation 1769042473 - Datacenter East,2024-08-28,P4-KPI5,Operational Efficiency,P4,80.92,85.0,>,%
60001,E2E Full Test Corporation 1769042473 - Datacenter East,2024-09-27,P4-KPI5,Operational Efficiency,P4,76.23,85.0,>,%
60001,E2E Full Test Corporation 1769042473 - Datacenter East,2024-10-27,P4-KPI5,Operational Efficiency,P4,79.02,85.0,>,%
60001,E2E Full Test Corporation 1769042473 - Datacenter East,2024-11-26,P4-KPI5,Operational Efficiency,P4,84.08,85.0,>,%
60001,E2E Full Test Corporation 1769042473 - Datacenter East,2024-01-01,P4-KPI6,Innovation Projects,P4,2.16,3.0,>,count
60001,E2E Full Test Corporation 1769042473 - Datacenter East,2024-01-31,P4-KPI6,Innovation Projects,P4,2.17,3.0,>,count
60001,E2E Full Test Corporation 1769042473 - Datacenter East,2024-03-01,P4-KPI6,Innovation Projects,P4,2.04,3.0,>,count
60001,E2E Full Test Corporation 1769042473 - Datacenter East,2024-03-31,P4-KPI6,Innovation Projects,P4,2.1,3.0,>,count
60001,E2E Full Test Corporation 1769042473 - Datacenter East,2024-04-30,P4-KPI6,Innovation Projects,P4,2.15,3.0,>,count
60001,E2E Full Test Corporation 1769042473 - Datacenter East,2024-05-30,P4-KPI6,Innovation Projects,P4,2.07,3.0,>,count
60001,E2E Full Test Corporation 1769042473 - Datacenter East,2024-06-29,P4-KPI6,Innovation Projects,P4,2.41,3.0,>,count
60001,E2E Full Test Corporation 1769042473 - Datacenter East,2024-07-29,P4-KPI6,Innovation Projects,P4,2.44,3.0,>,count
60001,E2E Full Test Corporation 1769042473 - Datacenter East,2024-08-28,P4-KPI6,Innovation Projects,P4,2.39,3.0,>,count
60001,E2E Full Test Corporation 1769042473 - Datacenter East,2024-09-27,P4-KPI6,Innovation Projects,P4,2.38,3.0,>,count
60001,E2E Full Test Corporation 1769042473 - Datacenter East,2024-10-27,P4-KPI6,Innovation Projects,P4,2.48,3.0,>,count
60001,E2E Full Test Corporation 1769042473 - Datacenter East,2024-11-26,P4-KPI6,Innovation Projects,P4,2.67,3.0,>,count
60001,E2E Full Test Corporation 1769042473 - Datacenter East,2024-01-01,P4-KPI7,Business Case Validation,P4,77.07,90.0,>,%
60001,E2E Full Test Corporation 1769042473 - Datacenter East,2024-01-31,P4-KPI7,Business Case Validation,P4,81.99,90.0,>,%
60001,E2E Full Test Corporation 1769042473 - Datacenter East,2024-03-01,P4-KPI7,Business Case Validation,P4,81.27,90.0,>,%
60001,E2E Full Test Corporation 1769042473 - Datacenter East,2024-03-31,P4-KPI7,Business Case Validation,P4,84.32,90.0,>,%
60001,E2E Full Test Corporation 1769042473 - Datacenter East,2024-04-30,P4-KPI7,Business Case Validation,P4,81.03,90.0,>,%
60001,E2E Full Test Corporation 1769042473 - Datacenter East,2024-05-30,P4-KPI7,Business Case Validation,P4,80.44,90.0,>,%
60001,E2E Full Test Corporation 1769042473 - Datacenter East,2024-06-29,P4-KPI7,Business Case Validation,P4,84.49,90.0,>,%
60001,E2E Full Test Corporation 1769042473 - Datacenter East,2024-07-29,P4-KPI7,Business Case Validation,P4,82.81,90.0,>,%
60001,E2E Full Test Corporation 1769042473 - Datacenter East,2024-08-28,P4-KPI7,Business Case Validation,P4,86.81,90.0,>,%
60001,E2E Full Test Corporation 1769042473 - Datacenter East,2024-09-27,P4-KPI7,Business Case Validation,P4,85.11,90.0,>,%
60001,E2E Full Test Corporation 1769042473 - Datacenter East,2024-10-27,P4-KPI7,Business Case Validation,P4,83.24,90.0,>,%
60001,E2E Full Test Corporation 1769042473 - Datacenter East,2024-11-26,P4-KPI7,Business Case Validation,P4,86.7,90.0,>,%
60001,E2E Full Test Corporation 1769042473 - Datacenter East,2024-01-01,P5-KPI1,Executive Sponsorship,P5,3.87,4.5,>,score
60001,E2E Full Test Corporation 1769042473 - Datacenter East,2024-01-31,P5-KPI1,Executive Sponsorship,P5,3.76,4.5,>,score
60001,E2E Full Test Corporation 1769042473 - Datacenter East,2024-03-01,P5-KPI1,Executive Sponsorship,P5,3.9,4.5,>,score
60001,E2E Full Test Corporation 1769042473 - Datacenter East,2024-03-31,P5-KPI1,Executive Sponsorship,P5,3.65,4.5,>,score
60001,E2E Full Test Corporation 1769042473 - Datacenter East,2024-04-30,P5-KPI1,Executive Sponsorship,P5,3.68,4.5,>,score
60001,E2E Full Test Corporation 1769042473 - Datacenter East,2024-05-30,P5-KPI1,Executive Sponsorship,P5,4.01,4.5,>,score
60001,E2E Full Test Corporation 1769042473 - Datacenter East,2024-06-29,P5-KPI1,Executive Sponsorship,P5,4.25,4.5,>,score
60001,E2E Full Test Corporation 1769042473 - Datacenter East,2024-07-29,P5-KPI1,Executive Sponsorship,P5,4.18,4.5,>,score
60001,E2E Full Test Corporation 1769042473 - Datacenter East,2024-08-28,P5-KPI1,Executive Sponsorship,P5,4.17,4.5,>,score
60001,E2E Full Test Corporation 1769042473 - Datacenter East,2024-09-27,P5-KPI1,Executive Sponsorship,P5,4.06,4.5,>,score
60001,E2E Full Test Corporation 1769042473 - Datacenter East,2024-10-27,P5-KPI1,Executive Sponsorship,P5,3.94,4.5,>,score
60001,E2E Full Test Corporation 1769042473 - Datacenter East,2024-11-26,P5-KPI1,Executive Sponsorship,P5,4.45,4.5,>,score
60001,E2E Full Test Corporation 1769042473 - Datacenter East,2024-01-01,P5-KPI2,Renewal Likelihood,P5,81.79,95.0,>,%
60001,E2E Full Test Corporation 1769042473 - Datacenter East,2024-01-31,P5-KPI2,Renewal Likelihood,P5,86.73,95.0,>,%
60001,E2E Full Test Corporation 1769042473 - Datacenter East,2024-03-01,P5-KPI2,Renewal Likelihood,P5,84.72,95.0,>,%
60001,E2E Full Test Corporation 1769042473 - Datacenter East,2024-03-31,P5-KPI2,Renewal Likelihood,P5,83.0,95.0,>,%
60001,E2E Full Test Corporation 1769042473 - Datacenter East,2024-04-30,P5-KPI2,Renewal Likelihood,P5,82.57,95.0,>,%
60001,E2E Full Test Corporation 1769042473 - Datacenter East,2024-05-30,P5-KPI2,Renewal Likelihood,P5,86.08,95.0,>,%
60001,E2E Full Test Corporation 1769042473 - Datacenter East,2024-06-29,P5-KPI2,Renewal Likelihood,P5,89.73,95.0,>,%
60001,E2E Full Test Corporation 1769042473 - Datacenter East,2024-07-29,P5-KPI2,Renewal Likelihood,P5,83.23,95.0,>,%
60001,E2E Full Test Corporation 1769042473 - Datacenter East,2024-08-28,P5-KPI2,Renewal Likelihood,P5,90.31,95.0,>,%
60001,E2E Full Test Corporation 1769042473 - Datacenter East,2024-09-27,P5-KPI2,Renewal Likelihood,P5,91.34,95.0,>,%
60001,E2E Full Test Corporation 1769042473 - Datacenter East,2024-10-27,P5-KPI2,Renewal Likelihood,P5,86.48,95.0,>,%
60001,E2E Full Test Corporation 1769042473 - Datacenter East,2024-11-26,P5-KPI2,Renewal Likelihood,P5,89.75,95.0,>,%
60001,E2E Full Test Corporation 1769042473 - Datacenter East,2024-01-01,P5-KPI3,Expansion Pipeline,P5,1.36,2.0,>,$M
60001,E2E Full Test Corporation 1769042473 - Datacenter East,2024-01-31,P5-KPI3,Expansion Pipeline,P5,1.29,2.0,>,$M
60001,E2E Full Test Corporation 1769042473 - Datacenter East,2024-03-01,P5-KPI3,Expansion Pipeline,P5,1.32,2.0,>,$M
60001,E2E Full Test Corporation 1769042473 - Datacenter East,2024-03-31,P5-KPI3,Expansion Pipeline,P5,1.27,2.0,>,$M
60001,E2E Full Test Corporation 1769042473 - Datacenter East,2024-04-30,P5-KPI3,Expansion Pipeline,P5,1.29,2.0,>,$M
60001,E2E Full Test Corporation 1769042473 - Datacenter East,2024-05-30,P5-KPI3,Expansion Pipeline,P5,1.34,2.0,>,$M
60001,E2E Full Test Corporation 1769042473 - Datacenter East,2024-06-29,P5-KPI3,Expansion Pipeline,P5,1.47,2.0,>,$M
60001,E2E Full Test Corporation 1769042473 - Datacenter East,2024-07-29,P5-KPI3,Expansion Pipeline,P5,1.53,2.0,>,$M
60001,E2E Full Test Corporation 1769042473 - Datacenter East,2024-08-28,P5-KPI3,Expansion Pipeline,P5,1.5,2.0,>,$M
60001,E2E Full Test Corporation 1769042473 - Datacenter East,2024-09-27,P5-KPI3,Expansion Pipeline,P5,1.55,2.0,>,$M
60001,E2E Full Test Corporation 1769042473 - Datacenter East,2024-10-27,P5-KPI3,Expansion Pipeline,P5,1.58,2.0,>,$M
60001,E2E Full Test Corporation 1769042473 - Datacenter East,2024-11-26,P5-KPI3,Expansion Pipeline,P5,1.84,2.0,>,$M
60001,E2E Full Test Corporation 1769042473 - Datacenter East,2024-01-01,P5-KPI4,Reference Willingness,P5,3.21,4.0,>,score
60001,E2E Full Test Corporation 1769042473 - Datacenter East,2024-01-31,P5-KPI4,Reference Willingness,P5,3.05,4.0,>,score
60001,E2E Full Test Corporation 1769042473 - Datacenter East,2024-03-01,P5-KPI4,Reference Willingness,P5,3.14,4.0,>,score
60001,E2E Full Test Corporation 1769042473 - Datacenter East,2024-03-31,P5-KPI4,Reference Willingness,P5,3.22,4.0,>,score
60001,E2E Full Test Corporation 1769042473 - Datacenter East,2024-04-30,P5-KPI4,Reference Willingness,P5,3.05,4.0,>,score
60001,E2E Full Test Corporation 1769042473 - Datacenter East,2024-05-30,P5-KPI4,Reference Willingness,P5,2.99,4.0,>,score
60001,E2E Full Test Corporation 1769042473 - Datacenter East,2024-06-29,P5-KPI4,Reference Willingness,P5,3.29,4.0,>,score
60001,E2E Full Test Corporation 1769042473 - Datacenter East,2024-07-29,P5-KPI4,Reference Willingness,P5,3.44,4.0,>,score
60001,E2E Full Test Corporation 1769042473 - Datacenter East,2024-08-28,P5-KPI4,Reference Willingness,P5,3.49,4.0,>,score
60001,E2E Full Test Corporation 1769042473 - Datacenter East,2024-09-27,P5-KPI4,Reference Willingness,P5,3.43,4.0,>,score
60001,E2E Full Test Corporation 1769042473 - Datacenter East,2024-10-27,P5-KPI4,Reference Willingness,P5,3.4,4.0,>,score
60001,E2E Full Test Corporation 1769042473 - Datacenter East,2024-11-26,P5-KPI4,Reference Willingness,P5,3.87,4.0,>,score
60001,E2E Full Test Corporation 1769042473 - Datacenter East,2024-01-01,P5-KPI5,Strategic Alignment,P5,71.18,85.0,>,score
60001,E2E Full Test Corporation 1769042473 - Datacenter East,2024-01-31,P5-KPI5,Strategic Alignment,P5,70.95,85.0,>,score
60001,E2E Full Test Corporation 1769042473 - Datacenter East,2024-03-01,P5-KPI5,Strategic Alignment,P5,70.68,85.0,>,score
60001,E2E Full Test Corporation 1769042473 - Datacenter East,2024-03-31,P5-KPI5,Strategic Alignment,P5,74.54,85.0,>,score
60001,E2E Full Test Corporation 1769042473 - Datacenter East,2024-04-30,P5-KPI5,Strategic Alignment,P5,75.1,85.0,>,score
60001,E2E Full Test Corporation 1769042473 - Datacenter East,2024-05-30,P5-KPI5,Strategic Alignment,P5,75.71,85.0,>,score
60001,E2E Full Test Corporation 1769042473 - Datacenter East,2024-06-29,P5-KPI5,Strategic Alignment,P5,80.61,85.0,>,score
60001,E2E Full Test Corporation 1769042473 - Datacenter East,2024-07-29,P5-KPI5,Strategic Alignment,P5,80.89,85.0,>,score
60001,E2E Full Test Corporation 1769042473 - Datacenter East,2024-08-28,P5-KPI5,Strategic Alignment,P5,80.54,85.0,>,score
60001,E2E Full Test Corporation 1769042473 - Datacenter East,2024-09-27,P5-KPI5,Strategic Alignment,P5,80.19,85.0,>,score
60001,E2E Full Test Corporation 1769042473 - Datacenter East,2024-10-27,P5-KPI5,Strategic Alignment,P5,80.35,85.0,>,score
60001,E2E Full Test Corporation 1769042473 - Datacenter East,2024-11-26,P5-KPI5,Strategic Alignment,P5,81.69,85.0,>,score
60001,E2E Full Test Corporation 1769042473 - Datacenter East,2024-01-01,P5-KPI6,Partnership Depth,P5,69.21,80.0,>,score
60001,E2E Full Test Corporation 1769042473 - Datacenter East,2024-01-31,P5-KPI6,Partnership Depth,P5,67.36,80.0,>,score
60001,E2E Full Test Corporation 1769042473 - Datacenter East,2024-03-01,P5-KPI6,Partnership Depth,P5,66.18,80.0,>,score
60001,E2E Full Test Corporation 1769042473 - Datacenter East,2024-03-31,P5-KPI6,Partnership Depth,P5,65.24,80.0,>,score
60001,E2E Full Test Corporation 1769042473 - Datacenter East,2024-04-30,P5-KPI6,Partnership Depth,P5,64.1,80.0,>,score
60001,E2E Full Test Corporation 1769042473 - Datacenter East,2024-05-30,P5-KPI6,Partnership Depth,P5,66.8,80.0,>,score
60001,E2E Full Test Corporation 1769042473 - Datacenter East,2024-06-29,P5-KPI6,Partnership Depth,P5,71.28,80.0,>,score
60001,E2E Full Test Corporation 1769042473 - Datacenter East,2024-07-29,P5-KPI6,Partnership Depth,P5,73.77,80.0,>,score
60001,E2E Full Test Corporation 1769042473 - Datacenter East,2024-08-28,P5-KPI6,Partnership Depth,P5,71.54,80.0,>,score
60001,E2E Full Test Corporation 1769042473 - Datacenter East,2024-09-27,P5-KPI6,Partnership Depth,P5,68.47,80.0,>,score
60001,E2E Full Test Corporation 1769042473 - Datacenter East,2024-10-27,P5-KPI6,Partnership Depth,P5,69.63,80.0,>,score
60001,E2E Full Test Corporation 1769042473 - Datacenter East,2024-11-26,P5-KPI6,Partnership Depth,P5,74.05,80.0,>,score
60001,E2E Full Test Corporation 1769042473 - Datacenter East,2024-01-01,P5-KPI7,NPS Score,P5,53.79,70.0,>,score
60001,E2E Full Test Corporation 1769042473 - Datacenter East,2024-01-31,P5-KPI7,NPS Score,P5,58.52,70.0,>,score
60001,E2E Full Test Corporation 1769042473 - Datacenter East,2024-03-01,P5-KPI7,NPS Score,P5,53.94,70.0,>,score
60001,E2E Full Test Corporation 1769042473 - Datacenter East,2024-03-31,P5-KPI7,NPS Score,P5,55.51,70.0,>,score
60001,E2E Full Test Corporation 1769042473 - Datacenter East,2024-04-30,P5-KPI7,NPS Score,P5,59.22,70.0,>,score
60001,E2E Full Test Corporation 1769042473 - Datacenter East,2024-05-30,P5-KPI7,NPS Score,P5,55.66,70.0,>,score
60001,E2E Full Test Corporation 1769042473 - Datacenter East,2024-06-29,P5-KPI7,NPS Score,P5,57.95,70.0,>,score
60001,E2E Full Test Corporation 1769042473 - Datacenter East,2024-07-29,P5-KPI7,NPS Score,P5,63.13,70.0,>,score
60001,E2E Full Test Corporation 1769042473 - Datacenter East,2024-08-28,P5-KPI7,NPS Score,P5,61.92,70.0,>,score
60001,E2E Full Test Corporation 1769042473 - Datacenter East,2024-09-27,P5-KPI7,NPS Score,P5,63.0,70.0,>,score
60001,E2E Full Test Corporation 1769042473 - Datacenter East,2024-10-27,P5-KPI7,NPS Score,P5,63.24,70.0,>,score
60001,E2E Full Test Corporation 1769042473 - Datacenter East,2024-11-26,P5-KPI7,NPS Score,P5,65.86,70.0,>,score
60002,E2E Full Test Corporation 1769042473 - Cloud Ops,2024-01-01,P1-KPI1,System Uptime,P1,99.02,99.9,>,%
60002,E2E Full Test Corporation 1769042473 - Cloud Ops,2024-01-31,P1-KPI1,System Uptime,P1,100.0,99.9,>,%
60002,E2E Full Test Corporation 1769042473 - Cloud Ops,2024-03-01,P1-KPI1,System Uptime,P1,100.0,99.9,>,%
60002,E2E Full Test Corporation 1769042473 - Cloud Ops,2024-03-31,P1-KPI1,System Uptime,P1,98.0,99.9,>,%
60002,E2E Full Test Corporation 1769042473 - Cloud Ops,2024-04-30,P1-KPI1,System Uptime,P1,100.0,99.9,>,%
60002,E2E Full Test Corporation 1769042473 - Cloud Ops,2024-05-30,P1-KPI1,System Uptime,P1,98.0,99.9,>,%
60002,E2E Full Test Corporation 1769042473 - Cloud Ops,2024-06-29,P1-KPI1,System Uptime,P1,100.0,99.9,>,%
60002,E2E Full Test Corporation 1769042473 - Cloud Ops,2024-07-29,P1-KPI1,System Uptime,P1,98.23,99.9,>,%
60002,E2E Full Test Corporation 1769042473 - Cloud Ops,2024-08-28,P1-KPI1,System Uptime,P1,98.0,99.9,>,%
60002,E2E Full Test Corporation 1769042473 - Cloud Ops,2024-09-27,P1-KPI1,System Uptime,P1,100.0,99.9,>,%
60002,E2E Full Test Corporation 1769042473 - Cloud Ops,2024-10-27,P1-KPI1,System Uptime,P1,98.0,99.9,>,%
60002,E2E Full Test Corporation 1769042473 - Cloud Ops,2024-11-26,P1-KPI1,System Uptime,P1,100.0,99.9,>,%
60002,E2E Full Test Corporation 1769042473 - Cloud Ops,2024-01-01,P1-KPI2,Mean Time to Resolution,P1,3.02,2.0,<,hours
60002,E2E Full Test Corporation 1769042473 - Cloud Ops,2024-01-31,P1-KPI2,Mean Time to Resolution,P1,3.04,2.0,<,hours
60002,E2E Full Test Corporation 1769042473 - Cloud Ops,2024-03-01,P1-KPI2,Mean Time to Resolution,P1,3.01,2.0,<,hours
60002,E2E Full Test Corporation 1769042473 - Cloud Ops,2024-03-31,P1-KPI2,Mean Time to Resolution,P1,3.74,2.0,<,hours
60002,E2E Full Test Corporation 1769042473 - Cloud Ops,2024-04-30,P1-KPI2,Mean Time to Resolution,P1,3.78,2.0,<,hours
60002,E2E Full Test Corporation 1769042473 - Cloud Ops,2024-05-30,P1-KPI2,Mean Time to Resolution,P1,3.75,2.0,<,hours
60002,E2E Full Test Corporation 1769042473 - Cloud Ops,2024-06-29,P1-KPI2,Mean Time to Resolution,P1,3.64,2.0,<,hours
60002,E2E Full Test Corporation 1769042473 - Cloud Ops,2024-07-29,P1-KPI2,Mean Time to Resolution,P1,3.89,2.0,<,hours
60002,E2E Full Test Corporation 1769042473 - Cloud Ops,2024-08-28,P1-KPI2,Mean Time to Resolution,P1,3.91,2.0,<,hours
60002,E2E Full Test Corporation 1769042473 - Cloud Ops,2024-09-27,P1-KPI2,Mean Time to Resolution,P1,4.64,2.0,<,hours
60002,E2E Full Test Corporation 1769042473 - Cloud Ops,2024-10-27,P1-KPI2,Mean Time to Resolution,P1,4.55,2.0,<,hours
60002,E2E Full Test Corporation 1769042473 - Cloud Ops,2024-11-26,P1-KPI2,Mean Time to Resolution,P1,4.61,2.0,<,hours
60002,E2E Full Test Corporation 1769042473 - Cloud Ops,2024-01-01,P1-KPI3,GPU Utilization,P1,78.92,85.0,>,%
60002,E2E Full Test Corporation 1769042473 - Cloud Ops,2024-01-31,P1-KPI3,GPU Utilization,P1,81.79,85.0,>,%
60002,E2E Full Test Corporation 1769042473 - Cloud Ops,2024-03-01,P1-KPI3,GPU Utilization,P1,80.34,85.0,>,%
60002,E2E Full Test Corporation 1769042473 - Cloud Ops,2024-03-31,P1-KPI3,GPU Utilization,P1,80.07,85.0,>,%
60002,E2E Full Test Corporation 1769042473 - Cloud Ops,2024-04-30,P1-KPI3,GPU Utilization,P1,81.05,85.0,>,%
60002,E2E Full Test Corporation 1769042473 - Cloud Ops,2024-05-30,P1-KPI3,GPU Utilization,P1,76.62,85.0,>,%
60002,E2E Full Test Corporation 1769042473 - Cloud Ops,2024-06-29,P1-KPI3,GPU Utilization,P1,76.21,85.0,>,%
60002,E2E Full Test Corporation 1769042473 - Cloud Ops,2024-07-29,P1-KPI3,GPU Utilization,P1,75.16,85.0,>,%
60002,E2E Full Test Corporation 1769042473 - Cloud Ops,2024-08-28,P1-KPI3,GPU Utilization,P1,75.55,85.0,>,%
60002,E2E Full Test Corporation 1769042473 - Cloud Ops,2024-09-27,P1-KPI3,GPU Utilization,P1,72.38,85.0,>,%
60002,E2E Full Test Corporation 1769042473 - Cloud Ops,2024-10-27,P1-KPI3,GPU Utilization,P1,70.66,85.0,>,%
60002,E2E Full Test Corporation 1769042473 - Cloud Ops,2024-11-26,P1-KPI3,GPU Utilization,P1,71.71,85.0,>,%
60002,E2E Full Test Corporation 1769042473 - Cloud Ops,2024-01-01,P1-KPI4,Network Latency,P1,16.3,10.0,<,ms
60002,E2E Full Test Corporation 1769042473 - Cloud Ops,2024-01-31,P1-KPI4,Network Latency,P1,16.12,10.0,<,ms
60002,E2E Full Test Corporation 1769042473 - Cloud Ops,2024-03-01,P1-KPI4,Network Latency,P1,15.97,10.0,<,ms
60002,E2E Full Test Corporation 1769042473 - Cloud Ops,2024-03-31,P1-KPI4,Network Latency,P1,22.29,10.0,<,ms
60002,E2E Full Test Corporation 1769042473 - Cloud Ops,2024-04-30,P1-KPI4,Network Latency,P1,22.28,10.0,<,ms
60002,E2E Full Test Corporation 1769042473 - Cloud Ops,2024-05-30,P1-KPI4,Network Latency,P1,21.47,10.0,<,ms
60002,E2E Full Test Corporation 1769042473 - Cloud Ops,2024-06-29,P1-KPI4,Network Latency,P1,22.83,10.0,<,ms
60002,E2E Full Test Corporation 1769042473 - Cloud Ops,2024-07-29,P1-KPI4,Network Latency,P1,21.83,10.0,<,ms
60002,E2E Full Test Corporation 1769042473 - Cloud Ops,2024-08-28,P1-KPI4,Network Latency,P1,22.58,10.0,<,ms
60002,E2E Full Test Corporation 1769042473 - Cloud Ops,2024-09-27,P1-KPI4,Network Latency,P1,28.21,10.0,<,ms
60002,E2E Full Test Corporation 1769042473 - Cloud Ops,2024-10-27,P1-KPI4,Network Latency,P1,26.6,10.0,<,ms
60002,E2E Full Test Corporation 1769042473 - Cloud Ops,2024-11-26,P1-KPI4,Network Latency,P1,29.39,10.0,<,ms
60002,E2E Full Test Corporation 1769042473 - Cloud Ops,2024-01-01,P1-KPI5,Storage Performance,P1,91257.22,100000.0,>,IOPS
60002,E2E Full Test Corporation 1769042473 - Cloud Ops,2024-01-31,P1-KPI5,Storage Performance,P1,93876.41,100000.0,>,IOPS
60002,E2E Full Test Corporation 1769042473 - Cloud Ops,2024-03-01,P1-KPI5,Storage Performance,P1,93377.96,100000.0,>,IOPS
60002,E2E Full Test Corporation 1769042473 - Cloud Ops,2024-03-31,P1-KPI5,Storage Performance,P1,83850.48,100000.0,>,IOPS
60002,E2E Full Test Corporation 1769042473 - Cloud Ops,2024-04-30,P1-KPI5,Storage Performance,P1,86673.9,100000.0,>,IOPS
60002,E2E Full Test Corporation 1769042473 - Cloud Ops,2024-05-30,P1-KPI5,Storage Performance,P1,83469.05,100000.0,>,IOPS
60002,E2E Full Test Corporation 1769042473 - Cloud Ops,2024-06-29,P1-KPI5,Storage Performance,P1,85891.15,100000.0,>,IOPS
60002,E2E Full Test Corporation 1769042473 - Cloud Ops,2024-07-29,P1-KPI5,Storage Performance,P1,88884.65,100000.0,>,IOPS
60002,E2E Full Test Corporation 1769042473 - Cloud Ops,2024-08-28,P1-KPI5,Storage Performance,P1,85329.75,100000.0,>,IOPS
60002,E2E Full Test Corporation 1769042473 - Cloud Ops,2024-09-27,P1-KPI5,Storage Performance,P1,79546.68,100000.0,>,IOPS
60002,E2E Full Test Corporation 1769042473 - Cloud Ops,2024-10-27,P1-KPI5,Storage Performance,P1,73746.57,100000.0,>,IOPS
60002,E2E Full Test Corporation 1769042473 - Cloud Ops,2024-11-26,P1-KPI5,Storage Performance,P1,76615.42,100000.0,>,IOPS
60002,E2E Full Test Corporation 1769042473 - Cloud Ops,2024-01-01,P1-KPI6,Cooling Efficiency,P1,1.32,1.3,<,PUE
60002,E2E Full Test Corporation 1769042473 - Cloud Ops,2024-01-31,P1-KPI6,Cooling Efficiency,P1,1.43,1.3,<,PUE
60002,E2E Full Test Corporation 1769042473 - Cloud Ops,2024-03-01,P1-KPI6,Cooling Efficiency,P1,1.44,1.3,<,PUE
60002,E2E Full Test Corporation 1769042473 - Cloud Ops,2024-03-31,P1-KPI6,Cooling Efficiency,P1,1.41,1.3,<,PUE
60002,E2E Full Test Corporation 1769042473 - Cloud Ops,2024-04-30,P1-KPI6,Cooling Efficiency,P1,1.51,1.3,<,PUE
60002,E2E Full Test Corporation 1769042473 - Cloud Ops,2024-05-30,P1-KPI6,Cooling Efficiency,P1,1.43,1.3,<,PUE
60002,E2E Full Test Corporation 1769042473 - Cloud Ops,2024-06-29,P1-KPI6,Cooling Efficiency,P1,1.51,1.3,<,PUE
60002,E2E Full Test Corporation 1769042473 - Cloud Ops,2024-07-29,P1-KPI6,Cooling Efficiency,P1,1.42,1.3,<,PUE
60002,E2E Full Test Corporation 1769042473 - Cloud Ops,2024-08-28,P1-KPI6,Cooling Efficiency,P1,1.45,1.3,<,PUE
60002,E2E Full Test Corporation 1769042473 - Cloud Ops,2024-09-27,P1-KPI6,Cooling Efficiency,P1,1.54,1.3,<,PUE
60002,E2E Full Test Corporation 1769042473 - Cloud Ops,2024-10-27,P1-KPI6,Cooling Efficiency,P1,1.54,1.3,<,PUE
60002,E2E Full Test Corporation 1769042473 - Cloud Ops,2024-11-26,P1-KPI6,Cooling Efficiency,P1,1.6,1.3,<,PUE
60002,E2E Full Test Corporation 1769042473 - Cloud Ops,2024-01-01,P1-KPI7,Power Usage,P1,521.8,500.0,<,kW
60002,E2E Full Test Corporation 1769042473 - Cloud Ops,2024-01-31,P1-KPI7,Power Usage,P1,560.28,500.0,<,kW
60002,E2E Full Test Corporation 1769042473 - Cloud Ops,2024-03-01,P1-KPI7,Power Usage,P1,561.36,500.0,<,kW
60002,E2E Full Test Corporation 1769042473 - Cloud Ops,2024-03-31,P1-KPI7,Power Usage,P1,618.01,500.0,<,kW
60002,E2E Full Test Corporation 1769042473 - Cloud Ops,2024-04-30,P1-KPI7,Power Usage,P1,569.92,500.0,<,kW
60002,E2E Full Test Corporation 1769042473 - Cloud Ops,2024-05-30,P1-KPI7,Power Usage,P1,612.05,500.0,<,kW
60002,E2E Full Test Corporation 1769042473 - Cloud Ops,2024-06-29,P1-KPI7,Power Usage,P1,577.0,500.0,<,kW
60002,E2E Full Test Corporation 1769042473 - Cloud Ops,2024-07-29,P1-KPI7,Power Usage,P1,612.07,500.0,<,kW
60002,E2E Full Test Corporation 1769042473 - Cloud Ops,2024-08-28,P1-KPI7,Power Usage,P1,607.35,500.0,<,kW
60002,E2E Full Test Corporation 1769042473 - Cloud Ops,2024-09-27,P1-KPI7,Power Usage,P1,662.24,500.0,<,kW
60002,E2E Full Test Corporation 1769042473 - Cloud Ops,2024-10-27,P1-KPI7,Power Usage,P1,652.28,500.0,<,kW
60002,E2E Full Test Corporation 1769042473 - Cloud Ops,2024-11-26,P1-KPI7,Power Usage,P1,611.66,500.0,<,kW
60002,E2E Full Test Corporation 1769042473 - Cloud Ops,2024-01-01,P1-KPI8,Thermal Management,P1,27.04,25.0,<,°C
60002,E2E Full Test Corporation 1769042473 - Cloud Ops,2024-01-31,P1-KPI8,Thermal Management,P1,26.99,25.0,<,°C
60002,E2E Full Test Corporation 1769042473 - Cloud Ops,2024-03-01,P1-KPI8,Thermal Management,P1,26.87,25.0,<,°C
60002,E2E Full Test Corporation 1769042473 - Cloud Ops,2024-03-31,P1-KPI8,Thermal Management,P1,27.07,25.0,<,°C
60002,E2E Full Test Corporation 1769042473 - Cloud Ops,2024-04-30,P1-KPI8,Thermal Management,P1,27.19,25.0,<,°C
60002,E2E Full Test Corporation 1769042473 - Cloud Ops,2024-05-30,P1-KPI8,Thermal Management,P1,26.95,25.0,<,°C
60002,E2E Full Test Corporation 1769042473 - Cloud Ops,2024-06-29,P1-KPI8,Thermal Management,P1,27.42,25.0,<,°C
60002,E2E Full Test Corporation 1769042473 - Cloud Ops,2024-07-29,P1-KPI8,Thermal Management,P1,27.34,25.0,<,°C
60002,E2E Full Test Corporation 1769042473 - Cloud Ops,2024-08-28,P1-KPI8,Thermal Management,P1,27.91,25.0,<,°C
60002,E2E Full Test Corporation 1769042473 - Cloud Ops,2024-09-27,P1-KPI8,Thermal Management,P1,28.98,25.0,<,°C
60002,E2E Full Test Corporation 1769042473 - Cloud Ops,2024-10-27,P1-KPI8,Thermal Management,P1,28.81,25.0,<,°C
60002,E2E Full Test Corporation 1769042473 - Cloud Ops,2024-11-26,P1-KPI8,Thermal Management,P1,29.44,25.0,<,°C
60002,E2E Full Test Corporation 1769042473 - Cloud Ops,2024-01-01,P2-KPI1,SLA Compliance,P2,98.69,99.0,>,%
60002,E2E Full Test Corporation 1769042473 - Cloud Ops,2024-01-31,P2-KPI1,SLA Compliance,P2,100.0,99.0,>,%
60002,E2E Full Test Corporation 1769042473 - Cloud Ops,2024-03-01,P2-KPI1,SLA Compliance,P2,95.0,99.0,>,%
60002,E2E Full Test Corporation 1769042473 - Cloud Ops,2024-03-31,P2-KPI1,SLA Compliance,P2,98.98,99.0,>,%
60002,E2E Full Test Corporation 1769042473 - Cloud Ops,2024-04-30,P2-KPI1,SLA Compliance,P2,98.98,99.0,>,%
60002,E2E Full Test Corporation 1769042473 - Cloud Ops,2024-05-30,P2-KPI1,SLA Compliance,P2,100.0,99.0,>,%
60002,E2E Full Test Corporation 1769042473 - Cloud Ops,2024-06-29,P2-KPI1,SLA Compliance,P2,95.0,99.0,>,%
60002,E2E Full Test Corporation 1769042473 - Cloud Ops,2024-07-29,P2-KPI1,SLA Compliance,P2,99.97,99.0,>,%
60002,E2E Full Test Corporation 1769042473 - Cloud Ops,2024-08-28,P2-KPI1,SLA Compliance,P2,100.0,99.0,>,%
60002,E2E Full Test Corporation 1769042473 - Cloud Ops,2024-09-27,P2-KPI1,SLA Compliance,P2,99.67,99.0,>,%
60002,E2E Full Test Corporation 1769042473 - Cloud Ops,2024-10-27,P2-KPI1,SLA Compliance,P2,97.96,99.0,>,%
60002,E2E Full Test Corporation 1769042473 - Cloud Ops,2024-11-26,P2-KPI1,SLA Compliance,P2,98.54,99.0,>,%
60002,E2E Full Test Corporation 1769042473 - Cloud Ops,2024-01-01,P2-KPI2,Incident Response Time,P2,22.36,15.0,<,minutes
60002,E2E Full Test Corporation 1769042473 - Cloud Ops,2024-01-31,P2-KPI2,Incident Response Time,P2,22.64,15.0,<,minutes
60002,E2E Full Test Corporation 1769042473 - Cloud Ops,2024-03-01,P2-KPI2,Incident Response Time,P2,22.82,15.0,<,minutes
60002,E2E Full Test Corporation 1769042473 - Cloud Ops,2024-03-31,P2-KPI2,Incident Response Time,P2,28.11,15.0,<,minutes
60002,E2E Full Test Corporation 1769042473 - Cloud Ops,2024-04-30,P2-KPI2,Incident Response Time,P2,29.28,15.0,<,minutes
60002,E2E Full Test Corporation 1769042473 - Cloud Ops,2024-05-30,P2-KPI2,Incident Response Time,P2,27.95,15.0,<,minutes
60002,E2E Full Test Corporation 1769042473 - Cloud Ops,2024-06-29,P2-KPI2,Incident Response Time,P2,29.47,15.0,<,minutes
60002,E2E Full Test Corporation 1769042473 - Cloud Ops,2024-07-29,P2-KPI2,Incident Response Time,P2,27.43,15.0,<,minutes
60002,E2E Full Test Corporation 1769042473 - Cloud Ops,2024-08-28,P2-KPI2,Incident Response Time,P2,29.9,15.0,<,minutes
60002,E2E Full Test Corporation 1769042473 - Cloud Ops,2024-09-27,P2-KPI2,Incident Response Time,P2,34.22,15.0,<,minutes
60002,E2E Full Test Corporation 1769042473 - Cloud Ops,2024-10-27,P2-KPI2,Incident Response Time,P2,36.58,15.0,<,minutes
60002,E2E Full Test Corporation 1769042473 - Cloud Ops,2024-11-26,P2-KPI2,Incident Response Time,P2,33.77,15.0,<,minutes
60002,E2E Full Test Corporation 1769042473 - Cloud Ops,2024-01-01,P2-KPI3,Change Success Rate,P2,99.7,98.0,>,%
60002,E2E Full Test Corporation 1769042473 - Cloud Ops,2024-01-31,P2-KPI3,Change Success Rate,P2,98.88,98.0,>,%
60002,E2E Full Test Corporation 1769042473 - Cloud Ops,2024-03-01,P2-KPI3,Change Success Rate,P2,93.55,98.0,>,%
60002,E2E Full Test Corporation 1769042473 - Cloud Ops,2024-03-31,P2-KPI3,Change Success Rate,P2,100.0,98.0,>,%
60002,E2E Full Test Corporation 1769042473 - Cloud Ops,2024-04-30,P2-KPI3,Change Success Rate,P2,93.22,98.0,>,%
60002,E2E Full Test Corporation 1769042473 - Cloud Ops,2024-05-30,P2-KPI3,Change Success Rate,P2,99.8,98.0,>,%
60002,E2E Full Test Corporation 1769042473 - Cloud Ops,2024-06-29,P2-KPI3,Change Success Rate,P2,93.42,98.0,>,%
60002,E2E Full Test Corporation 1769042473 - Cloud Ops,2024-07-29,P2-KPI3,Change Success Rate,P2,98.48,98.0,>,%
60002,E2E Full Test Corporation 1769042473 - Cloud Ops,2024-08-28,P2-KPI3,Change Success Rate,P2,98.19,98.0,>,%
60002,E2E Full Test Corporation 1769042473 - Cloud Ops,2024-09-27,P2-KPI3,Change Success Rate,P2,93.43,98.0,>,%
60002,E2E Full Test Corporation 1769042473 - Cloud Ops,2024-10-27,P2-KPI3,Change Success Rate,P2,98.29,98.0,>,%
60002,E2E Full Test Corporation 1769042473 - Cloud Ops,2024-11-26,P2-KPI3,Change Success Rate,P2,96.1,98.0,>,%
60002,E2E Full Test Corporation 1769042473 - Cloud Ops,2024-01-01,P2-KPI4,Backup Success Rate,P2,100.0,100.0,>,%
60002,E2E Full Test Corporation 1769042473 - Cloud Ops,2024-01-31,P2-KPI4,Backup Success Rate,P2,95.7,100.0,>,%
60002,E2E Full Test Corporation 1769042473 - Cloud Ops,2024-03-01,P2-KPI4,Backup Success Rate,P2,100.0,100.0,>,%
60002,E2E Full Test Corporation 1769042473 - Cloud Ops,2024-03-31,P2-KPI4,Backup Success Rate,P2,100.0,100.0,>,%
60002,E2E Full Test Corporation 1769042473 - Cloud Ops,2024-04-30,P2-KPI4,Backup Success Rate,P2,99.89,100.0,>,%
60002,E2E Full Test Corporation 1769042473 - Cloud Ops,2024-05-30,P2-KPI4,Backup Success Rate,P2,100.0,100.0,>,%
60002,E2E Full Test Corporation 1769042473 - Cloud Ops,2024-06-29,P2-KPI4,Backup Success Rate,P2,95.0,100.0,>,%
60002,E2E Full Test Corporation 1769042473 - Cloud Ops,2024-07-29,P2-KPI4,Backup Success Rate,P2,100.0,100.0,>,%
60002,E2E Full Test Corporation 1769042473 - Cloud Ops,2024-08-28,P2-KPI4,Backup Success Rate,P2,95.73,100.0,>,%
60002,E2E Full Test Corporation 1769042473 - Cloud Ops,2024-09-27,P2-KPI4,Backup Success Rate,P2,98.05,100.0,>,%
60002,E2E Full Test Corporation 1769042473 - Cloud Ops,2024-10-27,P2-KPI4,Backup Success Rate,P2,100.0,100.0,>,%
60002,E2E Full Test Corporation 1769042473 - Cloud Ops,2024-11-26,P2-KPI4,Backup Success Rate,P2,99.71,100.0,>,%
60002,E2E Full Test Corporation 1769042473 - Cloud Ops,2024-01-01,P2-KPI5,Patch Compliance,P2,91.06,95.0,>,%
60002,E2E Full Test Corporation 1769042473 - Cloud Ops,2024-01-31,P2-KPI5,Patch Compliance,P2,92.99,95.0,>,%
60002,E2E Full Test Corporation 1769042473 - Cloud Ops,2024-03-01,P2-KPI5,Patch Compliance,P2,89.91,95.0,>,%
60002,E2E Full Test Corporation 1769042473 - Cloud Ops,2024-03-31,P2-KPI5,Patch Compliance,P2,90.14,95.0,>,%
60002,E2E Full Test Corporation 1769042473 - Cloud Ops,2024-04-30,P2-KPI5,Patch Compliance,P2,88.29,95.0,>,%
60002,E2E Full Test Corporation 1769042473 - Cloud Ops,2024-05-30,P2-KPI5,Patch Compliance,P2,90.75,95.0,>,%
60002,E2E Full Test Corporation 1769042473 - Cloud Ops,2024-06-29,P2-KPI5,Patch Compliance,P2,89.44,95.0,>,%
60002,E2E Full Test Corporation 1769042473 - Cloud Ops,2024-07-29,P2-KPI5,Patch Compliance,P2,88.94,95.0,>,%
60002,E2E Full Test Corporation 1769042473 - Cloud Ops,2024-08-28,P2-KPI5,Patch Compliance,P2,87.59,95.0,>,%
60002,E2E Full Test Corporation 1769042473 - Cloud Ops,2024-09-27,P2-KPI5,Patch Compliance,P2,89.11,95.0,>,%
60002,E2E Full Test Corporation 1769042473 - Cloud Ops,2024-10-27,P2-KPI5,Patch Compliance,P2,87.59,95.0,>,%
60002,E2E Full Test Corporation 1769042473 - Cloud Ops,2024-11-26,P2-KPI5,Patch Compliance,P2,84.05,95.0,>,%
60002,E2E Full Test Corporation 1769042473 - Cloud Ops,2024-01-01,P2-KPI6,Service Request Fulfillment,P2,3.88,3.0,<,days
60002,E2E Full Test Corporation 1769042473 - Cloud Ops,2024-01-31,P2-KPI6,Service Request Fulfillment,P2,4.07,3.0,<,days
60002,E2E Full Test Corporation 1769042473 - Cloud Ops,2024-03-01,P2-KPI6,Service Request Fulfillment,P2,4.25,3.0,<,days
60002,E2E Full Test Corporation 1769042473 - Cloud Ops,2024-03-31,P2-KPI6,Service Request Fulfillment,P2,5.07,3.0,<,days
60002,E2E Full Test Corporation 1769042473 - Cloud Ops,2024-04-30,P2-KPI6,Service Request Fulfillment,P2,5.02,3.0,<,days
60002,E2E Full Test Corporation 1769042473 - Cloud Ops,2024-05-30,P2-KPI6,Service Request Fulfillment,P2,4.94,3.0,<,days
60002,E2E Full Test Corporation 1769042473 - Cloud Ops,2024-06-29,P2-KPI6,Service Request Fulfillment,P2,4.86,3.0,<,days
60002,E2E Full Test Corporation 1769042473 - Cloud Ops,2024-07-29,P2-KPI6,Service Request Fulfillment,P2,4.86,3.0,<,days
60002,E2E Full Test Corporation 1769042473 - Cloud Ops,2024-08-28,P2-KPI6,Service Request Fulfillment,P2,5.3,3.0,<,days
60002,E2E Full Test Corporation 1769042473 - Cloud Ops,2024-09-27,P2-KPI6,Service Request Fulfillment,P2,6.22,3.0,<,days
60002,E2E Full Test Corporation 1769042473 - Cloud Ops,2024-10-27,P2-KPI6,Service Request Fulfillment,P2,5.97,3.0,<,days
60002,E2E Full Test Corporation 1769042473 - Cloud Ops,2024-11-26,P2-KPI6,Service Request Fulfillment,P2,5.92,3.0,<,days
60002,E2E Full Test Corporation 1769042473 - Cloud Ops,2024-01-01,P2-KPI7,Capacity Planning Accuracy,P2,90.23,90.0,>,%
60002,E2E Full Test Corporation 1769042473 - Cloud Ops,2024-01-31,P2-KPI7,Capacity Planning Accuracy,P2,84.41,90.0,>,%
60002,E2E Full Test Corporation 1769042473 - Cloud Ops,2024-03-01,P2-KPI7,Capacity Planning Accuracy,P2,84.75,90.0,>,%
60002,E2E Full Test Corporation 1769042473 - Cloud Ops,2024-03-31,P2-KPI7,Capacity Planning Accuracy,P2,82.24,90.0,>,%
60002,E2E Full Test Corporation 1769042473 - Cloud Ops,2024-04-30,P2-KPI7,Capacity Planning Accuracy,P2,80.1,90.0,>,%
60002,E2E Full Test Corporation 1769042473 - Cloud Ops,2024-05-30,P2-KPI7,Capacity Planning Accuracy,P2,85.54,90.0,>,%
60002,E2E Full Test Corporation 1769042473 - Cloud Ops,2024-06-29,P2-KPI7,Capacity Planning Accuracy,P2,80.0,90.0,>,%
60002,E2E Full Test Corporation 1769042473 - Cloud Ops,2024-07-29,P2-KPI7,Capacity Planning Accuracy,P2,86.64,90.0,>,%
60002,E2E Full Test Corporation 1769042473 - Cloud Ops,2024-08-28,P2-KPI7,Capacity Planning Accuracy,P2,81.45,90.0,>,%
60002,E2E Full Test Corporation 1769042473 - Cloud Ops,2024-09-27,P2-KPI7,Capacity Planning Accuracy,P2,78.74,90.0,>,%
60002,E2E Full Test Corporation 1769042473 - Cloud Ops,2024-10-27,P2-KPI7,Capacity Planning Accuracy,P2,84.03,90.0,>,%
60002,E2E Full Test Corporation 1769042473 - Cloud Ops,2024-11-26,P2-KPI7,Capacity Planning Accuracy,P2,81.88,90.0,>,%
60002,E2E Full Test Corporation 1769042473 - Cloud Ops,2024-01-01,P2-KPI8,Documentation Quality,P2,79.69,85.0,>,score
60002,E2E Full Test Corporation 1769042473 - Cloud Ops,2024-01-31,P2-KPI8,Documentation Quality,P2,83.17,85.0,>,score
60002,E2E Full Test Corporation 1769042473 - Cloud Ops,2024-03-01,P2-KPI8,Documentation Quality,P2,81.73,85.0,>,score
60002,E2E Full Test Corporation 1769042473 - Cloud Ops,2024-03-31,P2-KPI8,Documentation Quality,P2,77.62,85.0,>,score
60002,E2E Full Test Corporation 1769042473 - Cloud Ops,2024-04-30,P2-KPI8,Documentation Quality,P2,78.78,85.0,>,score
60002,E2E Full Test Corporation 1769042473 - Cloud Ops,2024-05-30,P2-KPI8,Documentation Quality,P2,75.46,85.0,>,score
60002,E2E Full Test Corporation 1769042473 - Cloud Ops,2024-06-29,P2-KPI8,Documentation Quality,P2,77.7,85.0,>,score
60002,E2E Full Test Corporation 1769042473 - Cloud Ops,2024-07-29,P2-KPI8,Documentation Quality,P2,79.47,85.0,>,score
60002,E2E Full Test Corporation 1769042473 - Cloud Ops,2024-08-28,P2-KPI8,Documentation Quality,P2,76.17,85.0,>,score
60002,E2E Full Test Corporation 1769042473 - Cloud Ops,2024-09-27,P2-KPI8,Documentation Quality,P2,73.68,85.0,>,score
60002,E2E Full Test Corporation 1769042473 - Cloud Ops,2024-10-27,P2-KPI8,Documentation Quality,P2,74.84,85.0,>,score
60002,E2E Full Test Corporation 1769042473 - Cloud Ops,2024-11-26,P2-KPI8,Documentation Quality,P2,74.42,85.0,>,score
60002,E2E Full Test Corporation 1769042473 - Cloud Ops,2024-01-01,P3-KPI1,CSAT Score,P3,4.12,4.5,>,score
60002,E2E Full Test Corporation 1769042473 - Cloud Ops,2024-01-31,P3-KPI1,CSAT Score,P3,4.17,4.5,>,score
60002,E2E Full Test Corporation 1769042473 - Cloud Ops,2024-03-01,P3-KPI1,CSAT Score,P3,4.11,4.5,>,score
60002,E2E Full Test Corporation 1769042473 - Cloud Ops,2024-03-31,P3-KPI1,CSAT Score,P3,4.01,4.5,>,score
60002,E2E Full Test Corporation 1769042473 - Cloud Ops,2024-04-30,P3-KPI1,CSAT Score,P3,4.1,4.5,>,score
60002,E2E Full Test Corporation 1769042473 - Cloud Ops,2024-05-30,P3-KPI1,CSAT Score,P3,4.08,4.5,>,score
60002,E2E Full Test Corporation 1769042473 - Cloud Ops,2024-06-29,P3-KPI1,CSAT Score,P3,4.0,4.5,>,score
60002,E2E Full Test Corporation 1769042473 - Cloud Ops,2024-07-29,P3-KPI1,CSAT Score,P3,4.12,4.5,>,score
60002,E2E Full Test Corporation 1769042473 - Cloud Ops,2024-08-28,P3-KPI1,CSAT Score,P3,4.02,4.5,>,score
60002,E2E Full Test Corporation 1769042473 - Cloud Ops,2024-09-27,P3-KPI1,CSAT Score,P3,3.94,4.5,>,score
60002,E2E Full Test Corporation 1769042473 - Cloud Ops,2024-10-27,P3-KPI1,CSAT Score,P3,3.72,4.5,>,score
60002,E2E Full Test Corporation 1769042473 - Cloud Ops,2024-11-26,P3-KPI1,CSAT Score,P3,3.94,4.5,>,score
60002,E2E Full Test Corporation 1769042473 - Cloud Ops,2024-01-01,P3-KPI2,Support Ticket Volume,P3,33.26,20.0,<,tickets
60002,E2E Full Test Corporation 1769042473 - Cloud Ops,2024-01-31,P3-KPI2,Support Ticket Volume,P3,32.74,20.0,<,tickets
60002,E2E Full Test Corporation 1769042473 - Cloud Ops,2024-03-01,P3-KPI2,Support Ticket Volume,P3,31.95,20.0,<,tickets
60002,E2E Full Test Corporation 1769042473 - Cloud Ops,2024-03-31,P3-KPI2,Support Ticket Volume,P3,42.68,20.0,<,tickets
60002,E2E Full Test Corporation 1769042473 - Cloud Ops,2024-04-30,P3-KPI2,Support Ticket Volume,P3,44.79,20.0,<,tickets
60002,E2E Full Test Corporation 1769042473 - Cloud Ops,2024-05-30,P3-KPI2,Support Ticket Volume,P3,46.13,20.0,<,tickets
60002,E2E Full Test Corporation 1769042473 - Cloud Ops,2024-06-29,P3-KPI2,Support Ticket Volume,P3,44.8,20.0,<,tickets
60002,E2E Full Test Corporation 1769042473 - Cloud Ops,2024-07-29,P3-KPI2,Support Ticket Volume,P3,43.44,20.0,<,tickets
60002,E2E Full Test Corporation 1769042473 - Cloud Ops,2024-08-28,P3-KPI2,Support Ticket Volume,P3,41.97,20.0,<,tickets
60002,E2E Full Test Corporation 1769042473 - Cloud Ops,2024-09-27,P3-KPI2,Support Ticket Volume,P3,55.5,20.0,<,tickets
60002,E2E Full Test Corporation 1769042473 - Cloud Ops,2024-10-27,P3-KPI2,Support Ticket Volume,P3,58.02,20.0,<,tickets
60002,E2E Full Test Corporation 1769042473 - Cloud Ops,2024-11-26,P3-KPI2,Support Ticket Volume,P3,56.3,20.0,<,tickets
60002,E2E Full Test Corporation 1769042473 - Cloud Ops,2024-01-01,P3-KPI3,First Contact Resolution,P3,74.1,75.0,>,%
60002,E2E Full Test Corporation 1769042473 - Cloud Ops,2024-01-31,P3-KPI3,First Contact Resolution,P3,71.58,75.0,>,%
60002,E2E Full Test Corporation 1769042473 - Cloud Ops,2024-03-01,P3-KPI3,First Contact Resolution,P3,69.4,75.0,>,%
60002,E2E Full Test Corporation 1769042473 - Cloud Ops,2024-03-31,P3-KPI3,First Contact Resolution,P3,70.17,75.0,>,%
60002,E2E Full Test Corporation 1769042473 - Cloud Ops,2024-04-30,P3-KPI3,First Contact Resolution,P3,66.6,75.0,>,%
60002,E2E Full Test Corporation 1769042473 - Cloud Ops,2024-05-30,P3-KPI3,First Contact Resolution,P3,66.25,75.0,>,%
60002,E2E Full Test Corporation 1769042473 - Cloud Ops,2024-06-29,P3-KPI3,First Contact Resolution,P3,66.6,75.0,>,%
60002,E2E Full Test Corporation 1769042473 - Cloud Ops,2024-07-29,P3-KPI3,First Contact Resolution,P3,68.33,75.0,>,%
60002,E2E Full Test Corporation 1769042473 - Cloud Ops,2024-08-28,P3-KPI3,First Contact Resolution,P3,67.0,75.0,>,%
60002,E2E Full Test Corporation 1769042473 - Cloud Ops,2024-09-27,P3-KPI3,First Contact Resolution,P3,63.94,75.0,>,%
60002,E2E Full Test Corporation 1769042473 - Cloud Ops,2024-10-27,P3-KPI3,First Contact Resolution,P3,61.68,75.0,>,%
60002,E2E Full Test Corporation 1769042473 - Cloud Ops,2024-11-26,P3-KPI3,First Contact Resolution,P3,62.59,75.0,>,%
60002,E2E Full Test Corporation 1769042473 - Cloud Ops,2024-01-01,P3-KPI4,Training Completion,P3,86.06,90.0,>,%
60002,E2E Full Test Corporation 1769042473 - Cloud Ops,2024-01-31,P3-KPI4,Training Completion,P3,83.15,90.0,>,%
60002,E2E Full Test Corporation 1769042473 - Cloud Ops,2024-03-01,P3-KPI4,Training Completion,P3,88.99,90.0,>,%
60002,E2E Full Test Corporation 1769042473 - Cloud Ops,2024-03-31,P3-KPI4,Training Completion,P3,77.44,90.0,>,%
60002,E2E Full Test Corporation 1769042473 - Cloud Ops,2024-04-30,P3-KPI4,Training Completion,P3,82.46,90.0,>,%
60002,E2E Full Test Corporation 1769042473 - Cloud Ops,2024-05-30,P3-KPI4,Training Completion,P3,80.74,90.0,>,%
60002,E2E Full Test Corporation 1769042473 - Cloud Ops,2024-06-29,P3-KPI4,Training Completion,P3,83.82,90.0,>,%
60002,E2E Full Test Corporation 1769042473 - Cloud Ops,2024-07-29,P3-KPI4,Training Completion,P3,78.9,90.0,>,%
60002,E2E Full Test Corporation 1769042473 - Cloud Ops,2024-08-28,P3-KPI4,Training Completion,P3,77.33,90.0,>,%
60002,E2E Full Test Corporation 1769042473 - Cloud Ops,2024-09-27,P3-KPI4,Training Completion,P3,75.29,90.0,>,%
60002,E2E Full Test Corporation 1769042473 - Cloud Ops,2024-10-27,P3-KPI4,Training Completion,P3,76.93,90.0,>,%
60002,E2E Full Test Corporation 1769042473 - Cloud Ops,2024-11-26,P3-KPI4,Training Completion,P3,78.13,90.0,>,%
60002,E2E Full Test Corporation 1769042473 - Cloud Ops,2024-01-01,P3-KPI5,User Adoption Rate,P3,78.56,80.0,>,%
60002,E2E Full Test Corporation 1769042473 - Cloud Ops,2024-01-31,P3-KPI5,User Adoption Rate,P3,75.74,80.0,>,%
60002,E2E Full Test Corporation 1769042473 - Cloud Ops,2024-03-01,P3-KPI5,User Adoption Rate,P3,71.79,80.0,>,%
60002,E2E Full Test Corporation 1769042473 - Cloud Ops,2024-03-31,P3-KPI5,User Adoption Rate,P3,69.68,80.0,>,%
60002,E2E Full Test Corporation 1769042473 - Cloud Ops,2024-04-30,P3-KPI5,User Adoption Rate,P3,74.28,80.0,>,%
60002,E2E Full Test Corporation 1769042473 - Cloud Ops,2024-05-30,P3-KPI5,User Adoption Rate,P3,68.91,80.0,>,%
60002,E2E Full Test Corporation 1769042473 - Cloud Ops,2024-06-29,P3-KPI5,User Adoption Rate,P3,71.68,80.0,>,%
60002,E2E Full Test Corporation 1769042473 - Cloud Ops,2024-07-29,P3-KPI5,User Adoption Rate,P3,73.75,80.0,>,%
60002,E2E Full Test Corporation 1769042473 - Cloud Ops,2024-08-28,P3-KPI5,User Adoption Rate,P3,68.91,80.0,>,%
60002,E2E Full Test Corporation 1769042473 - Cloud Ops,2024-09-27,P3-KPI5,User Adoption Rate,P3,68.81,80.0,>,%
60002,E2E Full Test Corporation 1769042473 - Cloud Ops,2024-10-27,P3-KPI5,User Adoption Rate,P3,65.85,80.0,>,%
60002,E2E Full Test Corporation 1769042473 - Cloud Ops,2024-11-26,P3-KPI5,User Adoption Rate,P3,66.45,80.0,>,%
60002,E2E Full Test Corporation 1769042473 - Cloud Ops,2024-01-01,P3-KPI6,Executive Engagement,P3,3.78,4.0,>,meetings/quarter
60002,E2E Full Test Corporation 1769042473 - Cloud Ops,2024-01-31,P3-KPI6,Executive Engagement,P3,3.73,4.0,>,meetings/quarter
60002,E2E Full Test Corporation 1769042473 - Cloud Ops,2024-03-01,P3-KPI6,Executive Engagement,P3,3.76,4.0,>,meetings/quarter
60002,E2E Full Test Corporation 1769042473 - Cloud Ops,2024-03-31,P3-KPI6,Executive Engagement,P3,3.44,4.0,>,meetings/quarter
60002,E2E Full Test Corporation 1769042473 - Cloud Ops,2024-04-30,P3-KPI6,Executive Engagement,P3,3.42,4.0,>,meetings/quarter
60002,E2E Full Test Corporation 1769042473 - Cloud Ops,2024-05-30,P3-KPI6,Executive Engagement,P3,3.36,4.0,>,meetings/quarter
60002,E2E Full Test Corporation 1769042473 - Cloud Ops,2024-06-29,P3-KPI6,Executive Engagement,P3,3.45,4.0,>,meetings/quarter
60002,E2E Full Test Corporation 1769042473 - Cloud Ops,2024-07-29,P3-KPI6,Executive Engagement,P3,3.52,4.0,>,meetings/quarter
60002,E2E Full Test Corporation 1769042473 - Cloud Ops,2024-08-28,P3-KPI6,Executive Engagement,P3,3.3,4.0,>,meetings/quarter
60002,E2E Full Test Corporation 1769042473 - Cloud Ops,2024-09-27,P3-KPI6,Executive Engagement,P3,3.17,4.0,>,meetings/quarter
60002,E2E Full Test Corporation 1769042473 - Cloud Ops,2024-10-27,P3-KPI6,Executive Engagement,P3,3.22,4.0,>,meetings/quarter
60002,E2E Full Test Corporation 1769042473 - Cloud Ops,2024-11-26,P3-KPI6,Executive Engagement,P3,3.01,4.0,>,meetings/quarter
60002,E2E Full Test Corporation 1769042473 - Cloud Ops,2024-01-01,P3-KPI7,Response Time SLA,P3,44.11,30.0,<,minutes
60002,E2E Full Test Corporation 1769042473 - Cloud Ops,2024-01-31,P3-KPI7,Response Time SLA,P3,44.73,30.0,<,minutes
60002,E2E Full Test Corporation 1769042473 - Cloud Ops,2024-03-01,P3-KPI7,Response Time SLA,P3,43.26,30.0,<,minutes
60002,E2E Full Test Corporation 1769042473 - Cloud Ops,2024-03-31,P3-KPI7,Response Time SLA,P3,56.11,30.0,<,minutes
60002,E2E Full Test Corporation 1769042473 - Cloud Ops,2024-04-30,P3-KPI7,Response Time SLA,P3,57.22,30.0,<,minutes
60002,E2E Full Test Corporation 1769042473 - Cloud Ops,2024-05-30,P3-KPI7,Response Time SLA,P3,57.95,30.0,<,minutes
60002,E2E Full Test Corporation 1769042473 - Cloud Ops,2024-06-29,P3-KPI7,Response Time SLA,P3,55.58,30.0,<,minutes
60002,E2E Full Test Corporation 1769042473 - Cloud Ops,2024-07-29,P3-KPI7,Response Time SLA,P3,55.64,30.0,<,minutes
60002,E2E Full Test Corporation 1769042473 - Cloud Ops,2024-08-28,P3-KPI7,Response Time SLA,P3,59.61,30.0,<,minutes
60002,E2E Full Test Corporation 1769042473 - Cloud Ops,2024-09-27,P3-KPI7,Response Time SLA,P3,67.18,30.0,<,minutes
60002,E2E Full Test Corporation 1769042473 - Cloud Ops,2024-10-27,P3-KPI7,Response Time SLA,P3,69.82,30.0,<,minutes
60002,E2E Full Test Corporation 1769042473 - Cloud Ops,2024-11-26,P3-KPI7,Response Time SLA,P3,68.83,30.0,<,minutes
60002,E2E Full Test Corporation 1769042473 - Cloud Ops,2024-01-01,P4-KPI1,ROI Achievement,P4,145.15,150.0,>,%
60002,E2E Full Test Corporation 1769042473 - Cloud Ops,2024-01-31,P4-KPI1,ROI Achievement,P4,144.62,150.0,>,%
60002,E2E Full Test Corporation 1769042473 - Cloud Ops,2024-03-01,P4-KPI1,ROI Achievement,P4,141.03,150.0,>,%
60002,E2E Full Test Corporation 1769042473 - Cloud Ops,2024-03-31,P4-KPI1,ROI Achievement,P4,129.58,150.0,>,%
60002,E2E Full Test Corporation 1769042473 - Cloud Ops,2024-04-30,P4-KPI1,ROI Achievement,P4,129.45,150.0,>,%
60002,E2E Full Test Corporation 1769042473 - Cloud Ops,2024-05-30,P4-KPI1,ROI Achievement,P4,130.44,150.0,>,%
60002,E2E Full Test Corporation 1769042473 - Cloud Ops,2024-06-29,P4-KPI1,ROI Achievement,P4,138.84,150.0,>,%
60002,E2E Full Test Corporation 1769042473 - Cloud Ops,2024-07-29,P4-KPI1,ROI Achievement,P4,141.27,150.0,>,%
60002,E2E Full Test Corporation 1769042473 - Cloud Ops,2024-08-28,P4-KPI1,ROI Achievement,P4,130.63,150.0,>,%
60002,E2E Full Test Corporation 1769042473 - Cloud Ops,2024-09-27,P4-KPI1,ROI Achievement,P4,122.16,150.0,>,%
60002,E2E Full Test Corporation 1769042473 - Cloud Ops,2024-10-27,P4-KPI1,ROI Achievement,P4,130.93,150.0,>,%
60002,E2E Full Test Corporation 1769042473 - Cloud Ops,2024-11-26,P4-KPI1,ROI Achievement,P4,126.59,150.0,>,%
60002,E2E Full Test Corporation 1769042473 - Cloud Ops,2024-01-01,P4-KPI2,Cost Reduction,P4,16.45,20.0,>,%
60002,E2E Full Test Corporation 1769042473 - Cloud Ops,2024-01-31,P4-KPI2,Cost Reduction,P4,16.37,20.0,>,%
60002,E2E Full Test Corporation 1769042473 - Cloud Ops,2024-03-01,P4-KPI2,Cost Reduction,P4,17.02,20.0,>,%
60002,E2E Full Test Corporation 1769042473 - Cloud Ops,2024-03-31,P4-KPI2,Cost Reduction,P4,14.16,20.0,>,%
60002,E2E Full Test Corporation 1769042473 - Cloud Ops,2024-04-30,P4-KPI2,Cost Reduction,P4,14.68,20.0,>,%
60002,E2E Full Test Corporation 1769042473 - Cloud Ops,2024-05-30,P4-KPI2,Cost Reduction,P4,13.68,20.0,>,%
60002,E2E Full Test Corporation 1769042473 - Cloud Ops,2024-06-29,P4-KPI2,Cost Reduction,P4,14.58,20.0,>,%
60002,E2E Full Test Corporation 1769042473 - Cloud Ops,2024-07-29,P4-KPI2,Cost Reduction,P4,13.51,20.0,>,%
60002,E2E Full Test Corporation 1769042473 - Cloud Ops,2024-08-28,P4-KPI2,Cost Reduction,P4,13.33,20.0,>,%
60002,E2E Full Test Corporation 1769042473 - Cloud Ops,2024-09-27,P4-KPI2,Cost Reduction,P4,10.95,20.0,>,%
60002,E2E Full Test Corporation 1769042473 - Cloud Ops,2024-10-27,P4-KPI2,Cost Reduction,P4,10.55,20.0,>,%
60002,E2E Full Test Corporation 1769042473 - Cloud Ops,2024-11-26,P4-KPI2,Cost Reduction,P4,10.92,20.0,>,%
60002,E2E Full Test Corporation 1769042473 - Cloud Ops,2024-01-01,P4-KPI3,Time to Value,P4,104.31,90.0,<,days
60002,E2E Full Test Corporation 1769042473 - Cloud Ops,2024-01-31,P4-KPI3,Time to Value,P4,101.9,90.0,<,days
60002,E2E Full Test Corporation 1769042473 - Cloud Ops,2024-03-01,P4-KPI3,Time to Value,P4,103.35,90.0,<,days
60002,E2E Full Test Corporation 1769042473 - Cloud Ops,2024-03-31,P4-KPI3,Time to Value,P4,120.67,90.0,<,days
60002,E2E Full Test Corporation 1769042473 - Cloud Ops,2024-04-30,P4-KPI3,Time to Value,P4,113.32,90.0,<,days
60002,E2E Full Test Corporation 1769042473 - Cloud Ops,2024-05-30,P4-KPI3,Time to Value,P4,115.15,90.0,<,days
60002,E2E Full Test Corporation 1769042473 - Cloud Ops,2024-06-29,P4-KPI3,Time to Value,P4,118.65,90.0,<,days
60002,E2E Full Test Corporation 1769042473 - Cloud Ops,2024-07-29,P4-KPI3,Time to Value,P4,111.7,90.0,<,days
60002,E2E Full Test Corporation 1769042473 - Cloud Ops,2024-08-28,P4-KPI3,Time to Value,P4,121.92,90.0,<,days
60002,E2E Full Test Corporation 1769042473 - Cloud Ops,2024-09-27,P4-KPI3,Time to Value,P4,125.06,90.0,<,days
60002,E2E Full Test Corporation 1769042473 - Cloud Ops,2024-10-27,P4-KPI3,Time to Value,P4,124.94,90.0,<,days
60002,E2E Full Test Corporation 1769042473 - Cloud Ops,2024-11-26,P4-KPI3,Time to Value,P4,134.45,90.0,<,days
60002,E2E Full Test Corporation 1769042473 - Cloud Ops,2024-01-01,P4-KPI4,Revenue Enablement,P4,4.53,5.0,>,$M
60002,E2E Full Test Corporation 1769042473 - Cloud Ops,2024-01-31,P4-KPI4,Revenue Enablement,P4,4.56,5.0,>,$M
60002,E2E Full Test Corporation 1769042473 - Cloud Ops,2024-03-01,P4-KPI4,Revenue Enablement,P4,4.61,5.0,>,$M
60002,E2E Full Test Corporation 1769042473 - Cloud Ops,2024-03-31,P4-KPI4,Revenue Enablement,P4,3.98,5.0,>,$M
60002,E2E Full Test Corporation 1769042473 - Cloud Ops,2024-04-30,P4-KPI4,Revenue Enablement,P4,3.83,5.0,>,$M
60002,E2E Full Test Corporation 1769042473 - Cloud Ops,2024-05-30,P4-KPI4,Revenue Enablement,P4,3.88,5.0,>,$M
60002,E2E Full Test Corporation 1769042473 - Cloud Ops,2024-06-29,P4-KPI4,Revenue Enablement,P4,3.64,5.0,>,$M
60002,E2E Full Test Corporation 1769042473 - Cloud Ops,2024-07-29,P4-KPI4,Revenue Enablement,P4,3.82,5.0,>,$M
60002,E2E Full Test Corporation 1769042473 - Cloud Ops,2024-08-28,P4-KPI4,Revenue Enablement,P4,3.73,5.0,>,$M
60002,E2E Full Test Corporation 1769042473 - Cloud Ops,2024-09-27,P4-KPI4,Revenue Enablement,P4,3.2,5.0,>,$M
60002,E2E Full Test Corporation 1769042473 - Cloud Ops,2024-10-27,P4-KPI4,Revenue Enablement,P4,3.18,5.0,>,$M
60002,E2E Full Test Corporation 1769042473 - Cloud Ops,2024-11-26,P4-KPI4,Revenue Enablement,P4,3.08,5.0,>,$M
60002,E2E Full Test Corporation 1769042473 - Cloud Ops,2024-01-01,P4-KPI5,Operational Efficiency,P4,79.84,85.0,>,%
60002,E2E Full Test Corporation 1769042473 - Cloud Ops,2024-01-31,P4-KPI5,Operational Efficiency,P4,79.33,85.0,>,%
60002,E2E Full Test Corporation 1769042473 - Cloud Ops,2024-03-01,P4-KPI5,Operational Efficiency,P4,79.84,85.0,>,%
60002,E2E Full Test Corporation 1769042473 - Cloud Ops,2024-03-31,P4-KPI5,Operational Efficiency,P4,76.93,85.0,>,%
60002,E2E Full Test Corporation 1769042473 - Cloud Ops,2024-04-30,P4-KPI5,Operational Efficiency,P4,74.78,85.0,>,%
60002,E2E Full Test Corporation 1769042473 - Cloud Ops,2024-05-30,P4-KPI5,Operational Efficiency,P4,78.88,85.0,>,%
60002,E2E Full Test Corporation 1769042473 - Cloud Ops,2024-06-29,P4-KPI5,Operational Efficiency,P4,74.63,85.0,>,%
60002,E2E Full Test Corporation 1769042473 - Cloud Ops,2024-07-29,P4-KPI5,Operational Efficiency,P4,81.0,85.0,>,%
60002,E2E Full Test Corporation 1769042473 - Cloud Ops,2024-08-28,P4-KPI5,Operational Efficiency,P4,73.93,85.0,>,%
60002,E2E Full Test Corporation 1769042473 - Cloud Ops,2024-09-27,P4-KPI5,Operational Efficiency,P4,75.94,85.0,>,%
60002,E2E Full Test Corporation 1769042473 - Cloud Ops,2024-10-27,P4-KPI5,Operational Efficiency,P4,76.67,85.0,>,%
60002,E2E Full Test Corporation 1769042473 - Cloud Ops,2024-11-26,P4-KPI5,Operational Efficiency,P4,74.96,85.0,>,%
60002,E2E Full Test Corporation 1769042473 - Cloud Ops,2024-01-01,P4-KPI6,Innovation Projects,P4,2.6,3.0,>,count
60002,E2E Full Test Corporation 1769042473 - Cloud Ops,2024-01-31,P4-KPI6,Innovation Projects,P4,2.78,3.0,>,count
60002,E2E Full Test Corporation 1769042473 - Cloud Ops,2024-03-01,P4-KPI6,Innovation Projects,P4,2.65,3.0,>,count
60002,E2E Full Test Corporation 1769042473 - Cloud Ops,2024-03-31,P4-KPI6,Innovation Projects,P4,2.37,3.0,>,count
60002,E2E Full Test Corporation 1769042473 - Cloud Ops,2024-04-30,P4-KPI6,Innovation Projects,P4,2.44,3.0,>,count
60002,E2E Full Test Corporation 1769042473 - Cloud Ops,2024-05-30,P4-KPI6,Innovation Projects,P4,2.5,3.0,>,count
60002,E2E Full Test Corporation 1769042473 - Cloud Ops,2024-06-29,P4-KPI6,Innovation Projects,P4,2.45,3.0,>,count
60002,E2E Full Test Corporation 1769042473 - Cloud Ops,2024-07-29,P4-KPI6,Innovation Projects,P4,2.38,3.0,>,count
60002,E2E Full Test Corporation 1769042473 - Cloud Ops,2024-08-28,P4-KPI6,Innovation Projects,P4,2.29,3.0,>,count
60002,E2E Full Test Corporation 1769042473 - Cloud Ops,2024-09-27,P4-KPI6,Innovation Projects,P4,2.16,3.0,>,count
60002,E2E Full Test Corporation 1769042473 - Cloud Ops,2024-10-27,P4-KPI6,Innovation Projects,P4,2.13,3.0,>,count
60002,E2E Full Test Corporation 1769042473 - Cloud Ops,2024-11-26,P4-KPI6,Innovation Projects,P4,2.05,3.0,>,count
60002,E2E Full Test Corporation 1769042473 - Cloud Ops,2024-01-01,P4-KPI7,Business Case Validation,P4,86.6,90.0,>,%
60002,E2E Full Test Corporation 1769042473 - Cloud Ops,2024-01-31,P4-KPI7,Business Case Validation,P4,87.14,90.0,>,%
60002,E2E Full Test Corporation 1769042473 - Cloud Ops,2024-03-01,P4-KPI7,Business Case Validation,P4,87.88,90.0,>,%
60002,E2E Full Test Corporation 1769042473 - Cloud Ops,2024-03-31,P4-KPI7,Business Case Validation,P4,86.3,90.0,>,%
60002,E2E Full Test Corporation 1769042473 - Cloud Ops,2024-04-30,P4-KPI7,Business Case Validation,P4,84.01,90.0,>,%
60002,E2E Full Test Corporation 1769042473 - Cloud Ops,2024-05-30,P4-KPI7,Business Case Validation,P4,81.87,90.0,>,%
60002,E2E Full Test Corporation 1769042473 - Cloud Ops,2024-06-29,P4-KPI7,Business Case Validation,P4,81.64,90.0,>,%
60002,E2E Full Test Corporation 1769042473 - Cloud Ops,2024-07-29,P4-KPI7,Business Case Validation,P4,83.38,90.0,>,%
60002,E2E Full Test Corporation 1769042473 - Cloud Ops,2024-08-28,P4-KPI7,Business Case Validation,P4,84.14,90.0,>,%
60002,E2E Full Test Corporation 1769042473 - Cloud Ops,2024-09-27,P4-KPI7,Business Case Validation,P4,80.59,90.0,>,%
60002,E2E Full Test Corporation 1769042473 - Cloud Ops,2024-10-27,P4-KPI7,Business Case Validation,P4,77.18,90.0,>,%
60002,E2E Full Test Corporation 1769042473 - Cloud Ops,2024-11-26,P4-KPI7,Business Case Validation,P4,84.95,90.0,>,%
60002,E2E Full Test Corporation 1769042473 - Cloud Ops,2024-01-01,P5-KPI1,Executive Sponsorship,P5,4.38,4.5,>,score
60002,E2E Full Test Corporation 1769042473 - Cloud Ops,2024-01-31,P5-KPI1,Executive Sponsorship,P5,4.23,4.5,>,score
60002,E2E Full Test Corporation 1769042473 - Cloud Ops,2024-03-01,P5-KPI1,Executive Sponsorship,P5,4.21,4.5,>,score
60002,E2E Full Test Corporation 1769042473 - Cloud Ops,2024-03-31,P5-KPI1,Executive Sponsorship,P5,3.86,4.5,>,score
60002,E2E Full Test Corporation 1769042473 - Cloud Ops,2024-04-30,P5-KPI1,Executive Sponsorship,P5,4.02,4.5,>,score
60002,E2E Full Test Corporation 1769042473 - Cloud Ops,2024-05-30,P5-KPI1,Executive Sponsorship,P5,4.01,4.5,>,score
60002,E2E Full Test Corporation 1769042473 - Cloud Ops,2024-06-29,P5-KPI1,Executive Sponsorship,P5,3.87,4.5,>,score
60002,E2E Full Test Corporation 1769042473 - Cloud Ops,2024-07-29,P5-KPI1,Executive Sponsorship,P5,4.21,4.5,>,score
60002,E2E Full Test Corporation 1769042473 - Cloud Ops,2024-08-28,P5-KPI1,Executive Sponsorship,P5,3.86,4.5,>,score
60002,E2E Full Test Corporation 1769042473 - Cloud Ops,2024-09-27,P5-KPI1,Executive Sponsorship,P5,3.75,4.5,>,score
60002,E2E Full Test Corporation 1769042473 - Cloud Ops,2024-10-27,P5-KPI1,Executive Sponsorship,P5,3.84,4.5,>,score
60002,E2E Full Test Corporation 1769042473 - Cloud Ops,2024-11-26,P5-KPI1,Executive Sponsorship,P5,3.89,4.5,>,score
60002,E2E Full Test Corporation 1769042473 - Cloud Ops,2024-01-01,P5-KPI2,Renewal Likelihood,P5,90.69,95.0,>,%
60002,E2E Full Test Corporation 1769042473 - Cloud Ops,2024-01-31,P5-KPI2,Renewal Likelihood,P5,89.19,95.0,>,%
60002,E2E Full Test Corporation 1769042473 - Cloud Ops,2024-03-01,P5-KPI2,Renewal Likelihood,P5,92.49,95.0,>,%
60002,E2E Full Test Corporation 1769042473 - Cloud Ops,2024-03-31,P5-KPI2,Renewal Likelihood,P5,83.97,95.0,>,%
60002,E2E Full Test Corporation 1769042473 - Cloud Ops,2024-04-30,P5-KPI2,Renewal Likelihood,P5,86.94,95.0,>,%
60002,E2E Full Test Corporation 1769042473 - Cloud Ops,2024-05-30,P5-KPI2,Renewal Likelihood,P5,84.27,95.0,>,%
60002,E2E Full Test Corporation 1769042473 - Cloud Ops,2024-06-29,P5-KPI2,Renewal Likelihood,P5,85.03,95.0,>,%
60002,E2E Full Test Corporation 1769042473 - Cloud Ops,2024-07-29,P5-KPI2,Renewal Likelihood,P5,89.24,95.0,>,%
60002,E2E Full Test Corporation 1769042473 - Cloud Ops,2024-08-28,P5-KPI2,Renewal Likelihood,P5,85.04,95.0,>,%
60002,E2E Full Test Corporation 1769042473 - Cloud Ops,2024-09-27,P5-KPI2,Renewal Likelihood,P5,83.37,95.0,>,%
60002,E2E Full Test Corporation 1769042473 - Cloud Ops,2024-10-27,P5-KPI2,Renewal Likelihood,P5,86.01,95.0,>,%
60002,E2E Full Test Corporation 1769042473 - Cloud Ops,2024-11-26,P5-KPI2,Renewal Likelihood,P5,82.18,95.0,>,%
60002,E2E Full Test Corporation 1769042473 - Cloud Ops,2024-01-01,P5-KPI3,Expansion Pipeline,P5,1.84,2.0,>,$M
60002,E2E Full Test Corporation 1769042473 - Cloud Ops,2024-01-31,P5-KPI3,Expansion Pipeline,P5,1.82,2.0,>,$M
60002,E2E Full Test Corporation 1769042473 - Cloud Ops,2024-03-01,P5-KPI3,Expansion Pipeline,P5,1.77,2.0,>,$M
60002,E2E Full Test Corporation 1769042473 - Cloud Ops,2024-03-31,P5-KPI3,Expansion Pipeline,P5,1.52,2.0,>,$M
60002,E2E Full Test Corporation 1769042473 - Cloud Ops,2024-04-30,P5-KPI3,Expansion Pipeline,P5,1.55,2.0,>,$M
60002,E2E Full Test Corporation 1769042473 - Cloud Ops,2024-05-30,P5-KPI3,Expansion Pipeline,P5,1.56,2.0,>,$M
60002,E2E Full Test Corporation 1769042473 - Cloud Ops,2024-06-29,P5-KPI3,Expansion Pipeline,P5,1.6,2.0,>,$M
60002,E2E Full Test Corporation 1769042473 - Cloud Ops,2024-07-29,P5-KPI3,Expansion Pipeline,P5,1.53,2.0,>,$M
60002,E2E Full Test Corporation 1769042473 - Cloud Ops,2024-08-28,P5-KPI3,Expansion Pipeline,P5,1.5,2.0,>,$M
60002,E2E Full Test Corporation 1769042473 - Cloud Ops,2024-09-27,P5-KPI3,Expansion Pipeline,P5,1.27,2.0,>,$M
60002,E2E Full Test Corporation 1769042473 - Cloud Ops,2024-10-27,P5-KPI3,Expansion Pipeline,P5,1.36,2.0,>,$M
60002,E2E Full Test Corporation 1769042473 - Cloud Ops,2024-11-26,P5-KPI3,Expansion Pipeline,P5,1.39,2.0,>,$M
60002,E2E Full Test Corporation 1769042473 - Cloud Ops,2024-01-01,P5-KPI4,Reference Willingness,P5,3.69,4.0,>,score
60002,E2E Full Test Corporation 1769042473 - Cloud Ops,2024-01-31,P5-KPI4,Reference Willingness,P5,3.72,4.0,>,score
60002,E2E Full Test Corporation 1769042473 - Cloud Ops,2024-03-01,P5-KPI4,Reference Willingness,P5,3.54,4.0,>,score
60002,E2E Full Test Corporation 1769042473 - Cloud Ops,2024-03-31,P5-KPI4,Reference Willingness,P5,3.27,4.0,>,score
60002,E2E Full Test Corporation 1769042473 - Cloud Ops,2024-04-30,P5-KPI4,Reference Willingness,P5,3.53,4.0,>,score
60002,E2E Full Test Corporation 1769042473 - Cloud Ops,2024-05-30,P5-KPI4,Reference Willingness,P5,3.24,4.0,>,score
60002,E2E Full Test Corporation 1769042473 - Cloud Ops,2024-06-29,P5-KPI4,Reference Willingness,P5,3.39,4.0,>,score
60002,E2E Full Test Corporation 1769042473 - Cloud Ops,2024-07-29,P5-KPI4,Reference Willingness,P5,3.4,4.0,>,score
60002,E2E Full Test Corporation 1769042473 - Cloud Ops,2024-08-28,P5-KPI4,Reference Willingness,P5,3.43,4.0,>,score
60002,E2E Full Test Corporation 1769042473 - Cloud Ops,2024-09-27,P5-KPI4,Reference Willingness,P5,2.95,4.0,>,score
60002,E2E Full Test Corporation 1769042473 - Cloud Ops,2024-10-27,P5-KPI4,Reference Willingness,P5,3.15,4.0,>,score
60002,E2E Full Test Corporation 1769042473 - Cloud Ops,2024-11-26,P5-KPI4,Reference Willingness,P5,2.99,4.0,>,score
60002,E2E Full Test Corporation 1769042473 - Cloud Ops,2024-01-01,P5-KPI5,Strategic Alignment,P5,81.38,85.0,>,score
60002,E2E Full Test Corporation 1769042473 - Cloud Ops,2024-01-31,P5-KPI5,Strategic Alignment,P5,79.73,85.0,>,score
60002,E2E Full Test Corporation 1769042473 - Cloud Ops,2024-03-01,P5-KPI5,Strategic Alignment,P5,79.22,85.0,>,score
60002,E2E Full Test Corporation 1769042473 - Cloud Ops,2024-03-31,P5-KPI5,Strategic Alignment,P5,77.32,85.0,>,score
60002,E2E Full Test Corporation 1769042473 - Cloud Ops,2024-04-30,P5-KPI5,Strategic Alignment,P5,80.65,85.0,>,score
60002,E2E Full Test Corporation 1769042473 - Cloud Ops,2024-05-30,P5-KPI5,Strategic Alignment,P5,75.55,85.0,>,score
60002,E2E Full Test Corporation 1769042473 - Cloud Ops,2024-06-29,P5-KPI5,Strategic Alignment,P5,80.95,85.0,>,score
60002,E2E Full Test Corporation 1769042473 - Cloud Ops,2024-07-29,P5-KPI5,Strategic Alignment,P5,79.09,85.0,>,score
60002,E2E Full Test Corporation 1769042473 - Cloud Ops,2024-08-28,P5-KPI5,Strategic Alignment,P5,74.33,85.0,>,score
60002,E2E Full Test Corporation 1769042473 - Cloud Ops,2024-09-27,P5-KPI5,Strategic Alignment,P5,77.03,85.0,>,score
60002,E2E Full Test Corporation 1769042473 - Cloud Ops,2024-10-27,P5-KPI5,Strategic Alignment,P5,72.41,85.0,>,score
60002,E2E Full Test Corporation 1769042473 - Cloud Ops,2024-11-26,P5-KPI5,Strategic Alignment,P5,70.61,85.0,>,score
60002,E2E Full Test Corporation 1769042473 - Cloud Ops,2024-01-01,P5-KPI6,Partnership Depth,P5,75.78,80.0,>,score
60002,E2E Full Test Corporation 1769042473 - Cloud Ops,2024-01-31,P5-KPI6,Partnership Depth,P5,79.1,80.0,>,score
60002,E2E Full Test Corporation 1769042473 - Cloud Ops,2024-03-01,P5-KPI6,Partnership Depth,P5,73.41,80.0,>,score
60002,E2E Full Test Corporation 1769042473 - Cloud Ops,2024-03-31,P5-KPI6,Partnership Depth,P5,69.33,80.0,>,score
60002,E2E Full Test Corporation 1769042473 - Cloud Ops,2024-04-30,P5-KPI6,Partnership Depth,P5,72.31,80.0,>,score
60002,E2E Full Test Corporation 1769042473 - Cloud Ops,2024-05-30,P5-KPI6,Partnership Depth,P5,72.93,80.0,>,score
60002,E2E Full Test Corporation 1769042473 - Cloud Ops,2024-06-29,P5-KPI6,Partnership Depth,P5,69.62,80.0,>,score
60002,E2E Full Test Corporation 1769042473 - Cloud Ops,2024-07-29,P5-KPI6,Partnership Depth,P5,69.33,80.0,>,score
60002,E2E Full Test Corporation 1769042473 - Cloud Ops,2024-08-28,P5-KPI6,Partnership Depth,P5,71.95,80.0,>,score
60002,E2E Full Test Corporation 1769042473 - Cloud Ops,2024-09-27,P5-KPI6,Partnership Depth,P5,67.34,80.0,>,score
60002,E2E Full Test Corporation 1769042473 - Cloud Ops,2024-10-27,P5-KPI6,Partnership Depth,P5,69.32,80.0,>,score
60002,E2E Full Test Corporation 1769042473 - Cloud Ops,2024-11-26,P5-KPI6,Partnership Depth,P5,68.79,80.0,>,score
60002,E2E Full Test Corporation 1769042473 - Cloud Ops,2024-01-01,P5-KPI7,NPS Score,P5,66.8,70.0,>,score
60002,E2E Full Test Corporation 1769042473 - Cloud Ops,2024-01-31,P5-KPI7,NPS Score,P5,67.4,70.0,>,score
60002,E2E Full Test Corporation 1769042473 - Cloud Ops,2024-03-01,P5-KPI7,NPS Score,P5,64.35,70.0,>,score
60002,E2E Full Test Corporation 1769042473 - Cloud Ops,2024-03-31,P5-KPI7,NPS Score,P5,63.91,70.0,>,score
60002,E2E Full Test Corporation 1769042473 - Cloud Ops,2024-04-30,P5-KPI7,NPS Score,P5,63.44,70.0,>,score
60002,E2E Full Test Corporation 1769042473 - Cloud Ops,2024-05-30,P5-KPI7,NPS Score,P5,61.42,70.0,>,score
60002,E2E Full Test Corporation 1769042473 - Cloud Ops,2024-06-29,P5-KPI7,NPS Score,P5,61.85,70.0,>,score
60002,E2E Full Test Corporation 1769042473 - Cloud Ops,2024-07-29,P5-KPI7,NPS Score,P5,61.5,70.0,>,score
60002,E2E Full Test Corporation 1769042473 - Cloud Ops,2024-08-28,P5-KPI7,NPS Score,P5,63.66,70.0,>,score
60002,E2E Full Test Corporation 1769042473 - Cloud Ops,2024-09-27,P5-KPI7,NPS Score,P5,53.72,70.0,>,score
60002,E2E Full Test Corporation 1769042473 - Cloud Ops,2024-10-27,P5-KPI7,NPS Score,P5,56.92,70.0,>,score
60002,E2E Full Test Corporation 1769042473 - Cloud Ops,2024-11-26,P5-KPI7,NPS Score,P5,55.2,70.0,>,score
60003,E2E Full Test Corporation 1769042473 - AI Lab,2024-01-01,P1-KPI1,System Uptime,P1,98.0,99.9,>,%
60003,E2E Full Test Corporation 1769042473 - AI Lab,2024-01-31,P1-KPI1,System Uptime,P1,98.0,99.9,>,%
60003,E2E Full Test Corporation 1769042473 - AI Lab,2024-03-01,P1-KPI1,System Uptime,P1,98.0,99.9,>,%
60003,E2E Full Test Corporation 1769042473 - AI Lab,2024-03-31,P1-KPI1,System Uptime,P1,100.0,99.9,>,%
60003,E2E Full Test Corporation 1769042473 - AI Lab,2024-04-30,P1-KPI1,System Uptime,P1,98.0,99.9,>,%
60003,E2E Full Test Corporation 1769042473 - AI Lab,2024-05-30,P1-KPI1,System Uptime,P1,98.0,99.9,>,%
60003,E2E Full Test Corporation 1769042473 - AI Lab,2024-06-29,P1-KPI1,System Uptime,P1,99.11,99.9,>,%
60003,E2E Full Test Corporation 1769042473 - AI Lab,2024-07-29,P1-KPI1,System Uptime,P1,100.0,99.9,>,%
60003,E2E Full Test Corporation 1769042473 - AI Lab,2024-08-28,P1-KPI1,System Uptime,P1,100.0,99.9,>,%
60003,E2E Full Test Corporation 1769042473 - AI Lab,2024-09-27,P1-KPI1,System Uptime,P1,98.72,99.9,>,%
60003,E2E Full Test Corporation 1769042473 - AI Lab,2024-10-27,P1-KPI1,System Uptime,P1,98.22,99.9,>,%
60003,E2E Full Test Corporation 1769042473 - AI Lab,2024-11-26,P1-KPI1,System Uptime,P1,100.0,99.9,>,%
60003,E2E Full Test Corporation 1769042473 - AI Lab,2024-01-01,P1-KPI2,Mean Time to Resolution,P1,2.99,2.0,<,hours
60003,E2E Full Test Corporation 1769042473 - AI Lab,2024-01-31,P1-KPI2,Mean Time to Resolution,P1,2.96,2.0,<,hours
60003,E2E Full Test Corporation 1769042473 - AI Lab,2024-03-01,P1-KPI2,Mean Time to Resolution,P1,2.77,2.0,<,hours
60003,E2E Full Test Corporation 1769042473 - AI Lab,2024-03-31,P1-KPI2,Mean Time to Resolution,P1,2.88,2.0,<,hours
60003,E2E Full Test Corporation 1769042473 - AI Lab,2024-04-30,P1-KPI2,Mean Time to Resolution,P1,2.95,2.0,<,hours
60003,E2E Full Test Corporation 1769042473 - AI Lab,2024-05-30,P1-KPI2,Mean Time to Resolution,P1,2.93,2.0,<,hours
60003,E2E Full Test Corporation 1769042473 - AI Lab,2024-06-29,P1-KPI2,Mean Time to Resolution,P1,2.9,2.0,<,hours
60003,E2E Full Test Corporation 1769042473 - AI Lab,2024-07-29,P1-KPI2,Mean Time to Resolution,P1,2.91,2.0,<,hours
60003,E2E Full Test Corporation 1769042473 - AI Lab,2024-08-28,P1-KPI2,Mean Time to Resolution,P1,2.95,2.0,<,hours
60003,E2E Full Test Corporation 1769042473 - AI Lab,2024-09-27,P1-KPI2,Mean Time to Resolution,P1,2.79,2.0,<,hours
60003,E2E Full Test Corporation 1769042473 - AI Lab,2024-10-27,P1-KPI2,Mean Time to Resolution,P1,2.99,2.0,<,hours
60003,E2E Full Test Corporation 1769042473 - AI Lab,2024-11-26,P1-KPI2,Mean Time to Resolution,P1,2.94,2.0,<,hours
60003,E2E Full Test Corporation 1769042473 - AI Lab,2024-01-01,P1-KPI3,GPU Utilization,P1,79.63,85.0,>,%
60003,E2E Full Test Corporation 1769042473 - AI Lab,2024-01-31,P1-KPI3,GPU Utilization,P1,80.88,85.0,>,%
60003,E2E Full Test Corporation 1769042473 - AI Lab,2024-03-01,P1-KPI3,GPU Utilization,P1,79.58,85.0,>,%
60003,E2E Full Test Corporation 1769042473 - AI Lab,2024-03-31,P1-KPI3,GPU Utilization,P1,84.86,85.0,>,%
60003,E2E Full Test Corporation 1769042473 - AI Lab,2024-04-30,P1-KPI3,GPU Utilization,P1,78.76,85.0,>,%
60003,E2E Full Test Corporation 1769042473 - AI Lab,2024-05-30,P1-KPI3,GPU Utilization,P1,84.76,85.0,>,%
60003,E2E Full Test Corporation 1769042473 - AI Lab,2024-06-29,P1-KPI3,GPU Utilization,P1,79.13,85.0,>,%
60003,E2E Full Test Corporation 1769042473 - AI Lab,2024-07-29,P1-KPI3,GPU Utilization,P1,81.3,85.0,>,%
60003,E2E Full Test Corporation 1769042473 - AI Lab,2024-08-28,P1-KPI3,GPU Utilization,P1,84.66,85.0,>,%
60003,E2E Full Test Corporation 1769042473 - AI Lab,2024-09-27,P1-KPI3,GPU Utilization,P1,79.53,85.0,>,%
60003,E2E Full Test Corporation 1769042473 - AI Lab,2024-10-27,P1-KPI3,GPU Utilization,P1,79.92,85.0,>,%
60003,E2E Full Test Corporation 1769042473 - AI Lab,2024-11-26,P1-KPI3,GPU Utilization,P1,82.92,85.0,>,%
60003,E2E Full Test Corporation 1769042473 - AI Lab,2024-01-01,P1-KPI4,Network Latency,P1,16.13,10.0,<,ms
60003,E2E Full Test Corporation 1769042473 - AI Lab,2024-01-31,P1-KPI4,Network Latency,P1,15.22,10.0,<,ms
60003,E2E Full Test Corporation 1769042473 - AI Lab,2024-03-01,P1-KPI4,Network Latency,P1,16.11,10.0,<,ms
60003,E2E Full Test Corporation 1769042473 - AI Lab,2024-03-31,P1-KPI4,Network Latency,P1,16.7,10.0,<,ms
60003,E2E Full Test Corporation 1769042473 - AI Lab,2024-04-30,P1-KPI4,Network Latency,P1,16.22,10.0,<,ms
60003,E2E Full Test Corporation 1769042473 - AI Lab,2024-05-30,P1-KPI4,Network Latency,P1,16.02,10.0,<,ms
60003,E2E Full Test Corporation 1769042473 - AI Lab,2024-06-29,P1-KPI4,Network Latency,P1,16.26,10.0,<,ms
60003,E2E Full Test Corporation 1769042473 - AI Lab,2024-07-29,P1-KPI4,Network Latency,P1,16.17,10.0,<,ms
60003,E2E Full Test Corporation 1769042473 - AI Lab,2024-08-28,P1-KPI4,Network Latency,P1,16.49,10.0,<,ms
60003,E2E Full Test Corporation 1769042473 - AI Lab,2024-09-27,P1-KPI4,Network Latency,P1,15.85,10.0,<,ms
60003,E2E Full Test Corporation 1769042473 - AI Lab,2024-10-27,P1-KPI4,Network Latency,P1,15.61,10.0,<,ms
60003,E2E Full Test Corporation 1769042473 - AI Lab,2024-11-26,P1-KPI4,Network Latency,P1,15.79,10.0,<,ms
60003,E2E Full Test Corporation 1769042473 - AI Lab,2024-01-01,P1-KPI5,Storage Performance,P1,90232.28,100000.0,>,IOPS
60003,E2E Full Test Corporation 1769042473 - AI Lab,2024-01-31,P1-KPI5,Storage Performance,P1,89458.15,100000.0,>,IOPS
60003,E2E Full Test Corporation 1769042473 - AI Lab,2024-03-01,P1-KPI5,Storage Performance,P1,92091.43,100000.0,>,IOPS
60003,E2E Full Test Corporation 1769042473 - AI Lab,2024-03-31,P1-KPI5,Storage Performance,P1,88183.52,100000.0,>,IOPS
60003,E2E Full Test Corporation 1769042473 - AI Lab,2024-04-30,P1-KPI5,Storage Performance,P1,92519.94,100000.0,>,IOPS
60003,E2E Full Test Corporation 1769042473 - AI Lab,2024-05-30,P1-KPI5,Storage Performance,P1,95293.42,100000.0,>,IOPS
60003,E2E Full Test Corporation 1769042473 - AI Lab,2024-06-29,P1-KPI5,Storage Performance,P1,90730.44,100000.0,>,IOPS
60003,E2E Full Test Corporation 1769042473 - AI Lab,2024-07-29,P1-KPI5,Storage Performance,P1,93256.18,100000.0,>,IOPS
60003,E2E Full Test Corporation 1769042473 - AI Lab,2024-08-28,P1-KPI5,Storage Performance,P1,90282.1,100000.0,>,IOPS
60003,E2E Full Test Corporation 1769042473 - AI Lab,2024-09-27,P1-KPI5,Storage Performance,P1,94972.89,100000.0,>,IOPS
60003,E2E Full Test Corporation 1769042473 - AI Lab,2024-10-27,P1-KPI5,Storage Performance,P1,92927.46,100000.0,>,IOPS
60003,E2E Full Test Corporation 1769042473 - AI Lab,2024-11-26,P1-KPI5,Storage Performance,P1,91045.22,100000.0,>,IOPS
60003,E2E Full Test Corporation 1769042473 - AI Lab,2024-01-01,P1-KPI6,Cooling Efficiency,P1,1.33,1.3,<,PUE
60003,E2E Full Test Corporation 1769042473 - AI Lab,2024-01-31,P1-KPI6,Cooling Efficiency,P1,1.31,1.3,<,PUE
60003,E2E Full Test Corporation 1769042473 - AI Lab,2024-03-01,P1-KPI6,Cooling Efficiency,P1,1.35,1.3,<,PUE
60003,E2E Full Test Corporation 1769042473 - AI Lab,2024-03-31,P1-KPI6,Cooling Efficiency,P1,1.33,1.3,<,PUE
60003,E2E Full Test Corporation 1769042473 - AI Lab,2024-04-30,P1-KPI6,Cooling Efficiency,P1,1.33,1.3,<,PUE
60003,E2E Full Test Corporation 1769042473 - AI Lab,2024-05-30,P1-KPI6,Cooling Efficiency,P1,1.4,1.3,<,PUE
60003,E2E Full Test Corporation 1769042473 - AI Lab,2024-06-29,P1-KPI6,Cooling Efficiency,P1,1.32,1.3,<,PUE
60003,E2E Full Test Corporation 1769042473 - AI Lab,2024-07-29,P1-KPI6,Cooling Efficiency,P1,1.34,1.3,<,PUE
60003,E2E Full Test Corporation 1769042473 - AI Lab,2024-08-28,P1-KPI6,Cooling Efficiency,P1,1.37,1.3,<,PUE
60003,E2E Full Test Corporation 1769042473 - AI Lab,2024-09-27,P1-KPI6,Cooling Efficiency,P1,1.4,1.3,<,PUE
60003,E2E Full Test Corporation 1769042473 - AI Lab,2024-10-27,P1-KPI6,Cooling Efficiency,P1,1.42,1.3,<,PUE
60003,E2E Full Test Corporation 1769042473 - AI Lab,2024-11-26,P1-KPI6,Cooling Efficiency,P1,1.4,1.3,<,PUE
60003,E2E Full Test Corporation 1769042473 - AI Lab,2024-01-01,P1-KPI7,Power Usage,P1,570.15,500.0,<,kW
60003,E2E Full Test Corporation 1769042473 - AI Lab,2024-01-31,P1-KPI7,Power Usage,P1,567.51,500.0,<,kW
60003,E2E Full Test Corporation 1769042473 - AI Lab,2024-03-01,P1-KPI7,Power Usage,P1,563.43,500.0,<,kW
60003,E2E Full Test Corporation 1769042473 - AI Lab,2024-03-31,P1-KPI7,Power Usage,P1,570.87,500.0,<,kW
60003,E2E Full Test Corporation 1769042473 - AI Lab,2024-04-30,P1-KPI7,Power Usage,P1,524.28,500.0,<,kW
60003,E2E Full Test Corporation 1769042473 - AI Lab,2024-05-30,P1-KPI7,Power Usage,P1,563.33,500.0,<,kW
60003,E2E Full Test Corporation 1769042473 - AI Lab,2024-06-29,P1-KPI7,Power Usage,P1,548.15,500.0,<,kW
60003,E2E Full Test Corporation 1769042473 - AI Lab,2024-07-29,P1-KPI7,Power Usage,P1,565.87,500.0,<,kW
60003,E2E Full Test Corporation 1769042473 - AI Lab,2024-08-28,P1-KPI7,Power Usage,P1,543.55,500.0,<,kW
60003,E2E Full Test Corporation 1769042473 - AI Lab,2024-09-27,P1-KPI7,Power Usage,P1,544.96,500.0,<,kW
60003,E2E Full Test Corporation 1769042473 - AI Lab,2024-10-27,P1-KPI7,Power Usage,P1,520.99,500.0,<,kW
60003,E2E Full Test Corporation 1769042473 - AI Lab,2024-11-26,P1-KPI7,Power Usage,P1,544.14,500.0,<,kW
60003,E2E Full Test Corporation 1769042473 - AI Lab,2024-01-01,P1-KPI8,Thermal Management,P1,27.32,25.0,<,°C
60003,E2E Full Test Corporation 1769042473 - AI Lab,2024-01-31,P1-KPI8,Thermal Management,P1,26.32,25.0,<,°C
60003,E2E Full Test Corporation 1769042473 - AI Lab,2024-03-01,P1-KPI8,Thermal Management,P1,25.44,25.0,<,°C
60003,E2E Full Test Corporation 1769042473 - AI Lab,2024-03-31,P1-KPI8,Thermal Management,P1,27.82,25.0,<,°C
60003,E2E Full Test Corporation 1769042473 - AI Lab,2024-04-30,P1-KPI8,Thermal Management,P1,26.39,25.0,<,°C
60003,E2E Full Test Corporation 1769042473 - AI Lab,2024-05-30,P1-KPI8,Thermal Management,P1,26.67,25.0,<,°C
60003,E2E Full Test Corporation 1769042473 - AI Lab,2024-06-29,P1-KPI8,Thermal Management,P1,27.55,25.0,<,°C
60003,E2E Full Test Corporation 1769042473 - AI Lab,2024-07-29,P1-KPI8,Thermal Management,P1,27.75,25.0,<,°C
60003,E2E Full Test Corporation 1769042473 - AI Lab,2024-08-28,P1-KPI8,Thermal Management,P1,25.4,25.0,<,°C
60003,E2E Full Test Corporation 1769042473 - AI Lab,2024-09-27,P1-KPI8,Thermal Management,P1,25.6,25.0,<,°C
60003,E2E Full Test Corporation 1769042473 - AI Lab,2024-10-27,P1-KPI8,Thermal Management,P1,25.3,25.0,<,°C
60003,E2E Full Test Corporation 1769042473 - AI Lab,2024-11-26,P1-KPI8,Thermal Management,P1,25.51,25.0,<,°C
60003,E2E Full Test Corporation 1769042473 - AI Lab,2024-01-01,P2-KPI1,SLA Compliance,P2,100.0,99.0,>,%
60003,E2E Full Test Corporation 1769042473 - AI Lab,2024-01-31,P2-KPI1,SLA Compliance,P2,95.0,99.0,>,%
60003,E2E Full Test Corporation 1769042473 - AI Lab,2024-03-01,P2-KPI1,SLA Compliance,P2,100.0,99.0,>,%
60003,E2E Full Test Corporation 1769042473 - AI Lab,2024-03-31,P2-KPI1,SLA Compliance,P2,100.0,99.0,>,%
60003,E2E Full Test Corporation 1769042473 - AI Lab,2024-04-30,P2-KPI1,SLA Compliance,P2,100.0,99.0,>,%
60003,E2E Full Test Corporation 1769042473 - AI Lab,2024-05-30,P2-KPI1,SLA Compliance,P2,97.88,99.0,>,%
60003,E2E Full Test Corporation 1769042473 - AI Lab,2024-06-29,P2-KPI1,SLA Compliance,P2,100.0,99.0,>,%
60003,E2E Full Test Corporation 1769042473 - AI Lab,2024-07-29,P2-KPI1,SLA Compliance,P2,95.0,99.0,>,%
60003,E2E Full Test Corporation 1769042473 - AI Lab,2024-08-28,P2-KPI1,SLA Compliance,P2,99.2,99.0,>,%
60003,E2E Full Test Corporation 1769042473 - AI Lab,2024-09-27,P2-KPI1,SLA Compliance,P2,100.0,99.0,>,%
60003,E2E Full Test Corporation 1769042473 - AI Lab,2024-10-27,P2-KPI1,SLA Compliance,P2,96.28,99.0,>,%
60003,E2E Full Test Corporation 1769042473 - AI Lab,2024-11-26,P2-KPI1,SLA Compliance,P2,99.21,99.0,>,%
60003,E2E Full Test Corporation 1769042473 - AI Lab,2024-01-01,P2-KPI2,Incident Response Time,P2,22.74,15.0,<,minutes
60003,E2E Full Test Corporation 1769042473 - AI Lab,2024-01-31,P2-KPI2,Incident Response Time,P2,22.05,15.0,<,minutes
60003,E2E Full Test Corporation 1769042473 - AI Lab,2024-03-01,P2-KPI2,Incident Response Time,P2,21.9,15.0,<,minutes
60003,E2E Full Test Corporation 1769042473 - AI Lab,2024-03-31,P2-KPI2,Incident Response Time,P2,22.73,15.0,<,minutes
60003,E2E Full Test Corporation 1769042473 - AI Lab,2024-04-30,P2-KPI2,Incident Response Time,P2,22.22,15.0,<,minutes
60003,E2E Full Test Corporation 1769042473 - AI Lab,2024-05-30,P2-KPI2,Incident Response Time,P2,22.32,15.0,<,minutes
60003,E2E Full Test Corporation 1769042473 - AI Lab,2024-06-29,P2-KPI2,Incident Response Time,P2,21.86,15.0,<,minutes
60003,E2E Full Test Corporation 1769042473 - AI Lab,2024-07-29,P2-KPI2,Incident Response Time,P2,21.57,15.0,<,minutes
60003,E2E Full Test Corporation 1769042473 - AI Lab,2024-08-28,P2-KPI2,Incident Response Time,P2,22.29,15.0,<,minutes
60003,E2E Full Test Corporation 1769042473 - AI Lab,2024-09-27,P2-KPI2,Incident Response Time,P2,21.81,15.0,<,minutes
60003,E2E Full Test Corporation 1769042473 - AI Lab,2024-10-27,P2-KPI2,Incident Response Time,P2,20.72,15.0,<,minutes
60003,E2E Full Test Corporation 1769042473 - AI Lab,2024-11-26,P2-KPI2,Incident Response Time,P2,22.35,15.0,<,minutes
60003,E2E Full Test Corporation 1769042473 - AI Lab,2024-01-01,P2-KPI3,Change Success Rate,P2,99.82,98.0,>,%
60003,E2E Full Test Corporation 1769042473 - AI Lab,2024-01-31,P2-KPI3,Change Success Rate,P2,92.23,98.0,>,%
60003,E2E Full Test Corporation 1769042473 - AI Lab,2024-03-01,P2-KPI3,Change Success Rate,P2,100.0,98.0,>,%
60003,E2E Full Test Corporation 1769042473 - AI Lab,2024-03-31,P2-KPI3,Change Success Rate,P2,92.68,98.0,>,%
60003,E2E Full Test Corporation 1769042473 - AI Lab,2024-04-30,P2-KPI3,Change Success Rate,P2,100.0,98.0,>,%
60003,E2E Full Test Corporation 1769042473 - AI Lab,2024-05-30,P2-KPI3,Change Success Rate,P2,100.0,98.0,>,%
60003,E2E Full Test Corporation 1769042473 - AI Lab,2024-06-29,P2-KPI3,Change Success Rate,P2,93.09,98.0,>,%
60003,E2E Full Test Corporation 1769042473 - AI Lab,2024-07-29,P2-KPI3,Change Success Rate,P2,100.0,98.0,>,%
60003,E2E Full Test Corporation 1769042473 - AI Lab,2024-08-28,P2-KPI3,Change Success Rate,P2,93.58,98.0,>,%
60003,E2E Full Test Corporation 1769042473 - AI Lab,2024-09-27,P2-KPI3,Change Success Rate,P2,100.0,98.0,>,%
60003,E2E Full Test Corporation 1769042473 - AI Lab,2024-10-27,P2-KPI3,Change Success Rate,P2,97.25,98.0,>,%
60003,E2E Full Test Corporation 1769042473 - AI Lab,2024-11-26,P2-KPI3,Change Success Rate,P2,98.03,98.0,>,%
60003,E2E Full Test Corporation 1769042473 - AI Lab,2024-01-01,P2-KPI4,Backup Success Rate,P2,100.0,100.0,>,%
60003,E2E Full Test Corporation 1769042473 - AI Lab,2024-01-31,P2-KPI4,Backup Success Rate,P2,100.0,100.0,>,%
60003,E2E Full Test Corporation 1769042473 - AI Lab,2024-03-01,P2-KPI4,Backup Success Rate,P2,96.91,100.0,>,%
60003,E2E Full Test Corporation 1769042473 - AI Lab,2024-03-31,P2-KPI4,Backup Success Rate,P2,99.78,100.0,>,%
60003,E2E Full Test Corporation 1769042473 - AI Lab,2024-04-30,P2-KPI4,Backup Success Rate,P2,100.0,100.0,>,%
60003,E2E Full Test Corporation 1769042473 - AI Lab,2024-05-30,P2-KPI4,Backup Success Rate,P2,98.84,100.0,>,%
60003,E2E Full Test Corporation 1769042473 - AI Lab,2024-06-29,P2-KPI4,Backup Success Rate,P2,100.0,100.0,>,%
60003,E2E Full Test Corporation 1769042473 - AI Lab,2024-07-29,P2-KPI4,Backup Success Rate,P2,96.21,100.0,>,%
60003,E2E Full Test Corporation 1769042473 - AI Lab,2024-08-28,P2-KPI4,Backup Success Rate,P2,95.21,100.0,>,%
60003,E2E Full Test Corporation 1769042473 - AI Lab,2024-09-27,P2-KPI4,Backup Success Rate,P2,99.07,100.0,>,%
60003,E2E Full Test Corporation 1769042473 - AI Lab,2024-10-27,P2-KPI4,Backup Success Rate,P2,100.0,100.0,>,%
60003,E2E Full Test Corporation 1769042473 - AI Lab,2024-11-26,P2-KPI4,Backup Success Rate,P2,100.0,100.0,>,%
60003,E2E Full Test Corporation 1769042473 - AI Lab,2024-01-01,P2-KPI5,Patch Compliance,P2,88.15,95.0,>,%
60003,E2E Full Test Corporation 1769042473 - AI Lab,2024-01-31,P2-KPI5,Patch Compliance,P2,94.0,95.0,>,%
60003,E2E Full Test Corporation 1769042473 - AI Lab,2024-03-01,P2-KPI5,Patch Compliance,P2,93.84,95.0,>,%
60003,E2E Full Test Corporation 1769042473 - AI Lab,2024-03-31,P2-KPI5,Patch Compliance,P2,91.81,95.0,>,%
60003,E2E Full Test Corporation 1769042473 - AI Lab,2024-04-30,P2-KPI5,Patch Compliance,P2,96.84,95.0,>,%
60003,E2E Full Test Corporation 1769042473 - AI Lab,2024-05-30,P2-KPI5,Patch Compliance,P2,91.91,95.0,>,%
60003,E2E Full Test Corporation 1769042473 - AI Lab,2024-06-29,P2-KPI5,Patch Compliance,P2,89.73,95.0,>,%
60003,E2E Full Test Corporation 1769042473 - AI Lab,2024-07-29,P2-KPI5,Patch Compliance,P2,89.61,95.0,>,%
60003,E2E Full Test Corporation 1769042473 - AI Lab,2024-08-28,P2-KPI5,Patch Compliance,P2,91.94,95.0,>,%
60003,E2E Full Test Corporation 1769042473 - AI Lab,2024-09-27,P2-KPI5,Patch Compliance,P2,89.41,95.0,>,%
60003,E2E Full Test Corporation 1769042473 - AI Lab,2024-10-27,P2-KPI5,Patch Compliance,P2,91.7,95.0,>,%
60003,E2E Full Test Corporation 1769042473 - AI Lab,2024-11-26,P2-KPI5,Patch Compliance,P2,90.44,95.0,>,%
60003,E2E Full Test Corporation 1769042473 - AI Lab,2024-01-01,P2-KPI6,Service Request Fulfillment,P2,4.03,3.0,<,days
60003,E2E Full Test Corporation 1769042473 - AI Lab,2024-01-31,P2-KPI6,Service Request Fulfillment,P2,4.12,3.0,<,days
60003,E2E Full Test Corporation 1769042473 - AI Lab,2024-03-01,P2-KPI6,Service Request Fulfillment,P2,4.05,3.0,<,days
60003,E2E Full Test Corporation 1769042473 - AI Lab,2024-03-31,P2-KPI6,Service Request Fulfillment,P2,3.94,3.0,<,days
60003,E2E Full Test Corporation 1769042473 - AI Lab,2024-04-30,P2-KPI6,Service Request Fulfillment,P2,4.11,3.0,<,days
60003,E2E Full Test Corporation 1769042473 - AI Lab,2024-05-30,P2-KPI6,Service Request Fulfillment,P2,3.87,3.0,<,days
60003,E2E Full Test Corporation 1769042473 - AI Lab,2024-06-29,P2-KPI6,Service Request Fulfillment,P2,3.96,3.0,<,days
60003,E2E Full Test Corporation 1769042473 - AI Lab,2024-07-29,P2-KPI6,Service Request Fulfillment,P2,4.22,3.0,<,days
60003,E2E Full Test Corporation 1769042473 - AI Lab,2024-08-28,P2-KPI6,Service Request Fulfillment,P2,3.92,3.0,<,days
60003,E2E Full Test Corporation 1769042473 - AI Lab,2024-09-27,P2-KPI6,Service Request Fulfillment,P2,4.07,3.0,<,days
60003,E2E Full Test Corporation 1769042473 - AI Lab,2024-10-27,P2-KPI6,Service Request Fulfillment,P2,3.99,3.0,<,days
60003,E2E Full Test Corporation 1769042473 - AI Lab,2024-11-26,P2-KPI6,Service Request Fulfillment,P2,4.04,3.0,<,days
60003,E2E Full Test Corporation 1769042473 - AI Lab,2024-01-01,P2-KPI7,Capacity Planning Accuracy,P2,88.54,90.0,>,%
60003,E2E Full Test Corporation 1769042473 - AI Lab,2024-01-31,P2-KPI7,Capacity Planning Accuracy,P2,91.17,90.0,>,%
60003,E2E Full Test Corporation 1769042473 - AI Lab,2024-03-01,P2-KPI7,Capacity Planning Accuracy,P2,87.49,90.0,>,%
60003,E2E Full Test Corporation 1769042473 - AI Lab,2024-03-31,P2-KPI7,Capacity Planning Accuracy,P2,83.21,90.0,>,%
60003,E2E Full Test Corporation 1769042473 - AI Lab,2024-04-30,P2-KPI7,Capacity Planning Accuracy,P2,89.4,90.0,>,%
60003,E2E Full Test Corporation 1769042473 - AI Lab,2024-05-30,P2-KPI7,Capacity Planning Accuracy,P2,83.47,90.0,>,%
60003,E2E Full Test Corporation 1769042473 - AI Lab,2024-06-29,P2-KPI7,Capacity Planning Accuracy,P2,85.83,90.0,>,%
60003,E2E Full Test Corporation 1769042473 - AI Lab,2024-07-29,P2-KPI7,Capacity Planning Accuracy,P2,85.51,90.0,>,%
60003,E2E Full Test Corporation 1769042473 - AI Lab,2024-08-28,P2-KPI7,Capacity Planning Accuracy,P2,90.24,90.0,>,%
60003,E2E Full Test Corporation 1769042473 - AI Lab,2024-09-27,P2-KPI7,Capacity Planning Accuracy,P2,83.95,90.0,>,%
60003,E2E Full Test Corporation 1769042473 - AI Lab,2024-10-27,P2-KPI7,Capacity Planning Accuracy,P2,85.96,90.0,>,%
60003,E2E Full Test Corporation 1769042473 - AI Lab,2024-11-26,P2-KPI7,Capacity Planning Accuracy,P2,89.47,90.0,>,%
60003,E2E Full Test Corporation 1769042473 - AI Lab,2024-01-01,P2-KPI8,Documentation Quality,P2,81.31,85.0,>,score
60003,E2E Full Test Corporation 1769042473 - AI Lab,2024-01-31,P2-KPI8,Documentation Quality,P2,83.98,85.0,>,score
60003,E2E Full Test Corporation 1769042473 - AI Lab,2024-03-01,P2-KPI8,Documentation Quality,P2,80.99,85.0,>,score
60003,E2E Full Test Corporation 1769042473 - AI Lab,2024-03-31,P2-KPI8,Documentation Quality,P2,80.78,85.0,>,score
60003,E2E Full Test Corporation 1769042473 - AI Lab,2024-04-30,P2-KPI8,Documentation Quality,P2,79.61,85.0,>,score
60003,E2E Full Test Corporation 1769042473 - AI Lab,2024-05-30,P2-KPI8,Documentation Quality,P2,81.17,85.0,>,score
60003,E2E Full Test Corporation 1769042473 - AI Lab,2024-06-29,P2-KPI8,Documentation Quality,P2,81.71,85.0,>,score
60003,E2E Full Test Corporation 1769042473 - AI Lab,2024-07-29,P2-KPI8,Documentation Quality,P2,77.83,85.0,>,score
60003,E2E Full Test Corporation 1769042473 - AI Lab,2024-08-28,P2-KPI8,Documentation Quality,P2,80.98,85.0,>,score
60003,E2E Full Test Corporation 1769042473 - AI Lab,2024-09-27,P2-KPI8,Documentation Quality,P2,77.57,85.0,>,score
60003,E2E Full Test Corporation 1769042473 - AI Lab,2024-10-27,P2-KPI8,Documentation Quality,P2,83.68,85.0,>,score
60003,E2E Full Test Corporation 1769042473 - AI Lab,2024-11-26,P2-KPI8,Documentation Quality,P2,82.72,85.0,>,score
60003,E2E Full Test Corporation 1769042473 - AI Lab,2024-01-01,P3-KPI1,CSAT Score,P3,4.28,4.5,>,score
60003,E2E Full Test Corporation 1769042473 - AI Lab,2024-01-31,P3-KPI1,CSAT Score,P3,4.31,4.5,>,score
60003,E2E Full Test Corporation 1769042473 - AI Lab,2024-03-01,P3-KPI1,CSAT Score,P3,4.36,4.5,>,score
60003,E2E Full Test Corporation 1769042473 - AI Lab,2024-03-31,P3-KPI1,CSAT Score,P3,4.46,4.5,>,score
60003,E2E Full Test Corporation 1769042473 - AI Lab,2024-04-30,P3-KPI1,CSAT Score,P3,4.46,4.5,>,score
60003,E2E Full Test Corporation 1769042473 - AI Lab,2024-05-30,P3-KPI1,CSAT Score,P3,4.28,4.5,>,score
60003,E2E Full Test Corporation 1769042473 - AI Lab,2024-06-29,P3-KPI1,CSAT Score,P3,4.42,4.5,>,score
60003,E2E Full Test Corporation 1769042473 - AI Lab,2024-07-29,P3-KPI1,CSAT Score,P3,4.15,4.5,>,score
60003,E2E Full Test Corporation 1769042473 - AI Lab,2024-08-28,P3-KPI1,CSAT Score,P3,4.46,4.5,>,score
60003,E2E Full Test Corporation 1769042473 - AI Lab,2024-09-27,P3-KPI1,CSAT Score,P3,4.38,4.5,>,score
60003,E2E Full Test Corporation 1769042473 - AI Lab,2024-10-27,P3-KPI1,CSAT Score,P3,4.11,4.5,>,score
60003,E2E Full Test Corporation 1769042473 - AI Lab,2024-11-26,P3-KPI1,CSAT Score,P3,4.49,4.5,>,score
60003,E2E Full Test Corporation 1769042473 - AI Lab,2024-01-01,P3-KPI2,Support Ticket Volume,P3,31.43,20.0,<,tickets
60003,E2E Full Test Corporation 1769042473 - AI Lab,2024-01-31,P3-KPI2,Support Ticket Volume,P3,30.94,20.0,<,tickets
60003,E2E Full Test Corporation 1769042473 - AI Lab,2024-03-01,P3-KPI2,Support Ticket Volume,P3,31.31,20.0,<,tickets
60003,E2E Full Test Corporation 1769042473 - AI Lab,2024-03-31,P3-KPI2,Support Ticket Volume,P3,31.08,20.0,<,tickets
60003,E2E Full Test Corporation 1769042473 - AI Lab,2024-04-30,P3-KPI2,Support Ticket Volume,P3,30.44,20.0,<,tickets
60003,E2E Full Test Corporation 1769042473 - AI Lab,2024-05-30,P3-KPI2,Support Ticket Volume,P3,30.58,20.0,<,tickets
60003,E2E Full Test Corporation 1769042473 - AI Lab,2024-06-29,P3-KPI2,Support Ticket Volume,P3,33.28,20.0,<,tickets
60003,E2E Full Test Corporation 1769042473 - AI Lab,2024-07-29,P3-KPI2,Support Ticket Volume,P3,31.56,20.0,<,tickets
60003,E2E Full Test Corporation 1769042473 - AI Lab,2024-08-28,P3-KPI2,Support Ticket Volume,P3,31.96,20.0,<,tickets
60003,E2E Full Test Corporation 1769042473 - AI Lab,2024-09-27,P3-KPI2,Support Ticket Volume,P3,33.49,20.0,<,tickets
60003,E2E Full Test Corporation 1769042473 - AI Lab,2024-10-27,P3-KPI2,Support Ticket Volume,P3,30.66,20.0,<,tickets
60003,E2E Full Test Corporation 1769042473 - AI Lab,2024-11-26,P3-KPI2,Support Ticket Volume,P3,31.92,20.0,<,tickets
60003,E2E Full Test Corporation 1769042473 - AI Lab,2024-01-01,P3-KPI3,First Contact Resolution,P3,69.86,75.0,>,%
60003,E2E Full Test Corporation 1769042473 - AI Lab,2024-01-31,P3-KPI3,First Contact Resolution,P3,74.2,75.0,>,%
60003,E2E Full Test Corporation 1769042473 - AI Lab,2024-03-01,P3-KPI3,First Contact Resolution,P3,69.56,75.0,>,%
60003,E2E Full Test Corporation 1769042473 - AI Lab,2024-03-31,P3-KPI3,First Contact Resolution,P3,71.23,75.0,>,%
60003,E2E Full Test Corporation 1769042473 - AI Lab,2024-04-30,P3-KPI3,First Contact Resolution,P3,73.26,75.0,>,%
60003,E2E Full Test Corporation 1769042473 - AI Lab,2024-05-30,P3-KPI3,First Contact Resolution,P3,69.48,75.0,>,%
60003,E2E Full Test Corporation 1769042473 - AI Lab,2024-06-29,P3-KPI3,First Contact Resolution,P3,73.14,75.0,>,%
60003,E2E Full Test Corporation 1769042473 - AI Lab,2024-07-29,P3-KPI3,First Contact Resolution,P3,69.47,75.0,>,%
60003,E2E Full Test Corporation 1769042473 - AI Lab,2024-08-28,P3-KPI3,First Contact Resolution,P3,70.37,75.0,>,%
60003,E2E Full Test Corporation 1769042473 - AI Lab,2024-09-27,P3-KPI3,First Contact Resolution,P3,72.05,75.0,>,%
60003,E2E Full Test Corporation 1769042473 - AI Lab,2024-10-27,P3-KPI3,First Contact Resolution,P3,68.61,75.0,>,%
60003,E2E Full Test Corporation 1769042473 - AI Lab,2024-11-26,P3-KPI3,First Contact Resolution,P3,72.34,75.0,>,%
60003,E2E Full Test Corporation 1769042473 - AI Lab,2024-01-01,P3-KPI4,Training Completion,P3,87.0,90.0,>,%
60003,E2E Full Test Corporation 1769042473 - AI Lab,2024-01-31,P3-KPI4,Training Completion,P3,88.39,90.0,>,%
60003,E2E Full Test Corporation 1769042473 - AI Lab,2024-03-01,P3-KPI4,Training Completion,P3,85.2,90.0,>,%
60003,E2E Full Test Corporation 1769042473 - AI Lab,2024-03-31,P3-KPI4,Training Completion,P3,83.08,90.0,>,%
60003,E2E Full Test Corporation 1769042473 - AI Lab,2024-04-30,P3-KPI4,Training Completion,P3,86.82,90.0,>,%
60003,E2E Full Test Corporation 1769042473 - AI Lab,2024-05-30,P3-KPI4,Training Completion,P3,85.8,90.0,>,%
60003,E2E Full Test Corporation 1769042473 - AI Lab,2024-06-29,P3-KPI4,Training Completion,P3,85.6,90.0,>,%
60003,E2E Full Test Corporation 1769042473 - AI Lab,2024-07-29,P3-KPI4,Training Completion,P3,89.11,90.0,>,%
60003,E2E Full Test Corporation 1769042473 - AI Lab,2024-08-28,P3-KPI4,Training Completion,P3,86.44,90.0,>,%
60003,E2E Full Test Corporation 1769042473 - AI Lab,2024-09-27,P3-KPI4,Training Completion,P3,87.61,90.0,>,%
60003,E2E Full Test Corporation 1769042473 - AI Lab,2024-10-27,P3-KPI4,Training Completion,P3,84.91,90.0,>,%
60003,E2E Full Test Corporation 1769042473 - AI Lab,2024-11-26,P3-KPI4,Training Completion,P3,84.73,90.0,>,%
60003,E2E Full Test Corporation 1769042473 - AI Lab,2024-01-01,P3-KPI5,User Adoption Rate,P3,71.75,80.0,>,%
60003,E2E Full Test Corporation 1769042473 - AI Lab,2024-01-31,P3-KPI5,User Adoption Rate,P3,74.53,80.0,>,%
60003,E2E Full Test Corporation 1769042473 - AI Lab,2024-03-01,P3-KPI5,User Adoption Rate,P3,74.38,80.0,>,%
60003,E2E Full Test Corporation 1769042473 - AI Lab,2024-03-31,P3-KPI5,User Adoption Rate,P3,74.88,80.0,>,%
60003,E2E Full Test Corporation 1769042473 - AI Lab,2024-04-30,P3-KPI5,User Adoption Rate,P3,78.72,80.0,>,%
60003,E2E Full Test Corporation 1769042473 - AI Lab,2024-05-30,P3-KPI5,User Adoption Rate,P3,79.16,80.0,>,%
60003,E2E Full Test Corporation 1769042473 - AI Lab,2024-06-29,P3-KPI5,User Adoption Rate,P3,76.67,80.0,>,%
60003,E2E Full Test Corporation 1769042473 - AI Lab,2024-07-29,P3-KPI5,User Adoption Rate,P3,75.2,80.0,>,%
60003,E2E Full Test Corporation 1769042473 - AI Lab,2024-08-28,P3-KPI5,User Adoption Rate,P3,72.52,80.0,>,%
60003,E2E Full Test Corporation 1769042473 - AI Lab,2024-09-27,P3-KPI5,User Adoption Rate,P3,77.33,80.0,>,%
60003,E2E Full Test Corporation 1769042473 - AI Lab,2024-10-27,P3-KPI5,User Adoption Rate,P3,72.16,80.0,>,%
60003,E2E Full Test Corporation 1769042473 - AI Lab,2024-11-26,P3-KPI5,User Adoption Rate,P3,77.38,80.0,>,%
60003,E2E Full Test Corporation 1769042473 - AI Lab,2024-01-01,P3-KPI6,Executive Engagement,P3,3.65,4.0,>,meetings/quarter
60003,E2E Full Test Corporation 1769042473 - AI Lab,2024-01-31,P3-KPI6,Executive Engagement,P3,3.65,4.0,>,meetings/quarter
60003,E2E Full Test Corporation 1769042473 - AI Lab,2024-03-01,P3-KPI6,Executive Engagement,P3,3.71,4.0,>,meetings/quarter
60003,E2E Full Test Corporation 1769042473 - AI Lab,2024-03-31,P3-KPI6,Executive Engagement,P3,3.72,4.0,>,meetings/quarter
60003,E2E Full Test Corporation 1769042473 - AI Lab,2024-04-30,P3-KPI6,Executive Engagement,P3,3.54,4.0,>,meetings/quarter
60003,E2E Full Test Corporation 1769042473 - AI Lab,2024-05-30,P3-KPI6,Executive Engagement,P3,3.67,4.0,>,meetings/quarter
60003,E2E Full Test Corporation 1769042473 - AI Lab,2024-06-29,P3-KPI6,Executive Engagement,P3,3.68,4.0,>,meetings/quarter
60003,E2E Full Test Corporation 1769042473 - AI Lab,2024-07-29,P3-KPI6,Executive Engagement,P3,3.7,4.0,>,meetings/quarter
60003,E2E Full Test Corporation 1769042473 - AI Lab,2024-08-28,P3-KPI6,Executive Engagement,P3,3.6,4.0,>,meetings/quarter
60003,E2E Full Test Corporation 1769042473 - AI Lab,2024-09-27,P3-KPI6,Executive Engagement,P3,3.69,4.0,>,meetings/quarter
60003,E2E Full Test Corporation 1769042473 - AI Lab,2024-10-27,P3-KPI6,Executive Engagement,P3,3.56,4.0,>,meetings/quarter
60003,E2E Full Test Corporation 1769042473 - AI Lab,2024-11-26,P3-KPI6,Executive Engagement,P3,3.63,4.0,>,meetings/quarter
60003,E2E Full Test Corporation 1769042473 - AI Lab,2024-01-01,P3-KPI7,Response Time SLA,P3,45.15,30.0,<,minutes
60003,E2E Full Test Corporation 1769042473 - AI Lab,2024-01-31,P3-KPI7,Response Time SLA,P3,41.79,30.0,<,minutes
60003,E2E Full Test Corporation 1769042473 - AI Lab,2024-03-01,P3-KPI7,Response Time SLA,P3,45.54,30.0,<,minutes
60003,E2E Full Test Corporation 1769042473 - AI Lab,2024-03-31,P3-KPI7,Response Time SLA,P3,42.2,30.0,<,minutes
60003,E2E Full Test Corporation 1769042473 - AI Lab,2024-04-30,P3-KPI7,Response Time SLA,P3,44.52,30.0,<,minutes
60003,E2E Full Test Corporation 1769042473 - AI Lab,2024-05-30,P3-KPI7,Response Time SLA,P3,45.17,30.0,<,minutes
60003,E2E Full Test Corporation 1769042473 - AI Lab,2024-06-29,P3-KPI7,Response Time SLA,P3,43.37,30.0,<,minutes
60003,E2E Full Test Corporation 1769042473 - AI Lab,2024-07-29,P3-KPI7,Response Time SLA,P3,41.39,30.0,<,minutes
60003,E2E Full Test Corporation 1769042473 - AI Lab,2024-08-28,P3-KPI7,Response Time SLA,P3,43.23,30.0,<,minutes
60003,E2E Full Test Corporation 1769042473 - AI Lab,2024-09-27,P3-KPI7,Response Time SLA,P3,43.11,30.0,<,minutes
60003,E2E Full Test Corporation 1769042473 - AI Lab,2024-10-27,P3-KPI7,Response Time SLA,P3,44.7,30.0,<,minutes
60003,E2E Full Test Corporation 1769042473 - AI Lab,2024-11-26,P3-KPI7,Response Time SLA,P3,43.85,30.0,<,minutes
60003,E2E Full Test Corporation 1769042473 - AI Lab,2024-01-01,P4-KPI1,ROI Achievement,P4,138.39,150.0,>,%
60003,E2E Full Test Corporation 1769042473 - AI Lab,2024-01-31,P4-KPI1,ROI Achievement,P4,142.55,150.0,>,%
60003,E2E Full Test Corporation 1769042473 - AI Lab,2024-03-01,P4-KPI1,ROI Achievement,P4,142.31,150.0,>,%
60003,E2E Full Test Corporation 1769042473 - AI Lab,2024-03-31,P4-KPI1,ROI Achievement,P4,141.86,150.0,>,%
60003,E2E Full Test Corporation 1769042473 - AI Lab,2024-04-30,P4-KPI1,ROI Achievement,P4,144.07,150.0,>,%
60003,E2E Full Test Corporation 1769042473 - AI Lab,2024-05-30,P4-KPI1,ROI Achievement,P4,149.57,150.0,>,%
60003,E2E Full Test Corporation 1769042473 - AI Lab,2024-06-29,P4-KPI1,ROI Achievement,P4,139.93,150.0,>,%
60003,E2E Full Test Corporation 1769042473 - AI Lab,2024-07-29,P4-KPI1,ROI Achievement,P4,136.02,150.0,>,%
60003,E2E Full Test Corporation 1769042473 - AI Lab,2024-08-28,P4-KPI1,ROI Achievement,P4,144.63,150.0,>,%
60003,E2E Full Test Corporation 1769042473 - AI Lab,2024-09-27,P4-KPI1,ROI Achievement,P4,142.81,150.0,>,%
60003,E2E Full Test Corporation 1769042473 - AI Lab,2024-10-27,P4-KPI1,ROI Achievement,P4,137.46,150.0,>,%
60003,E2E Full Test Corporation 1769042473 - AI Lab,2024-11-26,P4-KPI1,ROI Achievement,P4,144.79,150.0,>,%
60003,E2E Full Test Corporation 1769042473 - AI Lab,2024-01-01,P4-KPI2,Cost Reduction,P4,16.63,20.0,>,%
60003,E2E Full Test Corporation 1769042473 - AI Lab,2024-01-31,P4-KPI2,Cost Reduction,P4,17.84,20.0,>,%
60003,E2E Full Test Corporation 1769042473 - AI Lab,2024-03-01,P4-KPI2,Cost Reduction,P4,17.46,20.0,>,%
60003,E2E Full Test Corporation 1769042473 - AI Lab,2024-03-31,P4-KPI2,Cost Reduction,P4,17.25,20.0,>,%
60003,E2E Full Test Corporation 1769042473 - AI Lab,2024-04-30,P4-KPI2,Cost Reduction,P4,17.04,20.0,>,%
60003,E2E Full Test Corporation 1769042473 - AI Lab,2024-05-30,P4-KPI2,Cost Reduction,P4,16.4,20.0,>,%
60003,E2E Full Test Corporation 1769042473 - AI Lab,2024-06-29,P4-KPI2,Cost Reduction,P4,16.62,20.0,>,%
60003,E2E Full Test Corporation 1769042473 - AI Lab,2024-07-29,P4-KPI2,Cost Reduction,P4,17.27,20.0,>,%
60003,E2E Full Test Corporation 1769042473 - AI Lab,2024-08-28,P4-KPI2,Cost Reduction,P4,16.84,20.0,>,%
60003,E2E Full Test Corporation 1769042473 - AI Lab,2024-09-27,P4-KPI2,Cost Reduction,P4,16.54,20.0,>,%
60003,E2E Full Test Corporation 1769042473 - AI Lab,2024-10-27,P4-KPI2,Cost Reduction,P4,16.42,20.0,>,%
60003,E2E Full Test Corporation 1769042473 - AI Lab,2024-11-26,P4-KPI2,Cost Reduction,P4,16.3,20.0,>,%
60003,E2E Full Test Corporation 1769042473 - AI Lab,2024-01-01,P4-KPI3,Time to Value,P4,101.9,90.0,<,days
60003,E2E Full Test Corporation 1769042473 - AI Lab,2024-01-31,P4-KPI3,Time to Value,P4,104.93,90.0,<,days
60003,E2E Full Test Corporation 1769042473 - AI Lab,2024-03-01,P4-KPI3,Time to Value,P4,104.8,90.0,<,days
60003,E2E Full Test Corporation 1769042473 - AI Lab,2024-03-31,P4-KPI3,Time to Value,P4,98.77,90.0,<,days
60003,E2E Full Test Corporation 1769042473 - AI Lab,2024-04-30,P4-KPI3,Time to Value,P4,99.4,90.0,<,days
60003,E2E Full Test Corporation 1769042473 - AI Lab,2024-05-30,P4-KPI3,Time to Value,P4,99.48,90.0,<,days
60003,E2E Full Test Corporation 1769042473 - AI Lab,2024-06-29,P4-KPI3,Time to Value,P4,104.75,90.0,<,days
60003,E2E Full Test Corporation 1769042473 - AI Lab,2024-07-29,P4-KPI3,Time to Value,P4,105.32,90.0,<,days
60003,E2E Full Test Corporation 1769042473 - AI Lab,2024-08-28,P4-KPI3,Time to Value,P4,105.19,90.0,<,days
60003,E2E Full Test Corporation 1769042473 - AI Lab,2024-09-27,P4-KPI3,Time to Value,P4,108.35,90.0,<,days
60003,E2E Full Test Corporation 1769042473 - AI Lab,2024-10-27,P4-KPI3,Time to Value,P4,102.86,90.0,<,days
60003,E2E Full Test Corporation 1769042473 - AI Lab,2024-11-26,P4-KPI3,Time to Value,P4,102.74,90.0,<,days
60003,E2E Full Test Corporation 1769042473 - AI Lab,2024-01-01,P4-KPI4,Revenue Enablement,P4,4.29,5.0,>,$M
60003,E2E Full Test Corporation 1769042473 - AI Lab,2024-01-31,P4-KPI4,Revenue Enablement,P4,4.35,5.0,>,$M
60003,E2E Full Test Corporation 1769042473 - AI Lab,2024-03-01,P4-KPI4,Revenue Enablement,P4,4.43,5.0,>,$M
60003,E2E Full Test Corporation 1769042473 - AI Lab,2024-03-31,P4-KPI4,Revenue Enablement,P4,4.59,5.0,>,$M
60003,E2E Full Test Corporation 1769042473 - AI Lab,2024-04-30,P4-KPI4,Revenue Enablement,P4,4.23,5.0,>,$M
60003,E2E Full Test Corporation 1769042473 - AI Lab,2024-05-30,P4-KPI4,Revenue Enablement,P4,4.56,5.0,>,$M
60003,E2E Full Test Corporation 1769042473 - AI Lab,2024-06-29,P4-KPI4,Revenue Enablement,P4,4.43,5.0,>,$M
60003,E2E Full Test Corporation 1769042473 - AI Lab,2024-07-29,P4-KPI4,Revenue Enablement,P4,4.38,5.0,>,$M
60003,E2E Full Test Corporation 1769042473 - AI Lab,2024-08-28,P4-KPI4,Revenue Enablement,P4,4.22,5.0,>,$M
60003,E2E Full Test Corporation 1769042473 - AI Lab,2024-09-27,P4-KPI4,Revenue Enablement,P4,4.51,5.0,>,$M
60003,E2E Full Test Corporation 1769042473 - AI Lab,2024-10-27,P4-KPI4,Revenue Enablement,P4,4.27,5.0,>,$M
60003,E2E Full Test Corporation 1769042473 - AI Lab,2024-11-26,P4-KPI4,Revenue Enablement,P4,4.46,5.0,>,$M
60003,E2E Full Test Corporation 1769042473 - AI Lab,2024-01-01,P4-KPI5,Operational Efficiency,P4,85.19,85.0,>,%
60003,E2E Full Test Corporation 1769042473 - AI Lab,2024-01-31,P4-KPI5,Operational Efficiency,P4,81.03,85.0,>,%
60003,E2E Full Test Corporation 1769042473 - AI Lab,2024-03-01,P4-KPI5,Operational Efficiency,P4,85.15,85.0,>,%
60003,E2E Full Test Corporation 1769042473 - AI Lab,2024-03-31,P4-KPI5,Operational Efficiency,P4,84.76,85.0,>,%
60003,E2E Full Test Corporation 1769042473 - AI Lab,2024-04-30,P4-KPI5,Operational Efficiency,P4,82.93,85.0,>,%
60003,E2E Full Test Corporation 1769042473 - AI Lab,2024-05-30,P4-KPI5,Operational Efficiency,P4,79.62,85.0,>,%
60003,E2E Full Test Corporation 1769042473 - AI Lab,2024-06-29,P4-KPI5,Operational Efficiency,P4,80.53,85.0,>,%
60003,E2E Full Test Corporation 1769042473 - AI Lab,2024-07-29,P4-KPI5,Operational Efficiency,P4,77.25,85.0,>,%
60003,E2E Full Test Corporation 1769042473 - AI Lab,2024-08-28,P4-KPI5,Operational Efficiency,P4,83.61,85.0,>,%
60003,E2E Full Test Corporation 1769042473 - AI Lab,2024-09-27,P4-KPI5,Operational Efficiency,P4,81.62,85.0,>,%
60003,E2E Full Test Corporation 1769042473 - AI Lab,2024-10-27,P4-KPI5,Operational Efficiency,P4,79.72,85.0,>,%
60003,E2E Full Test Corporation 1769042473 - AI Lab,2024-11-26,P4-KPI5,Operational Efficiency,P4,79.85,85.0,>,%
60003,E2E Full Test Corporation 1769042473 - AI Lab,2024-01-01,P4-KPI6,Innovation Projects,P4,2.73,3.0,>,count
60003,E2E Full Test Corporation 1769042473 - AI Lab,2024-01-31,P4-KPI6,Innovation Projects,P4,2.64,3.0,>,count
60003,E2E Full Test Corporation 1769042473 - AI Lab,2024-03-01,P4-KPI6,Innovation Projects,P4,2.82,3.0,>,count
60003,E2E Full Test Corporation 1769042473 - AI Lab,2024-03-31,P4-KPI6,Innovation Projects,P4,2.75,3.0,>,count
60003,E2E Full Test Corporation 1769042473 - AI Lab,2024-04-30,P4-KPI6,Innovation Projects,P4,2.6,3.0,>,count
60003,E2E Full Test Corporation 1769042473 - AI Lab,2024-05-30,P4-KPI6,Innovation Projects,P4,2.83,3.0,>,count
60003,E2E Full Test Corporation 1769042473 - AI Lab,2024-06-29,P4-KPI6,Innovation Projects,P4,2.63,3.0,>,count
60003,E2E Full Test Corporation 1769042473 - AI Lab,2024-07-29,P4-KPI6,Innovation Projects,P4,2.63,3.0,>,count
60003,E2E Full Test Corporation 1769042473 - AI Lab,2024-08-28,P4-KPI6,Innovation Projects,P4,2.64,3.0,>,count
60003,E2E Full Test Corporation 1769042473 - AI Lab,2024-09-27,P4-KPI6,Innovation Projects,P4,2.79,3.0,>,count
60003,E2E Full Test Corporation 1769042473 - AI Lab,2024-10-27,P4-KPI6,Innovation Projects,P4,2.63,3.0,>,count
60003,E2E Full Test Corporation 1769042473 - AI Lab,2024-11-26,P4-KPI6,Innovation Projects,P4,2.64,3.0,>,count
60003,E2E Full Test Corporation 1769042473 - AI Lab,2024-01-01,P4-KPI7,Business Case Validation,P4,87.91,90.0,>,%
60003,E2E Full Test Corporation 1769042473 - AI Lab,2024-01-31,P4-KPI7,Business Case Validation,P4,85.8,90.0,>,%
60003,E2E Full Test Corporation 1769042473 - AI Lab,2024-03-01,P4-KPI7,Business Case Validation,P4,83.94,90.0,>,%
60003,E2E Full Test Corporation 1769042473 - AI Lab,2024-03-31,P4-KPI7,Business Case Validation,P4,90.6,90.0,>,%
60003,E2E Full Test Corporation 1769042473 - AI Lab,2024-04-30,P4-KPI7,Business Case Validation,P4,85.43,90.0,>,%
60003,E2E Full Test Corporation 1769042473 - AI Lab,2024-05-30,P4-KPI7,Business Case Validation,P4,90.3,90.0,>,%
60003,E2E Full Test Corporation 1769042473 - AI Lab,2024-06-29,P4-KPI7,Business Case Validation,P4,83.5,90.0,>,%
60003,E2E Full Test Corporation 1769042473 - AI Lab,2024-07-29,P4-KPI7,Business Case Validation,P4,85.66,90.0,>,%
60003,E2E Full Test Corporation 1769042473 - AI Lab,2024-08-28,P4-KPI7,Business Case Validation,P4,88.5,90.0,>,%
60003,E2E Full Test Corporation 1769042473 - AI Lab,2024-09-27,P4-KPI7,Business Case Validation,P4,89.6,90.0,>,%
60003,E2E Full Test Corporation 1769042473 - AI Lab,2024-10-27,P4-KPI7,Business Case Validation,P4,87.43,90.0,>,%
60003,E2E Full Test Corporation 1769042473 - AI Lab,2024-11-26,P4-KPI7,Business Case Validation,P4,89.0,90.0,>,%
60003,E2E Full Test Corporation 1769042473 - AI Lab,2024-01-01,P5-KPI1,Executive Sponsorship,P5,4.12,4.5,>,score
60003,E2E Full Test Corporation 1769042473 - AI Lab,2024-01-31,P5-KPI1,Executive Sponsorship,P5,4.25,4.5,>,score
60003,E2E Full Test Corporation 1769042473 - AI Lab,2024-03-01,P5-KPI1,Executive Sponsorship,P5,4.15,4.5,>,score
60003,E2E Full Test Corporation 1769042473 - AI Lab,2024-03-31,P5-KPI1,Executive Sponsorship,P5,4.47,4.5,>,score
60003,E2E Full Test Corporation 1769042473 - AI Lab,2024-04-30,P5-KPI1,Executive Sponsorship,P5,4.35,4.5,>,score
60003,E2E Full Test Corporation 1769042473 - AI Lab,2024-05-30,P5-KPI1,Executive Sponsorship,P5,4.28,4.5,>,score
60003,E2E Full Test Corporation 1769042473 - AI Lab,2024-06-29,P5-KPI1,Executive Sponsorship,P5,4.34,4.5,>,score
60003,E2E Full Test Corporation 1769042473 - AI Lab,2024-07-29,P5-KPI1,Executive Sponsorship,P5,4.28,4.5,>,score
60003,E2E Full Test Corporation 1769042473 - AI Lab,2024-08-28,P5-KPI1,Executive Sponsorship,P5,4.29,4.5,>,score
60003,E2E Full Test Corporation 1769042473 - AI Lab,2024-09-27,P5-KPI1,Executive Sponsorship,P5,4.44,4.5,>,score
60003,E2E Full Test Corporation 1769042473 - AI Lab,2024-10-27,P5-KPI1,Executive Sponsorship,P5,4.42,4.5,>,score
60003,E2E Full Test Corporation 1769042473 - AI Lab,2024-11-26,P5-KPI1,Executive Sponsorship,P5,4.35,4.5,>,score
60003,E2E Full Test Corporation 1769042473 - AI Lab,2024-01-01,P5-KPI2,Renewal Likelihood,P5,93.75,95.0,>,%
60003,E2E Full Test Corporation 1769042473 - AI Lab,2024-01-31,P5-KPI2,Renewal Likelihood,P5,95.08,95.0,>,%
60003,E2E Full Test Corporation 1769042473 - AI Lab,2024-03-01,P5-KPI2,Renewal Likelihood,P5,90.07,95.0,>,%
60003,E2E Full Test Corporation 1769042473 - AI Lab,2024-03-31,P5-KPI2,Renewal Likelihood,P5,93.75,95.0,>,%
60003,E2E Full Test Corporation 1769042473 - AI Lab,2024-04-30,P5-KPI2,Renewal Likelihood,P5,88.92,95.0,>,%
60003,E2E Full Test Corporation 1769042473 - AI Lab,2024-05-30,P5-KPI2,Renewal Likelihood,P5,93.0,95.0,>,%
60003,E2E Full Test Corporation 1769042473 - AI Lab,2024-06-29,P5-KPI2,Renewal Likelihood,P5,95.6,95.0,>,%
60003,E2E Full Test Corporation 1769042473 - AI Lab,2024-07-29,P5-KPI2,Renewal Likelihood,P5,87.42,95.0,>,%
60003,E2E Full Test Corporation 1769042473 - AI Lab,2024-08-28,P5-KPI2,Renewal Likelihood,P5,91.9,95.0,>,%
60003,E2E Full Test Corporation 1769042473 - AI Lab,2024-09-27,P5-KPI2,Renewal Likelihood,P5,92.41,95.0,>,%
60003,E2E Full Test Corporation 1769042473 - AI Lab,2024-10-27,P5-KPI2,Renewal Likelihood,P5,95.09,95.0,>,%
60003,E2E Full Test Corporation 1769042473 - AI Lab,2024-11-26,P5-KPI2,Renewal Likelihood,P5,91.4,95.0,>,%
60003,E2E Full Test Corporation 1769042473 - AI Lab,2024-01-01,P5-KPI3,Expansion Pipeline,P5,1.83,2.0,>,$M
60003,E2E Full Test Corporation 1769042473 - AI Lab,2024-01-31,P5-KPI3,Expansion Pipeline,P5,1.77,2.0,>,$M
60003,E2E Full Test Corporation 1769042473 - AI Lab,2024-03-01,P5-KPI3,Expansion Pipeline,P5,1.85,2.0,>,$M
60003,E2E Full Test Corporation 1769042473 - AI Lab,2024-03-31,P5-KPI3,Expansion Pipeline,P5,1.85,2.0,>,$M
60003,E2E Full Test Corporation 1769042473 - AI Lab,2024-04-30,P5-KPI3,Expansion Pipeline,P5,1.85,2.0,>,$M
60003,E2E Full Test Corporation 1769042473 - AI Lab,2024-05-30,P5-KPI3,Expansion Pipeline,P5,1.71,2.0,>,$M
60003,E2E Full Test Corporation 1769042473 - AI Lab,2024-06-29,P5-KPI3,Expansion Pipeline,P5,1.75,2.0,>,$M
60003,E2E Full Test Corporation 1769042473 - AI Lab,2024-07-29,P5-KPI3,Expansion Pipeline,P5,1.83,2.0,>,$M
60003,E2E Full Test Corporation 1769042473 - AI Lab,2024-08-28,P5-KPI3,Expansion Pipeline,P5,1.84,2.0,>,$M
60003,E2E Full Test Corporation 1769042473 - AI Lab,2024-09-27,P5-KPI3,Expansion Pipeline,P5,1.83,2.0,>,$M
60003,E2E Full Test Corporation 1769042473 - AI Lab,2024-10-27,P5-KPI3,Expansion Pipeline,P5,1.84,2.0,>,$M
60003,E2E Full Test Corporation 1769042473 - AI Lab,2024-11-26,P5-KPI3,Expansion Pipeline,P5,1.85,2.0,>,$M
60003,E2E Full Test Corporation 1769042473 - AI Lab,2024-01-01,P5-KPI4,Reference Willingness,P5,3.84,4.0,>,score
60003,E2E Full Test Corporation 1769042473 - AI Lab,2024-01-31,P5-KPI4,Reference Willingness,P5,3.66,4.0,>,score
60003,E2E Full Test Corporation 1769042473 - AI Lab,2024-03-01,P5-KPI4,Reference Willingness,P5,3.63,4.0,>,score
60003,E2E Full Test Corporation 1769042473 - AI Lab,2024-03-31,P5-KPI4,Reference Willingness,P5,3.57,4.0,>,score
60003,E2E Full Test Corporation 1769042473 - AI Lab,2024-04-30,P5-KPI4,Reference Willingness,P5,3.67,4.0,>,score
60003,E2E Full Test Corporation 1769042473 - AI Lab,2024-05-30,P5-KPI4,Reference Willingness,P5,3.58,4.0,>,score
60003,E2E Full Test Corporation 1769042473 - AI Lab,2024-06-29,P5-KPI4,Reference Willingness,P5,3.52,4.0,>,score
60003,E2E Full Test Corporation 1769042473 - AI Lab,2024-07-29,P5-KPI4,Reference Willingness,P5,3.84,4.0,>,score
60003,E2E Full Test Corporation 1769042473 - AI Lab,2024-08-28,P5-KPI4,Reference Willingness,P5,3.76,4.0,>,score
60003,E2E Full Test Corporation 1769042473 - AI Lab,2024-09-27,P5-KPI4,Reference Willingness,P5,3.64,4.0,>,score
60003,E2E Full Test Corporation 1769042473 - AI Lab,2024-10-27,P5-KPI4,Reference Willingness,P5,3.85,4.0,>,score
60003,E2E Full Test Corporation 1769042473 - AI Lab,2024-11-26,P5-KPI4,Reference Willingness,P5,3.59,4.0,>,score
60003,E2E Full Test Corporation 1769042473 - AI Lab,2024-01-01,P5-KPI5,Strategic Alignment,P5,83.74,85.0,>,score
60003,E2E Full Test Corporation 1769042473 - AI Lab,2024-01-31,P5-KPI5,Strategic Alignment,P5,81.48,85.0,>,score
60003,E2E Full Test Corporation 1769042473 - AI Lab,2024-03-01,P5-KPI5,Strategic Alignment,P5,83.0,85.0,>,score
60003,E2E Full Test Corporation 1769042473 - AI Lab,2024-03-31,P5-KPI5,Strategic Alignment,P5,84.35,85.0,>,score
60003,E2E Full Test Corporation 1769042473 - AI Lab,2024-04-30,P5-KPI5,Strategic Alignment,P5,84.19,85.0,>,score
60003,E2E Full Test Corporation 1769042473 - AI Lab,2024-05-30,P5-KPI5,Strategic Alignment,P5,78.62,85.0,>,score
60003,E2E Full Test Corporation 1769042473 - AI Lab,2024-06-29,P5-KPI5,Strategic Alignment,P5,83.14,85.0,>,score
60003,E2E Full Test Corporation 1769042473 - AI Lab,2024-07-29,P5-KPI5,Strategic Alignment,P5,77.8,85.0,>,score
60003,E2E Full Test Corporation 1769042473 - AI Lab,2024-08-28,P5-KPI5,Strategic Alignment,P5,83.42,85.0,>,score
60003,E2E Full Test Corporation 1769042473 - AI Lab,2024-09-27,P5-KPI5,Strategic Alignment,P5,78.97,85.0,>,score
60003,E2E Full Test Corporation 1769042473 - AI Lab,2024-10-27,P5-KPI5,Strategic Alignment,P5,83.57,85.0,>,score
60003,E2E Full Test Corporation 1769042473 - AI Lab,2024-11-26,P5-KPI5,Strategic Alignment,P5,77.83,85.0,>,score
60003,E2E Full Test Corporation 1769042473 - AI Lab,2024-01-01,P5-KPI6,Partnership Depth,P5,74.74,80.0,>,score
60003,E2E Full Test Corporation 1769042473 - AI Lab,2024-01-31,P5-KPI6,Partnership Depth,P5,78.88,80.0,>,score
60003,E2E Full Test Corporation 1769042473 - AI Lab,2024-03-01,P5-KPI6,Partnership Depth,P5,72.11,80.0,>,score
60003,E2E Full Test Corporation 1769042473 - AI Lab,2024-03-31,P5-KPI6,Partnership Depth,P5,72.0,80.0,>,score
60003,E2E Full Test Corporation 1769042473 - AI Lab,2024-04-30,P5-KPI6,Partnership Depth,P5,78.95,80.0,>,score
60003,E2E Full Test Corporation 1769042473 - AI Lab,2024-05-30,P5-KPI6,Partnership Depth,P5,71.94,80.0,>,score
60003,E2E Full Test Corporation 1769042473 - AI Lab,2024-06-29,P5-KPI6,Partnership Depth,P5,71.8,80.0,>,score
60003,E2E Full Test Corporation 1769042473 - AI Lab,2024-07-29,P5-KPI6,Partnership Depth,P5,78.18,80.0,>,score
60003,E2E Full Test Corporation 1769042473 - AI Lab,2024-08-28,P5-KPI6,Partnership Depth,P5,73.47,80.0,>,score
60003,E2E Full Test Corporation 1769042473 - AI Lab,2024-09-27,P5-KPI6,Partnership Depth,P5,71.78,80.0,>,score
60003,E2E Full Test Corporation 1769042473 - AI Lab,2024-10-27,P5-KPI6,Partnership Depth,P5,74.37,80.0,>,score
60003,E2E Full Test Corporation 1769042473 - AI Lab,2024-11-26,P5-KPI6,Partnership Depth,P5,74.96,80.0,>,score
60003,E2E Full Test Corporation 1769042473 - AI Lab,2024-01-01,P5-KPI7,NPS Score,P5,64.99,70.0,>,score
60003,E2E Full Test Corporation 1769042473 - AI Lab,2024-01-31,P5-KPI7,NPS Score,P5,65.68,70.0,>,score
60003,E2E Full Test Corporation 1769042473 - AI Lab,2024-03-01,P5-KPI7,NPS Score,P5,66.3,70.0,>,score
60003,E2E Full Test Corporation 1769042473 - AI Lab,2024-03-31,P5-KPI7,NPS Score,P5,67.34,70.0,>,score
60003,E2E Full Test Corporation 1769042473 - AI Lab,2024-04-30,P5-KPI7,NPS Score,P5,68.09,70.0,>,score
60003,E2E Full Test Corporation 1769042473 - AI Lab,2024-05-30,P5-KPI7,NPS Score,P5,66.93,70.0,>,score
60003,E2E Full Test Corporation 1769042473 - AI Lab,2024-06-29,P5-KPI7,NPS Score,P5,65.06,70.0,>,score
60003,E2E Full Test Corporation 1769042473 - AI Lab,2024-07-29,P5-KPI7,NPS Score,P5,64.52,70.0,>,score
60003,E2E Full Test Corporation 1769042473 - AI Lab,2024-08-28,P5-KPI7,NPS Score,P5,63.72,70.0,>,score
60003,E2E Full Test Corporation 1769042473 - AI Lab,2024-09-27,P5-KPI7,NPS Score,P5,65.54,70.0,>,score
60003,E2E Full Test Corporation 1769042473 - AI Lab,2024-10-27,P5-KPI7,NPS Score,P5,63.52,70.0,>,score
60003,E2E Full Test Corporation 1769042473 - AI Lab,2024-11-26,P5-KPI7,NPS Score,P5,65.87,70.0,>,score
60004,E2E Full Test Corporation 1769042473 - Production,2024-01-01,P1-KPI1,System Uptime,P1,98.0,99.9,>,%
60004,E2E Full Test Corporation 1769042473 - Production,2024-01-31,P1-KPI1,System Uptime,P1,99.67,99.9,>,%
60004,E2E Full Test Corporation 1769042473 - Production,2024-03-01,P1-KPI1,System Uptime,P1,99.48,99.9,>,%
60004,E2E Full Test Corporation 1769042473 - Production,2024-03-31,P1-KPI1,System Uptime,P1,98.64,99.9,>,%
60004,E2E Full Test Corporation 1769042473 - Production,2024-04-30,P1-KPI1,System Uptime,P1,98.0,99.9,>,%
60004,E2E Full Test Corporation 1769042473 - Production,2024-05-30,P1-KPI1,System Uptime,P1,98.43,99.9,>,%
60004,E2E Full Test Corporation 1769042473 - Production,2024-06-29,P1-KPI1,System Uptime,P1,100.0,99.9,>,%
60004,E2E Full Test Corporation 1769042473 - Production,2024-07-29,P1-KPI1,System Uptime,P1,100.0,99.9,>,%
60004,E2E Full Test Corporation 1769042473 - Production,2024-08-28,P1-KPI1,System Uptime,P1,98.0,99.9,>,%
60004,E2E Full Test Corporation 1769042473 - Production,2024-09-27,P1-KPI1,System Uptime,P1,98.0,99.9,>,%
60004,E2E Full Test Corporation 1769042473 - Production,2024-10-27,P1-KPI1,System Uptime,P1,100.0,99.9,>,%
60004,E2E Full Test Corporation 1769042473 - Production,2024-11-26,P1-KPI1,System Uptime,P1,100.0,99.9,>,%
60004,E2E Full Test Corporation 1769042473 - Production,2024-01-01,P1-KPI2,Mean Time to Resolution,P1,3.8,2.0,<,hours
60004,E2E Full Test Corporation 1769042473 - Production,2024-01-31,P1-KPI2,Mean Time to Resolution,P1,3.8,2.0,<,hours
60004,E2E Full Test Corporation 1769042473 - Production,2024-03-01,P1-KPI2,Mean Time to Resolution,P1,3.86,2.0,<,hours
60004,E2E Full Test Corporation 1769042473 - Production,2024-03-31,P1-KPI2,Mean Time to Resolution,P1,3.67,2.0,<,hours
60004,E2E Full Test Corporation 1769042473 - Production,2024-04-30,P1-KPI2,Mean Time to Resolution,P1,3.68,2.0,<,hours
60004,E2E Full Test Corporation 1769042473 - Production,2024-05-30,P1-KPI2,Mean Time to Resolution,P1,4.49,2.0,<,hours
60004,E2E Full Test Corporation 1769042473 - Production,2024-06-29,P1-KPI2,Mean Time to Resolution,P1,4.59,2.0,<,hours
60004,E2E Full Test Corporation 1769042473 - Production,2024-07-29,P1-KPI2,Mean Time to Resolution,P1,4.64,2.0,<,hours
60004,E2E Full Test Corporation 1769042473 - Production,2024-08-28,P1-KPI2,Mean Time to Resolution,P1,3.76,2.0,<,hours
60004,E2E Full Test Corporation 1769042473 - Production,2024-09-27,P1-KPI2,Mean Time to Resolution,P1,3.8,2.0,<,hours
60004,E2E Full Test Corporation 1769042473 - Production,2024-10-27,P1-KPI2,Mean Time to Resolution,P1,3.94,2.0,<,hours
60004,E2E Full Test Corporation 1769042473 - Production,2024-11-26,P1-KPI2,Mean Time to Resolution,P1,3.94,2.0,<,hours
60004,E2E Full Test Corporation 1769042473 - Production,2024-01-01,P1-KPI3,GPU Utilization,P1,79.6,85.0,>,%
60004,E2E Full Test Corporation 1769042473 - Production,2024-01-31,P1-KPI3,GPU Utilization,P1,79.96,85.0,>,%
60004,E2E Full Test Corporation 1769042473 - Production,2024-03-01,P1-KPI3,GPU Utilization,P1,74.27,85.0,>,%
60004,E2E Full Test Corporation 1769042473 - Production,2024-03-31,P1-KPI3,GPU Utilization,P1,77.88,85.0,>,%
60004,E2E Full Test Corporation 1769042473 - Production,2024-04-30,P1-KPI3,GPU Utilization,P1,80.5,85.0,>,%
60004,E2E Full Test Corporation 1769042473 - Production,2024-05-30,P1-KPI3,GPU Utilization,P1,72.04,85.0,>,%
60004,E2E Full Test Corporation 1769042473 - Production,2024-06-29,P1-KPI3,GPU Utilization,P1,71.88,85.0,>,%
60004,E2E Full Test Corporation 1769042473 - Production,2024-07-29,P1-KPI3,GPU Utilization,P1,72.58,85.0,>,%
60004,E2E Full Test Corporation 1769042473 - Production,2024-08-28,P1-KPI3,GPU Utilization,P1,76.35,85.0,>,%
60004,E2E Full Test Corporation 1769042473 - Production,2024-09-27,P1-KPI3,GPU Utilization,P1,73.96,85.0,>,%
60004,E2E Full Test Corporation 1769042473 - Production,2024-10-27,P1-KPI3,GPU Utilization,P1,77.5,85.0,>,%
60004,E2E Full Test Corporation 1769042473 - Production,2024-11-26,P1-KPI3,GPU Utilization,P1,79.45,85.0,>,%
60004,E2E Full Test Corporation 1769042473 - Production,2024-01-01,P1-KPI4,Network Latency,P1,21.68,10.0,<,ms
60004,E2E Full Test Corporation 1769042473 - Production,2024-01-31,P1-KPI4,Network Latency,P1,22.67,10.0,<,ms
60004,E2E Full Test Corporation 1769042473 - Production,2024-03-01,P1-KPI4,Network Latency,P1,21.21,10.0,<,ms
60004,E2E Full Test Corporation 1769042473 - Production,2024-03-31,P1-KPI4,Network Latency,P1,21.53,10.0,<,ms
60004,E2E Full Test Corporation 1769042473 - Production,2024-04-30,P1-KPI4,Network Latency,P1,22.4,10.0,<,ms
60004,E2E Full Test Corporation 1769042473 - Production,2024-05-30,P1-KPI4,Network Latency,P1,27.96,10.0,<,ms
60004,E2E Full Test Corporation 1769042473 - Production,2024-06-29,P1-KPI4,Network Latency,P1,27.42,10.0,<,ms
60004,E2E Full Test Corporation 1769042473 - Production,2024-07-29,P1-KPI4,Network Latency,P1,29.05,10.0,<,ms
60004,E2E Full Test Corporation 1769042473 - Production,2024-08-28,P1-KPI4,Network Latency,P1,22.77,10.0,<,ms
60004,E2E Full Test Corporation 1769042473 - Production,2024-09-27,P1-KPI4,Network Latency,P1,21.47,10.0,<,ms
60004,E2E Full Test Corporation 1769042473 - Production,2024-10-27,P1-KPI4,Network Latency,P1,21.46,10.0,<,ms
60004,E2E Full Test Corporation 1769042473 - Production,2024-11-26,P1-KPI4,Network Latency,P1,22.63,10.0,<,ms
60004,E2E Full Test Corporation 1769042473 - Production,2024-01-01,P1-KPI5,Storage Performance,P1,81488.51,100000.0,>,IOPS
60004,E2E Full Test Corporation 1769042473 - Production,2024-01-31,P1-KPI5,Storage Performance,P1,87866.67,100000.0,>,IOPS
60004,E2E Full Test Corporation 1769042473 - Production,2024-03-01,P1-KPI5,Storage Performance,P1,86216.05,100000.0,>,IOPS
60004,E2E Full Test Corporation 1769042473 - Production,2024-03-31,P1-KPI5,Storage Performance,P1,88088.63,100000.0,>,IOPS
60004,E2E Full Test Corporation 1769042473 - Production,2024-04-30,P1-KPI5,Storage Performance,P1,82223.32,100000.0,>,IOPS
60004,E2E Full Test Corporation 1769042473 - Production,2024-05-30,P1-KPI5,Storage Performance,P1,78279.53,100000.0,>,IOPS
60004,E2E Full Test Corporation 1769042473 - Production,2024-06-29,P1-KPI5,Storage Performance,P1,80916.77,100000.0,>,IOPS
60004,E2E Full Test Corporation 1769042473 - Production,2024-07-29,P1-KPI5,Storage Performance,P1,76648.65,100000.0,>,IOPS
60004,E2E Full Test Corporation 1769042473 - Production,2024-08-28,P1-KPI5,Storage Performance,P1,84124.85,100000.0,>,IOPS
60004,E2E Full Test Corporation 1769042473 - Production,2024-09-27,P1-KPI5,Storage Performance,P1,82401.69,100000.0,>,IOPS
60004,E2E Full Test Corporation 1769042473 - Production,2024-10-27,P1-KPI5,Storage Performance,P1,85990.44,100000.0,>,IOPS
60004,E2E Full Test Corporation 1769042473 - Production,2024-11-26,P1-KPI5,Storage Performance,P1,86562.05,100000.0,>,IOPS
60004,E2E Full Test Corporation 1769042473 - Production,2024-01-01,P1-KPI6,Cooling Efficiency,P1,1.47,1.3,<,PUE
60004,E2E Full Test Corporation 1769042473 - Production,2024-01-31,P1-KPI6,Cooling Efficiency,P1,1.42,1.3,<,PUE
60004,E2E Full Test Corporation 1769042473 - Production,2024-03-01,P1-KPI6,Cooling Efficiency,P1,1.48,1.3,<,PUE
60004,E2E Full Test Corporation 1769042473 - Production,2024-03-31,P1-KPI6,Cooling Efficiency,P1,1.4,1.3,<,PUE
60004,E2E Full Test Corporation 1769042473 - Production,2024-04-30,P1-KPI6,Cooling Efficiency,P1,1.38,1.3,<,PUE
60004,E2E Full Test Corporation 1769042473 - Production,2024-05-30,P1-KPI6,Cooling Efficiency,P1,1.46,1.3,<,PUE
60004,E2E Full Test Corporation 1769042473 - Production,2024-06-29,P1-KPI6,Cooling Efficiency,P1,1.5,1.3,<,PUE
60004,E2E Full Test Corporation 1769042473 - Production,2024-07-29,P1-KPI6,Cooling Efficiency,P1,1.56,1.3,<,PUE
60004,E2E Full Test Corporation 1769042473 - Production,2024-08-28,P1-KPI6,Cooling Efficiency,P1,1.51,1.3,<,PUE
60004,E2E Full Test Corporation 1769042473 - Production,2024-09-27,P1-KPI6,Cooling Efficiency,P1,1.5,1.3,<,PUE
60004,E2E Full Test Corporation 1769042473 - Production,2024-10-27,P1-KPI6,Cooling Efficiency,P1,1.41,1.3,<,PUE
60004,E2E Full Test Corporation 1769042473 - Production,2024-11-26,P1-KPI6,Cooling Efficiency,P1,1.39,1.3,<,PUE
60004,E2E Full Test Corporation 1769042473 - Production,2024-01-01,P1-KPI7,Power Usage,P1,585.23,500.0,<,kW
60004,E2E Full Test Corporation 1769042473 - Production,2024-01-31,P1-KPI7,Power Usage,P1,603.54,500.0,<,kW
60004,E2E Full Test Corporation 1769042473 - Production,2024-03-01,P1-KPI7,Power Usage,P1,565.85,500.0,<,kW
60004,E2E Full Test Corporation 1769042473 - Production,2024-03-31,P1-KPI7,Power Usage,P1,605.4,500.0,<,kW
60004,E2E Full Test Corporation 1769042473 - Production,2024-04-30,P1-KPI7,Power Usage,P1,601.39,500.0,<,kW
60004,E2E Full Test Corporation 1769042473 - Production,2024-05-30,P1-KPI7,Power Usage,P1,626.14,500.0,<,kW
60004,E2E Full Test Corporation 1769042473 - Production,2024-06-29,P1-KPI7,Power Usage,P1,639.52,500.0,<,kW
60004,E2E Full Test Corporation 1769042473 - Production,2024-07-29,P1-KPI7,Power Usage,P1,657.31,500.0,<,kW
60004,E2E Full Test Corporation 1769042473 - Production,2024-08-28,P1-KPI7,Power Usage,P1,586.17,500.0,<,kW
60004,E2E Full Test Corporation 1769042473 - Production,2024-09-27,P1-KPI7,Power Usage,P1,562.34,500.0,<,kW
60004,E2E Full Test Corporation 1769042473 - Production,2024-10-27,P1-KPI7,Power Usage,P1,566.74,500.0,<,kW
60004,E2E Full Test Corporation 1769042473 - Production,2024-11-26,P1-KPI7,Power Usage,P1,608.29,500.0,<,kW
60004,E2E Full Test Corporation 1769042473 - Production,2024-01-01,P1-KPI8,Thermal Management,P1,27.2,25.0,<,°C
60004,E2E Full Test Corporation 1769042473 - Production,2024-01-31,P1-KPI8,Thermal Management,P1,27.84,25.0,<,°C
60004,E2E Full Test Corporation 1769042473 - Production,2024-03-01,P1-KPI8,Thermal Management,P1,26.71,25.0,<,°C
60004,E2E Full Test Corporation 1769042473 - Production,2024-03-31,P1-KPI8,Thermal Management,P1,26.9,25.0,<,°C
60004,E2E Full Test Corporation 1769042473 - Production,2024-04-30,P1-KPI8,Thermal Management,P1,28.52,25.0,<,°C
60004,E2E Full Test Corporation 1769042473 - Production,2024-05-30,P1-KPI8,Thermal Management,P1,30.58,25.0,<,°C
60004,E2E Full Test Corporation 1769042473 - Production,2024-06-29,P1-KPI8,Thermal Management,P1,30.72,25.0,<,°C
60004,E2E Full Test Corporation 1769042473 - Production,2024-07-29,P1-KPI8,Thermal Management,P1,28.39,25.0,<,°C
60004,E2E Full Test Corporation 1769042473 - Production,2024-08-28,P1-KPI8,Thermal Management,P1,27.45,25.0,<,°C
60004,E2E Full Test Corporation 1769042473 - Production,2024-09-27,P1-KPI8,Thermal Management,P1,27.4,25.0,<,°C
60004,E2E Full Test Corporation 1769042473 - Production,2024-10-27,P1-KPI8,Thermal Management,P1,27.15,25.0,<,°C
60004,E2E Full Test Corporation 1769042473 - Production,2024-11-26,P1-KPI8,Thermal Management,P1,29.32,25.0,<,°C
60004,E2E Full Test Corporation 1769042473 - Production,2024-01-01,P2-KPI1,SLA Compliance,P2,97.81,99.0,>,%
60004,E2E Full Test Corporation 1769042473 - Production,2024-01-31,P2-KPI1,SLA Compliance,P2,98.99,99.0,>,%
60004,E2E Full Test Corporation 1769042473 - Production,2024-03-01,P2-KPI1,SLA Compliance,P2,98.83,99.0,>,%
60004,E2E Full Test Corporation 1769042473 - Production,2024-03-31,P2-KPI1,SLA Compliance,P2,96.12,99.0,>,%
60004,E2E Full Test Corporation 1769042473 - Production,2024-04-30,P2-KPI1,SLA Compliance,P2,99.81,99.0,>,%
60004,E2E Full Test Corporation 1769042473 - Production,2024-05-30,P2-KPI1,SLA Compliance,P2,99.7,99.0,>,%
60004,E2E Full Test Corporation 1769042473 - Production,2024-06-29,P2-KPI1,SLA Compliance,P2,96.17,99.0,>,%
60004,E2E Full Test Corporation 1769042473 - Production,2024-07-29,P2-KPI1,SLA Compliance,P2,98.69,99.0,>,%
60004,E2E Full Test Corporation 1769042473 - Production,2024-08-28,P2-KPI1,SLA Compliance,P2,100.0,99.0,>,%
60004,E2E Full Test Corporation 1769042473 - Production,2024-09-27,P2-KPI1,SLA Compliance,P2,100.0,99.0,>,%
60004,E2E Full Test Corporation 1769042473 - Production,2024-10-27,P2-KPI1,SLA Compliance,P2,96.18,99.0,>,%
60004,E2E Full Test Corporation 1769042473 - Production,2024-11-26,P2-KPI1,SLA Compliance,P2,95.08,99.0,>,%
60004,E2E Full Test Corporation 1769042473 - Production,2024-01-01,P2-KPI2,Incident Response Time,P2,27.08,15.0,<,minutes
60004,E2E Full Test Corporation 1769042473 - Production,2024-01-31,P2-KPI2,Incident Response Time,P2,27.45,15.0,<,minutes
60004,E2E Full Test Corporation 1769042473 - Production,2024-03-01,P2-KPI2,Incident Response Time,P2,28.19,15.0,<,minutes
60004,E2E Full Test Corporation 1769042473 - Production,2024-03-31,P2-KPI2,Incident Response Time,P2,27.52,15.0,<,minutes
60004,E2E Full Test Corporation 1769042473 - Production,2024-04-30,P2-KPI2,Incident Response Time,P2,28.06,15.0,<,minutes
60004,E2E Full Test Corporation 1769042473 - Production,2024-05-30,P2-KPI2,Incident Response Time,P2,35.99,15.0,<,minutes
60004,E2E Full Test Corporation 1769042473 - Production,2024-06-29,P2-KPI2,Incident Response Time,P2,36.52,15.0,<,minutes
60004,E2E Full Test Corporation 1769042473 - Production,2024-07-29,P2-KPI2,Incident Response Time,P2,36.03,15.0,<,minutes
60004,E2E Full Test Corporation 1769042473 - Production,2024-08-28,P2-KPI2,Incident Response Time,P2,27.8,15.0,<,minutes
60004,E2E Full Test Corporation 1769042473 - Production,2024-09-27,P2-KPI2,Incident Response Time,P2,29.09,15.0,<,minutes
60004,E2E Full Test Corporation 1769042473 - Production,2024-10-27,P2-KPI2,Incident Response Time,P2,29.4,15.0,<,minutes
60004,E2E Full Test Corporation 1769042473 - Production,2024-11-26,P2-KPI2,Incident Response Time,P2,27.48,15.0,<,minutes
60004,E2E Full Test Corporation 1769042473 - Production,2024-01-01,P2-KPI3,Change Success Rate,P2,94.86,98.0,>,%
60004,E2E Full Test Corporation 1769042473 - Production,2024-01-31,P2-KPI3,Change Success Rate,P2,95.01,98.0,>,%
60004,E2E Full Test Corporation 1769042473 - Production,2024-03-01,P2-KPI3,Change Success Rate,P2,97.74,98.0,>,%
60004,E2E Full Test Corporation 1769042473 - Production,2024-03-31,P2-KPI3,Change Success Rate,P2,93.88,98.0,>,%
60004,E2E Full Test Corporation 1769042473 - Production,2024-04-30,P2-KPI3,Change Success Rate,P2,97.74,98.0,>,%
60004,E2E Full Test Corporation 1769042473 - Production,2024-05-30,P2-KPI3,Change Success Rate,P2,97.5,98.0,>,%
60004,E2E Full Test Corporation 1769042473 - Production,2024-06-29,P2-KPI3,Change Success Rate,P2,91.24,98.0,>,%
60004,E2E Full Test Corporation 1769042473 - Production,2024-07-29,P2-KPI3,Change Success Rate,P2,95.96,98.0,>,%
60004,E2E Full Test Corporation 1769042473 - Production,2024-08-28,P2-KPI3,Change Success Rate,P2,95.05,98.0,>,%
60004,E2E Full Test Corporation 1769042473 - Production,2024-09-27,P2-KPI3,Change Success Rate,P2,95.78,98.0,>,%
60004,E2E Full Test Corporation 1769042473 - Production,2024-10-27,P2-KPI3,Change Success Rate,P2,93.92,98.0,>,%
60004,E2E Full Test Corporation 1769042473 - Production,2024-11-26,P2-KPI3,Change Success Rate,P2,93.1,98.0,>,%
60004,E2E Full Test Corporation 1769042473 - Production,2024-01-01,P2-KPI4,Backup Success Rate,P2,99.83,100.0,>,%
60004,E2E Full Test Corporation 1769042473 - Production,2024-01-31,P2-KPI4,Backup Success Rate,P2,96.21,100.0,>,%
60004,E2E Full Test Corporation 1769042473 - Production,2024-03-01,P2-KPI4,Backup Success Rate,P2,95.76,100.0,>,%
60004,E2E Full Test Corporation 1769042473 - Production,2024-03-31,P2-KPI4,Backup Success Rate,P2,100.0,100.0,>,%
60004,E2E Full Test Corporation 1769042473 - Production,2024-04-30,P2-KPI4,Backup Success Rate,P2,95.48,100.0,>,%
60004,E2E Full Test Corporation 1769042473 - Production,2024-05-30,P2-KPI4,Backup Success Rate,P2,100.0,100.0,>,%
60004,E2E Full Test Corporation 1769042473 - Production,2024-06-29,P2-KPI4,Backup Success Rate,P2,100.0,100.0,>,%
60004,E2E Full Test Corporation 1769042473 - Production,2024-07-29,P2-KPI4,Backup Success Rate,P2,100.0,100.0,>,%
60004,E2E Full Test Corporation 1769042473 - Production,2024-08-28,P2-KPI4,Backup Success Rate,P2,100.0,100.0,>,%
60004,E2E Full Test Corporation 1769042473 - Production,2024-09-27,P2-KPI4,Backup Success Rate,P2,99.76,100.0,>,%
60004,E2E Full Test Corporation 1769042473 - Production,2024-10-27,P2-KPI4,Backup Success Rate,P2,100.0,100.0,>,%
60004,E2E Full Test Corporation 1769042473 - Production,2024-11-26,P2-KPI4,Backup Success Rate,P2,98.16,100.0,>,%
60004,E2E Full Test Corporation 1769042473 - Production,2024-01-01,P2-KPI5,Patch Compliance,P2,92.9,95.0,>,%
60004,E2E Full Test Corporation 1769042473 - Production,2024-01-31,P2-KPI5,Patch Compliance,P2,91.47,95.0,>,%
60004,E2E Full Test Corporation 1769042473 - Production,2024-03-01,P2-KPI5,Patch Compliance,P2,87.51,95.0,>,%
60004,E2E Full Test Corporation 1769042473 - Production,2024-03-31,P2-KPI5,Patch Compliance,P2,91.19,95.0,>,%
60004,E2E Full Test Corporation 1769042473 - Production,2024-04-30,P2-KPI5,Patch Compliance,P2,90.28,95.0,>,%
60004,E2E Full Test Corporation 1769042473 - Production,2024-05-30,P2-KPI5,Patch Compliance,P2,88.35,95.0,>,%
60004,E2E Full Test Corporation 1769042473 - Production,2024-06-29,P2-KPI5,Patch Compliance,P2,89.61,95.0,>,%
60004,E2E Full Test Corporation 1769042473 - Production,2024-07-29,P2-KPI5,Patch Compliance,P2,88.12,95.0,>,%
60004,E2E Full Test Corporation 1769042473 - Production,2024-08-28,P2-KPI5,Patch Compliance,P2,94.4,95.0,>,%
60004,E2E Full Test Corporation 1769042473 - Production,2024-09-27,P2-KPI5,Patch Compliance,P2,94.72,95.0,>,%
60004,E2E Full Test Corporation 1769042473 - Production,2024-10-27,P2-KPI5,Patch Compliance,P2,89.27,95.0,>,%
60004,E2E Full Test Corporation 1769042473 - Production,2024-11-26,P2-KPI5,Patch Compliance,P2,86.99,95.0,>,%
60004,E2E Full Test Corporation 1769042473 - Production,2024-01-01,P2-KPI6,Service Request Fulfillment,P2,5.16,3.0,<,days
60004,E2E Full Test Corporation 1769042473 - Production,2024-01-31,P2-KPI6,Service Request Fulfillment,P2,5.23,3.0,<,days
60004,E2E Full Test Corporation 1769042473 - Production,2024-03-01,P2-KPI6,Service Request Fulfillment,P2,5.18,3.0,<,days
60004,E2E Full Test Corporation 1769042473 - Production,2024-03-31,P2-KPI6,Service Request Fulfillment,P2,5.06,3.0,<,days
60004,E2E Full Test Corporation 1769042473 - Production,2024-04-30,P2-KPI6,Service Request Fulfillment,P2,5.2,3.0,<,days
60004,E2E Full Test Corporation 1769042473 - Production,2024-05-30,P2-KPI6,Service Request Fulfillment,P2,6.06,3.0,<,days
60004,E2E Full Test Corporation 1769042473 - Production,2024-06-29,P2-KPI6,Service Request Fulfillment,P2,6.07,3.0,<,days
60004,E2E Full Test Corporation 1769042473 - Production,2024-07-29,P2-KPI6,Service Request Fulfillment,P2,5.86,3.0,<,days
60004,E2E Full Test Corporation 1769042473 - Production,2024-08-28,P2-KPI6,Service Request Fulfillment,P2,4.85,3.0,<,days
60004,E2E Full Test Corporation 1769042473 - Production,2024-09-27,P2-KPI6,Service Request Fulfillment,P2,4.91,3.0,<,days
60004,E2E Full Test Corporation 1769042473 - Production,2024-10-27,P2-KPI6,Service Request Fulfillment,P2,5.08,3.0,<,days
60004,E2E Full Test Corporation 1769042473 - Production,2024-11-26,P2-KPI6,Service Request Fulfillment,P2,5.22,3.0,<,days
60004,E2E Full Test Corporation 1769042473 - Production,2024-01-01,P2-KPI7,Capacity Planning Accuracy,P2,82.02,90.0,>,%
60004,E2E Full Test Corporation 1769042473 - Production,2024-01-31,P2-KPI7,Capacity Planning Accuracy,P2,84.55,90.0,>,%
60004,E2E Full Test Corporation 1769042473 - Production,2024-03-01,P2-KPI7,Capacity Planning Accuracy,P2,81.25,90.0,>,%
60004,E2E Full Test Corporation 1769042473 - Production,2024-03-31,P2-KPI7,Capacity Planning Accuracy,P2,87.18,90.0,>,%
60004,E2E Full Test Corporation 1769042473 - Production,2024-04-30,P2-KPI7,Capacity Planning Accuracy,P2,87.96,90.0,>,%
60004,E2E Full Test Corporation 1769042473 - Production,2024-05-30,P2-KPI7,Capacity Planning Accuracy,P2,77.25,90.0,>,%
60004,E2E Full Test Corporation 1769042473 - Production,2024-06-29,P2-KPI7,Capacity Planning Accuracy,P2,80.6,90.0,>,%
60004,E2E Full Test Corporation 1769042473 - Production,2024-07-29,P2-KPI7,Capacity Planning Accuracy,P2,81.7,90.0,>,%
60004,E2E Full Test Corporation 1769042473 - Production,2024-08-28,P2-KPI7,Capacity Planning Accuracy,P2,84.64,90.0,>,%
60004,E2E Full Test Corporation 1769042473 - Production,2024-09-27,P2-KPI7,Capacity Planning Accuracy,P2,81.15,90.0,>,%
60004,E2E Full Test Corporation 1769042473 - Production,2024-10-27,P2-KPI7,Capacity Planning Accuracy,P2,80.9,90.0,>,%
60004,E2E Full Test Corporation 1769042473 - Production,2024-11-26,P2-KPI7,Capacity Planning Accuracy,P2,82.39,90.0,>,%
60004,E2E Full Test Corporation 1769042473 - Production,2024-01-01,P2-KPI8,Documentation Quality,P2,78.73,85.0,>,score
60004,E2E Full Test Corporation 1769042473 - Production,2024-01-31,P2-KPI8,Documentation Quality,P2,73.92,85.0,>,score
60004,E2E Full Test Corporation 1769042473 - Production,2024-03-01,P2-KPI8,Documentation Quality,P2,77.98,85.0,>,score
60004,E2E Full Test Corporation 1769042473 - Production,2024-03-31,P2-KPI8,Documentation Quality,P2,79.64,85.0,>,score
60004,E2E Full Test Corporation 1769042473 - Production,2024-04-30,P2-KPI8,Documentation Quality,P2,77.62,85.0,>,score
60004,E2E Full Test Corporation 1769042473 - Production,2024-05-30,P2-KPI8,Documentation Quality,P2,75.02,85.0,>,score
60004,E2E Full Test Corporation 1769042473 - Production,2024-06-29,P2-KPI8,Documentation Quality,P2,76.72,85.0,>,score
60004,E2E Full Test Corporation 1769042473 - Production,2024-07-29,P2-KPI8,Documentation Quality,P2,70.52,85.0,>,score
60004,E2E Full Test Corporation 1769042473 - Production,2024-08-28,P2-KPI8,Documentation Quality,P2,74.2,85.0,>,score
60004,E2E Full Test Corporation 1769042473 - Production,2024-09-27,P2-KPI8,Documentation Quality,P2,73.73,85.0,>,score
60004,E2E Full Test Corporation 1769042473 - Production,2024-10-27,P2-KPI8,Documentation Quality,P2,80.54,85.0,>,score
60004,E2E Full Test Corporation 1769042473 - Production,2024-11-26,P2-KPI8,Documentation Quality,P2,73.7,85.0,>,score
60004,E2E Full Test Corporation 1769042473 - Production,2024-01-01,P3-KPI1,CSAT Score,P3,4.0,4.5,>,score
60004,E2E Full Test Corporation 1769042473 - Production,2024-01-31,P3-KPI1,CSAT Score,P3,4.17,4.5,>,score
60004,E2E Full Test Corporation 1769042473 - Production,2024-03-01,P3-KPI1,CSAT Score,P3,4.02,4.5,>,score
60004,E2E Full Test Corporation 1769042473 - Production,2024-03-31,P3-KPI1,CSAT Score,P3,3.92,4.5,>,score
60004,E2E Full Test Corporation 1769042473 - Production,2024-04-30,P3-KPI1,CSAT Score,P3,4.17,4.5,>,score
60004,E2E Full Test Corporation 1769042473 - Production,2024-05-30,P3-KPI1,CSAT Score,P3,4.0,4.5,>,score
60004,E2E Full Test Corporation 1769042473 - Production,2024-06-29,P3-KPI1,CSAT Score,P3,3.96,4.5,>,score
60004,E2E Full Test Corporation 1769042473 - Production,2024-07-29,P3-KPI1,CSAT Score,P3,3.74,4.5,>,score
60004,E2E Full Test Corporation 1769042473 - Production,2024-08-28,P3-KPI1,CSAT Score,P3,4.07,4.5,>,score
60004,E2E Full Test Corporation 1769042473 - Production,2024-09-27,P3-KPI1,CSAT Score,P3,4.17,4.5,>,score
60004,E2E Full Test Corporation 1769042473 - Production,2024-10-27,P3-KPI1,CSAT Score,P3,4.12,4.5,>,score
60004,E2E Full Test Corporation 1769042473 - Production,2024-11-26,P3-KPI1,CSAT Score,P3,3.99,4.5,>,score
60004,E2E Full Test Corporation 1769042473 - Production,2024-01-01,P3-KPI2,Support Ticket Volume,P3,44.38,20.0,<,tickets
60004,E2E Full Test Corporation 1769042473 - Production,2024-01-31,P3-KPI2,Support Ticket Volume,P3,45.52,20.0,<,tickets
60004,E2E Full Test Corporation 1769042473 - Production,2024-03-01,P3-KPI2,Support Ticket Volume,P3,43.07,20.0,<,tickets
60004,E2E Full Test Corporation 1769042473 - Production,2024-03-31,P3-KPI2,Support Ticket Volume,P3,46.04,20.0,<,tickets
60004,E2E Full Test Corporation 1769042473 - Production,2024-04-30,P3-KPI2,Support Ticket Volume,P3,45.92,20.0,<,tickets
60004,E2E Full Test Corporation 1769042473 - Production,2024-05-30,P3-KPI2,Support Ticket Volume,P3,57.34,20.0,<,tickets
60004,E2E Full Test Corporation 1769042473 - Production,2024-06-29,P3-KPI2,Support Ticket Volume,P3,57.21,20.0,<,tickets
60004,E2E Full Test Corporation 1769042473 - Production,2024-07-29,P3-KPI2,Support Ticket Volume,P3,56.21,20.0,<,tickets
60004,E2E Full Test Corporation 1769042473 - Production,2024-08-28,P3-KPI2,Support Ticket Volume,P3,43.55,20.0,<,tickets
60004,E2E Full Test Corporation 1769042473 - Production,2024-09-27,P3-KPI2,Support Ticket Volume,P3,46.04,20.0,<,tickets
60004,E2E Full Test Corporation 1769042473 - Production,2024-10-27,P3-KPI2,Support Ticket Volume,P3,44.56,20.0,<,tickets
60004,E2E Full Test Corporation 1769042473 - Production,2024-11-26,P3-KPI2,Support Ticket Volume,P3,42.81,20.0,<,tickets
60004,E2E Full Test Corporation 1769042473 - Production,2024-01-01,P3-KPI3,First Contact Resolution,P3,64.38,75.0,>,%
60004,E2E Full Test Corporation 1769042473 - Production,2024-01-31,P3-KPI3,First Contact Resolution,P3,66.89,75.0,>,%
60004,E2E Full Test Corporation 1769042473 - Production,2024-03-01,P3-KPI3,First Contact Resolution,P3,64.74,75.0,>,%
60004,E2E Full Test Corporation 1769042473 - Production,2024-03-31,P3-KPI3,First Contact Resolution,P3,68.73,75.0,>,%
60004,E2E Full Test Corporation 1769042473 - Production,2024-04-30,P3-KPI3,First Contact Resolution,P3,65.51,75.0,>,%
60004,E2E Full Test Corporation 1769042473 - Production,2024-05-30,P3-KPI3,First Contact Resolution,P3,60.69,75.0,>,%
60004,E2E Full Test Corporation 1769042473 - Production,2024-06-29,P3-KPI3,First Contact Resolution,P3,66.91,75.0,>,%
60004,E2E Full Test Corporation 1769042473 - Production,2024-07-29,P3-KPI3,First Contact Resolution,P3,65.65,75.0,>,%
60004,E2E Full Test Corporation 1769042473 - Production,2024-08-28,P3-KPI3,First Contact Resolution,P3,64.99,75.0,>,%
60004,E2E Full Test Corporation 1769042473 - Production,2024-09-27,P3-KPI3,First Contact Resolution,P3,70.15,75.0,>,%
60004,E2E Full Test Corporation 1769042473 - Production,2024-10-27,P3-KPI3,First Contact Resolution,P3,67.53,75.0,>,%
60004,E2E Full Test Corporation 1769042473 - Production,2024-11-26,P3-KPI3,First Contact Resolution,P3,64.59,75.0,>,%
60004,E2E Full Test Corporation 1769042473 - Production,2024-01-01,P3-KPI4,Training Completion,P3,83.17,90.0,>,%
60004,E2E Full Test Corporation 1769042473 - Production,2024-01-31,P3-KPI4,Training Completion,P3,77.76,90.0,>,%
60004,E2E Full Test Corporation 1769042473 - Production,2024-03-01,P3-KPI4,Training Completion,P3,79.23,90.0,>,%
60004,E2E Full Test Corporation 1769042473 - Production,2024-03-31,P3-KPI4,Training Completion,P3,80.93,90.0,>,%
60004,E2E Full Test Corporation 1769042473 - Production,2024-04-30,P3-KPI4,Training Completion,P3,85.01,90.0,>,%
60004,E2E Full Test Corporation 1769042473 - Production,2024-05-30,P3-KPI4,Training Completion,P3,79.09,90.0,>,%
60004,E2E Full Test Corporation 1769042473 - Production,2024-06-29,P3-KPI4,Training Completion,P3,79.02,90.0,>,%
60004,E2E Full Test Corporation 1769042473 - Production,2024-07-29,P3-KPI4,Training Completion,P3,79.25,90.0,>,%
60004,E2E Full Test Corporation 1769042473 - Production,2024-08-28,P3-KPI4,Training Completion,P3,78.05,90.0,>,%
60004,E2E Full Test Corporation 1769042473 - Production,2024-09-27,P3-KPI4,Training Completion,P3,81.85,90.0,>,%
60004,E2E Full Test Corporation 1769042473 - Production,2024-10-27,P3-KPI4,Training Completion,P3,81.72,90.0,>,%
60004,E2E Full Test Corporation 1769042473 - Production,2024-11-26,P3-KPI4,Training Completion,P3,77.67,90.0,>,%
60004,E2E Full Test Corporation 1769042473 - Production,2024-01-01,P3-KPI5,User Adoption Rate,P3,67.91,80.0,>,%
60004,E2E Full Test Corporation 1769042473 - Production,2024-01-31,P3-KPI5,User Adoption Rate,P3,71.29,80.0,>,%
60004,E2E Full Test Corporation 1769042473 - Production,2024-03-01,P3-KPI5,User Adoption Rate,P3,71.43,80.0,>,%
60004,E2E Full Test Corporation 1769042473 - Production,2024-03-31,P3-KPI5,User Adoption Rate,P3,70.4,80.0,>,%
60004,E2E Full Test Corporation 1769042473 - Production,2024-04-30,P3-KPI5,User Adoption Rate,P3,70.24,80.0,>,%
60004,E2E Full Test Corporation 1769042473 - Production,2024-05-30,P3-KPI5,User Adoption Rate,P3,64.12,80.0,>,%
60004,E2E Full Test Corporation 1769042473 - Production,2024-06-29,P3-KPI5,User Adoption Rate,P3,63.28,80.0,>,%
60004,E2E Full Test Corporation 1769042473 - Production,2024-07-29,P3-KPI5,User Adoption Rate,P3,64.07,80.0,>,%
60004,E2E Full Test Corporation 1769042473 - Production,2024-08-28,P3-KPI5,User Adoption Rate,P3,71.42,80.0,>,%
60004,E2E Full Test Corporation 1769042473 - Production,2024-09-27,P3-KPI5,User Adoption Rate,P3,69.36,80.0,>,%
60004,E2E Full Test Corporation 1769042473 - Production,2024-10-27,P3-KPI5,User Adoption Rate,P3,72.22,80.0,>,%
60004,E2E Full Test Corporation 1769042473 - Production,2024-11-26,P3-KPI5,User Adoption Rate,P3,68.39,80.0,>,%
60004,E2E Full Test Corporation 1769042473 - Production,2024-01-01,P3-KPI6,Executive Engagement,P3,3.36,4.0,>,meetings/quarter
60004,E2E Full Test Corporation 1769042473 - Production,2024-01-31,P3-KPI6,Executive Engagement,P3,3.31,4.0,>,meetings/quarter
60004,E2E Full Test Corporation 1769042473 - Production,2024-03-01,P3-KPI6,Executive Engagement,P3,3.35,4.0,>,meetings/quarter
60004,E2E Full Test Corporation 1769042473 - Production,2024-03-31,P3-KPI6,Executive Engagement,P3,3.39,4.0,>,meetings/quarter
60004,E2E Full Test Corporation 1769042473 - Production,2024-04-30,P3-KPI6,Executive Engagement,P3,3.53,4.0,>,meetings/quarter
60004,E2E Full Test Corporation 1769042473 - Production,2024-05-30,P3-KPI6,Executive Engagement,P3,2.97,4.0,>,meetings/quarter
60004,E2E Full Test Corporation 1769042473 - Production,2024-06-29,P3-KPI6,Executive Engagement,P3,3.01,4.0,>,meetings/quarter
60004,E2E Full Test Corporation 1769042473 - Production,2024-07-29,P3-KPI6,Executive Engagement,P3,3.18,4.0,>,meetings/quarter
60004,E2E Full Test Corporation 1769042473 - Production,2024-08-28,P3-KPI6,Executive Engagement,P3,3.49,4.0,>,meetings/quarter
60004,E2E Full Test Corporation 1769042473 - Production,2024-09-27,P3-KPI6,Executive Engagement,P3,3.25,4.0,>,meetings/quarter
60004,E2E Full Test Corporation 1769042473 - Production,2024-10-27,P3-KPI6,Executive Engagement,P3,3.34,4.0,>,meetings/quarter
60004,E2E Full Test Corporation 1769042473 - Production,2024-11-26,P3-KPI6,Executive Engagement,P3,3.52,4.0,>,meetings/quarter
60004,E2E Full Test Corporation 1769042473 - Production,2024-01-01,P3-KPI7,Response Time SLA,P3,56.81,30.0,<,minutes
60004,E2E Full Test Corporation 1769042473 - Production,2024-01-31,P3-KPI7,Response Time SLA,P3,54.18,30.0,<,minutes
60004,E2E Full Test Corporation 1769042473 - Production,2024-03-01,P3-KPI7,Response Time SLA,P3,56.8,30.0,<,minutes
60004,E2E Full Test Corporation 1769042473 - Production,2024-03-31,P3-KPI7,Response Time SLA,P3,57.4,30.0,<,minutes
60004,E2E Full Test Corporation 1769042473 - Production,2024-04-30,P3-KPI7,Response Time SLA,P3,59.06,30.0,<,minutes
60004,E2E Full Test Corporation 1769042473 - Production,2024-05-30,P3-KPI7,Response Time SLA,P3,72.29,30.0,<,minutes
60004,E2E Full Test Corporation 1769042473 - Production,2024-06-29,P3-KPI7,Response Time SLA,P3,67.2,30.0,<,minutes
60004,E2E Full Test Corporation 1769042473 - Production,2024-07-29,P3-KPI7,Response Time SLA,P3,72.09,30.0,<,minutes
60004,E2E Full Test Corporation 1769042473 - Production,2024-08-28,P3-KPI7,Response Time SLA,P3,54.66,30.0,<,minutes
60004,E2E Full Test Corporation 1769042473 - Production,2024-09-27,P3-KPI7,Response Time SLA,P3,56.51,30.0,<,minutes
60004,E2E Full Test Corporation 1769042473 - Production,2024-10-27,P3-KPI7,Response Time SLA,P3,55.83,30.0,<,minutes
60004,E2E Full Test Corporation 1769042473 - Production,2024-11-26,P3-KPI7,Response Time SLA,P3,59.19,30.0,<,minutes
60004,E2E Full Test Corporation 1769042473 - Production,2024-01-01,P4-KPI1,ROI Achievement,P4,129.56,150.0,>,%
60004,E2E Full Test Corporation 1769042473 - Production,2024-01-31,P4-KPI1,ROI Achievement,P4,138.82,150.0,>,%
60004,E2E Full Test Corporation 1769042473 - Production,2024-03-01,P4-KPI1,ROI Achievement,P4,138.05,150.0,>,%
60004,E2E Full Test Corporation 1769042473 - Production,2024-03-31,P4-KPI1,ROI Achievement,P4,136.5,150.0,>,%
60004,E2E Full Test Corporation 1769042473 - Production,2024-04-30,P4-KPI1,ROI Achievement,P4,135.5,150.0,>,%
60004,E2E Full Test Corporation 1769042473 - Production,2024-05-30,P4-KPI1,ROI Achievement,P4,128.08,150.0,>,%
60004,E2E Full Test Corporation 1769042473 - Production,2024-06-29,P4-KPI1,ROI Achievement,P4,131.23,150.0,>,%
60004,E2E Full Test Corporation 1769042473 - Production,2024-07-29,P4-KPI1,ROI Achievement,P4,129.87,150.0,>,%
60004,E2E Full Test Corporation 1769042473 - Production,2024-08-28,P4-KPI1,ROI Achievement,P4,128.61,150.0,>,%
60004,E2E Full Test Corporation 1769042473 - Production,2024-09-27,P4-KPI1,ROI Achievement,P4,131.44,150.0,>,%
60004,E2E Full Test Corporation 1769042473 - Production,2024-10-27,P4-KPI1,ROI Achievement,P4,129.85,150.0,>,%
60004,E2E Full Test Corporation 1769042473 - Production,2024-11-26,P4-KPI1,ROI Achievement,P4,138.12,150.0,>,%
60004,E2E Full Test Corporation 1769042473 - Production,2024-01-01,P4-KPI2,Cost Reduction,P4,13.63,20.0,>,%
60004,E2E Full Test Corporation 1769042473 - Production,2024-01-31,P4-KPI2,Cost Reduction,P4,13.99,20.0,>,%
60004,E2E Full Test Corporation 1769042473 - Production,2024-03-01,P4-KPI2,Cost Reduction,P4,14.57,20.0,>,%
60004,E2E Full Test Corporation 1769042473 - Production,2024-03-31,P4-KPI2,Cost Reduction,P4,14.08,20.0,>,%
60004,E2E Full Test Corporation 1769042473 - Production,2024-04-30,P4-KPI2,Cost Reduction,P4,13.67,20.0,>,%
60004,E2E Full Test Corporation 1769042473 - Production,2024-05-30,P4-KPI2,Cost Reduction,P4,11.13,20.0,>,%
60004,E2E Full Test Corporation 1769042473 - Production,2024-06-29,P4-KPI2,Cost Reduction,P4,10.91,20.0,>,%
60004,E2E Full Test Corporation 1769042473 - Production,2024-07-29,P4-KPI2,Cost Reduction,P4,11.37,20.0,>,%
60004,E2E Full Test Corporation 1769042473 - Production,2024-08-28,P4-KPI2,Cost Reduction,P4,14.58,20.0,>,%
60004,E2E Full Test Corporation 1769042473 - Production,2024-09-27,P4-KPI2,Cost Reduction,P4,13.36,20.0,>,%
60004,E2E Full Test Corporation 1769042473 - Production,2024-10-27,P4-KPI2,Cost Reduction,P4,13.34,20.0,>,%
60004,E2E Full Test Corporation 1769042473 - Production,2024-11-26,P4-KPI2,Cost Reduction,P4,14.58,20.0,>,%
60004,E2E Full Test Corporation 1769042473 - Production,2024-01-01,P4-KPI3,Time to Value,P4,117.02,90.0,<,days
60004,E2E Full Test Corporation 1769042473 - Production,2024-01-31,P4-KPI3,Time to Value,P4,115.84,90.0,<,days
60004,E2E Full Test Corporation 1769042473 - Production,2024-03-01,P4-KPI3,Time to Value,P4,121.62,90.0,<,days
60004,E2E Full Test Corporation 1769042473 - Production,2024-03-31,P4-KPI3,Time to Value,P4,121.17,90.0,<,days
60004,E2E Full Test Corporation 1769042473 - Production,2024-04-30,P4-KPI3,Time to Value,P4,120.43,90.0,<,days
60004,E2E Full Test Corporation 1769042473 - Production,2024-05-30,P4-KPI3,Time to Value,P4,132.73,90.0,<,days
60004,E2E Full Test Corporation 1769042473 - Production,2024-06-29,P4-KPI3,Time to Value,P4,131.05,90.0,<,days
60004,E2E Full Test Corporation 1769042473 - Production,2024-07-29,P4-KPI3,Time to Value,P4,129.61,90.0,<,days
60004,E2E Full Test Corporation 1769042473 - Production,2024-08-28,P4-KPI3,Time to Value,P4,122.68,90.0,<,days
60004,E2E Full Test Corporation 1769042473 - Production,2024-09-27,P4-KPI3,Time to Value,P4,117.5,90.0,<,days
60004,E2E Full Test Corporation 1769042473 - Production,2024-10-27,P4-KPI3,Time to Value,P4,113.84,90.0,<,days
60004,E2E Full Test Corporation 1769042473 - Production,2024-11-26,P4-KPI3,Time to Value,P4,113.58,90.0,<,days
60004,E2E Full Test Corporation 1769042473 - Production,2024-01-01,P4-KPI4,Revenue Enablement,P4,3.9,5.0,>,$M
60004,E2E Full Test Corporation 1769042473 - Production,2024-01-31,P4-KPI4,Revenue Enablement,P4,3.88,5.0,>,$M
60004,E2E Full Test Corporation 1769042473 - Production,2024-03-01,P4-KPI4,Revenue Enablement,P4,3.72,5.0,>,$M
60004,E2E Full Test Corporation 1769042473 - Production,2024-03-31,P4-KPI4,Revenue Enablement,P4,3.65,5.0,>,$M
60004,E2E Full Test Corporation 1769042473 - Production,2024-04-30,P4-KPI4,Revenue Enablement,P4,3.82,5.0,>,$M
60004,E2E Full Test Corporation 1769042473 - Production,2024-05-30,P4-KPI4,Revenue Enablement,P4,3.12,5.0,>,$M
60004,E2E Full Test Corporation 1769042473 - Production,2024-06-29,P4-KPI4,Revenue Enablement,P4,3.04,5.0,>,$M
60004,E2E Full Test Corporation 1769042473 - Production,2024-07-29,P4-KPI4,Revenue Enablement,P4,3.06,5.0,>,$M
60004,E2E Full Test Corporation 1769042473 - Production,2024-08-28,P4-KPI4,Revenue Enablement,P4,3.81,5.0,>,$M
60004,E2E Full Test Corporation 1769042473 - Production,2024-09-27,P4-KPI4,Revenue Enablement,P4,3.8,5.0,>,$M
60004,E2E Full Test Corporation 1769042473 - Production,2024-10-27,P4-KPI4,Revenue Enablement,P4,3.94,5.0,>,$M
60004,E2E Full Test Corporation 1769042473 - Production,2024-11-26,P4-KPI4,Revenue Enablement,P4,3.91,5.0,>,$M
60004,E2E Full Test Corporation 1769042473 - Production,2024-01-01,P4-KPI5,Operational Efficiency,P4,74.71,85.0,>,%
60004,E2E Full Test Corporation 1769042473 - Production,2024-01-31,P4-KPI5,Operational Efficiency,P4,79.38,85.0,>,%
60004,E2E Full Test Corporation 1769042473 - Production,2024-03-01,P4-KPI5,Operational Efficiency,P4,76.94,85.0,>,%
60004,E2E Full Test Corporation 1769042473 - Production,2024-03-31,P4-KPI5,Operational Efficiency,P4,75.29,85.0,>,%
60004,E2E Full Test Corporation 1769042473 - Production,2024-04-30,P4-KPI5,Operational Efficiency,P4,77.29,85.0,>,%
60004,E2E Full Test Corporation 1769042473 - Production,2024-05-30,P4-KPI5,Operational Efficiency,P4,75.63,85.0,>,%
60004,E2E Full Test Corporation 1769042473 - Production,2024-06-29,P4-KPI5,Operational Efficiency,P4,75.67,85.0,>,%
60004,E2E Full Test Corporation 1769042473 - Production,2024-07-29,P4-KPI5,Operational Efficiency,P4,75.05,85.0,>,%
60004,E2E Full Test Corporation 1769042473 - Production,2024-08-28,P4-KPI5,Operational Efficiency,P4,80.3,85.0,>,%
60004,E2E Full Test Corporation 1769042473 - Production,2024-09-27,P4-KPI5,Operational Efficiency,P4,76.37,85.0,>,%
60004,E2E Full Test Corporation 1769042473 - Production,2024-10-27,P4-KPI5,Operational Efficiency,P4,77.44,85.0,>,%
60004,E2E Full Test Corporation 1769042473 - Production,2024-11-26,P4-KPI5,Operational Efficiency,P4,77.27,85.0,>,%
60004,E2E Full Test Corporation 1769042473 - Production,2024-01-01,P4-KPI6,Innovation Projects,P4,2.46,3.0,>,count
60004,E2E Full Test Corporation 1769042473 - Production,2024-01-31,P4-KPI6,Innovation Projects,P4,2.31,3.0,>,count
60004,E2E Full Test Corporation 1769042473 - Production,2024-03-01,P4-KPI6,Innovation Projects,P4,2.49,3.0,>,count
60004,E2E Full Test Corporation 1769042473 - Production,2024-03-31,P4-KPI6,Innovation Projects,P4,2.3,3.0,>,count
60004,E2E Full Test Corporation 1769042473 - Production,2024-04-30,P4-KPI6,Innovation Projects,P4,2.49,3.0,>,count
60004,E2E Full Test Corporation 1769042473 - Production,2024-05-30,P4-KPI6,Innovation Projects,P4,2.03,3.0,>,count
60004,E2E Full Test Corporation 1769042473 - Production,2024-06-29,P4-KPI6,Innovation Projects,P4,2.03,3.0,>,count
60004,E2E Full Test Corporation 1769042473 - Production,2024-07-29,P4-KPI6,Innovation Projects,P4,2.07,3.0,>,count
60004,E2E Full Test Corporation 1769042473 - Production,2024-08-28,P4-KPI6,Innovation Projects,P4,2.3,3.0,>,count
60004,E2E Full Test Corporation 1769042473 - Production,2024-09-27,P4-KPI6,Innovation Projects,P4,2.37,3.0,>,count
60004,E2E Full Test Corporation 1769042473 - Production,2024-10-27,P4-KPI6,Innovation Projects,P4,2.49,3.0,>,count
60004,E2E Full Test Corporation 1769042473 - Production,2024-11-26,P4-KPI6,Innovation Projects,P4,2.52,3.0,>,count
60004,E2E Full Test Corporation 1769042473 - Production,2024-01-01,P4-KPI7,Business Case Validation,P4,85.33,90.0,>,%
60004,E2E Full Test Corporation 1769042473 - Production,2024-01-31,P4-KPI7,Business Case Validation,P4,86.58,90.0,>,%
60004,E2E Full Test Corporation 1769042473 - Production,2024-03-01,P4-KPI7,Business Case Validation,P4,84.77,90.0,>,%
60004,E2E Full Test Corporation 1769042473 - Production,2024-03-31,P4-KPI7,Business Case Validation,P4,80.99,90.0,>,%
60004,E2E Full Test Corporation 1769042473 - Production,2024-04-30,P4-KPI7,Business Case Validation,P4,82.67,90.0,>,%
60004,E2E Full Test Corporation 1769042473 - Production,2024-05-30,P4-KPI7,Business Case Validation,P4,78.67,90.0,>,%
60004,E2E Full Test Corporation 1769042473 - Production,2024-06-29,P4-KPI7,Business Case Validation,P4,81.94,90.0,>,%
60004,E2E Full Test Corporation 1769042473 - Production,2024-07-29,P4-KPI7,Business Case Validation,P4,84.22,90.0,>,%
60004,E2E Full Test Corporation 1769042473 - Production,2024-08-28,P4-KPI7,Business Case Validation,P4,83.0,90.0,>,%
60004,E2E Full Test Corporation 1769042473 - Production,2024-09-27,P4-KPI7,Business Case Validation,P4,86.55,90.0,>,%
60004,E2E Full Test Corporation 1769042473 - Production,2024-10-27,P4-KPI7,Business Case Validation,P4,83.18,90.0,>,%
60004,E2E Full Test Corporation 1769042473 - Production,2024-11-26,P4-KPI7,Business Case Validation,P4,87.65,90.0,>,%
60004,E2E Full Test Corporation 1769042473 - Production,2024-01-01,P5-KPI1,Executive Sponsorship,P5,4.04,4.5,>,score
60004,E2E Full Test Corporation 1769042473 - Production,2024-01-31,P5-KPI1,Executive Sponsorship,P5,4.15,4.5,>,score
60004,E2E Full Test Corporation 1769042473 - Production,2024-03-01,P5-KPI1,Executive Sponsorship,P5,3.89,4.5,>,score
60004,E2E Full Test Corporation 1769042473 - Production,2024-03-31,P5-KPI1,Executive Sponsorship,P5,4.09,4.5,>,score
60004,E2E Full Test Corporation 1769042473 - Production,2024-04-30,P5-KPI1,Executive Sponsorship,P5,4.25,4.5,>,score
60004,E2E Full Test Corporation 1769042473 - Production,2024-05-30,P5-KPI1,Executive Sponsorship,P5,3.83,4.5,>,score
60004,E2E Full Test Corporation 1769042473 - Production,2024-06-29,P5-KPI1,Executive Sponsorship,P5,3.96,4.5,>,score
60004,E2E Full Test Corporation 1769042473 - Production,2024-07-29,P5-KPI1,Executive Sponsorship,P5,3.87,4.5,>,score
60004,E2E Full Test Corporation 1769042473 - Production,2024-08-28,P5-KPI1,Executive Sponsorship,P5,4.23,4.5,>,score
60004,E2E Full Test Corporation 1769042473 - Production,2024-09-27,P5-KPI1,Executive Sponsorship,P5,4.23,4.5,>,score
60004,E2E Full Test Corporation 1769042473 - Production,2024-10-27,P5-KPI1,Executive Sponsorship,P5,4.07,4.5,>,score
60004,E2E Full Test Corporation 1769042473 - Production,2024-11-26,P5-KPI1,Executive Sponsorship,P5,3.99,4.5,>,score
60004,E2E Full Test Corporation 1769042473 - Production,2024-01-01,P5-KPI2,Renewal Likelihood,P5,83.94,95.0,>,%
60004,E2E Full Test Corporation 1769042473 - Production,2024-01-31,P5-KPI2,Renewal Likelihood,P5,91.68,95.0,>,%
60004,E2E Full Test Corporation 1769042473 - Production,2024-03-01,P5-KPI2,Renewal Likelihood,P5,89.01,95.0,>,%
60004,E2E Full Test Corporation 1769042473 - Production,2024-03-31,P5-KPI2,Renewal Likelihood,P5,83.28,95.0,>,%
60004,E2E Full Test Corporation 1769042473 - Production,2024-04-30,P5-KPI2,Renewal Likelihood,P5,88.75,95.0,>,%
60004,E2E Full Test Corporation 1769042473 - Production,2024-05-30,P5-KPI2,Renewal Likelihood,P5,87.28,95.0,>,%
60004,E2E Full Test Corporation 1769042473 - Production,2024-06-29,P5-KPI2,Renewal Likelihood,P5,79.82,95.0,>,%
60004,E2E Full Test Corporation 1769042473 - Production,2024-07-29,P5-KPI2,Renewal Likelihood,P5,79.87,95.0,>,%
60004,E2E Full Test Corporation 1769042473 - Production,2024-08-28,P5-KPI2,Renewal Likelihood,P5,91.05,95.0,>,%
60004,E2E Full Test Corporation 1769042473 - Production,2024-09-27,P5-KPI2,Renewal Likelihood,P5,84.91,95.0,>,%
60004,E2E Full Test Corporation 1769042473 - Production,2024-10-27,P5-KPI2,Renewal Likelihood,P5,84.29,95.0,>,%
60004,E2E Full Test Corporation 1769042473 - Production,2024-11-26,P5-KPI2,Renewal Likelihood,P5,85.84,95.0,>,%
60004,E2E Full Test Corporation 1769042473 - Production,2024-01-01,P5-KPI3,Expansion Pipeline,P5,1.51,2.0,>,$M
60004,E2E Full Test Corporation 1769042473 - Production,2024-01-31,P5-KPI3,Expansion Pipeline,P5,1.51,2.0,>,$M
60004,E2E Full Test Corporation 1769042473 - Production,2024-03-01,P5-KPI3,Expansion Pipeline,P5,1.47,2.0,>,$M
60004,E2E Full Test Corporation 1769042473 - Production,2024-03-31,P5-KPI3,Expansion Pipeline,P5,1.54,2.0,>,$M
60004,E2E Full Test Corporation 1769042473 - Production,2024-04-30,P5-KPI3,Expansion Pipeline,P5,1.51,2.0,>,$M
60004,E2E Full Test Corporation 1769042473 - Production,2024-05-30,P5-KPI3,Expansion Pipeline,P5,1.29,2.0,>,$M
60004,E2E Full Test Corporation 1769042473 - Production,2024-06-29,P5-KPI3,Expansion Pipeline,P5,1.32,2.0,>,$M
60004,E2E Full Test Corporation 1769042473 - Production,2024-07-29,P5-KPI3,Expansion Pipeline,P5,1.28,2.0,>,$M
60004,E2E Full Test Corporation 1769042473 - Production,2024-08-28,P5-KPI3,Expansion Pipeline,P5,1.6,2.0,>,$M
60004,E2E Full Test Corporation 1769042473 - Production,2024-09-27,P5-KPI3,Expansion Pipeline,P5,1.6,2.0,>,$M
60004,E2E Full Test Corporation 1769042473 - Production,2024-10-27,P5-KPI3,Expansion Pipeline,P5,1.58,2.0,>,$M
60004,E2E Full Test Corporation 1769042473 - Production,2024-11-26,P5-KPI3,Expansion Pipeline,P5,1.63,2.0,>,$M
60004,E2E Full Test Corporation 1769042473 - Production,2024-01-01,P5-KPI4,Reference Willingness,P5,3.54,4.0,>,score
60004,E2E Full Test Corporation 1769042473 - Production,2024-01-31,P5-KPI4,Reference Willingness,P5,3.3,4.0,>,score
60004,E2E Full Test Corporation 1769042473 - Production,2024-03-01,P5-KPI4,Reference Willingness,P5,3.29,4.0,>,score
60004,E2E Full Test Corporation 1769042473 - Production,2024-03-31,P5-KPI4,Reference Willingness,P5,3.26,4.0,>,score
60004,E2E Full Test Corporation 1769042473 - Production,2024-04-30,P5-KPI4,Reference Willingness,P5,3.45,4.0,>,score
60004,E2E Full Test Corporation 1769042473 - Production,2024-05-30,P5-KPI4,Reference Willingness,P5,3.21,4.0,>,score
60004,E2E Full Test Corporation 1769042473 - Production,2024-06-29,P5-KPI4,Reference Willingness,P5,3.24,4.0,>,score
60004,E2E Full Test Corporation 1769042473 - Production,2024-07-29,P5-KPI4,Reference Willingness,P5,2.97,4.0,>,score
60004,E2E Full Test Corporation 1769042473 - Production,2024-08-28,P5-KPI4,Reference Willingness,P5,3.56,4.0,>,score
60004,E2E Full Test Corporation 1769042473 - Production,2024-09-27,P5-KPI4,Reference Willingness,P5,3.4,4.0,>,score
60004,E2E Full Test Corporation 1769042473 - Production,2024-10-27,P5-KPI4,Reference Willingness,P5,3.41,4.0,>,score
60004,E2E Full Test Corporation 1769042473 - Production,2024-11-26,P5-KPI4,Reference Willingness,P5,3.38,4.0,>,score
60004,E2E Full Test Corporation 1769042473 - Production,2024-01-01,P5-KPI5,Strategic Alignment,P5,80.78,85.0,>,score
60004,E2E Full Test Corporation 1769042473 - Production,2024-01-31,P5-KPI5,Strategic Alignment,P5,81.03,85.0,>,score
60004,E2E Full Test Corporation 1769042473 - Production,2024-03-01,P5-KPI5,Strategic Alignment,P5,74.7,85.0,>,score
60004,E2E Full Test Corporation 1769042473 - Production,2024-03-31,P5-KPI5,Strategic Alignment,P5,81.13,85.0,>,score
60004,E2E Full Test Corporation 1769042473 - Production,2024-04-30,P5-KPI5,Strategic Alignment,P5,80.22,85.0,>,score
60004,E2E Full Test Corporation 1769042473 - Production,2024-05-30,P5-KPI5,Strategic Alignment,P5,71.61,85.0,>,score
60004,E2E Full Test Corporation 1769042473 - Production,2024-06-29,P5-KPI5,Strategic Alignment,P5,70.15,85.0,>,score
60004,E2E Full Test Corporation 1769042473 - Production,2024-07-29,P5-KPI5,Strategic Alignment,P5,73.97,85.0,>,score
60004,E2E Full Test Corporation 1769042473 - Production,2024-08-28,P5-KPI5,Strategic Alignment,P5,80.06,85.0,>,score
60004,E2E Full Test Corporation 1769042473 - Production,2024-09-27,P5-KPI5,Strategic Alignment,P5,78.84,85.0,>,score
60004,E2E Full Test Corporation 1769042473 - Production,2024-10-27,P5-KPI5,Strategic Alignment,P5,75.71,85.0,>,score
60004,E2E Full Test Corporation 1769042473 - Production,2024-11-26,P5-KPI5,Strategic Alignment,P5,77.54,85.0,>,score
60004,E2E Full Test Corporation 1769042473 - Production,2024-01-01,P5-KPI6,Partnership Depth,P5,69.01,80.0,>,score
60004,E2E Full Test Corporation 1769042473 - Production,2024-01-31,P5-KPI6,Partnership Depth,P5,72.23,80.0,>,score
60004,E2E Full Test Corporation 1769042473 - Production,2024-03-01,P5-KPI6,Partnership Depth,P5,69.27,80.0,>,score
60004,E2E Full Test Corporation 1769042473 - Production,2024-03-31,P5-KPI6,Partnership Depth,P5,71.04,80.0,>,score
60004,E2E Full Test Corporation 1769042473 - Production,2024-04-30,P5-KPI6,Partnership Depth,P5,70.75,80.0,>,score
60004,E2E Full Test Corporation 1769042473 - Production,2024-05-30,P5-KPI6,Partnership Depth,P5,65.77,80.0,>,score
60004,E2E Full Test Corporation 1769042473 - Production,2024-06-29,P5-KPI6,Partnership Depth,P5,65.06,80.0,>,score
60004,E2E Full Test Corporation 1769042473 - Production,2024-07-29,P5-KPI6,Partnership Depth,P5,63.39,80.0,>,score
60004,E2E Full Test Corporation 1769042473 - Production,2024-08-28,P5-KPI6,Partnership Depth,P5,72.81,80.0,>,score
60004,E2E Full Test Corporation 1769042473 - Production,2024-09-27,P5-KPI6,Partnership Depth,P5,73.23,80.0,>,score
60004,E2E Full Test Corporation 1769042473 - Production,2024-10-27,P5-KPI6,Partnership Depth,P5,69.01,80.0,>,score
60004,E2E Full Test Corporation 1769042473 - Production,2024-11-26,P5-KPI6,Partnership Depth,P5,69.15,80.0,>,score
60004,E2E Full Test Corporation 1769042473 - Production,2024-01-01,P5-KPI7,NPS Score,P5,59.9,70.0,>,score
60004,E2E Full Test Corporation 1769042473 - Production,2024-01-31,P5-KPI7,NPS Score,P5,60.02,70.0,>,score
60004,E2E Full Test Corporation 1769042473 - Production,2024-03-01,P5-KPI7,NPS Score,P5,60.62,70.0,>,score
60004,E2E Full Test Corporation 1769042473 - Production,2024-03-31,P5-KPI7,NPS Score,P5,59.14,70.0,>,score
60004,E2E Full Test Corporation 1769042473 - Production,2024-04-30,P5-KPI7,NPS Score,P5,61.58,70.0,>,score
60004,E2E Full Test Corporation 1769042473 - Production,2024-05-30,P5-KPI7,NPS Score,P5,58.6,70.0,>,score
60004,E2E Full Test Corporation 1769042473 - Production,2024-06-29,P5-KPI7,NPS Score,P5,54.35,70.0,>,score
60004,E2E Full Test Corporation 1769042473 - Production,2024-07-29,P5-KPI7,NPS Score,P5,56.52,70.0,>,score
60004,E2E Full Test Corporation 1769042473 - Production,2024-08-28,P5-KPI7,NPS Score,P5,58.22,70.0,>,score
60004,E2E Full Test Corporation 1769042473 - Production,2024-09-27,P5-KPI7,NPS Score,P5,62.1,70.0,>,score
60004,E2E Full Test Corporation 1769042473 - Production,2024-10-27,P5-KPI7,NPS Score,P5,61.86,70.0,>,score
60004,E2E Full Test Corporation 1769042473 - Production,2024-11-26,P5-KPI7,NPS Score,P5,63.89,70.0,>,score
60005,E2E Full Test Corporation 1769042473 - Development,2024-01-01,P1-KPI1,System Uptime,P1,100.0,99.9,>,%
60005,E2E Full Test Corporation 1769042473 - Development,2024-01-31,P1-KPI1,System Uptime,P1,100.0,99.9,>,%
60005,E2E Full Test Corporation 1769042473 - Development,2024-03-01,P1-KPI1,System Uptime,P1,99.17,99.9,>,%
60005,E2E Full Test Corporation 1769042473 - Development,2024-03-31,P1-KPI1,System Uptime,P1,100.0,99.9,>,%
60005,E2E Full Test Corporation 1769042473 - Development,2024-04-30,P1-KPI1,System Uptime,P1,98.0,99.9,>,%
60005,E2E Full Test Corporation 1769042473 - Development,2024-05-30,P1-KPI1,System Uptime,P1,98.0,99.9,>,%
60005,E2E Full Test Corporation 1769042473 - Development,2024-06-29,P1-KPI1,System Uptime,P1,98.0,99.9,>,%
60005,E2E Full Test Corporation 1769042473 - Development,2024-07-29,P1-KPI1,System Uptime,P1,98.0,99.9,>,%
60005,E2E Full Test Corporation 1769042473 - Development,2024-08-28,P1-KPI1,System Uptime,P1,100.0,99.9,>,%
60005,E2E Full Test Corporation 1769042473 - Development,2024-09-27,P1-KPI1,System Uptime,P1,98.0,99.9,>,%
60005,E2E Full Test Corporation 1769042473 - Development,2024-10-27,P1-KPI1,System Uptime,P1,98.0,99.9,>,%
60005,E2E Full Test Corporation 1769042473 - Development,2024-11-26,P1-KPI1,System Uptime,P1,98.0,99.9,>,%
60005,E2E Full Test Corporation 1769042473 - Development,2024-01-01,P1-KPI2,Mean Time to Resolution,P1,4.14,2.0,<,hours
60005,E2E Full Test Corporation 1769042473 - Development,2024-01-31,P1-KPI2,Mean Time to Resolution,P1,3.04,2.0,<,hours
60005,E2E Full Test Corporation 1769042473 - Development,2024-03-01,P1-KPI2,Mean Time to Resolution,P1,3.29,2.0,<,hours
60005,E2E Full Test Corporation 1769042473 - Development,2024-03-31,P1-KPI2,Mean Time to Resolution,P1,3.7,2.0,<,hours
60005,E2E Full Test Corporation 1769042473 - Development,2024-04-30,P1-KPI2,Mean Time to Resolution,P1,4.15,2.0,<,hours
60005,E2E Full Test Corporation 1769042473 - Development,2024-05-30,P1-KPI2,Mean Time to Resolution,P1,5.19,2.0,<,hours
60005,E2E Full Test Corporation 1769042473 - Development,2024-06-29,P1-KPI2,Mean Time to Resolution,P1,3.42,2.0,<,hours
60005,E2E Full Test Corporation 1769042473 - Development,2024-07-29,P1-KPI2,Mean Time to Resolution,P1,3.16,2.0,<,hours
60005,E2E Full Test Corporation 1769042473 - Development,2024-08-28,P1-KPI2,Mean Time to Resolution,P1,2.53,2.0,<,hours
60005,E2E Full Test Corporation 1769042473 - Development,2024-09-27,P1-KPI2,Mean Time to Resolution,P1,4.2,2.0,<,hours
60005,E2E Full Test Corporation 1769042473 - Development,2024-10-27,P1-KPI2,Mean Time to Resolution,P1,4.62,2.0,<,hours
60005,E2E Full Test Corporation 1769042473 - Development,2024-11-26,P1-KPI2,Mean Time to Resolution,P1,4.29,2.0,<,hours
60005,E2E Full Test Corporation 1769042473 - Development,2024-01-01,P1-KPI3,GPU Utilization,P1,71.61,85.0,>,%
60005,E2E Full Test Corporation 1769042473 - Development,2024-01-31,P1-KPI3,GPU Utilization,P1,74.66,85.0,>,%
60005,E2E Full Test Corporation 1769042473 - Development,2024-03-01,P1-KPI3,GPU Utilization,P1,73.09,85.0,>,%
60005,E2E Full Test Corporation 1769042473 - Development,2024-03-31,P1-KPI3,GPU Utilization,P1,67.92,85.0,>,%
60005,E2E Full Test Corporation 1769042473 - Development,2024-04-30,P1-KPI3,GPU Utilization,P1,79.74,85.0,>,%
60005,E2E Full Test Corporation 1769042473 - Development,2024-05-30,P1-KPI3,GPU Utilization,P1,83.69,85.0,>,%
60005,E2E Full Test Corporation 1769042473 - Development,2024-06-29,P1-KPI3,GPU Utilization,P1,83.22,85.0,>,%
60005,E2E Full Test Corporation 1769042473 - Development,2024-07-29,P1-KPI3,GPU Utilization,P1,69.53,85.0,>,%
60005,E2E Full Test Corporation 1769042473 - Development,2024-08-28,P1-KPI3,GPU Utilization,P1,91.52,85.0,>,%
60005,E2E Full Test Corporation 1769042473 - Development,2024-09-27,P1-KPI3,GPU Utilization,P1,86.23,85.0,>,%
60005,E2E Full Test Corporation 1769042473 - Development,2024-10-27,P1-KPI3,GPU Utilization,P1,80.54,85.0,>,%
60005,E2E Full Test Corporation 1769042473 - Development,2024-11-26,P1-KPI3,GPU Utilization,P1,82.24,85.0,>,%
60005,E2E Full Test Corporation 1769042473 - Development,2024-01-01,P1-KPI4,Network Latency,P1,25.2,10.0,<,ms
60005,E2E Full Test Corporation 1769042473 - Development,2024-01-31,P1-KPI4,Network Latency,P1,16.62,10.0,<,ms
60005,E2E Full Test Corporation 1769042473 - Development,2024-03-01,P1-KPI4,Network Latency,P1,16.55,10.0,<,ms
60005,E2E Full Test Corporation 1769042473 - Development,2024-03-31,P1-KPI4,Network Latency,P1,25.1,10.0,<,ms
60005,E2E Full Test Corporation 1769042473 - Development,2024-04-30,P1-KPI4,Network Latency,P1,30.05,10.0,<,ms
60005,E2E Full Test Corporation 1769042473 - Development,2024-05-30,P1-KPI4,Network Latency,P1,25.55,10.0,<,ms
60005,E2E Full Test Corporation 1769042473 - Development,2024-06-29,P1-KPI4,Network Latency,P1,19.08,10.0,<,ms
60005,E2E Full Test Corporation 1769042473 - Development,2024-07-29,P1-KPI4,Network Latency,P1,15.31,10.0,<,ms
60005,E2E Full Test Corporation 1769042473 - Development,2024-08-28,P1-KPI4,Network Latency,P1,13.87,10.0,<,ms
60005,E2E Full Test Corporation 1769042473 - Development,2024-09-27,P1-KPI4,Network Latency,P1,24.72,10.0,<,ms
60005,E2E Full Test Corporation 1769042473 - Development,2024-10-27,P1-KPI4,Network Latency,P1,30.14,10.0,<,ms
60005,E2E Full Test Corporation 1769042473 - Development,2024-11-26,P1-KPI4,Network Latency,P1,28.96,10.0,<,ms
60005,E2E Full Test Corporation 1769042473 - Development,2024-01-01,P1-KPI5,Storage Performance,P1,79706.07,100000.0,>,IOPS
60005,E2E Full Test Corporation 1769042473 - Development,2024-01-31,P1-KPI5,Storage Performance,P1,106338.28,100000.0,>,IOPS
60005,E2E Full Test Corporation 1769042473 - Development,2024-03-01,P1-KPI5,Storage Performance,P1,89520.87,100000.0,>,IOPS
60005,E2E Full Test Corporation 1769042473 - Development,2024-03-31,P1-KPI5,Storage Performance,P1,93961.02,100000.0,>,IOPS
60005,E2E Full Test Corporation 1769042473 - Development,2024-04-30,P1-KPI5,Storage Performance,P1,77990.96,100000.0,>,IOPS
60005,E2E Full Test Corporation 1769042473 - Development,2024-05-30,P1-KPI5,Storage Performance,P1,88033.15,100000.0,>,IOPS
60005,E2E Full Test Corporation 1769042473 - Development,2024-06-29,P1-KPI5,Storage Performance,P1,89029.91,100000.0,>,IOPS
60005,E2E Full Test Corporation 1769042473 - Development,2024-07-29,P1-KPI5,Storage Performance,P1,89651.86,100000.0,>,IOPS
60005,E2E Full Test Corporation 1769042473 - Development,2024-08-28,P1-KPI5,Storage Performance,P1,104890.97,100000.0,>,IOPS
60005,E2E Full Test Corporation 1769042473 - Development,2024-09-27,P1-KPI5,Storage Performance,P1,86295.89,100000.0,>,IOPS
60005,E2E Full Test Corporation 1769042473 - Development,2024-10-27,P1-KPI5,Storage Performance,P1,74016.11,100000.0,>,IOPS
60005,E2E Full Test Corporation 1769042473 - Development,2024-11-26,P1-KPI5,Storage Performance,P1,86975.39,100000.0,>,IOPS
60005,E2E Full Test Corporation 1769042473 - Development,2024-01-01,P1-KPI6,Cooling Efficiency,P1,1.37,1.3,<,PUE
60005,E2E Full Test Corporation 1769042473 - Development,2024-01-31,P1-KPI6,Cooling Efficiency,P1,1.18,1.3,<,PUE
60005,E2E Full Test Corporation 1769042473 - Development,2024-03-01,P1-KPI6,Cooling Efficiency,P1,1.41,1.3,<,PUE
60005,E2E Full Test Corporation 1769042473 - Development,2024-03-31,P1-KPI6,Cooling Efficiency,P1,1.58,1.3,<,PUE
60005,E2E Full Test Corporation 1769042473 - Development,2024-04-30,P1-KPI6,Cooling Efficiency,P1,1.5,1.3,<,PUE
60005,E2E Full Test Corporation 1769042473 - Development,2024-05-30,P1-KPI6,Cooling Efficiency,P1,1.4,1.3,<,PUE
60005,E2E Full Test Corporation 1769042473 - Development,2024-06-29,P1-KPI6,Cooling Efficiency,P1,1.24,1.3,<,PUE
60005,E2E Full Test Corporation 1769042473 - Development,2024-07-29,P1-KPI6,Cooling Efficiency,P1,1.36,1.3,<,PUE
60005,E2E Full Test Corporation 1769042473 - Development,2024-08-28,P1-KPI6,Cooling Efficiency,P1,1.28,1.3,<,PUE
60005,E2E Full Test Corporation 1769042473 - Development,2024-09-27,P1-KPI6,Cooling Efficiency,P1,1.56,1.3,<,PUE
60005,E2E Full Test Corporation 1769042473 - Development,2024-10-27,P1-KPI6,Cooling Efficiency,P1,1.55,1.3,<,PUE
60005,E2E Full Test Corporation 1769042473 - Development,2024-11-26,P1-KPI6,Cooling Efficiency,P1,1.43,1.3,<,PUE
60005,E2E Full Test Corporation 1769042473 - Development,2024-01-01,P1-KPI7,Power Usage,P1,562.88,500.0,<,kW
60005,E2E Full Test Corporation 1769042473 - Development,2024-01-31,P1-KPI7,Power Usage,P1,543.58,500.0,<,kW
60005,E2E Full Test Corporation 1769042473 - Development,2024-03-01,P1-KPI7,Power Usage,P1,523.1,500.0,<,kW
60005,E2E Full Test Corporation 1769042473 - Development,2024-03-31,P1-KPI7,Power Usage,P1,604.26,500.0,<,kW
60005,E2E Full Test Corporation 1769042473 - Development,2024-04-30,P1-KPI7,Power Usage,P1,600.41,500.0,<,kW
60005,E2E Full Test Corporation 1769042473 - Development,2024-05-30,P1-KPI7,Power Usage,P1,564.85,500.0,<,kW
60005,E2E Full Test Corporation 1769042473 - Development,2024-06-29,P1-KPI7,Power Usage,P1,630.16,500.0,<,kW
60005,E2E Full Test Corporation 1769042473 - Development,2024-07-29,P1-KPI7,Power Usage,P1,611.44,500.0,<,kW
60005,E2E Full Test Corporation 1769042473 - Development,2024-08-28,P1-KPI7,Power Usage,P1,585.61,500.0,<,kW
60005,E2E Full Test Corporation 1769042473 - Development,2024-09-27,P1-KPI7,Power Usage,P1,523.4,500.0,<,kW
60005,E2E Full Test Corporation 1769042473 - Development,2024-10-27,P1-KPI7,Power Usage,P1,553.38,500.0,<,kW
60005,E2E Full Test Corporation 1769042473 - Development,2024-11-26,P1-KPI7,Power Usage,P1,693.37,500.0,<,kW
60005,E2E Full Test Corporation 1769042473 - Development,2024-01-01,P1-KPI8,Thermal Management,P1,28.82,25.0,<,°C
60005,E2E Full Test Corporation 1769042473 - Development,2024-01-31,P1-KPI8,Thermal Management,P1,22.64,25.0,<,°C
60005,E2E Full Test Corporation 1769042473 - Development,2024-03-01,P1-KPI8,Thermal Management,P1,26.98,25.0,<,°C
60005,E2E Full Test Corporation 1769042473 - Development,2024-03-31,P1-KPI8,Thermal Management,P1,30.72,25.0,<,°C
60005,E2E Full Test Corporation 1769042473 - Development,2024-04-30,P1-KPI8,Thermal Management,P1,27.48,25.0,<,°C
60005,E2E Full Test Corporation 1769042473 - Development,2024-05-30,P1-KPI8,Thermal Management,P1,26.19,25.0,<,°C
60005,E2E Full Test Corporation 1769042473 - Development,2024-06-29,P1-KPI8,Thermal Management,P1,29.92,25.0,<,°C
60005,E2E Full Test Corporation 1769042473 - Development,2024-07-29,P1-KPI8,Thermal Management,P1,28.13,25.0,<,°C
60005,E2E Full Test Corporation 1769042473 - Development,2024-08-28,P1-KPI8,Thermal Management,P1,25.03,25.0,<,°C
60005,E2E Full Test Corporation 1769042473 - Development,2024-09-27,P1-KPI8,Thermal Management,P1,28.56,25.0,<,°C
60005,E2E Full Test Corporation 1769042473 - Development,2024-10-27,P1-KPI8,Thermal Management,P1,29.0,25.0,<,°C
60005,E2E Full Test Corporation 1769042473 - Development,2024-11-26,P1-KPI8,Thermal Management,P1,26.03,25.0,<,°C
60005,E2E Full Test Corporation 1769042473 - Development,2024-01-01,P2-KPI1,SLA Compliance,P2,100.0,99.0,>,%
60005,E2E Full Test Corporation 1769042473 - Development,2024-01-31,P2-KPI1,SLA Compliance,P2,98.13,99.0,>,%
60005,E2E Full Test Corporation 1769042473 - Development,2024-03-01,P2-KPI1,SLA Compliance,P2,100.0,99.0,>,%
60005,E2E Full Test Corporation 1769042473 - Development,2024-03-31,P2-KPI1,SLA Compliance,P2,95.0,99.0,>,%
60005,E2E Full Test Corporation 1769042473 - Development,2024-04-30,P2-KPI1,SLA Compliance,P2,100.0,99.0,>,%
60005,E2E Full Test Corporation 1769042473 - Development,2024-05-30,P2-KPI1,SLA Compliance,P2,100.0,99.0,>,%
60005,E2E Full Test Corporation 1769042473 - Development,2024-06-29,P2-KPI1,SLA Compliance,P2,95.0,99.0,>,%
60005,E2E Full Test Corporation 1769042473 - Development,2024-07-29,P2-KPI1,SLA Compliance,P2,97.61,99.0,>,%
60005,E2E Full Test Corporation 1769042473 - Development,2024-08-28,P2-KPI1,SLA Compliance,P2,95.0,99.0,>,%
60005,E2E Full Test Corporation 1769042473 - Development,2024-09-27,P2-KPI1,SLA Compliance,P2,95.0,99.0,>,%
60005,E2E Full Test Corporation 1769042473 - Development,2024-10-27,P2-KPI1,SLA Compliance,P2,100.0,99.0,>,%
60005,E2E Full Test Corporation 1769042473 - Development,2024-11-26,P2-KPI1,SLA Compliance,P2,100.0,99.0,>,%
60005,E2E Full Test Corporation 1769042473 - Development,2024-01-01,P2-KPI2,Incident Response Time,P2,29.56,15.0,<,minutes
60005,E2E Full Test Corporation 1769042473 - Development,2024-01-31,P2-KPI2,Incident Response Time,P2,21.24,15.0,<,minutes
60005,E2E Full Test Corporation 1769042473 - Development,2024-03-01,P2-KPI2,Incident Response Time,P2,18.87,15.0,<,minutes
60005,E2E Full Test Corporation 1769042473 - Development,2024-03-31,P2-KPI2,Incident Response Time,P2,27.76,15.0,<,minutes
60005,E2E Full Test Corporation 1769042473 - Development,2024-04-30,P2-KPI2,Incident Response Time,P2,34.47,15.0,<,minutes
60005,E2E Full Test Corporation 1769042473 - Development,2024-05-30,P2-KPI2,Incident Response Time,P2,35.42,15.0,<,minutes
60005,E2E Full Test Corporation 1769042473 - Development,2024-06-29,P2-KPI2,Incident Response Time,P2,26.86,15.0,<,minutes
60005,E2E Full Test Corporation 1769042473 - Development,2024-07-29,P2-KPI2,Incident Response Time,P2,24.61,15.0,<,minutes
60005,E2E Full Test Corporation 1769042473 - Development,2024-08-28,P2-KPI2,Incident Response Time,P2,24.94,15.0,<,minutes
60005,E2E Full Test Corporation 1769042473 - Development,2024-09-27,P2-KPI2,Incident Response Time,P2,26.9,15.0,<,minutes
60005,E2E Full Test Corporation 1769042473 - Development,2024-10-27,P2-KPI2,Incident Response Time,P2,34.77,15.0,<,minutes
60005,E2E Full Test Corporation 1769042473 - Development,2024-11-26,P2-KPI2,Incident Response Time,P2,34.41,15.0,<,minutes
60005,E2E Full Test Corporation 1769042473 - Development,2024-01-01,P2-KPI3,Change Success Rate,P2,97.96,98.0,>,%
60005,E2E Full Test Corporation 1769042473 - Development,2024-01-31,P2-KPI3,Change Success Rate,P2,90.0,98.0,>,%
60005,E2E Full Test Corporation 1769042473 - Development,2024-03-01,P2-KPI3,Change Success Rate,P2,95.9,98.0,>,%
60005,E2E Full Test Corporation 1769042473 - Development,2024-03-31,P2-KPI3,Change Success Rate,P2,90.0,98.0,>,%
60005,E2E Full Test Corporation 1769042473 - Development,2024-04-30,P2-KPI3,Change Success Rate,P2,100.0,98.0,>,%
60005,E2E Full Test Corporation 1769042473 - Development,2024-05-30,P2-KPI3,Change Success Rate,P2,95.26,98.0,>,%
60005,E2E Full Test Corporation 1769042473 - Development,2024-06-29,P2-KPI3,Change Success Rate,P2,96.65,98.0,>,%
60005,E2E Full Test Corporation 1769042473 - Development,2024-07-29,P2-KPI3,Change Success Rate,P2,92.01,98.0,>,%
60005,E2E Full Test Corporation 1769042473 - Development,2024-08-28,P2-KPI3,Change Success Rate,P2,100.0,98.0,>,%
60005,E2E Full Test Corporation 1769042473 - Development,2024-09-27,P2-KPI3,Change Success Rate,P2,100.0,98.0,>,%
60005,E2E Full Test Corporation 1769042473 - Development,2024-10-27,P2-KPI3,Change Success Rate,P2,90.0,98.0,>,%
60005,E2E Full Test Corporation 1769042473 - Development,2024-11-26,P2-KPI3,Change Success Rate,P2,92.72,98.0,>,%
60005,E2E Full Test Corporation 1769042473 - Development,2024-01-01,P2-KPI4,Backup Success Rate,P2,100.0,100.0,>,%
60005,E2E Full Test Corporation 1769042473 - Development,2024-01-31,P2-KPI4,Backup Success Rate,P2,95.0,100.0,>,%
60005,E2E Full Test Corporation 1769042473 - Development,2024-03-01,P2-KPI4,Backup Success Rate,P2,95.0,100.0,>,%
60005,E2E Full Test Corporation 1769042473 - Development,2024-03-31,P2-KPI4,Backup Success Rate,P2,96.97,100.0,>,%
60005,E2E Full Test Corporation 1769042473 - Development,2024-04-30,P2-KPI4,Backup Success Rate,P2,95.0,100.0,>,%
60005,E2E Full Test Corporation 1769042473 - Development,2024-05-30,P2-KPI4,Backup Success Rate,P2,95.0,100.0,>,%
60005,E2E Full Test Corporation 1769042473 - Development,2024-06-29,P2-KPI4,Backup Success Rate,P2,100.0,100.0,>,%
60005,E2E Full Test Corporation 1769042473 - Development,2024-07-29,P2-KPI4,Backup Success Rate,P2,95.0,100.0,>,%
60005,E2E Full Test Corporation 1769042473 - Development,2024-08-28,P2-KPI4,Backup Success Rate,P2,95.0,100.0,>,%
60005,E2E Full Test Corporation 1769042473 - Development,2024-09-27,P2-KPI4,Backup Success Rate,P2,100.0,100.0,>,%
60005,E2E Full Test Corporation 1769042473 - Development,2024-10-27,P2-KPI4,Backup Success Rate,P2,100.0,100.0,>,%
60005,E2E Full Test Corporation 1769042473 - Development,2024-11-26,P2-KPI4,Backup Success Rate,P2,95.0,100.0,>,%
60005,E2E Full Test Corporation 1769042473 - Development,2024-01-01,P2-KPI5,Patch Compliance,P2,89.01,95.0,>,%
60005,E2E Full Test Corporation 1769042473 - Development,2024-01-31,P2-KPI5,Patch Compliance,P2,100.0,95.0,>,%
60005,E2E Full Test Corporation 1769042473 - Development,2024-03-01,P2-KPI5,Patch Compliance,P2,84.0,95.0,>,%
60005,E2E Full Test Corporation 1769042473 - Development,2024-03-31,P2-KPI5,Patch Compliance,P2,84.28,95.0,>,%
60005,E2E Full Test Corporation 1769042473 - Development,2024-04-30,P2-KPI5,Patch Compliance,P2,89.91,95.0,>,%
60005,E2E Full Test Corporation 1769042473 - Development,2024-05-30,P2-KPI5,Patch Compliance,P2,80.0,95.0,>,%
60005,E2E Full Test Corporation 1769042473 - Development,2024-06-29,P2-KPI5,Patch Compliance,P2,85.73,95.0,>,%
60005,E2E Full Test Corporation 1769042473 - Development,2024-07-29,P2-KPI5,Patch Compliance,P2,100.0,95.0,>,%
60005,E2E Full Test Corporation 1769042473 - Development,2024-08-28,P2-KPI5,Patch Compliance,P2,86.87,95.0,>,%
60005,E2E Full Test Corporation 1769042473 - Development,2024-09-27,P2-KPI5,Patch Compliance,P2,91.71,95.0,>,%
60005,E2E Full Test Corporation 1769042473 - Development,2024-10-27,P2-KPI5,Patch Compliance,P2,100.0,95.0,>,%
60005,E2E Full Test Corporation 1769042473 - Development,2024-11-26,P2-KPI5,Patch Compliance,P2,90.08,95.0,>,%
60005,E2E Full Test Corporation 1769042473 - Development,2024-01-01,P2-KPI6,Service Request Fulfillment,P2,5.65,3.0,<,days
60005,E2E Full Test Corporation 1769042473 - Development,2024-01-31,P2-KPI6,Service Request Fulfillment,P2,3.62,3.0,<,days
60005,E2E Full Test Corporation 1769042473 - Development,2024-03-01,P2-KPI6,Service Request Fulfillment,P2,3.78,3.0,<,days
60005,E2E Full Test Corporation 1769042473 - Development,2024-03-31,P2-KPI6,Service Request Fulfillment,P2,4.36,3.0,<,days
60005,E2E Full Test Corporation 1769042473 - Development,2024-04-30,P2-KPI6,Service Request Fulfillment,P2,6.19,3.0,<,days
60005,E2E Full Test Corporation 1769042473 - Development,2024-05-30,P2-KPI6,Service Request Fulfillment,P2,6.57,3.0,<,days
60005,E2E Full Test Corporation 1769042473 - Development,2024-06-29,P2-KPI6,Service Request Fulfillment,P2,5.5,3.0,<,days
60005,E2E Full Test Corporation 1769042473 - Development,2024-07-29,P2-KPI6,Service Request Fulfillment,P2,3.79,3.0,<,days
60005,E2E Full Test Corporation 1769042473 - Development,2024-08-28,P2-KPI6,Service Request Fulfillment,P2,4.55,3.0,<,days
60005,E2E Full Test Corporation 1769042473 - Development,2024-09-27,P2-KPI6,Service Request Fulfillment,P2,4.92,3.0,<,days
60005,E2E Full Test Corporation 1769042473 - Development,2024-10-27,P2-KPI6,Service Request Fulfillment,P2,6.34,3.0,<,days
60005,E2E Full Test Corporation 1769042473 - Development,2024-11-26,P2-KPI6,Service Request Fulfillment,P2,6.07,3.0,<,days
60005,E2E Full Test Corporation 1769042473 - Development,2024-01-01,P2-KPI7,Capacity Planning Accuracy,P2,81.98,90.0,>,%
60005,E2E Full Test Corporation 1769042473 - Development,2024-01-31,P2-KPI7,Capacity Planning Accuracy,P2,82.44,90.0,>,%
60005,E2E Full Test Corporation 1769042473 - Development,2024-03-01,P2-KPI7,Capacity Planning Accuracy,P2,81.0,90.0,>,%
60005,E2E Full Test Corporation 1769042473 - Development,2024-03-31,P2-KPI7,Capacity Planning Accuracy,P2,75.87,90.0,>,%
60005,E2E Full Test Corporation 1769042473 - Development,2024-04-30,P2-KPI7,Capacity Planning Accuracy,P2,83.87,90.0,>,%
60005,E2E Full Test Corporation 1769042473 - Development,2024-05-30,P2-KPI7,Capacity Planning Accuracy,P2,89.3,90.0,>,%
60005,E2E Full Test Corporation 1769042473 - Development,2024-06-29,P2-KPI7,Capacity Planning Accuracy,P2,71.6,90.0,>,%
60005,E2E Full Test Corporation 1769042473 - Development,2024-07-29,P2-KPI7,Capacity Planning Accuracy,P2,77.86,90.0,>,%
60005,E2E Full Test Corporation 1769042473 - Development,2024-08-28,P2-KPI7,Capacity Planning Accuracy,P2,90.44,90.0,>,%
60005,E2E Full Test Corporation 1769042473 - Development,2024-09-27,P2-KPI7,Capacity Planning Accuracy,P2,83.1,90.0,>,%
60005,E2E Full Test Corporation 1769042473 - Development,2024-10-27,P2-KPI7,Capacity Planning Accuracy,P2,87.82,90.0,>,%
60005,E2E Full Test Corporation 1769042473 - Development,2024-11-26,P2-KPI7,Capacity Planning Accuracy,P2,93.05,90.0,>,%
60005,E2E Full Test Corporation 1769042473 - Development,2024-01-01,P2-KPI8,Documentation Quality,P2,82.51,85.0,>,score
60005,E2E Full Test Corporation 1769042473 - Development,2024-01-31,P2-KPI8,Documentation Quality,P2,93.3,85.0,>,score
60005,E2E Full Test Corporation 1769042473 - Development,2024-03-01,P2-KPI8,Documentation Quality,P2,91.85,85.0,>,score
60005,E2E Full Test Corporation 1769042473 - Development,2024-03-31,P2-KPI8,Documentation Quality,P2,82.45,85.0,>,score
60005,E2E Full Test Corporation 1769042473 - Development,2024-04-30,P2-KPI8,Documentation Quality,P2,83.99,85.0,>,score
60005,E2E Full Test Corporation 1769042473 - Development,2024-05-30,P2-KPI8,Documentation Quality,P2,77.43,85.0,>,score
60005,E2E Full Test Corporation 1769042473 - Development,2024-06-29,P2-KPI8,Documentation Quality,P2,70.64,85.0,>,score
60005,E2E Full Test Corporation 1769042473 - Development,2024-07-29,P2-KPI8,Documentation Quality,P2,85.23,85.0,>,score
60005,E2E Full Test Corporation 1769042473 - Development,2024-08-28,P2-KPI8,Documentation Quality,P2,70.54,85.0,>,score
60005,E2E Full Test Corporation 1769042473 - Development,2024-09-27,P2-KPI8,Documentation Quality,P2,67.23,85.0,>,score
60005,E2E Full Test Corporation 1769042473 - Development,2024-10-27,P2-KPI8,Documentation Quality,P2,67.42,85.0,>,score
60005,E2E Full Test Corporation 1769042473 - Development,2024-11-26,P2-KPI8,Documentation Quality,P2,64.18,85.0,>,score
60005,E2E Full Test Corporation 1769042473 - Development,2024-01-01,P3-KPI1,CSAT Score,P3,4.11,4.5,>,score
60005,E2E Full Test Corporation 1769042473 - Development,2024-01-31,P3-KPI1,CSAT Score,P3,3.77,4.5,>,score
60005,E2E Full Test Corporation 1769042473 - Development,2024-03-01,P3-KPI1,CSAT Score,P3,3.99,4.5,>,score
60005,E2E Full Test Corporation 1769042473 - Development,2024-03-31,P3-KPI1,CSAT Score,P3,4.05,4.5,>,score
60005,E2E Full Test Corporation 1769042473 - Development,2024-04-30,P3-KPI1,CSAT Score,P3,3.61,4.5,>,score
60005,E2E Full Test Corporation 1769042473 - Development,2024-05-30,P3-KPI1,CSAT Score,P3,3.86,4.5,>,score
60005,E2E Full Test Corporation 1769042473 - Development,2024-06-29,P3-KPI1,CSAT Score,P3,4.48,4.5,>,score
60005,E2E Full Test Corporation 1769042473 - Development,2024-07-29,P3-KPI1,CSAT Score,P3,4.53,4.5,>,score
60005,E2E Full Test Corporation 1769042473 - Development,2024-08-28,P3-KPI1,CSAT Score,P3,3.73,4.5,>,score
60005,E2E Full Test Corporation 1769042473 - Development,2024-09-27,P3-KPI1,CSAT Score,P3,4.35,4.5,>,score
60005,E2E Full Test Corporation 1769042473 - Development,2024-10-27,P3-KPI1,CSAT Score,P3,3.82,4.5,>,score
60005,E2E Full Test Corporation 1769042473 - Development,2024-11-26,P3-KPI1,CSAT Score,P3,3.71,4.5,>,score
60005,E2E Full Test Corporation 1769042473 - Development,2024-01-01,P3-KPI2,Support Ticket Volume,P3,44.35,20.0,<,tickets
60005,E2E Full Test Corporation 1769042473 - Development,2024-01-31,P3-KPI2,Support Ticket Volume,P3,35.88,20.0,<,tickets
60005,E2E Full Test Corporation 1769042473 - Development,2024-03-01,P3-KPI2,Support Ticket Volume,P3,29.82,20.0,<,tickets
60005,E2E Full Test Corporation 1769042473 - Development,2024-03-31,P3-KPI2,Support Ticket Volume,P3,42.88,20.0,<,tickets
60005,E2E Full Test Corporation 1769042473 - Development,2024-04-30,P3-KPI2,Support Ticket Volume,P3,55.74,20.0,<,tickets
60005,E2E Full Test Corporation 1769042473 - Development,2024-05-30,P3-KPI2,Support Ticket Volume,P3,51.06,20.0,<,tickets
60005,E2E Full Test Corporation 1769042473 - Development,2024-06-29,P3-KPI2,Support Ticket Volume,P3,43.68,20.0,<,tickets
60005,E2E Full Test Corporation 1769042473 - Development,2024-07-29,P3-KPI2,Support Ticket Volume,P3,33.65,20.0,<,tickets
60005,E2E Full Test Corporation 1769042473 - Development,2024-08-28,P3-KPI2,Support Ticket Volume,P3,32.02,20.0,<,tickets
60005,E2E Full Test Corporation 1769042473 - Development,2024-09-27,P3-KPI2,Support Ticket Volume,P3,41.13,20.0,<,tickets
60005,E2E Full Test Corporation 1769042473 - Development,2024-10-27,P3-KPI2,Support Ticket Volume,P3,49.28,20.0,<,tickets
60005,E2E Full Test Corporation 1769042473 - Development,2024-11-26,P3-KPI2,Support Ticket Volume,P3,52.13,20.0,<,tickets
60005,E2E Full Test Corporation 1769042473 - Development,2024-01-01,P3-KPI3,First Contact Resolution,P3,65.21,75.0,>,%
60005,E2E Full Test Corporation 1769042473 - Development,2024-01-31,P3-KPI3,First Contact Resolution,P3,80.76,75.0,>,%
60005,E2E Full Test Corporation 1769042473 - Development,2024-03-01,P3-KPI3,First Contact Resolution,P3,72.78,75.0,>,%
60005,E2E Full Test Corporation 1769042473 - Development,2024-03-31,P3-KPI3,First Contact Resolution,P3,57.92,75.0,>,%
60005,E2E Full Test Corporation 1769042473 - Development,2024-04-30,P3-KPI3,First Contact Resolution,P3,68.5,75.0,>,%
60005,E2E Full Test Corporation 1769042473 - Development,2024-05-30,P3-KPI3,First Contact Resolution,P3,69.24,75.0,>,%
60005,E2E Full Test Corporation 1769042473 - Development,2024-06-29,P3-KPI3,First Contact Resolution,P3,59.6,75.0,>,%
60005,E2E Full Test Corporation 1769042473 - Development,2024-07-29,P3-KPI3,First Contact Resolution,P3,67.01,75.0,>,%
60005,E2E Full Test Corporation 1769042473 - Development,2024-08-28,P3-KPI3,First Contact Resolution,P3,60.86,75.0,>,%
60005,E2E Full Test Corporation 1769042473 - Development,2024-09-27,P3-KPI3,First Contact Resolution,P3,72.42,75.0,>,%
60005,E2E Full Test Corporation 1769042473 - Development,2024-10-27,P3-KPI3,First Contact Resolution,P3,60.71,75.0,>,%
60005,E2E Full Test Corporation 1769042473 - Development,2024-11-26,P3-KPI3,First Contact Resolution,P3,59.57,75.0,>,%
60005,E2E Full Test Corporation 1769042473 - Development,2024-01-01,P3-KPI4,Training Completion,P3,79.77,90.0,>,%
60005,E2E Full Test Corporation 1769042473 - Development,2024-01-31,P3-KPI4,Training Completion,P3,86.98,90.0,>,%
60005,E2E Full Test Corporation 1769042473 - Development,2024-03-01,P3-KPI4,Training Completion,P3,74.67,90.0,>,%
60005,E2E Full Test Corporation 1769042473 - Development,2024-03-31,P3-KPI4,Training Completion,P3,92.93,90.0,>,%
60005,E2E Full Test Corporation 1769042473 - Development,2024-04-30,P3-KPI4,Training Completion,P3,66.07,90.0,>,%
60005,E2E Full Test Corporation 1769042473 - Development,2024-05-30,P3-KPI4,Training Completion,P3,72.79,90.0,>,%
60005,E2E Full Test Corporation 1769042473 - Development,2024-06-29,P3-KPI4,Training Completion,P3,79.76,90.0,>,%
60005,E2E Full Test Corporation 1769042473 - Development,2024-07-29,P3-KPI4,Training Completion,P3,96.87,90.0,>,%
60005,E2E Full Test Corporation 1769042473 - Development,2024-08-28,P3-KPI4,Training Completion,P3,74.58,90.0,>,%
60005,E2E Full Test Corporation 1769042473 - Development,2024-09-27,P3-KPI4,Training Completion,P3,74.55,90.0,>,%
60005,E2E Full Test Corporation 1769042473 - Development,2024-10-27,P3-KPI4,Training Completion,P3,84.96,90.0,>,%
60005,E2E Full Test Corporation 1769042473 - Development,2024-11-26,P3-KPI4,Training Completion,P3,71.3,90.0,>,%
60005,E2E Full Test Corporation 1769042473 - Development,2024-01-01,P3-KPI5,User Adoption Rate,P3,78.26,80.0,>,%
60005,E2E Full Test Corporation 1769042473 - Development,2024-01-31,P3-KPI5,User Adoption Rate,P3,72.37,80.0,>,%
60005,E2E Full Test Corporation 1769042473 - Development,2024-03-01,P3-KPI5,User Adoption Rate,P3,76.41,80.0,>,%
60005,E2E Full Test Corporation 1769042473 - Development,2024-03-31,P3-KPI5,User Adoption Rate,P3,64.8,80.0,>,%
60005,E2E Full Test Corporation 1769042473 - Development,2024-04-30,P3-KPI5,User Adoption Rate,P3,57.3,80.0,>,%
60005,E2E Full Test Corporation 1769042473 - Development,2024-05-30,P3-KPI5,User Adoption Rate,P3,75.89,80.0,>,%
60005,E2E Full Test Corporation 1769042473 - Development,2024-06-29,P3-KPI5,User Adoption Rate,P3,69.32,80.0,>,%
60005,E2E Full Test Corporation 1769042473 - Development,2024-07-29,P3-KPI5,User Adoption Rate,P3,78.14,80.0,>,%
60005,E2E Full Test Corporation 1769042473 - Development,2024-08-28,P3-KPI5,User Adoption Rate,P3,65.8,80.0,>,%
60005,E2E Full Test Corporation 1769042473 - Development,2024-09-27,P3-KPI5,User Adoption Rate,P3,67.08,80.0,>,%
60005,E2E Full Test Corporation 1769042473 - Development,2024-10-27,P3-KPI5,User Adoption Rate,P3,65.58,80.0,>,%
60005,E2E Full Test Corporation 1769042473 - Development,2024-11-26,P3-KPI5,User Adoption Rate,P3,71.3,80.0,>,%
60005,E2E Full Test Corporation 1769042473 - Development,2024-01-01,P3-KPI6,Executive Engagement,P3,3.17,4.0,>,meetings/quarter
60005,E2E Full Test Corporation 1769042473 - Development,2024-01-31,P3-KPI6,Executive Engagement,P3,3.49,4.0,>,meetings/quarter
60005,E2E Full Test Corporation 1769042473 - Development,2024-03-01,P3-KPI6,Executive Engagement,P3,3.77,4.0,>,meetings/quarter
60005,E2E Full Test Corporation 1769042473 - Development,2024-03-31,P3-KPI6,Executive Engagement,P3,3.0,4.0,>,meetings/quarter
60005,E2E Full Test Corporation 1769042473 - Development,2024-04-30,P3-KPI6,Executive Engagement,P3,3.28,4.0,>,meetings/quarter
60005,E2E Full Test Corporation 1769042473 - Development,2024-05-30,P3-KPI6,Executive Engagement,P3,3.55,4.0,>,meetings/quarter
60005,E2E Full Test Corporation 1769042473 - Development,2024-06-29,P3-KPI6,Executive Engagement,P3,3.85,4.0,>,meetings/quarter
60005,E2E Full Test Corporation 1769042473 - Development,2024-07-29,P3-KPI6,Executive Engagement,P3,3.54,4.0,>,meetings/quarter
60005,E2E Full Test Corporation 1769042473 - Development,2024-08-28,P3-KPI6,Executive Engagement,P3,3.56,4.0,>,meetings/quarter
60005,E2E Full Test Corporation 1769042473 - Development,2024-09-27,P3-KPI6,Executive Engagement,P3,3.3,4.0,>,meetings/quarter
60005,E2E Full Test Corporation 1769042473 - Development,2024-10-27,P3-KPI6,Executive Engagement,P3,3.14,4.0,>,meetings/quarter
60005,E2E Full Test Corporation 1769042473 - Development,2024-11-26,P3-KPI6,Executive Engagement,P3,2.92,4.0,>,meetings/quarter
60005,E2E Full Test Corporation 1769042473 - Development,2024-01-01,P3-KPI7,Response Time SLA,P3,61.71,30.0,<,minutes
60005,E2E Full Test Corporation 1769042473 - Development,2024-01-31,P3-KPI7,Response Time SLA,P3,38.53,30.0,<,minutes
60005,E2E Full Test Corporation 1769042473 - Development,2024-03-01,P3-KPI7,Response Time SLA,P3,41.49,30.0,<,minutes
60005,E2E Full Test Corporation 1769042473 - Development,2024-03-31,P3-KPI7,Response Time SLA,P3,56.76,30.0,<,minutes
60005,E2E Full Test Corporation 1769042473 - Development,2024-04-30,P3-KPI7,Response Time SLA,P3,80.56,30.0,<,minutes
60005,E2E Full Test Corporation 1769042473 - Development,2024-05-30,P3-KPI7,Response Time SLA,P3,70.72,30.0,<,minutes
60005,E2E Full Test Corporation 1769042473 - Development,2024-06-29,P3-KPI7,Response Time SLA,P3,62.93,30.0,<,minutes
60005,E2E Full Test Corporation 1769042473 - Development,2024-07-29,P3-KPI7,Response Time SLA,P3,38.15,30.0,<,minutes
60005,E2E Full Test Corporation 1769042473 - Development,2024-08-28,P3-KPI7,Response Time SLA,P3,47.88,30.0,<,minutes
60005,E2E Full Test Corporation 1769042473 - Development,2024-09-27,P3-KPI7,Response Time SLA,P3,62.08,30.0,<,minutes
60005,E2E Full Test Corporation 1769042473 - Development,2024-10-27,P3-KPI7,Response Time SLA,P3,68.82,30.0,<,minutes
60005,E2E Full Test Corporation 1769042473 - Development,2024-11-26,P3-KPI7,Response Time SLA,P3,80.91,30.0,<,minutes
60005,E2E Full Test Corporation 1769042473 - Development,2024-01-01,P4-KPI1,ROI Achievement,P4,152.13,150.0,>,%
60005,E2E Full Test Corporation 1769042473 - Development,2024-01-31,P4-KPI1,ROI Achievement,P4,123.35,150.0,>,%
60005,E2E Full Test Corporation 1769042473 - Development,2024-03-01,P4-KPI1,ROI Achievement,P4,142.45,150.0,>,%
60005,E2E Full Test Corporation 1769042473 - Development,2024-03-31,P4-KPI1,ROI Achievement,P4,143.89,150.0,>,%
60005,E2E Full Test Corporation 1769042473 - Development,2024-04-30,P4-KPI1,ROI Achievement,P4,144.77,150.0,>,%
60005,E2E Full Test Corporation 1769042473 - Development,2024-05-30,P4-KPI1,ROI Achievement,P4,116.62,150.0,>,%
60005,E2E Full Test Corporation 1769042473 - Development,2024-06-29,P4-KPI1,ROI Achievement,P4,128.5,150.0,>,%
60005,E2E Full Test Corporation 1769042473 - Development,2024-07-29,P4-KPI1,ROI Achievement,P4,156.08,150.0,>,%
60005,E2E Full Test Corporation 1769042473 - Development,2024-08-28,P4-KPI1,ROI Achievement,P4,127.12,150.0,>,%
60005,E2E Full Test Corporation 1769042473 - Development,2024-09-27,P4-KPI1,ROI Achievement,P4,147.6,150.0,>,%
60005,E2E Full Test Corporation 1769042473 - Development,2024-10-27,P4-KPI1,ROI Achievement,P4,129.5,150.0,>,%
60005,E2E Full Test Corporation 1769042473 - Development,2024-11-26,P4-KPI1,ROI Achievement,P4,111.86,150.0,>,%
60005,E2E Full Test Corporation 1769042473 - Development,2024-01-01,P4-KPI2,Cost Reduction,P4,14.56,20.0,>,%
60005,E2E Full Test Corporation 1769042473 - Development,2024-01-31,P4-KPI2,Cost Reduction,P4,16.49,20.0,>,%
60005,E2E Full Test Corporation 1769042473 - Development,2024-03-01,P4-KPI2,Cost Reduction,P4,17.67,20.0,>,%
60005,E2E Full Test Corporation 1769042473 - Development,2024-03-31,P4-KPI2,Cost Reduction,P4,11.95,20.0,>,%
60005,E2E Full Test Corporation 1769042473 - Development,2024-04-30,P4-KPI2,Cost Reduction,P4,11.37,20.0,>,%
60005,E2E Full Test Corporation 1769042473 - Development,2024-05-30,P4-KPI2,Cost Reduction,P4,12.15,20.0,>,%
60005,E2E Full Test Corporation 1769042473 - Development,2024-06-29,P4-KPI2,Cost Reduction,P4,13.58,20.0,>,%
60005,E2E Full Test Corporation 1769042473 - Development,2024-07-29,P4-KPI2,Cost Reduction,P4,18.11,20.0,>,%
60005,E2E Full Test Corporation 1769042473 - Development,2024-08-28,P4-KPI2,Cost Reduction,P4,18.07,20.0,>,%
60005,E2E Full Test Corporation 1769042473 - Development,2024-09-27,P4-KPI2,Cost Reduction,P4,13.93,20.0,>,%
60005,E2E Full Test Corporation 1769042473 - Development,2024-10-27,P4-KPI2,Cost Reduction,P4,10.69,20.0,>,%
60005,E2E Full Test Corporation 1769042473 - Development,2024-11-26,P4-KPI2,Cost Reduction,P4,10.39,20.0,>,%
60005,E2E Full Test Corporation 1769042473 - Development,2024-01-01,P4-KPI3,Time to Value,P4,109.7,90.0,<,days
60005,E2E Full Test Corporation 1769042473 - Development,2024-01-31,P4-KPI3,Time to Value,P4,101.49,90.0,<,days
60005,E2E Full Test Corporation 1769042473 - Development,2024-03-01,P4-KPI3,Time to Value,P4,103.72,90.0,<,days
60005,E2E Full Test Corporation 1769042473 - Development,2024-03-31,P4-KPI3,Time to Value,P4,129.33,90.0,<,days
60005,E2E Full Test Corporation 1769042473 - Development,2024-04-30,P4-KPI3,Time to Value,P4,149.91,90.0,<,days
60005,E2E Full Test Corporation 1769042473 - Development,2024-05-30,P4-KPI3,Time to Value,P4,133.82,90.0,<,days
60005,E2E Full Test Corporation 1769042473 - Development,2024-06-29,P4-KPI3,Time to Value,P4,101.62,90.0,<,days
60005,E2E Full Test Corporation 1769042473 - Development,2024-07-29,P4-KPI3,Time to Value,P4,96.82,90.0,<,days
60005,E2E Full Test Corporation 1769042473 - Development,2024-08-28,P4-KPI3,Time to Value,P4,100.25,90.0,<,days
60005,E2E Full Test Corporation 1769042473 - Development,2024-09-27,P4-KPI3,Time to Value,P4,126.58,90.0,<,days
60005,E2E Full Test Corporation 1769042473 - Development,2024-10-27,P4-KPI3,Time to Value,P4,128.88,90.0,<,days
60005,E2E Full Test Corporation 1769042473 - Development,2024-11-26,P4-KPI3,Time to Value,P4,126.69,90.0,<,days
60005,E2E Full Test Corporation 1769042473 - Development,2024-01-01,P4-KPI4,Revenue Enablement,P4,3.73,5.0,>,$M
60005,E2E Full Test Corporation 1769042473 - Development,2024-01-31,P4-KPI4,Revenue Enablement,P4,4.14,5.0,>,$M
60005,E2E Full Test Corporation 1769042473 - Development,2024-03-01,P4-KPI4,Revenue Enablement,P4,4.1,5.0,>,$M
60005,E2E Full Test Corporation 1769042473 - Development,2024-03-31,P4-KPI4,Revenue Enablement,P4,3.64,5.0,>,$M
60005,E2E Full Test Corporation 1769042473 - Development,2024-04-30,P4-KPI4,Revenue Enablement,P4,2.96,5.0,>,$M
60005,E2E Full Test Corporation 1769042473 - Development,2024-05-30,P4-KPI4,Revenue Enablement,P4,3.48,5.0,>,$M
60005,E2E Full Test Corporation 1769042473 - Development,2024-06-29,P4-KPI4,Revenue Enablement,P4,3.82,5.0,>,$M
60005,E2E Full Test Corporation 1769042473 - Development,2024-07-29,P4-KPI4,Revenue Enablement,P4,4.75,5.0,>,$M
60005,E2E Full Test Corporation 1769042473 - Development,2024-08-28,P4-KPI4,Revenue Enablement,P4,4.13,5.0,>,$M
60005,E2E Full Test Corporation 1769042473 - Development,2024-09-27,P4-KPI4,Revenue Enablement,P4,3.4,5.0,>,$M
60005,E2E Full Test Corporation 1769042473 - Development,2024-10-27,P4-KPI4,Revenue Enablement,P4,3.42,5.0,>,$M
60005,E2E Full Test Corporation 1769042473 - Development,2024-11-26,P4-KPI4,Revenue Enablement,P4,3.06,5.0,>,$M
60005,E2E Full Test Corporation 1769042473 - Development,2024-01-01,P4-KPI5,Operational Efficiency,P4,71.96,85.0,>,%
60005,E2E Full Test Corporation 1769042473 - Development,2024-01-31,P4-KPI5,Operational Efficiency,P4,81.82,85.0,>,%
60005,E2E Full Test Corporation 1769042473 - Development,2024-03-01,P4-KPI5,Operational Efficiency,P4,70.72,85.0,>,%
60005,E2E Full Test Corporation 1769042473 - Development,2024-03-31,P4-KPI5,Operational Efficiency,P4,72.11,85.0,>,%
60005,E2E Full Test Corporation 1769042473 - Development,2024-04-30,P4-KPI5,Operational Efficiency,P4,75.62,85.0,>,%
60005,E2E Full Test Corporation 1769042473 - Development,2024-05-30,P4-KPI5,Operational Efficiency,P4,70.52,85.0,>,%
60005,E2E Full Test Corporation 1769042473 - Development,2024-06-29,P4-KPI5,Operational Efficiency,P4,76.75,85.0,>,%
60005,E2E Full Test Corporation 1769042473 - Development,2024-07-29,P4-KPI5,Operational Efficiency,P4,87.08,85.0,>,%
60005,E2E Full Test Corporation 1769042473 - Development,2024-08-28,P4-KPI5,Operational Efficiency,P4,79.19,85.0,>,%
60005,E2E Full Test Corporation 1769042473 - Development,2024-09-27,P4-KPI5,Operational Efficiency,P4,69.92,85.0,>,%
60005,E2E Full Test Corporation 1769042473 - Development,2024-10-27,P4-KPI5,Operational Efficiency,P4,79.17,85.0,>,%
60005,E2E Full Test Corporation 1769042473 - Development,2024-11-26,P4-KPI5,Operational Efficiency,P4,79.1,85.0,>,%
60005,E2E Full Test Corporation 1769042473 - Development,2024-01-01,P4-KPI6,Innovation Projects,P4,2.07,3.0,>,count
60005,E2E Full Test Corporation 1769042473 - Development,2024-01-31,P4-KPI6,Innovation Projects,P4,2.45,3.0,>,count
60005,E2E Full Test Corporation 1769042473 - Development,2024-03-01,P4-KPI6,Innovation Projects,P4,2.7,3.0,>,count
60005,E2E Full Test Corporation 1769042473 - Development,2024-03-31,P4-KPI6,Innovation Projects,P4,2.57,3.0,>,count
60005,E2E Full Test Corporation 1769042473 - Development,2024-04-30,P4-KPI6,Innovation Projects,P4,2.33,3.0,>,count
60005,E2E Full Test Corporation 1769042473 - Development,2024-05-30,P4-KPI6,Innovation Projects,P4,2.19,3.0,>,count
60005,E2E Full Test Corporation 1769042473 - Development,2024-06-29,P4-KPI6,Innovation Projects,P4,2.16,3.0,>,count
60005,E2E Full Test Corporation 1769042473 - Development,2024-07-29,P4-KPI6,Innovation Projects,P4,3.05,3.0,>,count
60005,E2E Full Test Corporation 1769042473 - Development,2024-08-28,P4-KPI6,Innovation Projects,P4,2.67,3.0,>,count
60005,E2E Full Test Corporation 1769042473 - Development,2024-09-27,P4-KPI6,Innovation Projects,P4,2.4,3.0,>,count
60005,E2E Full Test Corporation 1769042473 - Development,2024-10-27,P4-KPI6,Innovation Projects,P4,2.25,3.0,>,count
60005,E2E Full Test Corporation 1769042473 - Development,2024-11-26,P4-KPI6,Innovation Projects,P4,1.79,3.0,>,count
60005,E2E Full Test Corporation 1769042473 - Development,2024-01-01,P4-KPI7,Business Case Validation,P4,93.26,90.0,>,%
60005,E2E Full Test Corporation 1769042473 - Development,2024-01-31,P4-KPI7,Business Case Validation,P4,82.35,90.0,>,%
60005,E2E Full Test Corporation 1769042473 - Development,2024-03-01,P4-KPI7,Business Case Validation,P4,91.93,90.0,>,%
60005,E2E Full Test Corporation 1769042473 - Development,2024-03-31,P4-KPI7,Business Case Validation,P4,73.4,90.0,>,%
60005,E2E Full Test Corporation 1769042473 - Development,2024-04-30,P4-KPI7,Business Case Validation,P4,84.67,90.0,>,%
60005,E2E Full Test Corporation 1769042473 - Development,2024-05-30,P4-KPI7,Business Case Validation,P4,82.91,90.0,>,%
60005,E2E Full Test Corporation 1769042473 - Development,2024-06-29,P4-KPI7,Business Case Validation,P4,75.75,90.0,>,%
60005,E2E Full Test Corporation 1769042473 - Development,2024-07-29,P4-KPI7,Business Case Validation,P4,96.72,90.0,>,%
60005,E2E Full Test Corporation 1769042473 - Development,2024-08-28,P4-KPI7,Business Case Validation,P4,95.5,90.0,>,%
60005,E2E Full Test Corporation 1769042473 - Development,2024-09-27,P4-KPI7,Business Case Validation,P4,89.39,90.0,>,%
60005,E2E Full Test Corporation 1769042473 - Development,2024-10-27,P4-KPI7,Business Case Validation,P4,77.41,90.0,>,%
60005,E2E Full Test Corporation 1769042473 - Development,2024-11-26,P4-KPI7,Business Case Validation,P4,70.27,90.0,>,%
60005,E2E Full Test Corporation 1769042473 - Development,2024-01-01,P5-KPI1,Executive Sponsorship,P5,4.16,4.5,>,score
60005,E2E Full Test Corporation 1769042473 - Development,2024-01-31,P5-KPI1,Executive Sponsorship,P5,4.05,4.5,>,score
60005,E2E Full Test Corporation 1769042473 - Development,2024-03-01,P5-KPI1,Executive Sponsorship,P5,3.69,4.5,>,score
60005,E2E Full Test Corporation 1769042473 - Development,2024-03-31,P5-KPI1,Executive Sponsorship,P5,3.65,4.5,>,score
60005,E2E Full Test Corporation 1769042473 - Development,2024-04-30,P5-KPI1,Executive Sponsorship,P5,3.89,4.5,>,score
60005,E2E Full Test Corporation 1769042473 - Development,2024-05-30,P5-KPI1,Executive Sponsorship,P5,3.85,4.5,>,score
60005,E2E Full Test Corporation 1769042473 - Development,2024-06-29,P5-KPI1,Executive Sponsorship,P5,4.2,4.5,>,score
60005,E2E Full Test Corporation 1769042473 - Development,2024-07-29,P5-KPI1,Executive Sponsorship,P5,4.59,4.5,>,score
60005,E2E Full Test Corporation 1769042473 - Development,2024-08-28,P5-KPI1,Executive Sponsorship,P5,4.29,4.5,>,score
60005,E2E Full Test Corporation 1769042473 - Development,2024-09-27,P5-KPI1,Executive Sponsorship,P5,4.26,4.5,>,score
60005,E2E Full Test Corporation 1769042473 - Development,2024-10-27,P5-KPI1,Executive Sponsorship,P5,3.41,4.5,>,score
60005,E2E Full Test Corporation 1769042473 - Development,2024-11-26,P5-KPI1,Executive Sponsorship,P5,4.06,4.5,>,score
60005,E2E Full Test Corporation 1769042473 - Development,2024-01-01,P5-KPI2,Renewal Likelihood,P5,87.85,95.0,>,%
60005,E2E Full Test Corporation 1769042473 - Development,2024-01-31,P5-KPI2,Renewal Likelihood,P5,79.42,95.0,>,%
60005,E2E Full Test Corporation 1769042473 - Development,2024-03-01,P5-KPI2,Renewal Likelihood,P5,97.55,95.0,>,%
60005,E2E Full Test Corporation 1769042473 - Development,2024-03-31,P5-KPI2,Renewal Likelihood,P5,86.71,95.0,>,%
60005,E2E Full Test Corporation 1769042473 - Development,2024-04-30,P5-KPI2,Renewal Likelihood,P5,88.84,95.0,>,%
60005,E2E Full Test Corporation 1769042473 - Development,2024-05-30,P5-KPI2,Renewal Likelihood,P5,95.42,95.0,>,%
60005,E2E Full Test Corporation 1769042473 - Development,2024-06-29,P5-KPI2,Renewal Likelihood,P5,96.61,95.0,>,%
60005,E2E Full Test Corporation 1769042473 - Development,2024-07-29,P5-KPI2,Renewal Likelihood,P5,79.48,95.0,>,%
60005,E2E Full Test Corporation 1769042473 - Development,2024-08-28,P5-KPI2,Renewal Likelihood,P5,88.66,95.0,>,%
60005,E2E Full Test Corporation 1769042473 - Development,2024-09-27,P5-KPI2,Renewal Likelihood,P5,76.63,95.0,>,%
60005,E2E Full Test Corporation 1769042473 - Development,2024-10-27,P5-KPI2,Renewal Likelihood,P5,72.59,95.0,>,%
60005,E2E Full Test Corporation 1769042473 - Development,2024-11-26,P5-KPI2,Renewal Likelihood,P5,90.34,95.0,>,%
60005,E2E Full Test Corporation 1769042473 - Development,2024-01-01,P5-KPI3,Expansion Pipeline,P5,1.51,2.0,>,$M
60005,E2E Full Test Corporation 1769042473 - Development,2024-01-31,P5-KPI3,Expansion Pipeline,P5,2.02,2.0,>,$M
60005,E2E Full Test Corporation 1769042473 - Development,2024-03-01,P5-KPI3,Expansion Pipeline,P5,1.58,2.0,>,$M
60005,E2E Full Test Corporation 1769042473 - Development,2024-03-31,P5-KPI3,Expansion Pipeline,P5,1.56,2.0,>,$M
60005,E2E Full Test Corporation 1769042473 - Development,2024-04-30,P5-KPI3,Expansion Pipeline,P5,1.35,2.0,>,$M
60005,E2E Full Test Corporation 1769042473 - Development,2024-05-30,P5-KPI3,Expansion Pipeline,P5,1.21,2.0,>,$M
60005,E2E Full Test Corporation 1769042473 - Development,2024-06-29,P5-KPI3,Expansion Pipeline,P5,1.67,2.0,>,$M
60005,E2E Full Test Corporation 1769042473 - Development,2024-07-29,P5-KPI3,Expansion Pipeline,P5,1.98,2.0,>,$M
60005,E2E Full Test Corporation 1769042473 - Development,2024-08-28,P5-KPI3,Expansion Pipeline,P5,1.88,2.0,>,$M
60005,E2E Full Test Corporation 1769042473 - Development,2024-09-27,P5-KPI3,Expansion Pipeline,P5,1.41,2.0,>,$M
60005,E2E Full Test Corporation 1769042473 - Development,2024-10-27,P5-KPI3,Expansion Pipeline,P5,1.34,2.0,>,$M
60005,E2E Full Test Corporation 1769042473 - Development,2024-11-26,P5-KPI3,Expansion Pipeline,P5,1.2,2.0,>,$M
60005,E2E Full Test Corporation 1769042473 - Development,2024-01-01,P5-KPI4,Reference Willingness,P5,3.25,4.0,>,score
60005,E2E Full Test Corporation 1769042473 - Development,2024-01-31,P5-KPI4,Reference Willingness,P5,3.72,4.0,>,score
60005,E2E Full Test Corporation 1769042473 - Development,2024-03-01,P5-KPI4,Reference Willingness,P5,3.25,4.0,>,score
60005,E2E Full Test Corporation 1769042473 - Development,2024-03-31,P5-KPI4,Reference Willingness,P5,3.81,4.0,>,score
60005,E2E Full Test Corporation 1769042473 - Development,2024-04-30,P5-KPI4,Reference Willingness,P5,3.33,4.0,>,score
60005,E2E Full Test Corporation 1769042473 - Development,2024-05-30,P5-KPI4,Reference Willingness,P5,2.69,4.0,>,score
60005,E2E Full Test Corporation 1769042473 - Development,2024-06-29,P5-KPI4,Reference Willingness,P5,3.13,4.0,>,score
60005,E2E Full Test Corporation 1769042473 - Development,2024-07-29,P5-KPI4,Reference Willingness,P5,3.75,4.0,>,score
60005,E2E Full Test Corporation 1769042473 - Development,2024-08-28,P5-KPI4,Reference Willingness,P5,4.07,4.0,>,score
60005,E2E Full Test Corporation 1769042473 - Development,2024-09-27,P5-KPI4,Reference Willingness,P5,3.28,4.0,>,score
60005,E2E Full Test Corporation 1769042473 - Development,2024-10-27,P5-KPI4,Reference Willingness,P5,3.15,4.0,>,score
60005,E2E Full Test Corporation 1769042473 - Development,2024-11-26,P5-KPI4,Reference Willingness,P5,3.13,4.0,>,score
60005,E2E Full Test Corporation 1769042473 - Development,2024-01-01,P5-KPI5,Strategic Alignment,P5,69.75,85.0,>,score
60005,E2E Full Test Corporation 1769042473 - Development,2024-01-31,P5-KPI5,Strategic Alignment,P5,77.24,85.0,>,score
60005,E2E Full Test Corporation 1769042473 - Development,2024-03-01,P5-KPI5,Strategic Alignment,P5,73.37,85.0,>,score
60005,E2E Full Test Corporation 1769042473 - Development,2024-03-31,P5-KPI5,Strategic Alignment,P5,70.89,85.0,>,score
60005,E2E Full Test Corporation 1769042473 - Development,2024-04-30,P5-KPI5,Strategic Alignment,P5,62.81,85.0,>,score
60005,E2E Full Test Corporation 1769042473 - Development,2024-05-30,P5-KPI5,Strategic Alignment,P5,78.22,85.0,>,score
60005,E2E Full Test Corporation 1769042473 - Development,2024-06-29,P5-KPI5,Strategic Alignment,P5,67.61,85.0,>,score
60005,E2E Full Test Corporation 1769042473 - Development,2024-07-29,P5-KPI5,Strategic Alignment,P5,85.33,85.0,>,score
60005,E2E Full Test Corporation 1769042473 - Development,2024-08-28,P5-KPI5,Strategic Alignment,P5,93.17,85.0,>,score
60005,E2E Full Test Corporation 1769042473 - Development,2024-09-27,P5-KPI5,Strategic Alignment,P5,83.2,85.0,>,score
60005,E2E Full Test Corporation 1769042473 - Development,2024-10-27,P5-KPI5,Strategic Alignment,P5,81.74,85.0,>,score
60005,E2E Full Test Corporation 1769042473 - Development,2024-11-26,P5-KPI5,Strategic Alignment,P5,64.11,85.0,>,score
60005,E2E Full Test Corporation 1769042473 - Development,2024-01-01,P5-KPI6,Partnership Depth,P5,81.34,80.0,>,score
60005,E2E Full Test Corporation 1769042473 - Development,2024-01-31,P5-KPI6,Partnership Depth,P5,75.44,80.0,>,score
60005,E2E Full Test Corporation 1769042473 - Development,2024-03-01,P5-KPI6,Partnership Depth,P5,67.92,80.0,>,score
60005,E2E Full Test Corporation 1769042473 - Development,2024-03-31,P5-KPI6,Partnership Depth,P5,67.28,80.0,>,score
60005,E2E Full Test Corporation 1769042473 - Development,2024-04-30,P5-KPI6,Partnership Depth,P5,59.3,80.0,>,score
60005,E2E Full Test Corporation 1769042473 - Development,2024-05-30,P5-KPI6,Partnership Depth,P5,57.3,80.0,>,score
60005,E2E Full Test Corporation 1769042473 - Development,2024-06-29,P5-KPI6,Partnership Depth,P5,64.13,80.0,>,score
60005,E2E Full Test Corporation 1769042473 - Development,2024-07-29,P5-KPI6,Partnership Depth,P5,77.82,80.0,>,score
60005,E2E Full Test Corporation 1769042473 - Development,2024-08-28,P5-KPI6,Partnership Depth,P5,68.32,80.0,>,score
60005,E2E Full Test Corporation 1769042473 - Development,2024-09-27,P5-KPI6,Partnership Depth,P5,71.96,80.0,>,score
60005,E2E Full Test Corporation 1769042473 - Development,2024-10-27,P5-KPI6,Partnership Depth,P5,65.59,80.0,>,score
60005,E2E Full Test Corporation 1769042473 - Development,2024-11-26,P5-KPI6,Partnership Depth,P5,58.74,80.0,>,score
60005,E2E Full Test Corporation 1769042473 - Development,2024-01-01,P5-KPI7,NPS Score,P5,63.67,70.0,>,score
60005,E2E Full Test Corporation 1769042473 - Development,2024-01-31,P5-KPI7,NPS Score,P5,69.91,70.0,>,score
60005,E2E Full Test Corporation 1769042473 - Development,2024-03-01,P5-KPI7,NPS Score,P5,72.1,70.0,>,score
60005,E2E Full Test Corporation 1769042473 - Development,2024-03-31,P5-KPI7,NPS Score,P5,56.31,70.0,>,score
60005,E2E Full Test Corporation 1769042473 - Development,2024-04-30,P5-KPI7,NPS Score,P5,56.45,70.0,>,score
60005,E2E Full Test Corporation 1769042473 - Development,2024-05-30,P5-KPI7,NPS Score,P5,48.91,70.0,>,score
60005,E2E Full Test Corporation 1769042473 - Development,2024-06-29,P5-KPI7,NPS Score,P5,67.32,70.0,>,score
60005,E2E Full Test Corporation 1769042473 - Development,2024-07-29,P5-KPI7,NPS Score,P5,58.11,70.0,>,score
60005,E2E Full Test Corporation 1769042473 - Development,2024-08-28,P5-KPI7,NPS Score,P5,60.47,70.0,>,score
60005,E2E Full Test Corporation 1769042473 - Development,2024-09-27,P5-KPI7,NPS Score,P5,60.73,70.0,>,score
60005,E2E Full Test Corporation 1769042473 - Development,2024-10-27,P5-KPI7,NPS Score,P5,58.59,70.0,>,score
60005,E2E Full Test Corporation 1769042473 - Development,2024-11-26,P5-KPI7,NPS Score,P5,54.28,70.0,>,score
60006,E2E Full Test Corporation 1769042473 - HQ Operations,2024-01-01,P1-KPI1,System Uptime,P1,100.0,99.9,>,%
60006,E2E Full Test Corporation 1769042473 - HQ Operations,2024-01-31,P1-KPI1,System Uptime,P1,99.41,99.9,>,%
60006,E2E Full Test Corporation 1769042473 - HQ Operations,2024-03-01,P1-KPI1,System Uptime,P1,99.64,99.9,>,%
60006,E2E Full Test Corporation 1769042473 - HQ Operations,2024-03-31,P1-KPI1,System Uptime,P1,98.85,99.9,>,%
60006,E2E Full Test Corporation 1769042473 - HQ Operations,2024-04-30,P1-KPI1,System Uptime,P1,99.13,99.9,>,%
60006,E2E Full Test Corporation 1769042473 - HQ Operations,2024-05-30,P1-KPI1,System Uptime,P1,98.0,99.9,>,%
60006,E2E Full Test Corporation 1769042473 - HQ Operations,2024-06-29,P1-KPI1,System Uptime,P1,99.85,99.9,>,%
60006,E2E Full Test Corporation 1769042473 - HQ Operations,2024-07-29,P1-KPI1,System Uptime,P1,98.0,99.9,>,%
60006,E2E Full Test Corporation 1769042473 - HQ Operations,2024-08-28,P1-KPI1,System Uptime,P1,99.28,99.9,>,%
60006,E2E Full Test Corporation 1769042473 - HQ Operations,2024-09-27,P1-KPI1,System Uptime,P1,100.0,99.9,>,%
60006,E2E Full Test Corporation 1769042473 - HQ Operations,2024-10-27,P1-KPI1,System Uptime,P1,98.0,99.9,>,%
60006,E2E Full Test Corporation 1769042473 - HQ Operations,2024-11-26,P1-KPI1,System Uptime,P1,98.0,99.9,>,%
60006,E2E Full Test Corporation 1769042473 - HQ Operations,2024-01-01,P1-KPI2,Mean Time to Resolution,P1,3.67,2.0,<,hours
60006,E2E Full Test Corporation 1769042473 - HQ Operations,2024-01-31,P1-KPI2,Mean Time to Resolution,P1,3.64,2.0,<,hours
60006,E2E Full Test Corporation 1769042473 - HQ Operations,2024-03-01,P1-KPI2,Mean Time to Resolution,P1,3.62,2.0,<,hours
60006,E2E Full Test Corporation 1769042473 - HQ Operations,2024-03-31,P1-KPI2,Mean Time to Resolution,P1,3.78,2.0,<,hours
60006,E2E Full Test Corporation 1769042473 - HQ Operations,2024-04-30,P1-KPI2,Mean Time to Resolution,P1,4.84,2.0,<,hours
60006,E2E Full Test Corporation 1769042473 - HQ Operations,2024-05-30,P1-KPI2,Mean Time to Resolution,P1,4.62,2.0,<,hours
60006,E2E Full Test Corporation 1769042473 - HQ Operations,2024-06-29,P1-KPI2,Mean Time to Resolution,P1,3.72,2.0,<,hours
60006,E2E Full Test Corporation 1769042473 - HQ Operations,2024-07-29,P1-KPI2,Mean Time to Resolution,P1,3.78,2.0,<,hours
60006,E2E Full Test Corporation 1769042473 - HQ Operations,2024-08-28,P1-KPI2,Mean Time to Resolution,P1,3.69,2.0,<,hours
60006,E2E Full Test Corporation 1769042473 - HQ Operations,2024-09-27,P1-KPI2,Mean Time to Resolution,P1,3.69,2.0,<,hours
60006,E2E Full Test Corporation 1769042473 - HQ Operations,2024-10-27,P1-KPI2,Mean Time to Resolution,P1,3.64,2.0,<,hours
60006,E2E Full Test Corporation 1769042473 - HQ Operations,2024-11-26,P1-KPI2,Mean Time to Resolution,P1,3.65,2.0,<,hours
60006,E2E Full Test Corporation 1769042473 - HQ Operations,2024-01-01,P1-KPI3,GPU Utilization,P1,71.38,85.0,>,%
60006,E2E Full Test Corporation 1769042473 - HQ Operations,2024-01-31,P1-KPI3,GPU Utilization,P1,78.62,85.0,>,%
60006,E2E Full Test Corporation 1769042473 - HQ Operations,2024-03-01,P1-KPI3,GPU Utilization,P1,77.34,85.0,>,%
60006,E2E Full Test Corporation 1769042473 - HQ Operations,2024-03-31,P1-KPI3,GPU Utilization,P1,73.9,85.0,>,%
60006,E2E Full Test Corporation 1769042473 - HQ Operations,2024-04-30,P1-KPI3,GPU Utilization,P1,73.38,85.0,>,%
60006,E2E Full Test Corporation 1769042473 - HQ Operations,2024-05-30,P1-KPI3,GPU Utilization,P1,70.19,85.0,>,%
60006,E2E Full Test Corporation 1769042473 - HQ Operations,2024-06-29,P1-KPI3,GPU Utilization,P1,80.54,85.0,>,%
60006,E2E Full Test Corporation 1769042473 - HQ Operations,2024-07-29,P1-KPI3,GPU Utilization,P1,77.85,85.0,>,%
60006,E2E Full Test Corporation 1769042473 - HQ Operations,2024-08-28,P1-KPI3,GPU Utilization,P1,75.76,85.0,>,%
60006,E2E Full Test Corporation 1769042473 - HQ Operations,2024-09-27,P1-KPI3,GPU Utilization,P1,77.28,85.0,>,%
60006,E2E Full Test Corporation 1769042473 - HQ Operations,2024-10-27,P1-KPI3,GPU Utilization,P1,79.43,85.0,>,%
60006,E2E Full Test Corporation 1769042473 - HQ Operations,2024-11-26,P1-KPI3,GPU Utilization,P1,77.88,85.0,>,%
60006,E2E Full Test Corporation 1769042473 - HQ Operations,2024-01-01,P1-KPI4,Network Latency,P1,27.05,10.0,<,ms
60006,E2E Full Test Corporation 1769042473 - HQ Operations,2024-01-31,P1-KPI4,Network Latency,P1,22.11,10.0,<,ms
60006,E2E Full Test Corporation 1769042473 - HQ Operations,2024-03-01,P1-KPI4,Network Latency,P1,20.99,10.0,<,ms
60006,E2E Full Test Corporation 1769042473 - HQ Operations,2024-03-31,P1-KPI4,Network Latency,P1,28.35,10.0,<,ms
60006,E2E Full Test Corporation 1769042473 - HQ Operations,2024-04-30,P1-KPI4,Network Latency,P1,28.9,10.0,<,ms
60006,E2E Full Test Corporation 1769042473 - HQ Operations,2024-05-30,P1-KPI4,Network Latency,P1,22.76,10.0,<,ms
60006,E2E Full Test Corporation 1769042473 - HQ Operations,2024-06-29,P1-KPI4,Network Latency,P1,22.58,10.0,<,ms
60006,E2E Full Test Corporation 1769042473 - HQ Operations,2024-07-29,P1-KPI4,Network Latency,P1,21.21,10.0,<,ms
60006,E2E Full Test Corporation 1769042473 - HQ Operations,2024-08-28,P1-KPI4,Network Latency,P1,22.78,10.0,<,ms
60006,E2E Full Test Corporation 1769042473 - HQ Operations,2024-09-27,P1-KPI4,Network Latency,P1,22.84,10.0,<,ms
60006,E2E Full Test Corporation 1769042473 - HQ Operations,2024-10-27,P1-KPI4,Network Latency,P1,22.7,10.0,<,ms
60006,E2E Full Test Corporation 1769042473 - HQ Operations,2024-11-26,P1-KPI4,Network Latency,P1,22.62,10.0,<,ms
60006,E2E Full Test Corporation 1769042473 - HQ Operations,2024-01-01,P1-KPI5,Storage Performance,P1,89214.67,100000.0,>,IOPS
60006,E2E Full Test Corporation 1769042473 - HQ Operations,2024-01-31,P1-KPI5,Storage Performance,P1,81511.26,100000.0,>,IOPS
60006,E2E Full Test Corporation 1769042473 - HQ Operations,2024-03-01,P1-KPI5,Storage Performance,P1,74483.9,100000.0,>,IOPS
60006,E2E Full Test Corporation 1769042473 - HQ Operations,2024-03-31,P1-KPI5,Storage Performance,P1,77168.3,100000.0,>,IOPS
60006,E2E Full Test Corporation 1769042473 - HQ Operations,2024-04-30,P1-KPI5,Storage Performance,P1,74767.67,100000.0,>,IOPS
60006,E2E Full Test Corporation 1769042473 - HQ Operations,2024-05-30,P1-KPI5,Storage Performance,P1,80425.0,100000.0,>,IOPS
60006,E2E Full Test Corporation 1769042473 - HQ Operations,2024-06-29,P1-KPI5,Storage Performance,P1,83496.82,100000.0,>,IOPS
60006,E2E Full Test Corporation 1769042473 - HQ Operations,2024-07-29,P1-KPI5,Storage Performance,P1,84468.7,100000.0,>,IOPS
60006,E2E Full Test Corporation 1769042473 - HQ Operations,2024-08-28,P1-KPI5,Storage Performance,P1,85912.11,100000.0,>,IOPS
60006,E2E Full Test Corporation 1769042473 - HQ Operations,2024-09-27,P1-KPI5,Storage Performance,P1,86951.15,100000.0,>,IOPS
60006,E2E Full Test Corporation 1769042473 - HQ Operations,2024-10-27,P1-KPI5,Storage Performance,P1,83012.02,100000.0,>,IOPS
60006,E2E Full Test Corporation 1769042473 - HQ Operations,2024-11-26,P1-KPI5,Storage Performance,P1,85866.94,100000.0,>,IOPS
60006,E2E Full Test Corporation 1769042473 - HQ Operations,2024-01-01,P1-KPI6,Cooling Efficiency,P1,1.58,1.3,<,PUE
60006,E2E Full Test Corporation 1769042473 - HQ Operations,2024-01-31,P1-KPI6,Cooling Efficiency,P1,1.5,1.3,<,PUE
60006,E2E Full Test Corporation 1769042473 - HQ Operations,2024-03-01,P1-KPI6,Cooling Efficiency,P1,1.45,1.3,<,PUE
60006,E2E Full Test Corporation 1769042473 - HQ Operations,2024-03-31,P1-KPI6,Cooling Efficiency,P1,1.57,1.3,<,PUE
60006,E2E Full Test Corporation 1769042473 - HQ Operations,2024-04-30,P1-KPI6,Cooling Efficiency,P1,1.42,1.3,<,PUE
60006,E2E Full Test Corporation 1769042473 - HQ Operations,2024-05-30,P1-KPI6,Cooling Efficiency,P1,1.4,1.3,<,PUE
60006,E2E Full Test Corporation 1769042473 - HQ Operations,2024-06-29,P1-KPI6,Cooling Efficiency,P1,1.4,1.3,<,PUE
60006,E2E Full Test Corporation 1769042473 - HQ Operations,2024-07-29,P1-KPI6,Cooling Efficiency,P1,1.52,1.3,<,PUE
60006,E2E Full Test Corporation 1769042473 - HQ Operations,2024-08-28,P1-KPI6,Cooling Efficiency,P1,1.41,1.3,<,PUE
60006,E2E Full Test Corporation 1769042473 - HQ Operations,2024-09-27,P1-KPI6,Cooling Efficiency,P1,1.48,1.3,<,PUE
60006,E2E Full Test Corporation 1769042473 - HQ Operations,2024-10-27,P1-KPI6,Cooling Efficiency,P1,1.46,1.3,<,PUE
60006,E2E Full Test Corporation 1769042473 - HQ Operations,2024-11-26,P1-KPI6,Cooling Efficiency,P1,1.5,1.3,<,PUE
60006,E2E Full Test Corporation 1769042473 - HQ Operations,2024-01-01,P1-KPI7,Power Usage,P1,633.62,500.0,<,kW
60006,E2E Full Test Corporation 1769042473 - HQ Operations,2024-01-31,P1-KPI7,Power Usage,P1,655.79,500.0,<,kW
60006,E2E Full Test Corporation 1769042473 - HQ Operations,2024-03-01,P1-KPI7,Power Usage,P1,662.99,500.0,<,kW
60006,E2E Full Test Corporation 1769042473 - HQ Operations,2024-03-31,P1-KPI7,Power Usage,P1,642.89,500.0,<,kW
60006,E2E Full Test Corporation 1769042473 - HQ Operations,2024-04-30,P1-KPI7,Power Usage,P1,645.43,500.0,<,kW
60006,E2E Full Test Corporation 1769042473 - HQ Operations,2024-05-30,P1-KPI7,Power Usage,P1,627.55,500.0,<,kW
60006,E2E Full Test Corporation 1769042473 - HQ Operations,2024-06-29,P1-KPI7,Power Usage,P1,612.68,500.0,<,kW
60006,E2E Full Test Corporation 1769042473 - HQ Operations,2024-07-29,P1-KPI7,Power Usage,P1,570.5,500.0,<,kW
60006,E2E Full Test Corporation 1769042473 - HQ Operations,2024-08-28,P1-KPI7,Power Usage,P1,596.55,500.0,<,kW
60006,E2E Full Test Corporation 1769042473 - HQ Operations,2024-09-27,P1-KPI7,Power Usage,P1,578.08,500.0,<,kW
60006,E2E Full Test Corporation 1769042473 - HQ Operations,2024-10-27,P1-KPI7,Power Usage,P1,605.46,500.0,<,kW
60006,E2E Full Test Corporation 1769042473 - HQ Operations,2024-11-26,P1-KPI7,Power Usage,P1,572.22,500.0,<,kW
60006,E2E Full Test Corporation 1769042473 - HQ Operations,2024-01-01,P1-KPI8,Thermal Management,P1,28.93,25.0,<,°C
60006,E2E Full Test Corporation 1769042473 - HQ Operations,2024-01-31,P1-KPI8,Thermal Management,P1,29.53,25.0,<,°C
60006,E2E Full Test Corporation 1769042473 - HQ Operations,2024-03-01,P1-KPI8,Thermal Management,P1,30.01,25.0,<,°C
60006,E2E Full Test Corporation 1769042473 - HQ Operations,2024-03-31,P1-KPI8,Thermal Management,P1,28.88,25.0,<,°C
60006,E2E Full Test Corporation 1769042473 - HQ Operations,2024-04-30,P1-KPI8,Thermal Management,P1,28.72,25.0,<,°C
60006,E2E Full Test Corporation 1769042473 - HQ Operations,2024-05-30,P1-KPI8,Thermal Management,P1,30.41,25.0,<,°C
60006,E2E Full Test Corporation 1769042473 - HQ Operations,2024-06-29,P1-KPI8,Thermal Management,P1,29.01,25.0,<,°C
60006,E2E Full Test Corporation 1769042473 - HQ Operations,2024-07-29,P1-KPI8,Thermal Management,P1,26.85,25.0,<,°C
60006,E2E Full Test Corporation 1769042473 - HQ Operations,2024-08-28,P1-KPI8,Thermal Management,P1,27.75,25.0,<,°C
60006,E2E Full Test Corporation 1769042473 - HQ Operations,2024-09-27,P1-KPI8,Thermal Management,P1,26.9,25.0,<,°C
60006,E2E Full Test Corporation 1769042473 - HQ Operations,2024-10-27,P1-KPI8,Thermal Management,P1,29.38,25.0,<,°C
60006,E2E Full Test Corporation 1769042473 - HQ Operations,2024-11-26,P1-KPI8,Thermal Management,P1,26.78,25.0,<,°C
60006,E2E Full Test Corporation 1769042473 - HQ Operations,2024-01-01,P2-KPI1,SLA Compliance,P2,97.23,99.0,>,%
60006,E2E Full Test Corporation 1769042473 - HQ Operations,2024-01-31,P2-KPI1,SLA Compliance,P2,99.45,99.0,>,%
60006,E2E Full Test Corporation 1769042473 - HQ Operations,2024-03-01,P2-KPI1,SLA Compliance,P2,100.0,99.0,>,%
60006,E2E Full Test Corporation 1769042473 - HQ Operations,2024-03-31,P2-KPI1,SLA Compliance,P2,100.0,99.0,>,%
60006,E2E Full Test Corporation 1769042473 - HQ Operations,2024-04-30,P2-KPI1,SLA Compliance,P2,97.38,99.0,>,%
60006,E2E Full Test Corporation 1769042473 - HQ Operations,2024-05-30,P2-KPI1,SLA Compliance,P2,99.69,99.0,>,%
60006,E2E Full Test Corporation 1769042473 - HQ Operations,2024-06-29,P2-KPI1,SLA Compliance,P2,99.99,99.0,>,%
60006,E2E Full Test Corporation 1769042473 - HQ Operations,2024-07-29,P2-KPI1,SLA Compliance,P2,99.1,99.0,>,%
60006,E2E Full Test Corporation 1769042473 - HQ Operations,2024-08-28,P2-KPI1,SLA Compliance,P2,97.83,99.0,>,%
60006,E2E Full Test Corporation 1769042473 - HQ Operations,2024-09-27,P2-KPI1,SLA Compliance,P2,95.0,99.0,>,%
60006,E2E Full Test Corporation 1769042473 - HQ Operations,2024-10-27,P2-KPI1,SLA Compliance,P2,98.94,99.0,>,%
60006,E2E Full Test Corporation 1769042473 - HQ Operations,2024-11-26,P2-KPI1,SLA Compliance,P2,95.0,99.0,>,%
60006,E2E Full Test Corporation 1769042473 - HQ Operations,2024-01-01,P2-KPI2,Incident Response Time,P2,33.51,15.0,<,minutes
60006,E2E Full Test Corporation 1769042473 - HQ Operations,2024-01-31,P2-KPI2,Incident Response Time,P2,36.04,15.0,<,minutes
60006,E2E Full Test Corporation 1769042473 - HQ Operations,2024-03-01,P2-KPI2,Incident Response Time,P2,29.13,15.0,<,minutes
60006,E2E Full Test Corporation 1769042473 - HQ Operations,2024-03-31,P2-KPI2,Incident Response Time,P2,28.65,15.0,<,minutes
60006,E2E Full Test Corporation 1769042473 - HQ Operations,2024-04-30,P2-KPI2,Incident Response Time,P2,34.27,15.0,<,minutes
60006,E2E Full Test Corporation 1769042473 - HQ Operations,2024-05-30,P2-KPI2,Incident Response Time,P2,28.5,15.0,<,minutes
60006,E2E Full Test Corporation 1769042473 - HQ Operations,2024-06-29,P2-KPI2,Incident Response Time,P2,27.27,15.0,<,minutes
60006,E2E Full Test Corporation 1769042473 - HQ Operations,2024-07-29,P2-KPI2,Incident Response Time,P2,27.88,15.0,<,minutes
60006,E2E Full Test Corporation 1769042473 - HQ Operations,2024-08-28,P2-KPI2,Incident Response Time,P2,27.18,15.0,<,minutes
60006,E2E Full Test Corporation 1769042473 - HQ Operations,2024-09-27,P2-KPI2,Incident Response Time,P2,29.06,15.0,<,minutes
60006,E2E Full Test Corporation 1769042473 - HQ Operations,2024-10-27,P2-KPI2,Incident Response Time,P2,28.3,15.0,<,minutes
60006,E2E Full Test Corporation 1769042473 - HQ Operations,2024-11-26,P2-KPI2,Incident Response Time,P2,28.43,15.0,<,minutes
60006,E2E Full Test Corporation 1769042473 - HQ Operations,2024-01-01,P2-KPI3,Change Success Rate,P2,93.89,98.0,>,%
60006,E2E Full Test Corporation 1769042473 - HQ Operations,2024-01-31,P2-KPI3,Change Success Rate,P2,96.46,98.0,>,%
60006,E2E Full Test Corporation 1769042473 - HQ Operations,2024-03-01,P2-KPI3,Change Success Rate,P2,95.88,98.0,>,%
60006,E2E Full Test Corporation 1769042473 - HQ Operations,2024-03-31,P2-KPI3,Change Success Rate,P2,91.74,98.0,>,%
60006,E2E Full Test Corporation 1769042473 - HQ Operations,2024-04-30,P2-KPI3,Change Success Rate,P2,96.21,98.0,>,%
60006,E2E Full Test Corporation 1769042473 - HQ Operations,2024-05-30,P2-KPI3,Change Success Rate,P2,98.63,98.0,>,%
60006,E2E Full Test Corporation 1769042473 - HQ Operations,2024-06-29,P2-KPI3,Change Success Rate,P2,91.76,98.0,>,%
60006,E2E Full Test Corporation 1769042473 - HQ Operations,2024-07-29,P2-KPI3,Change Success Rate,P2,93.8,98.0,>,%
60006,E2E Full Test Corporation 1769042473 - HQ Operations,2024-08-28,P2-KPI3,Change Success Rate,P2,95.5,98.0,>,%
60006,E2E Full Test Corporation 1769042473 - HQ Operations,2024-09-27,P2-KPI3,Change Success Rate,P2,94.47,98.0,>,%
60006,E2E Full Test Corporation 1769042473 - HQ Operations,2024-10-27,P2-KPI3,Change Success Rate,P2,97.0,98.0,>,%
60006,E2E Full Test Corporation 1769042473 - HQ Operations,2024-11-26,P2-KPI3,Change Success Rate,P2,92.99,98.0,>,%
60006,E2E Full Test Corporation 1769042473 - HQ Operations,2024-01-01,P2-KPI4,Backup Success Rate,P2,95.0,100.0,>,%
60006,E2E Full Test Corporation 1769042473 - HQ Operations,2024-01-31,P2-KPI4,Backup Success Rate,P2,95.0,100.0,>,%
60006,E2E Full Test Corporation 1769042473 - HQ Operations,2024-03-01,P2-KPI4,Backup Success Rate,P2,100.0,100.0,>,%
60006,E2E Full Test Corporation 1769042473 - HQ Operations,2024-03-31,P2-KPI4,Backup Success Rate,P2,95.0,100.0,>,%
60006,E2E Full Test Corporation 1769042473 - HQ Operations,2024-04-30,P2-KPI4,Backup Success Rate,P2,96.08,100.0,>,%
60006,E2E Full Test Corporation 1769042473 - HQ Operations,2024-05-30,P2-KPI4,Backup Success Rate,P2,100.0,100.0,>,%
60006,E2E Full Test Corporation 1769042473 - HQ Operations,2024-06-29,P2-KPI4,Backup Success Rate,P2,100.0,100.0,>,%
60006,E2E Full Test Corporation 1769042473 - HQ Operations,2024-07-29,P2-KPI4,Backup Success Rate,P2,96.07,100.0,>,%
60006,E2E Full Test Corporation 1769042473 - HQ Operations,2024-08-28,P2-KPI4,Backup Success Rate,P2,96.58,100.0,>,%
60006,E2E Full Test Corporation 1769042473 - HQ Operations,2024-09-27,P2-KPI4,Backup Success Rate,P2,100.0,100.0,>,%
60006,E2E Full Test Corporation 1769042473 - HQ Operations,2024-10-27,P2-KPI4,Backup Success Rate,P2,96.49,100.0,>,%
60006,E2E Full Test Corporation 1769042473 - HQ Operations,2024-11-26,P2-KPI4,Backup Success Rate,P2,97.4,100.0,>,%
60006,E2E Full Test Corporation 1769042473 - HQ Operations,2024-01-01,P2-KPI5,Patch Compliance,P2,85.79,95.0,>,%
60006,E2E Full Test Corporation 1769042473 - HQ Operations,2024-01-31,P2-KPI5,Patch Compliance,P2,91.08,95.0,>,%
60006,E2E Full Test Corporation 1769042473 - HQ Operations,2024-03-01,P2-KPI5,Patch Compliance,P2,87.77,95.0,>,%
60006,E2E Full Test Corporation 1769042473 - HQ Operations,2024-03-31,P2-KPI5,Patch Compliance,P2,88.61,95.0,>,%
60006,E2E Full Test Corporation 1769042473 - HQ Operations,2024-04-30,P2-KPI5,Patch Compliance,P2,91.68,95.0,>,%
60006,E2E Full Test Corporation 1769042473 - HQ Operations,2024-05-30,P2-KPI5,Patch Compliance,P2,90.85,95.0,>,%
60006,E2E Full Test Corporation 1769042473 - HQ Operations,2024-06-29,P2-KPI5,Patch Compliance,P2,88.87,95.0,>,%
60006,E2E Full Test Corporation 1769042473 - HQ Operations,2024-07-29,P2-KPI5,Patch Compliance,P2,90.13,95.0,>,%
60006,E2E Full Test Corporation 1769042473 - HQ Operations,2024-08-28,P2-KPI5,Patch Compliance,P2,87.36,95.0,>,%
60006,E2E Full Test Corporation 1769042473 - HQ Operations,2024-09-27,P2-KPI5,Patch Compliance,P2,86.47,95.0,>,%
60006,E2E Full Test Corporation 1769042473 - HQ Operations,2024-10-27,P2-KPI5,Patch Compliance,P2,92.71,95.0,>,%
60006,E2E Full Test Corporation 1769042473 - HQ Operations,2024-11-26,P2-KPI5,Patch Compliance,P2,92.9,95.0,>,%
60006,E2E Full Test Corporation 1769042473 - HQ Operations,2024-01-01,P2-KPI6,Service Request Fulfillment,P2,6.17,3.0,<,days
60006,E2E Full Test Corporation 1769042473 - HQ Operations,2024-01-31,P2-KPI6,Service Request Fulfillment,P2,5.88,3.0,<,days
60006,E2E Full Test Corporation 1769042473 - HQ Operations,2024-03-01,P2-KPI6,Service Request Fulfillment,P2,5.12,3.0,<,days
60006,E2E Full Test Corporation 1769042473 - HQ Operations,2024-03-31,P2-KPI6,Service Request Fulfillment,P2,4.9,3.0,<,days
60006,E2E Full Test Corporation 1769042473 - HQ Operations,2024-04-30,P2-KPI6,Service Request Fulfillment,P2,5.06,3.0,<,days
60006,E2E Full Test Corporation 1769042473 - HQ Operations,2024-05-30,P2-KPI6,Service Request Fulfillment,P2,6.45,3.0,<,days
60006,E2E Full Test Corporation 1769042473 - HQ Operations,2024-06-29,P2-KPI6,Service Request Fulfillment,P2,4.95,3.0,<,days
60006,E2E Full Test Corporation 1769042473 - HQ Operations,2024-07-29,P2-KPI6,Service Request Fulfillment,P2,5.04,3.0,<,days
60006,E2E Full Test Corporation 1769042473 - HQ Operations,2024-08-28,P2-KPI6,Service Request Fulfillment,P2,5.06,3.0,<,days
60006,E2E Full Test Corporation 1769042473 - HQ Operations,2024-09-27,P2-KPI6,Service Request Fulfillment,P2,5.3,3.0,<,days
60006,E2E Full Test Corporation 1769042473 - HQ Operations,2024-10-27,P2-KPI6,Service Request Fulfillment,P2,5.12,3.0,<,days
60006,E2E Full Test Corporation 1769042473 - HQ Operations,2024-11-26,P2-KPI6,Service Request Fulfillment,P2,5.04,3.0,<,days
60006,E2E Full Test Corporation 1769042473 - HQ Operations,2024-01-01,P2-KPI7,Capacity Planning Accuracy,P2,82.88,90.0,>,%
60006,E2E Full Test Corporation 1769042473 - HQ Operations,2024-01-31,P2-KPI7,Capacity Planning Accuracy,P2,81.88,90.0,>,%
60006,E2E Full Test Corporation 1769042473 - HQ Operations,2024-03-01,P2-KPI7,Capacity Planning Accuracy,P2,84.63,90.0,>,%
60006,E2E Full Test Corporation 1769042473 - HQ Operations,2024-03-31,P2-KPI7,Capacity Planning Accuracy,P2,84.54,90.0,>,%
60006,E2E Full Test Corporation 1769042473 - HQ Operations,2024-04-30,P2-KPI7,Capacity Planning Accuracy,P2,83.53,90.0,>,%
60006,E2E Full Test Corporation 1769042473 - HQ Operations,2024-05-30,P2-KPI7,Capacity Planning Accuracy,P2,84.9,90.0,>,%
60006,E2E Full Test Corporation 1769042473 - HQ Operations,2024-06-29,P2-KPI7,Capacity Planning Accuracy,P2,82.74,90.0,>,%
60006,E2E Full Test Corporation 1769042473 - HQ Operations,2024-07-29,P2-KPI7,Capacity Planning Accuracy,P2,83.51,90.0,>,%
60006,E2E Full Test Corporation 1769042473 - HQ Operations,2024-08-28,P2-KPI7,Capacity Planning Accuracy,P2,80.85,90.0,>,%
60006,E2E Full Test Corporation 1769042473 - HQ Operations,2024-09-27,P2-KPI7,Capacity Planning Accuracy,P2,82.21,90.0,>,%
60006,E2E Full Test Corporation 1769042473 - HQ Operations,2024-10-27,P2-KPI7,Capacity Planning Accuracy,P2,83.68,90.0,>,%
60006,E2E Full Test Corporation 1769042473 - HQ Operations,2024-11-26,P2-KPI7,Capacity Planning Accuracy,P2,85.12,90.0,>,%
60006,E2E Full Test Corporation 1769042473 - HQ Operations,2024-01-01,P2-KPI8,Documentation Quality,P2,71.19,85.0,>,score
60006,E2E Full Test Corporation 1769042473 - HQ Operations,2024-01-31,P2-KPI8,Documentation Quality,P2,71.4,85.0,>,score
60006,E2E Full Test Corporation 1769042473 - HQ Operations,2024-03-01,P2-KPI8,Documentation Quality,P2,76.62,85.0,>,score
60006,E2E Full Test Corporation 1769042473 - HQ Operations,2024-03-31,P2-KPI8,Documentation Quality,P2,81.32,85.0,>,score
60006,E2E Full Test Corporation 1769042473 - HQ Operations,2024-04-30,P2-KPI8,Documentation Quality,P2,74.16,85.0,>,score
60006,E2E Full Test Corporation 1769042473 - HQ Operations,2024-05-30,P2-KPI8,Documentation Quality,P2,76.27,85.0,>,score
60006,E2E Full Test Corporation 1769042473 - HQ Operations,2024-06-29,P2-KPI8,Documentation Quality,P2,79.97,85.0,>,score
60006,E2E Full Test Corporation 1769042473 - HQ Operations,2024-07-29,P2-KPI8,Documentation Quality,P2,81.06,85.0,>,score
60006,E2E Full Test Corporation 1769042473 - HQ Operations,2024-08-28,P2-KPI8,Documentation Quality,P2,77.56,85.0,>,score
60006,E2E Full Test Corporation 1769042473 - HQ Operations,2024-09-27,P2-KPI8,Documentation Quality,P2,76.48,85.0,>,score
60006,E2E Full Test Corporation 1769042473 - HQ Operations,2024-10-27,P2-KPI8,Documentation Quality,P2,74.93,85.0,>,score
60006,E2E Full Test Corporation 1769042473 - HQ Operations,2024-11-26,P2-KPI8,Documentation Quality,P2,79.11,85.0,>,score
60006,E2E Full Test Corporation 1769042473 - HQ Operations,2024-01-01,P3-KPI1,CSAT Score,P3,3.96,4.5,>,score
60006,E2E Full Test Corporation 1769042473 - HQ Operations,2024-01-31,P3-KPI1,CSAT Score,P3,3.72,4.5,>,score
60006,E2E Full Test Corporation 1769042473 - HQ Operations,2024-03-01,P3-KPI1,CSAT Score,P3,3.88,4.5,>,score
60006,E2E Full Test Corporation 1769042473 - HQ Operations,2024-03-31,P3-KPI1,CSAT Score,P3,3.95,4.5,>,score
60006,E2E Full Test Corporation 1769042473 - HQ Operations,2024-04-30,P3-KPI1,CSAT Score,P3,3.7,4.5,>,score
60006,E2E Full Test Corporation 1769042473 - HQ Operations,2024-05-30,P3-KPI1,CSAT Score,P3,4.12,4.5,>,score
60006,E2E Full Test Corporation 1769042473 - HQ Operations,2024-06-29,P3-KPI1,CSAT Score,P3,4.22,4.5,>,score
60006,E2E Full Test Corporation 1769042473 - HQ Operations,2024-07-29,P3-KPI1,CSAT Score,P3,4.12,4.5,>,score
60006,E2E Full Test Corporation 1769042473 - HQ Operations,2024-08-28,P3-KPI1,CSAT Score,P3,3.89,4.5,>,score
60006,E2E Full Test Corporation 1769042473 - HQ Operations,2024-09-27,P3-KPI1,CSAT Score,P3,4.1,4.5,>,score
60006,E2E Full Test Corporation 1769042473 - HQ Operations,2024-10-27,P3-KPI1,CSAT Score,P3,4.22,4.5,>,score
60006,E2E Full Test Corporation 1769042473 - HQ Operations,2024-11-26,P3-KPI1,CSAT Score,P3,4.16,4.5,>,score
60006,E2E Full Test Corporation 1769042473 - HQ Operations,2024-01-01,P3-KPI2,Support Ticket Volume,P3,55.5,20.0,<,tickets
60006,E2E Full Test Corporation 1769042473 - HQ Operations,2024-01-31,P3-KPI2,Support Ticket Volume,P3,43.74,20.0,<,tickets
60006,E2E Full Test Corporation 1769042473 - HQ Operations,2024-03-01,P3-KPI2,Support Ticket Volume,P3,58.6,20.0,<,tickets
60006,E2E Full Test Corporation 1769042473 - HQ Operations,2024-03-31,P3-KPI2,Support Ticket Volume,P3,41.91,20.0,<,tickets
60006,E2E Full Test Corporation 1769042473 - HQ Operations,2024-04-30,P3-KPI2,Support Ticket Volume,P3,44.02,20.0,<,tickets
60006,E2E Full Test Corporation 1769042473 - HQ Operations,2024-05-30,P3-KPI2,Support Ticket Volume,P3,45.72,20.0,<,tickets
60006,E2E Full Test Corporation 1769042473 - HQ Operations,2024-06-29,P3-KPI2,Support Ticket Volume,P3,43.9,20.0,<,tickets
60006,E2E Full Test Corporation 1769042473 - HQ Operations,2024-07-29,P3-KPI2,Support Ticket Volume,P3,46.11,20.0,<,tickets
60006,E2E Full Test Corporation 1769042473 - HQ Operations,2024-08-28,P3-KPI2,Support Ticket Volume,P3,44.14,20.0,<,tickets
60006,E2E Full Test Corporation 1769042473 - HQ Operations,2024-09-27,P3-KPI2,Support Ticket Volume,P3,42.11,20.0,<,tickets
60006,E2E Full Test Corporation 1769042473 - HQ Operations,2024-10-27,P3-KPI2,Support Ticket Volume,P3,41.89,20.0,<,tickets
60006,E2E Full Test Corporation 1769042473 - HQ Operations,2024-11-26,P3-KPI2,Support Ticket Volume,P3,45.33,20.0,<,tickets
60006,E2E Full Test Corporation 1769042473 - HQ Operations,2024-01-01,P3-KPI3,First Contact Resolution,P3,64.68,75.0,>,%
60006,E2E Full Test Corporation 1769042473 - HQ Operations,2024-01-31,P3-KPI3,First Contact Resolution,P3,64.05,75.0,>,%
60006,E2E Full Test Corporation 1769042473 - HQ Operations,2024-03-01,P3-KPI3,First Contact Resolution,P3,64.96,75.0,>,%
60006,E2E Full Test Corporation 1769042473 - HQ Operations,2024-03-31,P3-KPI3,First Contact Resolution,P3,63.53,75.0,>,%
60006,E2E Full Test Corporation 1769042473 - HQ Operations,2024-04-30,P3-KPI3,First Contact Resolution,P3,64.17,75.0,>,%
60006,E2E Full Test Corporation 1769042473 - HQ Operations,2024-05-30,P3-KPI3,First Contact Resolution,P3,65.95,75.0,>,%
60006,E2E Full Test Corporation 1769042473 - HQ Operations,2024-06-29,P3-KPI3,First Contact Resolution,P3,66.16,75.0,>,%
60006,E2E Full Test Corporation 1769042473 - HQ Operations,2024-07-29,P3-KPI3,First Contact Resolution,P3,64.5,75.0,>,%
60006,E2E Full Test Corporation 1769042473 - HQ Operations,2024-08-28,P3-KPI3,First Contact Resolution,P3,66.14,75.0,>,%
60006,E2E Full Test Corporation 1769042473 - HQ Operations,2024-09-27,P3-KPI3,First Contact Resolution,P3,66.2,75.0,>,%
60006,E2E Full Test Corporation 1769042473 - HQ Operations,2024-10-27,P3-KPI3,First Contact Resolution,P3,69.21,75.0,>,%
60006,E2E Full Test Corporation 1769042473 - HQ Operations,2024-11-26,P3-KPI3,First Contact Resolution,P3,66.34,75.0,>,%
60006,E2E Full Test Corporation 1769042473 - HQ Operations,2024-01-01,P3-KPI4,Training Completion,P3,78.28,90.0,>,%
60006,E2E Full Test Corporation 1769042473 - HQ Operations,2024-01-31,P3-KPI4,Training Completion,P3,81.72,90.0,>,%
60006,E2E Full Test Corporation 1769042473 - HQ Operations,2024-03-01,P3-KPI4,Training Completion,P3,78.82,90.0,>,%
60006,E2E Full Test Corporation 1769042473 - HQ Operations,2024-03-31,P3-KPI4,Training Completion,P3,72.89,90.0,>,%
60006,E2E Full Test Corporation 1769042473 - HQ Operations,2024-04-30,P3-KPI4,Training Completion,P3,78.79,90.0,>,%
60006,E2E Full Test Corporation 1769042473 - HQ Operations,2024-05-30,P3-KPI4,Training Completion,P3,82.45,90.0,>,%
60006,E2E Full Test Corporation 1769042473 - HQ Operations,2024-06-29,P3-KPI4,Training Completion,P3,84.85,90.0,>,%
60006,E2E Full Test Corporation 1769042473 - HQ Operations,2024-07-29,P3-KPI4,Training Completion,P3,79.23,90.0,>,%
60006,E2E Full Test Corporation 1769042473 - HQ Operations,2024-08-28,P3-KPI4,Training Completion,P3,79.55,90.0,>,%
60006,E2E Full Test Corporation 1769042473 - HQ Operations,2024-09-27,P3-KPI4,Training Completion,P3,81.86,90.0,>,%
60006,E2E Full Test Corporation 1769042473 - HQ Operations,2024-10-27,P3-KPI4,Training Completion,P3,83.17,90.0,>,%
60006,E2E Full Test Corporation 1769042473 - HQ Operations,2024-11-26,P3-KPI4,Training Completion,P3,82.28,90.0,>,%
60006,E2E Full Test Corporation 1769042473 - HQ Operations,2024-01-01,P3-KPI5,User Adoption Rate,P3,70.13,80.0,>,%
60006,E2E Full Test Corporation 1769042473 - HQ Operations,2024-01-31,P3-KPI5,User Adoption Rate,P3,69.49,80.0,>,%
60006,E2E Full Test Corporation 1769042473 - HQ Operations,2024-03-01,P3-KPI5,User Adoption Rate,P3,66.53,80.0,>,%
60006,E2E Full Test Corporation 1769042473 - HQ Operations,2024-03-31,P3-KPI5,User Adoption Rate,P3,70.57,80.0,>,%
60006,E2E Full Test Corporation 1769042473 - HQ Operations,2024-04-30,P3-KPI5,User Adoption Rate,P3,66.27,80.0,>,%
60006,E2E Full Test Corporation 1769042473 - HQ Operations,2024-05-30,P3-KPI5,User Adoption Rate,P3,68.87,80.0,>,%
60006,E2E Full Test Corporation 1769042473 - HQ Operations,2024-06-29,P3-KPI5,User Adoption Rate,P3,69.55,80.0,>,%
60006,E2E Full Test Corporation 1769042473 - HQ Operations,2024-07-29,P3-KPI5,User Adoption Rate,P3,73.76,80.0,>,%
60006,E2E Full Test Corporation 1769042473 - HQ Operations,2024-08-28,P3-KPI5,User Adoption Rate,P3,71.74,80.0,>,%
60006,E2E Full Test Corporation 1769042473 - HQ Operations,2024-09-27,P3-KPI5,User Adoption Rate,P3,72.24,80.0,>,%
60006,E2E Full Test Corporation 1769042473 - HQ Operations,2024-10-27,P3-KPI5,User Adoption Rate,P3,73.48,80.0,>,%
60006,E2E Full Test Corporation 1769042473 - HQ Operations,2024-11-26,P3-KPI5,User Adoption Rate,P3,72.19,80.0,>,%
60006,E2E Full Test Corporation 1769042473 - HQ Operations,2024-01-01,P3-KPI6,Executive Engagement,P3,3.38,4.0,>,meetings/quarter
60006,E2E Full Test Corporation 1769042473 - HQ Operations,2024-01-31,P3-KPI6,Executive Engagement,P3,3.01,4.0,>,meetings/quarter
60006,E2E Full Test Corporation 1769042473 - HQ Operations,2024-03-01,P3-KPI6,Executive Engagement,P3,3.55,4.0,>,meetings/quarter
60006,E2E Full Test Corporation 1769042473 - HQ Operations,2024-03-31,P3-KPI6,Executive Engagement,P3,3.0,4.0,>,meetings/quarter
60006,E2E Full Test Corporation 1769042473 - HQ Operations,2024-04-30,P3-KPI6,Executive Engagement,P3,3.49,4.0,>,meetings/quarter
60006,E2E Full Test Corporation 1769042473 - HQ Operations,2024-05-30,P3-KPI6,Executive Engagement,P3,3.07,4.0,>,meetings/quarter
60006,E2E Full Test Corporation 1769042473 - HQ Operations,2024-06-29,P3-KPI6,Executive Engagement,P3,3.39,4.0,>,meetings/quarter
60006,E2E Full Test Corporation 1769042473 - HQ Operations,2024-07-29,P3-KPI6,Executive Engagement,P3,3.26,4.0,>,meetings/quarter
60006,E2E Full Test Corporation 1769042473 - HQ Operations,2024-08-28,P3-KPI6,Executive Engagement,P3,3.54,4.0,>,meetings/quarter
60006,E2E Full Test Corporation 1769042473 - HQ Operations,2024-09-27,P3-KPI6,Executive Engagement,P3,3.37,4.0,>,meetings/quarter
60006,E2E Full Test Corporation 1769042473 - HQ Operations,2024-10-27,P3-KPI6,Executive Engagement,P3,3.52,4.0,>,meetings/quarter
60006,E2E Full Test Corporation 1769042473 - HQ Operations,2024-11-26,P3-KPI6,Executive Engagement,P3,3.56,4.0,>,meetings/quarter
60006,E2E Full Test Corporation 1769042473 - HQ Operations,2024-01-01,P3-KPI7,Response Time SLA,P3,69.0,30.0,<,minutes
60006,E2E Full Test Corporation 1769042473 - HQ Operations,2024-01-31,P3-KPI7,Response Time SLA,P3,72.81,30.0,<,minutes
60006,E2E Full Test Corporation 1769042473 - HQ Operations,2024-03-01,P3-KPI7,Response Time SLA,P3,54.39,30.0,<,minutes
60006,E2E Full Test Corporation 1769042473 - HQ Operations,2024-03-31,P3-KPI7,Response Time SLA,P3,71.01,30.0,<,minutes
60006,E2E Full Test Corporation 1769042473 - HQ Operations,2024-04-30,P3-KPI7,Response Time SLA,P3,56.82,30.0,<,minutes
60006,E2E Full Test Corporation 1769042473 - HQ Operations,2024-05-30,P3-KPI7,Response Time SLA,P3,58.75,30.0,<,minutes
60006,E2E Full Test Corporation 1769042473 - HQ Operations,2024-06-29,P3-KPI7,Response Time SLA,P3,59.7,30.0,<,minutes
60006,E2E Full Test Corporation 1769042473 - HQ Operations,2024-07-29,P3-KPI7,Response Time SLA,P3,56.14,30.0,<,minutes
60006,E2E Full Test Corporation 1769042473 - HQ Operations,2024-08-28,P3-KPI7,Response Time SLA,P3,57.08,30.0,<,minutes
60006,E2E Full Test Corporation 1769042473 - HQ Operations,2024-09-27,P3-KPI7,Response Time SLA,P3,59.26,30.0,<,minutes
60006,E2E Full Test Corporation 1769042473 - HQ Operations,2024-10-27,P3-KPI7,Response Time SLA,P3,59.24,30.0,<,minutes
60006,E2E Full Test Corporation 1769042473 - HQ Operations,2024-11-26,P3-KPI7,Response Time SLA,P3,59.46,30.0,<,minutes
60006,E2E Full Test Corporation 1769042473 - HQ Operations,2024-01-01,P4-KPI1,ROI Achievement,P4,129.92,150.0,>,%
60006,E2E Full Test Corporation 1769042473 - HQ Operations,2024-01-31,P4-KPI1,ROI Achievement,P4,130.78,150.0,>,%
60006,E2E Full Test Corporation 1769042473 - HQ Operations,2024-03-01,P4-KPI1,ROI Achievement,P4,123.35,150.0,>,%
60006,E2E Full Test Corporation 1769042473 - HQ Operations,2024-03-31,P4-KPI1,ROI Achievement,P4,139.6,150.0,>,%
60006,E2E Full Test Corporation 1769042473 - HQ Operations,2024-04-30,P4-KPI1,ROI Achievement,P4,132.18,150.0,>,%
60006,E2E Full Test Corporation 1769042473 - HQ Operations,2024-05-30,P4-KPI1,ROI Achievement,P4,129.3,150.0,>,%
60006,E2E Full Test Corporation 1769042473 - HQ Operations,2024-06-29,P4-KPI1,ROI Achievement,P4,140.1,150.0,>,%
60006,E2E Full Test Corporation 1769042473 - HQ Operations,2024-07-29,P4-KPI1,ROI Achievement,P4,137.89,150.0,>,%
60006,E2E Full Test Corporation 1769042473 - HQ Operations,2024-08-28,P4-KPI1,ROI Achievement,P4,132.63,150.0,>,%
60006,E2E Full Test Corporation 1769042473 - HQ Operations,2024-09-27,P4-KPI1,ROI Achievement,P4,132.09,150.0,>,%
60006,E2E Full Test Corporation 1769042473 - HQ Operations,2024-10-27,P4-KPI1,ROI Achievement,P4,130.12,150.0,>,%
60006,E2E Full Test Corporation 1769042473 - HQ Operations,2024-11-26,P4-KPI1,ROI Achievement,P4,140.53,150.0,>,%
60006,E2E Full Test Corporation 1769042473 - HQ Operations,2024-01-01,P4-KPI2,Cost Reduction,P4,11.41,20.0,>,%
60006,E2E Full Test Corporation 1769042473 - HQ Operations,2024-01-31,P4-KPI2,Cost Reduction,P4,14.65,20.0,>,%
60006,E2E Full Test Corporation 1769042473 - HQ Operations,2024-03-01,P4-KPI2,Cost Reduction,P4,11.54,20.0,>,%
60006,E2E Full Test Corporation 1769042473 - HQ Operations,2024-03-31,P4-KPI2,Cost Reduction,P4,13.82,20.0,>,%
60006,E2E Full Test Corporation 1769042473 - HQ Operations,2024-04-30,P4-KPI2,Cost Reduction,P4,11.44,20.0,>,%
60006,E2E Full Test Corporation 1769042473 - HQ Operations,2024-05-30,P4-KPI2,Cost Reduction,P4,14.34,20.0,>,%
60006,E2E Full Test Corporation 1769042473 - HQ Operations,2024-06-29,P4-KPI2,Cost Reduction,P4,13.74,20.0,>,%
60006,E2E Full Test Corporation 1769042473 - HQ Operations,2024-07-29,P4-KPI2,Cost Reduction,P4,13.75,20.0,>,%
60006,E2E Full Test Corporation 1769042473 - HQ Operations,2024-08-28,P4-KPI2,Cost Reduction,P4,13.43,20.0,>,%
60006,E2E Full Test Corporation 1769042473 - HQ Operations,2024-09-27,P4-KPI2,Cost Reduction,P4,13.37,20.0,>,%
60006,E2E Full Test Corporation 1769042473 - HQ Operations,2024-10-27,P4-KPI2,Cost Reduction,P4,14.14,20.0,>,%
60006,E2E Full Test Corporation 1769042473 - HQ Operations,2024-11-26,P4-KPI2,Cost Reduction,P4,13.53,20.0,>,%
60006,E2E Full Test Corporation 1769042473 - HQ Operations,2024-01-01,P4-KPI3,Time to Value,P4,133.21,90.0,<,days
60006,E2E Full Test Corporation 1769042473 - HQ Operations,2024-01-31,P4-KPI3,Time to Value,P4,114.22,90.0,<,days
60006,E2E Full Test Corporation 1769042473 - HQ Operations,2024-03-01,P4-KPI3,Time to Value,P4,121.77,90.0,<,days
60006,E2E Full Test Corporation 1769042473 - HQ Operations,2024-03-31,P4-KPI3,Time to Value,P4,125.91,90.0,<,days
60006,E2E Full Test Corporation 1769042473 - HQ Operations,2024-04-30,P4-KPI3,Time to Value,P4,131.18,90.0,<,days
60006,E2E Full Test Corporation 1769042473 - HQ Operations,2024-05-30,P4-KPI3,Time to Value,P4,131.55,90.0,<,days
60006,E2E Full Test Corporation 1769042473 - HQ Operations,2024-06-29,P4-KPI3,Time to Value,P4,115.86,90.0,<,days
60006,E2E Full Test Corporation 1769042473 - HQ Operations,2024-07-29,P4-KPI3,Time to Value,P4,113.81,90.0,<,days
60006,E2E Full Test Corporation 1769042473 - HQ Operations,2024-08-28,P4-KPI3,Time to Value,P4,113.29,90.0,<,days
60006,E2E Full Test Corporation 1769042473 - HQ Operations,2024-09-27,P4-KPI3,Time to Value,P4,112.77,90.0,<,days
60006,E2E Full Test Corporation 1769042473 - HQ Operations,2024-10-27,P4-KPI3,Time to Value,P4,118.88,90.0,<,days
60006,E2E Full Test Corporation 1769042473 - HQ Operations,2024-11-26,P4-KPI3,Time to Value,P4,118.95,90.0,<,days
60006,E2E Full Test Corporation 1769042473 - HQ Operations,2024-01-01,P4-KPI4,Revenue Enablement,P4,3.79,5.0,>,$M
60006,E2E Full Test Corporation 1769042473 - HQ Operations,2024-01-31,P4-KPI4,Revenue Enablement,P4,3.75,5.0,>,$M
60006,E2E Full Test Corporation 1769042473 - HQ Operations,2024-03-01,P4-KPI4,Revenue Enablement,P4,3.89,5.0,>,$M
60006,E2E Full Test Corporation 1769042473 - HQ Operations,2024-03-31,P4-KPI4,Revenue Enablement,P4,3.94,5.0,>,$M
60006,E2E Full Test Corporation 1769042473 - HQ Operations,2024-04-30,P4-KPI4,Revenue Enablement,P4,3.18,5.0,>,$M
60006,E2E Full Test Corporation 1769042473 - HQ Operations,2024-05-30,P4-KPI4,Revenue Enablement,P4,3.29,5.0,>,$M
60006,E2E Full Test Corporation 1769042473 - HQ Operations,2024-06-29,P4-KPI4,Revenue Enablement,P4,3.97,5.0,>,$M
60006,E2E Full Test Corporation 1769042473 - HQ Operations,2024-07-29,P4-KPI4,Revenue Enablement,P4,3.67,5.0,>,$M
60006,E2E Full Test Corporation 1769042473 - HQ Operations,2024-08-28,P4-KPI4,Revenue Enablement,P4,3.96,5.0,>,$M
60006,E2E Full Test Corporation 1769042473 - HQ Operations,2024-09-27,P4-KPI4,Revenue Enablement,P4,3.81,5.0,>,$M
60006,E2E Full Test Corporation 1769042473 - HQ Operations,2024-10-27,P4-KPI4,Revenue Enablement,P4,3.86,5.0,>,$M
60006,E2E Full Test Corporation 1769042473 - HQ Operations,2024-11-26,P4-KPI4,Revenue Enablement,P4,3.75,5.0,>,$M
60006,E2E Full Test Corporation 1769042473 - HQ Operations,2024-01-01,P4-KPI5,Operational Efficiency,P4,81.35,85.0,>,%
60006,E2E Full Test Corporation 1769042473 - HQ Operations,2024-01-31,P4-KPI5,Operational Efficiency,P4,73.83,85.0,>,%
60006,E2E Full Test Corporation 1769042473 - HQ Operations,2024-03-01,P4-KPI5,Operational Efficiency,P4,79.86,85.0,>,%
60006,E2E Full Test Corporation 1769042473 - HQ Operations,2024-03-31,P4-KPI5,Operational Efficiency,P4,78.77,85.0,>,%
60006,E2E Full Test Corporation 1769042473 - HQ Operations,2024-04-30,P4-KPI5,Operational Efficiency,P4,78.14,85.0,>,%
60006,E2E Full Test Corporation 1769042473 - HQ Operations,2024-05-30,P4-KPI5,Operational Efficiency,P4,79.38,85.0,>,%
60006,E2E Full Test Corporation 1769042473 - HQ Operations,2024-06-29,P4-KPI5,Operational Efficiency,P4,77.49,85.0,>,%
60006,E2E Full Test Corporation 1769042473 - HQ Operations,2024-07-29,P4-KPI5,Operational Efficiency,P4,76.38,85.0,>,%
60006,E2E Full Test Corporation 1769042473 - HQ Operations,2024-08-28,P4-KPI5,Operational Efficiency,P4,75.49,85.0,>,%
60006,E2E Full Test Corporation 1769042473 - HQ Operations,2024-09-27,P4-KPI5,Operational Efficiency,P4,74.27,85.0,>,%
60006,E2E Full Test Corporation 1769042473 - HQ Operations,2024-10-27,P4-KPI5,Operational Efficiency,P4,81.18,85.0,>,%
60006,E2E Full Test Corporation 1769042473 - HQ Operations,2024-11-26,P4-KPI5,Operational Efficiency,P4,75.67,85.0,>,%
60006,E2E Full Test Corporation 1769042473 - HQ Operations,2024-01-01,P4-KPI6,Innovation Projects,P4,2.14,3.0,>,count
60006,E2E Full Test Corporation 1769042473 - HQ Operations,2024-01-31,P4-KPI6,Innovation Projects,P4,2.11,3.0,>,count
60006,E2E Full Test Corporation 1769042473 - HQ Operations,2024-03-01,P4-KPI6,Innovation Projects,P4,2.16,3.0,>,count
60006,E2E Full Test Corporation 1769042473 - HQ Operations,2024-03-31,P4-KPI6,Innovation Projects,P4,2.48,3.0,>,count
60006,E2E Full Test Corporation 1769042473 - HQ Operations,2024-04-30,P4-KPI6,Innovation Projects,P4,2.46,3.0,>,count
60006,E2E Full Test Corporation 1769042473 - HQ Operations,2024-05-30,P4-KPI6,Innovation Projects,P4,2.49,3.0,>,count
60006,E2E Full Test Corporation 1769042473 - HQ Operations,2024-06-29,P4-KPI6,Innovation Projects,P4,2.39,3.0,>,count
60006,E2E Full Test Corporation 1769042473 - HQ Operations,2024-07-29,P4-KPI6,Innovation Projects,P4,2.29,3.0,>,count
60006,E2E Full Test Corporation 1769042473 - HQ Operations,2024-08-28,P4-KPI6,Innovation Projects,P4,2.34,3.0,>,count
60006,E2E Full Test Corporation 1769042473 - HQ Operations,2024-09-27,P4-KPI6,Innovation Projects,P4,2.35,3.0,>,count
60006,E2E Full Test Corporation 1769042473 - HQ Operations,2024-10-27,P4-KPI6,Innovation Projects,P4,2.35,3.0,>,count
60006,E2E Full Test Corporation 1769042473 - HQ Operations,2024-11-26,P4-KPI6,Innovation Projects,P4,2.45,3.0,>,count
60006,E2E Full Test Corporation 1769042473 - HQ Operations,2024-01-01,P4-KPI7,Business Case Validation,P4,84.53,90.0,>,%
60006,E2E Full Test Corporation 1769042473 - HQ Operations,2024-01-31,P4-KPI7,Business Case Validation,P4,84.86,90.0,>,%
60006,E2E Full Test Corporation 1769042473 - HQ Operations,2024-03-01,P4-KPI7,Business Case Validation,P4,77.33,90.0,>,%
60006,E2E Full Test Corporation 1769042473 - HQ Operations,2024-03-31,P4-KPI7,Business Case Validation,P4,83.47,90.0,>,%
60006,E2E Full Test Corporation 1769042473 - HQ Operations,2024-04-30,P4-KPI7,Business Case Validation,P4,82.29,90.0,>,%
60006,E2E Full Test Corporation 1769042473 - HQ Operations,2024-05-30,P4-KPI7,Business Case Validation,P4,81.65,90.0,>,%
60006,E2E Full Test Corporation 1769042473 - HQ Operations,2024-06-29,P4-KPI7,Business Case Validation,P4,83.66,90.0,>,%
60006,E2E Full Test Corporation 1769042473 - HQ Operations,2024-07-29,P4-KPI7,Business Case Validation,P4,83.3,90.0,>,%
60006,E2E Full Test Corporation 1769042473 - HQ Operations,2024-08-28,P4-KPI7,Business Case Validation,P4,87.8,90.0,>,%
60006,E2E Full Test Corporation 1769042473 - HQ Operations,2024-09-27,P4-KPI7,Business Case Validation,P4,86.04,90.0,>,%
60006,E2E Full Test Corporation 1769042473 - HQ Operations,2024-10-27,P4-KPI7,Business Case Validation,P4,83.01,90.0,>,%
60006,E2E Full Test Corporation 1769042473 - HQ Operations,2024-11-26,P4-KPI7,Business Case Validation,P4,82.84,90.0,>,%
60006,E2E Full Test Corporation 1769042473 - HQ Operations,2024-01-01,P5-KPI1,Executive Sponsorship,P5,3.77,4.5,>,score
60006,E2E Full Test Corporation 1769042473 - HQ Operations,2024-01-31,P5-KPI1,Executive Sponsorship,P5,3.97,4.5,>,score
60006,E2E Full Test Corporation 1769042473 - HQ Operations,2024-03-01,P5-KPI1,Executive Sponsorship,P5,4.01,4.5,>,score
60006,E2E Full Test Corporation 1769042473 - HQ Operations,2024-03-31,P5-KPI1,Executive Sponsorship,P5,4.0,4.5,>,score
60006,E2E Full Test Corporation 1769042473 - HQ Operations,2024-04-30,P5-KPI1,Executive Sponsorship,P5,3.95,4.5,>,score
60006,E2E Full Test Corporation 1769042473 - HQ Operations,2024-05-30,P5-KPI1,Executive Sponsorship,P5,3.81,4.5,>,score
60006,E2E Full Test Corporation 1769042473 - HQ Operations,2024-06-29,P5-KPI1,Executive Sponsorship,P5,4.23,4.5,>,score
60006,E2E Full Test Corporation 1769042473 - HQ Operations,2024-07-29,P5-KPI1,Executive Sponsorship,P5,4.18,4.5,>,score
60006,E2E Full Test Corporation 1769042473 - HQ Operations,2024-08-28,P5-KPI1,Executive Sponsorship,P5,4.21,4.5,>,score
60006,E2E Full Test Corporation 1769042473 - HQ Operations,2024-09-27,P5-KPI1,Executive Sponsorship,P5,3.99,4.5,>,score
60006,E2E Full Test Corporation 1769042473 - HQ Operations,2024-10-27,P5-KPI1,Executive Sponsorship,P5,4.01,4.5,>,score
60006,E2E Full Test Corporation 1769042473 - HQ Operations,2024-11-26,P5-KPI1,Executive Sponsorship,P5,3.97,4.5,>,score
60006,E2E Full Test Corporation 1769042473 - HQ Operations,2024-01-01,P5-KPI2,Renewal Likelihood,P5,89.34,95.0,>,%
60006,E2E Full Test Corporation 1769042473 - HQ Operations,2024-01-31,P5-KPI2,Renewal Likelihood,P5,88.9,95.0,>,%
60006,E2E Full Test Corporation 1769042473 - HQ Operations,2024-03-01,P5-KPI2,Renewal Likelihood,P5,83.33,95.0,>,%
60006,E2E Full Test Corporation 1769042473 - HQ Operations,2024-03-31,P5-KPI2,Renewal Likelihood,P5,82.25,95.0,>,%
60006,E2E Full Test Corporation 1769042473 - HQ Operations,2024-04-30,P5-KPI2,Renewal Likelihood,P5,82.67,95.0,>,%
60006,E2E Full Test Corporation 1769042473 - HQ Operations,2024-05-30,P5-KPI2,Renewal Likelihood,P5,90.66,95.0,>,%
60006,E2E Full Test Corporation 1769042473 - HQ Operations,2024-06-29,P5-KPI2,Renewal Likelihood,P5,84.75,95.0,>,%
60006,E2E Full Test Corporation 1769042473 - HQ Operations,2024-07-29,P5-KPI2,Renewal Likelihood,P5,86.45,95.0,>,%
60006,E2E Full Test Corporation 1769042473 - HQ Operations,2024-08-28,P5-KPI2,Renewal Likelihood,P5,87.06,95.0,>,%
60006,E2E Full Test Corporation 1769042473 - HQ Operations,2024-09-27,P5-KPI2,Renewal Likelihood,P5,88.84,95.0,>,%
60006,E2E Full Test Corporation 1769042473 - HQ Operations,2024-10-27,P5-KPI2,Renewal Likelihood,P5,86.5,95.0,>,%
60006,E2E Full Test Corporation 1769042473 - HQ Operations,2024-11-26,P5-KPI2,Renewal Likelihood,P5,87.05,95.0,>,%
60006,E2E Full Test Corporation 1769042473 - HQ Operations,2024-01-01,P5-KPI3,Expansion Pipeline,P5,1.32,2.0,>,$M
60006,E2E Full Test Corporation 1769042473 - HQ Operations,2024-01-31,P5-KPI3,Expansion Pipeline,P5,1.31,2.0,>,$M
60006,E2E Full Test Corporation 1769042473 - HQ Operations,2024-03-01,P5-KPI3,Expansion Pipeline,P5,1.33,2.0,>,$M
60006,E2E Full Test Corporation 1769042473 - HQ Operations,2024-03-31,P5-KPI3,Expansion Pipeline,P5,1.33,2.0,>,$M
60006,E2E Full Test Corporation 1769042473 - HQ Operations,2024-04-30,P5-KPI3,Expansion Pipeline,P5,1.28,2.0,>,$M
60006,E2E Full Test Corporation 1769042473 - HQ Operations,2024-05-30,P5-KPI3,Expansion Pipeline,P5,1.29,2.0,>,$M
60006,E2E Full Test Corporation 1769042473 - HQ Operations,2024-06-29,P5-KPI3,Expansion Pipeline,P5,1.52,2.0,>,$M
60006,E2E Full Test Corporation 1769042473 - HQ Operations,2024-07-29,P5-KPI3,Expansion Pipeline,P5,1.52,2.0,>,$M
60006,E2E Full Test Corporation 1769042473 - HQ Operations,2024-08-28,P5-KPI3,Expansion Pipeline,P5,1.5,2.0,>,$M
60006,E2E Full Test Corporation 1769042473 - HQ Operations,2024-09-27,P5-KPI3,Expansion Pipeline,P5,1.51,2.0,>,$M
60006,E2E Full Test Corporation 1769042473 - HQ Operations,2024-10-27,P5-KPI3,Expansion Pipeline,P5,1.63,2.0,>,$M
60006,E2E Full Test Corporation 1769042473 - HQ Operations,2024-11-26,P5-KPI3,Expansion Pipeline,P5,1.54,2.0,>,$M
60006,E2E Full Test Corporation 1769042473 - HQ Operations,2024-01-01,P5-KPI4,Reference Willingness,P5,3.36,4.0,>,score
60006,E2E Full Test Corporation 1769042473 - HQ Operations,2024-01-31,P5-KPI4,Reference Willingness,P5,3.24,4.0,>,score
60006,E2E Full Test Corporation 1769042473 - HQ Operations,2024-03-01,P5-KPI4,Reference Willingness,P5,3.13,4.0,>,score
60006,E2E Full Test Corporation 1769042473 - HQ Operations,2024-03-31,P5-KPI4,Reference Willingness,P5,2.95,4.0,>,score
60006,E2E Full Test Corporation 1769042473 - HQ Operations,2024-04-30,P5-KPI4,Reference Willingness,P5,3.41,4.0,>,score
60006,E2E Full Test Corporation 1769042473 - HQ Operations,2024-05-30,P5-KPI4,Reference Willingness,P5,2.99,4.0,>,score
60006,E2E Full Test Corporation 1769042473 - HQ Operations,2024-06-29,P5-KPI4,Reference Willingness,P5,3.38,4.0,>,score
60006,E2E Full Test Corporation 1769042473 - HQ Operations,2024-07-29,P5-KPI4,Reference Willingness,P5,3.27,4.0,>,score
60006,E2E Full Test Corporation 1769042473 - HQ Operations,2024-08-28,P5-KPI4,Reference Willingness,P5,3.34,4.0,>,score
60006,E2E Full Test Corporation 1769042473 - HQ Operations,2024-09-27,P5-KPI4,Reference Willingness,P5,3.39,4.0,>,score
60006,E2E Full Test Corporation 1769042473 - HQ Operations,2024-10-27,P5-KPI4,Reference Willingness,P5,3.3,4.0,>,score
60006,E2E Full Test Corporation 1769042473 - HQ Operations,2024-11-26,P5-KPI4,Reference Willingness,P5,3.46,4.0,>,score
60006,E2E Full Test Corporation 1769042473 - HQ Operations,2024-01-01,P5-KPI5,Strategic Alignment,P5,73.68,85.0,>,score
60006,E2E Full Test Corporation 1769042473 - HQ Operations,2024-01-31,P5-KPI5,Strategic Alignment,P5,78.8,85.0,>,score
60006,E2E Full Test Corporation 1769042473 - HQ Operations,2024-03-01,P5-KPI5,Strategic Alignment,P5,78.19,85.0,>,score
60006,E2E Full Test Corporation 1769042473 - HQ Operations,2024-03-31,P5-KPI5,Strategic Alignment,P5,72.22,85.0,>,score
60006,E2E Full Test Corporation 1769042473 - HQ Operations,2024-04-30,P5-KPI5,Strategic Alignment,P5,71.14,85.0,>,score
60006,E2E Full Test Corporation 1769042473 - HQ Operations,2024-05-30,P5-KPI5,Strategic Alignment,P5,74.15,85.0,>,score
60006,E2E Full Test Corporation 1769042473 - HQ Operations,2024-06-29,P5-KPI5,Strategic Alignment,P5,75.81,85.0,>,score
60006,E2E Full Test Corporation 1769042473 - HQ Operations,2024-07-29,P5-KPI5,Strategic Alignment,P5,77.68,85.0,>,score
60006,E2E Full Test Corporation 1769042473 - HQ Operations,2024-08-28,P5-KPI5,Strategic Alignment,P5,76.9,85.0,>,score
60006,E2E Full Test Corporation 1769042473 - HQ Operations,2024-09-27,P5-KPI5,Strategic Alignment,P5,75.84,85.0,>,score
60006,E2E Full Test Corporation 1769042473 - HQ Operations,2024-10-27,P5-KPI5,Strategic Alignment,P5,79.49,85.0,>,score
60006,E2E Full Test Corporation 1769042473 - HQ Operations,2024-11-26,P5-KPI5,Strategic Alignment,P5,75.41,85.0,>,score
60006,E2E Full Test Corporation 1769042473 - HQ Operations,2024-01-01,P5-KPI6,Partnership Depth,P5,67.83,80.0,>,score
60006,E2E Full Test Corporation 1769042473 - HQ Operations,2024-01-31,P5-KPI6,Partnership Depth,P5,67.38,80.0,>,score
60006,E2E Full Test Corporation 1769042473 - HQ Operations,2024-03-01,P5-KPI6,Partnership Depth,P5,67.25,80.0,>,score
60006,E2E Full Test Corporation 1769042473 - HQ Operations,2024-03-31,P5-KPI6,Partnership Depth,P5,69.19,80.0,>,score
60006,E2E Full Test Corporation 1769042473 - HQ Operations,2024-04-30,P5-KPI6,Partnership Depth,P5,72.63,80.0,>,score
60006,E2E Full Test Corporation 1769042473 - HQ Operations,2024-05-30,P5-KPI6,Partnership Depth,P5,66.79,80.0,>,score
60006,E2E Full Test Corporation 1769042473 - HQ Operations,2024-06-29,P5-KPI6,Partnership Depth,P5,72.98,80.0,>,score
60006,E2E Full Test Corporation 1769042473 - HQ Operations,2024-07-29,P5-KPI6,Partnership Depth,P5,68.85,80.0,>,score
60006,E2E Full Test Corporation 1769042473 - HQ Operations,2024-08-28,P5-KPI6,Partnership Depth,P5,72.24,80.0,>,score
60006,E2E Full Test Corporation 1769042473 - HQ Operations,2024-09-27,P5-KPI6,Partnership Depth,P5,74.23,80.0,>,score
60006,E2E Full Test Corporation 1769042473 - HQ Operations,2024-10-27,P5-KPI6,Partnership Depth,P5,69.95,80.0,>,score
60006,E2E Full Test Corporation 1769042473 - HQ Operations,2024-11-26,P5-KPI6,Partnership Depth,P5,68.94,80.0,>,score
60006,E2E Full Test Corporation 1769042473 - HQ Operations,2024-01-01,P5-KPI7,NPS Score,P5,58.82,70.0,>,score
60006,E2E Full Test Corporation 1769042473 - HQ Operations,2024-01-31,P5-KPI7,NPS Score,P5,60.3,70.0,>,score
60006,E2E Full Test Corporation 1769042473 - HQ Operations,2024-03-01,P5-KPI7,NPS Score,P5,54.77,70.0,>,score
60006,E2E Full Test Corporation 1769042473 - HQ Operations,2024-03-31,P5-KPI7,NPS Score,P5,54.01,70.0,>,score
60006,E2E Full Test Corporation 1769042473 - HQ Operations,2024-04-30,P5-KPI7,NPS Score,P5,56.04,70.0,>,score
60006,E2E Full Test Corporation 1769042473 - HQ Operations,2024-05-30,P5-KPI7,NPS Score,P5,58.48,70.0,>,score
60006,E2E Full Test Corporation 1769042473 - HQ Operations,2024-06-29,P5-KPI7,NPS Score,P5,63.95,70.0,>,score
60006,E2E Full Test Corporation 1769042473 - HQ Operations,2024-07-29,P5-KPI7,NPS Score,P5,60.4,70.0,>,score
60006,E2E Full Test Corporation 1769042473 - HQ Operations,2024-08-28,P5-KPI7,NPS Score,P5,61.26,70.0,>,score
60006,E2E Full Test Corporation 1769042473 - HQ Operations,2024-09-27,P5-KPI7,NPS Score,P5,60.49,70.0,>,score
60006,E2E Full Test Corporation 1769042473 - HQ Operations,2024-10-27,P5-KPI7,NPS Score,P5,59.97,70.0,>,score
60006,E2E Full Test Corporation 1769042473 - HQ Operations,2024-11-26,P5-KPI7,NPS Score,P5,60.54,70.0,>,score
60007,E2E Full Test Corporation 1769042473 - Regional Office,2024-01-01,P1-KPI1,System Uptime,P1,100.0,99.9,>,%
60007,E2E Full Test Corporation 1769042473 - Regional Office,2024-01-31,P1-KPI1,System Uptime,P1,99.28,99.9,>,%
60007,E2E Full Test Corporation 1769042473 - Regional Office,2024-03-01,P1-KPI1,System Uptime,P1,100.0,99.9,>,%
60007,E2E Full Test Corporation 1769042473 - Regional Office,2024-03-31,P1-KPI1,System Uptime,P1,100.0,99.9,>,%
60007,E2E Full Test Corporation 1769042473 - Regional Office,2024-04-30,P1-KPI1,System Uptime,P1,100.0,99.9,>,%
60007,E2E Full Test Corporation 1769042473 - Regional Office,2024-05-30,P1-KPI1,System Uptime,P1,100.0,99.9,>,%
60007,E2E Full Test Corporation 1769042473 - Regional Office,2024-06-29,P1-KPI1,System Uptime,P1,100.0,99.9,>,%
60007,E2E Full Test Corporation 1769042473 - Regional Office,2024-07-29,P1-KPI1,System Uptime,P1,99.38,99.9,>,%
60007,E2E Full Test Corporation 1769042473 - Regional Office,2024-08-28,P1-KPI1,System Uptime,P1,98.0,99.9,>,%
60007,E2E Full Test Corporation 1769042473 - Regional Office,2024-09-27,P1-KPI1,System Uptime,P1,98.0,99.9,>,%
60007,E2E Full Test Corporation 1769042473 - Regional Office,2024-10-27,P1-KPI1,System Uptime,P1,98.0,99.9,>,%
60007,E2E Full Test Corporation 1769042473 - Regional Office,2024-11-26,P1-KPI1,System Uptime,P1,98.0,99.9,>,%
60007,E2E Full Test Corporation 1769042473 - Regional Office,2024-01-01,P1-KPI2,Mean Time to Resolution,P1,4.93,2.0,<,hours
60007,E2E Full Test Corporation 1769042473 - Regional Office,2024-01-31,P1-KPI2,Mean Time to Resolution,P1,4.84,2.0,<,hours
60007,E2E Full Test Corporation 1769042473 - Regional Office,2024-03-01,P1-KPI2,Mean Time to Resolution,P1,4.69,2.0,<,hours
60007,E2E Full Test Corporation 1769042473 - Regional Office,2024-03-31,P1-KPI2,Mean Time to Resolution,P1,4.89,2.0,<,hours
60007,E2E Full Test Corporation 1769042473 - Regional Office,2024-04-30,P1-KPI2,Mean Time to Resolution,P1,4.63,2.0,<,hours
60007,E2E Full Test Corporation 1769042473 - Regional Office,2024-05-30,P1-KPI2,Mean Time to Resolution,P1,4.85,2.0,<,hours
60007,E2E Full Test Corporation 1769042473 - Regional Office,2024-06-29,P1-KPI2,Mean Time to Resolution,P1,4.56,2.0,<,hours
60007,E2E Full Test Corporation 1769042473 - Regional Office,2024-07-29,P1-KPI2,Mean Time to Resolution,P1,4.57,2.0,<,hours
60007,E2E Full Test Corporation 1769042473 - Regional Office,2024-08-28,P1-KPI2,Mean Time to Resolution,P1,4.75,2.0,<,hours
60007,E2E Full Test Corporation 1769042473 - Regional Office,2024-09-27,P1-KPI2,Mean Time to Resolution,P1,4.76,2.0,<,hours
60007,E2E Full Test Corporation 1769042473 - Regional Office,2024-10-27,P1-KPI2,Mean Time to Resolution,P1,4.71,2.0,<,hours
60007,E2E Full Test Corporation 1769042473 - Regional Office,2024-11-26,P1-KPI2,Mean Time to Resolution,P1,4.55,2.0,<,hours
60007,E2E Full Test Corporation 1769042473 - Regional Office,2024-01-01,P1-KPI3,GPU Utilization,P1,72.77,85.0,>,%
60007,E2E Full Test Corporation 1769042473 - Regional Office,2024-01-31,P1-KPI3,GPU Utilization,P1,70.61,85.0,>,%
60007,E2E Full Test Corporation 1769042473 - Regional Office,2024-03-01,P1-KPI3,GPU Utilization,P1,73.95,85.0,>,%
60007,E2E Full Test Corporation 1769042473 - Regional Office,2024-03-31,P1-KPI3,GPU Utilization,P1,75.53,85.0,>,%
60007,E2E Full Test Corporation 1769042473 - Regional Office,2024-04-30,P1-KPI3,GPU Utilization,P1,71.92,85.0,>,%
60007,E2E Full Test Corporation 1769042473 - Regional Office,2024-05-30,P1-KPI3,GPU Utilization,P1,72.71,85.0,>,%
60007,E2E Full Test Corporation 1769042473 - Regional Office,2024-06-29,P1-KPI3,GPU Utilization,P1,73.11,85.0,>,%
60007,E2E Full Test Corporation 1769042473 - Regional Office,2024-07-29,P1-KPI3,GPU Utilization,P1,77.28,85.0,>,%
60007,E2E Full Test Corporation 1769042473 - Regional Office,2024-08-28,P1-KPI3,GPU Utilization,P1,70.67,85.0,>,%
60007,E2E Full Test Corporation 1769042473 - Regional Office,2024-09-27,P1-KPI3,GPU Utilization,P1,70.96,85.0,>,%
60007,E2E Full Test Corporation 1769042473 - Regional Office,2024-10-27,P1-KPI3,GPU Utilization,P1,71.48,85.0,>,%
60007,E2E Full Test Corporation 1769042473 - Regional Office,2024-11-26,P1-KPI3,GPU Utilization,P1,70.96,85.0,>,%
60007,E2E Full Test Corporation 1769042473 - Regional Office,2024-01-01,P1-KPI4,Network Latency,P1,28.65,10.0,<,ms
60007,E2E Full Test Corporation 1769042473 - Regional Office,2024-01-31,P1-KPI4,Network Latency,P1,28.9,10.0,<,ms
60007,E2E Full Test Corporation 1769042473 - Regional Office,2024-03-01,P1-KPI4,Network Latency,P1,28.48,10.0,<,ms
60007,E2E Full Test Corporation 1769042473 - Regional Office,2024-03-31,P1-KPI4,Network Latency,P1,28.86,10.0,<,ms
60007,E2E Full Test Corporation 1769042473 - Regional Office,2024-04-30,P1-KPI4,Network Latency,P1,27.62,10.0,<,ms
60007,E2E Full Test Corporation 1769042473 - Regional Office,2024-05-30,P1-KPI4,Network Latency,P1,26.82,10.0,<,ms
60007,E2E Full Test Corporation 1769042473 - Regional Office,2024-06-29,P1-KPI4,Network Latency,P1,29.27,10.0,<,ms
60007,E2E Full Test Corporation 1769042473 - Regional Office,2024-07-29,P1-KPI4,Network Latency,P1,26.95,10.0,<,ms
60007,E2E Full Test Corporation 1769042473 - Regional Office,2024-08-28,P1-KPI4,Network Latency,P1,29.12,10.0,<,ms
60007,E2E Full Test Corporation 1769042473 - Regional Office,2024-09-27,P1-KPI4,Network Latency,P1,28.45,10.0,<,ms
60007,E2E Full Test Corporation 1769042473 - Regional Office,2024-10-27,P1-KPI4,Network Latency,P1,26.67,10.0,<,ms
60007,E2E Full Test Corporation 1769042473 - Regional Office,2024-11-26,P1-KPI4,Network Latency,P1,27.88,10.0,<,ms
60007,E2E Full Test Corporation 1769042473 - Regional Office,2024-01-01,P1-KPI5,Storage Performance,P1,74326.01,100000.0,>,IOPS
60007,E2E Full Test Corporation 1769042473 - Regional Office,2024-01-31,P1-KPI5,Storage Performance,P1,75459.56,100000.0,>,IOPS
60007,E2E Full Test Corporation 1769042473 - Regional Office,2024-03-01,P1-KPI5,Storage Performance,P1,78471.09,100000.0,>,IOPS
60007,E2E Full Test Corporation 1769042473 - Regional Office,2024-03-31,P1-KPI5,Storage Performance,P1,74399.72,100000.0,>,IOPS
60007,E2E Full Test Corporation 1769042473 - Regional Office,2024-04-30,P1-KPI5,Storage Performance,P1,74944.36,100000.0,>,IOPS
60007,E2E Full Test Corporation 1769042473 - Regional Office,2024-05-30,P1-KPI5,Storage Performance,P1,74538.11,100000.0,>,IOPS
60007,E2E Full Test Corporation 1769042473 - Regional Office,2024-06-29,P1-KPI5,Storage Performance,P1,77081.49,100000.0,>,IOPS
60007,E2E Full Test Corporation 1769042473 - Regional Office,2024-07-29,P1-KPI5,Storage Performance,P1,76283.53,100000.0,>,IOPS
60007,E2E Full Test Corporation 1769042473 - Regional Office,2024-08-28,P1-KPI5,Storage Performance,P1,78727.6,100000.0,>,IOPS
60007,E2E Full Test Corporation 1769042473 - Regional Office,2024-09-27,P1-KPI5,Storage Performance,P1,79406.44,100000.0,>,IOPS
60007,E2E Full Test Corporation 1769042473 - Regional Office,2024-10-27,P1-KPI5,Storage Performance,P1,79315.14,100000.0,>,IOPS
60007,E2E Full Test Corporation 1769042473 - Regional Office,2024-11-26,P1-KPI5,Storage Performance,P1,79728.12,100000.0,>,IOPS
60007,E2E Full Test Corporation 1769042473 - Regional Office,2024-01-01,P1-KPI6,Cooling Efficiency,P1,1.46,1.3,<,PUE
60007,E2E Full Test Corporation 1769042473 - Regional Office,2024-01-31,P1-KPI6,Cooling Efficiency,P1,1.46,1.3,<,PUE
60007,E2E Full Test Corporation 1769042473 - Regional Office,2024-03-01,P1-KPI6,Cooling Efficiency,P1,1.6,1.3,<,PUE
60007,E2E Full Test Corporation 1769042473 - Regional Office,2024-03-31,P1-KPI6,Cooling Efficiency,P1,1.56,1.3,<,PUE
60007,E2E Full Test Corporation 1769042473 - Regional Office,2024-04-30,P1-KPI6,Cooling Efficiency,P1,1.46,1.3,<,PUE
60007,E2E Full Test Corporation 1769042473 - Regional Office,2024-05-30,P1-KPI6,Cooling Efficiency,P1,1.51,1.3,<,PUE
60007,E2E Full Test Corporation 1769042473 - Regional Office,2024-06-29,P1-KPI6,Cooling Efficiency,P1,1.49,1.3,<,PUE
60007,E2E Full Test Corporation 1769042473 - Regional Office,2024-07-29,P1-KPI6,Cooling Efficiency,P1,1.52,1.3,<,PUE
60007,E2E Full Test Corporation 1769042473 - Regional Office,2024-08-28,P1-KPI6,Cooling Efficiency,P1,1.45,1.3,<,PUE
60007,E2E Full Test Corporation 1769042473 - Regional Office,2024-09-27,P1-KPI6,Cooling Efficiency,P1,1.56,1.3,<,PUE
60007,E2E Full Test Corporation 1769042473 - Regional Office,2024-10-27,P1-KPI6,Cooling Efficiency,P1,1.54,1.3,<,PUE
60007,E2E Full Test Corporation 1769042473 - Regional Office,2024-11-26,P1-KPI6,Cooling Efficiency,P1,1.55,1.3,<,PUE
60007,E2E Full Test Corporation 1769042473 - Regional Office,2024-01-01,P1-KPI7,Power Usage,P1,642.52,500.0,<,kW
60007,E2E Full Test Corporation 1769042473 - Regional Office,2024-01-31,P1-KPI7,Power Usage,P1,618.18,500.0,<,kW
60007,E2E Full Test Corporation 1769042473 - Regional Office,2024-03-01,P1-KPI7,Power Usage,P1,653.96,500.0,<,kW
60007,E2E Full Test Corporation 1769042473 - Regional Office,2024-03-31,P1-KPI7,Power Usage,P1,624.14,500.0,<,kW
60007,E2E Full Test Corporation 1769042473 - Regional Office,2024-04-30,P1-KPI7,Power Usage,P1,642.3,500.0,<,kW
60007,E2E Full Test Corporation 1769042473 - Regional Office,2024-05-30,P1-KPI7,Power Usage,P1,634.62,500.0,<,kW
60007,E2E Full Test Corporation 1769042473 - Regional Office,2024-06-29,P1-KPI7,Power Usage,P1,626.16,500.0,<,kW
60007,E2E Full Test Corporation 1769042473 - Regional Office,2024-07-29,P1-KPI7,Power Usage,P1,658.07,500.0,<,kW
60007,E2E Full Test Corporation 1769042473 - Regional Office,2024-08-28,P1-KPI7,Power Usage,P1,611.72,500.0,<,kW
60007,E2E Full Test Corporation 1769042473 - Regional Office,2024-09-27,P1-KPI7,Power Usage,P1,654.04,500.0,<,kW
60007,E2E Full Test Corporation 1769042473 - Regional Office,2024-10-27,P1-KPI7,Power Usage,P1,654.7,500.0,<,kW
60007,E2E Full Test Corporation 1769042473 - Regional Office,2024-11-26,P1-KPI7,Power Usage,P1,624.2,500.0,<,kW
60007,E2E Full Test Corporation 1769042473 - Regional Office,2024-01-01,P1-KPI8,Thermal Management,P1,30.57,25.0,<,°C
60007,E2E Full Test Corporation 1769042473 - Regional Office,2024-01-31,P1-KPI8,Thermal Management,P1,28.63,25.0,<,°C
60007,E2E Full Test Corporation 1769042473 - Regional Office,2024-03-01,P1-KPI8,Thermal Management,P1,28.23,25.0,<,°C
60007,E2E Full Test Corporation 1769042473 - Regional Office,2024-03-31,P1-KPI8,Thermal Management,P1,29.98,25.0,<,°C
60007,E2E Full Test Corporation 1769042473 - Regional Office,2024-04-30,P1-KPI8,Thermal Management,P1,30.83,25.0,<,°C
60007,E2E Full Test Corporation 1769042473 - Regional Office,2024-05-30,P1-KPI8,Thermal Management,P1,30.26,25.0,<,°C
60007,E2E Full Test Corporation 1769042473 - Regional Office,2024-06-29,P1-KPI8,Thermal Management,P1,28.09,25.0,<,°C
60007,E2E Full Test Corporation 1769042473 - Regional Office,2024-07-29,P1-KPI8,Thermal Management,P1,30.97,25.0,<,°C
60007,E2E Full Test Corporation 1769042473 - Regional Office,2024-08-28,P1-KPI8,Thermal Management,P1,29.78,25.0,<,°C
60007,E2E Full Test Corporation 1769042473 - Regional Office,2024-09-27,P1-KPI8,Thermal Management,P1,29.02,25.0,<,°C
60007,E2E Full Test Corporation 1769042473 - Regional Office,2024-10-27,P1-KPI8,Thermal Management,P1,28.4,25.0,<,°C
60007,E2E Full Test Corporation 1769042473 - Regional Office,2024-11-26,P1-KPI8,Thermal Management,P1,28.44,25.0,<,°C
60007,E2E Full Test Corporation 1769042473 - Regional Office,2024-01-01,P2-KPI1,SLA Compliance,P2,98.54,99.0,>,%
60007,E2E Full Test Corporation 1769042473 - Regional Office,2024-01-31,P2-KPI1,SLA Compliance,P2,100.0,99.0,>,%
60007,E2E Full Test Corporation 1769042473 - Regional Office,2024-03-01,P2-KPI1,SLA Compliance,P2,100.0,99.0,>,%
60007,E2E Full Test Corporation 1769042473 - Regional Office,2024-03-31,P2-KPI1,SLA Compliance,P2,98.94,99.0,>,%
60007,E2E Full Test Corporation 1769042473 - Regional Office,2024-04-30,P2-KPI1,SLA Compliance,P2,95.0,99.0,>,%
60007,E2E Full Test Corporation 1769042473 - Regional Office,2024-05-30,P2-KPI1,SLA Compliance,P2,99.47,99.0,>,%
60007,E2E Full Test Corporation 1769042473 - Regional Office,2024-06-29,P2-KPI1,SLA Compliance,P2,97.15,99.0,>,%
60007,E2E Full Test Corporation 1769042473 - Regional Office,2024-07-29,P2-KPI1,SLA Compliance,P2,95.0,99.0,>,%
60007,E2E Full Test Corporation 1769042473 - Regional Office,2024-08-28,P2-KPI1,SLA Compliance,P2,99.84,99.0,>,%
60007,E2E Full Test Corporation 1769042473 - Regional Office,2024-09-27,P2-KPI1,SLA Compliance,P2,95.0,99.0,>,%
60007,E2E Full Test Corporation 1769042473 - Regional Office,2024-10-27,P2-KPI1,SLA Compliance,P2,100.0,99.0,>,%
60007,E2E Full Test Corporation 1769042473 - Regional Office,2024-11-26,P2-KPI1,SLA Compliance,P2,95.0,99.0,>,%
60007,E2E Full Test Corporation 1769042473 - Regional Office,2024-01-01,P2-KPI2,Incident Response Time,P2,33.8,15.0,<,minutes
60007,E2E Full Test Corporation 1769042473 - Regional Office,2024-01-31,P2-KPI2,Incident Response Time,P2,35.86,15.0,<,minutes
60007,E2E Full Test Corporation 1769042473 - Regional Office,2024-03-01,P2-KPI2,Incident Response Time,P2,34.47,15.0,<,minutes
60007,E2E Full Test Corporation 1769042473 - Regional Office,2024-03-31,P2-KPI2,Incident Response Time,P2,34.6,15.0,<,minutes
60007,E2E Full Test Corporation 1769042473 - Regional Office,2024-04-30,P2-KPI2,Incident Response Time,P2,34.88,15.0,<,minutes
60007,E2E Full Test Corporation 1769042473 - Regional Office,2024-05-30,P2-KPI2,Incident Response Time,P2,35.94,15.0,<,minutes
60007,E2E Full Test Corporation 1769042473 - Regional Office,2024-06-29,P2-KPI2,Incident Response Time,P2,34.57,15.0,<,minutes
60007,E2E Full Test Corporation 1769042473 - Regional Office,2024-07-29,P2-KPI2,Incident Response Time,P2,36.77,15.0,<,minutes
60007,E2E Full Test Corporation 1769042473 - Regional Office,2024-08-28,P2-KPI2,Incident Response Time,P2,35.71,15.0,<,minutes
60007,E2E Full Test Corporation 1769042473 - Regional Office,2024-09-27,P2-KPI2,Incident Response Time,P2,34.37,15.0,<,minutes
60007,E2E Full Test Corporation 1769042473 - Regional Office,2024-10-27,P2-KPI2,Incident Response Time,P2,34.28,15.0,<,minutes
60007,E2E Full Test Corporation 1769042473 - Regional Office,2024-11-26,P2-KPI2,Incident Response Time,P2,33.52,15.0,<,minutes
60007,E2E Full Test Corporation 1769042473 - Regional Office,2024-01-01,P2-KPI3,Change Success Rate,P2,94.69,98.0,>,%
60007,E2E Full Test Corporation 1769042473 - Regional Office,2024-01-31,P2-KPI3,Change Success Rate,P2,90.36,98.0,>,%
60007,E2E Full Test Corporation 1769042473 - Regional Office,2024-03-01,P2-KPI3,Change Success Rate,P2,92.54,98.0,>,%
60007,E2E Full Test Corporation 1769042473 - Regional Office,2024-03-31,P2-KPI3,Change Success Rate,P2,98.8,98.0,>,%
60007,E2E Full Test Corporation 1769042473 - Regional Office,2024-04-30,P2-KPI3,Change Success Rate,P2,97.41,98.0,>,%
60007,E2E Full Test Corporation 1769042473 - Regional Office,2024-05-30,P2-KPI3,Change Success Rate,P2,95.35,98.0,>,%
60007,E2E Full Test Corporation 1769042473 - Regional Office,2024-06-29,P2-KPI3,Change Success Rate,P2,96.22,98.0,>,%
60007,E2E Full Test Corporation 1769042473 - Regional Office,2024-07-29,P2-KPI3,Change Success Rate,P2,92.38,98.0,>,%
60007,E2E Full Test Corporation 1769042473 - Regional Office,2024-08-28,P2-KPI3,Change Success Rate,P2,90.41,98.0,>,%
60007,E2E Full Test Corporation 1769042473 - Regional Office,2024-09-27,P2-KPI3,Change Success Rate,P2,96.2,98.0,>,%
60007,E2E Full Test Corporation 1769042473 - Regional Office,2024-10-27,P2-KPI3,Change Success Rate,P2,96.22,98.0,>,%
60007,E2E Full Test Corporation 1769042473 - Regional Office,2024-11-26,P2-KPI3,Change Success Rate,P2,93.37,98.0,>,%
60007,E2E Full Test Corporation 1769042473 - Regional Office,2024-01-01,P2-KPI4,Backup Success Rate,P2,95.91,100.0,>,%
60007,E2E Full Test Corporation 1769042473 - Regional Office,2024-01-31,P2-KPI4,Backup Success Rate,P2,97.94,100.0,>,%
60007,E2E Full Test Corporation 1769042473 - Regional Office,2024-03-01,P2-KPI4,Backup Success Rate,P2,100.0,100.0,>,%
60007,E2E Full Test Corporation 1769042473 - Regional Office,2024-03-31,P2-KPI4,Backup Success Rate,P2,95.0,100.0,>,%
60007,E2E Full Test Corporation 1769042473 - Regional Office,2024-04-30,P2-KPI4,Backup Success Rate,P2,100.0,100.0,>,%
60007,E2E Full Test Corporation 1769042473 - Regional Office,2024-05-30,P2-KPI4,Backup Success Rate,P2,98.6,100.0,>,%
60007,E2E Full Test Corporation 1769042473 - Regional Office,2024-06-29,P2-KPI4,Backup Success Rate,P2,95.0,100.0,>,%
60007,E2E Full Test Corporation 1769042473 - Regional Office,2024-07-29,P2-KPI4,Backup Success Rate,P2,95.0,100.0,>,%
60007,E2E Full Test Corporation 1769042473 - Regional Office,2024-08-28,P2-KPI4,Backup Success Rate,P2,100.0,100.0,>,%
60007,E2E Full Test Corporation 1769042473 - Regional Office,2024-09-27,P2-KPI4,Backup Success Rate,P2,95.05,100.0,>,%
60007,E2E Full Test Corporation 1769042473 - Regional Office,2024-10-27,P2-KPI4,Backup Success Rate,P2,100.0,100.0,>,%
60007,E2E Full Test Corporation 1769042473 - Regional Office,2024-11-26,P2-KPI4,Backup Success Rate,P2,95.62,100.0,>,%
60007,E2E Full Test Corporation 1769042473 - Regional Office,2024-01-01,P2-KPI5,Patch Compliance,P2,85.19,95.0,>,%
60007,E2E Full Test Corporation 1769042473 - Regional Office,2024-01-31,P2-KPI5,Patch Compliance,P2,88.69,95.0,>,%
60007,E2E Full Test Corporation 1769042473 - Regional Office,2024-03-01,P2-KPI5,Patch Compliance,P2,84.63,95.0,>,%
60007,E2E Full Test Corporation 1769042473 - Regional Office,2024-03-31,P2-KPI5,Patch Compliance,P2,92.63,95.0,>,%
60007,E2E Full Test Corporation 1769042473 - Regional Office,2024-04-30,P2-KPI5,Patch Compliance,P2,90.34,95.0,>,%
60007,E2E Full Test Corporation 1769042473 - Regional Office,2024-05-30,P2-KPI5,Patch Compliance,P2,88.55,95.0,>,%
60007,E2E Full Test Corporation 1769042473 - Regional Office,2024-06-29,P2-KPI5,Patch Compliance,P2,88.99,95.0,>,%
60007,E2E Full Test Corporation 1769042473 - Regional Office,2024-07-29,P2-KPI5,Patch Compliance,P2,84.48,95.0,>,%
60007,E2E Full Test Corporation 1769042473 - Regional Office,2024-08-28,P2-KPI5,Patch Compliance,P2,91.52,95.0,>,%
60007,E2E Full Test Corporation 1769042473 - Regional Office,2024-09-27,P2-KPI5,Patch Compliance,P2,90.95,95.0,>,%
60007,E2E Full Test Corporation 1769042473 - Regional Office,2024-10-27,P2-KPI5,Patch Compliance,P2,89.43,95.0,>,%
60007,E2E Full Test Corporation 1769042473 - Regional Office,2024-11-26,P2-KPI5,Patch Compliance,P2,86.77,95.0,>,%
60007,E2E Full Test Corporation 1769042473 - Regional Office,2024-01-01,P2-KPI6,Service Request Fulfillment,P2,6.06,3.0,<,days
60007,E2E Full Test Corporation 1769042473 - Regional Office,2024-01-31,P2-KPI6,Service Request Fulfillment,P2,6.08,3.0,<,days
60007,E2E Full Test Corporation 1769042473 - Regional Office,2024-03-01,P2-KPI6,Service Request Fulfillment,P2,6.32,3.0,<,days
60007,E2E Full Test Corporation 1769042473 - Regional Office,2024-03-31,P2-KPI6,Service Request Fulfillment,P2,6.33,3.0,<,days
60007,E2E Full Test Corporation 1769042473 - Regional Office,2024-04-30,P2-KPI6,Service Request Fulfillment,P2,6.03,3.0,<,days
60007,E2E Full Test Corporation 1769042473 - Regional Office,2024-05-30,P2-KPI6,Service Request Fulfillment,P2,6.44,3.0,<,days
60007,E2E Full Test Corporation 1769042473 - Regional Office,2024-06-29,P2-KPI6,Service Request Fulfillment,P2,6.0,3.0,<,days
60007,E2E Full Test Corporation 1769042473 - Regional Office,2024-07-29,P2-KPI6,Service Request Fulfillment,P2,6.07,3.0,<,days
60007,E2E Full Test Corporation 1769042473 - Regional Office,2024-08-28,P2-KPI6,Service Request Fulfillment,P2,6.35,3.0,<,days
60007,E2E Full Test Corporation 1769042473 - Regional Office,2024-09-27,P2-KPI6,Service Request Fulfillment,P2,6.25,3.0,<,days
60007,E2E Full Test Corporation 1769042473 - Regional Office,2024-10-27,P2-KPI6,Service Request Fulfillment,P2,6.29,3.0,<,days
60007,E2E Full Test Corporation 1769042473 - Regional Office,2024-11-26,P2-KPI6,Service Request Fulfillment,P2,6.07,3.0,<,days
60007,E2E Full Test Corporation 1769042473 - Regional Office,2024-01-01,P2-KPI7,Capacity Planning Accuracy,P2,79.4,90.0,>,%
60007,E2E Full Test Corporation 1769042473 - Regional Office,2024-01-31,P2-KPI7,Capacity Planning Accuracy,P2,84.51,90.0,>,%
60007,E2E Full Test Corporation 1769042473 - Regional Office,2024-03-01,P2-KPI7,Capacity Planning Accuracy,P2,80.97,90.0,>,%
60007,E2E Full Test Corporation 1769042473 - Regional Office,2024-03-31,P2-KPI7,Capacity Planning Accuracy,P2,83.8,90.0,>,%
60007,E2E Full Test Corporation 1769042473 - Regional Office,2024-04-30,P2-KPI7,Capacity Planning Accuracy,P2,79.4,90.0,>,%
60007,E2E Full Test Corporation 1769042473 - Regional Office,2024-05-30,P2-KPI7,Capacity Planning Accuracy,P2,78.63,90.0,>,%
60007,E2E Full Test Corporation 1769042473 - Regional Office,2024-06-29,P2-KPI7,Capacity Planning Accuracy,P2,78.68,90.0,>,%
60007,E2E Full Test Corporation 1769042473 - Regional Office,2024-07-29,P2-KPI7,Capacity Planning Accuracy,P2,82.39,90.0,>,%
60007,E2E Full Test Corporation 1769042473 - Regional Office,2024-08-28,P2-KPI7,Capacity Planning Accuracy,P2,79.49,90.0,>,%
60007,E2E Full Test Corporation 1769042473 - Regional Office,2024-09-27,P2-KPI7,Capacity Planning Accuracy,P2,84.73,90.0,>,%
60007,E2E Full Test Corporation 1769042473 - Regional Office,2024-10-27,P2-KPI7,Capacity Planning Accuracy,P2,79.03,90.0,>,%
60007,E2E Full Test Corporation 1769042473 - Regional Office,2024-11-26,P2-KPI7,Capacity Planning Accuracy,P2,82.31,90.0,>,%
60007,E2E Full Test Corporation 1769042473 - Regional Office,2024-01-01,P2-KPI8,Documentation Quality,P2,73.67,85.0,>,score
60007,E2E Full Test Corporation 1769042473 - Regional Office,2024-01-31,P2-KPI8,Documentation Quality,P2,73.73,85.0,>,score
60007,E2E Full Test Corporation 1769042473 - Regional Office,2024-03-01,P2-KPI8,Documentation Quality,P2,70.22,85.0,>,score
60007,E2E Full Test Corporation 1769042473 - Regional Office,2024-03-31,P2-KPI8,Documentation Quality,P2,75.64,85.0,>,score
60007,E2E Full Test Corporation 1769042473 - Regional Office,2024-04-30,P2-KPI8,Documentation Quality,P2,75.33,85.0,>,score
60007,E2E Full Test Corporation 1769042473 - Regional Office,2024-05-30,P2-KPI8,Documentation Quality,P2,70.36,85.0,>,score
60007,E2E Full Test Corporation 1769042473 - Regional Office,2024-06-29,P2-KPI8,Documentation Quality,P2,75.9,85.0,>,score
60007,E2E Full Test Corporation 1769042473 - Regional Office,2024-07-29,P2-KPI8,Documentation Quality,P2,70.96,85.0,>,score
60007,E2E Full Test Corporation 1769042473 - Regional Office,2024-08-28,P2-KPI8,Documentation Quality,P2,70.75,85.0,>,score
60007,E2E Full Test Corporation 1769042473 - Regional Office,2024-09-27,P2-KPI8,Documentation Quality,P2,71.76,85.0,>,score
60007,E2E Full Test Corporation 1769042473 - Regional Office,2024-10-27,P2-KPI8,Documentation Quality,P2,77.25,85.0,>,score
60007,E2E Full Test Corporation 1769042473 - Regional Office,2024-11-26,P2-KPI8,Documentation Quality,P2,70.74,85.0,>,score
60007,E2E Full Test Corporation 1769042473 - Regional Office,2024-01-01,P3-KPI1,CSAT Score,P3,3.64,4.5,>,score
60007,E2E Full Test Corporation 1769042473 - Regional Office,2024-01-31,P3-KPI1,CSAT Score,P3,3.7,4.5,>,score
60007,E2E Full Test Corporation 1769042473 - Regional Office,2024-03-01,P3-KPI1,CSAT Score,P3,3.93,4.5,>,score
60007,E2E Full Test Corporation 1769042473 - Regional Office,2024-03-31,P3-KPI1,CSAT Score,P3,3.92,4.5,>,score
60007,E2E Full Test Corporation 1769042473 - Regional Office,2024-04-30,P3-KPI1,CSAT Score,P3,3.83,4.5,>,score
60007,E2E Full Test Corporation 1769042473 - Regional Office,2024-05-30,P3-KPI1,CSAT Score,P3,3.71,4.5,>,score
60007,E2E Full Test Corporation 1769042473 - Regional Office,2024-06-29,P3-KPI1,CSAT Score,P3,3.72,4.5,>,score
60007,E2E Full Test Corporation 1769042473 - Regional Office,2024-07-29,P3-KPI1,CSAT Score,P3,3.83,4.5,>,score
60007,E2E Full Test Corporation 1769042473 - Regional Office,2024-08-28,P3-KPI1,CSAT Score,P3,3.71,4.5,>,score
60007,E2E Full Test Corporation 1769042473 - Regional Office,2024-09-27,P3-KPI1,CSAT Score,P3,3.85,4.5,>,score
60007,E2E Full Test Corporation 1769042473 - Regional Office,2024-10-27,P3-KPI1,CSAT Score,P3,3.74,4.5,>,score
60007,E2E Full Test Corporation 1769042473 - Regional Office,2024-11-26,P3-KPI1,CSAT Score,P3,3.94,4.5,>,score
60007,E2E Full Test Corporation 1769042473 - Regional Office,2024-01-01,P3-KPI2,Support Ticket Volume,P3,57.93,20.0,<,tickets
60007,E2E Full Test Corporation 1769042473 - Regional Office,2024-01-31,P3-KPI2,Support Ticket Volume,P3,57.95,20.0,<,tickets
60007,E2E Full Test Corporation 1769042473 - Regional Office,2024-03-01,P3-KPI2,Support Ticket Volume,P3,53.9,20.0,<,tickets
60007,E2E Full Test Corporation 1769042473 - Regional Office,2024-03-31,P3-KPI2,Support Ticket Volume,P3,56.0,20.0,<,tickets
60007,E2E Full Test Corporation 1769042473 - Regional Office,2024-04-30,P3-KPI2,Support Ticket Volume,P3,57.23,20.0,<,tickets
60007,E2E Full Test Corporation 1769042473 - Regional Office,2024-05-30,P3-KPI2,Support Ticket Volume,P3,53.54,20.0,<,tickets
60007,E2E Full Test Corporation 1769042473 - Regional Office,2024-06-29,P3-KPI2,Support Ticket Volume,P3,56.97,20.0,<,tickets
60007,E2E Full Test Corporation 1769042473 - Regional Office,2024-07-29,P3-KPI2,Support Ticket Volume,P3,58.37,20.0,<,tickets
60007,E2E Full Test Corporation 1769042473 - Regional Office,2024-08-28,P3-KPI2,Support Ticket Volume,P3,58.0,20.0,<,tickets
60007,E2E Full Test Corporation 1769042473 - Regional Office,2024-09-27,P3-KPI2,Support Ticket Volume,P3,57.23,20.0,<,tickets
60007,E2E Full Test Corporation 1769042473 - Regional Office,2024-10-27,P3-KPI2,Support Ticket Volume,P3,58.46,20.0,<,tickets
60007,E2E Full Test Corporation 1769042473 - Regional Office,2024-11-26,P3-KPI2,Support Ticket Volume,P3,56.4,20.0,<,tickets
60007,E2E Full Test Corporation 1769042473 - Regional Office,2024-01-01,P3-KPI3,First Contact Resolution,P3,63.7,75.0,>,%
60007,E2E Full Test Corporation 1769042473 - Regional Office,2024-01-31,P3-KPI3,First Contact Resolution,P3,60.61,75.0,>,%
60007,E2E Full Test Corporation 1769042473 - Regional Office,2024-03-01,P3-KPI3,First Contact Resolution,P3,66.25,75.0,>,%
60007,E2E Full Test Corporation 1769042473 - Regional Office,2024-03-31,P3-KPI3,First Contact Resolution,P3,61.11,75.0,>,%
60007,E2E Full Test Corporation 1769042473 - Regional Office,2024-04-30,P3-KPI3,First Contact Resolution,P3,65.89,75.0,>,%
60007,E2E Full Test Corporation 1769042473 - Regional Office,2024-05-30,P3-KPI3,First Contact Resolution,P3,66.92,75.0,>,%
60007,E2E Full Test Corporation 1769042473 - Regional Office,2024-06-29,P3-KPI3,First Contact Resolution,P3,64.23,75.0,>,%
60007,E2E Full Test Corporation 1769042473 - Regional Office,2024-07-29,P3-KPI3,First Contact Resolution,P3,63.77,75.0,>,%
60007,E2E Full Test Corporation 1769042473 - Regional Office,2024-08-28,P3-KPI3,First Contact Resolution,P3,65.14,75.0,>,%
60007,E2E Full Test Corporation 1769042473 - Regional Office,2024-09-27,P3-KPI3,First Contact Resolution,P3,64.75,75.0,>,%
60007,E2E Full Test Corporation 1769042473 - Regional Office,2024-10-27,P3-KPI3,First Contact Resolution,P3,60.93,75.0,>,%
60007,E2E Full Test Corporation 1769042473 - Regional Office,2024-11-26,P3-KPI3,First Contact Resolution,P3,65.34,75.0,>,%
60007,E2E Full Test Corporation 1769042473 - Regional Office,2024-01-01,P3-KPI4,Training Completion,P3,78.54,90.0,>,%
60007,E2E Full Test Corporation 1769042473 - Regional Office,2024-01-31,P3-KPI4,Training Completion,P3,73.9,90.0,>,%
60007,E2E Full Test Corporation 1769042473 - Regional Office,2024-03-01,P3-KPI4,Training Completion,P3,74.45,90.0,>,%
60007,E2E Full Test Corporation 1769042473 - Regional Office,2024-03-31,P3-KPI4,Training Completion,P3,78.74,90.0,>,%
60007,E2E Full Test Corporation 1769042473 - Regional Office,2024-04-30,P3-KPI4,Training Completion,P3,77.61,90.0,>,%
60007,E2E Full Test Corporation 1769042473 - Regional Office,2024-05-30,P3-KPI4,Training Completion,P3,72.92,90.0,>,%
60007,E2E Full Test Corporation 1769042473 - Regional Office,2024-06-29,P3-KPI4,Training Completion,P3,77.79,90.0,>,%
60007,E2E Full Test Corporation 1769042473 - Regional Office,2024-07-29,P3-KPI4,Training Completion,P3,76.96,90.0,>,%
60007,E2E Full Test Corporation 1769042473 - Regional Office,2024-08-28,P3-KPI4,Training Completion,P3,79.12,90.0,>,%
60007,E2E Full Test Corporation 1769042473 - Regional Office,2024-09-27,P3-KPI4,Training Completion,P3,76.89,90.0,>,%
60007,E2E Full Test Corporation 1769042473 - Regional Office,2024-10-27,P3-KPI4,Training Completion,P3,74.06,90.0,>,%
60007,E2E Full Test Corporation 1769042473 - Regional Office,2024-11-26,P3-KPI4,Training Completion,P3,75.69,90.0,>,%
60007,E2E Full Test Corporation 1769042473 - Regional Office,2024-01-01,P3-KPI5,User Adoption Rate,P3,63.79,80.0,>,%
60007,E2E Full Test Corporation 1769042473 - Regional Office,2024-01-31,P3-KPI5,User Adoption Rate,P3,64.1,80.0,>,%
60007,E2E Full Test Corporation 1769042473 - Regional Office,2024-03-01,P3-KPI5,User Adoption Rate,P3,67.0,80.0,>,%
60007,E2E Full Test Corporation 1769042473 - Regional Office,2024-03-31,P3-KPI5,User Adoption Rate,P3,63.66,80.0,>,%
60007,E2E Full Test Corporation 1769042473 - Regional Office,2024-04-30,P3-KPI5,User Adoption Rate,P3,68.88,80.0,>,%
60007,E2E Full Test Corporation 1769042473 - Regional Office,2024-05-30,P3-KPI5,User Adoption Rate,P3,63.57,80.0,>,%
60007,E2E Full Test Corporation 1769042473 - Regional Office,2024-06-29,P3-KPI5,User Adoption Rate,P3,64.25,80.0,>,%
60007,E2E Full Test Corporation 1769042473 - Regional Office,2024-07-29,P3-KPI5,User Adoption Rate,P3,69.32,80.0,>,%
60007,E2E Full Test Corporation 1769042473 - Regional Office,2024-08-28,P3-KPI5,User Adoption Rate,P3,69.8,80.0,>,%
60007,E2E Full Test Corporation 1769042473 - Regional Office,2024-09-27,P3-KPI5,User Adoption Rate,P3,64.02,80.0,>,%
60007,E2E Full Test Corporation 1769042473 - Regional Office,2024-10-27,P3-KPI5,User Adoption Rate,P3,65.97,80.0,>,%
60007,E2E Full Test Corporation 1769042473 - Regional Office,2024-11-26,P3-KPI5,User Adoption Rate,P3,66.45,80.0,>,%
60007,E2E Full Test Corporation 1769042473 - Regional Office,2024-01-01,P3-KPI6,Executive Engagement,P3,3.2,4.0,>,meetings/quarter
60007,E2E Full Test Corporation 1769042473 - Regional Office,2024-01-31,P3-KPI6,Executive Engagement,P3,3.1,4.0,>,meetings/quarter
60007,E2E Full Test Corporation 1769042473 - Regional Office,2024-03-01,P3-KPI6,Executive Engagement,P3,2.99,4.0,>,meetings/quarter
60007,E2E Full Test Corporation 1769042473 - Regional Office,2024-03-31,P3-KPI6,Executive Engagement,P3,3.23,4.0,>,meetings/quarter
60007,E2E Full Test Corporation 1769042473 - Regional Office,2024-04-30,P3-KPI6,Executive Engagement,P3,3.04,4.0,>,meetings/quarter
60007,E2E Full Test Corporation 1769042473 - Regional Office,2024-05-30,P3-KPI6,Executive Engagement,P3,3.21,4.0,>,meetings/quarter
60007,E2E Full Test Corporation 1769042473 - Regional Office,2024-06-29,P3-KPI6,Executive Engagement,P3,3.19,4.0,>,meetings/quarter
60007,E2E Full Test Corporation 1769042473 - Regional Office,2024-07-29,P3-KPI6,Executive Engagement,P3,3.2,4.0,>,meetings/quarter
60007,E2E Full Test Corporation 1769042473 - Regional Office,2024-08-28,P3-KPI6,Executive Engagement,P3,3.13,4.0,>,meetings/quarter
60007,E2E Full Test Corporation 1769042473 - Regional Office,2024-09-27,P3-KPI6,Executive Engagement,P3,3.0,4.0,>,meetings/quarter
60007,E2E Full Test Corporation 1769042473 - Regional Office,2024-10-27,P3-KPI6,Executive Engagement,P3,3.13,4.0,>,meetings/quarter
60007,E2E Full Test Corporation 1769042473 - Regional Office,2024-11-26,P3-KPI6,Executive Engagement,P3,3.22,4.0,>,meetings/quarter
60007,E2E Full Test Corporation 1769042473 - Regional Office,2024-01-01,P3-KPI7,Response Time SLA,P3,72.18,30.0,<,minutes
60007,E2E Full Test Corporation 1769042473 - Regional Office,2024-01-31,P3-KPI7,Response Time SLA,P3,71.69,30.0,<,minutes
60007,E2E Full Test Corporation 1769042473 - Regional Office,2024-03-01,P3-KPI7,Response Time SLA,P3,72.48,30.0,<,minutes
60007,E2E Full Test Corporation 1769042473 - Regional Office,2024-03-31,P3-KPI7,Response Time SLA,P3,72.54,30.0,<,minutes
60007,E2E Full Test Corporation 1769042473 - Regional Office,2024-04-30,P3-KPI7,Response Time SLA,P3,69.87,30.0,<,minutes
60007,E2E Full Test Corporation 1769042473 - Regional Office,2024-05-30,P3-KPI7,Response Time SLA,P3,68.98,30.0,<,minutes
60007,E2E Full Test Corporation 1769042473 - Regional Office,2024-06-29,P3-KPI7,Response Time SLA,P3,71.46,30.0,<,minutes
60007,E2E Full Test Corporation 1769042473 - Regional Office,2024-07-29,P3-KPI7,Response Time SLA,P3,70.96,30.0,<,minutes
60007,E2E Full Test Corporation 1769042473 - Regional Office,2024-08-28,P3-KPI7,Response Time SLA,P3,72.19,30.0,<,minutes
60007,E2E Full Test Corporation 1769042473 - Regional Office,2024-09-27,P3-KPI7,Response Time SLA,P3,72.48,30.0,<,minutes
60007,E2E Full Test Corporation 1769042473 - Regional Office,2024-10-27,P3-KPI7,Response Time SLA,P3,73.61,30.0,<,minutes
60007,E2E Full Test Corporation 1769042473 - Regional Office,2024-11-26,P3-KPI7,Response Time SLA,P3,72.92,30.0,<,minutes
60007,E2E Full Test Corporation 1769042473 - Regional Office,2024-01-01,P4-KPI1,ROI Achievement,P4,131.04,150.0,>,%
60007,E2E Full Test Corporation 1769042473 - Regional Office,2024-01-31,P4-KPI1,ROI Achievement,P4,128.98,150.0,>,%
60007,E2E Full Test Corporation 1769042473 - Regional Office,2024-03-01,P4-KPI1,ROI Achievement,P4,122.85,150.0,>,%
60007,E2E Full Test Corporation 1769042473 - Regional Office,2024-03-31,P4-KPI1,ROI Achievement,P4,122.99,150.0,>,%
60007,E2E Full Test Corporation 1769042473 - Regional Office,2024-04-30,P4-KPI1,ROI Achievement,P4,126.72,150.0,>,%
60007,E2E Full Test Corporation 1769042473 - Regional Office,2024-05-30,P4-KPI1,ROI Achievement,P4,125.54,150.0,>,%
60007,E2E Full Test Corporation 1769042473 - Regional Office,2024-06-29,P4-KPI1,ROI Achievement,P4,125.66,150.0,>,%
60007,E2E Full Test Corporation 1769042473 - Regional Office,2024-07-29,P4-KPI1,ROI Achievement,P4,130.5,150.0,>,%
60007,E2E Full Test Corporation 1769042473 - Regional Office,2024-08-28,P4-KPI1,ROI Achievement,P4,130.62,150.0,>,%
60007,E2E Full Test Corporation 1769042473 - Regional Office,2024-09-27,P4-KPI1,ROI Achievement,P4,132.41,150.0,>,%
60007,E2E Full Test Corporation 1769042473 - Regional Office,2024-10-27,P4-KPI1,ROI Achievement,P4,133.4,150.0,>,%
60007,E2E Full Test Corporation 1769042473 - Regional Office,2024-11-26,P4-KPI1,ROI Achievement,P4,127.28,150.0,>,%
60007,E2E Full Test Corporation 1769042473 - Regional Office,2024-01-01,P4-KPI2,Cost Reduction,P4,11.3,20.0,>,%
60007,E2E Full Test Corporation 1769042473 - Regional Office,2024-01-31,P4-KPI2,Cost Reduction,P4,11.49,20.0,>,%
60007,E2E Full Test Corporation 1769042473 - Regional Office,2024-03-01,P4-KPI2,Cost Reduction,P4,10.91,20.0,>,%
60007,E2E Full Test Corporation 1769042473 - Regional Office,2024-03-31,P4-KPI2,Cost Reduction,P4,11.54,20.0,>,%
60007,E2E Full Test Corporation 1769042473 - Regional Office,2024-04-30,P4-KPI2,Cost Reduction,P4,11.0,20.0,>,%
60007,E2E Full Test Corporation 1769042473 - Regional Office,2024-05-30,P4-KPI2,Cost Reduction,P4,10.5,20.0,>,%
60007,E2E Full Test Corporation 1769042473 - Regional Office,2024-06-29,P4-KPI2,Cost Reduction,P4,11.19,20.0,>,%
60007,E2E Full Test Corporation 1769042473 - Regional Office,2024-07-29,P4-KPI2,Cost Reduction,P4,11.46,20.0,>,%
60007,E2E Full Test Corporation 1769042473 - Regional Office,2024-08-28,P4-KPI2,Cost Reduction,P4,11.53,20.0,>,%
60007,E2E Full Test Corporation 1769042473 - Regional Office,2024-09-27,P4-KPI2,Cost Reduction,P4,11.29,20.0,>,%
60007,E2E Full Test Corporation 1769042473 - Regional Office,2024-10-27,P4-KPI2,Cost Reduction,P4,11.5,20.0,>,%
60007,E2E Full Test Corporation 1769042473 - Regional Office,2024-11-26,P4-KPI2,Cost Reduction,P4,10.9,20.0,>,%
60007,E2E Full Test Corporation 1769042473 - Regional Office,2024-01-01,P4-KPI3,Time to Value,P4,136.46,90.0,<,days
60007,E2E Full Test Corporation 1769042473 - Regional Office,2024-01-31,P4-KPI3,Time to Value,P4,131.51,90.0,<,days
60007,E2E Full Test Corporation 1769042473 - Regional Office,2024-03-01,P4-KPI3,Time to Value,P4,136.46,90.0,<,days
60007,E2E Full Test Corporation 1769042473 - Regional Office,2024-03-31,P4-KPI3,Time to Value,P4,130.63,90.0,<,days
60007,E2E Full Test Corporation 1769042473 - Regional Office,2024-04-30,P4-KPI3,Time to Value,P4,126.55,90.0,<,days
60007,E2E Full Test Corporation 1769042473 - Regional Office,2024-05-30,P4-KPI3,Time to Value,P4,136.0,90.0,<,days
60007,E2E Full Test Corporation 1769042473 - Regional Office,2024-06-29,P4-KPI3,Time to Value,P4,128.33,90.0,<,days
60007,E2E Full Test Corporation 1769042473 - Regional Office,2024-07-29,P4-KPI3,Time to Value,P4,134.66,90.0,<,days
60007,E2E Full Test Corporation 1769042473 - Regional Office,2024-08-28,P4-KPI3,Time to Value,P4,129.48,90.0,<,days
60007,E2E Full Test Corporation 1769042473 - Regional Office,2024-09-27,P4-KPI3,Time to Value,P4,129.25,90.0,<,days
60007,E2E Full Test Corporation 1769042473 - Regional Office,2024-10-27,P4-KPI3,Time to Value,P4,135.72,90.0,<,days
60007,E2E Full Test Corporation 1769042473 - Regional Office,2024-11-26,P4-KPI3,Time to Value,P4,125.12,90.0,<,days
60007,E2E Full Test Corporation 1769042473 - Regional Office,2024-01-01,P4-KPI4,Revenue Enablement,P4,3.12,5.0,>,$M
60007,E2E Full Test Corporation 1769042473 - Regional Office,2024-01-31,P4-KPI4,Revenue Enablement,P4,3.3,5.0,>,$M
60007,E2E Full Test Corporation 1769042473 - Regional Office,2024-03-01,P4-KPI4,Revenue Enablement,P4,3.2,5.0,>,$M
60007,E2E Full Test Corporation 1769042473 - Regional Office,2024-03-31,P4-KPI4,Revenue Enablement,P4,3.23,5.0,>,$M
60007,E2E Full Test Corporation 1769042473 - Regional Office,2024-04-30,P4-KPI4,Revenue Enablement,P4,3.12,5.0,>,$M
60007,E2E Full Test Corporation 1769042473 - Regional Office,2024-05-30,P4-KPI4,Revenue Enablement,P4,3.27,5.0,>,$M
60007,E2E Full Test Corporation 1769042473 - Regional Office,2024-06-29,P4-KPI4,Revenue Enablement,P4,3.09,5.0,>,$M
60007,E2E Full Test Corporation 1769042473 - Regional Office,2024-07-29,P4-KPI4,Revenue Enablement,P4,3.2,5.0,>,$M
60007,E2E Full Test Corporation 1769042473 - Regional Office,2024-08-28,P4-KPI4,Revenue Enablement,P4,3.08,5.0,>,$M
60007,E2E Full Test Corporation 1769042473 - Regional Office,2024-09-27,P4-KPI4,Revenue Enablement,P4,3.18,5.0,>,$M
60007,E2E Full Test Corporation 1769042473 - Regional Office,2024-10-27,P4-KPI4,Revenue Enablement,P4,3.17,5.0,>,$M
60007,E2E Full Test Corporation 1769042473 - Regional Office,2024-11-26,P4-KPI4,Revenue Enablement,P4,3.17,5.0,>,$M
60007,E2E Full Test Corporation 1769042473 - Regional Office,2024-01-01,P4-KPI5,Operational Efficiency,P4,72.2,85.0,>,%
60007,E2E Full Test Corporation 1769042473 - Regional Office,2024-01-31,P4-KPI5,Operational Efficiency,P4,70.69,85.0,>,%
60007,E2E Full Test Corporation 1769042473 - Regional Office,2024-03-01,P4-KPI5,Operational Efficiency,P4,76.54,85.0,>,%
60007,E2E Full Test Corporation 1769042473 - Regional Office,2024-03-31,P4-KPI5,Operational Efficiency,P4,76.18,85.0,>,%
60007,E2E Full Test Corporation 1769042473 - Regional Office,2024-04-30,P4-KPI5,Operational Efficiency,P4,76.73,85.0,>,%
60007,E2E Full Test Corporation 1769042473 - Regional Office,2024-05-30,P4-KPI5,Operational Efficiency,P4,74.69,85.0,>,%
60007,E2E Full Test Corporation 1769042473 - Regional Office,2024-06-29,P4-KPI5,Operational Efficiency,P4,76.7,85.0,>,%
60007,E2E Full Test Corporation 1769042473 - Regional Office,2024-07-29,P4-KPI5,Operational Efficiency,P4,76.58,85.0,>,%
60007,E2E Full Test Corporation 1769042473 - Regional Office,2024-08-28,P4-KPI5,Operational Efficiency,P4,76.87,85.0,>,%
60007,E2E Full Test Corporation 1769042473 - Regional Office,2024-09-27,P4-KPI5,Operational Efficiency,P4,72.2,85.0,>,%
60007,E2E Full Test Corporation 1769042473 - Regional Office,2024-10-27,P4-KPI5,Operational Efficiency,P4,76.98,85.0,>,%
60007,E2E Full Test Corporation 1769042473 - Regional Office,2024-11-26,P4-KPI5,Operational Efficiency,P4,74.58,85.0,>,%
60007,E2E Full Test Corporation 1769042473 - Regional Office,2024-01-01,P4-KPI6,Innovation Projects,P4,2.0,3.0,>,count
60007,E2E Full Test Corporation 1769042473 - Regional Office,2024-01-31,P4-KPI6,Innovation Projects,P4,2.08,3.0,>,count
60007,E2E Full Test Corporation 1769042473 - Regional Office,2024-03-01,P4-KPI6,Innovation Projects,P4,2.19,3.0,>,count
60007,E2E Full Test Corporation 1769042473 - Regional Office,2024-03-31,P4-KPI6,Innovation Projects,P4,2.15,3.0,>,count
60007,E2E Full Test Corporation 1769042473 - Regional Office,2024-04-30,P4-KPI6,Innovation Projects,P4,2.04,3.0,>,count
60007,E2E Full Test Corporation 1769042473 - Regional Office,2024-05-30,P4-KPI6,Innovation Projects,P4,2.08,3.0,>,count
60007,E2E Full Test Corporation 1769042473 - Regional Office,2024-06-29,P4-KPI6,Innovation Projects,P4,2.15,3.0,>,count
60007,E2E Full Test Corporation 1769042473 - Regional Office,2024-07-29,P4-KPI6,Innovation Projects,P4,2.09,3.0,>,count
60007,E2E Full Test Corporation 1769042473 - Regional Office,2024-08-28,P4-KPI6,Innovation Projects,P4,2.13,3.0,>,count
60007,E2E Full Test Corporation 1769042473 - Regional Office,2024-09-27,P4-KPI6,Innovation Projects,P4,2.19,3.0,>,count
60007,E2E Full Test Corporation 1769042473 - Regional Office,2024-10-27,P4-KPI6,Innovation Projects,P4,2.05,3.0,>,count
60007,E2E Full Test Corporation 1769042473 - Regional Office,2024-11-26,P4-KPI6,Innovation Projects,P4,2.14,3.0,>,count
60007,E2E Full Test Corporation 1769042473 - Regional Office,2024-01-01,P4-KPI7,Business Case Validation,P4,76.96,90.0,>,%
60007,E2E Full Test Corporation 1769042473 - Regional Office,2024-01-31,P4-KPI7,Business Case Validation,P4,77.31,90.0,>,%
60007,E2E Full Test Corporation 1769042473 - Regional Office,2024-03-01,P4-KPI7,Business Case Validation,P4,83.25,90.0,>,%
60007,E2E Full Test Corporation 1769042473 - Regional Office,2024-03-31,P4-KPI7,Business Case Validation,P4,79.5,90.0,>,%
60007,E2E Full Test Corporation 1769042473 - Regional Office,2024-04-30,P4-KPI7,Business Case Validation,P4,84.4,90.0,>,%
60007,E2E Full Test Corporation 1769042473 - Regional Office,2024-05-30,P4-KPI7,Business Case Validation,P4,84.83,90.0,>,%
60007,E2E Full Test Corporation 1769042473 - Regional Office,2024-06-29,P4-KPI7,Business Case Validation,P4,79.21,90.0,>,%
60007,E2E Full Test Corporation 1769042473 - Regional Office,2024-07-29,P4-KPI7,Business Case Validation,P4,78.69,90.0,>,%
60007,E2E Full Test Corporation 1769042473 - Regional Office,2024-08-28,P4-KPI7,Business Case Validation,P4,83.87,90.0,>,%
60007,E2E Full Test Corporation 1769042473 - Regional Office,2024-09-27,P4-KPI7,Business Case Validation,P4,81.93,90.0,>,%
60007,E2E Full Test Corporation 1769042473 - Regional Office,2024-10-27,P4-KPI7,Business Case Validation,P4,78.15,90.0,>,%
60007,E2E Full Test Corporation 1769042473 - Regional Office,2024-11-26,P4-KPI7,Business Case Validation,P4,82.79,90.0,>,%
60007,E2E Full Test Corporation 1769042473 - Regional Office,2024-01-01,P5-KPI1,Executive Sponsorship,P5,3.71,4.5,>,score
60007,E2E Full Test Corporation 1769042473 - Regional Office,2024-01-31,P5-KPI1,Executive Sponsorship,P5,4.01,4.5,>,score
60007,E2E Full Test Corporation 1769042473 - Regional Office,2024-03-01,P5-KPI1,Executive Sponsorship,P5,3.95,4.5,>,score
60007,E2E Full Test Corporation 1769042473 - Regional Office,2024-03-31,P5-KPI1,Executive Sponsorship,P5,3.77,4.5,>,score
60007,E2E Full Test Corporation 1769042473 - Regional Office,2024-04-30,P5-KPI1,Executive Sponsorship,P5,4.0,4.5,>,score
60007,E2E Full Test Corporation 1769042473 - Regional Office,2024-05-30,P5-KPI1,Executive Sponsorship,P5,3.65,4.5,>,score
60007,E2E Full Test Corporation 1769042473 - Regional Office,2024-06-29,P5-KPI1,Executive Sponsorship,P5,3.66,4.5,>,score
60007,E2E Full Test Corporation 1769042473 - Regional Office,2024-07-29,P5-KPI1,Executive Sponsorship,P5,3.81,4.5,>,score
60007,E2E Full Test Corporation 1769042473 - Regional Office,2024-08-28,P5-KPI1,Executive Sponsorship,P5,3.94,4.5,>,score
60007,E2E Full Test Corporation 1769042473 - Regional Office,2024-09-27,P5-KPI1,Executive Sponsorship,P5,4.02,4.5,>,score
60007,E2E Full Test Corporation 1769042473 - Regional Office,2024-10-27,P5-KPI1,Executive Sponsorship,P5,3.96,4.5,>,score
60007,E2E Full Test Corporation 1769042473 - Regional Office,2024-11-26,P5-KPI1,Executive Sponsorship,P5,3.76,4.5,>,score
60007,E2E Full Test Corporation 1769042473 - Regional Office,2024-01-01,P5-KPI2,Renewal Likelihood,P5,83.85,95.0,>,%
60007,E2E Full Test Corporation 1769042473 - Regional Office,2024-01-31,P5-KPI2,Renewal Likelihood,P5,87.85,95.0,>,%
60007,E2E Full Test Corporation 1769042473 - Regional Office,2024-03-01,P5-KPI2,Renewal Likelihood,P5,81.19,95.0,>,%
60007,E2E Full Test Corporation 1769042473 - Regional Office,2024-03-31,P5-KPI2,Renewal Likelihood,P5,87.04,95.0,>,%
60007,E2E Full Test Corporation 1769042473 - Regional Office,2024-04-30,P5-KPI2,Renewal Likelihood,P5,85.82,95.0,>,%
60007,E2E Full Test Corporation 1769042473 - Regional Office,2024-05-30,P5-KPI2,Renewal Likelihood,P5,86.89,95.0,>,%
60007,E2E Full Test Corporation 1769042473 - Regional Office,2024-06-29,P5-KPI2,Renewal Likelihood,P5,86.84,95.0,>,%
60007,E2E Full Test Corporation 1769042473 - Regional Office,2024-07-29,P5-KPI2,Renewal Likelihood,P5,84.34,95.0,>,%
60007,E2E Full Test Corporation 1769042473 - Regional Office,2024-08-28,P5-KPI2,Renewal Likelihood,P5,83.05,95.0,>,%
60007,E2E Full Test Corporation 1769042473 - Regional Office,2024-09-27,P5-KPI2,Renewal Likelihood,P5,81.29,95.0,>,%
60007,E2E Full Test Corporation 1769042473 - Regional Office,2024-10-27,P5-KPI2,Renewal Likelihood,P5,83.04,95.0,>,%
60007,E2E Full Test Corporation 1769042473 - Regional Office,2024-11-26,P5-KPI2,Renewal Likelihood,P5,84.76,95.0,>,%
60007,E2E Full Test Corporation 1769042473 - Regional Office,2024-01-01,P5-KPI3,Expansion Pipeline,P5,1.31,2.0,>,$M
60007,E2E Full Test Corporation 1769042473 - Regional Office,2024-01-31,P5-KPI3,Expansion Pipeline,P5,1.36,2.0,>,$M
60007,E2E Full Test Corporation 1769042473 - Regional Office,2024-03-01,P5-KPI3,Expansion Pipeline,P5,1.27,2.0,>,$M
60007,E2E Full Test Corporation 1769042473 - Regional Office,2024-03-31,P5-KPI3,Expansion Pipeline,P5,1.28,2.0,>,$M
60007,E2E Full Test Corporation 1769042473 - Regional Office,2024-04-30,P5-KPI3,Expansion Pipeline,P5,1.35,2.0,>,$M
60007,E2E Full Test Corporation 1769042473 - Regional Office,2024-05-30,P5-KPI3,Expansion Pipeline,P5,1.31,2.0,>,$M
60007,E2E Full Test Corporation 1769042473 - Regional Office,2024-06-29,P5-KPI3,Expansion Pipeline,P5,1.29,2.0,>,$M
60007,E2E Full Test Corporation 1769042473 - Regional Office,2024-07-29,P5-KPI3,Expansion Pipeline,P5,1.34,2.0,>,$M
60007,E2E Full Test Corporation 1769042473 - Regional Office,2024-08-28,P5-KPI3,Expansion Pipeline,P5,1.32,2.0,>,$M
60007,E2E Full Test Corporation 1769042473 - Regional Office,2024-09-27,P5-KPI3,Expansion Pipeline,P5,1.3,2.0,>,$M
60007,E2E Full Test Corporation 1769042473 - Regional Office,2024-10-27,P5-KPI3,Expansion Pipeline,P5,1.31,2.0,>,$M
60007,E2E Full Test Corporation 1769042473 - Regional Office,2024-11-26,P5-KPI3,Expansion Pipeline,P5,1.26,2.0,>,$M
60007,E2E Full Test Corporation 1769042473 - Regional Office,2024-01-01,P5-KPI4,Reference Willingness,P5,2.99,4.0,>,score
60007,E2E Full Test Corporation 1769042473 - Regional Office,2024-01-31,P5-KPI4,Reference Willingness,P5,3.1,4.0,>,score
60007,E2E Full Test Corporation 1769042473 - Regional Office,2024-03-01,P5-KPI4,Reference Willingness,P5,3.09,4.0,>,score
60007,E2E Full Test Corporation 1769042473 - Regional Office,2024-03-31,P5-KPI4,Reference Willingness,P5,2.96,4.0,>,score
60007,E2E Full Test Corporation 1769042473 - Regional Office,2024-04-30,P5-KPI4,Reference Willingness,P5,3.04,4.0,>,score
60007,E2E Full Test Corporation 1769042473 - Regional Office,2024-05-30,P5-KPI4,Reference Willingness,P5,3.09,4.0,>,score
60007,E2E Full Test Corporation 1769042473 - Regional Office,2024-06-29,P5-KPI4,Reference Willingness,P5,3.09,4.0,>,score
60007,E2E Full Test Corporation 1769042473 - Regional Office,2024-07-29,P5-KPI4,Reference Willingness,P5,3.01,4.0,>,score
60007,E2E Full Test Corporation 1769042473 - Regional Office,2024-08-28,P5-KPI4,Reference Willingness,P5,3.16,4.0,>,score
60007,E2E Full Test Corporation 1769042473 - Regional Office,2024-09-27,P5-KPI4,Reference Willingness,P5,3.2,4.0,>,score
60007,E2E Full Test Corporation 1769042473 - Regional Office,2024-10-27,P5-KPI4,Reference Willingness,P5,3.1,4.0,>,score
60007,E2E Full Test Corporation 1769042473 - Regional Office,2024-11-26,P5-KPI4,Reference Willingness,P5,3.23,4.0,>,score
60007,E2E Full Test Corporation 1769042473 - Regional Office,2024-01-01,P5-KPI5,Strategic Alignment,P5,75.07,85.0,>,score
60007,E2E Full Test Corporation 1769042473 - Regional Office,2024-01-31,P5-KPI5,Strategic Alignment,P5,73.86,85.0,>,score
60007,E2E Full Test Corporation 1769042473 - Regional Office,2024-03-01,P5-KPI5,Strategic Alignment,P5,77.2,85.0,>,score
60007,E2E Full Test Corporation 1769042473 - Regional Office,2024-03-31,P5-KPI5,Strategic Alignment,P5,77.44,85.0,>,score
60007,E2E Full Test Corporation 1769042473 - Regional Office,2024-04-30,P5-KPI5,Strategic Alignment,P5,76.36,85.0,>,score
60007,E2E Full Test Corporation 1769042473 - Regional Office,2024-05-30,P5-KPI5,Strategic Alignment,P5,75.19,85.0,>,score
60007,E2E Full Test Corporation 1769042473 - Regional Office,2024-06-29,P5-KPI5,Strategic Alignment,P5,76.63,85.0,>,score
60007,E2E Full Test Corporation 1769042473 - Regional Office,2024-07-29,P5-KPI5,Strategic Alignment,P5,74.24,85.0,>,score
60007,E2E Full Test Corporation 1769042473 - Regional Office,2024-08-28,P5-KPI5,Strategic Alignment,P5,71.4,85.0,>,score
60007,E2E Full Test Corporation 1769042473 - Regional Office,2024-09-27,P5-KPI5,Strategic Alignment,P5,70.61,85.0,>,score
60007,E2E Full Test Corporation 1769042473 - Regional Office,2024-10-27,P5-KPI5,Strategic Alignment,P5,70.38,85.0,>,score
60007,E2E Full Test Corporation 1769042473 - Regional Office,2024-11-26,P5-KPI5,Strategic Alignment,P5,76.24,85.0,>,score
60007,E2E Full Test Corporation 1769042473 - Regional Office,2024-01-01,P5-KPI6,Partnership Depth,P5,68.86,80.0,>,score
60007,E2E Full Test Corporation 1769042473 - Regional Office,2024-01-31,P5-KPI6,Partnership Depth,P5,66.54,80.0,>,score
60007,E2E Full Test Corporation 1769042473 - Regional Office,2024-03-01,P5-KPI6,Partnership Depth,P5,64.28,80.0,>,score
60007,E2E Full Test Corporation 1769042473 - Regional Office,2024-03-31,P5-KPI6,Partnership Depth,P5,64.55,80.0,>,score
60007,E2E Full Test Corporation 1769042473 - Regional Office,2024-04-30,P5-KPI6,Partnership Depth,P5,65.86,80.0,>,score
60007,E2E Full Test Corporation 1769042473 - Regional Office,2024-05-30,P5-KPI6,Partnership Depth,P5,68.89,80.0,>,score
60007,E2E Full Test Corporation 1769042473 - Regional Office,2024-06-29,P5-KPI6,Partnership Depth,P5,64.97,80.0,>,score
60007,E2E Full Test Corporation 1769042473 - Regional Office,2024-07-29,P5-KPI6,Partnership Depth,P5,63.2,80.0,>,score
60007,E2E Full Test Corporation 1769042473 - Regional Office,2024-08-28,P5-KPI6,Partnership Depth,P5,66.1,80.0,>,score
60007,E2E Full Test Corporation 1769042473 - Regional Office,2024-09-27,P5-KPI6,Partnership Depth,P5,66.51,80.0,>,score
60007,E2E Full Test Corporation 1769042473 - Regional Office,2024-10-27,P5-KPI6,Partnership Depth,P5,67.88,80.0,>,score
60007,E2E Full Test Corporation 1769042473 - Regional Office,2024-11-26,P5-KPI6,Partnership Depth,P5,66.31,80.0,>,score
60007,E2E Full Test Corporation 1769042473 - Regional Office,2024-01-01,P5-KPI7,NPS Score,P5,58.71,70.0,>,score
60007,E2E Full Test Corporation 1769042473 - Regional Office,2024-01-31,P5-KPI7,NPS Score,P5,55.63,70.0,>,score
60007,E2E Full Test Corporation 1769042473 - Regional Office,2024-03-01,P5-KPI7,NPS Score,P5,57.41,70.0,>,score
60007,E2E Full Test Corporation 1769042473 - Regional Office,2024-03-31,P5-KPI7,NPS Score,P5,55.83,70.0,>,score
60007,E2E Full Test Corporation 1769042473 - Regional Office,2024-04-30,P5-KPI7,NPS Score,P5,53.78,70.0,>,score
60007,E2E Full Test Corporation 1769042473 - Regional Office,2024-05-30,P5-KPI7,NPS Score,P5,58.99,70.0,>,score
60007,E2E Full Test Corporation 1769042473 - Regional Office,2024-06-29,P5-KPI7,NPS Score,P5,58.2,70.0,>,score
60007,E2E Full Test Corporation 1769042473 - Regional Office,2024-07-29,P5-KPI7,NPS Score,P5,58.77,70.0,>,score
60007,E2E Full Test Corporation 1769042473 - Regional Office,2024-08-28,P5-KPI7,NPS Score,P5,56.3,70.0,>,score
60007,E2E Full Test Corporation 1769042473 - Regional Office,2024-09-27,P5-KPI7,NPS Score,P5,56.59,70.0,>,score
60007,E2E Full Test Corporation 1769042473 - Regional Office,2024-10-27,P5-KPI7,NPS Score,P5,55.17,70.0,>,score
60007,E2E Full Test Corporation 1769042473 - Regional Office,2024-11-26,P5-KPI7,NPS Score,P5,57.76,70.0,>,score
60008,E2E Full Test Corporation 1769042473 - Research Center,2024-01-01,P1-KPI1,System Uptime,P1,100.0,99.9,>,%
60008,E2E Full Test Corporation 1769042473 - Research Center,2024-01-31,P1-KPI1,System Uptime,P1,98.6,99.9,>,%
60008,E2E Full Test Corporation 1769042473 - Research Center,2024-03-01,P1-KPI1,System Uptime,P1,100.0,99.9,>,%
60008,E2E Full Test Corporation 1769042473 - Research Center,2024-03-31,P1-KPI1,System Uptime,P1,100.0,99.9,>,%
60008,E2E Full Test Corporation 1769042473 - Research Center,2024-04-30,P1-KPI1,System Uptime,P1,100.0,99.9,>,%
60008,E2E Full Test Corporation 1769042473 - Research Center,2024-05-30,P1-KPI1,System Uptime,P1,100.0,99.9,>,%
60008,E2E Full Test Corporation 1769042473 - Research Center,2024-06-29,P1-KPI1,System Uptime,P1,98.11,99.9,>,%
60008,E2E Full Test Corporation 1769042473 - Research Center,2024-07-29,P1-KPI1,System Uptime,P1,98.0,99.9,>,%
60008,E2E Full Test Corporation 1769042473 - Research Center,2024-08-28,P1-KPI1,System Uptime,P1,98.0,99.9,>,%
60008,E2E Full Test Corporation 1769042473 - Research Center,2024-09-27,P1-KPI1,System Uptime,P1,98.0,99.9,>,%
60008,E2E Full Test Corporation 1769042473 - Research Center,2024-10-27,P1-KPI1,System Uptime,P1,100.0,99.9,>,%
60008,E2E Full Test Corporation 1769042473 - Research Center,2024-11-26,P1-KPI1,System Uptime,P1,98.35,99.9,>,%
60008,E2E Full Test Corporation 1769042473 - Research Center,2024-01-01,P1-KPI2,Mean Time to Resolution,P1,4.57,2.0,<,hours
60008,E2E Full Test Corporation 1769042473 - Research Center,2024-01-31,P1-KPI2,Mean Time to Resolution,P1,4.71,2.0,<,hours
60008,E2E Full Test Corporation 1769042473 - Research Center,2024-03-01,P1-KPI2,Mean Time to Resolution,P1,4.83,2.0,<,hours
60008,E2E Full Test Corporation 1769042473 - Research Center,2024-03-31,P1-KPI2,Mean Time to Resolution,P1,4.56,2.0,<,hours
60008,E2E Full Test Corporation 1769042473 - Research Center,2024-04-30,P1-KPI2,Mean Time to Resolution,P1,4.84,2.0,<,hours
60008,E2E Full Test Corporation 1769042473 - Research Center,2024-05-30,P1-KPI2,Mean Time to Resolution,P1,4.48,2.0,<,hours
60008,E2E Full Test Corporation 1769042473 - Research Center,2024-06-29,P1-KPI2,Mean Time to Resolution,P1,3.73,2.0,<,hours
60008,E2E Full Test Corporation 1769042473 - Research Center,2024-07-29,P1-KPI2,Mean Time to Resolution,P1,3.91,2.0,<,hours
60008,E2E Full Test Corporation 1769042473 - Research Center,2024-08-28,P1-KPI2,Mean Time to Resolution,P1,3.94,2.0,<,hours
60008,E2E Full Test Corporation 1769042473 - Research Center,2024-09-27,P1-KPI2,Mean Time to Resolution,P1,3.69,2.0,<,hours
60008,E2E Full Test Corporation 1769042473 - Research Center,2024-10-27,P1-KPI2,Mean Time to Resolution,P1,3.79,2.0,<,hours
60008,E2E Full Test Corporation 1769042473 - Research Center,2024-11-26,P1-KPI2,Mean Time to Resolution,P1,3.89,2.0,<,hours
60008,E2E Full Test Corporation 1769042473 - Research Center,2024-01-01,P1-KPI3,GPU Utilization,P1,73.44,85.0,>,%
60008,E2E Full Test Corporation 1769042473 - Research Center,2024-01-31,P1-KPI3,GPU Utilization,P1,73.6,85.0,>,%
60008,E2E Full Test Corporation 1769042473 - Research Center,2024-03-01,P1-KPI3,GPU Utilization,P1,72.81,85.0,>,%
60008,E2E Full Test Corporation 1769042473 - Research Center,2024-03-31,P1-KPI3,GPU Utilization,P1,70.49,85.0,>,%
60008,E2E Full Test Corporation 1769042473 - Research Center,2024-04-30,P1-KPI3,GPU Utilization,P1,70.75,85.0,>,%
60008,E2E Full Test Corporation 1769042473 - Research Center,2024-05-30,P1-KPI3,GPU Utilization,P1,71.39,85.0,>,%
60008,E2E Full Test Corporation 1769042473 - Research Center,2024-06-29,P1-KPI3,GPU Utilization,P1,75.95,85.0,>,%
60008,E2E Full Test Corporation 1769042473 - Research Center,2024-07-29,P1-KPI3,GPU Utilization,P1,78.42,85.0,>,%
60008,E2E Full Test Corporation 1769042473 - Research Center,2024-08-28,P1-KPI3,GPU Utilization,P1,74.22,85.0,>,%
60008,E2E Full Test Corporation 1769042473 - Research Center,2024-09-27,P1-KPI3,GPU Utilization,P1,79.06,85.0,>,%
60008,E2E Full Test Corporation 1769042473 - Research Center,2024-10-27,P1-KPI3,GPU Utilization,P1,80.36,85.0,>,%
60008,E2E Full Test Corporation 1769042473 - Research Center,2024-11-26,P1-KPI3,GPU Utilization,P1,74.76,85.0,>,%
60008,E2E Full Test Corporation 1769042473 - Research Center,2024-01-01,P1-KPI4,Network Latency,P1,27.97,10.0,<,ms
60008,E2E Full Test Corporation 1769042473 - Research Center,2024-01-31,P1-KPI4,Network Latency,P1,27.42,10.0,<,ms
60008,E2E Full Test Corporation 1769042473 - Research Center,2024-03-01,P1-KPI4,Network Latency,P1,27.95,10.0,<,ms
60008,E2E Full Test Corporation 1769042473 - Research Center,2024-03-31,P1-KPI4,Network Latency,P1,27.94,10.0,<,ms
60008,E2E Full Test Corporation 1769042473 - Research Center,2024-04-30,P1-KPI4,Network Latency,P1,28.96,10.0,<,ms
60008,E2E Full Test Corporation 1769042473 - Research Center,2024-05-30,P1-KPI4,Network Latency,P1,28.91,10.0,<,ms
60008,E2E Full Test Corporation 1769042473 - Research Center,2024-06-29,P1-KPI4,Network Latency,P1,21.86,10.0,<,ms
60008,E2E Full Test Corporation 1769042473 - Research Center,2024-07-29,P1-KPI4,Network Latency,P1,21.0,10.0,<,ms
60008,E2E Full Test Corporation 1769042473 - Research Center,2024-08-28,P1-KPI4,Network Latency,P1,22.79,10.0,<,ms
60008,E2E Full Test Corporation 1769042473 - Research Center,2024-09-27,P1-KPI4,Network Latency,P1,21.2,10.0,<,ms
60008,E2E Full Test Corporation 1769042473 - Research Center,2024-10-27,P1-KPI4,Network Latency,P1,22.24,10.0,<,ms
60008,E2E Full Test Corporation 1769042473 - Research Center,2024-11-26,P1-KPI4,Network Latency,P1,22.6,10.0,<,ms
60008,E2E Full Test Corporation 1769042473 - Research Center,2024-01-01,P1-KPI5,Storage Performance,P1,77166.13,100000.0,>,IOPS
60008,E2E Full Test Corporation 1769042473 - Research Center,2024-01-31,P1-KPI5,Storage Performance,P1,78722.94,100000.0,>,IOPS
60008,E2E Full Test Corporation 1769042473 - Research Center,2024-03-01,P1-KPI5,Storage Performance,P1,77769.57,100000.0,>,IOPS
60008,E2E Full Test Corporation 1769042473 - Research Center,2024-03-31,P1-KPI5,Storage Performance,P1,78327.46,100000.0,>,IOPS
60008,E2E Full Test Corporation 1769042473 - Research Center,2024-04-30,P1-KPI5,Storage Performance,P1,80489.07,100000.0,>,IOPS
60008,E2E Full Test Corporation 1769042473 - Research Center,2024-05-30,P1-KPI5,Storage Performance,P1,79656.11,100000.0,>,IOPS
60008,E2E Full Test Corporation 1769042473 - Research Center,2024-06-29,P1-KPI5,Storage Performance,P1,88364.82,100000.0,>,IOPS
60008,E2E Full Test Corporation 1769042473 - Research Center,2024-07-29,P1-KPI5,Storage Performance,P1,88167.37,100000.0,>,IOPS
60008,E2E Full Test Corporation 1769042473 - Research Center,2024-08-28,P1-KPI5,Storage Performance,P1,84313.53,100000.0,>,IOPS
60008,E2E Full Test Corporation 1769042473 - Research Center,2024-09-27,P1-KPI5,Storage Performance,P1,82469.48,100000.0,>,IOPS
60008,E2E Full Test Corporation 1769042473 - Research Center,2024-10-27,P1-KPI5,Storage Performance,P1,82394.69,100000.0,>,IOPS
60008,E2E Full Test Corporation 1769042473 - Research Center,2024-11-26,P1-KPI5,Storage Performance,P1,83790.17,100000.0,>,IOPS
60008,E2E Full Test Corporation 1769042473 - Research Center,2024-01-01,P1-KPI6,Cooling Efficiency,P1,1.5,1.3,<,PUE
60008,E2E Full Test Corporation 1769042473 - Research Center,2024-01-31,P1-KPI6,Cooling Efficiency,P1,1.58,1.3,<,PUE
60008,E2E Full Test Corporation 1769042473 - Research Center,2024-03-01,P1-KPI6,Cooling Efficiency,P1,1.53,1.3,<,PUE
60008,E2E Full Test Corporation 1769042473 - Research Center,2024-03-31,P1-KPI6,Cooling Efficiency,P1,1.53,1.3,<,PUE
60008,E2E Full Test Corporation 1769042473 - Research Center,2024-04-30,P1-KPI6,Cooling Efficiency,P1,1.47,1.3,<,PUE
60008,E2E Full Test Corporation 1769042473 - Research Center,2024-05-30,P1-KPI6,Cooling Efficiency,P1,1.52,1.3,<,PUE
60008,E2E Full Test Corporation 1769042473 - Research Center,2024-06-29,P1-KPI6,Cooling Efficiency,P1,1.51,1.3,<,PUE
60008,E2E Full Test Corporation 1769042473 - Research Center,2024-07-29,P1-KPI6,Cooling Efficiency,P1,1.46,1.3,<,PUE
60008,E2E Full Test Corporation 1769042473 - Research Center,2024-08-28,P1-KPI6,Cooling Efficiency,P1,1.44,1.3,<,PUE
60008,E2E Full Test Corporation 1769042473 - Research Center,2024-09-27,P1-KPI6,Cooling Efficiency,P1,1.47,1.3,<,PUE
60008,E2E Full Test Corporation 1769042473 - Research Center,2024-10-27,P1-KPI6,Cooling Efficiency,P1,1.38,1.3,<,PUE
60008,E2E Full Test Corporation 1769042473 - Research Center,2024-11-26,P1-KPI6,Cooling Efficiency,P1,1.52,1.3,<,PUE
60008,E2E Full Test Corporation 1769042473 - Research Center,2024-01-01,P1-KPI7,Power Usage,P1,603.96,500.0,<,kW
60008,E2E Full Test Corporation 1769042473 - Research Center,2024-01-31,P1-KPI7,Power Usage,P1,608.59,500.0,<,kW
60008,E2E Full Test Corporation 1769042473 - Research Center,2024-03-01,P1-KPI7,Power Usage,P1,617.28,500.0,<,kW
60008,E2E Full Test Corporation 1769042473 - Research Center,2024-03-31,P1-KPI7,Power Usage,P1,622.12,500.0,<,kW
60008,E2E Full Test Corporation 1769042473 - Research Center,2024-04-30,P1-KPI7,Power Usage,P1,658.1,500.0,<,kW
60008,E2E Full Test Corporation 1769042473 - Research Center,2024-05-30,P1-KPI7,Power Usage,P1,615.75,500.0,<,kW
60008,E2E Full Test Corporation 1769042473 - Research Center,2024-06-29,P1-KPI7,Power Usage,P1,578.23,500.0,<,kW
60008,E2E Full Test Corporation 1769042473 - Research Center,2024-07-29,P1-KPI7,Power Usage,P1,608.39,500.0,<,kW
60008,E2E Full Test Corporation 1769042473 - Research Center,2024-08-28,P1-KPI7,Power Usage,P1,601.93,500.0,<,kW
60008,E2E Full Test Corporation 1769042473 - Research Center,2024-09-27,P1-KPI7,Power Usage,P1,573.34,500.0,<,kW
60008,E2E Full Test Corporation 1769042473 - Research Center,2024-10-27,P1-KPI7,Power Usage,P1,606.3,500.0,<,kW
60008,E2E Full Test Corporation 1769042473 - Research Center,2024-11-26,P1-KPI7,Power Usage,P1,596.43,500.0,<,kW
60008,E2E Full Test Corporation 1769042473 - Research Center,2024-01-01,P1-KPI8,Thermal Management,P1,30.19,25.0,<,°C
60008,E2E Full Test Corporation 1769042473 - Research Center,2024-01-31,P1-KPI8,Thermal Management,P1,30.03,25.0,<,°C
60008,E2E Full Test Corporation 1769042473 - Research Center,2024-03-01,P1-KPI8,Thermal Management,P1,28.16,25.0,<,°C
60008,E2E Full Test Corporation 1769042473 - Research Center,2024-03-31,P1-KPI8,Thermal Management,P1,28.14,25.0,<,°C
60008,E2E Full Test Corporation 1769042473 - Research Center,2024-04-30,P1-KPI8,Thermal Management,P1,30.79,25.0,<,°C
60008,E2E Full Test Corporation 1769042473 - Research Center,2024-05-30,P1-KPI8,Thermal Management,P1,28.93,25.0,<,°C
60008,E2E Full Test Corporation 1769042473 - Research Center,2024-06-29,P1-KPI8,Thermal Management,P1,29.11,25.0,<,°C
60008,E2E Full Test Corporation 1769042473 - Research Center,2024-07-29,P1-KPI8,Thermal Management,P1,28.42,25.0,<,°C
60008,E2E Full Test Corporation 1769042473 - Research Center,2024-08-28,P1-KPI8,Thermal Management,P1,28.91,25.0,<,°C
60008,E2E Full Test Corporation 1769042473 - Research Center,2024-09-27,P1-KPI8,Thermal Management,P1,28.32,25.0,<,°C
60008,E2E Full Test Corporation 1769042473 - Research Center,2024-10-27,P1-KPI8,Thermal Management,P1,27.61,25.0,<,°C
60008,E2E Full Test Corporation 1769042473 - Research Center,2024-11-26,P1-KPI8,Thermal Management,P1,29.11,25.0,<,°C
60008,E2E Full Test Corporation 1769042473 - Research Center,2024-01-01,P2-KPI1,SLA Compliance,P2,97.46,99.0,>,%
60008,E2E Full Test Corporation 1769042473 - Research Center,2024-01-31,P2-KPI1,SLA Compliance,P2,95.0,99.0,>,%
60008,E2E Full Test Corporation 1769042473 - Research Center,2024-03-01,P2-KPI1,SLA Compliance,P2,100.0,99.0,>,%
60008,E2E Full Test Corporation 1769042473 - Research Center,2024-03-31,P2-KPI1,SLA Compliance,P2,98.55,99.0,>,%
60008,E2E Full Test Corporation 1769042473 - Research Center,2024-04-30,P2-KPI1,SLA Compliance,P2,96.1,99.0,>,%
60008,E2E Full Test Corporation 1769042473 - Research Center,2024-05-30,P2-KPI1,SLA Compliance,P2,95.81,99.0,>,%
60008,E2E Full Test Corporation 1769042473 - Research Center,2024-06-29,P2-KPI1,SLA Compliance,P2,95.0,99.0,>,%
60008,E2E Full Test Corporation 1769042473 - Research Center,2024-07-29,P2-KPI1,SLA Compliance,P2,95.94,99.0,>,%
60008,E2E Full Test Corporation 1769042473 - Research Center,2024-08-28,P2-KPI1,SLA Compliance,P2,98.85,99.0,>,%
60008,E2E Full Test Corporation 1769042473 - Research Center,2024-09-27,P2-KPI1,SLA Compliance,P2,95.0,99.0,>,%
60008,E2E Full Test Corporation 1769042473 - Research Center,2024-10-27,P2-KPI1,SLA Compliance,P2,95.0,99.0,>,%
60008,E2E Full Test Corporation 1769042473 - Research Center,2024-11-26,P2-KPI1,SLA Compliance,P2,96.8,99.0,>,%
60008,E2E Full Test Corporation 1769042473 - Research Center,2024-01-01,P2-KPI2,Incident Response Time,P2,34.65,15.0,<,minutes
60008,E2E Full Test Corporation 1769042473 - Research Center,2024-01-31,P2-KPI2,Incident Response Time,P2,36.28,15.0,<,minutes
60008,E2E Full Test Corporation 1769042473 - Research Center,2024-03-01,P2-KPI2,Incident Response Time,P2,34.43,15.0,<,minutes
60008,E2E Full Test Corporation 1769042473 - Research Center,2024-03-31,P2-KPI2,Incident Response Time,P2,36.25,15.0,<,minutes
60008,E2E Full Test Corporation 1769042473 - Research Center,2024-04-30,P2-KPI2,Incident Response Time,P2,33.98,15.0,<,minutes
60008,E2E Full Test Corporation 1769042473 - Research Center,2024-05-30,P2-KPI2,Incident Response Time,P2,35.8,15.0,<,minutes
60008,E2E Full Test Corporation 1769042473 - Research Center,2024-06-29,P2-KPI2,Incident Response Time,P2,27.58,15.0,<,minutes
60008,E2E Full Test Corporation 1769042473 - Research Center,2024-07-29,P2-KPI2,Incident Response Time,P2,29.25,15.0,<,minutes
60008,E2E Full Test Corporation 1769042473 - Research Center,2024-08-28,P2-KPI2,Incident Response Time,P2,28.85,15.0,<,minutes
60008,E2E Full Test Corporation 1769042473 - Research Center,2024-09-27,P2-KPI2,Incident Response Time,P2,28.15,15.0,<,minutes
60008,E2E Full Test Corporation 1769042473 - Research Center,2024-10-27,P2-KPI2,Incident Response Time,P2,28.87,15.0,<,minutes
60008,E2E Full Test Corporation 1769042473 - Research Center,2024-11-26,P2-KPI2,Incident Response Time,P2,29.19,15.0,<,minutes
60008,E2E Full Test Corporation 1769042473 - Research Center,2024-01-01,P2-KPI3,Change Success Rate,P2,98.06,98.0,>,%
60008,E2E Full Test Corporation 1769042473 - Research Center,2024-01-31,P2-KPI3,Change Success Rate,P2,97.36,98.0,>,%
60008,E2E Full Test Corporation 1769042473 - Research Center,2024-03-01,P2-KPI3,Change Success Rate,P2,95.73,98.0,>,%
60008,E2E Full Test Corporation 1769042473 - Research Center,2024-03-31,P2-KPI3,Change Success Rate,P2,95.55,98.0,>,%
60008,E2E Full Test Corporation 1769042473 - Research Center,2024-04-30,P2-KPI3,Change Success Rate,P2,96.64,98.0,>,%
60008,E2E Full Test Corporation 1769042473 - Research Center,2024-05-30,P2-KPI3,Change Success Rate,P2,97.46,98.0,>,%
60008,E2E Full Test Corporation 1769042473 - Research Center,2024-06-29,P2-KPI3,Change Success Rate,P2,93.39,98.0,>,%
60008,E2E Full Test Corporation 1769042473 - Research Center,2024-07-29,P2-KPI3,Change Success Rate,P2,99.79,98.0,>,%
60008,E2E Full Test Corporation 1769042473 - Research Center,2024-08-28,P2-KPI3,Change Success Rate,P2,95.95,98.0,>,%
60008,E2E Full Test Corporation 1769042473 - Research Center,2024-09-27,P2-KPI3,Change Success Rate,P2,94.07,98.0,>,%
60008,E2E Full Test Corporation 1769042473 - Research Center,2024-10-27,P2-KPI3,Change Success Rate,P2,93.88,98.0,>,%
60008,E2E Full Test Corporation 1769042473 - Research Center,2024-11-26,P2-KPI3,Change Success Rate,P2,94.11,98.0,>,%
60008,E2E Full Test Corporation 1769042473 - Research Center,2024-01-01,P2-KPI4,Backup Success Rate,P2,95.0,100.0,>,%
60008,E2E Full Test Corporation 1769042473 - Research Center,2024-01-31,P2-KPI4,Backup Success Rate,P2,96.23,100.0,>,%
60008,E2E Full Test Corporation 1769042473 - Research Center,2024-03-01,P2-KPI4,Backup Success Rate,P2,96.05,100.0,>,%
60008,E2E Full Test Corporation 1769042473 - Research Center,2024-03-31,P2-KPI4,Backup Success Rate,P2,95.0,100.0,>,%
60008,E2E Full Test Corporation 1769042473 - Research Center,2024-04-30,P2-KPI4,Backup Success Rate,P2,97.0,100.0,>,%
60008,E2E Full Test Corporation 1769042473 - Research Center,2024-05-30,P2-KPI4,Backup Success Rate,P2,98.98,100.0,>,%
60008,E2E Full Test Corporation 1769042473 - Research Center,2024-06-29,P2-KPI4,Backup Success Rate,P2,100.0,100.0,>,%
60008,E2E Full Test Corporation 1769042473 - Research Center,2024-07-29,P2-KPI4,Backup Success Rate,P2,95.0,100.0,>,%
60008,E2E Full Test Corporation 1769042473 - Research Center,2024-08-28,P2-KPI4,Backup Success Rate,P2,97.36,100.0,>,%
60008,E2E Full Test Corporation 1769042473 - Research Center,2024-09-27,P2-KPI4,Backup Success Rate,P2,100.0,100.0,>,%
60008,E2E Full Test Corporation 1769042473 - Research Center,2024-10-27,P2-KPI4,Backup Success Rate,P2,99.66,100.0,>,%
60008,E2E Full Test Corporation 1769042473 - Research Center,2024-11-26,P2-KPI4,Backup Success Rate,P2,99.46,100.0,>,%
60008,E2E Full Test Corporation 1769042473 - Research Center,2024-01-01,P2-KPI5,Patch Compliance,P2,87.19,95.0,>,%
60008,E2E Full Test Corporation 1769042473 - Research Center,2024-01-31,P2-KPI5,Patch Compliance,P2,84.52,95.0,>,%
60008,E2E Full Test Corporation 1769042473 - Research Center,2024-03-01,P2-KPI5,Patch Compliance,P2,85.95,95.0,>,%
60008,E2E Full Test Corporation 1769042473 - Research Center,2024-03-31,P2-KPI5,Patch Compliance,P2,85.67,95.0,>,%
60008,E2E Full Test Corporation 1769042473 - Research Center,2024-04-30,P2-KPI5,Patch Compliance,P2,84.79,95.0,>,%
60008,E2E Full Test Corporation 1769042473 - Research Center,2024-05-30,P2-KPI5,Patch Compliance,P2,85.94,95.0,>,%
60008,E2E Full Test Corporation 1769042473 - Research Center,2024-06-29,P2-KPI5,Patch Compliance,P2,90.36,95.0,>,%
60008,E2E Full Test Corporation 1769042473 - Research Center,2024-07-29,P2-KPI5,Patch Compliance,P2,86.39,95.0,>,%
60008,E2E Full Test Corporation 1769042473 - Research Center,2024-08-28,P2-KPI5,Patch Compliance,P2,87.02,95.0,>,%
60008,E2E Full Test Corporation 1769042473 - Research Center,2024-09-27,P2-KPI5,Patch Compliance,P2,90.93,95.0,>,%
60008,E2E Full Test Corporation 1769042473 - Research Center,2024-10-27,P2-KPI5,Patch Compliance,P2,86.22,95.0,>,%
60008,E2E Full Test Corporation 1769042473 - Research Center,2024-11-26,P2-KPI5,Patch Compliance,P2,92.63,95.0,>,%
60008,E2E Full Test Corporation 1769042473 - Research Center,2024-01-01,P2-KPI6,Service Request Fulfillment,P2,6.12,3.0,<,days
60008,E2E Full Test Corporation 1769042473 - Research Center,2024-01-31,P2-KPI6,Service Request Fulfillment,P2,6.4,3.0,<,days
60008,E2E Full Test Corporation 1769042473 - Research Center,2024-03-01,P2-KPI6,Service Request Fulfillment,P2,6.1,3.0,<,days
60008,E2E Full Test Corporation 1769042473 - Research Center,2024-03-31,P2-KPI6,Service Request Fulfillment,P2,5.95,3.0,<,days
60008,E2E Full Test Corporation 1769042473 - Research Center,2024-04-30,P2-KPI6,Service Request Fulfillment,P2,6.42,3.0,<,days
60008,E2E Full Test Corporation 1769042473 - Research Center,2024-05-30,P2-KPI6,Service Request Fulfillment,P2,6.04,3.0,<,days
60008,E2E Full Test Corporation 1769042473 - Research Center,2024-06-29,P2-KPI6,Service Request Fulfillment,P2,5.29,3.0,<,days
60008,E2E Full Test Corporation 1769042473 - Research Center,2024-07-29,P2-KPI6,Service Request Fulfillment,P2,4.86,3.0,<,days
60008,E2E Full Test Corporation 1769042473 - Research Center,2024-08-28,P2-KPI6,Service Request Fulfillment,P2,5.18,3.0,<,days
60008,E2E Full Test Corporation 1769042473 - Research Center,2024-09-27,P2-KPI6,Service Request Fulfillment,P2,5.03,3.0,<,days
60008,E2E Full Test Corporation 1769042473 - Research Center,2024-10-27,P2-KPI6,Service Request Fulfillment,P2,5.2,3.0,<,days
60008,E2E Full Test Corporation 1769042473 - Research Center,2024-11-26,P2-KPI6,Service Request Fulfillment,P2,5.03,3.0,<,days
60008,E2E Full Test Corporation 1769042473 - Research Center,2024-01-01,P2-KPI7,Capacity Planning Accuracy,P2,81.0,90.0,>,%
60008,E2E Full Test Corporation 1769042473 - Research Center,2024-01-31,P2-KPI7,Capacity Planning Accuracy,P2,82.72,90.0,>,%
60008,E2E Full Test Corporation 1769042473 - Research Center,2024-03-01,P2-KPI7,Capacity Planning Accuracy,P2,82.55,90.0,>,%
60008,E2E Full Test Corporation 1769042473 - Research Center,2024-03-31,P2-KPI7,Capacity Planning Accuracy,P2,83.19,90.0,>,%
60008,E2E Full Test Corporation 1769042473 - Research Center,2024-04-30,P2-KPI7,Capacity Planning Accuracy,P2,83.85,90.0,>,%
60008,E2E Full Test Corporation 1769042473 - Research Center,2024-05-30,P2-KPI7,Capacity Planning Accuracy,P2,77.37,90.0,>,%
60008,E2E Full Test Corporation 1769042473 - Research Center,2024-06-29,P2-KPI7,Capacity Planning Accuracy,P2,84.0,90.0,>,%
60008,E2E Full Test Corporation 1769042473 - Research Center,2024-07-29,P2-KPI7,Capacity Planning Accuracy,P2,83.37,90.0,>,%
60008,E2E Full Test Corporation 1769042473 - Research Center,2024-08-28,P2-KPI7,Capacity Planning Accuracy,P2,82.28,90.0,>,%
60008,E2E Full Test Corporation 1769042473 - Research Center,2024-09-27,P2-KPI7,Capacity Planning Accuracy,P2,87.59,90.0,>,%
60008,E2E Full Test Corporation 1769042473 - Research Center,2024-10-27,P2-KPI7,Capacity Planning Accuracy,P2,83.57,90.0,>,%
60008,E2E Full Test Corporation 1769042473 - Research Center,2024-11-26,P2-KPI7,Capacity Planning Accuracy,P2,81.51,90.0,>,%
60008,E2E Full Test Corporation 1769042473 - Research Center,2024-01-01,P2-KPI8,Documentation Quality,P2,73.61,85.0,>,score
60008,E2E Full Test Corporation 1769042473 - Research Center,2024-01-31,P2-KPI8,Documentation Quality,P2,74.23,85.0,>,score
60008,E2E Full Test Corporation 1769042473 - Research Center,2024-03-01,P2-KPI8,Documentation Quality,P2,76.51,85.0,>,score
60008,E2E Full Test Corporation 1769042473 - Research Center,2024-03-31,P2-KPI8,Documentation Quality,P2,74.91,85.0,>,score
60008,E2E Full Test Corporation 1769042473 - Research Center,2024-04-30,P2-KPI8,Documentation Quality,P2,71.13,85.0,>,score
60008,E2E Full Test Corporation 1769042473 - Research Center,2024-05-30,P2-KPI8,Documentation Quality,P2,74.01,85.0,>,score
60008,E2E Full Test Corporation 1769042473 - Research Center,2024-06-29,P2-KPI8,Documentation Quality,P2,79.72,85.0,>,score
60008,E2E Full Test Corporation 1769042473 - Research Center,2024-07-29,P2-KPI8,Documentation Quality,P2,75.46,85.0,>,score
60008,E2E Full Test Corporation 1769042473 - Research Center,2024-08-28,P2-KPI8,Documentation Quality,P2,79.57,85.0,>,score
60008,E2E Full Test Corporation 1769042473 - Research Center,2024-09-27,P2-KPI8,Documentation Quality,P2,81.05,85.0,>,score
60008,E2E Full Test Corporation 1769042473 - Research Center,2024-10-27,P2-KPI8,Documentation Quality,P2,74.1,85.0,>,score
60008,E2E Full Test Corporation 1769042473 - Research Center,2024-11-26,P2-KPI8,Documentation Quality,P2,73.65,85.0,>,score
60008,E2E Full Test Corporation 1769042473 - Research Center,2024-01-01,P3-KPI1,CSAT Score,P3,3.75,4.5,>,score
60008,E2E Full Test Corporation 1769042473 - Research Center,2024-01-31,P3-KPI1,CSAT Score,P3,3.94,4.5,>,score
60008,E2E Full Test Corporation 1769042473 - Research Center,2024-03-01,P3-KPI1,CSAT Score,P3,3.96,4.5,>,score
60008,E2E Full Test Corporation 1769042473 - Research Center,2024-03-31,P3-KPI1,CSAT Score,P3,3.86,4.5,>,score
60008,E2E Full Test Corporation 1769042473 - Research Center,2024-04-30,P3-KPI1,CSAT Score,P3,3.88,4.5,>,score
60008,E2E Full Test Corporation 1769042473 - Research Center,2024-05-30,P3-KPI1,CSAT Score,P3,3.99,4.5,>,score
60008,E2E Full Test Corporation 1769042473 - Research Center,2024-06-29,P3-KPI1,CSAT Score,P3,3.9,4.5,>,score
60008,E2E Full Test Corporation 1769042473 - Research Center,2024-07-29,P3-KPI1,CSAT Score,P3,3.89,4.5,>,score
60008,E2E Full Test Corporation 1769042473 - Research Center,2024-08-28,P3-KPI1,CSAT Score,P3,4.23,4.5,>,score
60008,E2E Full Test Corporation 1769042473 - Research Center,2024-09-27,P3-KPI1,CSAT Score,P3,3.91,4.5,>,score
60008,E2E Full Test Corporation 1769042473 - Research Center,2024-10-27,P3-KPI1,CSAT Score,P3,4.06,4.5,>,score
60008,E2E Full Test Corporation 1769042473 - Research Center,2024-11-26,P3-KPI1,CSAT Score,P3,4.19,4.5,>,score
60008,E2E Full Test Corporation 1769042473 - Research Center,2024-01-01,P3-KPI2,Support Ticket Volume,P3,54.06,20.0,<,tickets
60008,E2E Full Test Corporation 1769042473 - Research Center,2024-01-31,P3-KPI2,Support Ticket Volume,P3,58.11,20.0,<,tickets
60008,E2E Full Test Corporation 1769042473 - Research Center,2024-03-01,P3-KPI2,Support Ticket Volume,P3,58.48,20.0,<,tickets
60008,E2E Full Test Corporation 1769042473 - Research Center,2024-03-31,P3-KPI2,Support Ticket Volume,P3,54.98,20.0,<,tickets
60008,E2E Full Test Corporation 1769042473 - Research Center,2024-04-30,P3-KPI2,Support Ticket Volume,P3,57.69,20.0,<,tickets
60008,E2E Full Test Corporation 1769042473 - Research Center,2024-05-30,P3-KPI2,Support Ticket Volume,P3,53.2,20.0,<,tickets
60008,E2E Full Test Corporation 1769042473 - Research Center,2024-06-29,P3-KPI2,Support Ticket Volume,P3,45.85,20.0,<,tickets
60008,E2E Full Test Corporation 1769042473 - Research Center,2024-07-29,P3-KPI2,Support Ticket Volume,P3,42.9,20.0,<,tickets
60008,E2E Full Test Corporation 1769042473 - Research Center,2024-08-28,P3-KPI2,Support Ticket Volume,P3,43.86,20.0,<,tickets
60008,E2E Full Test Corporation 1769042473 - Research Center,2024-09-27,P3-KPI2,Support Ticket Volume,P3,43.61,20.0,<,tickets
60008,E2E Full Test Corporation 1769042473 - Research Center,2024-10-27,P3-KPI2,Support Ticket Volume,P3,44.7,20.0,<,tickets
60008,E2E Full Test Corporation 1769042473 - Research Center,2024-11-26,P3-KPI2,Support Ticket Volume,P3,45.19,20.0,<,tickets
60008,E2E Full Test Corporation 1769042473 - Research Center,2024-01-01,P3-KPI3,First Contact Resolution,P3,61.99,75.0,>,%
60008,E2E Full Test Corporation 1769042473 - Research Center,2024-01-31,P3-KPI3,First Contact Resolution,P3,62.27,75.0,>,%
60008,E2E Full Test Corporation 1769042473 - Research Center,2024-03-01,P3-KPI3,First Contact Resolution,P3,64.82,75.0,>,%
60008,E2E Full Test Corporation 1769042473 - Research Center,2024-03-31,P3-KPI3,First Contact Resolution,P3,61.74,75.0,>,%
60008,E2E Full Test Corporation 1769042473 - Research Center,2024-04-30,P3-KPI3,First Contact Resolution,P3,62.32,75.0,>,%
60008,E2E Full Test Corporation 1769042473 - Research Center,2024-05-30,P3-KPI3,First Contact Resolution,P3,60.88,75.0,>,%
60008,E2E Full Test Corporation 1769042473 - Research Center,2024-06-29,P3-KPI3,First Contact Resolution,P3,70.08,75.0,>,%
60008,E2E Full Test Corporation 1769042473 - Research Center,2024-07-29,P3-KPI3,First Contact Resolution,P3,68.98,75.0,>,%
60008,E2E Full Test Corporation 1769042473 - Research Center,2024-08-28,P3-KPI3,First Contact Resolution,P3,69.74,75.0,>,%
60008,E2E Full Test Corporation 1769042473 - Research Center,2024-09-27,P3-KPI3,First Contact Resolution,P3,70.5,75.0,>,%
60008,E2E Full Test Corporation 1769042473 - Research Center,2024-10-27,P3-KPI3,First Contact Resolution,P3,70.69,75.0,>,%
60008,E2E Full Test Corporation 1769042473 - Research Center,2024-11-26,P3-KPI3,First Contact Resolution,P3,69.53,75.0,>,%
60008,E2E Full Test Corporation 1769042473 - Research Center,2024-01-01,P3-KPI4,Training Completion,P3,73.58,90.0,>,%
60008,E2E Full Test Corporation 1769042473 - Research Center,2024-01-31,P3-KPI4,Training Completion,P3,72.97,90.0,>,%
60008,E2E Full Test Corporation 1769042473 - Research Center,2024-03-01,P3-KPI4,Training Completion,P3,77.04,90.0,>,%
60008,E2E Full Test Corporation 1769042473 - Research Center,2024-03-31,P3-KPI4,Training Completion,P3,79.18,90.0,>,%
60008,E2E Full Test Corporation 1769042473 - Research Center,2024-04-30,P3-KPI4,Training Completion,P3,73.54,90.0,>,%
60008,E2E Full Test Corporation 1769042473 - Research Center,2024-05-30,P3-KPI4,Training Completion,P3,78.43,90.0,>,%
60008,E2E Full Test Corporation 1769042473 - Research Center,2024-06-29,P3-KPI4,Training Completion,P3,81.79,90.0,>,%
60008,E2E Full Test Corporation 1769042473 - Research Center,2024-07-29,P3-KPI4,Training Completion,P3,77.72,90.0,>,%
60008,E2E Full Test Corporation 1769042473 - Research Center,2024-08-28,P3-KPI4,Training Completion,P3,80.03,90.0,>,%
60008,E2E Full Test Corporation 1769042473 - Research Center,2024-09-27,P3-KPI4,Training Completion,P3,78.44,90.0,>,%
60008,E2E Full Test Corporation 1769042473 - Research Center,2024-10-27,P3-KPI4,Training Completion,P3,79.57,90.0,>,%
60008,E2E Full Test Corporation 1769042473 - Research Center,2024-11-26,P3-KPI4,Training Completion,P3,83.35,90.0,>,%
60008,E2E Full Test Corporation 1769042473 - Research Center,2024-01-01,P3-KPI5,User Adoption Rate,P3,64.41,80.0,>,%
60008,E2E Full Test Corporation 1769042473 - Research Center,2024-01-31,P3-KPI5,User Adoption Rate,P3,68.06,80.0,>,%
60008,E2E Full Test Corporation 1769042473 - Research Center,2024-03-01,P3-KPI5,User Adoption Rate,P3,64.75,80.0,>,%
60008,E2E Full Test Corporation 1769042473 - Research Center,2024-03-31,P3-KPI5,User Adoption Rate,P3,65.53,80.0,>,%
60008,E2E Full Test Corporation 1769042473 - Research Center,2024-04-30,P3-KPI5,User Adoption Rate,P3,64.88,80.0,>,%
60008,E2E Full Test Corporation 1769042473 - Research Center,2024-05-30,P3-KPI5,User Adoption Rate,P3,64.02,80.0,>,%
60008,E2E Full Test Corporation 1769042473 - Research Center,2024-06-29,P3-KPI5,User Adoption Rate,P3,70.84,80.0,>,%
60008,E2E Full Test Corporation 1769042473 - Research Center,2024-07-29,P3-KPI5,User Adoption Rate,P3,71.55,80.0,>,%
60008,E2E Full Test Corporation 1769042473 - Research Center,2024-08-28,P3-KPI5,User Adoption Rate,P3,73.0,80.0,>,%
60008,E2E Full Test Corporation 1769042473 - Research Center,2024-09-27,P3-KPI5,User Adoption Rate,P3,73.84,80.0,>,%
60008,E2E Full Test Corporation 1769042473 - Research Center,2024-10-27,P3-KPI5,User Adoption Rate,P3,70.76,80.0,>,%
60008,E2E Full Test Corporation 1769042473 - Research Center,2024-11-26,P3-KPI5,User Adoption Rate,P3,72.39,80.0,>,%
60008,E2E Full Test Corporation 1769042473 - Research Center,2024-01-01,P3-KPI6,Executive Engagement,P3,3.03,4.0,>,meetings/quarter
60008,E2E Full Test Corporation 1769042473 - Research Center,2024-01-31,P3-KPI6,Executive Engagement,P3,3.12,4.0,>,meetings/quarter
60008,E2E Full Test Corporation 1769042473 - Research Center,2024-03-01,P3-KPI6,Executive Engagement,P3,3.13,4.0,>,meetings/quarter
60008,E2E Full Test Corporation 1769042473 - Research Center,2024-03-31,P3-KPI6,Executive Engagement,P3,3.15,4.0,>,meetings/quarter
60008,E2E Full Test Corporation 1769042473 - Research Center,2024-04-30,P3-KPI6,Executive Engagement,P3,3.12,4.0,>,meetings/quarter
60008,E2E Full Test Corporation 1769042473 - Research Center,2024-05-30,P3-KPI6,Executive Engagement,P3,2.95,4.0,>,meetings/quarter
60008,E2E Full Test Corporation 1769042473 - Research Center,2024-06-29,P3-KPI6,Executive Engagement,P3,3.45,4.0,>,meetings/quarter
60008,E2E Full Test Corporation 1769042473 - Research Center,2024-07-29,P3-KPI6,Executive Engagement,P3,3.38,4.0,>,meetings/quarter
60008,E2E Full Test Corporation 1769042473 - Research Center,2024-08-28,P3-KPI6,Executive Engagement,P3,3.37,4.0,>,meetings/quarter
60008,E2E Full Test Corporation 1769042473 - Research Center,2024-09-27,P3-KPI6,Executive Engagement,P3,3.31,4.0,>,meetings/quarter
60008,E2E Full Test Corporation 1769042473 - Research Center,2024-10-27,P3-KPI6,Executive Engagement,P3,3.46,4.0,>,meetings/quarter
60008,E2E Full Test Corporation 1769042473 - Research Center,2024-11-26,P3-KPI6,Executive Engagement,P3,3.34,4.0,>,meetings/quarter
60008,E2E Full Test Corporation 1769042473 - Research Center,2024-01-01,P3-KPI7,Response Time SLA,P3,71.23,30.0,<,minutes
60008,E2E Full Test Corporation 1769042473 - Research Center,2024-01-31,P3-KPI7,Response Time SLA,P3,70.78,30.0,<,minutes
60008,E2E Full Test Corporation 1769042473 - Research Center,2024-03-01,P3-KPI7,Response Time SLA,P3,71.58,30.0,<,minutes
60008,E2E Full Test Corporation 1769042473 - Research Center,2024-03-31,P3-KPI7,Response Time SLA,P3,67.99,30.0,<,minutes
60008,E2E Full Test Corporation 1769042473 - Research Center,2024-04-30,P3-KPI7,Response Time SLA,P3,71.91,30.0,<,minutes
60008,E2E Full Test Corporation 1769042473 - Research Center,2024-05-30,P3-KPI7,Response Time SLA,P3,69.56,30.0,<,minutes
60008,E2E Full Test Corporation 1769042473 - Research Center,2024-06-29,P3-KPI7,Response Time SLA,P3,55.51,30.0,<,minutes
60008,E2E Full Test Corporation 1769042473 - Research Center,2024-07-29,P3-KPI7,Response Time SLA,P3,59.54,30.0,<,minutes
60008,E2E Full Test Corporation 1769042473 - Research Center,2024-08-28,P3-KPI7,Response Time SLA,P3,57.48,30.0,<,minutes
60008,E2E Full Test Corporation 1769042473 - Research Center,2024-09-27,P3-KPI7,Response Time SLA,P3,59.26,30.0,<,minutes
60008,E2E Full Test Corporation 1769042473 - Research Center,2024-10-27,P3-KPI7,Response Time SLA,P3,58.02,30.0,<,minutes
60008,E2E Full Test Corporation 1769042473 - Research Center,2024-11-26,P3-KPI7,Response Time SLA,P3,54.24,30.0,<,minutes
60008,E2E Full Test Corporation 1769042473 - Research Center,2024-01-01,P4-KPI1,ROI Achievement,P4,133.06,150.0,>,%
60008,E2E Full Test Corporation 1769042473 - Research Center,2024-01-31,P4-KPI1,ROI Achievement,P4,133.74,150.0,>,%
60008,E2E Full Test Corporation 1769042473 - Research Center,2024-03-01,P4-KPI1,ROI Achievement,P4,131.69,150.0,>,%
60008,E2E Full Test Corporation 1769042473 - Research Center,2024-03-31,P4-KPI1,ROI Achievement,P4,126.82,150.0,>,%
60008,E2E Full Test Corporation 1769042473 - Research Center,2024-04-30,P4-KPI1,ROI Achievement,P4,130.09,150.0,>,%
60008,E2E Full Test Corporation 1769042473 - Research Center,2024-05-30,P4-KPI1,ROI Achievement,P4,131.5,150.0,>,%
60008,E2E Full Test Corporation 1769042473 - Research Center,2024-06-29,P4-KPI1,ROI Achievement,P4,135.32,150.0,>,%
60008,E2E Full Test Corporation 1769042473 - Research Center,2024-07-29,P4-KPI1,ROI Achievement,P4,130.46,150.0,>,%
60008,E2E Full Test Corporation 1769042473 - Research Center,2024-08-28,P4-KPI1,ROI Achievement,P4,139.91,150.0,>,%
60008,E2E Full Test Corporation 1769042473 - Research Center,2024-09-27,P4-KPI1,ROI Achievement,P4,135.43,150.0,>,%
60008,E2E Full Test Corporation 1769042473 - Research Center,2024-10-27,P4-KPI1,ROI Achievement,P4,130.07,150.0,>,%
60008,E2E Full Test Corporation 1769042473 - Research Center,2024-11-26,P4-KPI1,ROI Achievement,P4,131.42,150.0,>,%
60008,E2E Full Test Corporation 1769042473 - Research Center,2024-01-01,P4-KPI2,Cost Reduction,P4,10.86,20.0,>,%
60008,E2E Full Test Corporation 1769042473 - Research Center,2024-01-31,P4-KPI2,Cost Reduction,P4,11.15,20.0,>,%
60008,E2E Full Test Corporation 1769042473 - Research Center,2024-03-01,P4-KPI2,Cost Reduction,P4,10.93,20.0,>,%
60008,E2E Full Test Corporation 1769042473 - Research Center,2024-03-31,P4-KPI2,Cost Reduction,P4,10.51,20.0,>,%
60008,E2E Full Test Corporation 1769042473 - Research Center,2024-04-30,P4-KPI2,Cost Reduction,P4,10.55,20.0,>,%
60008,E2E Full Test Corporation 1769042473 - Research Center,2024-05-30,P4-KPI2,Cost Reduction,P4,11.38,20.0,>,%
60008,E2E Full Test Corporation 1769042473 - Research Center,2024-06-29,P4-KPI2,Cost Reduction,P4,13.35,20.0,>,%
60008,E2E Full Test Corporation 1769042473 - Research Center,2024-07-29,P4-KPI2,Cost Reduction,P4,14.53,20.0,>,%
60008,E2E Full Test Corporation 1769042473 - Research Center,2024-08-28,P4-KPI2,Cost Reduction,P4,13.98,20.0,>,%
60008,E2E Full Test Corporation 1769042473 - Research Center,2024-09-27,P4-KPI2,Cost Reduction,P4,14.38,20.0,>,%
60008,E2E Full Test Corporation 1769042473 - Research Center,2024-10-27,P4-KPI2,Cost Reduction,P4,13.52,20.0,>,%
60008,E2E Full Test Corporation 1769042473 - Research Center,2024-11-26,P4-KPI2,Cost Reduction,P4,14.58,20.0,>,%
60008,E2E Full Test Corporation 1769042473 - Research Center,2024-01-01,P4-KPI3,Time to Value,P4,124.49,90.0,<,days
60008,E2E Full Test Corporation 1769042473 - Research Center,2024-01-31,P4-KPI3,Time to Value,P4,126.73,90.0,<,days
60008,E2E Full Test Corporation 1769042473 - Research Center,2024-03-01,P4-KPI3,Time to Value,P4,127.21,90.0,<,days
60008,E2E Full Test Corporation 1769042473 - Research Center,2024-03-31,P4-KPI3,Time to Value,P4,124.92,90.0,<,days
60008,E2E Full Test Corporation 1769042473 - Research Center,2024-04-30,P4-KPI3,Time to Value,P4,131.87,90.0,<,days
60008,E2E Full Test Corporation 1769042473 - Research Center,2024-05-30,P4-KPI3,Time to Value,P4,126.31,90.0,<,days
60008,E2E Full Test Corporation 1769042473 - Research Center,2024-06-29,P4-KPI3,Time to Value,P4,119.28,90.0,<,days
60008,E2E Full Test Corporation 1769042473 - Research Center,2024-07-29,P4-KPI3,Time to Value,P4,111.77,90.0,<,days
60008,E2E Full Test Corporation 1769042473 - Research Center,2024-08-28,P4-KPI3,Time to Value,P4,112.0,90.0,<,days
60008,E2E Full Test Corporation 1769042473 - Research Center,2024-09-27,P4-KPI3,Time to Value,P4,120.98,90.0,<,days
60008,E2E Full Test Corporation 1769042473 - Research Center,2024-10-27,P4-KPI3,Time to Value,P4,111.43,90.0,<,days
60008,E2E Full Test Corporation 1769042473 - Research Center,2024-11-26,P4-KPI3,Time to Value,P4,121.51,90.0,<,days
60008,E2E Full Test Corporation 1769042473 - Research Center,2024-01-01,P4-KPI4,Revenue Enablement,P4,3.35,5.0,>,$M
60008,E2E Full Test Corporation 1769042473 - Research Center,2024-01-31,P4-KPI4,Revenue Enablement,P4,3.17,5.0,>,$M
60008,E2E Full Test Corporation 1769042473 - Research Center,2024-03-01,P4-KPI4,Revenue Enablement,P4,3.16,5.0,>,$M
60008,E2E Full Test Corporation 1769042473 - Research Center,2024-03-31,P4-KPI4,Revenue Enablement,P4,3.23,5.0,>,$M
60008,E2E Full Test Corporation 1769042473 - Research Center,2024-04-30,P4-KPI4,Revenue Enablement,P4,3.15,5.0,>,$M
60008,E2E Full Test Corporation 1769042473 - Research Center,2024-05-30,P4-KPI4,Revenue Enablement,P4,3.29,5.0,>,$M
60008,E2E Full Test Corporation 1769042473 - Research Center,2024-06-29,P4-KPI4,Revenue Enablement,P4,3.75,5.0,>,$M
60008,E2E Full Test Corporation 1769042473 - Research Center,2024-07-29,P4-KPI4,Revenue Enablement,P4,3.98,5.0,>,$M
60008,E2E Full Test Corporation 1769042473 - Research Center,2024-08-28,P4-KPI4,Revenue Enablement,P4,3.85,5.0,>,$M
60008,E2E Full Test Corporation 1769042473 - Research Center,2024-09-27,P4-KPI4,Revenue Enablement,P4,3.99,5.0,>,$M
60008,E2E Full Test Corporation 1769042473 - Research Center,2024-10-27,P4-KPI4,Revenue Enablement,P4,3.75,5.0,>,$M
60008,E2E Full Test Corporation 1769042473 - Research Center,2024-11-26,P4-KPI4,Revenue Enablement,P4,3.82,5.0,>,$M
60008,E2E Full Test Corporation 1769042473 - Research Center,2024-01-01,P4-KPI5,Operational Efficiency,P4,76.89,85.0,>,%
60008,E2E Full Test Corporation 1769042473 - Research Center,2024-01-31,P4-KPI5,Operational Efficiency,P4,76.55,85.0,>,%
60008,E2E Full Test Corporation 1769042473 - Research Center,2024-03-01,P4-KPI5,Operational Efficiency,P4,72.29,85.0,>,%
60008,E2E Full Test Corporation 1769042473 - Research Center,2024-03-31,P4-KPI5,Operational Efficiency,P4,75.72,85.0,>,%
60008,E2E Full Test Corporation 1769042473 - Research Center,2024-04-30,P4-KPI5,Operational Efficiency,P4,71.11,85.0,>,%
60008,E2E Full Test Corporation 1769042473 - Research Center,2024-05-30,P4-KPI5,Operational Efficiency,P4,73.53,85.0,>,%
60008,E2E Full Test Corporation 1769042473 - Research Center,2024-06-29,P4-KPI5,Operational Efficiency,P4,77.85,85.0,>,%
60008,E2E Full Test Corporation 1769042473 - Research Center,2024-07-29,P4-KPI5,Operational Efficiency,P4,78.29,85.0,>,%
60008,E2E Full Test Corporation 1769042473 - Research Center,2024-08-28,P4-KPI5,Operational Efficiency,P4,77.35,85.0,>,%
60008,E2E Full Test Corporation 1769042473 - Research Center,2024-09-27,P4-KPI5,Operational Efficiency,P4,73.77,85.0,>,%
60008,E2E Full Test Corporation 1769042473 - Research Center,2024-10-27,P4-KPI5,Operational Efficiency,P4,81.21,85.0,>,%
60008,E2E Full Test Corporation 1769042473 - Research Center,2024-11-26,P4-KPI5,Operational Efficiency,P4,78.19,85.0,>,%
60008,E2E Full Test Corporation 1769042473 - Research Center,2024-01-01,P4-KPI6,Innovation Projects,P4,2.16,3.0,>,count
60008,E2E Full Test Corporation 1769042473 - Research Center,2024-01-31,P4-KPI6,Innovation Projects,P4,2.09,3.0,>,count
60008,E2E Full Test Corporation 1769042473 - Research Center,2024-03-01,P4-KPI6,Innovation Projects,P4,2.01,3.0,>,count
60008,E2E Full Test Corporation 1769042473 - Research Center,2024-03-31,P4-KPI6,Innovation Projects,P4,2.15,3.0,>,count
60008,E2E Full Test Corporation 1769042473 - Research Center,2024-04-30,P4-KPI6,Innovation Projects,P4,2.11,3.0,>,count
60008,E2E Full Test Corporation 1769042473 - Research Center,2024-05-30,P4-KPI6,Innovation Projects,P4,2.03,3.0,>,count
60008,E2E Full Test Corporation 1769042473 - Research Center,2024-06-29,P4-KPI6,Innovation Projects,P4,2.41,3.0,>,count
60008,E2E Full Test Corporation 1769042473 - Research Center,2024-07-29,P4-KPI6,Innovation Projects,P4,2.31,3.0,>,count
60008,E2E Full Test Corporation 1769042473 - Research Center,2024-08-28,P4-KPI6,Innovation Projects,P4,2.29,3.0,>,count
60008,E2E Full Test Corporation 1769042473 - Research Center,2024-09-27,P4-KPI6,Innovation Projects,P4,2.4,3.0,>,count
60008,E2E Full Test Corporation 1769042473 - Research Center,2024-10-27,P4-KPI6,Innovation Projects,P4,2.43,3.0,>,count
60008,E2E Full Test Corporation 1769042473 - Research Center,2024-11-26,P4-KPI6,Innovation Projects,P4,2.31,3.0,>,count
60008,E2E Full Test Corporation 1769042473 - Research Center,2024-01-01,P4-KPI7,Business Case Validation,P4,81.86,90.0,>,%
60008,E2E Full Test Corporation 1769042473 - Research Center,2024-01-31,P4-KPI7,Business Case Validation,P4,82.82,90.0,>,%
60008,E2E Full Test Corporation 1769042473 - Research Center,2024-03-01,P4-KPI7,Business Case Validation,P4,83.59,90.0,>,%
60008,E2E Full Test Corporation 1769042473 - Research Center,2024-03-31,P4-KPI7,Business Case Validation,P4,79.69,90.0,>,%
60008,E2E Full Test Corporation 1769042473 - Research Center,2024-04-30,P4-KPI7,Business Case Validation,P4,82.27,90.0,>,%
60008,E2E Full Test Corporation 1769042473 - Research Center,2024-05-30,P4-KPI7,Business Case Validation,P4,78.54,90.0,>,%
60008,E2E Full Test Corporation 1769042473 - Research Center,2024-06-29,P4-KPI7,Business Case Validation,P4,82.94,90.0,>,%
60008,E2E Full Test Corporation 1769042473 - Research Center,2024-07-29,P4-KPI7,Business Case Validation,P4,80.22,90.0,>,%
60008,E2E Full Test Corporation 1769042473 - Research Center,2024-08-28,P4-KPI7,Business Case Validation,P4,86.99,90.0,>,%
60008,E2E Full Test Corporation 1769042473 - Research Center,2024-09-27,P4-KPI7,Business Case Validation,P4,83.84,90.0,>,%
60008,E2E Full Test Corporation 1769042473 - Research Center,2024-10-27,P4-KPI7,Business Case Validation,P4,81.33,90.0,>,%
60008,E2E Full Test Corporation 1769042473 - Research Center,2024-11-26,P4-KPI7,Business Case Validation,P4,87.03,90.0,>,%
60008,E2E Full Test Corporation 1769042473 - Research Center,2024-01-01,P5-KPI1,Executive Sponsorship,P5,3.9,4.5,>,score
60008,E2E Full Test Corporation 1769042473 - Research Center,2024-01-31,P5-KPI1,Executive Sponsorship,P5,3.84,4.5,>,score
60008,E2E Full Test Corporation 1769042473 - Research Center,2024-03-01,P5-KPI1,Executive Sponsorship,P5,3.83,4.5,>,score
60008,E2E Full Test Corporation 1769042473 - Research Center,2024-03-31,P5-KPI1,Executive Sponsorship,P5,3.8,4.5,>,score
60008,E2E Full Test Corporation 1769042473 - Research Center,2024-04-30,P5-KPI1,Executive Sponsorship,P5,3.87,4.5,>,score
60008,E2E Full Test Corporation 1769042473 - Research Center,2024-05-30,P5-KPI1,Executive Sponsorship,P5,3.93,4.5,>,score
60008,E2E Full Test Corporation 1769042473 - Research Center,2024-06-29,P5-KPI1,Executive Sponsorship,P5,3.95,4.5,>,score
60008,E2E Full Test Corporation 1769042473 - Research Center,2024-07-29,P5-KPI1,Executive Sponsorship,P5,4.07,4.5,>,score
60008,E2E Full Test Corporation 1769042473 - Research Center,2024-08-28,P5-KPI1,Executive Sponsorship,P5,4.18,4.5,>,score
60008,E2E Full Test Corporation 1769042473 - Research Center,2024-09-27,P5-KPI1,Executive Sponsorship,P5,4.02,4.5,>,score
60008,E2E Full Test Corporation 1769042473 - Research Center,2024-10-27,P5-KPI1,Executive Sponsorship,P5,3.98,4.5,>,score
60008,E2E Full Test Corporation 1769042473 - Research Center,2024-11-26,P5-KPI1,Executive Sponsorship,P5,4.01,4.5,>,score
60008,E2E Full Test Corporation 1769042473 - Research Center,2024-01-01,P5-KPI2,Renewal Likelihood,P5,80.03,95.0,>,%
60008,E2E Full Test Corporation 1769042473 - Research Center,2024-01-31,P5-KPI2,Renewal Likelihood,P5,81.23,95.0,>,%
60008,E2E Full Test Corporation 1769042473 - Research Center,2024-03-01,P5-KPI2,Renewal Likelihood,P5,87.31,95.0,>,%
60008,E2E Full Test Corporation 1769042473 - Research Center,2024-03-31,P5-KPI2,Renewal Likelihood,P5,87.92,95.0,>,%
60008,E2E Full Test Corporation 1769042473 - Research Center,2024-04-30,P5-KPI2,Renewal Likelihood,P5,81.75,95.0,>,%
60008,E2E Full Test Corporation 1769042473 - Research Center,2024-05-30,P5-KPI2,Renewal Likelihood,P5,85.43,95.0,>,%
60008,E2E Full Test Corporation 1769042473 - Research Center,2024-06-29,P5-KPI2,Renewal Likelihood,P5,87.26,95.0,>,%
60008,E2E Full Test Corporation 1769042473 - Research Center,2024-07-29,P5-KPI2,Renewal Likelihood,P5,85.53,95.0,>,%
60008,E2E Full Test Corporation 1769042473 - Research Center,2024-08-28,P5-KPI2,Renewal Likelihood,P5,86.96,95.0,>,%
60008,E2E Full Test Corporation 1769042473 - Research Center,2024-09-27,P5-KPI2,Renewal Likelihood,P5,89.26,95.0,>,%
60008,E2E Full Test Corporation 1769042473 - Research Center,2024-10-27,P5-KPI2,Renewal Likelihood,P5,83.85,95.0,>,%
60008,E2E Full Test Corporation 1769042473 - Research Center,2024-11-26,P5-KPI2,Renewal Likelihood,P5,86.64,95.0,>,%
60008,E2E Full Test Corporation 1769042473 - Research Center,2024-01-01,P5-KPI3,Expansion Pipeline,P5,1.39,2.0,>,$M
60008,E2E Full Test Corporation 1769042473 - Research Center,2024-01-31,P5-KPI3,Expansion Pipeline,P5,1.38,2.0,>,$M
60008,E2E Full Test Corporation 1769042473 - Research Center,2024-03-01,P5-KPI3,Expansion Pipeline,P5,1.32,2.0,>,$M
60008,E2E Full Test Corporation 1769042473 - Research Center,2024-03-31,P5-KPI3,Expansion Pipeline,P5,1.35,2.0,>,$M
60008,E2E Full Test Corporation 1769042473 - Research Center,2024-04-30,P5-KPI3,Expansion Pipeline,P5,1.36,2.0,>,$M
60008,E2E Full Test Corporation 1769042473 - Research Center,2024-05-30,P5-KPI3,Expansion Pipeline,P5,1.35,2.0,>,$M
60008,E2E Full Test Corporation 1769042473 - Research Center,2024-06-29,P5-KPI3,Expansion Pipeline,P5,1.56,2.0,>,$M
60008,E2E Full Test Corporation 1769042473 - Research Center,2024-07-29,P5-KPI3,Expansion Pipeline,P5,1.49,2.0,>,$M
60008,E2E Full Test Corporation 1769042473 - Research Center,2024-08-28,P5-KPI3,Expansion Pipeline,P5,1.54,2.0,>,$M
60008,E2E Full Test Corporation 1769042473 - Research Center,2024-09-27,P5-KPI3,Expansion Pipeline,P5,1.59,2.0,>,$M
60008,E2E Full Test Corporation 1769042473 - Research Center,2024-10-27,P5-KPI3,Expansion Pipeline,P5,1.49,2.0,>,$M
60008,E2E Full Test Corporation 1769042473 - Research Center,2024-11-26,P5-KPI3,Expansion Pipeline,P5,1.54,2.0,>,$M
60008,E2E Full Test Corporation 1769042473 - Research Center,2024-01-01,P5-KPI4,Reference Willingness,P5,2.95,4.0,>,score
60008,E2E Full Test Corporation 1769042473 - Research Center,2024-01-31,P5-KPI4,Reference Willingness,P5,3.18,4.0,>,score
60008,E2E Full Test Corporation 1769042473 - Research Center,2024-03-01,P5-KPI4,Reference Willingness,P5,3.11,4.0,>,score
60008,E2E Full Test Corporation 1769042473 - Research Center,2024-03-31,P5-KPI4,Reference Willingness,P5,3.11,4.0,>,score
60008,E2E Full Test Corporation 1769042473 - Research Center,2024-04-30,P5-KPI4,Reference Willingness,P5,3.15,4.0,>,score
60008,E2E Full Test Corporation 1769042473 - Research Center,2024-05-30,P5-KPI4,Reference Willingness,P5,3.21,4.0,>,score
60008,E2E Full Test Corporation 1769042473 - Research Center,2024-06-29,P5-KPI4,Reference Willingness,P5,3.39,4.0,>,score
60008,E2E Full Test Corporation 1769042473 - Research Center,2024-07-29,P5-KPI4,Reference Willingness,P5,3.53,4.0,>,score
60008,E2E Full Test Corporation 1769042473 - Research Center,2024-08-28,P5-KPI4,Reference Willingness,P5,3.42,4.0,>,score
60008,E2E Full Test Corporation 1769042473 - Research Center,2024-09-27,P5-KPI4,Reference Willingness,P5,3.29,4.0,>,score
60008,E2E Full Test Corporation 1769042473 - Research Center,2024-10-27,P5-KPI4,Reference Willingness,P5,3.48,4.0,>,score
60008,E2E Full Test Corporation 1769042473 - Research Center,2024-11-26,P5-KPI4,Reference Willingness,P5,3.48,4.0,>,score
60008,E2E Full Test Corporation 1769042473 - Research Center,2024-01-01,P5-KPI5,Strategic Alignment,P5,73.86,85.0,>,score
60008,E2E Full Test Corporation 1769042473 - Research Center,2024-01-31,P5-KPI5,Strategic Alignment,P5,74.24,85.0,>,score
60008,E2E Full Test Corporation 1769042473 - Research Center,2024-03-01,P5-KPI5,Strategic Alignment,P5,70.09,85.0,>,score
60008,E2E Full Test Corporation 1769042473 - Research Center,2024-03-31,P5-KPI5,Strategic Alignment,P5,71.88,85.0,>,score
60008,E2E Full Test Corporation 1769042473 - Research Center,2024-04-30,P5-KPI5,Strategic Alignment,P5,76.8,85.0,>,score
60008,E2E Full Test Corporation 1769042473 - Research Center,2024-05-30,P5-KPI5,Strategic Alignment,P5,73.48,85.0,>,score
60008,E2E Full Test Corporation 1769042473 - Research Center,2024-06-29,P5-KPI5,Strategic Alignment,P5,78.22,85.0,>,score
60008,E2E Full Test Corporation 1769042473 - Research Center,2024-07-29,P5-KPI5,Strategic Alignment,P5,78.14,85.0,>,score
60008,E2E Full Test Corporation 1769042473 - Research Center,2024-08-28,P5-KPI5,Strategic Alignment,P5,81.02,85.0,>,score
60008,E2E Full Test Corporation 1769042473 - Research Center,2024-09-27,P5-KPI5,Strategic Alignment,P5,78.7,85.0,>,score
60008,E2E Full Test Corporation 1769042473 - Research Center,2024-10-27,P5-KPI5,Strategic Alignment,P5,75.53,85.0,>,score
60008,E2E Full Test Corporation 1769042473 - Research Center,2024-11-26,P5-KPI5,Strategic Alignment,P5,76.53,85.0,>,score
60008,E2E Full Test Corporation 1769042473 - Research Center,2024-01-01,P5-KPI6,Partnership Depth,P5,67.68,80.0,>,score
60008,E2E Full Test Corporation 1769042473 - Research Center,2024-01-31,P5-KPI6,Partnership Depth,P5,63.71,80.0,>,score
60008,E2E Full Test Corporation 1769042473 - Research Center,2024-03-01,P5-KPI6,Partnership Depth,P5,69.14,80.0,>,score
60008,E2E Full Test Corporation 1769042473 - Research Center,2024-03-31,P5-KPI6,Partnership Depth,P5,63.83,80.0,>,score
60008,E2E Full Test Corporation 1769042473 - Research Center,2024-04-30,P5-KPI6,Partnership Depth,P5,67.34,80.0,>,score
60008,E2E Full Test Corporation 1769042473 - Research Center,2024-05-30,P5-KPI6,Partnership Depth,P5,64.73,80.0,>,score
60008,E2E Full Test Corporation 1769042473 - Research Center,2024-06-29,P5-KPI6,Partnership Depth,P5,73.88,80.0,>,score
60008,E2E Full Test Corporation 1769042473 - Research Center,2024-07-29,P5-KPI6,Partnership Depth,P5,71.84,80.0,>,score
60008,E2E Full Test Corporation 1769042473 - Research Center,2024-08-28,P5-KPI6,Partnership Depth,P5,68.82,80.0,>,score
60008,E2E Full Test Corporation 1769042473 - Research Center,2024-09-27,P5-KPI6,Partnership Depth,P5,69.29,80.0,>,score
60008,E2E Full Test Corporation 1769042473 - Research Center,2024-10-27,P5-KPI6,Partnership Depth,P5,68.98,80.0,>,score
60008,E2E Full Test Corporation 1769042473 - Research Center,2024-11-26,P5-KPI6,Partnership Depth,P5,73.71,80.0,>,score
60008,E2E Full Test Corporation 1769042473 - Research Center,2024-01-01,P5-KPI7,NPS Score,P5,55.52,70.0,>,score
60008,E2E Full Test Corporation 1769042473 - Research Center,2024-01-31,P5-KPI7,NPS Score,P5,56.21,70.0,>,score
60008,E2E Full Test Corporation 1769042473 - Research Center,2024-03-01,P5-KPI7,NPS Score,P5,55.22,70.0,>,score
60008,E2E Full Test Corporation 1769042473 - Research Center,2024-03-31,P5-KPI7,NPS Score,P5,56.08,70.0,>,score
60008,E2E Full Test Corporation 1769042473 - Research Center,2024-04-30,P5-KPI7,NPS Score,P5,57.71,70.0,>,score
60008,E2E Full Test Corporation 1769042473 - Research Center,2024-05-30,P5-KPI7,NPS Score,P5,57.01,70.0,>,score
60008,E2E Full Test Corporation 1769042473 - Research Center,2024-06-29,P5-KPI7,NPS Score,P5,58.68,70.0,>,score
60008,E2E Full Test Corporation 1769042473 - Research Center,2024-07-29,P5-KPI7,NPS Score,P5,63.15,70.0,>,score
60008,E2E Full Test Corporation 1769042473 - Research Center,2024-08-28,P5-KPI7,NPS Score,P5,62.13,70.0,>,score
60008,E2E Full Test Corporation 1769042473 - Research Center,2024-09-27,P5-KPI7,NPS Score,P5,63.41,70.0,>,score
60008,E2E Full Test Corporation 1769042473 - Research Center,2024-10-27,P5-KPI7,NPS Score,P5,61.87,70.0,>,score
60008,E2E Full Test Corporation 1769042473 - Research Center,2024-11-26,P5-KPI7,NPS Score,P5,59.85,70.0,>,score
60009,E2E Full Test Corporation 1769042473 - Data Center West,2024-01-01,P1-KPI1,System Uptime,P1,98.0,99.9,>,%
60009,E2E Full Test Corporation 1769042473 - Data Center West,2024-01-31,P1-KPI1,System Uptime,P1,99.28,99.9,>,%
60009,E2E Full Test Corporation 1769042473 - Data Center West,2024-03-01,P1-KPI1,System Uptime,P1,98.0,99.9,>,%
60009,E2E Full Test Corporation 1769042473 - Data Center West,2024-03-31,P1-KPI1,System Uptime,P1,100.0,99.9,>,%
60009,E2E Full Test Corporation 1769042473 - Data Center West,2024-04-30,P1-KPI1,System Uptime,P1,98.0,99.9,>,%
60009,E2E Full Test Corporation 1769042473 - Data Center West,2024-05-30,P1-KPI1,System Uptime,P1,100.0,99.9,>,%
60009,E2E Full Test Corporation 1769042473 - Data Center West,2024-06-29,P1-KPI1,System Uptime,P1,100.0,99.9,>,%
60009,E2E Full Test Corporation 1769042473 - Data Center West,2024-07-29,P1-KPI1,System Uptime,P1,100.0,99.9,>,%
60009,E2E Full Test Corporation 1769042473 - Data Center West,2024-08-28,P1-KPI1,System Uptime,P1,98.0,99.9,>,%
60009,E2E Full Test Corporation 1769042473 - Data Center West,2024-09-27,P1-KPI1,System Uptime,P1,100.0,99.9,>,%
60009,E2E Full Test Corporation 1769042473 - Data Center West,2024-10-27,P1-KPI1,System Uptime,P1,100.0,99.9,>,%
60009,E2E Full Test Corporation 1769042473 - Data Center West,2024-11-26,P1-KPI1,System Uptime,P1,99.44,99.9,>,%
60009,E2E Full Test Corporation 1769042473 - Data Center West,2024-01-01,P1-KPI2,Mean Time to Resolution,P1,4.55,2.0,<,hours
60009,E2E Full Test Corporation 1769042473 - Data Center West,2024-01-31,P1-KPI2,Mean Time to Resolution,P1,4.69,2.0,<,hours
60009,E2E Full Test Corporation 1769042473 - Data Center West,2024-03-01,P1-KPI2,Mean Time to Resolution,P1,4.51,2.0,<,hours
60009,E2E Full Test Corporation 1769042473 - Data Center West,2024-03-31,P1-KPI2,Mean Time to Resolution,P1,4.69,2.0,<,hours
60009,E2E Full Test Corporation 1769042473 - Data Center West,2024-04-30,P1-KPI2,Mean Time to Resolution,P1,4.47,2.0,<,hours
60009,E2E Full Test Corporation 1769042473 - Data Center West,2024-05-30,P1-KPI2,Mean Time to Resolution,P1,4.74,2.0,<,hours
60009,E2E Full Test Corporation 1769042473 - Data Center West,2024-06-29,P1-KPI2,Mean Time to Resolution,P1,3.82,2.0,<,hours
60009,E2E Full Test Corporation 1769042473 - Data Center West,2024-07-29,P1-KPI2,Mean Time to Resolution,P1,3.79,2.0,<,hours
60009,E2E Full Test Corporation 1769042473 - Data Center West,2024-08-28,P1-KPI2,Mean Time to Resolution,P1,3.67,2.0,<,hours
60009,E2E Full Test Corporation 1769042473 - Data Center West,2024-09-27,P1-KPI2,Mean Time to Resolution,P1,3.97,2.0,<,hours
60009,E2E Full Test Corporation 1769042473 - Data Center West,2024-10-27,P1-KPI2,Mean Time to Resolution,P1,3.81,2.0,<,hours
60009,E2E Full Test Corporation 1769042473 - Data Center West,2024-11-26,P1-KPI2,Mean Time to Resolution,P1,2.83,2.0,<,hours
60009,E2E Full Test Corporation 1769042473 - Data Center West,2024-01-01,P1-KPI3,GPU Utilization,P1,75.09,85.0,>,%
60009,E2E Full Test Corporation 1769042473 - Data Center West,2024-01-31,P1-KPI3,GPU Utilization,P1,74.89,85.0,>,%
60009,E2E Full Test Corporation 1769042473 - Data Center West,2024-03-01,P1-KPI3,GPU Utilization,P1,76.87,85.0,>,%
60009,E2E Full Test Corporation 1769042473 - Data Center West,2024-03-31,P1-KPI3,GPU Utilization,P1,72.62,85.0,>,%
60009,E2E Full Test Corporation 1769042473 - Data Center West,2024-04-30,P1-KPI3,GPU Utilization,P1,74.14,85.0,>,%
60009,E2E Full Test Corporation 1769042473 - Data Center West,2024-05-30,P1-KPI3,GPU Utilization,P1,73.54,85.0,>,%
60009,E2E Full Test Corporation 1769042473 - Data Center West,2024-06-29,P1-KPI3,GPU Utilization,P1,79.76,85.0,>,%
60009,E2E Full Test Corporation 1769042473 - Data Center West,2024-07-29,P1-KPI3,GPU Utilization,P1,77.9,85.0,>,%
60009,E2E Full Test Corporation 1769042473 - Data Center West,2024-08-28,P1-KPI3,GPU Utilization,P1,81.13,85.0,>,%
60009,E2E Full Test Corporation 1769042473 - Data Center West,2024-09-27,P1-KPI3,GPU Utilization,P1,76.88,85.0,>,%
60009,E2E Full Test Corporation 1769042473 - Data Center West,2024-10-27,P1-KPI3,GPU Utilization,P1,78.43,85.0,>,%
60009,E2E Full Test Corporation 1769042473 - Data Center West,2024-11-26,P1-KPI3,GPU Utilization,P1,80.63,85.0,>,%
60009,E2E Full Test Corporation 1769042473 - Data Center West,2024-01-01,P1-KPI4,Network Latency,P1,27.49,10.0,<,ms
60009,E2E Full Test Corporation 1769042473 - Data Center West,2024-01-31,P1-KPI4,Network Latency,P1,29.34,10.0,<,ms
60009,E2E Full Test Corporation 1769042473 - Data Center West,2024-03-01,P1-KPI4,Network Latency,P1,28.2,10.0,<,ms
60009,E2E Full Test Corporation 1769042473 - Data Center West,2024-03-31,P1-KPI4,Network Latency,P1,27.13,10.0,<,ms
60009,E2E Full Test Corporation 1769042473 - Data Center West,2024-04-30,P1-KPI4,Network Latency,P1,28.07,10.0,<,ms
60009,E2E Full Test Corporation 1769042473 - Data Center West,2024-05-30,P1-KPI4,Network Latency,P1,29.39,10.0,<,ms
60009,E2E Full Test Corporation 1769042473 - Data Center West,2024-06-29,P1-KPI4,Network Latency,P1,22.94,10.0,<,ms
60009,E2E Full Test Corporation 1769042473 - Data Center West,2024-07-29,P1-KPI4,Network Latency,P1,22.88,10.0,<,ms
60009,E2E Full Test Corporation 1769042473 - Data Center West,2024-08-28,P1-KPI4,Network Latency,P1,23.1,10.0,<,ms
60009,E2E Full Test Corporation 1769042473 - Data Center West,2024-09-27,P1-KPI4,Network Latency,P1,21.16,10.0,<,ms
60009,E2E Full Test Corporation 1769042473 - Data Center West,2024-10-27,P1-KPI4,Network Latency,P1,22.16,10.0,<,ms
60009,E2E Full Test Corporation 1769042473 - Data Center West,2024-11-26,P1-KPI4,Network Latency,P1,15.56,10.0,<,ms
60009,E2E Full Test Corporation 1769042473 - Data Center West,2024-01-01,P1-KPI5,Storage Performance,P1,75679.46,100000.0,>,IOPS
60009,E2E Full Test Corporation 1769042473 - Data Center West,2024-01-31,P1-KPI5,Storage Performance,P1,77138.28,100000.0,>,IOPS
60009,E2E Full Test Corporation 1769042473 - Data Center West,2024-03-01,P1-KPI5,Storage Performance,P1,78917.89,100000.0,>,IOPS
60009,E2E Full Test Corporation 1769042473 - Data Center West,2024-03-31,P1-KPI5,Storage Performance,P1,81332.0,100000.0,>,IOPS
60009,E2E Full Test Corporation 1769042473 - Data Center West,2024-04-30,P1-KPI5,Storage Performance,P1,75803.12,100000.0,>,IOPS
60009,E2E Full Test Corporation 1769042473 - Data Center West,2024-05-30,P1-KPI5,Storage Performance,P1,80161.91,100000.0,>,IOPS
60009,E2E Full Test Corporation 1769042473 - Data Center West,2024-06-29,P1-KPI5,Storage Performance,P1,87583.21,100000.0,>,IOPS
60009,E2E Full Test Corporation 1769042473 - Data Center West,2024-07-29,P1-KPI5,Storage Performance,P1,88210.5,100000.0,>,IOPS
60009,E2E Full Test Corporation 1769042473 - Data Center West,2024-08-28,P1-KPI5,Storage Performance,P1,80943.99,100000.0,>,IOPS
60009,E2E Full Test Corporation 1769042473 - Data Center West,2024-09-27,P1-KPI5,Storage Performance,P1,85784.73,100000.0,>,IOPS
60009,E2E Full Test Corporation 1769042473 - Data Center West,2024-10-27,P1-KPI5,Storage Performance,P1,87507.21,100000.0,>,IOPS
60009,E2E Full Test Corporation 1769042473 - Data Center West,2024-11-26,P1-KPI5,Storage Performance,P1,90665.78,100000.0,>,IOPS
60009,E2E Full Test Corporation 1769042473 - Data Center West,2024-01-01,P1-KPI6,Cooling Efficiency,P1,1.57,1.3,<,PUE
60009,E2E Full Test Corporation 1769042473 - Data Center West,2024-01-31,P1-KPI6,Cooling Efficiency,P1,1.56,1.3,<,PUE
60009,E2E Full Test Corporation 1769042473 - Data Center West,2024-03-01,P1-KPI6,Cooling Efficiency,P1,1.57,1.3,<,PUE
60009,E2E Full Test Corporation 1769042473 - Data Center West,2024-03-31,P1-KPI6,Cooling Efficiency,P1,1.5,1.3,<,PUE
60009,E2E Full Test Corporation 1769042473 - Data Center West,2024-04-30,P1-KPI6,Cooling Efficiency,P1,1.5,1.3,<,PUE
60009,E2E Full Test Corporation 1769042473 - Data Center West,2024-05-30,P1-KPI6,Cooling Efficiency,P1,1.5,1.3,<,PUE
60009,E2E Full Test Corporation 1769042473 - Data Center West,2024-06-29,P1-KPI6,Cooling Efficiency,P1,1.42,1.3,<,PUE
60009,E2E Full Test Corporation 1769042473 - Data Center West,2024-07-29,P1-KPI6,Cooling Efficiency,P1,1.39,1.3,<,PUE
60009,E2E Full Test Corporation 1769042473 - Data Center West,2024-08-28,P1-KPI6,Cooling Efficiency,P1,1.42,1.3,<,PUE
60009,E2E Full Test Corporation 1769042473 - Data Center West,2024-09-27,P1-KPI6,Cooling Efficiency,P1,1.42,1.3,<,PUE
60009,E2E Full Test Corporation 1769042473 - Data Center West,2024-10-27,P1-KPI6,Cooling Efficiency,P1,1.5,1.3,<,PUE
60009,E2E Full Test Corporation 1769042473 - Data Center West,2024-11-26,P1-KPI6,Cooling Efficiency,P1,1.43,1.3,<,PUE
60009,E2E Full Test Corporation 1769042473 - Data Center West,2024-01-01,P1-KPI7,Power Usage,P1,606.61,500.0,<,kW
60009,E2E Full Test Corporation 1769042473 - Data Center West,2024-01-31,P1-KPI7,Power Usage,P1,660.43,500.0,<,kW
60009,E2E Full Test Corporation 1769042473 - Data Center West,2024-03-01,P1-KPI7,Power Usage,P1,631.21,500.0,<,kW
60009,E2E Full Test Corporation 1769042473 - Data Center West,2024-03-31,P1-KPI7,Power Usage,P1,617.83,500.0,<,kW
60009,E2E Full Test Corporation 1769042473 - Data Center West,2024-04-30,P1-KPI7,Power Usage,P1,645.24,500.0,<,kW
60009,E2E Full Test Corporation 1769042473 - Data Center West,2024-05-30,P1-KPI7,Power Usage,P1,626.7,500.0,<,kW
60009,E2E Full Test Corporation 1769042473 - Data Center West,2024-06-29,P1-KPI7,Power Usage,P1,604.77,500.0,<,kW
60009,E2E Full Test Corporation 1769042473 - Data Center West,2024-07-29,P1-KPI7,Power Usage,P1,565.48,500.0,<,kW
60009,E2E Full Test Corporation 1769042473 - Data Center West,2024-08-28,P1-KPI7,Power Usage,P1,585.65,500.0,<,kW
60009,E2E Full Test Corporation 1769042473 - Data Center West,2024-09-27,P1-KPI7,Power Usage,P1,572.46,500.0,<,kW
60009,E2E Full Test Corporation 1769042473 - Data Center West,2024-10-27,P1-KPI7,Power Usage,P1,579.46,500.0,<,kW
60009,E2E Full Test Corporation 1769042473 - Data Center West,2024-11-26,P1-KPI7,Power Usage,P1,551.17,500.0,<,kW
60009,E2E Full Test Corporation 1769042473 - Data Center West,2024-01-01,P1-KPI8,Thermal Management,P1,30.47,25.0,<,°C
60009,E2E Full Test Corporation 1769042473 - Data Center West,2024-01-31,P1-KPI8,Thermal Management,P1,28.5,25.0,<,°C
60009,E2E Full Test Corporation 1769042473 - Data Center West,2024-03-01,P1-KPI8,Thermal Management,P1,30.82,25.0,<,°C
60009,E2E Full Test Corporation 1769042473 - Data Center West,2024-03-31,P1-KPI8,Thermal Management,P1,29.4,25.0,<,°C
60009,E2E Full Test Corporation 1769042473 - Data Center West,2024-04-30,P1-KPI8,Thermal Management,P1,30.24,25.0,<,°C
60009,E2E Full Test Corporation 1769042473 - Data Center West,2024-05-30,P1-KPI8,Thermal Management,P1,30.94,25.0,<,°C
60009,E2E Full Test Corporation 1769042473 - Data Center West,2024-06-29,P1-KPI8,Thermal Management,P1,29.03,25.0,<,°C
60009,E2E Full Test Corporation 1769042473 - Data Center West,2024-07-29,P1-KPI8,Thermal Management,P1,28.51,25.0,<,°C
60009,E2E Full Test Corporation 1769042473 - Data Center West,2024-08-28,P1-KPI8,Thermal Management,P1,28.14,25.0,<,°C
60009,E2E Full Test Corporation 1769042473 - Data Center West,2024-09-27,P1-KPI8,Thermal Management,P1,26.72,25.0,<,°C
60009,E2E Full Test Corporation 1769042473 - Data Center West,2024-10-27,P1-KPI8,Thermal Management,P1,29.06,25.0,<,°C
60009,E2E Full Test Corporation 1769042473 - Data Center West,2024-11-26,P1-KPI8,Thermal Management,P1,25.7,25.0,<,°C
60009,E2E Full Test Corporation 1769042473 - Data Center West,2024-01-01,P2-KPI1,SLA Compliance,P2,99.7,99.0,>,%
60009,E2E Full Test Corporation 1769042473 - Data Center West,2024-01-31,P2-KPI1,SLA Compliance,P2,100.0,99.0,>,%
60009,E2E Full Test Corporation 1769042473 - Data Center West,2024-03-01,P2-KPI1,SLA Compliance,P2,97.28,99.0,>,%
60009,E2E Full Test Corporation 1769042473 - Data Center West,2024-03-31,P2-KPI1,SLA Compliance,P2,95.25,99.0,>,%
60009,E2E Full Test Corporation 1769042473 - Data Center West,2024-04-30,P2-KPI1,SLA Compliance,P2,95.0,99.0,>,%
60009,E2E Full Test Corporation 1769042473 - Data Center West,2024-05-30,P2-KPI1,SLA Compliance,P2,97.12,99.0,>,%
60009,E2E Full Test Corporation 1769042473 - Data Center West,2024-06-29,P2-KPI1,SLA Compliance,P2,100.0,99.0,>,%
60009,E2E Full Test Corporation 1769042473 - Data Center West,2024-07-29,P2-KPI1,SLA Compliance,P2,95.0,99.0,>,%
60009,E2E Full Test Corporation 1769042473 - Data Center West,2024-08-28,P2-KPI1,SLA Compliance,P2,95.3,99.0,>,%
60009,E2E Full Test Corporation 1769042473 - Data Center West,2024-09-27,P2-KPI1,SLA Compliance,P2,95.0,99.0,>,%
60009,E2E Full Test Corporation 1769042473 - Data Center West,2024-10-27,P2-KPI1,SLA Compliance,P2,100.0,99.0,>,%
60009,E2E Full Test Corporation 1769042473 - Data Center West,2024-11-26,P2-KPI1,SLA Compliance,P2,95.0,99.0,>,%
60009,E2E Full Test Corporation 1769042473 - Data Center West,2024-01-01,P2-KPI2,Incident Response Time,P2,33.77,15.0,<,minutes
60009,E2E Full Test Corporation 1769042473 - Data Center West,2024-01-31,P2-KPI2,Incident Response Time,P2,35.86,15.0,<,minutes
60009,E2E Full Test Corporation 1769042473 - Data Center West,2024-03-01,P2-KPI2,Incident Response Time,P2,35.73,15.0,<,minutes
60009,E2E Full Test Corporation 1769042473 - Data Center West,2024-03-31,P2-KPI2,Incident Response Time,P2,36.95,15.0,<,minutes
60009,E2E Full Test Corporation 1769042473 - Data Center West,2024-04-30,P2-KPI2,Incident Response Time,P2,36.69,15.0,<,minutes
60009,E2E Full Test Corporation 1769042473 - Data Center West,2024-05-30,P2-KPI2,Incident Response Time,P2,35.96,15.0,<,minutes
60009,E2E Full Test Corporation 1769042473 - Data Center West,2024-06-29,P2-KPI2,Incident Response Time,P2,29.83,15.0,<,minutes
60009,E2E Full Test Corporation 1769042473 - Data Center West,2024-07-29,P2-KPI2,Incident Response Time,P2,27.84,15.0,<,minutes
60009,E2E Full Test Corporation 1769042473 - Data Center West,2024-08-28,P2-KPI2,Incident Response Time,P2,28.74,15.0,<,minutes
60009,E2E Full Test Corporation 1769042473 - Data Center West,2024-09-27,P2-KPI2,Incident Response Time,P2,29.57,15.0,<,minutes
60009,E2E Full Test Corporation 1769042473 - Data Center West,2024-10-27,P2-KPI2,Incident Response Time,P2,29.8,15.0,<,minutes
60009,E2E Full Test Corporation 1769042473 - Data Center West,2024-11-26,P2-KPI2,Incident Response Time,P2,22.83,15.0,<,minutes
60009,E2E Full Test Corporation 1769042473 - Data Center West,2024-01-01,P2-KPI3,Change Success Rate,P2,90.32,98.0,>,%
60009,E2E Full Test Corporation 1769042473 - Data Center West,2024-01-31,P2-KPI3,Change Success Rate,P2,95.2,98.0,>,%
60009,E2E Full Test Corporation 1769042473 - Data Center West,2024-03-01,P2-KPI3,Change Success Rate,P2,97.7,98.0,>,%
60009,E2E Full Test Corporation 1769042473 - Data Center West,2024-03-31,P2-KPI3,Change Success Rate,P2,90.34,98.0,>,%
60009,E2E Full Test Corporation 1769042473 - Data Center West,2024-04-30,P2-KPI3,Change Success Rate,P2,94.8,98.0,>,%
60009,E2E Full Test Corporation 1769042473 - Data Center West,2024-05-30,P2-KPI3,Change Success Rate,P2,96.25,98.0,>,%
60009,E2E Full Test Corporation 1769042473 - Data Center West,2024-06-29,P2-KPI3,Change Success Rate,P2,96.5,98.0,>,%
60009,E2E Full Test Corporation 1769042473 - Data Center West,2024-07-29,P2-KPI3,Change Success Rate,P2,98.74,98.0,>,%
60009,E2E Full Test Corporation 1769042473 - Data Center West,2024-08-28,P2-KPI3,Change Success Rate,P2,92.22,98.0,>,%
60009,E2E Full Test Corporation 1769042473 - Data Center West,2024-09-27,P2-KPI3,Change Success Rate,P2,91.88,98.0,>,%
60009,E2E Full Test Corporation 1769042473 - Data Center West,2024-10-27,P2-KPI3,Change Success Rate,P2,99.77,98.0,>,%
60009,E2E Full Test Corporation 1769042473 - Data Center West,2024-11-26,P2-KPI3,Change Success Rate,P2,99.38,98.0,>,%
60009,E2E Full Test Corporation 1769042473 - Data Center West,2024-01-01,P2-KPI4,Backup Success Rate,P2,97.34,100.0,>,%
60009,E2E Full Test Corporation 1769042473 - Data Center West,2024-01-31,P2-KPI4,Backup Success Rate,P2,98.7,100.0,>,%
60009,E2E Full Test Corporation 1769042473 - Data Center West,2024-03-01,P2-KPI4,Backup Success Rate,P2,98.45,100.0,>,%
60009,E2E Full Test Corporation 1769042473 - Data Center West,2024-03-31,P2-KPI4,Backup Success Rate,P2,97.62,100.0,>,%
60009,E2E Full Test Corporation 1769042473 - Data Center West,2024-04-30,P2-KPI4,Backup Success Rate,P2,97.18,100.0,>,%
60009,E2E Full Test Corporation 1769042473 - Data Center West,2024-05-30,P2-KPI4,Backup Success Rate,P2,100.0,100.0,>,%
60009,E2E Full Test Corporation 1769042473 - Data Center West,2024-06-29,P2-KPI4,Backup Success Rate,P2,99.83,100.0,>,%
60009,E2E Full Test Corporation 1769042473 - Data Center West,2024-07-29,P2-KPI4,Backup Success Rate,P2,96.24,100.0,>,%
60009,E2E Full Test Corporation 1769042473 - Data Center West,2024-08-28,P2-KPI4,Backup Success Rate,P2,100.0,100.0,>,%
60009,E2E Full Test Corporation 1769042473 - Data Center West,2024-09-27,P2-KPI4,Backup Success Rate,P2,98.99,100.0,>,%
60009,E2E Full Test Corporation 1769042473 - Data Center West,2024-10-27,P2-KPI4,Backup Success Rate,P2,100.0,100.0,>,%
60009,E2E Full Test Corporation 1769042473 - Data Center West,2024-11-26,P2-KPI4,Backup Success Rate,P2,100.0,100.0,>,%
60009,E2E Full Test Corporation 1769042473 - Data Center West,2024-01-01,P2-KPI5,Patch Compliance,P2,85.72,95.0,>,%
60009,E2E Full Test Corporation 1769042473 - Data Center West,2024-01-31,P2-KPI5,Patch Compliance,P2,90.35,95.0,>,%
60009,E2E Full Test Corporation 1769042473 - Data Center West,2024-03-01,P2-KPI5,Patch Compliance,P2,88.7,95.0,>,%
60009,E2E Full Test Corporation 1769042473 - Data Center West,2024-03-31,P2-KPI5,Patch Compliance,P2,86.15,95.0,>,%
60009,E2E Full Test Corporation 1769042473 - Data Center West,2024-04-30,P2-KPI5,Patch Compliance,P2,89.97,95.0,>,%
60009,E2E Full Test Corporation 1769042473 - Data Center West,2024-05-30,P2-KPI5,Patch Compliance,P2,92.16,95.0,>,%
60009,E2E Full Test Corporation 1769042473 - Data Center West,2024-06-29,P2-KPI5,Patch Compliance,P2,94.52,95.0,>,%
60009,E2E Full Test Corporation 1769042473 - Data Center West,2024-07-29,P2-KPI5,Patch Compliance,P2,87.08,95.0,>,%
60009,E2E Full Test Corporation 1769042473 - Data Center West,2024-08-28,P2-KPI5,Patch Compliance,P2,86.41,95.0,>,%
60009,E2E Full Test Corporation 1769042473 - Data Center West,2024-09-27,P2-KPI5,Patch Compliance,P2,90.26,95.0,>,%
60009,E2E Full Test Corporation 1769042473 - Data Center West,2024-10-27,P2-KPI5,Patch Compliance,P2,91.92,95.0,>,%
60009,E2E Full Test Corporation 1769042473 - Data Center West,2024-11-26,P2-KPI5,Patch Compliance,P2,90.32,95.0,>,%
60009,E2E Full Test Corporation 1769042473 - Data Center West,2024-01-01,P2-KPI6,Service Request Fulfillment,P2,5.99,3.0,<,days
60009,E2E Full Test Corporation 1769042473 - Data Center West,2024-01-31,P2-KPI6,Service Request Fulfillment,P2,6.38,3.0,<,days
60009,E2E Full Test Corporation 1769042473 - Data Center West,2024-03-01,P2-KPI6,Service Request Fulfillment,P2,6.32,3.0,<,days
60009,E2E Full Test Corporation 1769042473 - Data Center West,2024-03-31,P2-KPI6,Service Request Fulfillment,P2,6.01,3.0,<,days
60009,E2E Full Test Corporation 1769042473 - Data Center West,2024-04-30,P2-KPI6,Service Request Fulfillment,P2,6.05,3.0,<,days
60009,E2E Full Test Corporation 1769042473 - Data Center West,2024-05-30,P2-KPI6,Service Request Fulfillment,P2,6.14,3.0,<,days
60009,E2E Full Test Corporation 1769042473 - Data Center West,2024-06-29,P2-KPI6,Service Request Fulfillment,P2,4.96,3.0,<,days
60009,E2E Full Test Corporation 1769042473 - Data Center West,2024-07-29,P2-KPI6,Service Request Fulfillment,P2,5.06,3.0,<,days
60009,E2E Full Test Corporation 1769042473 - Data Center West,2024-08-28,P2-KPI6,Service Request Fulfillment,P2,5.01,3.0,<,days
60009,E2E Full Test Corporation 1769042473 - Data Center West,2024-09-27,P2-KPI6,Service Request Fulfillment,P2,5.26,3.0,<,days
60009,E2E Full Test Corporation 1769042473 - Data Center West,2024-10-27,P2-KPI6,Service Request Fulfillment,P2,5.18,3.0,<,days
60009,E2E Full Test Corporation 1769042473 - Data Center West,2024-11-26,P2-KPI6,Service Request Fulfillment,P2,4.03,3.0,<,days
60009,E2E Full Test Corporation 1769042473 - Data Center West,2024-01-01,P2-KPI7,Capacity Planning Accuracy,P2,84.83,90.0,>,%
60009,E2E Full Test Corporation 1769042473 - Data Center West,2024-01-31,P2-KPI7,Capacity Planning Accuracy,P2,78.02,90.0,>,%
60009,E2E Full Test Corporation 1769042473 - Data Center West,2024-03-01,P2-KPI7,Capacity Planning Accuracy,P2,78.63,90.0,>,%
60009,E2E Full Test Corporation 1769042473 - Data Center West,2024-03-31,P2-KPI7,Capacity Planning Accuracy,P2,80.92,90.0,>,%
60009,E2E Full Test Corporation 1769042473 - Data Center West,2024-04-30,P2-KPI7,Capacity Planning Accuracy,P2,77.88,90.0,>,%
60009,E2E Full Test Corporation 1769042473 - Data Center West,2024-05-30,P2-KPI7,Capacity Planning Accuracy,P2,79.6,90.0,>,%
60009,E2E Full Test Corporation 1769042473 - Data Center West,2024-06-29,P2-KPI7,Capacity Planning Accuracy,P2,83.0,90.0,>,%
60009,E2E Full Test Corporation 1769042473 - Data Center West,2024-07-29,P2-KPI7,Capacity Planning Accuracy,P2,87.89,90.0,>,%
60009,E2E Full Test Corporation 1769042473 - Data Center West,2024-08-28,P2-KPI7,Capacity Planning Accuracy,P2,83.69,90.0,>,%
60009,E2E Full Test Corporation 1769042473 - Data Center West,2024-09-27,P2-KPI7,Capacity Planning Accuracy,P2,85.3,90.0,>,%
60009,E2E Full Test Corporation 1769042473 - Data Center West,2024-10-27,P2-KPI7,Capacity Planning Accuracy,P2,87.0,90.0,>,%
60009,E2E Full Test Corporation 1769042473 - Data Center West,2024-11-26,P2-KPI7,Capacity Planning Accuracy,P2,88.26,90.0,>,%
60009,E2E Full Test Corporation 1769042473 - Data Center West,2024-01-01,P2-KPI8,Documentation Quality,P2,75.83,85.0,>,score
60009,E2E Full Test Corporation 1769042473 - Data Center West,2024-01-31,P2-KPI8,Documentation Quality,P2,70.66,85.0,>,score
60009,E2E Full Test Corporation 1769042473 - Data Center West,2024-03-01,P2-KPI8,Documentation Quality,P2,71.89,85.0,>,score
60009,E2E Full Test Corporation 1769042473 - Data Center West,2024-03-31,P2-KPI8,Documentation Quality,P2,75.86,85.0,>,score
60009,E2E Full Test Corporation 1769042473 - Data Center West,2024-04-30,P2-KPI8,Documentation Quality,P2,70.37,85.0,>,score
60009,E2E Full Test Corporation 1769042473 - Data Center West,2024-05-30,P2-KPI8,Documentation Quality,P2,74.03,85.0,>,score
60009,E2E Full Test Corporation 1769042473 - Data Center West,2024-06-29,P2-KPI8,Documentation Quality,P2,77.89,85.0,>,score
60009,E2E Full Test Corporation 1769042473 - Data Center West,2024-07-29,P2-KPI8,Documentation Quality,P2,77.41,85.0,>,score
60009,E2E Full Test Corporation 1769042473 - Data Center West,2024-08-28,P2-KPI8,Documentation Quality,P2,76.89,85.0,>,score
60009,E2E Full Test Corporation 1769042473 - Data Center West,2024-09-27,P2-KPI8,Documentation Quality,P2,75.98,85.0,>,score
60009,E2E Full Test Corporation 1769042473 - Data Center West,2024-10-27,P2-KPI8,Documentation Quality,P2,79.83,85.0,>,score
60009,E2E Full Test Corporation 1769042473 - Data Center West,2024-11-26,P2-KPI8,Documentation Quality,P2,85.25,85.0,>,score
60009,E2E Full Test Corporation 1769042473 - Data Center West,2024-01-01,P3-KPI1,CSAT Score,P3,3.68,4.5,>,score
60009,E2E Full Test Corporation 1769042473 - Data Center West,2024-01-31,P3-KPI1,CSAT Score,P3,3.9,4.5,>,score
60009,E2E Full Test Corporation 1769042473 - Data Center West,2024-03-01,P3-KPI1,CSAT Score,P3,3.79,4.5,>,score
60009,E2E Full Test Corporation 1769042473 - Data Center West,2024-03-31,P3-KPI1,CSAT Score,P3,3.7,4.5,>,score
60009,E2E Full Test Corporation 1769042473 - Data Center West,2024-04-30,P3-KPI1,CSAT Score,P3,3.7,4.5,>,score
60009,E2E Full Test Corporation 1769042473 - Data Center West,2024-05-30,P3-KPI1,CSAT Score,P3,3.85,4.5,>,score
60009,E2E Full Test Corporation 1769042473 - Data Center West,2024-06-29,P3-KPI1,CSAT Score,P3,4.22,4.5,>,score
60009,E2E Full Test Corporation 1769042473 - Data Center West,2024-07-29,P3-KPI1,CSAT Score,P3,4.11,4.5,>,score
60009,E2E Full Test Corporation 1769042473 - Data Center West,2024-08-28,P3-KPI1,CSAT Score,P3,3.96,4.5,>,score
60009,E2E Full Test Corporation 1769042473 - Data Center West,2024-09-27,P3-KPI1,CSAT Score,P3,4.21,4.5,>,score
60009,E2E Full Test Corporation 1769042473 - Data Center West,2024-10-27,P3-KPI1,CSAT Score,P3,3.87,4.5,>,score
60009,E2E Full Test Corporation 1769042473 - Data Center West,2024-11-26,P3-KPI1,CSAT Score,P3,4.42,4.5,>,score
60009,E2E Full Test Corporation 1769042473 - Data Center West,2024-01-01,P3-KPI2,Support Ticket Volume,P3,55.05,20.0,<,tickets
60009,E2E Full Test Corporation 1769042473 - Data Center West,2024-01-31,P3-KPI2,Support Ticket Volume,P3,53.38,20.0,<,tickets
60009,E2E Full Test Corporation 1769042473 - Data Center West,2024-03-01,P3-KPI2,Support Ticket Volume,P3,53.84,20.0,<,tickets
60009,E2E Full Test Corporation 1769042473 - Data Center West,2024-03-31,P3-KPI2,Support Ticket Volume,P3,58.29,20.0,<,tickets
60009,E2E Full Test Corporation 1769042473 - Data Center West,2024-04-30,P3-KPI2,Support Ticket Volume,P3,55.19,20.0,<,tickets
60009,E2E Full Test Corporation 1769042473 - Data Center West,2024-05-30,P3-KPI2,Support Ticket Volume,P3,54.53,20.0,<,tickets
60009,E2E Full Test Corporation 1769042473 - Data Center West,2024-06-29,P3-KPI2,Support Ticket Volume,P3,45.83,20.0,<,tickets
60009,E2E Full Test Corporation 1769042473 - Data Center West,2024-07-29,P3-KPI2,Support Ticket Volume,P3,45.09,20.0,<,tickets
60009,E2E Full Test Corporation 1769042473 - Data Center West,2024-08-28,P3-KPI2,Support Ticket Volume,P3,43.0,20.0,<,tickets
60009,E2E Full Test Corporation 1769042473 - Data Center West,2024-09-27,P3-KPI2,Support Ticket Volume,P3,44.61,20.0,<,tickets
60009,E2E Full Test Corporation 1769042473 - Data Center West,2024-10-27,P3-KPI2,Support Ticket Volume,P3,43.03,20.0,<,tickets
60009,E2E Full Test Corporation 1769042473 - Data Center West,2024-11-26,P3-KPI2,Support Ticket Volume,P3,31.12,20.0,<,tickets
60009,E2E Full Test Corporation 1769042473 - Data Center West,2024-01-01,P3-KPI3,First Contact Resolution,P3,63.29,75.0,>,%
60009,E2E Full Test Corporation 1769042473 - Data Center West,2024-01-31,P3-KPI3,First Contact Resolution,P3,65.87,75.0,>,%
60009,E2E Full Test Corporation 1769042473 - Data Center West,2024-03-01,P3-KPI3,First Contact Resolution,P3,64.33,75.0,>,%
60009,E2E Full Test Corporation 1769042473 - Data Center West,2024-03-31,P3-KPI3,First Contact Resolution,P3,64.49,75.0,>,%
60009,E2E Full Test Corporation 1769042473 - Data Center West,2024-04-30,P3-KPI3,First Contact Resolution,P3,61.05,75.0,>,%
60009,E2E Full Test Corporation 1769042473 - Data Center West,2024-05-30,P3-KPI3,First Contact Resolution,P3,63.12,75.0,>,%
60009,E2E Full Test Corporation 1769042473 - Data Center West,2024-06-29,P3-KPI3,First Contact Resolution,P3,64.54,75.0,>,%
60009,E2E Full Test Corporation 1769042473 - Data Center West,2024-07-29,P3-KPI3,First Contact Resolution,P3,65.78,75.0,>,%
60009,E2E Full Test Corporation 1769042473 - Data Center West,2024-08-28,P3-KPI3,First Contact Resolution,P3,64.59,75.0,>,%
60009,E2E Full Test Corporation 1769042473 - Data Center West,2024-09-27,P3-KPI3,First Contact Resolution,P3,68.65,75.0,>,%
60009,E2E Full Test Corporation 1769042473 - Data Center West,2024-10-27,P3-KPI3,First Contact Resolution,P3,66.52,75.0,>,%
60009,E2E Full Test Corporation 1769042473 - Data Center West,2024-11-26,P3-KPI3,First Contact Resolution,P3,70.01,75.0,>,%
60009,E2E Full Test Corporation 1769042473 - Data Center West,2024-01-01,P3-KPI4,Training Completion,P3,79.15,90.0,>,%
60009,E2E Full Test Corporation 1769042473 - Data Center West,2024-01-31,P3-KPI4,Training Completion,P3,77.12,90.0,>,%
60009,E2E Full Test Corporation 1769042473 - Data Center West,2024-03-01,P3-KPI4,Training Completion,P3,72.95,90.0,>,%
60009,E2E Full Test Corporation 1769042473 - Data Center West,2024-03-31,P3-KPI4,Training Completion,P3,77.5,90.0,>,%
60009,E2E Full Test Corporation 1769042473 - Data Center West,2024-04-30,P3-KPI4,Training Completion,P3,76.77,90.0,>,%
60009,E2E Full Test Corporation 1769042473 - Data Center West,2024-05-30,P3-KPI4,Training Completion,P3,77.82,90.0,>,%
60009,E2E Full Test Corporation 1769042473 - Data Center West,2024-06-29,P3-KPI4,Training Completion,P3,78.45,90.0,>,%
60009,E2E Full Test Corporation 1769042473 - Data Center West,2024-07-29,P3-KPI4,Training Completion,P3,79.95,90.0,>,%
60009,E2E Full Test Corporation 1769042473 - Data Center West,2024-08-28,P3-KPI4,Training Completion,P3,79.67,90.0,>,%
60009,E2E Full Test Corporation 1769042473 - Data Center West,2024-09-27,P3-KPI4,Training Completion,P3,77.67,90.0,>,%
60009,E2E Full Test Corporation 1769042473 - Data Center West,2024-10-27,P3-KPI4,Training Completion,P3,84.7,90.0,>,%
60009,E2E Full Test Corporation 1769042473 - Data Center West,2024-11-26,P3-KPI4,Training Completion,P3,84.66,90.0,>,%
60009,E2E Full Test Corporation 1769042473 - Data Center West,2024-01-01,P3-KPI5,User Adoption Rate,P3,64.68,80.0,>,%
60009,E2E Full Test Corporation 1769042473 - Data Center West,2024-01-31,P3-KPI5,User Adoption Rate,P3,63.87,80.0,>,%
60009,E2E Full Test Corporation 1769042473 - Data Center West,2024-03-01,P3-KPI5,User Adoption Rate,P3,64.1,80.0,>,%
60009,E2E Full Test Corporation 1769042473 - Data Center West,2024-03-31,P3-KPI5,User Adoption Rate,P3,65.54,80.0,>,%
60009,E2E Full Test Corporation 1769042473 - Data Center West,2024-04-30,P3-KPI5,User Adoption Rate,P3,63.76,80.0,>,%
60009,E2E Full Test Corporation 1769042473 - Data Center West,2024-05-30,P3-KPI5,User Adoption Rate,P3,67.62,80.0,>,%
60009,E2E Full Test Corporation 1769042473 - Data Center West,2024-06-29,P3-KPI5,User Adoption Rate,P3,69.71,80.0,>,%
60009,E2E Full Test Corporation 1769042473 - Data Center West,2024-07-29,P3-KPI5,User Adoption Rate,P3,68.16,80.0,>,%
60009,E2E Full Test Corporation 1769042473 - Data Center West,2024-08-28,P3-KPI5,User Adoption Rate,P3,68.36,80.0,>,%
60009,E2E Full Test Corporation 1769042473 - Data Center West,2024-09-27,P3-KPI5,User Adoption Rate,P3,67.46,80.0,>,%
60009,E2E Full Test Corporation 1769042473 - Data Center West,2024-10-27,P3-KPI5,User Adoption Rate,P3,67.76,80.0,>,%
60009,E2E Full Test Corporation 1769042473 - Data Center West,2024-11-26,P3-KPI5,User Adoption Rate,P3,74.35,80.0,>,%
60009,E2E Full Test Corporation 1769042473 - Data Center West,2024-01-01,P3-KPI6,Executive Engagement,P3,2.99,4.0,>,meetings/quarter
60009,E2E Full Test Corporation 1769042473 - Data Center West,2024-01-31,P3-KPI6,Executive Engagement,P3,3.21,4.0,>,meetings/quarter
60009,E2E Full Test Corporation 1769042473 - Data Center West,2024-03-01,P3-KPI6,Executive Engagement,P3,2.99,4.0,>,meetings/quarter
60009,E2E Full Test Corporation 1769042473 - Data Center West,2024-03-31,P3-KPI6,Executive Engagement,P3,3.15,4.0,>,meetings/quarter
60009,E2E Full Test Corporation 1769042473 - Data Center West,2024-04-30,P3-KPI6,Executive Engagement,P3,3.16,4.0,>,meetings/quarter
60009,E2E Full Test Corporation 1769042473 - Data Center West,2024-05-30,P3-KPI6,Executive Engagement,P3,3.14,4.0,>,meetings/quarter
60009,E2E Full Test Corporation 1769042473 - Data Center West,2024-06-29,P3-KPI6,Executive Engagement,P3,3.53,4.0,>,meetings/quarter
60009,E2E Full Test Corporation 1769042473 - Data Center West,2024-07-29,P3-KPI6,Executive Engagement,P3,3.46,4.0,>,meetings/quarter
60009,E2E Full Test Corporation 1769042473 - Data Center West,2024-08-28,P3-KPI6,Executive Engagement,P3,3.48,4.0,>,meetings/quarter
60009,E2E Full Test Corporation 1769042473 - Data Center West,2024-09-27,P3-KPI6,Executive Engagement,P3,3.26,4.0,>,meetings/quarter
60009,E2E Full Test Corporation 1769042473 - Data Center West,2024-10-27,P3-KPI6,Executive Engagement,P3,3.37,4.0,>,meetings/quarter
60009,E2E Full Test Corporation 1769042473 - Data Center West,2024-11-26,P3-KPI6,Executive Engagement,P3,3.79,4.0,>,meetings/quarter
60009,E2E Full Test Corporation 1769042473 - Data Center West,2024-01-01,P3-KPI7,Response Time SLA,P3,67.85,30.0,<,minutes
60009,E2E Full Test Corporation 1769042473 - Data Center West,2024-01-31,P3-KPI7,Response Time SLA,P3,73.74,30.0,<,minutes
60009,E2E Full Test Corporation 1769042473 - Data Center West,2024-03-01,P3-KPI7,Response Time SLA,P3,68.54,30.0,<,minutes
60009,E2E Full Test Corporation 1769042473 - Data Center West,2024-03-31,P3-KPI7,Response Time SLA,P3,73.23,30.0,<,minutes
60009,E2E Full Test Corporation 1769042473 - Data Center West,2024-04-30,P3-KPI7,Response Time SLA,P3,72.42,30.0,<,minutes
60009,E2E Full Test Corporation 1769042473 - Data Center West,2024-05-30,P3-KPI7,Response Time SLA,P3,70.07,30.0,<,minutes
60009,E2E Full Test Corporation 1769042473 - Data Center West,2024-06-29,P3-KPI7,Response Time SLA,P3,59.6,30.0,<,minutes
60009,E2E Full Test Corporation 1769042473 - Data Center West,2024-07-29,P3-KPI7,Response Time SLA,P3,57.64,30.0,<,minutes
60009,E2E Full Test Corporation 1769042473 - Data Center West,2024-08-28,P3-KPI7,Response Time SLA,P3,59.51,30.0,<,minutes
60009,E2E Full Test Corporation 1769042473 - Data Center West,2024-09-27,P3-KPI7,Response Time SLA,P3,56.46,30.0,<,minutes
60009,E2E Full Test Corporation 1769042473 - Data Center West,2024-10-27,P3-KPI7,Response Time SLA,P3,59.03,30.0,<,minutes
60009,E2E Full Test Corporation 1769042473 - Data Center West,2024-11-26,P3-KPI7,Response Time SLA,P3,42.63,30.0,<,minutes
60009,E2E Full Test Corporation 1769042473 - Data Center West,2024-01-01,P4-KPI1,ROI Achievement,P4,124.36,150.0,>,%
60009,E2E Full Test Corporation 1769042473 - Data Center West,2024-01-31,P4-KPI1,ROI Achievement,P4,131.83,150.0,>,%
60009,E2E Full Test Corporation 1769042473 - Data Center West,2024-03-01,P4-KPI1,ROI Achievement,P4,133.6,150.0,>,%
60009,E2E Full Test Corporation 1769042473 - Data Center West,2024-03-31,P4-KPI1,ROI Achievement,P4,129.89,150.0,>,%
60009,E2E Full Test Corporation 1769042473 - Data Center West,2024-04-30,P4-KPI1,ROI Achievement,P4,126.46,150.0,>,%
60009,E2E Full Test Corporation 1769042473 - Data Center West,2024-05-30,P4-KPI1,ROI Achievement,P4,127.01,150.0,>,%
60009,E2E Full Test Corporation 1769042473 - Data Center West,2024-06-29,P4-KPI1,ROI Achievement,P4,137.48,150.0,>,%
60009,E2E Full Test Corporation 1769042473 - Data Center West,2024-07-29,P4-KPI1,ROI Achievement,P4,137.96,150.0,>,%
60009,E2E Full Test Corporation 1769042473 - Data Center West,2024-08-28,P4-KPI1,ROI Achievement,P4,137.86,150.0,>,%
60009,E2E Full Test Corporation 1769042473 - Data Center West,2024-09-27,P4-KPI1,ROI Achievement,P4,138.69,150.0,>,%
60009,E2E Full Test Corporation 1769042473 - Data Center West,2024-10-27,P4-KPI1,ROI Achievement,P4,140.11,150.0,>,%
60009,E2E Full Test Corporation 1769042473 - Data Center West,2024-11-26,P4-KPI1,ROI Achievement,P4,145.13,150.0,>,%
60009,E2E Full Test Corporation 1769042473 - Data Center West,2024-01-01,P4-KPI2,Cost Reduction,P4,11.07,20.0,>,%
60009,E2E Full Test Corporation 1769042473 - Data Center West,2024-01-31,P4-KPI2,Cost Reduction,P4,10.85,20.0,>,%
60009,E2E Full Test Corporation 1769042473 - Data Center West,2024-03-01,P4-KPI2,Cost Reduction,P4,11.25,20.0,>,%
60009,E2E Full Test Corporation 1769042473 - Data Center West,2024-03-31,P4-KPI2,Cost Reduction,P4,11.04,20.0,>,%
60009,E2E Full Test Corporation 1769042473 - Data Center West,2024-04-30,P4-KPI2,Cost Reduction,P4,10.68,20.0,>,%
60009,E2E Full Test Corporation 1769042473 - Data Center West,2024-05-30,P4-KPI2,Cost Reduction,P4,11.1,20.0,>,%
60009,E2E Full Test Corporation 1769042473 - Data Center West,2024-06-29,P4-KPI2,Cost Reduction,P4,14.31,20.0,>,%
60009,E2E Full Test Corporation 1769042473 - Data Center West,2024-07-29,P4-KPI2,Cost Reduction,P4,13.63,20.0,>,%
60009,E2E Full Test Corporation 1769042473 - Data Center West,2024-08-28,P4-KPI2,Cost Reduction,P4,13.74,20.0,>,%
60009,E2E Full Test Corporation 1769042473 - Data Center West,2024-09-27,P4-KPI2,Cost Reduction,P4,13.45,20.0,>,%
60009,E2E Full Test Corporation 1769042473 - Data Center West,2024-10-27,P4-KPI2,Cost Reduction,P4,14.45,20.0,>,%
60009,E2E Full Test Corporation 1769042473 - Data Center West,2024-11-26,P4-KPI2,Cost Reduction,P4,17.18,20.0,>,%
60009,E2E Full Test Corporation 1769042473 - Data Center West,2024-01-01,P4-KPI3,Time to Value,P4,130.6,90.0,<,days
60009,E2E Full Test Corporation 1769042473 - Data Center West,2024-01-31,P4-KPI3,Time to Value,P4,131.21,90.0,<,days
60009,E2E Full Test Corporation 1769042473 - Data Center West,2024-03-01,P4-KPI3,Time to Value,P4,129.81,90.0,<,days
60009,E2E Full Test Corporation 1769042473 - Data Center West,2024-03-31,P4-KPI3,Time to Value,P4,135.34,90.0,<,days
60009,E2E Full Test Corporation 1769042473 - Data Center West,2024-04-30,P4-KPI3,Time to Value,P4,129.69,90.0,<,days
60009,E2E Full Test Corporation 1769042473 - Data Center West,2024-05-30,P4-KPI3,Time to Value,P4,128.36,90.0,<,days
60009,E2E Full Test Corporation 1769042473 - Data Center West,2024-06-29,P4-KPI3,Time to Value,P4,118.06,90.0,<,days
60009,E2E Full Test Corporation 1769042473 - Data Center West,2024-07-29,P4-KPI3,Time to Value,P4,117.3,90.0,<,days
60009,E2E Full Test Corporation 1769042473 - Data Center West,2024-08-28,P4-KPI3,Time to Value,P4,113.22,90.0,<,days
60009,E2E Full Test Corporation 1769042473 - Data Center West,2024-09-27,P4-KPI3,Time to Value,P4,116.92,90.0,<,days
60009,E2E Full Test Corporation 1769042473 - Data Center West,2024-10-27,P4-KPI3,Time to Value,P4,122.54,90.0,<,days
60009,E2E Full Test Corporation 1769042473 - Data Center West,2024-11-26,P4-KPI3,Time to Value,P4,105.85,90.0,<,days
60009,E2E Full Test Corporation 1769042473 - Data Center West,2024-01-01,P4-KPI4,Revenue Enablement,P4,3.18,5.0,>,$M
60009,E2E Full Test Corporation 1769042473 - Data Center West,2024-01-31,P4-KPI4,Revenue Enablement,P4,3.06,5.0,>,$M
60009,E2E Full Test Corporation 1769042473 - Data Center West,2024-03-01,P4-KPI4,Revenue Enablement,P4,3.25,5.0,>,$M
60009,E2E Full Test Corporation 1769042473 - Data Center West,2024-03-31,P4-KPI4,Revenue Enablement,P4,3.3,5.0,>,$M
60009,E2E Full Test Corporation 1769042473 - Data Center West,2024-04-30,P4-KPI4,Revenue Enablement,P4,3.3,5.0,>,$M
60009,E2E Full Test Corporation 1769042473 - Data Center West,2024-05-30,P4-KPI4,Revenue Enablement,P4,3.05,5.0,>,$M
60009,E2E Full Test Corporation 1769042473 - Data Center West,2024-06-29,P4-KPI4,Revenue Enablement,P4,3.86,5.0,>,$M
60009,E2E Full Test Corporation 1769042473 - Data Center West,2024-07-29,P4-KPI4,Revenue Enablement,P4,3.72,5.0,>,$M
60009,E2E Full Test Corporation 1769042473 - Data Center West,2024-08-28,P4-KPI4,Revenue Enablement,P4,3.63,5.0,>,$M
60009,E2E Full Test Corporation 1769042473 - Data Center West,2024-09-27,P4-KPI4,Revenue Enablement,P4,3.94,5.0,>,$M
60009,E2E Full Test Corporation 1769042473 - Data Center West,2024-10-27,P4-KPI4,Revenue Enablement,P4,3.88,5.0,>,$M
60009,E2E Full Test Corporation 1769042473 - Data Center West,2024-11-26,P4-KPI4,Revenue Enablement,P4,4.5,5.0,>,$M
60009,E2E Full Test Corporation 1769042473 - Data Center West,2024-01-01,P4-KPI5,Operational Efficiency,P4,76.52,85.0,>,%
60009,E2E Full Test Corporation 1769042473 - Data Center West,2024-01-31,P4-KPI5,Operational Efficiency,P4,71.46,85.0,>,%
60009,E2E Full Test Corporation 1769042473 - Data Center West,2024-03-01,P4-KPI5,Operational Efficiency,P4,75.06,85.0,>,%
60009,E2E Full Test Corporation 1769042473 - Data Center West,2024-03-31,P4-KPI5,Operational Efficiency,P4,70.23,85.0,>,%
60009,E2E Full Test Corporation 1769042473 - Data Center West,2024-04-30,P4-KPI5,Operational Efficiency,P4,73.12,85.0,>,%
60009,E2E Full Test Corporation 1769042473 - Data Center West,2024-05-30,P4-KPI5,Operational Efficiency,P4,76.51,85.0,>,%
60009,E2E Full Test Corporation 1769042473 - Data Center West,2024-06-29,P4-KPI5,Operational Efficiency,P4,78.0,85.0,>,%
60009,E2E Full Test Corporation 1769042473 - Data Center West,2024-07-29,P4-KPI5,Operational Efficiency,P4,81.2,85.0,>,%
60009,E2E Full Test Corporation 1769042473 - Data Center West,2024-08-28,P4-KPI5,Operational Efficiency,P4,76.08,85.0,>,%
60009,E2E Full Test Corporation 1769042473 - Data Center West,2024-09-27,P4-KPI5,Operational Efficiency,P4,80.74,85.0,>,%
60009,E2E Full Test Corporation 1769042473 - Data Center West,2024-10-27,P4-KPI5,Operational Efficiency,P4,78.48,85.0,>,%
60009,E2E Full Test Corporation 1769042473 - Data Center West,2024-11-26,P4-KPI5,Operational Efficiency,P4,81.91,85.0,>,%
60009,E2E Full Test Corporation 1769042473 - Data Center West,2024-01-01,P4-KPI6,Innovation Projects,P4,2.07,3.0,>,count
60009,E2E Full Test Corporation 1769042473 - Data Center West,2024-01-31,P4-KPI6,Innovation Projects,P4,2.08,3.0,>,count
60009,E2E Full Test Corporation 1769042473 - Data Center West,2024-03-01,P4-KPI6,Innovation Projects,P4,2.09,3.0,>,count
60009,E2E Full Test Corporation 1769042473 - Data Center West,2024-03-31,P4-KPI6,Innovation Projects,P4,2.11,3.0,>,count
60009,E2E Full Test Corporation 1769042473 - Data Center West,2024-04-30,P4-KPI6,Innovation Projects,P4,2.15,3.0,>,count
60009,E2E Full Test Corporation 1769042473 - Data Center West,2024-05-30,P4-KPI6,Innovation Projects,P4,2.16,3.0,>,count
60009,E2E Full Test Corporation 1769042473 - Data Center West,2024-06-29,P4-KPI6,Innovation Projects,P4,2.37,3.0,>,count
60009,E2E Full Test Corporation 1769042473 - Data Center West,2024-07-29,P4-KPI6,Innovation Projects,P4,2.38,3.0,>,count
60009,E2E Full Test Corporation 1769042473 - Data Center West,2024-08-28,P4-KPI6,Innovation Projects,P4,2.36,3.0,>,count
60009,E2E Full Test Corporation 1769042473 - Data Center West,2024-09-27,P4-KPI6,Innovation Projects,P4,2.33,3.0,>,count
60009,E2E Full Test Corporation 1769042473 - Data Center West,2024-10-27,P4-KPI6,Innovation Projects,P4,2.32,3.0,>,count
60009,E2E Full Test Corporation 1769042473 - Data Center West,2024-11-26,P4-KPI6,Innovation Projects,P4,2.61,3.0,>,count
60009,E2E Full Test Corporation 1769042473 - Data Center West,2024-01-01,P4-KPI7,Business Case Validation,P4,79.33,90.0,>,%
60009,E2E Full Test Corporation 1769042473 - Data Center West,2024-01-31,P4-KPI7,Business Case Validation,P4,78.13,90.0,>,%
60009,E2E Full Test Corporation 1769042473 - Data Center West,2024-03-01,P4-KPI7,Business Case Validation,P4,77.31,90.0,>,%
60009,E2E Full Test Corporation 1769042473 - Data Center West,2024-03-31,P4-KPI7,Business Case Validation,P4,77.68,90.0,>,%
60009,E2E Full Test Corporation 1769042473 - Data Center West,2024-04-30,P4-KPI7,Business Case Validation,P4,78.67,90.0,>,%
60009,E2E Full Test Corporation 1769042473 - Data Center West,2024-05-30,P4-KPI7,Business Case Validation,P4,77.27,90.0,>,%
60009,E2E Full Test Corporation 1769042473 - Data Center West,2024-06-29,P4-KPI7,Business Case Validation,P4,87.48,90.0,>,%
60009,E2E Full Test Corporation 1769042473 - Data Center West,2024-07-29,P4-KPI7,Business Case Validation,P4,87.48,90.0,>,%
60009,E2E Full Test Corporation 1769042473 - Data Center West,2024-08-28,P4-KPI7,Business Case Validation,P4,86.31,90.0,>,%
60009,E2E Full Test Corporation 1769042473 - Data Center West,2024-09-27,P4-KPI7,Business Case Validation,P4,79.97,90.0,>,%
60009,E2E Full Test Corporation 1769042473 - Data Center West,2024-10-27,P4-KPI7,Business Case Validation,P4,80.97,90.0,>,%
60009,E2E Full Test Corporation 1769042473 - Data Center West,2024-11-26,P4-KPI7,Business Case Validation,P4,85.53,90.0,>,%
60009,E2E Full Test Corporation 1769042473 - Data Center West,2024-01-01,P5-KPI1,Executive Sponsorship,P5,3.69,4.5,>,score
60009,E2E Full Test Corporation 1769042473 - Data Center West,2024-01-31,P5-KPI1,Executive Sponsorship,P5,3.83,4.5,>,score
60009,E2E Full Test Corporation 1769042473 - Data Center West,2024-03-01,P5-KPI1,Executive Sponsorship,P5,3.87,4.5,>,score
60009,E2E Full Test Corporation 1769042473 - Data Center West,2024-03-31,P5-KPI1,Executive Sponsorship,P5,3.76,4.5,>,score
60009,E2E Full Test Corporation 1769042473 - Data Center West,2024-04-30,P5-KPI1,Executive Sponsorship,P5,3.67,4.5,>,score
60009,E2E Full Test Corporation 1769042473 - Data Center West,2024-05-30,P5-KPI1,Executive Sponsorship,P5,3.94,4.5,>,score
60009,E2E Full Test Corporation 1769042473 - Data Center West,2024-06-29,P5-KPI1,Executive Sponsorship,P5,4.06,4.5,>,score
60009,E2E Full Test Corporation 1769042473 - Data Center West,2024-07-29,P5-KPI1,Executive Sponsorship,P5,4.0,4.5,>,score
60009,E2E Full Test Corporation 1769042473 - Data Center West,2024-08-28,P5-KPI1,Executive Sponsorship,P5,4.04,4.5,>,score
60009,E2E Full Test Corporation 1769042473 - Data Center West,2024-09-27,P5-KPI1,Executive Sponsorship,P5,4.12,4.5,>,score
60009,E2E Full Test Corporation 1769042473 - Data Center West,2024-10-27,P5-KPI1,Executive Sponsorship,P5,4.01,4.5,>,score
60009,E2E Full Test Corporation 1769042473 - Data Center West,2024-11-26,P5-KPI1,Executive Sponsorship,P5,4.1,4.5,>,score
60009,E2E Full Test Corporation 1769042473 - Data Center West,2024-01-01,P5-KPI2,Renewal Likelihood,P5,84.22,95.0,>,%
60009,E2E Full Test Corporation 1769042473 - Data Center West,2024-01-31,P5-KPI2,Renewal Likelihood,P5,85.44,95.0,>,%
60009,E2E Full Test Corporation 1769042473 - Data Center West,2024-03-01,P5-KPI2,Renewal Likelihood,P5,87.59,95.0,>,%
60009,E2E Full Test Corporation 1769042473 - Data Center West,2024-03-31,P5-KPI2,Renewal Likelihood,P5,87.17,95.0,>,%
60009,E2E Full Test Corporation 1769042473 - Data Center West,2024-04-30,P5-KPI2,Renewal Likelihood,P5,85.19,95.0,>,%
60009,E2E Full Test Corporation 1769042473 - Data Center West,2024-05-30,P5-KPI2,Renewal Likelihood,P5,84.57,95.0,>,%
60009,E2E Full Test Corporation 1769042473 - Data Center West,2024-06-29,P5-KPI2,Renewal Likelihood,P5,88.74,95.0,>,%
60009,E2E Full Test Corporation 1769042473 - Data Center West,2024-07-29,P5-KPI2,Renewal Likelihood,P5,85.35,95.0,>,%
60009,E2E Full Test Corporation 1769042473 - Data Center West,2024-08-28,P5-KPI2,Renewal Likelihood,P5,83.89,95.0,>,%
60009,E2E Full Test Corporation 1769042473 - Data Center West,2024-09-27,P5-KPI2,Renewal Likelihood,P5,85.18,95.0,>,%
60009,E2E Full Test Corporation 1769042473 - Data Center West,2024-10-27,P5-KPI2,Renewal Likelihood,P5,84.3,95.0,>,%
60009,E2E Full Test Corporation 1769042473 - Data Center West,2024-11-26,P5-KPI2,Renewal Likelihood,P5,93.42,95.0,>,%
60009,E2E Full Test Corporation 1769042473 - Data Center West,2024-01-01,P5-KPI3,Expansion Pipeline,P5,1.38,2.0,>,$M
60009,E2E Full Test Corporation 1769042473 - Data Center West,2024-01-31,P5-KPI3,Expansion Pipeline,P5,1.33,2.0,>,$M
60009,E2E Full Test Corporation 1769042473 - Data Center West,2024-03-01,P5-KPI3,Expansion Pipeline,P5,1.37,2.0,>,$M
60009,E2E Full Test Corporation 1769042473 - Data Center West,2024-03-31,P5-KPI3,Expansion Pipeline,P5,1.37,2.0,>,$M
60009,E2E Full Test Corporation 1769042473 - Data Center West,2024-04-30,P5-KPI3,Expansion Pipeline,P5,1.31,2.0,>,$M
60009,E2E Full Test Corporation 1769042473 - Data Center West,2024-05-30,P5-KPI3,Expansion Pipeline,P5,1.29,2.0,>,$M
60009,E2E Full Test Corporation 1769042473 - Data Center West,2024-06-29,P5-KPI3,Expansion Pipeline,P5,1.63,2.0,>,$M
60009,E2E Full Test Corporation 1769042473 - Data Center West,2024-07-29,P5-KPI3,Expansion Pipeline,P5,1.62,2.0,>,$M
60009,E2E Full Test Corporation 1769042473 - Data Center West,2024-08-28,P5-KPI3,Expansion Pipeline,P5,1.53,2.0,>,$M
60009,E2E Full Test Corporation 1769042473 - Data Center West,2024-09-27,P5-KPI3,Expansion Pipeline,P5,1.54,2.0,>,$M
60009,E2E Full Test Corporation 1769042473 - Data Center West,2024-10-27,P5-KPI3,Expansion Pipeline,P5,1.57,2.0,>,$M
60009,E2E Full Test Corporation 1769042473 - Data Center West,2024-11-26,P5-KPI3,Expansion Pipeline,P5,1.72,2.0,>,$M
60009,E2E Full Test Corporation 1769042473 - Data Center West,2024-01-01,P5-KPI4,Reference Willingness,P5,3.12,4.0,>,score
60009,E2E Full Test Corporation 1769042473 - Data Center West,2024-01-31,P5-KPI4,Reference Willingness,P5,3.2,4.0,>,score
60009,E2E Full Test Corporation 1769042473 - Data Center West,2024-03-01,P5-KPI4,Reference Willingness,P5,3.08,4.0,>,score
60009,E2E Full Test Corporation 1769042473 - Data Center West,2024-03-31,P5-KPI4,Reference Willingness,P5,3.01,4.0,>,score
60009,E2E Full Test Corporation 1769042473 - Data Center West,2024-04-30,P5-KPI4,Reference Willingness,P5,2.96,4.0,>,score
60009,E2E Full Test Corporation 1769042473 - Data Center West,2024-05-30,P5-KPI4,Reference Willingness,P5,2.96,4.0,>,score
60009,E2E Full Test Corporation 1769042473 - Data Center West,2024-06-29,P5-KPI4,Reference Willingness,P5,3.5,4.0,>,score
60009,E2E Full Test Corporation 1769042473 - Data Center West,2024-07-29,P5-KPI4,Reference Willingness,P5,3.49,4.0,>,score
60009,E2E Full Test Corporation 1769042473 - Data Center West,2024-08-28,P5-KPI4,Reference Willingness,P5,3.23,4.0,>,score
60009,E2E Full Test Corporation 1769042473 - Data Center West,2024-09-27,P5-KPI4,Reference Willingness,P5,3.27,4.0,>,score
60009,E2E Full Test Corporation 1769042473 - Data Center West,2024-10-27,P5-KPI4,Reference Willingness,P5,3.48,4.0,>,score
60009,E2E Full Test Corporation 1769042473 - Data Center West,2024-11-26,P5-KPI4,Reference Willingness,P5,3.57,4.0,>,score
60009,E2E Full Test Corporation 1769042473 - Data Center West,2024-01-01,P5-KPI5,Strategic Alignment,P5,73.91,85.0,>,score
60009,E2E Full Test Corporation 1769042473 - Data Center West,2024-01-31,P5-KPI5,Strategic Alignment,P5,71.78,85.0,>,score
60009,E2E Full Test Corporation 1769042473 - Data Center West,2024-03-01,P5-KPI5,Strategic Alignment,P5,76.3,85.0,>,score
60009,E2E Full Test Corporation 1769042473 - Data Center West,2024-03-31,P5-KPI5,Strategic Alignment,P5,77.32,85.0,>,score
60009,E2E Full Test Corporation 1769042473 - Data Center West,2024-04-30,P5-KPI5,Strategic Alignment,P5,72.63,85.0,>,score
60009,E2E Full Test Corporation 1769042473 - Data Center West,2024-05-30,P5-KPI5,Strategic Alignment,P5,71.57,85.0,>,score
60009,E2E Full Test Corporation 1769042473 - Data Center West,2024-06-29,P5-KPI5,Strategic Alignment,P5,76.26,85.0,>,score
60009,E2E Full Test Corporation 1769042473 - Data Center West,2024-07-29,P5-KPI5,Strategic Alignment,P5,75.63,85.0,>,score
60009,E2E Full Test Corporation 1769042473 - Data Center West,2024-08-28,P5-KPI5,Strategic Alignment,P5,76.54,85.0,>,score
60009,E2E Full Test Corporation 1769042473 - Data Center West,2024-09-27,P5-KPI5,Strategic Alignment,P5,74.4,85.0,>,score
60009,E2E Full Test Corporation 1769042473 - Data Center West,2024-10-27,P5-KPI5,Strategic Alignment,P5,76.44,85.0,>,score
60009,E2E Full Test Corporation 1769042473 - Data Center West,2024-11-26,P5-KPI5,Strategic Alignment,P5,82.38,85.0,>,score
60009,E2E Full Test Corporation 1769042473 - Data Center West,2024-01-01,P5-KPI6,Partnership Depth,P5,67.53,80.0,>,score
60009,E2E Full Test Corporation 1769042473 - Data Center West,2024-01-31,P5-KPI6,Partnership Depth,P5,67.63,80.0,>,score
60009,E2E Full Test Corporation 1769042473 - Data Center West,2024-03-01,P5-KPI6,Partnership Depth,P5,64.55,80.0,>,score
60009,E2E Full Test Corporation 1769042473 - Data Center West,2024-03-31,P5-KPI6,Partnership Depth,P5,63.26,80.0,>,score
60009,E2E Full Test Corporation 1769042473 - Data Center West,2024-04-30,P5-KPI6,Partnership Depth,P5,64.41,80.0,>,score
60009,E2E Full Test Corporation 1769042473 - Data Center West,2024-05-30,P5-KPI6,Partnership Depth,P5,68.66,80.0,>,score
60009,E2E Full Test Corporation 1769042473 - Data Center West,2024-06-29,P5-KPI6,Partnership Depth,P5,70.44,80.0,>,score
60009,E2E Full Test Corporation 1769042473 - Data Center West,2024-07-29,P5-KPI6,Partnership Depth,P5,71.12,80.0,>,score
60009,E2E Full Test Corporation 1769042473 - Data Center West,2024-08-28,P5-KPI6,Partnership Depth,P5,68.99,80.0,>,score
60009,E2E Full Test Corporation 1769042473 - Data Center West,2024-09-27,P5-KPI6,Partnership Depth,P5,72.88,80.0,>,score
60009,E2E Full Test Corporation 1769042473 - Data Center West,2024-10-27,P5-KPI6,Partnership Depth,P5,73.34,80.0,>,score
60009,E2E Full Test Corporation 1769042473 - Data Center West,2024-11-26,P5-KPI6,Partnership Depth,P5,74.5,80.0,>,score
60009,E2E Full Test Corporation 1769042473 - Data Center West,2024-01-01,P5-KPI7,NPS Score,P5,55.81,70.0,>,score
60009,E2E Full Test Corporation 1769042473 - Data Center West,2024-01-31,P5-KPI7,NPS Score,P5,56.57,70.0,>,score
60009,E2E Full Test Corporation 1769042473 - Data Center West,2024-03-01,P5-KPI7,NPS Score,P5,58.03,70.0,>,score
60009,E2E Full Test Corporation 1769042473 - Data Center West,2024-03-31,P5-KPI7,NPS Score,P5,58.23,70.0,>,score
60009,E2E Full Test Corporation 1769042473 - Data Center West,2024-04-30,P5-KPI7,NPS Score,P5,55.44,70.0,>,score
60009,E2E Full Test Corporation 1769042473 - Data Center West,2024-05-30,P5-KPI7,NPS Score,P5,55.51,70.0,>,score
60009,E2E Full Test Corporation 1769042473 - Data Center West,2024-06-29,P5-KPI7,NPS Score,P5,59.84,70.0,>,score
60009,E2E Full Test Corporation 1769042473 - Data Center West,2024-07-29,P5-KPI7,NPS Score,P5,58.43,70.0,>,score
60009,E2E Full Test Corporation 1769042473 - Data Center West,2024-08-28,P5-KPI7,NPS Score,P5,60.95,70.0,>,score
60009,E2E Full Test Corporation 1769042473 - Data Center West,2024-09-27,P5-KPI7,NPS Score,P5,63.7,70.0,>,score
60009,E2E Full Test Corporation 1769042473 - Data Center West,2024-10-27,P5-KPI7,NPS Score,P5,62.45,70.0,>,score
60009,E2E Full Test Corporation 1769042473 - Data Center West,2024-11-26,P5-KPI7,NPS Score,P5,64.9,70.0,>,score
60010,E2E Full Test Corporation 1769042473 - Infrastructure,2024-01-01,P1-KPI1,System Uptime,P1,98.0,99.9,>,%
60010,E2E Full Test Corporation 1769042473 - Infrastructure,2024-01-31,P1-KPI1,System Uptime,P1,98.0,99.9,>,%
60010,E2E Full Test Corporation 1769042473 - Infrastructure,2024-03-01,P1-KPI1,System Uptime,P1,98.0,99.9,>,%
60010,E2E Full Test Corporation 1769042473 - Infrastructure,2024-03-31,P1-KPI1,System Uptime,P1,100.0,99.9,>,%
60010,E2E Full Test Corporation 1769042473 - Infrastructure,2024-04-30,P1-KPI1,System Uptime,P1,98.0,99.9,>,%
60010,E2E Full Test Corporation 1769042473 - Infrastructure,2024-05-30,P1-KPI1,System Uptime,P1,99.02,99.9,>,%
60010,E2E Full Test Corporation 1769042473 - Infrastructure,2024-06-29,P1-KPI1,System Uptime,P1,100.0,99.9,>,%
60010,E2E Full Test Corporation 1769042473 - Infrastructure,2024-07-29,P1-KPI1,System Uptime,P1,100.0,99.9,>,%
60010,E2E Full Test Corporation 1769042473 - Infrastructure,2024-08-28,P1-KPI1,System Uptime,P1,98.0,99.9,>,%
60010,E2E Full Test Corporation 1769042473 - Infrastructure,2024-09-27,P1-KPI1,System Uptime,P1,100.0,99.9,>,%
60010,E2E Full Test Corporation 1769042473 - Infrastructure,2024-10-27,P1-KPI1,System Uptime,P1,98.0,99.9,>,%
60010,E2E Full Test Corporation 1769042473 - Infrastructure,2024-11-26,P1-KPI1,System Uptime,P1,100.0,99.9,>,%
60010,E2E Full Test Corporation 1769042473 - Infrastructure,2024-01-01,P1-KPI2,Mean Time to Resolution,P1,2.92,2.0,<,hours
60010,E2E Full Test Corporation 1769042473 - Infrastructure,2024-01-31,P1-KPI2,Mean Time to Resolution,P1,2.76,2.0,<,hours
60010,E2E Full Test Corporation 1769042473 - Infrastructure,2024-03-01,P1-KPI2,Mean Time to Resolution,P1,2.79,2.0,<,hours
60010,E2E Full Test Corporation 1769042473 - Infrastructure,2024-03-31,P1-KPI2,Mean Time to Resolution,P1,3.81,2.0,<,hours
60010,E2E Full Test Corporation 1769042473 - Infrastructure,2024-04-30,P1-KPI2,Mean Time to Resolution,P1,3.9,2.0,<,hours
60010,E2E Full Test Corporation 1769042473 - Infrastructure,2024-05-30,P1-KPI2,Mean Time to Resolution,P1,3.93,2.0,<,hours
60010,E2E Full Test Corporation 1769042473 - Infrastructure,2024-06-29,P1-KPI2,Mean Time to Resolution,P1,3.63,2.0,<,hours
60010,E2E Full Test Corporation 1769042473 - Infrastructure,2024-07-29,P1-KPI2,Mean Time to Resolution,P1,3.72,2.0,<,hours
60010,E2E Full Test Corporation 1769042473 - Infrastructure,2024-08-28,P1-KPI2,Mean Time to Resolution,P1,3.92,2.0,<,hours
60010,E2E Full Test Corporation 1769042473 - Infrastructure,2024-09-27,P1-KPI2,Mean Time to Resolution,P1,4.73,2.0,<,hours
60010,E2E Full Test Corporation 1769042473 - Infrastructure,2024-10-27,P1-KPI2,Mean Time to Resolution,P1,4.51,2.0,<,hours
60010,E2E Full Test Corporation 1769042473 - Infrastructure,2024-11-26,P1-KPI2,Mean Time to Resolution,P1,4.52,2.0,<,hours
60010,E2E Full Test Corporation 1769042473 - Infrastructure,2024-01-01,P1-KPI3,GPU Utilization,P1,82.41,85.0,>,%
60010,E2E Full Test Corporation 1769042473 - Infrastructure,2024-01-31,P1-KPI3,GPU Utilization,P1,77.72,85.0,>,%
60010,E2E Full Test Corporation 1769042473 - Infrastructure,2024-03-01,P1-KPI3,GPU Utilization,P1,81.31,85.0,>,%
60010,E2E Full Test Corporation 1769042473 - Infrastructure,2024-03-31,P1-KPI3,GPU Utilization,P1,75.01,85.0,>,%
60010,E2E Full Test Corporation 1769042473 - Infrastructure,2024-04-30,P1-KPI3,GPU Utilization,P1,78.56,85.0,>,%
60010,E2E Full Test Corporation 1769042473 - Infrastructure,2024-05-30,P1-KPI3,GPU Utilization,P1,74.35,85.0,>,%
60010,E2E Full Test Corporation 1769042473 - Infrastructure,2024-06-29,P1-KPI3,GPU Utilization,P1,73.93,85.0,>,%
60010,E2E Full Test Corporation 1769042473 - Infrastructure,2024-07-29,P1-KPI3,GPU Utilization,P1,81.31,85.0,>,%
60010,E2E Full Test Corporation 1769042473 - Infrastructure,2024-08-28,P1-KPI3,GPU Utilization,P1,75.05,85.0,>,%
60010,E2E Full Test Corporation 1769042473 - Infrastructure,2024-09-27,P1-KPI3,GPU Utilization,P1,76.49,85.0,>,%
60010,E2E Full Test Corporation 1769042473 - Infrastructure,2024-10-27,P1-KPI3,GPU Utilization,P1,75.03,85.0,>,%
60010,E2E Full Test Corporation 1769042473 - Infrastructure,2024-11-26,P1-KPI3,GPU Utilization,P1,74.92,85.0,>,%
60010,E2E Full Test Corporation 1769042473 - Infrastructure,2024-01-01,P1-KPI4,Network Latency,P1,15.28,10.0,<,ms
60010,E2E Full Test Corporation 1769042473 - Infrastructure,2024-01-31,P1-KPI4,Network Latency,P1,15.6,10.0,<,ms
60010,E2E Full Test Corporation 1769042473 - Infrastructure,2024-03-01,P1-KPI4,Network Latency,P1,15.38,10.0,<,ms
60010,E2E Full Test Corporation 1769042473 - Infrastructure,2024-03-31,P1-KPI4,Network Latency,P1,21.27,10.0,<,ms
60010,E2E Full Test Corporation 1769042473 - Infrastructure,2024-04-30,P1-KPI4,Network Latency,P1,22.46,10.0,<,ms
60010,E2E Full Test Corporation 1769042473 - Infrastructure,2024-05-30,P1-KPI4,Network Latency,P1,21.75,10.0,<,ms
60010,E2E Full Test Corporation 1769042473 - Infrastructure,2024-06-29,P1-KPI4,Network Latency,P1,22.19,10.0,<,ms
60010,E2E Full Test Corporation 1769042473 - Infrastructure,2024-07-29,P1-KPI4,Network Latency,P1,22.21,10.0,<,ms
60010,E2E Full Test Corporation 1769042473 - Infrastructure,2024-08-28,P1-KPI4,Network Latency,P1,21.61,10.0,<,ms
60010,E2E Full Test Corporation 1769042473 - Infrastructure,2024-09-27,P1-KPI4,Network Latency,P1,26.98,10.0,<,ms
60010,E2E Full Test Corporation 1769042473 - Infrastructure,2024-10-27,P1-KPI4,Network Latency,P1,27.63,10.0,<,ms
60010,E2E Full Test Corporation 1769042473 - Infrastructure,2024-11-26,P1-KPI4,Network Latency,P1,27.31,10.0,<,ms
60010,E2E Full Test Corporation 1769042473 - Infrastructure,2024-01-01,P1-KPI5,Storage Performance,P1,95509.83,100000.0,>,IOPS
60010,E2E Full Test Corporation 1769042473 - Infrastructure,2024-01-31,P1-KPI5,Storage Performance,P1,90167.78,100000.0,>,IOPS
60010,E2E Full Test Corporation 1769042473 - Infrastructure,2024-03-01,P1-KPI5,Storage Performance,P1,91090.35,100000.0,>,IOPS
60010,E2E Full Test Corporation 1769042473 - Infrastructure,2024-03-31,P1-KPI5,Storage Performance,P1,83640.57,100000.0,>,IOPS
60010,E2E Full Test Corporation 1769042473 - Infrastructure,2024-04-30,P1-KPI5,Storage Performance,P1,81532.85,100000.0,>,IOPS
60010,E2E Full Test Corporation 1769042473 - Infrastructure,2024-05-30,P1-KPI5,Storage Performance,P1,81608.01,100000.0,>,IOPS
60010,E2E Full Test Corporation 1769042473 - Infrastructure,2024-06-29,P1-KPI5,Storage Performance,P1,83751.37,100000.0,>,IOPS
60010,E2E Full Test Corporation 1769042473 - Infrastructure,2024-07-29,P1-KPI5,Storage Performance,P1,87899.84,100000.0,>,IOPS
60010,E2E Full Test Corporation 1769042473 - Infrastructure,2024-08-28,P1-KPI5,Storage Performance,P1,85576.91,100000.0,>,IOPS
60010,E2E Full Test Corporation 1769042473 - Infrastructure,2024-09-27,P1-KPI5,Storage Performance,P1,78250.59,100000.0,>,IOPS
60010,E2E Full Test Corporation 1769042473 - Infrastructure,2024-10-27,P1-KPI5,Storage Performance,P1,74027.83,100000.0,>,IOPS
60010,E2E Full Test Corporation 1769042473 - Infrastructure,2024-11-26,P1-KPI5,Storage Performance,P1,76763.09,100000.0,>,IOPS
60010,E2E Full Test Corporation 1769042473 - Infrastructure,2024-01-01,P1-KPI6,Cooling Efficiency,P1,1.4,1.3,<,PUE
60010,E2E Full Test Corporation 1769042473 - Infrastructure,2024-01-31,P1-KPI6,Cooling Efficiency,P1,1.35,1.3,<,PUE
60010,E2E Full Test Corporation 1769042473 - Infrastructure,2024-03-01,P1-KPI6,Cooling Efficiency,P1,1.41,1.3,<,PUE
60010,E2E Full Test Corporation 1769042473 - Infrastructure,2024-03-31,P1-KPI6,Cooling Efficiency,P1,1.52,1.3,<,PUE
60010,E2E Full Test Corporation 1769042473 - Infrastructure,2024-04-30,P1-KPI6,Cooling Efficiency,P1,1.43,1.3,<,PUE
60010,E2E Full Test Corporation 1769042473 - Infrastructure,2024-05-30,P1-KPI6,Cooling Efficiency,P1,1.39,1.3,<,PUE
60010,E2E Full Test Corporation 1769042473 - Infrastructure,2024-06-29,P1-KPI6,Cooling Efficiency,P1,1.41,1.3,<,PUE
60010,E2E Full Test Corporation 1769042473 - Infrastructure,2024-07-29,P1-KPI6,Cooling Efficiency,P1,1.52,1.3,<,PUE
60010,E2E Full Test Corporation 1769042473 - Infrastructure,2024-08-28,P1-KPI6,Cooling Efficiency,P1,1.51,1.3,<,PUE
60010,E2E Full Test Corporation 1769042473 - Infrastructure,2024-09-27,P1-KPI6,Cooling Efficiency,P1,1.54,1.3,<,PUE
60010,E2E Full Test Corporation 1769042473 - Infrastructure,2024-10-27,P1-KPI6,Cooling Efficiency,P1,1.52,1.3,<,PUE
60010,E2E Full Test Corporation 1769042473 - Infrastructure,2024-11-26,P1-KPI6,Cooling Efficiency,P1,1.49,1.3,<,PUE
60010,E2E Full Test Corporation 1769042473 - Infrastructure,2024-01-01,P1-KPI7,Power Usage,P1,554.06,500.0,<,kW
60010,E2E Full Test Corporation 1769042473 - Infrastructure,2024-01-31,P1-KPI7,Power Usage,P1,566.41,500.0,<,kW
60010,E2E Full Test Corporation 1769042473 - Infrastructure,2024-03-01,P1-KPI7,Power Usage,P1,561.77,500.0,<,kW
60010,E2E Full Test Corporation 1769042473 - Infrastructure,2024-03-31,P1-KPI7,Power Usage,P1,596.48,500.0,<,kW
60010,E2E Full Test Corporation 1769042473 - Infrastructure,2024-04-30,P1-KPI7,Power Usage,P1,600.82,500.0,<,kW
60010,E2E Full Test Corporation 1769042473 - Infrastructure,2024-05-30,P1-KPI7,Power Usage,P1,614.89,500.0,<,kW
60010,E2E Full Test Corporation 1769042473 - Infrastructure,2024-06-29,P1-KPI7,Power Usage,P1,561.24,500.0,<,kW
60010,E2E Full Test Corporation 1769042473 - Infrastructure,2024-07-29,P1-KPI7,Power Usage,P1,597.77,500.0,<,kW
60010,E2E Full Test Corporation 1769042473 - Infrastructure,2024-08-28,P1-KPI7,Power Usage,P1,597.38,500.0,<,kW
60010,E2E Full Test Corporation 1769042473 - Infrastructure,2024-09-27,P1-KPI7,Power Usage,P1,665.27,500.0,<,kW
60010,E2E Full Test Corporation 1769042473 - Infrastructure,2024-10-27,P1-KPI7,Power Usage,P1,659.01,500.0,<,kW
60010,E2E Full Test Corporation 1769042473 - Infrastructure,2024-11-26,P1-KPI7,Power Usage,P1,645.07,500.0,<,kW
60010,E2E Full Test Corporation 1769042473 - Infrastructure,2024-01-01,P1-KPI8,Thermal Management,P1,27.44,25.0,<,°C
60010,E2E Full Test Corporation 1769042473 - Infrastructure,2024-01-31,P1-KPI8,Thermal Management,P1,26.42,25.0,<,°C
60010,E2E Full Test Corporation 1769042473 - Infrastructure,2024-03-01,P1-KPI8,Thermal Management,P1,27.49,25.0,<,°C
60010,E2E Full Test Corporation 1769042473 - Infrastructure,2024-03-31,P1-KPI8,Thermal Management,P1,29.33,25.0,<,°C
60010,E2E Full Test Corporation 1769042473 - Infrastructure,2024-04-30,P1-KPI8,Thermal Management,P1,27.07,25.0,<,°C
60010,E2E Full Test Corporation 1769042473 - Infrastructure,2024-05-30,P1-KPI8,Thermal Management,P1,27.91,25.0,<,°C
60010,E2E Full Test Corporation 1769042473 - Infrastructure,2024-06-29,P1-KPI8,Thermal Management,P1,28.0,25.0,<,°C
60010,E2E Full Test Corporation 1769042473 - Infrastructure,2024-07-29,P1-KPI8,Thermal Management,P1,28.34,25.0,<,°C
60010,E2E Full Test Corporation 1769042473 - Infrastructure,2024-08-28,P1-KPI8,Thermal Management,P1,27.51,25.0,<,°C
60010,E2E Full Test Corporation 1769042473 - Infrastructure,2024-09-27,P1-KPI8,Thermal Management,P1,30.21,25.0,<,°C
60010,E2E Full Test Corporation 1769042473 - Infrastructure,2024-10-27,P1-KPI8,Thermal Management,P1,29.6,25.0,<,°C
60010,E2E Full Test Corporation 1769042473 - Infrastructure,2024-11-26,P1-KPI8,Thermal Management,P1,30.76,25.0,<,°C
60010,E2E Full Test Corporation 1769042473 - Infrastructure,2024-01-01,P2-KPI1,SLA Compliance,P2,99.93,99.0,>,%
60010,E2E Full Test Corporation 1769042473 - Infrastructure,2024-01-31,P2-KPI1,SLA Compliance,P2,99.03,99.0,>,%
60010,E2E Full Test Corporation 1769042473 - Infrastructure,2024-03-01,P2-KPI1,SLA Compliance,P2,100.0,99.0,>,%
60010,E2E Full Test Corporation 1769042473 - Infrastructure,2024-03-31,P2-KPI1,SLA Compliance,P2,95.23,99.0,>,%
60010,E2E Full Test Corporation 1769042473 - Infrastructure,2024-04-30,P2-KPI1,SLA Compliance,P2,99.44,99.0,>,%
60010,E2E Full Test Corporation 1769042473 - Infrastructure,2024-05-30,P2-KPI1,SLA Compliance,P2,98.53,99.0,>,%
60010,E2E Full Test Corporation 1769042473 - Infrastructure,2024-06-29,P2-KPI1,SLA Compliance,P2,96.28,99.0,>,%
60010,E2E Full Test Corporation 1769042473 - Infrastructure,2024-07-29,P2-KPI1,SLA Compliance,P2,95.0,99.0,>,%
60010,E2E Full Test Corporation 1769042473 - Infrastructure,2024-08-28,P2-KPI1,SLA Compliance,P2,95.0,99.0,>,%
60010,E2E Full Test Corporation 1769042473 - Infrastructure,2024-09-27,P2-KPI1,SLA Compliance,P2,95.0,99.0,>,%
60010,E2E Full Test Corporation 1769042473 - Infrastructure,2024-10-27,P2-KPI1,SLA Compliance,P2,96.01,99.0,>,%
60010,E2E Full Test Corporation 1769042473 - Infrastructure,2024-11-26,P2-KPI1,SLA Compliance,P2,100.0,99.0,>,%
60010,E2E Full Test Corporation 1769042473 - Infrastructure,2024-01-01,P2-KPI2,Incident Response Time,P2,21.4,15.0,<,minutes
60010,E2E Full Test Corporation 1769042473 - Infrastructure,2024-01-31,P2-KPI2,Incident Response Time,P2,21.16,15.0,<,minutes
60010,E2E Full Test Corporation 1769042473 - Infrastructure,2024-03-01,P2-KPI2,Incident Response Time,P2,21.13,15.0,<,minutes
60010,E2E Full Test Corporation 1769042473 - Infrastructure,2024-03-31,P2-KPI2,Incident Response Time,P2,28.38,15.0,<,minutes
60010,E2E Full Test Corporation 1769042473 - Infrastructure,2024-04-30,P2-KPI2,Incident Response Time,P2,29.38,15.0,<,minutes
60010,E2E Full Test Corporation 1769042473 - Infrastructure,2024-05-30,P2-KPI2,Incident Response Time,P2,27.56,15.0,<,minutes
60010,E2E Full Test Corporation 1769042473 - Infrastructure,2024-06-29,P2-KPI2,Incident Response Time,P2,28.77,15.0,<,minutes
60010,E2E Full Test Corporation 1769042473 - Infrastructure,2024-07-29,P2-KPI2,Incident Response Time,P2,28.93,15.0,<,minutes
60010,E2E Full Test Corporation 1769042473 - Infrastructure,2024-08-28,P2-KPI2,Incident Response Time,P2,28.74,15.0,<,minutes
60010,E2E Full Test Corporation 1769042473 - Infrastructure,2024-09-27,P2-KPI2,Incident Response Time,P2,33.55,15.0,<,minutes
60010,E2E Full Test Corporation 1769042473 - Infrastructure,2024-10-27,P2-KPI2,Incident Response Time,P2,34.44,15.0,<,minutes
60010,E2E Full Test Corporation 1769042473 - Infrastructure,2024-11-26,P2-KPI2,Incident Response Time,P2,36.85,15.0,<,minutes
60010,E2E Full Test Corporation 1769042473 - Infrastructure,2024-01-01,P2-KPI3,Change Success Rate,P2,94.96,98.0,>,%
60010,E2E Full Test Corporation 1769042473 - Infrastructure,2024-01-31,P2-KPI3,Change Success Rate,P2,94.38,98.0,>,%
60010,E2E Full Test Corporation 1769042473 - Infrastructure,2024-03-01,P2-KPI3,Change Success Rate,P2,100.0,98.0,>,%
60010,E2E Full Test Corporation 1769042473 - Infrastructure,2024-03-31,P2-KPI3,Change Success Rate,P2,90.91,98.0,>,%
60010,E2E Full Test Corporation 1769042473 - Infrastructure,2024-04-30,P2-KPI3,Change Success Rate,P2,95.02,98.0,>,%
60010,E2E Full Test Corporation 1769042473 - Infrastructure,2024-05-30,P2-KPI3,Change Success Rate,P2,94.33,98.0,>,%
60010,E2E Full Test Corporation 1769042473 - Infrastructure,2024-06-29,P2-KPI3,Change Success Rate,P2,94.46,98.0,>,%
60010,E2E Full Test Corporation 1769042473 - Infrastructure,2024-07-29,P2-KPI3,Change Success Rate,P2,97.83,98.0,>,%
60010,E2E Full Test Corporation 1769042473 - Infrastructure,2024-08-28,P2-KPI3,Change Success Rate,P2,96.39,98.0,>,%
60010,E2E Full Test Corporation 1769042473 - Infrastructure,2024-09-27,P2-KPI3,Change Success Rate,P2,91.58,98.0,>,%
60010,E2E Full Test Corporation 1769042473 - Infrastructure,2024-10-27,P2-KPI3,Change Success Rate,P2,90.3,98.0,>,%
60010,E2E Full Test Corporation 1769042473 - Infrastructure,2024-11-26,P2-KPI3,Change Success Rate,P2,95.05,98.0,>,%
60010,E2E Full Test Corporation 1769042473 - Infrastructure,2024-01-01,P2-KPI4,Backup Success Rate,P2,98.65,100.0,>,%
60010,E2E Full Test Corporation 1769042473 - Infrastructure,2024-01-31,P2-KPI4,Backup Success Rate,P2,100.0,100.0,>,%
60010,E2E Full Test Corporation 1769042473 - Infrastructure,2024-03-01,P2-KPI4,Backup Success Rate,P2,98.87,100.0,>,%
60010,E2E Full Test Corporation 1769042473 - Infrastructure,2024-03-31,P2-KPI4,Backup Success Rate,P2,95.0,100.0,>,%
60010,E2E Full Test Corporation 1769042473 - Infrastructure,2024-04-30,P2-KPI4,Backup Success Rate,P2,96.37,100.0,>,%
60010,E2E Full Test Corporation 1769042473 - Infrastructure,2024-05-30,P2-KPI4,Backup Success Rate,P2,99.91,100.0,>,%
60010,E2E Full Test Corporation 1769042473 - Infrastructure,2024-06-29,P2-KPI4,Backup Success Rate,P2,98.17,100.0,>,%
60010,E2E Full Test Corporation 1769042473 - Infrastructure,2024-07-29,P2-KPI4,Backup Success Rate,P2,95.68,100.0,>,%
60010,E2E Full Test Corporation 1769042473 - Infrastructure,2024-08-28,P2-KPI4,Backup Success Rate,P2,100.0,100.0,>,%
60010,E2E Full Test Corporation 1769042473 - Infrastructure,2024-09-27,P2-KPI4,Backup Success Rate,P2,100.0,100.0,>,%
60010,E2E Full Test Corporation 1769042473 - Infrastructure,2024-10-27,P2-KPI4,Backup Success Rate,P2,100.0,100.0,>,%
60010,E2E Full Test Corporation 1769042473 - Infrastructure,2024-11-26,P2-KPI4,Backup Success Rate,P2,99.12,100.0,>,%
60010,E2E Full Test Corporation 1769042473 - Infrastructure,2024-01-01,P2-KPI5,Patch Compliance,P2,93.6,95.0,>,%
60010,E2E Full Test Corporation 1769042473 - Infrastructure,2024-01-31,P2-KPI5,Patch Compliance,P2,96.27,95.0,>,%
60010,E2E Full Test Corporation 1769042473 - Infrastructure,2024-03-01,P2-KPI5,Patch Compliance,P2,94.75,95.0,>,%
60010,E2E Full Test Corporation 1769042473 - Infrastructure,2024-03-31,P2-KPI5,Patch Compliance,P2,90.24,95.0,>,%
60010,E2E Full Test Corporation 1769042473 - Infrastructure,2024-04-30,P2-KPI5,Patch Compliance,P2,94.88,95.0,>,%
60010,E2E Full Test Corporation 1769042473 - Infrastructure,2024-05-30,P2-KPI5,Patch Compliance,P2,94.95,95.0,>,%
60010,E2E Full Test Corporation 1769042473 - Infrastructure,2024-06-29,P2-KPI5,Patch Compliance,P2,86.84,95.0,>,%
60010,E2E Full Test Corporation 1769042473 - Infrastructure,2024-07-29,P2-KPI5,Patch Compliance,P2,90.21,95.0,>,%
60010,E2E Full Test Corporation 1769042473 - Infrastructure,2024-08-28,P2-KPI5,Patch Compliance,P2,86.84,95.0,>,%
60010,E2E Full Test Corporation 1769042473 - Infrastructure,2024-09-27,P2-KPI5,Patch Compliance,P2,90.36,95.0,>,%
60010,E2E Full Test Corporation 1769042473 - Infrastructure,2024-10-27,P2-KPI5,Patch Compliance,P2,84.74,95.0,>,%
60010,E2E Full Test Corporation 1769042473 - Infrastructure,2024-11-26,P2-KPI5,Patch Compliance,P2,86.67,95.0,>,%
60010,E2E Full Test Corporation 1769042473 - Infrastructure,2024-01-01,P2-KPI6,Service Request Fulfillment,P2,4.01,3.0,<,days
60010,E2E Full Test Corporation 1769042473 - Infrastructure,2024-01-31,P2-KPI6,Service Request Fulfillment,P2,4.16,3.0,<,days
60010,E2E Full Test Corporation 1769042473 - Infrastructure,2024-03-01,P2-KPI6,Service Request Fulfillment,P2,4.07,3.0,<,days
60010,E2E Full Test Corporation 1769042473 - Infrastructure,2024-03-31,P2-KPI6,Service Request Fulfillment,P2,5.01,3.0,<,days
60010,E2E Full Test Corporation 1769042473 - Infrastructure,2024-04-30,P2-KPI6,Service Request Fulfillment,P2,4.92,3.0,<,days
60010,E2E Full Test Corporation 1769042473 - Infrastructure,2024-05-30,P2-KPI6,Service Request Fulfillment,P2,5.2,3.0,<,days
60010,E2E Full Test Corporation 1769042473 - Infrastructure,2024-06-29,P2-KPI6,Service Request Fulfillment,P2,5.14,3.0,<,days
60010,E2E Full Test Corporation 1769042473 - Infrastructure,2024-07-29,P2-KPI6,Service Request Fulfillment,P2,5.23,3.0,<,days
60010,E2E Full Test Corporation 1769042473 - Infrastructure,2024-08-28,P2-KPI6,Service Request Fulfillment,P2,4.89,3.0,<,days
60010,E2E Full Test Corporation 1769042473 - Infrastructure,2024-09-27,P2-KPI6,Service Request Fulfillment,P2,6.23,3.0,<,days
60010,E2E Full Test Corporation 1769042473 - Infrastructure,2024-10-27,P2-KPI6,Service Request Fulfillment,P2,6.36,3.0,<,days
60010,E2E Full Test Corporation 1769042473 - Infrastructure,2024-11-26,P2-KPI6,Service Request Fulfillment,P2,6.31,3.0,<,days
60010,E2E Full Test Corporation 1769042473 - Infrastructure,2024-01-01,P2-KPI7,Capacity Planning Accuracy,P2,90.89,90.0,>,%
60010,E2E Full Test Corporation 1769042473 - Infrastructure,2024-01-31,P2-KPI7,Capacity Planning Accuracy,P2,84.79,90.0,>,%
60010,E2E Full Test Corporation 1769042473 - Infrastructure,2024-03-01,P2-KPI7,Capacity Planning Accuracy,P2,89.56,90.0,>,%
60010,E2E Full Test Corporation 1769042473 - Infrastructure,2024-03-31,P2-KPI7,Capacity Planning Accuracy,P2,82.57,90.0,>,%
60010,E2E Full Test Corporation 1769042473 - Infrastructure,2024-04-30,P2-KPI7,Capacity Planning Accuracy,P2,82.08,90.0,>,%
60010,E2E Full Test Corporation 1769042473 - Infrastructure,2024-05-30,P2-KPI7,Capacity Planning Accuracy,P2,86.65,90.0,>,%
60010,E2E Full Test Corporation 1769042473 - Infrastructure,2024-06-29,P2-KPI7,Capacity Planning Accuracy,P2,86.62,90.0,>,%
60010,E2E Full Test Corporation 1769042473 - Infrastructure,2024-07-29,P2-KPI7,Capacity Planning Accuracy,P2,80.03,90.0,>,%
60010,E2E Full Test Corporation 1769042473 - Infrastructure,2024-08-28,P2-KPI7,Capacity Planning Accuracy,P2,81.67,90.0,>,%
60010,E2E Full Test Corporation 1769042473 - Infrastructure,2024-09-27,P2-KPI7,Capacity Planning Accuracy,P2,80.43,90.0,>,%
60010,E2E Full Test Corporation 1769042473 - Infrastructure,2024-10-27,P2-KPI7,Capacity Planning Accuracy,P2,83.9,90.0,>,%
60010,E2E Full Test Corporation 1769042473 - Infrastructure,2024-11-26,P2-KPI7,Capacity Planning Accuracy,P2,78.92,90.0,>,%
60010,E2E Full Test Corporation 1769042473 - Infrastructure,2024-01-01,P2-KPI8,Documentation Quality,P2,84.45,85.0,>,score
60010,E2E Full Test Corporation 1769042473 - Infrastructure,2024-01-31,P2-KPI8,Documentation Quality,P2,81.83,85.0,>,score
60010,E2E Full Test Corporation 1769042473 - Infrastructure,2024-03-01,P2-KPI8,Documentation Quality,P2,80.53,85.0,>,score
60010,E2E Full Test Corporation 1769042473 - Infrastructure,2024-03-31,P2-KPI8,Documentation Quality,P2,79.27,85.0,>,score
60010,E2E Full Test Corporation 1769042473 - Infrastructure,2024-04-30,P2-KPI8,Documentation Quality,P2,77.82,85.0,>,score
60010,E2E Full Test Corporation 1769042473 - Infrastructure,2024-05-30,P2-KPI8,Documentation Quality,P2,76.2,85.0,>,score
60010,E2E Full Test Corporation 1769042473 - Infrastructure,2024-06-29,P2-KPI8,Documentation Quality,P2,74.95,85.0,>,score
60010,E2E Full Test Corporation 1769042473 - Infrastructure,2024-07-29,P2-KPI8,Documentation Quality,P2,73.75,85.0,>,score
60010,E2E Full Test Corporation 1769042473 - Infrastructure,2024-08-28,P2-KPI8,Documentation Quality,P2,78.4,85.0,>,score
60010,E2E Full Test Corporation 1769042473 - Infrastructure,2024-09-27,P2-KPI8,Documentation Quality,P2,73.44,85.0,>,score
60010,E2E Full Test Corporation 1769042473 - Infrastructure,2024-10-27,P2-KPI8,Documentation Quality,P2,74.65,85.0,>,score
60010,E2E Full Test Corporation 1769042473 - Infrastructure,2024-11-26,P2-KPI8,Documentation Quality,P2,70.45,85.0,>,score
60010,E2E Full Test Corporation 1769042473 - Infrastructure,2024-01-01,P3-KPI1,CSAT Score,P3,4.26,4.5,>,score
60010,E2E Full Test Corporation 1769042473 - Infrastructure,2024-01-31,P3-KPI1,CSAT Score,P3,4.08,4.5,>,score
60010,E2E Full Test Corporation 1769042473 - Infrastructure,2024-03-01,P3-KPI1,CSAT Score,P3,4.45,4.5,>,score
60010,E2E Full Test Corporation 1769042473 - Infrastructure,2024-03-31,P3-KPI1,CSAT Score,P3,4.14,4.5,>,score
60010,E2E Full Test Corporation 1769042473 - Infrastructure,2024-04-30,P3-KPI1,CSAT Score,P3,4.2,4.5,>,score
60010,E2E Full Test Corporation 1769042473 - Infrastructure,2024-05-30,P3-KPI1,CSAT Score,P3,3.98,4.5,>,score
60010,E2E Full Test Corporation 1769042473 - Infrastructure,2024-06-29,P3-KPI1,CSAT Score,P3,4.08,4.5,>,score
60010,E2E Full Test Corporation 1769042473 - Infrastructure,2024-07-29,P3-KPI1,CSAT Score,P3,4.02,4.5,>,score
60010,E2E Full Test Corporation 1769042473 - Infrastructure,2024-08-28,P3-KPI1,CSAT Score,P3,4.07,4.5,>,score
60010,E2E Full Test Corporation 1769042473 - Infrastructure,2024-09-27,P3-KPI1,CSAT Score,P3,3.67,4.5,>,score
60010,E2E Full Test Corporation 1769042473 - Infrastructure,2024-10-27,P3-KPI1,CSAT Score,P3,3.89,4.5,>,score
60010,E2E Full Test Corporation 1769042473 - Infrastructure,2024-11-26,P3-KPI1,CSAT Score,P3,4.01,4.5,>,score
60010,E2E Full Test Corporation 1769042473 - Infrastructure,2024-01-01,P3-KPI2,Support Ticket Volume,P3,31.65,20.0,<,tickets
60010,E2E Full Test Corporation 1769042473 - Infrastructure,2024-01-31,P3-KPI2,Support Ticket Volume,P3,30.77,20.0,<,tickets
60010,E2E Full Test Corporation 1769042473 - Infrastructure,2024-03-01,P3-KPI2,Support Ticket Volume,P3,32.23,20.0,<,tickets
60010,E2E Full Test Corporation 1769042473 - Infrastructure,2024-03-31,P3-KPI2,Support Ticket Volume,P3,45.52,20.0,<,tickets
60010,E2E Full Test Corporation 1769042473 - Infrastructure,2024-04-30,P3-KPI2,Support Ticket Volume,P3,46.03,20.0,<,tickets
60010,E2E Full Test Corporation 1769042473 - Infrastructure,2024-05-30,P3-KPI2,Support Ticket Volume,P3,44.25,20.0,<,tickets
60010,E2E Full Test Corporation 1769042473 - Infrastructure,2024-06-29,P3-KPI2,Support Ticket Volume,P3,42.57,20.0,<,tickets
60010,E2E Full Test Corporation 1769042473 - Infrastructure,2024-07-29,P3-KPI2,Support Ticket Volume,P3,43.71,20.0,<,tickets
60010,E2E Full Test Corporation 1769042473 - Infrastructure,2024-08-28,P3-KPI2,Support Ticket Volume,P3,45.72,20.0,<,tickets
60010,E2E Full Test Corporation 1769042473 - Infrastructure,2024-09-27,P3-KPI2,Support Ticket Volume,P3,53.85,20.0,<,tickets
60010,E2E Full Test Corporation 1769042473 - Infrastructure,2024-10-27,P3-KPI2,Support Ticket Volume,P3,57.46,20.0,<,tickets
60010,E2E Full Test Corporation 1769042473 - Infrastructure,2024-11-26,P3-KPI2,Support Ticket Volume,P3,53.35,20.0,<,tickets
60010,E2E Full Test Corporation 1769042473 - Infrastructure,2024-01-01,P3-KPI3,First Contact Resolution,P3,71.66,75.0,>,%
60010,E2E Full Test Corporation 1769042473 - Infrastructure,2024-01-31,P3-KPI3,First Contact Resolution,P3,70.34,75.0,>,%
60010,E2E Full Test Corporation 1769042473 - Infrastructure,2024-03-01,P3-KPI3,First Contact Resolution,P3,71.96,75.0,>,%
60010,E2E Full Test Corporation 1769042473 - Infrastructure,2024-03-31,P3-KPI3,First Contact Resolution,P3,68.0,75.0,>,%
60010,E2E Full Test Corporation 1769042473 - Infrastructure,2024-04-30,P3-KPI3,First Contact Resolution,P3,64.64,75.0,>,%
60010,E2E Full Test Corporation 1769042473 - Infrastructure,2024-05-30,P3-KPI3,First Contact Resolution,P3,66.96,75.0,>,%
60010,E2E Full Test Corporation 1769042473 - Infrastructure,2024-06-29,P3-KPI3,First Contact Resolution,P3,69.01,75.0,>,%
60010,E2E Full Test Corporation 1769042473 - Infrastructure,2024-07-29,P3-KPI3,First Contact Resolution,P3,66.28,75.0,>,%
60010,E2E Full Test Corporation 1769042473 - Infrastructure,2024-08-28,P3-KPI3,First Contact Resolution,P3,64.82,75.0,>,%
60010,E2E Full Test Corporation 1769042473 - Infrastructure,2024-09-27,P3-KPI3,First Contact Resolution,P3,62.09,75.0,>,%
60010,E2E Full Test Corporation 1769042473 - Infrastructure,2024-10-27,P3-KPI3,First Contact Resolution,P3,66.8,75.0,>,%
60010,E2E Full Test Corporation 1769042473 - Infrastructure,2024-11-26,P3-KPI3,First Contact Resolution,P3,62.46,75.0,>,%
60010,E2E Full Test Corporation 1769042473 - Infrastructure,2024-01-01,P3-KPI4,Training Completion,P3,84.15,90.0,>,%
60010,E2E Full Test Corporation 1769042473 - Infrastructure,2024-01-31,P3-KPI4,Training Completion,P3,84.41,90.0,>,%
60010,E2E Full Test Corporation 1769042473 - Infrastructure,2024-03-01,P3-KPI4,Training Completion,P3,83.34,90.0,>,%
60010,E2E Full Test Corporation 1769042473 - Infrastructure,2024-03-31,P3-KPI4,Training Completion,P3,83.66,90.0,>,%
60010,E2E Full Test Corporation 1769042473 - Infrastructure,2024-04-30,P3-KPI4,Training Completion,P3,82.23,90.0,>,%
60010,E2E Full Test Corporation 1769042473 - Infrastructure,2024-05-30,P3-KPI4,Training Completion,P3,77.74,90.0,>,%
60010,E2E Full Test Corporation 1769042473 - Infrastructure,2024-06-29,P3-KPI4,Training Completion,P3,79.79,90.0,>,%
60010,E2E Full Test Corporation 1769042473 - Infrastructure,2024-07-29,P3-KPI4,Training Completion,P3,84.74,90.0,>,%
60010,E2E Full Test Corporation 1769042473 - Infrastructure,2024-08-28,P3-KPI4,Training Completion,P3,85.01,90.0,>,%
60010,E2E Full Test Corporation 1769042473 - Infrastructure,2024-09-27,P3-KPI4,Training Completion,P3,78.0,90.0,>,%
60010,E2E Full Test Corporation 1769042473 - Infrastructure,2024-10-27,P3-KPI4,Training Completion,P3,72.82,90.0,>,%
60010,E2E Full Test Corporation 1769042473 - Infrastructure,2024-11-26,P3-KPI4,Training Completion,P3,77.79,90.0,>,%
60010,E2E Full Test Corporation 1769042473 - Infrastructure,2024-01-01,P3-KPI5,User Adoption Rate,P3,73.98,80.0,>,%
60010,E2E Full Test Corporation 1769042473 - Infrastructure,2024-01-31,P3-KPI5,User Adoption Rate,P3,77.65,80.0,>,%
60010,E2E Full Test Corporation 1769042473 - Infrastructure,2024-03-01,P3-KPI5,User Adoption Rate,P3,79.24,80.0,>,%
60010,E2E Full Test Corporation 1769042473 - Infrastructure,2024-03-31,P3-KPI5,User Adoption Rate,P3,74.52,80.0,>,%
60010,E2E Full Test Corporation 1769042473 - Infrastructure,2024-04-30,P3-KPI5,User Adoption Rate,P3,73.04,80.0,>,%
60010,E2E Full Test Corporation 1769042473 - Infrastructure,2024-05-30,P3-KPI5,User Adoption Rate,P3,67.5,80.0,>,%
60010,E2E Full Test Corporation 1769042473 - Infrastructure,2024-06-29,P3-KPI5,User Adoption Rate,P3,72.43,80.0,>,%
60010,E2E Full Test Corporation 1769042473 - Infrastructure,2024-07-29,P3-KPI5,User Adoption Rate,P3,70.41,80.0,>,%
60010,E2E Full Test Corporation 1769042473 - Infrastructure,2024-08-28,P3-KPI5,User Adoption Rate,P3,67.73,80.0,>,%
60010,E2E Full Test Corporation 1769042473 - Infrastructure,2024-09-27,P3-KPI5,User Adoption Rate,P3,66.17,80.0,>,%
60010,E2E Full Test Corporation 1769042473 - Infrastructure,2024-10-27,P3-KPI5,User Adoption Rate,P3,69.25,80.0,>,%
60010,E2E Full Test Corporation 1769042473 - Infrastructure,2024-11-26,P3-KPI5,User Adoption Rate,P3,65.14,80.0,>,%
60010,E2E Full Test Corporation 1769042473 - Infrastructure,2024-01-01,P3-KPI6,Executive Engagement,P3,3.8,4.0,>,meetings/quarter
60010,E2E Full Test Corporation 1769042473 - Infrastructure,2024-01-31,P3-KPI6,Executive Engagement,P3,3.61,4.0,>,meetings/quarter
60010,E2E Full Test Corporation 1769042473 - Infrastructure,2024-03-01,P3-KPI6,Executive Engagement,P3,3.71,4.0,>,meetings/quarter
60010,E2E Full Test Corporation 1769042473 - Infrastructure,2024-03-31,P3-KPI6,Executive Engagement,P3,3.53,4.0,>,meetings/quarter
60010,E2E Full Test Corporation 1769042473 - Infrastructure,2024-04-30,P3-KPI6,Executive Engagement,P3,3.54,4.0,>,meetings/quarter
60010,E2E Full Test Corporation 1769042473 - Infrastructure,2024-05-30,P3-KPI6,Executive Engagement,P3,3.42,4.0,>,meetings/quarter
60010,E2E Full Test Corporation 1769042473 - Infrastructure,2024-06-29,P3-KPI6,Executive Engagement,P3,3.46,4.0,>,meetings/quarter
60010,E2E Full Test Corporation 1769042473 - Infrastructure,2024-07-29,P3-KPI6,Executive Engagement,P3,3.45,4.0,>,meetings/quarter
60010,E2E Full Test Corporation 1769042473 - Infrastructure,2024-08-28,P3-KPI6,Executive Engagement,P3,3.39,4.0,>,meetings/quarter
60010,E2E Full Test Corporation 1769042473 - Infrastructure,2024-09-27,P3-KPI6,Executive Engagement,P3,3.12,4.0,>,meetings/quarter
60010,E2E Full Test Corporation 1769042473 - Infrastructure,2024-10-27,P3-KPI6,Executive Engagement,P3,3.06,4.0,>,meetings/quarter
60010,E2E Full Test Corporation 1769042473 - Infrastructure,2024-11-26,P3-KPI6,Executive Engagement,P3,2.98,4.0,>,meetings/quarter
60010,E2E Full Test Corporation 1769042473 - Infrastructure,2024-01-01,P3-KPI7,Response Time SLA,P3,45.66,30.0,<,minutes
60010,E2E Full Test Corporation 1769042473 - Infrastructure,2024-01-31,P3-KPI7,Response Time SLA,P3,43.98,30.0,<,minutes
60010,E2E Full Test Corporation 1769042473 - Infrastructure,2024-03-01,P3-KPI7,Response Time SLA,P3,43.39,30.0,<,minutes
60010,E2E Full Test Corporation 1769042473 - Infrastructure,2024-03-31,P3-KPI7,Response Time SLA,P3,56.63,30.0,<,minutes
60010,E2E Full Test Corporation 1769042473 - Infrastructure,2024-04-30,P3-KPI7,Response Time SLA,P3,56.47,30.0,<,minutes
60010,E2E Full Test Corporation 1769042473 - Infrastructure,2024-05-30,P3-KPI7,Response Time SLA,P3,56.4,30.0,<,minutes
60010,E2E Full Test Corporation 1769042473 - Infrastructure,2024-06-29,P3-KPI7,Response Time SLA,P3,54.57,30.0,<,minutes
60010,E2E Full Test Corporation 1769042473 - Infrastructure,2024-07-29,P3-KPI7,Response Time SLA,P3,54.41,30.0,<,minutes
60010,E2E Full Test Corporation 1769042473 - Infrastructure,2024-08-28,P3-KPI7,Response Time SLA,P3,55.2,30.0,<,minutes
60010,E2E Full Test Corporation 1769042473 - Infrastructure,2024-09-27,P3-KPI7,Response Time SLA,P3,71.62,30.0,<,minutes
60010,E2E Full Test Corporation 1769042473 - Infrastructure,2024-10-27,P3-KPI7,Response Time SLA,P3,70.1,30.0,<,minutes
60010,E2E Full Test Corporation 1769042473 - Infrastructure,2024-11-26,P3-KPI7,Response Time SLA,P3,71.55,30.0,<,minutes
60010,E2E Full Test Corporation 1769042473 - Infrastructure,2024-01-01,P4-KPI1,ROI Achievement,P4,141.73,150.0,>,%
60010,E2E Full Test Corporation 1769042473 - Infrastructure,2024-01-31,P4-KPI1,ROI Achievement,P4,146.53,150.0,>,%
60010,E2E Full Test Corporation 1769042473 - Infrastructure,2024-03-01,P4-KPI1,ROI Achievement,P4,138.79,150.0,>,%
60010,E2E Full Test Corporation 1769042473 - Infrastructure,2024-03-31,P4-KPI1,ROI Achievement,P4,140.93,150.0,>,%
60010,E2E Full Test Corporation 1769042473 - Infrastructure,2024-04-30,P4-KPI1,ROI Achievement,P4,141.25,150.0,>,%
60010,E2E Full Test Corporation 1769042473 - Infrastructure,2024-05-30,P4-KPI1,ROI Achievement,P4,138.93,150.0,>,%
60010,E2E Full Test Corporation 1769042473 - Infrastructure,2024-06-29,P4-KPI1,ROI Achievement,P4,130.72,150.0,>,%
60010,E2E Full Test Corporation 1769042473 - Infrastructure,2024-07-29,P4-KPI1,ROI Achievement,P4,132.42,150.0,>,%
60010,E2E Full Test Corporation 1769042473 - Infrastructure,2024-08-28,P4-KPI1,ROI Achievement,P4,137.91,150.0,>,%
60010,E2E Full Test Corporation 1769042473 - Infrastructure,2024-09-27,P4-KPI1,ROI Achievement,P4,125.13,150.0,>,%
60010,E2E Full Test Corporation 1769042473 - Infrastructure,2024-10-27,P4-KPI1,ROI Achievement,P4,133.09,150.0,>,%
60010,E2E Full Test Corporation 1769042473 - Infrastructure,2024-11-26,P4-KPI1,ROI Achievement,P4,123.62,150.0,>,%
60010,E2E Full Test Corporation 1769042473 - Infrastructure,2024-01-01,P4-KPI2,Cost Reduction,P4,17.2,20.0,>,%
60010,E2E Full Test Corporation 1769042473 - Infrastructure,2024-01-31,P4-KPI2,Cost Reduction,P4,16.91,20.0,>,%
60010,E2E Full Test Corporation 1769042473 - Infrastructure,2024-03-01,P4-KPI2,Cost Reduction,P4,16.21,20.0,>,%
60010,E2E Full Test Corporation 1769042473 - Infrastructure,2024-03-31,P4-KPI2,Cost Reduction,P4,13.72,20.0,>,%
60010,E2E Full Test Corporation 1769042473 - Infrastructure,2024-04-30,P4-KPI2,Cost Reduction,P4,13.6,20.0,>,%
60010,E2E Full Test Corporation 1769042473 - Infrastructure,2024-05-30,P4-KPI2,Cost Reduction,P4,13.38,20.0,>,%
60010,E2E Full Test Corporation 1769042473 - Infrastructure,2024-06-29,P4-KPI2,Cost Reduction,P4,13.59,20.0,>,%
60010,E2E Full Test Corporation 1769042473 - Infrastructure,2024-07-29,P4-KPI2,Cost Reduction,P4,13.77,20.0,>,%
60010,E2E Full Test Corporation 1769042473 - Infrastructure,2024-08-28,P4-KPI2,Cost Reduction,P4,13.46,20.0,>,%
60010,E2E Full Test Corporation 1769042473 - Infrastructure,2024-09-27,P4-KPI2,Cost Reduction,P4,10.96,20.0,>,%
60010,E2E Full Test Corporation 1769042473 - Infrastructure,2024-10-27,P4-KPI2,Cost Reduction,P4,10.78,20.0,>,%
60010,E2E Full Test Corporation 1769042473 - Infrastructure,2024-11-26,P4-KPI2,Cost Reduction,P4,11.11,20.0,>,%
60010,E2E Full Test Corporation 1769042473 - Infrastructure,2024-01-01,P4-KPI3,Time to Value,P4,107.39,90.0,<,days
60010,E2E Full Test Corporation 1769042473 - Infrastructure,2024-01-31,P4-KPI3,Time to Value,P4,102.76,90.0,<,days
60010,E2E Full Test Corporation 1769042473 - Infrastructure,2024-03-01,P4-KPI3,Time to Value,P4,100.19,90.0,<,days
60010,E2E Full Test Corporation 1769042473 - Infrastructure,2024-03-31,P4-KPI3,Time to Value,P4,112.15,90.0,<,days
60010,E2E Full Test Corporation 1769042473 - Infrastructure,2024-04-30,P4-KPI3,Time to Value,P4,122.67,90.0,<,days
60010,E2E Full Test Corporation 1769042473 - Infrastructure,2024-05-30,P4-KPI3,Time to Value,P4,115.02,90.0,<,days
60010,E2E Full Test Corporation 1769042473 - Infrastructure,2024-06-29,P4-KPI3,Time to Value,P4,117.33,90.0,<,days
60010,E2E Full Test Corporation 1769042473 - Infrastructure,2024-07-29,P4-KPI3,Time to Value,P4,114.08,90.0,<,days
60010,E2E Full Test Corporation 1769042473 - Infrastructure,2024-08-28,P4-KPI3,Time to Value,P4,111.71,90.0,<,days
60010,E2E Full Test Corporation 1769042473 - Infrastructure,2024-09-27,P4-KPI3,Time to Value,P4,136.64,90.0,<,days
60010,E2E Full Test Corporation 1769042473 - Infrastructure,2024-10-27,P4-KPI3,Time to Value,P4,132.28,90.0,<,days
60010,E2E Full Test Corporation 1769042473 - Infrastructure,2024-11-26,P4-KPI3,Time to Value,P4,128.5,90.0,<,days
60010,E2E Full Test Corporation 1769042473 - Infrastructure,2024-01-01,P4-KPI4,Revenue Enablement,P4,4.61,5.0,>,$M
60010,E2E Full Test Corporation 1769042473 - Infrastructure,2024-01-31,P4-KPI4,Revenue Enablement,P4,4.42,5.0,>,$M
60010,E2E Full Test Corporation 1769042473 - Infrastructure,2024-03-01,P4-KPI4,Revenue Enablement,P4,4.18,5.0,>,$M
60010,E2E Full Test Corporation 1769042473 - Infrastructure,2024-03-31,P4-KPI4,Revenue Enablement,P4,3.92,5.0,>,$M
60010,E2E Full Test Corporation 1769042473 - Infrastructure,2024-04-30,P4-KPI4,Revenue Enablement,P4,3.99,5.0,>,$M
60010,E2E Full Test Corporation 1769042473 - Infrastructure,2024-05-30,P4-KPI4,Revenue Enablement,P4,3.73,5.0,>,$M
60010,E2E Full Test Corporation 1769042473 - Infrastructure,2024-06-29,P4-KPI4,Revenue Enablement,P4,3.68,5.0,>,$M
60010,E2E Full Test Corporation 1769042473 - Infrastructure,2024-07-29,P4-KPI4,Revenue Enablement,P4,3.85,5.0,>,$M
60010,E2E Full Test Corporation 1769042473 - Infrastructure,2024-08-28,P4-KPI4,Revenue Enablement,P4,3.8,5.0,>,$M
60010,E2E Full Test Corporation 1769042473 - Infrastructure,2024-09-27,P4-KPI4,Revenue Enablement,P4,3.21,5.0,>,$M
60010,E2E Full Test Corporation 1769042473 - Infrastructure,2024-10-27,P4-KPI4,Revenue Enablement,P4,3.21,5.0,>,$M
60010,E2E Full Test Corporation 1769042473 - Infrastructure,2024-11-26,P4-KPI4,Revenue Enablement,P4,3.11,5.0,>,$M
60010,E2E Full Test Corporation 1769042473 - Infrastructure,2024-01-01,P4-KPI5,Operational Efficiency,P4,77.52,85.0,>,%
60010,E2E Full Test Corporation 1769042473 - Infrastructure,2024-01-31,P4-KPI5,Operational Efficiency,P4,77.85,85.0,>,%
60010,E2E Full Test Corporation 1769042473 - Infrastructure,2024-03-01,P4-KPI5,Operational Efficiency,P4,84.97,85.0,>,%
60010,E2E Full Test Corporation 1769042473 - Infrastructure,2024-03-31,P4-KPI5,Operational Efficiency,P4,80.31,85.0,>,%
60010,E2E Full Test Corporation 1769042473 - Infrastructure,2024-04-30,P4-KPI5,Operational Efficiency,P4,78.47,85.0,>,%
60010,E2E Full Test Corporation 1769042473 - Infrastructure,2024-05-30,P4-KPI5,Operational Efficiency,P4,78.04,85.0,>,%
60010,E2E Full Test Corporation 1769042473 - Infrastructure,2024-06-29,P4-KPI5,Operational Efficiency,P4,79.27,85.0,>,%
60010,E2E Full Test Corporation 1769042473 - Infrastructure,2024-07-29,P4-KPI5,Operational Efficiency,P4,77.66,85.0,>,%
60010,E2E Full Test Corporation 1769042473 - Infrastructure,2024-08-28,P4-KPI5,Operational Efficiency,P4,78.09,85.0,>,%
60010,E2E Full Test Corporation 1769042473 - Infrastructure,2024-09-27,P4-KPI5,Operational Efficiency,P4,75.65,85.0,>,%
60010,E2E Full Test Corporation 1769042473 - Infrastructure,2024-10-27,P4-KPI5,Operational Efficiency,P4,75.35,85.0,>,%
60010,E2E Full Test Corporation 1769042473 - Infrastructure,2024-11-26,P4-KPI5,Operational Efficiency,P4,74.99,85.0,>,%
60010,E2E Full Test Corporation 1769042473 - Infrastructure,2024-01-01,P4-KPI6,Innovation Projects,P4,2.66,3.0,>,count
60010,E2E Full Test Corporation 1769042473 - Infrastructure,2024-01-31,P4-KPI6,Innovation Projects,P4,2.73,3.0,>,count
60010,E2E Full Test Corporation 1769042473 - Infrastructure,2024-03-01,P4-KPI6,Innovation Projects,P4,2.75,3.0,>,count
60010,E2E Full Test Corporation 1769042473 - Infrastructure,2024-03-31,P4-KPI6,Innovation Projects,P4,2.31,3.0,>,count
60010,E2E Full Test Corporation 1769042473 - Infrastructure,2024-04-30,P4-KPI6,Innovation Projects,P4,2.5,3.0,>,count
60010,E2E Full Test Corporation 1769042473 - Infrastructure,2024-05-30,P4-KPI6,Innovation Projects,P4,2.5,3.0,>,count
60010,E2E Full Test Corporation 1769042473 - Infrastructure,2024-06-29,P4-KPI6,Innovation Projects,P4,2.4,3.0,>,count
60010,E2E Full Test Corporation 1769042473 - Infrastructure,2024-07-29,P4-KPI6,Innovation Projects,P4,2.49,3.0,>,count
60010,E2E Full Test Corporation 1769042473 - Infrastructure,2024-08-28,P4-KPI6,Innovation Projects,P4,2.45,3.0,>,count
60010,E2E Full Test Corporation 1769042473 - Infrastructure,2024-09-27,P4-KPI6,Innovation Projects,P4,2.02,3.0,>,count
60010,E2E Full Test Corporation 1769042473 - Infrastructure,2024-10-27,P4-KPI6,Innovation Projects,P4,2.09,3.0,>,count
60010,E2E Full Test Corporation 1769042473 - Infrastructure,2024-11-26,P4-KPI6,Innovation Projects,P4,2.17,3.0,>,count
60010,E2E Full Test Corporation 1769042473 - Infrastructure,2024-01-01,P4-KPI7,Business Case Validation,P4,86.73,90.0,>,%
60010,E2E Full Test Corporation 1769042473 - Infrastructure,2024-01-31,P4-KPI7,Business Case Validation,P4,83.11,90.0,>,%
60010,E2E Full Test Corporation 1769042473 - Infrastructure,2024-03-01,P4-KPI7,Business Case Validation,P4,89.05,90.0,>,%
60010,E2E Full Test Corporation 1769042473 - Infrastructure,2024-03-31,P4-KPI7,Business Case Validation,P4,84.62,90.0,>,%
60010,E2E Full Test Corporation 1769042473 - Infrastructure,2024-04-30,P4-KPI7,Business Case Validation,P4,87.35,90.0,>,%
60010,E2E Full Test Corporation 1769042473 - Infrastructure,2024-05-30,P4-KPI7,Business Case Validation,P4,82.15,90.0,>,%
60010,E2E Full Test Corporation 1769042473 - Infrastructure,2024-06-29,P4-KPI7,Business Case Validation,P4,87.92,90.0,>,%
60010,E2E Full Test Corporation 1769042473 - Infrastructure,2024-07-29,P4-KPI7,Business Case Validation,P4,86.23,90.0,>,%
60010,E2E Full Test Corporation 1769042473 - Infrastructure,2024-08-28,P4-KPI7,Business Case Validation,P4,84.89,90.0,>,%
60010,E2E Full Test Corporation 1769042473 - Infrastructure,2024-09-27,P4-KPI7,Business Case Validation,P4,82.42,90.0,>,%
60010,E2E Full Test Corporation 1769042473 - Infrastructure,2024-10-27,P4-KPI7,Business Case Validation,P4,81.76,90.0,>,%
60010,E2E Full Test Corporation 1769042473 - Infrastructure,2024-11-26,P4-KPI7,Business Case Validation,P4,78.03,90.0,>,%
60010,E2E Full Test Corporation 1769042473 - Infrastructure,2024-01-01,P5-KPI1,Executive Sponsorship,P5,4.33,4.5,>,score
60010,E2E Full Test Corporation 1769042473 - Infrastructure,2024-01-31,P5-KPI1,Executive Sponsorship,P5,4.22,4.5,>,score
60010,E2E Full Test Corporation 1769042473 - Infrastructure,2024-03-01,P5-KPI1,Executive Sponsorship,P5,4.28,4.5,>,score
60010,E2E Full Test Corporation 1769042473 - Infrastructure,2024-03-31,P5-KPI1,Executive Sponsorship,P5,4.04,4.5,>,score
60010,E2E Full Test Corporation 1769042473 - Infrastructure,2024-04-30,P5-KPI1,Executive Sponsorship,P5,3.88,4.5,>,score
60010,E2E Full Test Corporation 1769042473 - Infrastructure,2024-05-30,P5-KPI1,Executive Sponsorship,P5,4.13,4.5,>,score
60010,E2E Full Test Corporation 1769042473 - Infrastructure,2024-06-29,P5-KPI1,Executive Sponsorship,P5,4.2,4.5,>,score
60010,E2E Full Test Corporation 1769042473 - Infrastructure,2024-07-29,P5-KPI1,Executive Sponsorship,P5,4.1,4.5,>,score
60010,E2E Full Test Corporation 1769042473 - Infrastructure,2024-08-28,P5-KPI1,Executive Sponsorship,P5,3.93,4.5,>,score
60010,E2E Full Test Corporation 1769042473 - Infrastructure,2024-09-27,P5-KPI1,Executive Sponsorship,P5,3.68,4.5,>,score
60010,E2E Full Test Corporation 1769042473 - Infrastructure,2024-10-27,P5-KPI1,Executive Sponsorship,P5,3.88,4.5,>,score
60010,E2E Full Test Corporation 1769042473 - Infrastructure,2024-11-26,P5-KPI1,Executive Sponsorship,P5,3.96,4.5,>,score
60010,E2E Full Test Corporation 1769042473 - Infrastructure,2024-01-01,P5-KPI2,Renewal Likelihood,P5,90.98,95.0,>,%
60010,E2E Full Test Corporation 1769042473 - Infrastructure,2024-01-31,P5-KPI2,Renewal Likelihood,P5,88.38,95.0,>,%
60010,E2E Full Test Corporation 1769042473 - Infrastructure,2024-03-01,P5-KPI2,Renewal Likelihood,P5,95.45,95.0,>,%
60010,E2E Full Test Corporation 1769042473 - Infrastructure,2024-03-31,P5-KPI2,Renewal Likelihood,P5,87.97,95.0,>,%
60010,E2E Full Test Corporation 1769042473 - Infrastructure,2024-04-30,P5-KPI2,Renewal Likelihood,P5,85.25,95.0,>,%
60010,E2E Full Test Corporation 1769042473 - Infrastructure,2024-05-30,P5-KPI2,Renewal Likelihood,P5,89.21,95.0,>,%
60010,E2E Full Test Corporation 1769042473 - Infrastructure,2024-06-29,P5-KPI2,Renewal Likelihood,P5,86.23,95.0,>,%
60010,E2E Full Test Corporation 1769042473 - Infrastructure,2024-07-29,P5-KPI2,Renewal Likelihood,P5,84.54,95.0,>,%
60010,E2E Full Test Corporation 1769042473 - Infrastructure,2024-08-28,P5-KPI2,Renewal Likelihood,P5,87.14,95.0,>,%
60010,E2E Full Test Corporation 1769042473 - Infrastructure,2024-09-27,P5-KPI2,Renewal Likelihood,P5,84.35,95.0,>,%
60010,E2E Full Test Corporation 1769042473 - Infrastructure,2024-10-27,P5-KPI2,Renewal Likelihood,P5,87.54,95.0,>,%
60010,E2E Full Test Corporation 1769042473 - Infrastructure,2024-11-26,P5-KPI2,Renewal Likelihood,P5,84.89,95.0,>,%
60010,E2E Full Test Corporation 1769042473 - Infrastructure,2024-01-01,P5-KPI3,Expansion Pipeline,P5,1.72,2.0,>,$M
60010,E2E Full Test Corporation 1769042473 - Infrastructure,2024-01-31,P5-KPI3,Expansion Pipeline,P5,1.72,2.0,>,$M
60010,E2E Full Test Corporation 1769042473 - Infrastructure,2024-03-01,P5-KPI3,Expansion Pipeline,P5,1.79,2.0,>,$M
60010,E2E Full Test Corporation 1769042473 - Infrastructure,2024-03-31,P5-KPI3,Expansion Pipeline,P5,1.56,2.0,>,$M
60010,E2E Full Test Corporation 1769042473 - Infrastructure,2024-04-30,P5-KPI3,Expansion Pipeline,P5,1.52,2.0,>,$M
60010,E2E Full Test Corporation 1769042473 - Infrastructure,2024-05-30,P5-KPI3,Expansion Pipeline,P5,1.63,2.0,>,$M
60010,E2E Full Test Corporation 1769042473 - Infrastructure,2024-06-29,P5-KPI3,Expansion Pipeline,P5,1.49,2.0,>,$M
60010,E2E Full Test Corporation 1769042473 - Infrastructure,2024-07-29,P5-KPI3,Expansion Pipeline,P5,1.56,2.0,>,$M
60010,E2E Full Test Corporation 1769042473 - Infrastructure,2024-08-28,P5-KPI3,Expansion Pipeline,P5,1.51,2.0,>,$M
60010,E2E Full Test Corporation 1769042473 - Infrastructure,2024-09-27,P5-KPI3,Expansion Pipeline,P5,1.3,2.0,>,$M
60010,E2E Full Test Corporation 1769042473 - Infrastructure,2024-10-27,P5-KPI3,Expansion Pipeline,P5,1.3,2.0,>,$M
60010,E2E Full Test Corporation 1769042473 - Infrastructure,2024-11-26,P5-KPI3,Expansion Pipeline,P5,1.28,2.0,>,$M
60010,E2E Full Test Corporation 1769042473 - Infrastructure,2024-01-01,P5-KPI4,Reference Willingness,P5,3.76,4.0,>,score
60010,E2E Full Test Corporation 1769042473 - Infrastructure,2024-01-31,P5-KPI4,Reference Willingness,P5,3.7,4.0,>,score
60010,E2E Full Test Corporation 1769042473 - Infrastructure,2024-03-01,P5-KPI4,Reference Willingness,P5,3.73,4.0,>,score
60010,E2E Full Test Corporation 1769042473 - Infrastructure,2024-03-31,P5-KPI4,Reference Willingness,P5,3.53,4.0,>,score
60010,E2E Full Test Corporation 1769042473 - Infrastructure,2024-04-30,P5-KPI4,Reference Willingness,P5,3.43,4.0,>,score
60010,E2E Full Test Corporation 1769042473 - Infrastructure,2024-05-30,P5-KPI4,Reference Willingness,P5,3.37,4.0,>,score
60010,E2E Full Test Corporation 1769042473 - Infrastructure,2024-06-29,P5-KPI4,Reference Willingness,P5,3.24,4.0,>,score
60010,E2E Full Test Corporation 1769042473 - Infrastructure,2024-07-29,P5-KPI4,Reference Willingness,P5,3.45,4.0,>,score
60010,E2E Full Test Corporation 1769042473 - Infrastructure,2024-08-28,P5-KPI4,Reference Willingness,P5,3.39,4.0,>,score
60010,E2E Full Test Corporation 1769042473 - Infrastructure,2024-09-27,P5-KPI4,Reference Willingness,P5,3.0,4.0,>,score
60010,E2E Full Test Corporation 1769042473 - Infrastructure,2024-10-27,P5-KPI4,Reference Willingness,P5,3.07,4.0,>,score
60010,E2E Full Test Corporation 1769042473 - Infrastructure,2024-11-26,P5-KPI4,Reference Willingness,P5,3.13,4.0,>,score
60010,E2E Full Test Corporation 1769042473 - Infrastructure,2024-01-01,P5-KPI5,Strategic Alignment,P5,83.96,85.0,>,score
60010,E2E Full Test Corporation 1769042473 - Infrastructure,2024-01-31,P5-KPI5,Strategic Alignment,P5,83.19,85.0,>,score
60010,E2E Full Test Corporation 1769042473 - Infrastructure,2024-03-01,P5-KPI5,Strategic Alignment,P5,83.71,85.0,>,score
60010,E2E Full Test Corporation 1769042473 - Infrastructure,2024-03-31,P5-KPI5,Strategic Alignment,P5,80.23,85.0,>,score
60010,E2E Full Test Corporation 1769042473 - Infrastructure,2024-04-30,P5-KPI5,Strategic Alignment,P5,80.8,85.0,>,score
60010,E2E Full Test Corporation 1769042473 - Infrastructure,2024-05-30,P5-KPI5,Strategic Alignment,P5,74.31,85.0,>,score
60010,E2E Full Test Corporation 1769042473 - Infrastructure,2024-06-29,P5-KPI5,Strategic Alignment,P5,80.41,85.0,>,score
60010,E2E Full Test Corporation 1769042473 - Infrastructure,2024-07-29,P5-KPI5,Strategic Alignment,P5,75.31,85.0,>,score
60010,E2E Full Test Corporation 1769042473 - Infrastructure,2024-08-28,P5-KPI5,Strategic Alignment,P5,74.12,85.0,>,score
60010,E2E Full Test Corporation 1769042473 - Infrastructure,2024-09-27,P5-KPI5,Strategic Alignment,P5,77.19,85.0,>,score
60010,E2E Full Test Corporation 1769042473 - Infrastructure,2024-10-27,P5-KPI5,Strategic Alignment,P5,76.7,85.0,>,score
60010,E2E Full Test Corporation 1769042473 - Infrastructure,2024-11-26,P5-KPI5,Strategic Alignment,P5,74.02,85.0,>,score
60010,E2E Full Test Corporation 1769042473 - Infrastructure,2024-01-01,P5-KPI6,Partnership Depth,P5,79.24,80.0,>,score
60010,E2E Full Test Corporation 1769042473 - Infrastructure,2024-01-31,P5-KPI6,Partnership Depth,P5,75.47,80.0,>,score
60010,E2E Full Test Corporation 1769042473 - Infrastructure,2024-03-01,P5-KPI6,Partnership Depth,P5,73.49,80.0,>,score
60010,E2E Full Test Corporation 1769042473 - Infrastructure,2024-03-31,P5-KPI6,Partnership Depth,P5,72.68,80.0,>,score
60010,E2E Full Test Corporation 1769042473 - Infrastructure,2024-04-30,P5-KPI6,Partnership Depth,P5,71.37,80.0,>,score
60010,E2E Full Test Corporation 1769042473 - Infrastructure,2024-05-30,P5-KPI6,Partnership Depth,P5,72.46,80.0,>,score
60010,E2E Full Test Corporation 1769042473 - Infrastructure,2024-06-29,P5-KPI6,Partnership Depth,P5,68.19,80.0,>,score
60010,E2E Full Test Corporation 1769042473 - Infrastructure,2024-07-29,P5-KPI6,Partnership Depth,P5,69.14,80.0,>,score
60010,E2E Full Test Corporation 1769042473 - Infrastructure,2024-08-28,P5-KPI6,Partnership Depth,P5,71.56,80.0,>,score
60010,E2E Full Test Corporation 1769042473 - Infrastructure,2024-09-27,P5-KPI6,Partnership Depth,P5,63.21,80.0,>,score
60010,E2E Full Test Corporation 1769042473 - Infrastructure,2024-10-27,P5-KPI6,Partnership Depth,P5,69.29,80.0,>,score
60010,E2E Full Test Corporation 1769042473 - Infrastructure,2024-11-26,P5-KPI6,Partnership Depth,P5,65.26,80.0,>,score
60010,E2E Full Test Corporation 1769042473 - Infrastructure,2024-01-01,P5-KPI7,NPS Score,P5,67.59,70.0,>,score
60010,E2E Full Test Corporation 1769042473 - Infrastructure,2024-01-31,P5-KPI7,NPS Score,P5,63.65,70.0,>,score
60010,E2E Full Test Corporation 1769042473 - Infrastructure,2024-03-01,P5-KPI7,NPS Score,P5,63.89,70.0,>,score
60010,E2E Full Test Corporation 1769042473 - Infrastructure,2024-03-31,P5-KPI7,NPS Score,P5,60.68,70.0,>,score
60010,E2E Full Test Corporation 1769042473 - Infrastructure,2024-04-30,P5-KPI7,NPS Score,P5,59.96,70.0,>,score
60010,E2E Full Test Corporation 1769042473 - Infrastructure,2024-05-30,P5-KPI7,NPS Score,P5,58.38,70.0,>,score
60010,E2E Full Test Corporation 1769042473 - Infrastructure,2024-06-29,P5-KPI7,NPS Score,P5,61.17,70.0,>,score
60010,E2E Full Test Corporation 1769042473 - Infrastructure,2024-07-29,P5-KPI7,NPS Score,P5,63.08,70.0,>,score
60010,E2E Full Test Corporation 1769042473 - Infrastructure,2024-08-28,P5-KPI7,NPS Score,P5,61.59,70.0,>,score
60010,E2E Full Test Corporation 1769042473 - Infrastructure,2024-09-27,P5-KPI7,NPS Score,P5,56.63,70.0,>,score
60010,E2E Full Test Corporation 1769042473 - Infrastructure,2024-10-27,P5-KPI7,NPS Score,P5,59.14,70.0,>,score
60010,E2E Full Test Corporation 1769042473 - Infrastructure,2024-11-26,P5-KPI7,NPS Score,P5,54.16,70.0,>,score
