account_id,account_name,date,signal_type,from_contact,to_contact,summary,sentiment
60001,E2E Full Test Corporation 1769042473 - Datacenter East,2024-01-10,meeting,Customer Team,Michael Rodriguez,Support ticket unresolved >48 hours,negative
60001,E2E Full Test Corporation 1769042473 - Datacenter East,2024-01-12,email,Dr. Miller,Michael Rodriguez,Successfully deployed new workload ahead of schedule,positive
60001,E2E Full Test Corporation 1769042473 - Datacenter East,2024-01-10,escalation,Customer Team,Michael Rodriguez,Budget concerns raised during planning meeting,negative
60001,E2E Full Test Corporation 1769042473 - Datacenter East,2024-01-28,email,Dr. Miller,Michael Rodriguez,Integration challenges with existing systems,negative
60001,E2E Full Test Corporation 1769042473 - Datacenter East,2024-01-14,email,Dr. Miller,Michael Rodriguez,Early adoption of new AI acceleration features,positive
60001,E2E Full Test Corporation 1769042473 - Datacenter East,2024-01-20,meeting,Customer Team,Michael Rodriguez,Support ticket unresolved >48 hours,negative
60001,E2E Full Test Corporation 1769042473 - Datacenter East,2024-01-11,email,Dr. Miller,Michael Rodriguez,Successfully deployed new workload ahead of schedule,positive
60001,E2E Full Test Corporation 1769042473 - Datacenter East,2024-01-05,meeting,Customer Team,Michael Rodriguez,Budget concerns raised during planning meeting,negative
60001,E2E Full Test Corporation 1769042473 - Datacenter East,2024-02-16,meeting,Dr. Miller,Michael Rodriguez,Support ticket unresolved >48 hours,negative
60001,E2E Full Test Corporation 1769042473 - Datacenter East,2024-02-08,email,Dr. Miller,Michael Rodriguez,Training session on new features delivered,neutral
60001,E2E Full Test Corporation 1769042473 - Datacenter East,2024-02-15,meeting,Customer Team,Michael Rodriguez,Unexpected system downtime reported,negative
60001,E2E Full Test Corporation 1769042473 - Datacenter East,2024-01-31,email,Dr. Miller,Michael Rodriguez,System health check completed,neutral
60001,E2E Full Test Corporation 1769042473 - Datacenter East,2024-02-23,email,Dr. Miller,Michael Rodriguez,Successfully deployed new workload ahead of schedule,positive
60001,E2E Full Test Corporation 1769042473 - Datacenter East,2024-02-27,meeting,Customer Team,Michael Rodriguez,Budget concerns raised during planning meeting,negative
60001,E2E Full Test Corporation 1769042473 - Datacenter East,2024-02-09,email,Customer Team,Michael Rodriguez,Documentation review and updates,neutral
60001,E2E Full Test Corporation 1769042473 - Datacenter East,2024-02-01,email,Dr. Miller,Michael Rodriguez,Concerns about cooling efficiency raised,negative
60001,E2E Full Test Corporation 1769042473 - Datacenter East,2024-03-01,email,Dr. Miller,Michael Rodriguez,Early adoption of new AI acceleration features,positive
60001,E2E Full Test Corporation 1769042473 - Datacenter East,2024-03-15,meeting,Dr. Miller,Michael Rodriguez,Support ticket unresolved >48 hours,negative
60001,E2E Full Test Corporation 1769042473 - Datacenter East,2024-03-28,email,Dr. Miller,Michael Rodriguez,Security compliance audit findings,negative
60001,E2E Full Test Corporation 1769042473 - Datacenter East,2024-03-28,email,Customer Team,Michael Rodriguez,Support ticket unresolved >48 hours,negative
60001,E2E Full Test Corporation 1769042473 - Datacenter East,2024-03-28,email,Customer Team,Michael Rodriguez,Early adoption of new AI acceleration features,positive
60001,E2E Full Test Corporation 1769042473 - Datacenter East,2024-03-04,email,Dr. Miller,Michael Rodriguez,Training session on new features delivered,neutral
60001,E2E Full Test Corporation 1769042473 - Datacenter East,2024-03-24,email,Dr. Miller,Michael Rodriguez,Scheduled maintenance window executed,neutral
60001,E2E Full Test Corporation 1769042473 - Datacenter East,2024-03-27,email,Dr. Miller,Michael Rodriguez,Documentation review and updates,neutral
60001,E2E Full Test Corporation 1769042473 - Datacenter East,2024-03-31,meeting,Customer Team,Michael Rodriguez,Project milestone delayed due to resource constraints,negative
60001,E2E Full Test Corporation 1769042473 - Datacenter East,2024-04-18,email,Dr. Miller,Michael Rodriguez,Unexpected system downtime reported,negative
60001,E2E Full Test Corporation 1769042473 - Datacenter East,2024-04-28,email,Dr. Miller,Michael Rodriguez,Regular operational status update provided,neutral
60001,E2E Full Test Corporation 1769042473 - Datacenter East,2024-04-05,meeting,Customer Team,Michael Rodriguez,Documentation review and updates,neutral
60001,E2E Full Test Corporation 1769042473 - Datacenter East,2024-04-17,meeting,Dr. Miller,Michael Rodriguez,Security compliance audit findings,negative
60001,E2E Full Test Corporation 1769042473 - Datacenter East,2024-04-26,meeting,Customer Team,Michael Rodriguez,Security compliance audit findings,negative
60001,E2E Full Test Corporation 1769042473 - Datacenter East,2024-04-20,email,Dr. Miller,Michael Rodriguez,Concerns about cooling efficiency raised,negative
60001,E2E Full Test Corporation 1769042473 - Datacenter East,2024-04-15,meeting,Customer Team,Michael Rodriguez,Concerns about cooling efficiency raised,negative
60001,E2E Full Test Corporation 1769042473 - Datacenter East,2024-05-10,meeting,Customer Team,Michael Rodriguez,Scheduled maintenance window executed,neutral
60001,E2E Full Test Corporation 1769042473 - Datacenter East,2024-05-11,email,Dr. Miller,Michael Rodriguez,Project milestone delayed due to resource constraints,negative
60001,E2E Full Test Corporation 1769042473 - Datacenter East,2024-05-21,meeting,Dr. Miller,Michael Rodriguez,Budget concerns raised during planning meeting,negative
60001,E2E Full Test Corporation 1769042473 - Datacenter East,2024-05-01,escalation,Customer Team,Michael Rodriguez,Integration challenges with existing systems,negative
60001,E2E Full Test Corporation 1769042473 - Datacenter East,2024-05-14,email,Customer Team,Michael Rodriguez,Security compliance audit findings,negative
60001,E2E Full Test Corporation 1769042473 - Datacenter East,2024-05-14,meeting,Dr. Miller,Michael Rodriguez,Concerns about cooling efficiency raised,negative
60001,E2E Full Test Corporation 1769042473 - Datacenter East,2024-05-07,meeting,Customer Team,Michael Rodriguez,Quarterly capacity planning review,neutral
60001,E2E Full Test Corporation 1769042473 - Datacenter East,2024-05-03,escalation,Customer Team,Michael Rodriguez,Support ticket unresolved >48 hours,negative
60001,E2E Full Test Corporation 1769042473 - Datacenter East,2024-06-02,escalation,Customer Team,Michael Rodriguez,Support ticket unresolved >48 hours,negative
60001,E2E Full Test Corporation 1769042473 - Datacenter East,2024-06-22,escalation,Customer Team,Michael Rodriguez,Escalation from operations team regarding performance,negative
60001,E2E Full Test Corporation 1769042473 - Datacenter East,2024-06-03,meeting,Customer Team,Michael Rodriguez,Unexpected system downtime reported,negative
60001,E2E Full Test Corporation 1769042473 - Datacenter East,2024-06-07,email,Customer Team,Michael Rodriguez,System health check completed,neutral
60001,E2E Full Test Corporation 1769042473 - Datacenter East,2024-05-30,meeting,Dr. Miller,Michael Rodriguez,Project milestone delayed due to resource constraints,negative
60001,E2E Full Test Corporation 1769042473 - Datacenter East,2024-06-20,escalation,Customer Team,Michael Rodriguez,Integration challenges with existing systems,negative
60001,E2E Full Test Corporation 1769042473 - Datacenter East,2024-06-01,email,Dr. Miller,Michael Rodriguez,Support ticket unresolved >48 hours,negative
60001,E2E Full Test Corporation 1769042473 - Datacenter East,2024-06-22,email,Customer Team,Michael Rodriguez,System health check completed,neutral
60001,E2E Full Test Corporation 1769042473 - Datacenter East,2024-07-16,email,Dr. Miller,Michael Rodriguez,Successful QBR with expansion discussion initiated,positive
60001,E2E Full Test Corporation 1769042473 - Datacenter East,2024-07-02,email,Dr. Miller,Michael Rodriguez,Scheduled maintenance window executed,neutral
60001,E2E Full Test Corporation 1769042473 - Datacenter East,2024-07-21,email,Dr. Miller,Michael Rodriguez,Documentation review and updates,neutral
60001,E2E Full Test Corporation 1769042473 - Datacenter East,2024-07-25,email,Customer Team,Michael Rodriguez,Exceeded performance benchmarks this quarter,positive
60001,E2E Full Test Corporation 1769042473 - Datacenter East,2024-07-04,meeting,Dr. Miller,Michael Rodriguez,Integration challenges with existing systems,negative
60001,E2E Full Test Corporation 1769042473 - Datacenter East,2024-07-07,email,Customer Team,Michael Rodriguez,Successful QBR with expansion discussion initiated,positive
60001,E2E Full Test Corporation 1769042473 - Datacenter East,2024-07-30,meeting,Dr. Miller,Michael Rodriguez,Successfully deployed new workload ahead of schedule,positive
60001,E2E Full Test Corporation 1769042473 - Datacenter East,2024-08-15,escalation,Customer Team,Michael Rodriguez,Security compliance audit findings,negative
60001,E2E Full Test Corporation 1769042473 - Datacenter East,2024-07-31,email,Dr. Miller,Michael Rodriguez,Exceeded performance benchmarks this quarter,positive
60001,E2E Full Test Corporation 1769042473 - Datacenter East,2024-08-07,email,Dr. Miller,Michael Rodriguez,Quarterly capacity planning review,neutral
60001,E2E Full Test Corporation 1769042473 - Datacenter East,2024-08-10,email,Customer Team,Michael Rodriguez,Early adoption of new AI acceleration features,positive
60001,E2E Full Test Corporation 1769042473 - Datacenter East,2024-08-25,meeting,Dr. Miller,Michael Rodriguez,Training session on new features delivered,neutral
60001,E2E Full Test Corporation 1769042473 - Datacenter East,2024-09-13,email,Customer Team,Michael Rodriguez,Reference call completed successfully with prospect,positive
60001,E2E Full Test Corporation 1769042473 - Datacenter East,2024-09-02,email,Customer Team,Michael Rodriguez,Team member completed advanced certification,positive
60001,E2E Full Test Corporation 1769042473 - Datacenter East,2024-09-24,email,Dr. Miller,Michael Rodriguez,Scheduled maintenance window executed,neutral
60001,E2E Full Test Corporation 1769042473 - Datacenter East,2024-09-05,meeting,Customer Team,Michael Rodriguez,Positive feedback on recent infrastructure upgrade,positive
60001,E2E Full Test Corporation 1769042473 - Datacenter East,2024-09-16,meeting,Dr. Miller,Michael Rodriguez,Training session on new features delivered,neutral
60001,E2E Full Test Corporation 1769042473 - Datacenter East,2024-09-01,email,Dr. Miller,Michael Rodriguez,Scheduled maintenance window executed,neutral
60001,E2E Full Test Corporation 1769042473 - Datacenter East,2024-10-08,email,Dr. Miller,Michael Rodriguez,Routine technical sync meeting completed,neutral
60001,E2E Full Test Corporation 1769042473 - Datacenter East,2024-10-08,email,Customer Team,Michael Rodriguez,Reference call completed successfully with prospect,positive
60001,E2E Full Test Corporation 1769042473 - Datacenter East,2024-10-03,email,Customer Team,Michael Rodriguez,Team member completed advanced certification,positive
60001,E2E Full Test Corporation 1769042473 - Datacenter East,2024-10-18,email,Dr. Miller,Michael Rodriguez,Escalation from operations team regarding performance,negative
60001,E2E Full Test Corporation 1769042473 - Datacenter East,2024-10-08,meeting,Customer Team,Michael Rodriguez,Successfully deployed new workload ahead of schedule,positive
60001,E2E Full Test Corporation 1769042473 - Datacenter East,2024-10-20,email,Customer Team,Michael Rodriguez,Monthly business review conducted,neutral
60001,E2E Full Test Corporation 1769042473 - Datacenter East,2024-11-21,email,Customer Team,Michael Rodriguez,Executive sponsor praised team collaboration,positive
60001,E2E Full Test Corporation 1769042473 - Datacenter East,2024-11-13,email,Dr. Miller,Michael Rodriguez,Scheduled maintenance window executed,neutral
60001,E2E Full Test Corporation 1769042473 - Datacenter East,2024-11-13,email,Customer Team,Michael Rodriguez,Early adoption of new AI acceleration features,positive
60001,E2E Full Test Corporation 1769042473 - Datacenter East,2024-11-09,email,Customer Team,Michael Rodriguez,Executive sponsor praised team collaboration,positive
60001,E2E Full Test Corporation 1769042473 - Datacenter East,2024-11-23,email,Customer Team,Michael Rodriguez,Successful QBR with expansion discussion initiated,positive
60001,E2E Full Test Corporation 1769042473 - Datacenter East,2024-11-14,meeting,Dr. Miller,Michael Rodriguez,Successfully deployed new workload ahead of schedule,positive
60001,E2E Full Test Corporation 1769042473 - Datacenter East,2024-11-28,email,Customer Team,Michael Rodriguez,Quarterly capacity planning review,neutral
60001,E2E Full Test Corporation 1769042473 - Datacenter East,2024-12-10,escalation,Customer Team,Michael Rodriguez,Concerns about cooling efficiency raised,negative
60001,E2E Full Test Corporation 1769042473 - Datacenter East,2024-12-04,email,Dr. Miller,Michael Rodriguez,Successfully deployed new workload ahead of schedule,positive
60001,E2E Full Test Corporation 1769042473 - Datacenter East,2024-12-24,email,Customer Team,Michael Rodriguez,Budget concerns raised during planning meeting,negative
60001,E2E Full Test Corporation 1769042473 - Datacenter East,2024-12-07,email,Customer Team,Michael Rodriguez,Successfully deployed new workload ahead of schedule,positive
60001,E2E Full Test Corporation 1769042473 - Datacenter East,2024-12-09,email,Dr. Miller,Michael Rodriguez,Executive sponsor praised team collaboration,positive
60001,E2E Full Test Corporation 1769042473 - Datacenter East,2024-12-14,email,Dr. Miller,Michael Rodriguez,Routine technical sync meeting completed,neutral
60001,E2E Full Test Corporation 1769042473 - Datacenter East,2024-12-08,email,Dr. Miller,Michael Rodriguez,Early adoption of new AI acceleration features,positive
60001,E2E Full Test Corporation 1769042473 - Datacenter East,2024-11-29,email,Dr. Miller,Michael Rodriguez,Quarterly capacity planning review,neutral
60001,E2E Full Test Corporation 1769042473 - Datacenter East,2024-12-18,email,Dr. Miller,Michael Rodriguez,Early adoption of new AI acceleration features,positive
60002,E2E Full Test Corporation 1769042473 - Cloud Ops,2024-01-16,meeting,Dr. Smith,David Kim,System health check completed,neutral
60002,E2E Full Test Corporation 1769042473 - Cloud Ops,2024-01-05,email,Dr. Smith,David Kim,Early adoption of new AI acceleration features,positive
60002,E2E Full Test Corporation 1769042473 - Cloud Ops,2024-01-10,email,Dr. Smith,David Kim,Regular operational status update provided,neutral
60002,E2E Full Test Corporation 1769042473 - Cloud Ops,2024-01-04,email,Customer Team,David Kim,Successful QBR with expansion discussion initiated,positive
60002,E2E Full Test Corporation 1769042473 - Cloud Ops,2024-01-08,meeting,Dr. Smith,David Kim,Successfully deployed new workload ahead of schedule,positive
60002,E2E Full Test Corporation 1769042473 - Cloud Ops,2024-01-19,meeting,Customer Team,David Kim,Early adoption of new AI acceleration features,positive
60002,E2E Full Test Corporation 1769042473 - Cloud Ops,2024-01-02,email,Dr. Smith,David Kim,Executive sponsor praised team collaboration,positive
60002,E2E Full Test Corporation 1769042473 - Cloud Ops,2024-01-22,email,Customer Team,David Kim,Reference call completed successfully with prospect,positive
60002,E2E Full Test Corporation 1769042473 - Cloud Ops,2024-01-09,email,Dr. Smith,David Kim,Successfully deployed new workload ahead of schedule,positive
60002,E2E Full Test Corporation 1769042473 - Cloud Ops,2024-01-13,meeting,Dr. Smith,David Kim,Integration challenges with existing systems,negative
60002,E2E Full Test Corporation 1769042473 - Cloud Ops,2024-02-21,meeting,Dr. Smith,David Kim,Exceeded performance benchmarks this quarter,positive
60002,E2E Full Test Corporation 1769042473 - Cloud Ops,2024-02-04,meeting,Customer Team,David Kim,Regular operational status update provided,neutral
60002,E2E Full Test Corporation 1769042473 - Cloud Ops,2024-02-11,meeting,Customer Team,David Kim,Exceeded performance benchmarks this quarter,positive
60002,E2E Full Test Corporation 1769042473 - Cloud Ops,2024-02-21,email,Dr. Smith,David Kim,Documentation review and updates,neutral
60002,E2E Full Test Corporation 1769042473 - Cloud Ops,2024-02-10,email,Customer Team,David Kim,Positive feedback on recent infrastructure upgrade,positive
60002,E2E Full Test Corporation 1769042473 - Cloud Ops,2024-02-14,email,Customer Team,David Kim,Team member completed advanced certification,positive
60002,E2E Full Test Corporation 1769042473 - Cloud Ops,2024-02-23,email,Dr. Smith,David Kim,Successful QBR with expansion discussion initiated,positive
60002,E2E Full Test Corporation 1769042473 - Cloud Ops,2024-02-01,email,Dr. Smith,David Kim,Successful QBR with expansion discussion initiated,positive
60002,E2E Full Test Corporation 1769042473 - Cloud Ops,2024-02-01,meeting,Dr. Smith,David Kim,Positive feedback on recent infrastructure upgrade,positive
60002,E2E Full Test Corporation 1769042473 - Cloud Ops,2024-02-10,meeting,Customer Team,David Kim,Routine technical sync meeting completed,neutral
60002,E2E Full Test Corporation 1769042473 - Cloud Ops,2024-03-01,email,Dr. Smith,David Kim,Positive feedback on recent infrastructure upgrade,positive
60002,E2E Full Test Corporation 1769042473 - Cloud Ops,2024-03-20,meeting,Dr. Smith,David Kim,Team member completed advanced certification,positive
60002,E2E Full Test Corporation 1769042473 - Cloud Ops,2024-03-05,email,Customer Team,David Kim,Monthly business review conducted,neutral
60002,E2E Full Test Corporation 1769042473 - Cloud Ops,2024-03-13,meeting,Customer Team,David Kim,Successfully deployed new workload ahead of schedule,positive
60002,E2E Full Test Corporation 1769042473 - Cloud Ops,2024-03-14,email,Dr. Smith,David Kim,Documentation review and updates,neutral
60002,E2E Full Test Corporation 1769042473 - Cloud Ops,2024-03-12,email,Dr. Smith,David Kim,Regular operational status update provided,neutral
60002,E2E Full Test Corporation 1769042473 - Cloud Ops,2024-03-17,email,Dr. Smith,David Kim,Exceeded performance benchmarks this quarter,positive
60002,E2E Full Test Corporation 1769042473 - Cloud Ops,2024-03-21,email,Customer Team,David Kim,System health check completed,neutral
60002,E2E Full Test Corporation 1769042473 - Cloud Ops,2024-03-06,escalation,Dr. Smith,David Kim,Security compliance audit findings,negative
60002,E2E Full Test Corporation 1769042473 - Cloud Ops,2024-03-17,email,Dr. Smith,David Kim,Scheduled maintenance window executed,neutral
60002,E2E Full Test Corporation 1769042473 - Cloud Ops,2024-04-11,meeting,Dr. Smith,David Kim,Monthly business review conducted,neutral
60002,E2E Full Test Corporation 1769042473 - Cloud Ops,2024-04-08,email,Customer Team,David Kim,Quarterly capacity planning review,neutral
60002,E2E Full Test Corporation 1769042473 - Cloud Ops,2024-04-20,email,Customer Team,David Kim,Successfully deployed new workload ahead of schedule,positive
60002,E2E Full Test Corporation 1769042473 - Cloud Ops,2024-04-08,meeting,Customer Team,David Kim,Regular operational status update provided,neutral
60002,E2E Full Test Corporation 1769042473 - Cloud Ops,2024-04-09,email,Dr. Smith,David Kim,Documentation review and updates,neutral
60002,E2E Full Test Corporation 1769042473 - Cloud Ops,2024-03-31,meeting,Customer Team,David Kim,Quarterly capacity planning review,neutral
60002,E2E Full Test Corporation 1769042473 - Cloud Ops,2024-05-25,email,Customer Team,David Kim,Early adoption of new AI acceleration features,positive
60002,E2E Full Test Corporation 1769042473 - Cloud Ops,2024-05-07,email,Dr. Smith,David Kim,Training session on new features delivered,neutral
60002,E2E Full Test Corporation 1769042473 - Cloud Ops,2024-05-11,email,Customer Team,David Kim,Unexpected system downtime reported,negative
60002,E2E Full Test Corporation 1769042473 - Cloud Ops,2024-05-24,email,Customer Team,David Kim,Security compliance audit findings,negative
60002,E2E Full Test Corporation 1769042473 - Cloud Ops,2024-05-09,email,Customer Team,David Kim,Successfully deployed new workload ahead of schedule,positive
60002,E2E Full Test Corporation 1769042473 - Cloud Ops,2024-05-22,email,Customer Team,David Kim,Documentation review and updates,neutral
60002,E2E Full Test Corporation 1769042473 - Cloud Ops,2024-06-24,meeting,Dr. Smith,David Kim,Successfully deployed new workload ahead of schedule,positive
60002,E2E Full Test Corporation 1769042473 - Cloud Ops,2024-06-16,meeting,Customer Team,David Kim,Successful QBR with expansion discussion initiated,positive
60002,E2E Full Test Corporation 1769042473 - Cloud Ops,2024-06-16,meeting,Dr. Smith,David Kim,Team member completed advanced certification,positive
60002,E2E Full Test Corporation 1769042473 - Cloud Ops,2024-06-10,email,Dr. Smith,David Kim,Scheduled maintenance window executed,neutral
60002,E2E Full Test Corporation 1769042473 - Cloud Ops,2024-05-30,email,Dr. Smith,David Kim,Monthly business review conducted,neutral
60002,E2E Full Test Corporation 1769042473 - Cloud Ops,2024-05-30,meeting,Dr. Smith,David Kim,Successful QBR with expansion discussion initiated,positive
60002,E2E Full Test Corporation 1769042473 - Cloud Ops,2024-07-16,meeting,Customer Team,David Kim,Documentation review and updates,neutral
60002,E2E Full Test Corporation 1769042473 - Cloud Ops,2024-07-26,email,Dr. Smith,David Kim,Positive feedback on recent infrastructure upgrade,positive
60002,E2E Full Test Corporation 1769042473 - Cloud Ops,2024-07-03,email,Dr. Smith,David Kim,Scheduled maintenance window executed,neutral
60002,E2E Full Test Corporation 1769042473 - Cloud Ops,2024-07-10,email,Dr. Smith,David Kim,Executive sponsor praised team collaboration,positive
60002,E2E Full Test Corporation 1769042473 - Cloud Ops,2024-07-15,email,Dr. Smith,David Kim,Reference call completed successfully with prospect,positive
60002,E2E Full Test Corporation 1769042473 - Cloud Ops,2024-07-24,email,Customer Team,David Kim,Successfully deployed new workload ahead of schedule,positive
60002,E2E Full Test Corporation 1769042473 - Cloud Ops,2024-08-01,email,Dr. Smith,David Kim,Quarterly capacity planning review,neutral
60002,E2E Full Test Corporation 1769042473 - Cloud Ops,2024-08-14,meeting,Dr. Smith,David Kim,Executive sponsor praised team collaboration,positive
60002,E2E Full Test Corporation 1769042473 - Cloud Ops,2024-08-19,email,Dr. Smith,David Kim,Successful QBR with expansion discussion initiated,positive
60002,E2E Full Test Corporation 1769042473 - Cloud Ops,2024-08-05,meeting,Customer Team,David Kim,Routine technical sync meeting completed,neutral
60002,E2E Full Test Corporation 1769042473 - Cloud Ops,2024-08-08,meeting,Dr. Smith,David Kim,Routine technical sync meeting completed,neutral
60002,E2E Full Test Corporation 1769042473 - Cloud Ops,2024-08-19,email,Customer Team,David Kim,Monthly business review conducted,neutral
60002,E2E Full Test Corporation 1769042473 - Cloud Ops,2024-09-05,email,Dr. Smith,David Kim,Successfully deployed new workload ahead of schedule,positive
60002,E2E Full Test Corporation 1769042473 - Cloud Ops,2024-09-03,email,Customer Team,David Kim,Scheduled maintenance window executed,neutral
60002,E2E Full Test Corporation 1769042473 - Cloud Ops,2024-09-05,email,Dr. Smith,David Kim,Scheduled maintenance window executed,neutral
60002,E2E Full Test Corporation 1769042473 - Cloud Ops,2024-08-30,email,Customer Team,David Kim,System health check completed,neutral
60002,E2E Full Test Corporation 1769042473 - Cloud Ops,2024-09-13,meeting,Customer Team,David Kim,Unexpected system downtime reported,negative
60002,E2E Full Test Corporation 1769042473 - Cloud Ops,2024-09-20,meeting,Customer Team,David Kim,Executive sponsor praised team collaboration,positive
60002,E2E Full Test Corporation 1769042473 - Cloud Ops,2024-10-13,meeting,Dr. Smith,David Kim,Unexpected system downtime reported,negative
60002,E2E Full Test Corporation 1769042473 - Cloud Ops,2024-10-06,meeting,Customer Team,David Kim,Concerns about cooling efficiency raised,negative
60002,E2E Full Test Corporation 1769042473 - Cloud Ops,2024-10-01,meeting,Dr. Smith,David Kim,Quarterly capacity planning review,neutral
60002,E2E Full Test Corporation 1769042473 - Cloud Ops,2024-10-07,meeting,Customer Team,David Kim,Integration challenges with existing systems,negative
60002,E2E Full Test Corporation 1769042473 - Cloud Ops,2024-10-05,email,Dr. Smith,David Kim,Unexpected system downtime reported,negative
60002,E2E Full Test Corporation 1769042473 - Cloud Ops,2024-10-16,email,Dr. Smith,David Kim,Concerns about cooling efficiency raised,negative
60002,E2E Full Test Corporation 1769042473 - Cloud Ops,2024-10-14,meeting,Customer Team,David Kim,Support ticket unresolved >48 hours,negative
60002,E2E Full Test Corporation 1769042473 - Cloud Ops,2024-10-03,escalation,Dr. Smith,David Kim,Support ticket unresolved >48 hours,negative
60002,E2E Full Test Corporation 1769042473 - Cloud Ops,2024-11-10,meeting,Dr. Smith,David Kim,Budget concerns raised during planning meeting,negative
60002,E2E Full Test Corporation 1769042473 - Cloud Ops,2024-11-23,meeting,Dr. Smith,David Kim,Security compliance audit findings,negative
60002,E2E Full Test Corporation 1769042473 - Cloud Ops,2024-11-10,meeting,Customer Team,David Kim,Documentation review and updates,neutral
60002,E2E Full Test Corporation 1769042473 - Cloud Ops,2024-11-23,escalation,Customer Team,David Kim,Security compliance audit findings,negative
60002,E2E Full Test Corporation 1769042473 - Cloud Ops,2024-10-30,meeting,Dr. Smith,David Kim,Positive feedback on recent infrastructure upgrade,positive
60002,E2E Full Test Corporation 1769042473 - Cloud Ops,2024-11-23,email,Customer Team,David Kim,Integration challenges with existing systems,negative
60002,E2E Full Test Corporation 1769042473 - Cloud Ops,2024-11-14,meeting,Dr. Smith,David Kim,Support ticket unresolved >48 hours,negative
60002,E2E Full Test Corporation 1769042473 - Cloud Ops,2024-11-09,escalation,Customer Team,David Kim,Integration challenges with existing systems,negative
60002,E2E Full Test Corporation 1769042473 - Cloud Ops,2024-12-04,email,Customer Team,David Kim,Concerns about cooling efficiency raised,negative
60002,E2E Full Test Corporation 1769042473 - Cloud Ops,2024-12-05,meeting,Dr. Smith,David Kim,Project milestone delayed due to resource constraints,negative
60002,E2E Full Test Corporation 1769042473 - Cloud Ops,2024-12-09,meeting,Dr. Smith,David Kim,System health check completed,neutral
60002,E2E Full Test Corporation 1769042473 - Cloud Ops,2024-12-22,email,Customer Team,David Kim,Escalation from operations team regarding performance,negative
60002,E2E Full Test Corporation 1769042473 - Cloud Ops,2024-12-04,email,Customer Team,David Kim,Documentation review and updates,neutral
60002,E2E Full Test Corporation 1769042473 - Cloud Ops,2024-12-07,meeting,Dr. Smith,David Kim,Budget concerns raised during planning meeting,negative
60002,E2E Full Test Corporation 1769042473 - Cloud Ops,2024-12-13,email,Customer Team,David Kim,Concerns about cooling efficiency raised,negative
60002,E2E Full Test Corporation 1769042473 - Cloud Ops,2024-11-26,email,Dr. Smith,David Kim,Escalation from operations team regarding performance,negative
60003,E2E Full Test Corporation 1769042473 - AI Lab,2024-01-14,email,Dr. Davis,Emily Watson,System health check completed,neutral
60003,E2E Full Test Corporation 1769042473 - AI Lab,2024-01-10,email,Customer Team,Emily Watson,Monthly business review conducted,neutral
60003,E2E Full Test Corporation 1769042473 - AI Lab,2024-01-27,email,Customer Team,Emily Watson,Positive feedback on recent infrastructure upgrade,positive
60003,E2E Full Test Corporation 1769042473 - AI Lab,2024-01-05,email,Customer Team,Emily Watson,Exceeded performance benchmarks this quarter,positive
60003,E2E Full Test Corporation 1769042473 - AI Lab,2024-01-25,email,Customer Team,Emily Watson,Regular operational status update provided,neutral
60003,E2E Full Test Corporation 1769042473 - AI Lab,2024-01-17,email,Dr. Davis,Emily Watson,Positive feedback on recent infrastructure upgrade,positive
60003,E2E Full Test Corporation 1769042473 - AI Lab,2024-01-07,email,Dr. Davis,Emily Watson,Early adoption of new AI acceleration features,positive
60003,E2E Full Test Corporation 1769042473 - AI Lab,2024-01-13,email,Customer Team,Emily Watson,Documentation review and updates,neutral
60003,E2E Full Test Corporation 1769042473 - AI Lab,2024-01-21,meeting,Dr. Davis,Emily Watson,Scheduled maintenance window executed,neutral
60003,E2E Full Test Corporation 1769042473 - AI Lab,2024-01-23,meeting,Dr. Davis,Emily Watson,Successfully deployed new workload ahead of schedule,positive
60003,E2E Full Test Corporation 1769042473 - AI Lab,2024-02-09,meeting,Dr. Davis,Emily Watson,Quarterly capacity planning review,neutral
60003,E2E Full Test Corporation 1769042473 - AI Lab,2024-02-09,email,Customer Team,Emily Watson,Scheduled maintenance window executed,neutral
60003,E2E Full Test Corporation 1769042473 - AI Lab,2024-02-15,email,Customer Team,Emily Watson,Early adoption of new AI acceleration features,positive
60003,E2E Full Test Corporation 1769042473 - AI Lab,2024-02-13,meeting,Dr. Davis,Emily Watson,Successful QBR with expansion discussion initiated,positive
60003,E2E Full Test Corporation 1769042473 - AI Lab,2024-02-18,email,Customer Team,Emily Watson,System health check completed,neutral
60003,E2E Full Test Corporation 1769042473 - AI Lab,2024-02-18,escalation,Customer Team,Emily Watson,Project milestone delayed due to resource constraints,negative
60003,E2E Full Test Corporation 1769042473 - AI Lab,2024-02-24,email,Dr. Davis,Emily Watson,System health check completed,neutral
60003,E2E Full Test Corporation 1769042473 - AI Lab,2024-02-05,email,Dr. Davis,Emily Watson,Reference call completed successfully with prospect,positive
60003,E2E Full Test Corporation 1769042473 - AI Lab,2024-02-06,email,Dr. Davis,Emily Watson,System health check completed,neutral
60003,E2E Full Test Corporation 1769042473 - AI Lab,2024-02-01,meeting,Dr. Davis,Emily Watson,Reference call completed successfully with prospect,positive
60003,E2E Full Test Corporation 1769042473 - AI Lab,2024-03-03,email,Dr. Davis,Emily Watson,Successful QBR with expansion discussion initiated,positive
60003,E2E Full Test Corporation 1769042473 - AI Lab,2024-03-05,meeting,Dr. Davis,Emily Watson,Early adoption of new AI acceleration features,positive
60003,E2E Full Test Corporation 1769042473 - AI Lab,2024-03-16,email,Customer Team,Emily Watson,Executive sponsor praised team collaboration,positive
60003,E2E Full Test Corporation 1769042473 - AI Lab,2024-03-05,email,Customer Team,Emily Watson,Early adoption of new AI acceleration features,positive
60003,E2E Full Test Corporation 1769042473 - AI Lab,2024-03-02,email,Dr. Davis,Emily Watson,Positive feedback on recent infrastructure upgrade,positive
60003,E2E Full Test Corporation 1769042473 - AI Lab,2024-03-27,email,Dr. Davis,Emily Watson,Team member completed advanced certification,positive
60003,E2E Full Test Corporation 1769042473 - AI Lab,2024-03-01,email,Customer Team,Emily Watson,Training session on new features delivered,neutral
60003,E2E Full Test Corporation 1769042473 - AI Lab,2024-03-16,email,Customer Team,Emily Watson,Reference call completed successfully with prospect,positive
60003,E2E Full Test Corporation 1769042473 - AI Lab,2024-03-03,email,Customer Team,Emily Watson,Training session on new features delivered,neutral
60003,E2E Full Test Corporation 1769042473 - AI Lab,2024-03-29,email,Dr. Davis,Emily Watson,Positive feedback on recent infrastructure upgrade,positive
60003,E2E Full Test Corporation 1769042473 - AI Lab,2024-04-28,meeting,Customer Team,Emily Watson,Routine technical sync meeting completed,neutral
60003,E2E Full Test Corporation 1769042473 - AI Lab,2024-04-11,email,Customer Team,Emily Watson,Team member completed advanced certification,positive
60003,E2E Full Test Corporation 1769042473 - AI Lab,2024-04-08,email,Dr. Davis,Emily Watson,Routine technical sync meeting completed,neutral
60003,E2E Full Test Corporation 1769042473 - AI Lab,2024-04-25,meeting,Customer Team,Emily Watson,Regular operational status update provided,neutral
60003,E2E Full Test Corporation 1769042473 - AI Lab,2024-04-06,meeting,Dr. Davis,Emily Watson,Monthly business review conducted,neutral
60003,E2E Full Test Corporation 1769042473 - AI Lab,2024-04-13,meeting,Customer Team,Emily Watson,Exceeded performance benchmarks this quarter,positive
60003,E2E Full Test Corporation 1769042473 - AI Lab,2024-04-08,email,Customer Team,Emily Watson,Scheduled maintenance window executed,neutral
60003,E2E Full Test Corporation 1769042473 - AI Lab,2024-04-12,email,Customer Team,Emily Watson,Executive sponsor praised team collaboration,positive
60003,E2E Full Test Corporation 1769042473 - AI Lab,2024-04-06,email,Customer Team,Emily Watson,Reference call completed successfully with prospect,positive
60003,E2E Full Test Corporation 1769042473 - AI Lab,2024-04-22,email,Customer Team,Emily Watson,Team member completed advanced certification,positive
60003,E2E Full Test Corporation 1769042473 - AI Lab,2024-04-30,email,Dr. Davis,Emily Watson,Scheduled maintenance window executed,neutral
60003,E2E Full Test Corporation 1769042473 - AI Lab,2024-05-16,email,Dr. Davis,Emily Watson,Successful QBR with expansion discussion initiated,positive
60003,E2E Full Test Corporation 1769042473 - AI Lab,2024-05-22,meeting,Dr. Davis,Emily Watson,Positive feedback on recent infrastructure upgrade,positive
60003,E2E Full Test Corporation 1769042473 - AI Lab,2024-05-23,meeting,Customer Team,Emily Watson,Team member completed advanced certification,positive
60003,E2E Full Test Corporation 1769042473 - AI Lab,2024-05-05,email,Customer Team,Emily Watson,Executive sponsor praised team collaboration,positive
60003,E2E Full Test Corporation 1769042473 - AI Lab,2024-05-09,email,Customer Team,Emily Watson,Quarterly capacity planning review,neutral
60003,E2E Full Test Corporation 1769042473 - AI Lab,2024-05-13,meeting,Customer Team,Emily Watson,Reference call completed successfully with prospect,positive
60003,E2E Full Test Corporation 1769042473 - AI Lab,2024-05-06,meeting,Customer Team,Emily Watson,Training session on new features delivered,neutral
60003,E2E Full Test Corporation 1769042473 - AI Lab,2024-05-24,email,Dr. Davis,Emily Watson,Reference call completed successfully with prospect,positive
60003,E2E Full Test Corporation 1769042473 - AI Lab,2024-05-07,email,Customer Team,Emily Watson,Unexpected system downtime reported,negative
60003,E2E Full Test Corporation 1769042473 - AI Lab,2024-06-15,email,Dr. Davis,Emily Watson,Regular operational status update provided,neutral
60003,E2E Full Test Corporation 1769042473 - AI Lab,2024-06-25,email,Customer Team,Emily Watson,Team member completed advanced certification,positive
60003,E2E Full Test Corporation 1769042473 - AI Lab,2024-06-09,meeting,Customer Team,Emily Watson,Early adoption of new AI acceleration features,positive
60003,E2E Full Test Corporation 1769042473 - AI Lab,2024-06-03,email,Dr. Davis,Emily Watson,Exceeded performance benchmarks this quarter,positive
60003,E2E Full Test Corporation 1769042473 - AI Lab,2024-06-25,email,Customer Team,Emily Watson,Exceeded performance benchmarks this quarter,positive
60003,E2E Full Test Corporation 1769042473 - AI Lab,2024-06-26,meeting,Dr. Davis,Emily Watson,Training session on new features delivered,neutral
60003,E2E Full Test Corporation 1769042473 - AI Lab,2024-06-20,email,Dr. Davis,Emily Watson,Quarterly capacity planning review,neutral
60003,E2E Full Test Corporation 1769042473 - AI Lab,2024-06-09,email,Customer Team,Emily Watson,Team member completed advanced certification,positive
60003,E2E Full Test Corporation 1769042473 - AI Lab,2024-05-31,email,Customer Team,Emily Watson,Successfully deployed new workload ahead of schedule,positive
60003,E2E Full Test Corporation 1769042473 - AI Lab,2024-06-14,email,Dr. Davis,Emily Watson,Positive feedback on recent infrastructure upgrade,positive
60003,E2E Full Test Corporation 1769042473 - AI Lab,2024-07-25,email,Customer Team,Emily Watson,Executive sponsor praised team collaboration,positive
60003,E2E Full Test Corporation 1769042473 - AI Lab,2024-07-04,meeting,Customer Team,Emily Watson,Reference call completed successfully with prospect,positive
60003,E2E Full Test Corporation 1769042473 - AI Lab,2024-07-08,email,Customer Team,Emily Watson,Team member completed advanced certification,positive
60003,E2E Full Test Corporation 1769042473 - AI Lab,2024-07-17,meeting,Dr. Davis,Emily Watson,Reference call completed successfully with prospect,positive
60003,E2E Full Test Corporation 1769042473 - AI Lab,2024-07-10,meeting,Dr. Davis,Emily Watson,Exceeded performance benchmarks this quarter,positive
60003,E2E Full Test Corporation 1769042473 - AI Lab,2024-07-19,email,Dr. Davis,Emily Watson,Successful QBR with expansion discussion initiated,positive
60003,E2E Full Test Corporation 1769042473 - AI Lab,2024-07-21,meeting,Dr. Davis,Emily Watson,Successfully deployed new workload ahead of schedule,positive
60003,E2E Full Test Corporation 1769042473 - AI Lab,2024-07-01,meeting,Dr. Davis,Emily Watson,Regular operational status update provided,neutral
60003,E2E Full Test Corporation 1769042473 - AI Lab,2024-07-03,meeting,Dr. Davis,Emily Watson,Routine technical sync meeting completed,neutral
60003,E2E Full Test Corporation 1769042473 - AI Lab,2024-07-02,email,Dr. Davis,Emily Watson,Regular operational status update provided,neutral
60003,E2E Full Test Corporation 1769042473 - AI Lab,2024-08-06,email,Dr. Davis,Emily Watson,Exceeded performance benchmarks this quarter,positive
60003,E2E Full Test Corporation 1769042473 - AI Lab,2024-07-31,meeting,Customer Team,Emily Watson,Positive feedback on recent infrastructure upgrade,positive
60003,E2E Full Test Corporation 1769042473 - AI Lab,2024-07-31,email,Dr. Davis,Emily Watson,Successfully deployed new workload ahead of schedule,positive
60003,E2E Full Test Corporation 1769042473 - AI Lab,2024-08-23,meeting,Customer Team,Emily Watson,Successful QBR with expansion discussion initiated,positive
60003,E2E Full Test Corporation 1769042473 - AI Lab,2024-08-02,meeting,Dr. Davis,Emily Watson,Reference call completed successfully with prospect,positive
60003,E2E Full Test Corporation 1769042473 - AI Lab,2024-08-11,email,Dr. Davis,Emily Watson,Successfully deployed new workload ahead of schedule,positive
60003,E2E Full Test Corporation 1769042473 - AI Lab,2024-08-11,meeting,Customer Team,Emily Watson,Regular operational status update provided,neutral
60003,E2E Full Test Corporation 1769042473 - AI Lab,2024-08-10,email,Dr. Davis,Emily Watson,Reference call completed successfully with prospect,positive
60003,E2E Full Test Corporation 1769042473 - AI Lab,2024-08-26,meeting,Dr. Davis,Emily Watson,System health check completed,neutral
60003,E2E Full Test Corporation 1769042473 - AI Lab,2024-07-29,email,Dr. Davis,Emily Watson,Successfully deployed new workload ahead of schedule,positive
60003,E2E Full Test Corporation 1769042473 - AI Lab,2024-09-10,email,Customer Team,Emily Watson,Monthly business review conducted,neutral
60003,E2E Full Test Corporation 1769042473 - AI Lab,2024-09-14,email,Customer Team,Emily Watson,Early adoption of new AI acceleration features,positive
60003,E2E Full Test Corporation 1769042473 - AI Lab,2024-09-03,escalation,Customer Team,Emily Watson,Budget concerns raised during planning meeting,negative
60003,E2E Full Test Corporation 1769042473 - AI Lab,2024-09-13,email,Customer Team,Emily Watson,Team member completed advanced certification,positive
60003,E2E Full Test Corporation 1769042473 - AI Lab,2024-09-01,escalation,Dr. Davis,Emily Watson,Budget concerns raised during planning meeting,negative
60003,E2E Full Test Corporation 1769042473 - AI Lab,2024-09-07,meeting,Dr. Davis,Emily Watson,System health check completed,neutral
60003,E2E Full Test Corporation 1769042473 - AI Lab,2024-09-12,email,Customer Team,Emily Watson,Documentation review and updates,neutral
60003,E2E Full Test Corporation 1769042473 - AI Lab,2024-09-09,meeting,Customer Team,Emily Watson,Successful QBR with expansion discussion initiated,positive
60003,E2E Full Test Corporation 1769042473 - AI Lab,2024-09-17,email,Customer Team,Emily Watson,Reference call completed successfully with prospect,positive
60003,E2E Full Test Corporation 1769042473 - AI Lab,2024-09-24,email,Customer Team,Emily Watson,Executive sponsor praised team collaboration,positive
60003,E2E Full Test Corporation 1769042473 - AI Lab,2024-10-09,email,Dr. Davis,Emily Watson,Regular operational status update provided,neutral
60003,E2E Full Test Corporation 1769042473 - AI Lab,2024-10-12,email,Customer Team,Emily Watson,Documentation review and updates,neutral
60003,E2E Full Test Corporation 1769042473 - AI Lab,2024-10-22,email,Customer Team,Emily Watson,Reference call completed successfully with prospect,positive
60003,E2E Full Test Corporation 1769042473 - AI Lab,2024-10-12,meeting,Customer Team,Emily Watson,Reference call completed successfully with prospect,positive
60003,E2E Full Test Corporation 1769042473 - AI Lab,2024-10-18,email,Dr. Davis,Emily Watson,Positive feedback on recent infrastructure upgrade,positive
60003,E2E Full Test Corporation 1769042473 - AI Lab,2024-10-08,escalation,Dr. Davis,Emily Watson,Support ticket unresolved >48 hours,negative
60003,E2E Full Test Corporation 1769042473 - AI Lab,2024-10-05,email,Customer Team,Emily Watson,Routine technical sync meeting completed,neutral
60003,E2E Full Test Corporation 1769042473 - AI Lab,2024-10-10,email,Dr. Davis,Emily Watson,Monthly business review conducted,neutral
60003,E2E Full Test Corporation 1769042473 - AI Lab,2024-10-16,email,Customer Team,Emily Watson,Exceeded performance benchmarks this quarter,positive
60003,E2E Full Test Corporation 1769042473 - AI Lab,2024-10-17,meeting,Dr. Davis,Emily Watson,Executive sponsor praised team collaboration,positive
60003,E2E Full Test Corporation 1769042473 - AI Lab,2024-11-15,meeting,Dr. Davis,Emily Watson,Successful QBR with expansion discussion initiated,positive
60003,E2E Full Test Corporation 1769042473 - AI Lab,2024-11-21,email,Dr. Davis,Emily Watson,Project milestone delayed due to resource constraints,negative
60003,E2E Full Test Corporation 1769042473 - AI Lab,2024-10-29,email,Dr. Davis,Emily Watson,Successfully deployed new workload ahead of schedule,positive
60003,E2E Full Test Corporation 1769042473 - AI Lab,2024-11-05,email,Customer Team,Emily Watson,Positive feedback on recent infrastructure upgrade,positive
60003,E2E Full Test Corporation 1769042473 - AI Lab,2024-11-17,email,Customer Team,Emily Watson,Monthly business review conducted,neutral
60003,E2E Full Test Corporation 1769042473 - AI Lab,2024-11-03,email,Dr. Davis,Emily Watson,System health check completed,neutral
60003,E2E Full Test Corporation 1769042473 - AI Lab,2024-11-17,meeting,Dr. Davis,Emily Watson,Quarterly capacity planning review,neutral
60003,E2E Full Test Corporation 1769042473 - AI Lab,2024-11-09,meeting,Dr. Davis,Emily Watson,Documentation review and updates,neutral
60003,E2E Full Test Corporation 1769042473 - AI Lab,2024-11-04,email,Dr. Davis,Emily Watson,Team member completed advanced certification,positive
60003,E2E Full Test Corporation 1769042473 - AI Lab,2024-11-17,email,Customer Team,Emily Watson,Successful QBR with expansion discussion initiated,positive
60003,E2E Full Test Corporation 1769042473 - AI Lab,2024-12-10,email,Dr. Davis,Emily Watson,Positive feedback on recent infrastructure upgrade,positive
60003,E2E Full Test Corporation 1769042473 - AI Lab,2024-12-08,meeting,Dr. Davis,Emily Watson,Exceeded performance benchmarks this quarter,positive
60003,E2E Full Test Corporation 1769042473 - AI Lab,2024-12-16,email,Customer Team,Emily Watson,Executive sponsor praised team collaboration,positive
60003,E2E Full Test Corporation 1769042473 - AI Lab,2024-11-28,email,Customer Team,Emily Watson,Positive feedback on recent infrastructure upgrade,positive
60003,E2E Full Test Corporation 1769042473 - AI Lab,2024-12-20,meeting,Dr. Davis,Emily Watson,Team member completed advanced certification,positive
60003,E2E Full Test Corporation 1769042473 - AI Lab,2024-12-21,email,Customer Team,Emily Watson,Monthly business review conducted,neutral
60003,E2E Full Test Corporation 1769042473 - AI Lab,2024-11-28,email,Customer Team,Emily Watson,Training session on new features delivered,neutral
60003,E2E Full Test Corporation 1769042473 - AI Lab,2024-12-11,meeting,Customer Team,Emily Watson,Early adoption of new AI acceleration features,positive
60003,E2E Full Test Corporation 1769042473 - AI Lab,2024-12-20,email,Dr. Davis,Emily Watson,Team member completed advanced certification,positive
60003,E2E Full Test Corporation 1769042473 - AI Lab,2024-12-08,email,Customer Team,Emily Watson,Team member completed advanced certification,positive
60004,E2E Full Test Corporation 1769042473 - Production,2024-01-03,email,Customer Team,Tom Johnson,Monthly business review conducted,neutral
60004,E2E Full Test Corporation 1769042473 - Production,2024-01-04,email,Customer Team,Tom Johnson,Regular operational status update provided,neutral
60004,E2E Full Test Corporation 1769042473 - Production,2024-01-05,email,Customer Team,Tom Johnson,System health check completed,neutral
60004,E2E Full Test Corporation 1769042473 - Production,2024-01-17,email,Dr. Smith,Tom Johnson,Budget concerns raised during planning meeting,negative
60004,E2E Full Test Corporation 1769042473 - Production,2024-01-27,meeting,Dr. Smith,Tom Johnson,Security compliance audit findings,negative
60004,E2E Full Test Corporation 1769042473 - Production,2024-01-21,email,Customer Team,Tom Johnson,Successfully deployed new workload ahead of schedule,positive
60004,E2E Full Test Corporation 1769042473 - Production,2024-01-31,meeting,Customer Team,Tom Johnson,Regular operational status update provided,neutral
60004,E2E Full Test Corporation 1769042473 - Production,2024-02-23,email,Dr. Smith,Tom Johnson,Team member completed advanced certification,positive
60004,E2E Full Test Corporation 1769042473 - Production,2024-02-09,email,Customer Team,Tom Johnson,Monthly business review conducted,neutral
60004,E2E Full Test Corporation 1769042473 - Production,2024-02-07,meeting,Customer Team,Tom Johnson,Quarterly capacity planning review,neutral
60004,E2E Full Test Corporation 1769042473 - Production,2024-02-16,email,Dr. Smith,Tom Johnson,Successful QBR with expansion discussion initiated,positive
60004,E2E Full Test Corporation 1769042473 - Production,2024-02-25,email,Dr. Smith,Tom Johnson,Training session on new features delivered,neutral
60004,E2E Full Test Corporation 1769042473 - Production,2024-03-01,email,Dr. Smith,Tom Johnson,Early adoption of new AI acceleration features,positive
60004,E2E Full Test Corporation 1769042473 - Production,2024-03-21,meeting,Dr. Smith,Tom Johnson,Positive feedback on recent infrastructure upgrade,positive
60004,E2E Full Test Corporation 1769042473 - Production,2024-03-08,email,Customer Team,Tom Johnson,Executive sponsor praised team collaboration,positive
60004,E2E Full Test Corporation 1769042473 - Production,2024-03-29,email,Customer Team,Tom Johnson,Successful QBR with expansion discussion initiated,positive
60004,E2E Full Test Corporation 1769042473 - Production,2024-03-19,meeting,Customer Team,Tom Johnson,Regular operational status update provided,neutral
60004,E2E Full Test Corporation 1769042473 - Production,2024-03-22,email,Dr. Smith,Tom Johnson,Positive feedback on recent infrastructure upgrade,positive
60004,E2E Full Test Corporation 1769042473 - Production,2024-04-17,email,Dr. Smith,Tom Johnson,Reference call completed successfully with prospect,positive
60004,E2E Full Test Corporation 1769042473 - Production,2024-04-09,email,Dr. Smith,Tom Johnson,Monthly business review conducted,neutral
60004,E2E Full Test Corporation 1769042473 - Production,2024-04-05,email,Customer Team,Tom Johnson,System health check completed,neutral
60004,E2E Full Test Corporation 1769042473 - Production,2024-04-15,meeting,Dr. Smith,Tom Johnson,Reference call completed successfully with prospect,positive
60004,E2E Full Test Corporation 1769042473 - Production,2024-04-22,email,Dr. Smith,Tom Johnson,Training session on new features delivered,neutral
60004,E2E Full Test Corporation 1769042473 - Production,2024-04-17,email,Customer Team,Tom Johnson,Successful QBR with expansion discussion initiated,positive
60004,E2E Full Test Corporation 1769042473 - Production,2024-05-09,meeting,Customer Team,Tom Johnson,Scheduled maintenance window executed,neutral
60004,E2E Full Test Corporation 1769042473 - Production,2024-05-07,meeting,Dr. Smith,Tom Johnson,Positive feedback on recent infrastructure upgrade,positive
60004,E2E Full Test Corporation 1769042473 - Production,2024-05-22,meeting,Customer Team,Tom Johnson,Regular operational status update provided,neutral
60004,E2E Full Test Corporation 1769042473 - Production,2024-05-07,email,Dr. Smith,Tom Johnson,Exceeded performance benchmarks this quarter,positive
60004,E2E Full Test Corporation 1769042473 - Production,2024-05-24,email,Dr. Smith,Tom Johnson,System health check completed,neutral
60004,E2E Full Test Corporation 1769042473 - Production,2024-05-11,meeting,Customer Team,Tom Johnson,Team member completed advanced certification,positive
60004,E2E Full Test Corporation 1769042473 - Production,2024-06-27,email,Customer Team,Tom Johnson,Project milestone delayed due to resource constraints,negative
60004,E2E Full Test Corporation 1769042473 - Production,2024-06-03,meeting,Customer Team,Tom Johnson,Routine technical sync meeting completed,neutral
60004,E2E Full Test Corporation 1769042473 - Production,2024-06-19,email,Dr. Smith,Tom Johnson,Training session on new features delivered,neutral
60004,E2E Full Test Corporation 1769042473 - Production,2024-06-04,meeting,Customer Team,Tom Johnson,Routine technical sync meeting completed,neutral
60004,E2E Full Test Corporation 1769042473 - Production,2024-06-03,email,Customer Team,Tom Johnson,Documentation review and updates,neutral
60004,E2E Full Test Corporation 1769042473 - Production,2024-06-13,meeting,Customer Team,Tom Johnson,Project milestone delayed due to resource constraints,negative
60004,E2E Full Test Corporation 1769042473 - Production,2024-06-01,escalation,Customer Team,Tom Johnson,Project milestone delayed due to resource constraints,negative
60004,E2E Full Test Corporation 1769042473 - Production,2024-05-31,email,Dr. Smith,Tom Johnson,Budget concerns raised during planning meeting,negative
60004,E2E Full Test Corporation 1769042473 - Production,2024-07-23,meeting,Dr. Smith,Tom Johnson,System health check completed,neutral
60004,E2E Full Test Corporation 1769042473 - Production,2024-07-12,email,Customer Team,Tom Johnson,Budget concerns raised during planning meeting,negative
60004,E2E Full Test Corporation 1769042473 - Production,2024-07-05,meeting,Dr. Smith,Tom Johnson,Budget concerns raised during planning meeting,negative
60004,E2E Full Test Corporation 1769042473 - Production,2024-07-01,email,Dr. Smith,Tom Johnson,Quarterly capacity planning review,neutral
60004,E2E Full Test Corporation 1769042473 - Production,2024-07-12,email,Dr. Smith,Tom Johnson,System health check completed,neutral
60004,E2E Full Test Corporation 1769042473 - Production,2024-07-07,escalation,Dr. Smith,Tom Johnson,Support ticket unresolved >48 hours,negative
60004,E2E Full Test Corporation 1769042473 - Production,2024-07-18,escalation,Customer Team,Tom Johnson,Concerns about cooling efficiency raised,negative
60004,E2E Full Test Corporation 1769042473 - Production,2024-07-15,meeting,Customer Team,Tom Johnson,Unexpected system downtime reported,negative
60004,E2E Full Test Corporation 1769042473 - Production,2024-08-08,meeting,Dr. Smith,Tom Johnson,Support ticket unresolved >48 hours,negative
60004,E2E Full Test Corporation 1769042473 - Production,2024-08-12,email,Dr. Smith,Tom Johnson,Quarterly capacity planning review,neutral
60004,E2E Full Test Corporation 1769042473 - Production,2024-08-25,meeting,Dr. Smith,Tom Johnson,Budget concerns raised during planning meeting,negative
60004,E2E Full Test Corporation 1769042473 - Production,2024-07-30,meeting,Dr. Smith,Tom Johnson,Regular operational status update provided,neutral
60004,E2E Full Test Corporation 1769042473 - Production,2024-08-19,email,Customer Team,Tom Johnson,Support ticket unresolved >48 hours,negative
60004,E2E Full Test Corporation 1769042473 - Production,2024-08-24,meeting,Customer Team,Tom Johnson,Positive feedback on recent infrastructure upgrade,positive
60004,E2E Full Test Corporation 1769042473 - Production,2024-08-06,email,Customer Team,Tom Johnson,Scheduled maintenance window executed,neutral
60004,E2E Full Test Corporation 1769042473 - Production,2024-08-18,meeting,Dr. Smith,Tom Johnson,Integration challenges with existing systems,negative
60004,E2E Full Test Corporation 1769042473 - Production,2024-09-08,email,Dr. Smith,Tom Johnson,Monthly business review conducted,neutral
60004,E2E Full Test Corporation 1769042473 - Production,2024-09-17,email,Customer Team,Tom Johnson,Positive feedback on recent infrastructure upgrade,positive
60004,E2E Full Test Corporation 1769042473 - Production,2024-09-10,meeting,Dr. Smith,Tom Johnson,Successfully deployed new workload ahead of schedule,positive
60004,E2E Full Test Corporation 1769042473 - Production,2024-09-25,email,Dr. Smith,Tom Johnson,Monthly business review conducted,neutral
60004,E2E Full Test Corporation 1769042473 - Production,2024-09-13,email,Dr. Smith,Tom Johnson,Executive sponsor praised team collaboration,positive
60004,E2E Full Test Corporation 1769042473 - Production,2024-09-16,email,Dr. Smith,Tom Johnson,System health check completed,neutral
60004,E2E Full Test Corporation 1769042473 - Production,2024-10-08,meeting,Dr. Smith,Tom Johnson,Concerns about cooling efficiency raised,negative
60004,E2E Full Test Corporation 1769042473 - Production,2024-10-21,email,Dr. Smith,Tom Johnson,Scheduled maintenance window executed,neutral
60004,E2E Full Test Corporation 1769042473 - Production,2024-10-23,email,Dr. Smith,Tom Johnson,Quarterly capacity planning review,neutral
60004,E2E Full Test Corporation 1769042473 - Production,2024-10-18,meeting,Dr. Smith,Tom Johnson,Reference call completed successfully with prospect,positive
60004,E2E Full Test Corporation 1769042473 - Production,2024-10-25,email,Customer Team,Tom Johnson,Regular operational status update provided,neutral
60004,E2E Full Test Corporation 1769042473 - Production,2024-10-15,email,Dr. Smith,Tom Johnson,Training session on new features delivered,neutral
60004,E2E Full Test Corporation 1769042473 - Production,2024-10-27,email,Customer Team,Tom Johnson,Positive feedback on recent infrastructure upgrade,positive
60004,E2E Full Test Corporation 1769042473 - Production,2024-11-15,meeting,Customer Team,Tom Johnson,Successfully deployed new workload ahead of schedule,positive
60004,E2E Full Test Corporation 1769042473 - Production,2024-11-05,email,Customer Team,Tom Johnson,Quarterly capacity planning review,neutral
60004,E2E Full Test Corporation 1769042473 - Production,2024-11-07,email,Customer Team,Tom Johnson,Regular operational status update provided,neutral
60004,E2E Full Test Corporation 1769042473 - Production,2024-11-20,email,Dr. Smith,Tom Johnson,Positive feedback on recent infrastructure upgrade,positive
60004,E2E Full Test Corporation 1769042473 - Production,2024-11-04,email,Dr. Smith,Tom Johnson,Reference call completed successfully with prospect,positive
60004,E2E Full Test Corporation 1769042473 - Production,2024-12-13,email,Dr. Smith,Tom Johnson,Early adoption of new AI acceleration features,positive
60004,E2E Full Test Corporation 1769042473 - Production,2024-12-12,meeting,Customer Team,Tom Johnson,Monthly business review conducted,neutral
60004,E2E Full Test Corporation 1769042473 - Production,2024-12-07,meeting,Customer Team,Tom Johnson,Exceeded performance benchmarks this quarter,positive
60004,E2E Full Test Corporation 1769042473 - Production,2024-12-01,email,Customer Team,Tom Johnson,Exceeded performance benchmarks this quarter,positive
60004,E2E Full Test Corporation 1769042473 - Production,2024-12-16,email,Dr. Smith,Tom Johnson,Quarterly capacity planning review,neutral
60004,E2E Full Test Corporation 1769042473 - Production,2024-12-22,email,Customer Team,Tom Johnson,Scheduled maintenance window executed,neutral
60005,E2E Full Test Corporation 1769042473 - Development,2024-01-29,email,Customer Team,Emily Watson,Documentation review and updates,neutral
60005,E2E Full Test Corporation 1769042473 - Development,2024-01-04,meeting,Customer Team,Emily Watson,Executive sponsor praised team collaboration,positive
60005,E2E Full Test Corporation 1769042473 - Development,2024-01-21,email,Customer Team,Emily Watson,System health check completed,neutral
60005,E2E Full Test Corporation 1769042473 - Development,2024-01-02,meeting,Dr. Williams,Emily Watson,Successful QBR with expansion discussion initiated,positive
60005,E2E Full Test Corporation 1769042473 - Development,2024-01-01,email,Customer Team,Emily Watson,Routine technical sync meeting completed,neutral
60005,E2E Full Test Corporation 1769042473 - Development,2024-01-02,email,Customer Team,Emily Watson,Successfully deployed new workload ahead of schedule,positive
60005,E2E Full Test Corporation 1769042473 - Development,2024-02-13,email,Customer Team,Emily Watson,Early adoption of new AI acceleration features,positive
60005,E2E Full Test Corporation 1769042473 - Development,2024-02-10,email,Dr. Williams,Emily Watson,Successfully deployed new workload ahead of schedule,positive
60005,E2E Full Test Corporation 1769042473 - Development,2024-02-19,email,Customer Team,Emily Watson,Successful QBR with expansion discussion initiated,positive
60005,E2E Full Test Corporation 1769042473 - Development,2024-02-06,meeting,Dr. Williams,Emily Watson,Positive feedback on recent infrastructure upgrade,positive
60005,E2E Full Test Corporation 1769042473 - Development,2024-02-19,meeting,Customer Team,Emily Watson,Team member completed advanced certification,positive
60005,E2E Full Test Corporation 1769042473 - Development,2024-02-19,email,Dr. Williams,Emily Watson,Escalation from operations team regarding performance,negative
60005,E2E Full Test Corporation 1769042473 - Development,2024-01-31,meeting,Dr. Williams,Emily Watson,Team member completed advanced certification,positive
60005,E2E Full Test Corporation 1769042473 - Development,2024-02-21,email,Dr. Williams,Emily Watson,Positive feedback on recent infrastructure upgrade,positive
60005,E2E Full Test Corporation 1769042473 - Development,2024-02-28,meeting,Customer Team,Emily Watson,Team member completed advanced certification,positive
60005,E2E Full Test Corporation 1769042473 - Development,2024-02-17,email,Customer Team,Emily Watson,Concerns about cooling efficiency raised,negative
60005,E2E Full Test Corporation 1769042473 - Development,2024-03-22,email,Dr. Williams,Emily Watson,Successfully deployed new workload ahead of schedule,positive
60005,E2E Full Test Corporation 1769042473 - Development,2024-03-17,email,Customer Team,Emily Watson,Positive feedback on recent infrastructure upgrade,positive
60005,E2E Full Test Corporation 1769042473 - Development,2024-03-23,meeting,Dr. Williams,Emily Watson,Regular operational status update provided,neutral
60005,E2E Full Test Corporation 1769042473 - Development,2024-03-20,email,Dr. Williams,Emily Watson,Executive sponsor praised team collaboration,positive
60005,E2E Full Test Corporation 1769042473 - Development,2024-03-19,email,Customer Team,Emily Watson,Successfully deployed new workload ahead of schedule,positive
60005,E2E Full Test Corporation 1769042473 - Development,2024-03-08,meeting,Customer Team,Emily Watson,Reference call completed successfully with prospect,positive
60005,E2E Full Test Corporation 1769042473 - Development,2024-03-20,meeting,Dr. Williams,Emily Watson,Executive sponsor praised team collaboration,positive
60005,E2E Full Test Corporation 1769042473 - Development,2024-03-06,escalation,Dr. Williams,Emily Watson,Escalation from operations team regarding performance,negative
60005,E2E Full Test Corporation 1769042473 - Development,2024-03-01,email,Dr. Williams,Emily Watson,Successfully deployed new workload ahead of schedule,positive
60005,E2E Full Test Corporation 1769042473 - Development,2024-03-27,email,Customer Team,Emily Watson,Executive sponsor praised team collaboration,positive
60005,E2E Full Test Corporation 1769042473 - Development,2024-04-11,email,Dr. Williams,Emily Watson,Quarterly capacity planning review,neutral
60005,E2E Full Test Corporation 1769042473 - Development,2024-04-22,email,Dr. Williams,Emily Watson,Team member completed advanced certification,positive
60005,E2E Full Test Corporation 1769042473 - Development,2024-04-25,email,Dr. Williams,Emily Watson,System health check completed,neutral
60005,E2E Full Test Corporation 1769042473 - Development,2024-04-19,email,Customer Team,Emily Watson,Early adoption of new AI acceleration features,positive
60005,E2E Full Test Corporation 1769042473 - Development,2024-04-16,escalation,Dr. Williams,Emily Watson,Unexpected system downtime reported,negative
60005,E2E Full Test Corporation 1769042473 - Development,2024-04-09,meeting,Customer Team,Emily Watson,Reference call completed successfully with prospect,positive
60005,E2E Full Test Corporation 1769042473 - Development,2024-05-07,email,Dr. Williams,Emily Watson,Successful QBR with expansion discussion initiated,positive
60005,E2E Full Test Corporation 1769042473 - Development,2024-05-03,meeting,Dr. Williams,Emily Watson,Escalation from operations team regarding performance,negative
60005,E2E Full Test Corporation 1769042473 - Development,2024-05-25,email,Dr. Williams,Emily Watson,Quarterly capacity planning review,neutral
60005,E2E Full Test Corporation 1769042473 - Development,2024-04-30,email,Dr. Williams,Emily Watson,Project milestone delayed due to resource constraints,negative
60005,E2E Full Test Corporation 1769042473 - Development,2024-05-25,meeting,Dr. Williams,Emily Watson,Concerns about cooling efficiency raised,negative
60005,E2E Full Test Corporation 1769042473 - Development,2024-05-05,email,Dr. Williams,Emily Watson,Quarterly capacity planning review,neutral
60005,E2E Full Test Corporation 1769042473 - Development,2024-05-05,email,Dr. Williams,Emily Watson,Concerns about cooling efficiency raised,negative
60005,E2E Full Test Corporation 1769042473 - Development,2024-05-08,email,Dr. Williams,Emily Watson,Regular operational status update provided,neutral
60005,E2E Full Test Corporation 1769042473 - Development,2024-06-05,meeting,Dr. Williams,Emily Watson,Security compliance audit findings,negative
60005,E2E Full Test Corporation 1769042473 - Development,2024-06-02,escalation,Customer Team,Emily Watson,Integration challenges with existing systems,negative
60005,E2E Full Test Corporation 1769042473 - Development,2024-06-13,meeting,Dr. Williams,Emily Watson,Scheduled maintenance window executed,neutral
60005,E2E Full Test Corporation 1769042473 - Development,2024-06-11,email,Dr. Williams,Emily Watson,Quarterly capacity planning review,neutral
60005,E2E Full Test Corporation 1769042473 - Development,2024-06-12,email,Dr. Williams,Emily Watson,Unexpected system downtime reported,negative
60005,E2E Full Test Corporation 1769042473 - Development,2024-06-05,email,Dr. Williams,Emily Watson,Project milestone delayed due to resource constraints,negative
60005,E2E Full Test Corporation 1769042473 - Development,2024-06-17,email,Customer Team,Emily Watson,Integration challenges with existing systems,negative
60005,E2E Full Test Corporation 1769042473 - Development,2024-06-14,email,Dr. Williams,Emily Watson,Routine technical sync meeting completed,neutral
60005,E2E Full Test Corporation 1769042473 - Development,2024-07-25,email,Dr. Williams,Emily Watson,Routine technical sync meeting completed,neutral
60005,E2E Full Test Corporation 1769042473 - Development,2024-07-11,email,Dr. Williams,Emily Watson,Successfully deployed new workload ahead of schedule,positive
60005,E2E Full Test Corporation 1769042473 - Development,2024-07-12,meeting,Customer Team,Emily Watson,Successful QBR with expansion discussion initiated,positive
60005,E2E Full Test Corporation 1769042473 - Development,2024-07-01,meeting,Dr. Williams,Emily Watson,Routine technical sync meeting completed,neutral
60005,E2E Full Test Corporation 1769042473 - Development,2024-07-13,escalation,Customer Team,Emily Watson,Support ticket unresolved >48 hours,negative
60005,E2E Full Test Corporation 1769042473 - Development,2024-07-05,email,Customer Team,Emily Watson,Documentation review and updates,neutral
60005,E2E Full Test Corporation 1769042473 - Development,2024-08-04,meeting,Dr. Williams,Emily Watson,Successful QBR with expansion discussion initiated,positive
60005,E2E Full Test Corporation 1769042473 - Development,2024-08-10,email,Dr. Williams,Emily Watson,Successfully deployed new workload ahead of schedule,positive
60005,E2E Full Test Corporation 1769042473 - Development,2024-08-05,meeting,Customer Team,Emily Watson,Documentation review and updates,neutral
60005,E2E Full Test Corporation 1769042473 - Development,2024-08-10,meeting,Customer Team,Emily Watson,Successfully deployed new workload ahead of schedule,positive
60005,E2E Full Test Corporation 1769042473 - Development,2024-08-14,email,Dr. Williams,Emily Watson,Quarterly capacity planning review,neutral
60005,E2E Full Test Corporation 1769042473 - Development,2024-08-13,email,Customer Team,Emily Watson,System health check completed,neutral
60005,E2E Full Test Corporation 1769042473 - Development,2024-08-21,meeting,Dr. Williams,Emily Watson,Successfully deployed new workload ahead of schedule,positive
60005,E2E Full Test Corporation 1769042473 - Development,2024-08-12,meeting,Customer Team,Emily Watson,Early adoption of new AI acceleration features,positive
60005,E2E Full Test Corporation 1769042473 - Development,2024-08-01,email,Customer Team,Emily Watson,Reference call completed successfully with prospect,positive
60005,E2E Full Test Corporation 1769042473 - Development,2024-08-04,meeting,Customer Team,Emily Watson,Exceeded performance benchmarks this quarter,positive
60005,E2E Full Test Corporation 1769042473 - Development,2024-09-11,meeting,Dr. Williams,Emily Watson,Routine technical sync meeting completed,neutral
60005,E2E Full Test Corporation 1769042473 - Development,2024-09-12,email,Dr. Williams,Emily Watson,Quarterly capacity planning review,neutral
60005,E2E Full Test Corporation 1769042473 - Development,2024-09-22,email,Customer Team,Emily Watson,Team member completed advanced certification,positive
60005,E2E Full Test Corporation 1769042473 - Development,2024-09-21,email,Customer Team,Emily Watson,Executive sponsor praised team collaboration,positive
60005,E2E Full Test Corporation 1769042473 - Development,2024-09-23,email,Customer Team,Emily Watson,Regular operational status update provided,neutral
60005,E2E Full Test Corporation 1769042473 - Development,2024-09-10,email,Customer Team,Emily Watson,Executive sponsor praised team collaboration,positive
60005,E2E Full Test Corporation 1769042473 - Development,2024-09-23,email,Dr. Williams,Emily Watson,Team member completed advanced certification,positive
60005,E2E Full Test Corporation 1769042473 - Development,2024-09-13,email,Customer Team,Emily Watson,Successful QBR with expansion discussion initiated,positive
60005,E2E Full Test Corporation 1769042473 - Development,2024-09-22,email,Customer Team,Emily Watson,Reference call completed successfully with prospect,positive
60005,E2E Full Test Corporation 1769042473 - Development,2024-09-16,email,Dr. Williams,Emily Watson,Successfully deployed new workload ahead of schedule,positive
60005,E2E Full Test Corporation 1769042473 - Development,2024-10-20,meeting,Customer Team,Emily Watson,Positive feedback on recent infrastructure upgrade,positive
60005,E2E Full Test Corporation 1769042473 - Development,2024-10-24,email,Customer Team,Emily Watson,Monthly business review conducted,neutral
60005,E2E Full Test Corporation 1769042473 - Development,2024-10-18,meeting,Dr. Williams,Emily Watson,Positive feedback on recent infrastructure upgrade,positive
60005,E2E Full Test Corporation 1769042473 - Development,2024-10-22,escalation,Customer Team,Emily Watson,Integration challenges with existing systems,negative
60005,E2E Full Test Corporation 1769042473 - Development,2024-10-16,meeting,Dr. Williams,Emily Watson,Team member completed advanced certification,positive
60005,E2E Full Test Corporation 1769042473 - Development,2024-10-06,email,Dr. Williams,Emily Watson,Executive sponsor praised team collaboration,positive
60005,E2E Full Test Corporation 1769042473 - Development,2024-11-14,email,Customer Team,Emily Watson,Executive sponsor praised team collaboration,positive
60005,E2E Full Test Corporation 1769042473 - Development,2024-11-18,email,Customer Team,Emily Watson,Budget concerns raised during planning meeting,negative
60005,E2E Full Test Corporation 1769042473 - Development,2024-11-21,meeting,Customer Team,Emily Watson,Escalation from operations team regarding performance,negative
60005,E2E Full Test Corporation 1769042473 - Development,2024-10-30,email,Customer Team,Emily Watson,Scheduled maintenance window executed,neutral
60005,E2E Full Test Corporation 1769042473 - Development,2024-10-28,email,Dr. Williams,Emily Watson,Training session on new features delivered,neutral
60005,E2E Full Test Corporation 1769042473 - Development,2024-11-19,email,Customer Team,Emily Watson,Monthly business review conducted,neutral
60005,E2E Full Test Corporation 1769042473 - Development,2024-11-22,email,Dr. Williams,Emily Watson,Quarterly capacity planning review,neutral
60005,E2E Full Test Corporation 1769042473 - Development,2024-11-15,email,Customer Team,Emily Watson,Regular operational status update provided,neutral
60005,E2E Full Test Corporation 1769042473 - Development,2024-12-07,email,Dr. Williams,Emily Watson,Monthly business review conducted,neutral
60005,E2E Full Test Corporation 1769042473 - Development,2024-12-22,email,Customer Team,Emily Watson,Project milestone delayed due to resource constraints,negative
60005,E2E Full Test Corporation 1769042473 - Development,2024-12-02,email,Dr. Williams,Emily Watson,Support ticket unresolved >48 hours,negative
60005,E2E Full Test Corporation 1769042473 - Development,2024-12-07,escalation,Dr. Williams,Emily Watson,Support ticket unresolved >48 hours,negative
60005,E2E Full Test Corporation 1769042473 - Development,2024-12-23,email,Customer Team,Emily Watson,Team member completed advanced certification,positive
60005,E2E Full Test Corporation 1769042473 - Development,2024-12-23,escalation,Dr. Williams,Emily Watson,Budget concerns raised during planning meeting,negative
60005,E2E Full Test Corporation 1769042473 - Development,2024-12-08,meeting,Dr. Williams,Emily Watson,Regular operational status update provided,neutral
60005,E2E Full Test Corporation 1769042473 - Development,2024-12-18,escalation,Customer Team,Emily Watson,Security compliance audit findings,negative
60006,E2E Full Test Corporation 1769042473 - HQ Operations,2024-01-11,escalation,Dr. Davis,David Kim,Support ticket unresolved >48 hours,negative
60006,E2E Full Test Corporation 1769042473 - HQ Operations,2024-01-22,email,Customer Team,David Kim,Exceeded performance benchmarks this quarter,positive
60006,E2E Full Test Corporation 1769042473 - HQ Operations,2024-01-02,email,Customer Team,David Kim,Quarterly capacity planning review,neutral
60006,E2E Full Test Corporation 1769042473 - HQ Operations,2024-01-14,meeting,Customer Team,David Kim,Documentation review and updates,neutral
60006,E2E Full Test Corporation 1769042473 - HQ Operations,2024-01-04,email,Dr. Davis,David Kim,Training session on new features delivered,neutral
60006,E2E Full Test Corporation 1769042473 - HQ Operations,2024-01-22,email,Customer Team,David Kim,Quarterly capacity planning review,neutral
60006,E2E Full Test Corporation 1769042473 - HQ Operations,2024-02-04,meeting,Customer Team,David Kim,System health check completed,neutral
60006,E2E Full Test Corporation 1769042473 - HQ Operations,2024-02-17,email,Dr. Davis,David Kim,Unexpected system downtime reported,negative
60006,E2E Full Test Corporation 1769042473 - HQ Operations,2024-01-31,email,Customer Team,David Kim,Regular operational status update provided,neutral
60006,E2E Full Test Corporation 1769042473 - HQ Operations,2024-02-12,email,Dr. Davis,David Kim,Regular operational status update provided,neutral
60006,E2E Full Test Corporation 1769042473 - HQ Operations,2024-02-11,email,Customer Team,David Kim,Quarterly capacity planning review,neutral
60006,E2E Full Test Corporation 1769042473 - HQ Operations,2024-02-27,email,Customer Team,David Kim,System health check completed,neutral
60006,E2E Full Test Corporation 1769042473 - HQ Operations,2024-03-25,meeting,Dr. Davis,David Kim,Documentation review and updates,neutral
60006,E2E Full Test Corporation 1769042473 - HQ Operations,2024-03-12,email,Customer Team,David Kim,Routine technical sync meeting completed,neutral
60006,E2E Full Test Corporation 1769042473 - HQ Operations,2024-03-01,email,Dr. Davis,David Kim,Exceeded performance benchmarks this quarter,positive
60006,E2E Full Test Corporation 1769042473 - HQ Operations,2024-03-17,email,Dr. Davis,David Kim,System health check completed,neutral
60006,E2E Full Test Corporation 1769042473 - HQ Operations,2024-03-12,escalation,Dr. Davis,David Kim,Integration challenges with existing systems,negative
60006,E2E Full Test Corporation 1769042473 - HQ Operations,2024-03-24,email,Dr. Davis,David Kim,Unexpected system downtime reported,negative
60006,E2E Full Test Corporation 1769042473 - HQ Operations,2024-03-01,meeting,Customer Team,David Kim,Unexpected system downtime reported,negative
60006,E2E Full Test Corporation 1769042473 - HQ Operations,2024-03-14,meeting,Customer Team,David Kim,Integration challenges with existing systems,negative
60006,E2E Full Test Corporation 1769042473 - HQ Operations,2024-04-22,meeting,Dr. Davis,David Kim,Integration challenges with existing systems,negative
60006,E2E Full Test Corporation 1769042473 - HQ Operations,2024-04-27,email,Dr. Davis,David Kim,Project milestone delayed due to resource constraints,negative
60006,E2E Full Test Corporation 1769042473 - HQ Operations,2024-04-15,escalation,Customer Team,David Kim,Unexpected system downtime reported,negative
60006,E2E Full Test Corporation 1769042473 - HQ Operations,2024-04-20,meeting,Dr. Davis,David Kim,Security compliance audit findings,negative
60006,E2E Full Test Corporation 1769042473 - HQ Operations,2024-04-22,escalation,Customer Team,David Kim,Budget concerns raised during planning meeting,negative
60006,E2E Full Test Corporation 1769042473 - HQ Operations,2024-04-22,escalation,Customer Team,David Kim,Security compliance audit findings,negative
60006,E2E Full Test Corporation 1769042473 - HQ Operations,2024-04-10,meeting,Dr. Davis,David Kim,System health check completed,neutral
60006,E2E Full Test Corporation 1769042473 - HQ Operations,2024-04-24,email,Customer Team,David Kim,Scheduled maintenance window executed,neutral
60006,E2E Full Test Corporation 1769042473 - HQ Operations,2024-05-19,meeting,Dr. Davis,David Kim,Project milestone delayed due to resource constraints,negative
60006,E2E Full Test Corporation 1769042473 - HQ Operations,2024-05-14,escalation,Customer Team,David Kim,Concerns about cooling efficiency raised,negative
60006,E2E Full Test Corporation 1769042473 - HQ Operations,2024-05-28,escalation,Customer Team,David Kim,Integration challenges with existing systems,negative
60006,E2E Full Test Corporation 1769042473 - HQ Operations,2024-05-27,email,Dr. Davis,David Kim,Routine technical sync meeting completed,neutral
60006,E2E Full Test Corporation 1769042473 - HQ Operations,2024-05-02,meeting,Dr. Davis,David Kim,Regular operational status update provided,neutral
60006,E2E Full Test Corporation 1769042473 - HQ Operations,2024-05-20,email,Customer Team,David Kim,Documentation review and updates,neutral
60006,E2E Full Test Corporation 1769042473 - HQ Operations,2024-05-20,escalation,Dr. Davis,David Kim,Budget concerns raised during planning meeting,negative
60006,E2E Full Test Corporation 1769042473 - HQ Operations,2024-05-17,email,Dr. Davis,David Kim,Scheduled maintenance window executed,neutral
60006,E2E Full Test Corporation 1769042473 - HQ Operations,2024-05-31,escalation,Customer Team,David Kim,Unexpected system downtime reported,negative
60006,E2E Full Test Corporation 1769042473 - HQ Operations,2024-06-23,email,Dr. Davis,David Kim,Support ticket unresolved >48 hours,negative
60006,E2E Full Test Corporation 1769042473 - HQ Operations,2024-06-17,email,Customer Team,David Kim,Reference call completed successfully with prospect,positive
60006,E2E Full Test Corporation 1769042473 - HQ Operations,2024-06-10,email,Dr. Davis,David Kim,Documentation review and updates,neutral
60006,E2E Full Test Corporation 1769042473 - HQ Operations,2024-06-23,email,Dr. Davis,David Kim,Escalation from operations team regarding performance,negative
60006,E2E Full Test Corporation 1769042473 - HQ Operations,2024-05-31,meeting,Dr. Davis,David Kim,Support ticket unresolved >48 hours,negative
60006,E2E Full Test Corporation 1769042473 - HQ Operations,2024-05-31,email,Dr. Davis,David Kim,Escalation from operations team regarding performance,negative
60006,E2E Full Test Corporation 1769042473 - HQ Operations,2024-06-11,email,Dr. Davis,David Kim,Unexpected system downtime reported,negative
60006,E2E Full Test Corporation 1769042473 - HQ Operations,2024-07-23,email,Customer Team,David Kim,Monthly business review conducted,neutral
60006,E2E Full Test Corporation 1769042473 - HQ Operations,2024-07-01,email,Customer Team,David Kim,Executive sponsor praised team collaboration,positive
60006,E2E Full Test Corporation 1769042473 - HQ Operations,2024-07-27,meeting,Customer Team,David Kim,Executive sponsor praised team collaboration,positive
60006,E2E Full Test Corporation 1769042473 - HQ Operations,2024-07-04,email,Customer Team,David Kim,Team member completed advanced certification,positive
60006,E2E Full Test Corporation 1769042473 - HQ Operations,2024-07-22,meeting,Customer Team,David Kim,Successful QBR with expansion discussion initiated,positive
60006,E2E Full Test Corporation 1769042473 - HQ Operations,2024-07-09,email,Dr. Davis,David Kim,Team member completed advanced certification,positive
60006,E2E Full Test Corporation 1769042473 - HQ Operations,2024-08-13,email,Customer Team,David Kim,Exceeded performance benchmarks this quarter,positive
60006,E2E Full Test Corporation 1769042473 - HQ Operations,2024-08-07,email,Dr. Davis,David Kim,Exceeded performance benchmarks this quarter,positive
60006,E2E Full Test Corporation 1769042473 - HQ Operations,2024-08-12,email,Dr. Davis,David Kim,Successful QBR with expansion discussion initiated,positive
60006,E2E Full Test Corporation 1769042473 - HQ Operations,2024-08-01,email,Dr. Davis,David Kim,System health check completed,neutral
60006,E2E Full Test Corporation 1769042473 - HQ Operations,2024-08-03,email,Dr. Davis,David Kim,Successfully deployed new workload ahead of schedule,positive
60006,E2E Full Test Corporation 1769042473 - HQ Operations,2024-08-24,email,Customer Team,David Kim,Exceeded performance benchmarks this quarter,positive
60006,E2E Full Test Corporation 1769042473 - HQ Operations,2024-09-15,meeting,Customer Team,David Kim,Scheduled maintenance window executed,neutral
60006,E2E Full Test Corporation 1769042473 - HQ Operations,2024-09-19,meeting,Customer Team,David Kim,Early adoption of new AI acceleration features,positive
60006,E2E Full Test Corporation 1769042473 - HQ Operations,2024-09-17,email,Customer Team,David Kim,System health check completed,neutral
60006,E2E Full Test Corporation 1769042473 - HQ Operations,2024-09-15,email,Dr. Davis,David Kim,Regular operational status update provided,neutral
60006,E2E Full Test Corporation 1769042473 - HQ Operations,2024-09-22,email,Customer Team,David Kim,Monthly business review conducted,neutral
60006,E2E Full Test Corporation 1769042473 - HQ Operations,2024-09-18,email,Customer Team,David Kim,Escalation from operations team regarding performance,negative
60006,E2E Full Test Corporation 1769042473 - HQ Operations,2024-10-17,email,Customer Team,David Kim,Training session on new features delivered,neutral
60006,E2E Full Test Corporation 1769042473 - HQ Operations,2024-10-06,email,Dr. Davis,David Kim,Reference call completed successfully with prospect,positive
60006,E2E Full Test Corporation 1769042473 - HQ Operations,2024-10-22,email,Dr. Davis,David Kim,Routine technical sync meeting completed,neutral
60006,E2E Full Test Corporation 1769042473 - HQ Operations,2024-10-08,meeting,Dr. Davis,David Kim,Training session on new features delivered,neutral
60006,E2E Full Test Corporation 1769042473 - HQ Operations,2024-10-20,meeting,Dr. Davis,David Kim,Positive feedback on recent infrastructure upgrade,positive
60006,E2E Full Test Corporation 1769042473 - HQ Operations,2024-10-23,meeting,Customer Team,David Kim,Documentation review and updates,neutral
60006,E2E Full Test Corporation 1769042473 - HQ Operations,2024-11-21,email,Customer Team,David Kim,Early adoption of new AI acceleration features,positive
60006,E2E Full Test Corporation 1769042473 - HQ Operations,2024-11-02,meeting,Dr. Davis,David Kim,Support ticket unresolved >48 hours,negative
60006,E2E Full Test Corporation 1769042473 - HQ Operations,2024-11-11,meeting,Customer Team,David Kim,Routine technical sync meeting completed,neutral
60006,E2E Full Test Corporation 1769042473 - HQ Operations,2024-11-15,meeting,Customer Team,David Kim,Documentation review and updates,neutral
60006,E2E Full Test Corporation 1769042473 - HQ Operations,2024-10-30,meeting,Dr. Davis,David Kim,Team member completed advanced certification,positive
60006,E2E Full Test Corporation 1769042473 - HQ Operations,2024-10-27,email,Customer Team,David Kim,Documentation review and updates,neutral
60006,E2E Full Test Corporation 1769042473 - HQ Operations,2024-12-21,email,Customer Team,David Kim,Escalation from operations team regarding performance,negative
60006,E2E Full Test Corporation 1769042473 - HQ Operations,2024-12-09,email,Customer Team,David Kim,Scheduled maintenance window executed,neutral
60006,E2E Full Test Corporation 1769042473 - HQ Operations,2024-12-15,email,Dr. Davis,David Kim,Support ticket unresolved >48 hours,negative
60006,E2E Full Test Corporation 1769042473 - HQ Operations,2024-12-01,email,Dr. Davis,David Kim,Monthly business review conducted,neutral
60006,E2E Full Test Corporation 1769042473 - HQ Operations,2024-12-22,email,Dr. Davis,David Kim,Integration challenges with existing systems,negative
60006,E2E Full Test Corporation 1769042473 - HQ Operations,2024-11-29,email,Dr. Davis,David Kim,Project milestone delayed due to resource constraints,negative
60007,E2E Full Test Corporation 1769042473 - Regional Office,2024-01-06,escalation,Customer Team,Michael Rodriguez,Support ticket unresolved >48 hours,negative
60007,E2E Full Test Corporation 1769042473 - Regional Office,2024-01-12,email,Customer Team,Michael Rodriguez,Project milestone delayed due to resource constraints,negative
60007,E2E Full Test Corporation 1769042473 - Regional Office,2024-01-10,escalation,Customer Team,Michael Rodriguez,Unexpected system downtime reported,negative
60007,E2E Full Test Corporation 1769042473 - Regional Office,2024-01-02,meeting,Dr. Williams,Michael Rodriguez,Support ticket unresolved >48 hours,negative
60007,E2E Full Test Corporation 1769042473 - Regional Office,2024-01-03,escalation,Customer Team,Michael Rodriguez,Integration challenges with existing systems,negative
60007,E2E Full Test Corporation 1769042473 - Regional Office,2024-01-14,email,Dr. Williams,Michael Rodriguez,Unexpected system downtime reported,negative
60007,E2E Full Test Corporation 1769042473 - Regional Office,2024-01-02,escalation,Customer Team,Michael Rodriguez,Project milestone delayed due to resource constraints,negative
60007,E2E Full Test Corporation 1769042473 - Regional Office,2024-01-25,meeting,Dr. Williams,Michael Rodriguez,Security compliance audit findings,negative
60007,E2E Full Test Corporation 1769042473 - Regional Office,2024-02-26,email,Customer Team,Michael Rodriguez,Reference call completed successfully with prospect,positive
60007,E2E Full Test Corporation 1769042473 - Regional Office,2024-02-13,email,Customer Team,Michael Rodriguez,Positive feedback on recent infrastructure upgrade,positive
60007,E2E Full Test Corporation 1769042473 - Regional Office,2024-02-16,email,Dr. Williams,Michael Rodriguez,Team member completed advanced certification,positive
60007,E2E Full Test Corporation 1769042473 - Regional Office,2024-02-10,escalation,Dr. Williams,Michael Rodriguez,Unexpected system downtime reported,negative
60007,E2E Full Test Corporation 1769042473 - Regional Office,2024-02-07,email,Customer Team,Michael Rodriguez,Integration challenges with existing systems,negative
60007,E2E Full Test Corporation 1769042473 - Regional Office,2024-02-02,email,Dr. Williams,Michael Rodriguez,Successfully deployed new workload ahead of schedule,positive
60007,E2E Full Test Corporation 1769042473 - Regional Office,2024-02-02,email,Customer Team,Michael Rodriguez,Exceeded performance benchmarks this quarter,positive
60007,E2E Full Test Corporation 1769042473 - Regional Office,2024-02-10,email,Customer Team,Michael Rodriguez,Training session on new features delivered,neutral
60007,E2E Full Test Corporation 1769042473 - Regional Office,2024-03-06,email,Dr. Williams,Michael Rodriguez,Monthly business review conducted,neutral
60007,E2E Full Test Corporation 1769042473 - Regional Office,2024-03-13,email,Customer Team,Michael Rodriguez,Early adoption of new AI acceleration features,positive
60007,E2E Full Test Corporation 1769042473 - Regional Office,2024-03-11,escalation,Dr. Williams,Michael Rodriguez,Unexpected system downtime reported,negative
60007,E2E Full Test Corporation 1769042473 - Regional Office,2024-03-25,email,Customer Team,Michael Rodriguez,Successful QBR with expansion discussion initiated,positive
60007,E2E Full Test Corporation 1769042473 - Regional Office,2024-03-20,meeting,Dr. Williams,Michael Rodriguez,Project milestone delayed due to resource constraints,negative
60007,E2E Full Test Corporation 1769042473 - Regional Office,2024-03-05,email,Customer Team,Michael Rodriguez,System health check completed,neutral
60007,E2E Full Test Corporation 1769042473 - Regional Office,2024-03-09,meeting,Dr. Williams,Michael Rodriguez,Security compliance audit findings,negative
60007,E2E Full Test Corporation 1769042473 - Regional Office,2024-03-16,email,Dr. Williams,Michael Rodriguez,Integration challenges with existing systems,negative
60007,E2E Full Test Corporation 1769042473 - Regional Office,2024-04-09,meeting,Customer Team,Michael Rodriguez,Successfully deployed new workload ahead of schedule,positive
60007,E2E Full Test Corporation 1769042473 - Regional Office,2024-04-02,email,Dr. Williams,Michael Rodriguez,Project milestone delayed due to resource constraints,negative
60007,E2E Full Test Corporation 1769042473 - Regional Office,2024-04-24,email,Dr. Williams,Michael Rodriguez,Monthly business review conducted,neutral
60007,E2E Full Test Corporation 1769042473 - Regional Office,2024-04-20,email,Customer Team,Michael Rodriguez,Successfully deployed new workload ahead of schedule,positive
60007,E2E Full Test Corporation 1769042473 - Regional Office,2024-04-27,escalation,Dr. Williams,Michael Rodriguez,Budget concerns raised during planning meeting,negative
60007,E2E Full Test Corporation 1769042473 - Regional Office,2024-04-13,escalation,Dr. Williams,Michael Rodriguez,Security compliance audit findings,negative
60007,E2E Full Test Corporation 1769042473 - Regional Office,2024-04-08,escalation,Customer Team,Michael Rodriguez,Support ticket unresolved >48 hours,negative
60007,E2E Full Test Corporation 1769042473 - Regional Office,2024-04-28,meeting,Customer Team,Michael Rodriguez,Security compliance audit findings,negative
60007,E2E Full Test Corporation 1769042473 - Regional Office,2024-05-06,email,Dr. Williams,Michael Rodriguez,Regular operational status update provided,neutral
60007,E2E Full Test Corporation 1769042473 - Regional Office,2024-05-22,email,Dr. Williams,Michael Rodriguez,Concerns about cooling efficiency raised,negative
60007,E2E Full Test Corporation 1769042473 - Regional Office,2024-05-12,meeting,Customer Team,Michael Rodriguez,Early adoption of new AI acceleration features,positive
60007,E2E Full Test Corporation 1769042473 - Regional Office,2024-05-24,email,Dr. Williams,Michael Rodriguez,Integration challenges with existing systems,negative
60007,E2E Full Test Corporation 1769042473 - Regional Office,2024-05-20,email,Dr. Williams,Michael Rodriguez,Integration challenges with existing systems,negative
60007,E2E Full Test Corporation 1769042473 - Regional Office,2024-05-25,email,Dr. Williams,Michael Rodriguez,Security compliance audit findings,negative
60007,E2E Full Test Corporation 1769042473 - Regional Office,2024-05-03,meeting,Dr. Williams,Michael Rodriguez,Concerns about cooling efficiency raised,negative
60007,E2E Full Test Corporation 1769042473 - Regional Office,2024-05-20,meeting,Dr. Williams,Michael Rodriguez,Support ticket unresolved >48 hours,negative
60007,E2E Full Test Corporation 1769042473 - Regional Office,2024-06-05,meeting,Customer Team,Michael Rodriguez,Escalation from operations team regarding performance,negative
60007,E2E Full Test Corporation 1769042473 - Regional Office,2024-06-21,meeting,Customer Team,Michael Rodriguez,Escalation from operations team regarding performance,negative
60007,E2E Full Test Corporation 1769042473 - Regional Office,2024-06-17,meeting,Dr. Williams,Michael Rodriguez,Monthly business review conducted,neutral
60007,E2E Full Test Corporation 1769042473 - Regional Office,2024-06-18,email,Customer Team,Michael Rodriguez,Project milestone delayed due to resource constraints,negative
60007,E2E Full Test Corporation 1769042473 - Regional Office,2024-05-30,email,Customer Team,Michael Rodriguez,Positive feedback on recent infrastructure upgrade,positive
60007,E2E Full Test Corporation 1769042473 - Regional Office,2024-06-01,meeting,Customer Team,Michael Rodriguez,Positive feedback on recent infrastructure upgrade,positive
60007,E2E Full Test Corporation 1769042473 - Regional Office,2024-06-05,meeting,Dr. Williams,Michael Rodriguez,Successful QBR with expansion discussion initiated,positive
60007,E2E Full Test Corporation 1769042473 - Regional Office,2024-06-14,escalation,Dr. Williams,Michael Rodriguez,Concerns about cooling efficiency raised,negative
60007,E2E Full Test Corporation 1769042473 - Regional Office,2024-07-25,meeting,Customer Team,Michael Rodriguez,Support ticket unresolved >48 hours,negative
60007,E2E Full Test Corporation 1769042473 - Regional Office,2024-07-17,email,Dr. Williams,Michael Rodriguez,Quarterly capacity planning review,neutral
60007,E2E Full Test Corporation 1769042473 - Regional Office,2024-07-05,meeting,Dr. Williams,Michael Rodriguez,Budget concerns raised during planning meeting,negative
60007,E2E Full Test Corporation 1769042473 - Regional Office,2024-07-19,email,Customer Team,Michael Rodriguez,Reference call completed successfully with prospect,positive
60007,E2E Full Test Corporation 1769042473 - Regional Office,2024-07-02,email,Customer Team,Michael Rodriguez,Escalation from operations team regarding performance,negative
60007,E2E Full Test Corporation 1769042473 - Regional Office,2024-07-05,email,Dr. Williams,Michael Rodriguez,Early adoption of new AI acceleration features,positive
60007,E2E Full Test Corporation 1769042473 - Regional Office,2024-07-14,meeting,Customer Team,Michael Rodriguez,Security compliance audit findings,negative
60007,E2E Full Test Corporation 1769042473 - Regional Office,2024-07-26,email,Customer Team,Michael Rodriguez,Routine technical sync meeting completed,neutral
60007,E2E Full Test Corporation 1769042473 - Regional Office,2024-08-11,email,Dr. Williams,Michael Rodriguez,Early adoption of new AI acceleration features,positive
60007,E2E Full Test Corporation 1769042473 - Regional Office,2024-08-13,escalation,Customer Team,Michael Rodriguez,Budget concerns raised during planning meeting,negative
60007,E2E Full Test Corporation 1769042473 - Regional Office,2024-08-25,meeting,Customer Team,Michael Rodriguez,System health check completed,neutral
60007,E2E Full Test Corporation 1769042473 - Regional Office,2024-08-05,email,Dr. Williams,Michael Rodriguez,Security compliance audit findings,negative
60007,E2E Full Test Corporation 1769042473 - Regional Office,2024-08-17,email,Dr. Williams,Michael Rodriguez,Security compliance audit findings,negative
60007,E2E Full Test Corporation 1769042473 - Regional Office,2024-08-09,meeting,Dr. Williams,Michael Rodriguez,Unexpected system downtime reported,negative
60007,E2E Full Test Corporation 1769042473 - Regional Office,2024-08-17,email,Customer Team,Michael Rodriguez,Training session on new features delivered,neutral
60007,E2E Full Test Corporation 1769042473 - Regional Office,2024-08-06,email,Customer Team,Michael Rodriguez,Training session on new features delivered,neutral
60007,E2E Full Test Corporation 1769042473 - Regional Office,2024-09-11,meeting,Customer Team,Michael Rodriguez,Support ticket unresolved >48 hours,negative
60007,E2E Full Test Corporation 1769042473 - Regional Office,2024-09-19,email,Dr. Williams,Michael Rodriguez,Budget concerns raised during planning meeting,negative
60007,E2E Full Test Corporation 1769042473 - Regional Office,2024-09-11,meeting,Dr. Williams,Michael Rodriguez,Escalation from operations team regarding performance,negative
60007,E2E Full Test Corporation 1769042473 - Regional Office,2024-09-21,escalation,Customer Team,Michael Rodriguez,Concerns about cooling efficiency raised,negative
60007,E2E Full Test Corporation 1769042473 - Regional Office,2024-09-25,email,Dr. Williams,Michael Rodriguez,Scheduled maintenance window executed,neutral
60007,E2E Full Test Corporation 1769042473 - Regional Office,2024-09-07,email,Dr. Williams,Michael Rodriguez,Budget concerns raised during planning meeting,negative
60007,E2E Full Test Corporation 1769042473 - Regional Office,2024-09-13,meeting,Dr. Williams,Michael Rodriguez,Successful QBR with expansion discussion initiated,positive
60007,E2E Full Test Corporation 1769042473 - Regional Office,2024-09-14,email,Dr. Williams,Michael Rodriguez,Early adoption of new AI acceleration features,positive
60007,E2E Full Test Corporation 1769042473 - Regional Office,2024-10-23,meeting,Dr. Williams,Michael Rodriguez,Security compliance audit findings,negative
60007,E2E Full Test Corporation 1769042473 - Regional Office,2024-10-08,escalation,Customer Team,Michael Rodriguez,Budget concerns raised during planning meeting,negative
60007,E2E Full Test Corporation 1769042473 - Regional Office,2024-10-08,email,Customer Team,Michael Rodriguez,Scheduled maintenance window executed,neutral
60007,E2E Full Test Corporation 1769042473 - Regional Office,2024-10-13,email,Dr. Williams,Michael Rodriguez,Executive sponsor praised team collaboration,positive
60007,E2E Full Test Corporation 1769042473 - Regional Office,2024-09-29,email,Dr. Williams,Michael Rodriguez,Escalation from operations team regarding performance,negative
60007,E2E Full Test Corporation 1769042473 - Regional Office,2024-10-10,email,Customer Team,Michael Rodriguez,Integration challenges with existing systems,negative
60007,E2E Full Test Corporation 1769042473 - Regional Office,2024-10-07,escalation,Dr. Williams,Michael Rodriguez,Budget concerns raised during planning meeting,negative
60007,E2E Full Test Corporation 1769042473 - Regional Office,2024-10-06,meeting,Dr. Williams,Michael Rodriguez,Integration challenges with existing systems,negative
60007,E2E Full Test Corporation 1769042473 - Regional Office,2024-11-01,escalation,Dr. Williams,Michael Rodriguez,Escalation from operations team regarding performance,negative
60007,E2E Full Test Corporation 1769042473 - Regional Office,2024-11-18,escalation,Dr. Williams,Michael Rodriguez,Unexpected system downtime reported,negative
60007,E2E Full Test Corporation 1769042473 - Regional Office,2024-11-12,meeting,Customer Team,Michael Rodriguez,System health check completed,neutral
60007,E2E Full Test Corporation 1769042473 - Regional Office,2024-11-09,escalation,Customer Team,Michael Rodriguez,Project milestone delayed due to resource constraints,negative
60007,E2E Full Test Corporation 1769042473 - Regional Office,2024-11-11,meeting,Customer Team,Michael Rodriguez,Security compliance audit findings,negative
60007,E2E Full Test Corporation 1769042473 - Regional Office,2024-11-17,meeting,Customer Team,Michael Rodriguez,Project milestone delayed due to resource constraints,negative
60007,E2E Full Test Corporation 1769042473 - Regional Office,2024-11-24,escalation,Customer Team,Michael Rodriguez,Project milestone delayed due to resource constraints,negative
60007,E2E Full Test Corporation 1769042473 - Regional Office,2024-11-06,meeting,Dr. Williams,Michael Rodriguez,Support ticket unresolved >48 hours,negative
60007,E2E Full Test Corporation 1769042473 - Regional Office,2024-12-13,meeting,Customer Team,Michael Rodriguez,System health check completed,neutral
60007,E2E Full Test Corporation 1769042473 - Regional Office,2024-12-14,escalation,Customer Team,Michael Rodriguez,Integration challenges with existing systems,negative
60007,E2E Full Test Corporation 1769042473 - Regional Office,2024-12-11,email,Customer Team,Michael Rodriguez,Regular operational status update provided,neutral
60007,E2E Full Test Corporation 1769042473 - Regional Office,2024-12-17,email,Dr. Williams,Michael Rodriguez,Documentation review and updates,neutral
60007,E2E Full Test Corporation 1769042473 - Regional Office,2024-12-01,meeting,Dr. Williams,Michael Rodriguez,Successfully deployed new workload ahead of schedule,positive
60007,E2E Full Test Corporation 1769042473 - Regional Office,2024-12-06,escalation,Customer Team,Michael Rodriguez,Integration challenges with existing systems,negative
60007,E2E Full Test Corporation 1769042473 - Regional Office,2024-12-12,email,Customer Team,Michael Rodriguez,Monthly business review conducted,neutral
60007,E2E Full Test Corporation 1769042473 - Regional Office,2024-11-29,meeting,Customer Team,Michael Rodriguez,Regular operational status update provided,neutral
60008,E2E Full Test Corporation 1769042473 - Research Center,2024-01-02,escalation,Customer Team,Sarah Chen,Project milestone delayed due to resource constraints,negative
60008,E2E Full Test Corporation 1769042473 - Research Center,2024-01-17,meeting,Customer Team,Sarah Chen,Unexpected system downtime reported,negative
60008,E2E Full Test Corporation 1769042473 - Research Center,2024-01-12,escalation,Customer Team,Sarah Chen,Support ticket unresolved >48 hours,negative
60008,E2E Full Test Corporation 1769042473 - Research Center,2024-01-24,email,Customer Team,Sarah Chen,Budget concerns raised during planning meeting,negative
60008,E2E Full Test Corporation 1769042473 - Research Center,2024-01-22,email,Dr. Miller,Sarah Chen,Unexpected system downtime reported,negative
60008,E2E Full Test Corporation 1769042473 - Research Center,2024-01-07,email,Customer Team,Sarah Chen,Routine technical sync meeting completed,neutral
60008,E2E Full Test Corporation 1769042473 - Research Center,2024-01-23,escalation,Dr. Miller,Sarah Chen,Security compliance audit findings,negative
60008,E2E Full Test Corporation 1769042473 - Research Center,2024-01-17,email,Customer Team,Sarah Chen,Executive sponsor praised team collaboration,positive
60008,E2E Full Test Corporation 1769042473 - Research Center,2024-02-19,escalation,Customer Team,Sarah Chen,Unexpected system downtime reported,negative
60008,E2E Full Test Corporation 1769042473 - Research Center,2024-02-25,email,Dr. Miller,Sarah Chen,Team member completed advanced certification,positive
60008,E2E Full Test Corporation 1769042473 - Research Center,2024-02-08,email,Dr. Miller,Sarah Chen,Monthly business review conducted,neutral
60008,E2E Full Test Corporation 1769042473 - Research Center,2024-02-14,escalation,Customer Team,Sarah Chen,Concerns about cooling efficiency raised,negative
60008,E2E Full Test Corporation 1769042473 - Research Center,2024-02-06,email,Customer Team,Sarah Chen,Routine technical sync meeting completed,neutral
60008,E2E Full Test Corporation 1769042473 - Research Center,2024-01-31,meeting,Customer Team,Sarah Chen,Support ticket unresolved >48 hours,negative
60008,E2E Full Test Corporation 1769042473 - Research Center,2024-02-20,meeting,Customer Team,Sarah Chen,Project milestone delayed due to resource constraints,negative
60008,E2E Full Test Corporation 1769042473 - Research Center,2024-02-18,meeting,Dr. Miller,Sarah Chen,Security compliance audit findings,negative
60008,E2E Full Test Corporation 1769042473 - Research Center,2024-03-16,email,Customer Team,Sarah Chen,Training session on new features delivered,neutral
60008,E2E Full Test Corporation 1769042473 - Research Center,2024-03-26,escalation,Customer Team,Sarah Chen,Escalation from operations team regarding performance,negative
60008,E2E Full Test Corporation 1769042473 - Research Center,2024-03-26,email,Customer Team,Sarah Chen,Budget concerns raised during planning meeting,negative
60008,E2E Full Test Corporation 1769042473 - Research Center,2024-03-02,escalation,Customer Team,Sarah Chen,Integration challenges with existing systems,negative
60008,E2E Full Test Corporation 1769042473 - Research Center,2024-03-12,meeting,Dr. Miller,Sarah Chen,System health check completed,neutral
60008,E2E Full Test Corporation 1769042473 - Research Center,2024-03-08,email,Dr. Miller,Sarah Chen,Integration challenges with existing systems,negative
60008,E2E Full Test Corporation 1769042473 - Research Center,2024-03-25,email,Customer Team,Sarah Chen,Project milestone delayed due to resource constraints,negative
60008,E2E Full Test Corporation 1769042473 - Research Center,2024-03-14,email,Dr. Miller,Sarah Chen,Scheduled maintenance window executed,neutral
60008,E2E Full Test Corporation 1769042473 - Research Center,2024-04-25,email,Customer Team,Sarah Chen,Documentation review and updates,neutral
60008,E2E Full Test Corporation 1769042473 - Research Center,2024-04-10,escalation,Dr. Miller,Sarah Chen,Project milestone delayed due to resource constraints,negative
60008,E2E Full Test Corporation 1769042473 - Research Center,2024-04-25,email,Customer Team,Sarah Chen,Escalation from operations team regarding performance,negative
60008,E2E Full Test Corporation 1769042473 - Research Center,2024-04-01,meeting,Customer Team,Sarah Chen,Project milestone delayed due to resource constraints,negative
60008,E2E Full Test Corporation 1769042473 - Research Center,2024-04-22,escalation,Customer Team,Sarah Chen,Budget concerns raised during planning meeting,negative
60008,E2E Full Test Corporation 1769042473 - Research Center,2024-04-12,meeting,Dr. Miller,Sarah Chen,Project milestone delayed due to resource constraints,negative
60008,E2E Full Test Corporation 1769042473 - Research Center,2024-04-13,escalation,Dr. Miller,Sarah Chen,Security compliance audit findings,negative
60008,E2E Full Test Corporation 1769042473 - Research Center,2024-04-10,email,Customer Team,Sarah Chen,Unexpected system downtime reported,negative
60008,E2E Full Test Corporation 1769042473 - Research Center,2024-05-13,escalation,Dr. Miller,Sarah Chen,Integration challenges with existing systems,negative
60008,E2E Full Test Corporation 1769042473 - Research Center,2024-05-25,meeting,Dr. Miller,Sarah Chen,Concerns about cooling efficiency raised,negative
60008,E2E Full Test Corporation 1769042473 - Research Center,2024-05-07,meeting,Dr. Miller,Sarah Chen,Unexpected system downtime reported,negative
60008,E2E Full Test Corporation 1769042473 - Research Center,2024-05-02,email,Customer Team,Sarah Chen,Documentation review and updates,neutral
60008,E2E Full Test Corporation 1769042473 - Research Center,2024-05-07,meeting,Customer Team,Sarah Chen,Quarterly capacity planning review,neutral
60008,E2E Full Test Corporation 1769042473 - Research Center,2024-05-17,meeting,Customer Team,Sarah Chen,Security compliance audit findings,negative
60008,E2E Full Test Corporation 1769042473 - Research Center,2024-05-27,escalation,Customer Team,Sarah Chen,Project milestone delayed due to resource constraints,negative
60008,E2E Full Test Corporation 1769042473 - Research Center,2024-05-05,email,Customer Team,Sarah Chen,Integration challenges with existing systems,negative
60008,E2E Full Test Corporation 1769042473 - Research Center,2024-06-27,meeting,Dr. Miller,Sarah Chen,Regular operational status update provided,neutral
60008,E2E Full Test Corporation 1769042473 - Research Center,2024-06-09,meeting,Customer Team,Sarah Chen,Escalation from operations team regarding performance,negative
60008,E2E Full Test Corporation 1769042473 - Research Center,2024-06-03,email,Dr. Miller,Sarah Chen,Budget concerns raised during planning meeting,negative
60008,E2E Full Test Corporation 1769042473 - Research Center,2024-05-30,escalation,Dr. Miller,Sarah Chen,Support ticket unresolved >48 hours,negative
60008,E2E Full Test Corporation 1769042473 - Research Center,2024-06-04,meeting,Dr. Miller,Sarah Chen,Integration challenges with existing systems,negative
60008,E2E Full Test Corporation 1769042473 - Research Center,2024-06-08,email,Customer Team,Sarah Chen,Successfully deployed new workload ahead of schedule,positive
60008,E2E Full Test Corporation 1769042473 - Research Center,2024-06-02,meeting,Customer Team,Sarah Chen,Monthly business review conducted,neutral
60008,E2E Full Test Corporation 1769042473 - Research Center,2024-06-17,meeting,Customer Team,Sarah Chen,System health check completed,neutral
60008,E2E Full Test Corporation 1769042473 - Research Center,2024-07-04,email,Customer Team,Sarah Chen,Monthly business review conducted,neutral
60008,E2E Full Test Corporation 1769042473 - Research Center,2024-07-08,meeting,Customer Team,Sarah Chen,Escalation from operations team regarding performance,negative
60008,E2E Full Test Corporation 1769042473 - Research Center,2024-07-17,email,Customer Team,Sarah Chen,Executive sponsor praised team collaboration,positive
60008,E2E Full Test Corporation 1769042473 - Research Center,2024-07-04,email,Dr. Miller,Sarah Chen,Documentation review and updates,neutral
60008,E2E Full Test Corporation 1769042473 - Research Center,2024-07-16,email,Customer Team,Sarah Chen,Scheduled maintenance window executed,neutral
60008,E2E Full Test Corporation 1769042473 - Research Center,2024-07-26,meeting,Dr. Miller,Sarah Chen,Exceeded performance benchmarks this quarter,positive
60008,E2E Full Test Corporation 1769042473 - Research Center,2024-08-11,meeting,Customer Team,Sarah Chen,Concerns about cooling efficiency raised,negative
60008,E2E Full Test Corporation 1769042473 - Research Center,2024-08-07,email,Customer Team,Sarah Chen,System health check completed,neutral
60008,E2E Full Test Corporation 1769042473 - Research Center,2024-08-20,email,Dr. Miller,Sarah Chen,Early adoption of new AI acceleration features,positive
60008,E2E Full Test Corporation 1769042473 - Research Center,2024-08-19,email,Customer Team,Sarah Chen,Scheduled maintenance window executed,neutral
60008,E2E Full Test Corporation 1769042473 - Research Center,2024-08-22,meeting,Dr. Miller,Sarah Chen,System health check completed,neutral
60008,E2E Full Test Corporation 1769042473 - Research Center,2024-08-25,email,Customer Team,Sarah Chen,Integration challenges with existing systems,negative
60008,E2E Full Test Corporation 1769042473 - Research Center,2024-08-29,meeting,Dr. Miller,Sarah Chen,Monthly business review conducted,neutral
60008,E2E Full Test Corporation 1769042473 - Research Center,2024-08-29,email,Dr. Miller,Sarah Chen,Documentation review and updates,neutral
60008,E2E Full Test Corporation 1769042473 - Research Center,2024-09-22,escalation,Dr. Miller,Sarah Chen,Budget concerns raised during planning meeting,negative
60008,E2E Full Test Corporation 1769042473 - Research Center,2024-09-11,email,Dr. Miller,Sarah Chen,Successfully deployed new workload ahead of schedule,positive
60008,E2E Full Test Corporation 1769042473 - Research Center,2024-09-16,meeting,Dr. Miller,Sarah Chen,Routine technical sync meeting completed,neutral
60008,E2E Full Test Corporation 1769042473 - Research Center,2024-09-01,email,Customer Team,Sarah Chen,Monthly business review conducted,neutral
60008,E2E Full Test Corporation 1769042473 - Research Center,2024-10-11,email,Dr. Miller,Sarah Chen,Team member completed advanced certification,positive
60008,E2E Full Test Corporation 1769042473 - Research Center,2024-10-07,email,Dr. Miller,Sarah Chen,Early adoption of new AI acceleration features,positive
60008,E2E Full Test Corporation 1769042473 - Research Center,2024-10-25,email,Customer Team,Sarah Chen,Early adoption of new AI acceleration features,positive
60008,E2E Full Test Corporation 1769042473 - Research Center,2024-10-15,email,Dr. Miller,Sarah Chen,Routine technical sync meeting completed,neutral
60008,E2E Full Test Corporation 1769042473 - Research Center,2024-10-23,email,Customer Team,Sarah Chen,Executive sponsor praised team collaboration,positive
60008,E2E Full Test Corporation 1769042473 - Research Center,2024-10-24,email,Dr. Miller,Sarah Chen,Scheduled maintenance window executed,neutral
60008,E2E Full Test Corporation 1769042473 - Research Center,2024-10-31,meeting,Customer Team,Sarah Chen,Security compliance audit findings,negative
60008,E2E Full Test Corporation 1769042473 - Research Center,2024-11-01,email,Dr. Miller,Sarah Chen,Early adoption of new AI acceleration features,positive
60008,E2E Full Test Corporation 1769042473 - Research Center,2024-11-17,meeting,Customer Team,Sarah Chen,Team member completed advanced certification,positive
60008,E2E Full Test Corporation 1769042473 - Research Center,2024-11-22,email,Customer Team,Sarah Chen,System health check completed,neutral
60008,E2E Full Test Corporation 1769042473 - Research Center,2024-11-03,meeting,Dr. Miller,Sarah Chen,Routine technical sync meeting completed,neutral
60008,E2E Full Test Corporation 1769042473 - Research Center,2024-11-23,email,Dr. Miller,Sarah Chen,Reference call completed successfully with prospect,positive
60008,E2E Full Test Corporation 1769042473 - Research Center,2024-11-29,email,Dr. Miller,Sarah Chen,Exceeded performance benchmarks this quarter,positive
60008,E2E Full Test Corporation 1769042473 - Research Center,2024-11-29,email,Dr. Miller,Sarah Chen,Executive sponsor praised team collaboration,positive
60008,E2E Full Test Corporation 1769042473 - Research Center,2024-12-04,meeting,Customer Team,Sarah Chen,Team member completed advanced certification,positive
60008,E2E Full Test Corporation 1769042473 - Research Center,2024-12-01,email,Dr. Miller,Sarah Chen,Monthly business review conducted,neutral
60008,E2E Full Test Corporation 1769042473 - Research Center,2024-12-10,email,Customer Team,Sarah Chen,Exceeded performance benchmarks this quarter,positive
60008,E2E Full Test Corporation 1769042473 - Research Center,2024-12-12,meeting,Dr. Miller,Sarah Chen,Quarterly capacity planning review,neutral
60009,E2E Full Test Corporation 1769042473 - Data Center West,2024-01-01,email,Customer Team,David Kim,Routine technical sync meeting completed,neutral
60009,E2E Full Test Corporation 1769042473 - Data Center West,2024-01-07,meeting,Customer Team,David Kim,Budget concerns raised during planning meeting,negative
60009,E2E Full Test Corporation 1769042473 - Data Center West,2024-01-12,email,Dr. Johnson,David Kim,Support ticket unresolved >48 hours,negative
60009,E2E Full Test Corporation 1769042473 - Data Center West,2024-01-27,meeting,Dr. Johnson,David Kim,Escalation from operations team regarding performance,negative
60009,E2E Full Test Corporation 1769042473 - Data Center West,2024-01-04,meeting,Dr. Johnson,David Kim,Concerns about cooling efficiency raised,negative
60009,E2E Full Test Corporation 1769042473 - Data Center West,2024-01-27,escalation,Customer Team,David Kim,Concerns about cooling efficiency raised,negative
60009,E2E Full Test Corporation 1769042473 - Data Center West,2024-01-08,email,Customer Team,David Kim,Integration challenges with existing systems,negative
60009,E2E Full Test Corporation 1769042473 - Data Center West,2024-01-01,escalation,Customer Team,David Kim,Escalation from operations team regarding performance,negative
60009,E2E Full Test Corporation 1769042473 - Data Center West,2024-02-16,email,Customer Team,David Kim,Successfully deployed new workload ahead of schedule,positive
60009,E2E Full Test Corporation 1769042473 - Data Center West,2024-01-31,escalation,Customer Team,David Kim,Support ticket unresolved >48 hours,negative
60009,E2E Full Test Corporation 1769042473 - Data Center West,2024-02-28,meeting,Dr. Johnson,David Kim,Project milestone delayed due to resource constraints,negative
60009,E2E Full Test Corporation 1769042473 - Data Center West,2024-02-17,escalation,Dr. Johnson,David Kim,Integration challenges with existing systems,negative
60009,E2E Full Test Corporation 1769042473 - Data Center West,2024-02-24,meeting,Customer Team,David Kim,Team member completed advanced certification,positive
60009,E2E Full Test Corporation 1769042473 - Data Center West,2024-02-28,email,Customer Team,David Kim,Support ticket unresolved >48 hours,negative
60009,E2E Full Test Corporation 1769042473 - Data Center West,2024-02-20,email,Dr. Johnson,David Kim,Monthly business review conducted,neutral
60009,E2E Full Test Corporation 1769042473 - Data Center West,2024-02-04,escalation,Dr. Johnson,David Kim,Escalation from operations team regarding performance,negative
60009,E2E Full Test Corporation 1769042473 - Data Center West,2024-03-23,meeting,Dr. Johnson,David Kim,Support ticket unresolved >48 hours,negative
60009,E2E Full Test Corporation 1769042473 - Data Center West,2024-03-28,email,Dr. Johnson,David Kim,System health check completed,neutral
60009,E2E Full Test Corporation 1769042473 - Data Center West,2024-03-13,meeting,Customer Team,David Kim,Budget concerns raised during planning meeting,negative
60009,E2E Full Test Corporation 1769042473 - Data Center West,2024-03-16,email,Dr. Johnson,David Kim,Team member completed advanced certification,positive
60009,E2E Full Test Corporation 1769042473 - Data Center West,2024-03-27,email,Dr. Johnson,David Kim,Documentation review and updates,neutral
60009,E2E Full Test Corporation 1769042473 - Data Center West,2024-03-09,email,Dr. Johnson,David Kim,Monthly business review conducted,neutral
60009,E2E Full Test Corporation 1769042473 - Data Center West,2024-03-10,email,Dr. Johnson,David Kim,Concerns about cooling efficiency raised,negative
60009,E2E Full Test Corporation 1769042473 - Data Center West,2024-03-23,escalation,Customer Team,David Kim,Project milestone delayed due to resource constraints,negative
60009,E2E Full Test Corporation 1769042473 - Data Center West,2024-04-18,escalation,Dr. Johnson,David Kim,Project milestone delayed due to resource constraints,negative
60009,E2E Full Test Corporation 1769042473 - Data Center West,2024-04-27,email,Customer Team,David Kim,System health check completed,neutral
60009,E2E Full Test Corporation 1769042473 - Data Center West,2024-04-11,email,Dr. Johnson,David Kim,Security compliance audit findings,negative
60009,E2E Full Test Corporation 1769042473 - Data Center West,2024-04-19,meeting,Customer Team,David Kim,Executive sponsor praised team collaboration,positive
60009,E2E Full Test Corporation 1769042473 - Data Center West,2024-04-21,email,Dr. Johnson,David Kim,Project milestone delayed due to resource constraints,negative
60009,E2E Full Test Corporation 1769042473 - Data Center West,2024-04-10,email,Dr. Johnson,David Kim,System health check completed,neutral
60009,E2E Full Test Corporation 1769042473 - Data Center West,2024-04-20,email,Dr. Johnson,David Kim,Successful QBR with expansion discussion initiated,positive
60009,E2E Full Test Corporation 1769042473 - Data Center West,2024-04-11,email,Customer Team,David Kim,Exceeded performance benchmarks this quarter,positive
60009,E2E Full Test Corporation 1769042473 - Data Center West,2024-05-28,email,Customer Team,David Kim,Routine technical sync meeting completed,neutral
60009,E2E Full Test Corporation 1769042473 - Data Center West,2024-05-09,escalation,Customer Team,David Kim,Security compliance audit findings,negative
60009,E2E Full Test Corporation 1769042473 - Data Center West,2024-05-28,meeting,Customer Team,David Kim,Budget concerns raised during planning meeting,negative
60009,E2E Full Test Corporation 1769042473 - Data Center West,2024-05-15,meeting,Customer Team,David Kim,Escalation from operations team regarding performance,negative
60009,E2E Full Test Corporation 1769042473 - Data Center West,2024-05-07,meeting,Customer Team,David Kim,Regular operational status update provided,neutral
60009,E2E Full Test Corporation 1769042473 - Data Center West,2024-04-30,escalation,Dr. Johnson,David Kim,Integration challenges with existing systems,negative
60009,E2E Full Test Corporation 1769042473 - Data Center West,2024-05-09,email,Customer Team,David Kim,Support ticket unresolved >48 hours,negative
60009,E2E Full Test Corporation 1769042473 - Data Center West,2024-05-13,escalation,Dr. Johnson,David Kim,Project milestone delayed due to resource constraints,negative
60009,E2E Full Test Corporation 1769042473 - Data Center West,2024-06-20,email,Dr. Johnson,David Kim,Monthly business review conducted,neutral
60009,E2E Full Test Corporation 1769042473 - Data Center West,2024-06-20,meeting,Customer Team,David Kim,Training session on new features delivered,neutral
60009,E2E Full Test Corporation 1769042473 - Data Center West,2024-06-19,meeting,Dr. Johnson,David Kim,Security compliance audit findings,negative
60009,E2E Full Test Corporation 1769042473 - Data Center West,2024-06-07,email,Dr. Johnson,David Kim,Scheduled maintenance window executed,neutral
60009,E2E Full Test Corporation 1769042473 - Data Center West,2024-06-01,escalation,Customer Team,David Kim,Integration challenges with existing systems,negative
60009,E2E Full Test Corporation 1769042473 - Data Center West,2024-06-10,email,Customer Team,David Kim,Support ticket unresolved >48 hours,negative
60009,E2E Full Test Corporation 1769042473 - Data Center West,2024-06-03,meeting,Customer Team,David Kim,Integration challenges with existing systems,negative
60009,E2E Full Test Corporation 1769042473 - Data Center West,2024-06-03,email,Dr. Johnson,David Kim,Quarterly capacity planning review,neutral
60009,E2E Full Test Corporation 1769042473 - Data Center West,2024-07-15,email,Customer Team,David Kim,Successfully deployed new workload ahead of schedule,positive
60009,E2E Full Test Corporation 1769042473 - Data Center West,2024-07-06,email,Dr. Johnson,David Kim,Documentation review and updates,neutral
60009,E2E Full Test Corporation 1769042473 - Data Center West,2024-07-13,email,Customer Team,David Kim,Monthly business review conducted,neutral
60009,E2E Full Test Corporation 1769042473 - Data Center West,2024-07-24,meeting,Dr. Johnson,David Kim,System health check completed,neutral
60009,E2E Full Test Corporation 1769042473 - Data Center West,2024-07-09,escalation,Dr. Johnson,David Kim,Support ticket unresolved >48 hours,negative
60009,E2E Full Test Corporation 1769042473 - Data Center West,2024-07-21,meeting,Customer Team,David Kim,Documentation review and updates,neutral
60009,E2E Full Test Corporation 1769042473 - Data Center West,2024-08-20,escalation,Customer Team,David Kim,Budget concerns raised during planning meeting,negative
60009,E2E Full Test Corporation 1769042473 - Data Center West,2024-08-05,email,Dr. Johnson,David Kim,Scheduled maintenance window executed,neutral
60009,E2E Full Test Corporation 1769042473 - Data Center West,2024-08-25,email,Dr. Johnson,David Kim,Regular operational status update provided,neutral
60009,E2E Full Test Corporation 1769042473 - Data Center West,2024-08-22,email,Customer Team,David Kim,Early adoption of new AI acceleration features,positive
60009,E2E Full Test Corporation 1769042473 - Data Center West,2024-07-29,meeting,Dr. Johnson,David Kim,Monthly business review conducted,neutral
60009,E2E Full Test Corporation 1769042473 - Data Center West,2024-08-14,email,Customer Team,David Kim,Training session on new features delivered,neutral
60009,E2E Full Test Corporation 1769042473 - Data Center West,2024-09-07,email,Dr. Johnson,David Kim,Successful QBR with expansion discussion initiated,positive
60009,E2E Full Test Corporation 1769042473 - Data Center West,2024-09-02,email,Customer Team,David Kim,Scheduled maintenance window executed,neutral
60009,E2E Full Test Corporation 1769042473 - Data Center West,2024-09-01,meeting,Dr. Johnson,David Kim,Concerns about cooling efficiency raised,negative
60009,E2E Full Test Corporation 1769042473 - Data Center West,2024-09-23,email,Customer Team,David Kim,Successful QBR with expansion discussion initiated,positive
60009,E2E Full Test Corporation 1769042473 - Data Center West,2024-09-06,email,Dr. Johnson,David Kim,Successfully deployed new workload ahead of schedule,positive
60009,E2E Full Test Corporation 1769042473 - Data Center West,2024-09-04,email,Dr. Johnson,David Kim,Scheduled maintenance window executed,neutral
60009,E2E Full Test Corporation 1769042473 - Data Center West,2024-10-03,email,Customer Team,David Kim,Quarterly capacity planning review,neutral
60009,E2E Full Test Corporation 1769042473 - Data Center West,2024-10-12,email,Dr. Johnson,David Kim,Reference call completed successfully with prospect,positive
60009,E2E Full Test Corporation 1769042473 - Data Center West,2024-10-03,email,Dr. Johnson,David Kim,Training session on new features delivered,neutral
60009,E2E Full Test Corporation 1769042473 - Data Center West,2024-10-14,meeting,Customer Team,David Kim,Exceeded performance benchmarks this quarter,positive
60009,E2E Full Test Corporation 1769042473 - Data Center West,2024-10-02,meeting,Customer Team,David Kim,Team member completed advanced certification,positive
60009,E2E Full Test Corporation 1769042473 - Data Center West,2024-10-11,email,Dr. Johnson,David Kim,Scheduled maintenance window executed,neutral
60009,E2E Full Test Corporation 1769042473 - Data Center West,2024-11-14,meeting,Dr. Johnson,David Kim,Concerns about cooling efficiency raised,negative
60009,E2E Full Test Corporation 1769042473 - Data Center West,2024-10-28,meeting,Customer Team,David Kim,Routine technical sync meeting completed,neutral
60009,E2E Full Test Corporation 1769042473 - Data Center West,2024-11-04,email,Dr. Johnson,David Kim,System health check completed,neutral
60009,E2E Full Test Corporation 1769042473 - Data Center West,2024-11-11,email,Customer Team,David Kim,Scheduled maintenance window executed,neutral
60009,E2E Full Test Corporation 1769042473 - Data Center West,2024-11-20,meeting,Dr. Johnson,David Kim,Early adoption of new AI acceleration features,positive
60009,E2E Full Test Corporation 1769042473 - Data Center West,2024-11-21,meeting,Dr. Johnson,David Kim,Routine technical sync meeting completed,neutral
60009,E2E Full Test Corporation 1769042473 - Data Center West,2024-12-15,email,Dr. Johnson,David Kim,Successful QBR with expansion discussion initiated,positive
60009,E2E Full Test Corporation 1769042473 - Data Center West,2024-12-20,meeting,Dr. Johnson,David Kim,Exceeded performance benchmarks this quarter,positive
60009,E2E Full Test Corporation 1769042473 - Data Center West,2024-12-18,meeting,Customer Team,David Kim,Successful QBR with expansion discussion initiated,positive
60009,E2E Full Test Corporation 1769042473 - Data Center West,2024-12-17,escalation,Dr. Johnson,David Kim,Concerns about cooling efficiency raised,negative
60009,E2E Full Test Corporation 1769042473 - Data Center West,2024-11-27,email,Dr. Johnson,David Kim,System health check completed,neutral
60009,E2E Full Test Corporation 1769042473 - Data Center West,2024-12-06,email,Dr. Johnson,David Kim,Scheduled maintenance window executed,neutral
60009,E2E Full Test Corporation 1769042473 - Data Center West,2024-12-05,meeting,Customer Team,David Kim,Positive feedback on recent infrastructure upgrade,positive
60009,E2E Full Test Corporation 1769042473 - Data Center West,2024-12-20,email,Dr. Johnson,David Kim,Team member completed advanced certification,positive
60009,E2E Full Test Corporation 1769042473 - Data Center West,2024-12-22,email,Dr. Johnson,David Kim,Exceeded performance benchmarks this quarter,positive
60009,E2E Full Test Corporation 1769042473 - Data Center West,2024-12-20,email,Customer Team,David Kim,Executive sponsor praised team collaboration,positive
60010,E2E Full Test Corporation 1769042473 - Infrastructure,2024-01-15,meeting,Customer Team,James Park,Scheduled maintenance window executed,neutral
60010,E2E Full Test Corporation 1769042473 - Infrastructure,2024-01-22,email,Dr. Johnson,James Park,Team member completed advanced certification,positive
60010,E2E Full Test Corporation 1769042473 - Infrastructure,2024-01-17,meeting,Dr. Johnson,James Park,Regular operational status update provided,neutral
60010,E2E Full Test Corporation 1769042473 - Infrastructure,2024-01-06,email,Dr. Johnson,James Park,Quarterly capacity planning review,neutral
60010,E2E Full Test Corporation 1769042473 - Infrastructure,2024-01-25,meeting,Customer Team,James Park,Positive feedback on recent infrastructure upgrade,positive
60010,E2E Full Test Corporation 1769042473 - Infrastructure,2024-01-08,email,Dr. Johnson,James Park,Regular operational status update provided,neutral
60010,E2E Full Test Corporation 1769042473 - Infrastructure,2024-01-04,email,Customer Team,James Park,Budget concerns raised during planning meeting,negative
60010,E2E Full Test Corporation 1769042473 - Infrastructure,2024-01-05,meeting,Dr. Johnson,James Park,Training session on new features delivered,neutral
60010,E2E Full Test Corporation 1769042473 - Infrastructure,2024-01-09,email,Dr. Johnson,James Park,Early adoption of new AI acceleration features,positive
60010,E2E Full Test Corporation 1769042473 - Infrastructure,2024-01-07,email,Dr. Johnson,James Park,Early adoption of new AI acceleration features,positive
60010,E2E Full Test Corporation 1769042473 - Infrastructure,2024-02-08,email,Dr. Johnson,James Park,Team member completed advanced certification,positive
60010,E2E Full Test Corporation 1769042473 - Infrastructure,2024-02-24,email,Dr. Johnson,James Park,Regular operational status update provided,neutral
60010,E2E Full Test Corporation 1769042473 - Infrastructure,2024-02-14,meeting,Customer Team,James Park,Executive sponsor praised team collaboration,positive
60010,E2E Full Test Corporation 1769042473 - Infrastructure,2024-02-06,email,Customer Team,James Park,Successfully deployed new workload ahead of schedule,positive
60010,E2E Full Test Corporation 1769042473 - Infrastructure,2024-02-01,email,Customer Team,James Park,Executive sponsor praised team collaboration,positive
60010,E2E Full Test Corporation 1769042473 - Infrastructure,2024-02-19,email,Customer Team,James Park,Successfully deployed new workload ahead of schedule,positive
60010,E2E Full Test Corporation 1769042473 - Infrastructure,2024-02-03,meeting,Dr. Johnson,James Park,Regular operational status update provided,neutral
60010,E2E Full Test Corporation 1769042473 - Infrastructure,2024-02-05,email,Dr. Johnson,James Park,Executive sponsor praised team collaboration,positive
60010,E2E Full Test Corporation 1769042473 - Infrastructure,2024-02-11,meeting,Dr. Johnson,James Park,Successfully deployed new workload ahead of schedule,positive
60010,E2E Full Test Corporation 1769042473 - Infrastructure,2024-02-12,email,Dr. Johnson,James Park,Successful QBR with expansion discussion initiated,positive
60010,E2E Full Test Corporation 1769042473 - Infrastructure,2024-03-02,meeting,Dr. Johnson,James Park,Positive feedback on recent infrastructure upgrade,positive
60010,E2E Full Test Corporation 1769042473 - Infrastructure,2024-03-20,email,Dr. Johnson,James Park,Early adoption of new AI acceleration features,positive
60010,E2E Full Test Corporation 1769042473 - Infrastructure,2024-03-19,meeting,Dr. Johnson,James Park,Scheduled maintenance window executed,neutral
60010,E2E Full Test Corporation 1769042473 - Infrastructure,2024-03-25,meeting,Dr. Johnson,James Park,Successfully deployed new workload ahead of schedule,positive
60010,E2E Full Test Corporation 1769042473 - Infrastructure,2024-03-24,meeting,Customer Team,James Park,Team member completed advanced certification,positive
60010,E2E Full Test Corporation 1769042473 - Infrastructure,2024-03-04,email,Customer Team,James Park,Reference call completed successfully with prospect,positive
60010,E2E Full Test Corporation 1769042473 - Infrastructure,2024-03-12,email,Customer Team,James Park,Regular operational status update provided,neutral
60010,E2E Full Test Corporation 1769042473 - Infrastructure,2024-03-23,email,Customer Team,James Park,Quarterly capacity planning review,neutral
60010,E2E Full Test Corporation 1769042473 - Infrastructure,2024-03-24,email,Dr. Johnson,James Park,Successfully deployed new workload ahead of schedule,positive
60010,E2E Full Test Corporation 1769042473 - Infrastructure,2024-03-02,email,Customer Team,James Park,Positive feedback on recent infrastructure upgrade,positive
60010,E2E Full Test Corporation 1769042473 - Infrastructure,2024-04-15,meeting,Customer Team,James Park,Quarterly capacity planning review,neutral
60010,E2E Full Test Corporation 1769042473 - Infrastructure,2024-04-17,meeting,Customer Team,James Park,Documentation review and updates,neutral
60010,E2E Full Test Corporation 1769042473 - Infrastructure,2024-04-13,meeting,Customer Team,James Park,Team member completed advanced certification,positive
60010,E2E Full Test Corporation 1769042473 - Infrastructure,2024-04-21,meeting,Customer Team,James Park,Early adoption of new AI acceleration features,positive
60010,E2E Full Test Corporation 1769042473 - Infrastructure,2024-04-26,meeting,Dr. Johnson,James Park,Monthly business review conducted,neutral
60010,E2E Full Test Corporation 1769042473 - Infrastructure,2024-04-01,email,Dr. Johnson,James Park,Positive feedback on recent infrastructure upgrade,positive
60010,E2E Full Test Corporation 1769042473 - Infrastructure,2024-05-16,email,Customer Team,James Park,Quarterly capacity planning review,neutral
60010,E2E Full Test Corporation 1769042473 - Infrastructure,2024-05-14,email,Dr. Johnson,James Park,Regular operational status update provided,neutral
60010,E2E Full Test Corporation 1769042473 - Infrastructure,2024-05-11,email,Customer Team,James Park,Successful QBR with expansion discussion initiated,positive
60010,E2E Full Test Corporation 1769042473 - Infrastructure,2024-05-21,email,Customer Team,James Park,Successful QBR with expansion discussion initiated,positive
60010,E2E Full Test Corporation 1769042473 - Infrastructure,2024-05-27,email,Dr. Johnson,James Park,System health check completed,neutral
60010,E2E Full Test Corporation 1769042473 - Infrastructure,2024-05-12,meeting,Customer Team,James Park,Executive sponsor praised team collaboration,positive
60010,E2E Full Test Corporation 1769042473 - Infrastructure,2024-05-30,meeting,Dr. Johnson,James Park,Documentation review and updates,neutral
60010,E2E Full Test Corporation 1769042473 - Infrastructure,2024-06-09,meeting,Dr. Johnson,James Park,Team member completed advanced certification,positive
60010,E2E Full Test Corporation 1769042473 - Infrastructure,2024-06-18,email,Dr. Johnson,James Park,Scheduled maintenance window executed,neutral
60010,E2E Full Test Corporation 1769042473 - Infrastructure,2024-06-08,email,Customer Team,James Park,Early adoption of new AI acceleration features,positive
60010,E2E Full Test Corporation 1769042473 - Infrastructure,2024-06-10,email,Dr. Johnson,James Park,Quarterly capacity planning review,neutral
60010,E2E Full Test Corporation 1769042473 - Infrastructure,2024-06-24,email,Dr. Johnson,James Park,Integration challenges with existing systems,negative
60010,E2E Full Test Corporation 1769042473 - Infrastructure,2024-07-14,meeting,Dr. Johnson,James Park,Quarterly capacity planning review,neutral
60010,E2E Full Test Corporation 1769042473 - Infrastructure,2024-07-09,meeting,Dr. Johnson,James Park,Positive feedback on recent infrastructure upgrade,positive
60010,E2E Full Test Corporation 1769042473 - Infrastructure,2024-07-26,email,Customer Team,James Park,System health check completed,neutral
60010,E2E Full Test Corporation 1769042473 - Infrastructure,2024-07-24,meeting,Customer Team,James Park,Support ticket unresolved >48 hours,negative
60010,E2E Full Test Corporation 1769042473 - Infrastructure,2024-07-09,meeting,Customer Team,James Park,Budget concerns raised during planning meeting,negative
60010,E2E Full Test Corporation 1769042473 - Infrastructure,2024-07-23,meeting,Dr. Johnson,James Park,Scheduled maintenance window executed,neutral
60010,E2E Full Test Corporation 1769042473 - Infrastructure,2024-08-04,meeting,Customer Team,James Park,Routine technical sync meeting completed,neutral
60010,E2E Full Test Corporation 1769042473 - Infrastructure,2024-08-23,meeting,Dr. Johnson,James Park,Concerns about cooling efficiency raised,negative
60010,E2E Full Test Corporation 1769042473 - Infrastructure,2024-08-18,meeting,Customer Team,James Park,Reference call completed successfully with prospect,positive
60010,E2E Full Test Corporation 1769042473 - Infrastructure,2024-08-07,meeting,Dr. Johnson,James Park,Regular operational status update provided,neutral
60010,E2E Full Test Corporation 1769042473 - Infrastructure,2024-08-01,email,Customer Team,James Park,Successfully deployed new workload ahead of schedule,positive
60010,E2E Full Test Corporation 1769042473 - Infrastructure,2024-08-01,email,Customer Team,James Park,Exceeded performance benchmarks this quarter,positive
60010,E2E Full Test Corporation 1769042473 - Infrastructure,2024-09-12,email,Customer Team,James Park,Successful QBR with expansion discussion initiated,positive
60010,E2E Full Test Corporation 1769042473 - Infrastructure,2024-09-21,meeting,Customer Team,James Park,Positive feedback on recent infrastructure upgrade,positive
60010,E2E Full Test Corporation 1769042473 - Infrastructure,2024-09-21,meeting,Customer Team,James Park,Successful QBR with expansion discussion initiated,positive
60010,E2E Full Test Corporation 1769042473 - Infrastructure,2024-09-17,email,Customer Team,James Park,Documentation review and updates,neutral
60010,E2E Full Test Corporation 1769042473 - Infrastructure,2024-09-25,email,Dr. Johnson,James Park,Positive feedback on recent infrastructure upgrade,positive
60010,E2E Full Test Corporation 1769042473 - Infrastructure,2024-09-01,email,Customer Team,James Park,Successfully deployed new workload ahead of schedule,positive
60010,E2E Full Test Corporation 1769042473 - Infrastructure,2024-10-25,email,Customer Team,James Park,Integration challenges with existing systems,negative
60010,E2E Full Test Corporation 1769042473 - Infrastructure,2024-10-13,email,Customer Team,James Park,Escalation from operations team regarding performance,negative
60010,E2E Full Test Corporation 1769042473 - Infrastructure,2024-10-22,meeting,Customer Team,James Park,Training session on new features delivered,neutral
60010,E2E Full Test Corporation 1769042473 - Infrastructure,2024-10-21,meeting,Dr. Johnson,James Park,Security compliance audit findings,negative
60010,E2E Full Test Corporation 1769042473 - Infrastructure,2024-10-12,escalation,Customer Team,James Park,Concerns about cooling efficiency raised,negative
60010,E2E Full Test Corporation 1769042473 - Infrastructure,2024-10-05,escalation,Dr. Johnson,James Park,Unexpected system downtime reported,negative
60010,E2E Full Test Corporation 1769042473 - Infrastructure,2024-10-21,email,Customer Team,James Park,Concerns about cooling efficiency raised,negative
60010,E2E Full Test Corporation 1769042473 - Infrastructure,2024-10-06,meeting,Customer Team,James Park,Unexpected system downtime reported,negative
60010,E2E Full Test Corporation 1769042473 - Infrastructure,2024-11-10,meeting,Dr. Johnson,James Park,Monthly business review conducted,neutral
60010,E2E Full Test Corporation 1769042473 - Infrastructure,2024-11-15,escalation,Dr. Johnson,James Park,Integration challenges with existing systems,negative
60010,E2E Full Test Corporation 1769042473 - Infrastructure,2024-11-12,meeting,Customer Team,James Park,System health check completed,neutral
60010,E2E Full Test Corporation 1769042473 - Infrastructure,2024-11-22,escalation,Dr. Johnson,James Park,Project milestone delayed due to resource constraints,negative
60010,E2E Full Test Corporation 1769042473 - Infrastructure,2024-11-01,escalation,Dr. Johnson,James Park,Support ticket unresolved >48 hours,negative
60010,E2E Full Test Corporation 1769042473 - Infrastructure,2024-10-28,email,Customer Team,James Park,Quarterly capacity planning review,neutral
60010,E2E Full Test Corporation 1769042473 - Infrastructure,2024-10-28,meeting,Customer Team,James Park,Project milestone delayed due to resource constraints,negative
60010,E2E Full Test Corporation 1769042473 - Infrastructure,2024-11-21,email,Dr. Johnson,James Park,Training session on new features delivered,neutral
60010,E2E Full Test Corporation 1769042473 - Infrastructure,2024-12-19,meeting,Customer Team,James Park,Budget concerns raised during planning meeting,negative
60010,E2E Full Test Corporation 1769042473 - Infrastructure,2024-12-15,meeting,Customer Team,James Park,Unexpected system downtime reported,negative
60010,E2E Full Test Corporation 1769042473 - Infrastructure,2024-12-24,meeting,Customer Team,James Park,Concerns about cooling efficiency raised,negative
60010,E2E Full Test Corporation 1769042473 - Infrastructure,2024-12-05,escalation,Customer Team,James Park,Unexpected system downtime reported,negative
60010,E2E Full Test Corporation 1769042473 - Infrastructure,2024-12-24,meeting,Dr. Johnson,James Park,Documentation review and updates,neutral
60010,E2E Full Test Corporation 1769042473 - Infrastructure,2024-12-04,meeting,Dr. Johnson,James Park,Successfully deployed new workload ahead of schedule,positive
60010,E2E Full Test Corporation 1769042473 - Infrastructure,2024-12-04,email,Customer Team,James Park,Early adoption of new AI acceleration features,positive
60010,E2E Full Test Corporation 1769042473 - Infrastructure,2024-12-15,meeting,Customer Team,James Park,Unexpected system downtime reported,negative
