account_id,account_name,date,kpi_code,kpi_name,pillar,value,target,operator,unit
56001,E2E Full Test Corporation 1769028779 - Datacenter East,2024-01-01,P1-KPI1,System Uptime,P1,98.0,99.9,>,%
56001,E2E Full Test Corporation 1769028779 - Datacenter East,2024-01-31,P1-KPI1,System Uptime,P1,100.0,99.9,>,%
56001,E2E Full Test Corporation 1769028779 - Datacenter East,2024-03-01,P1-KPI1,System Uptime,P1,100.0,99.9,>,%
56001,E2E Full Test Corporation 1769028779 - Datacenter East,2024-03-31,P1-KPI1,System Uptime,P1,98.0,99.9,>,%
56001,E2E Full Test Corporation 1769028779 - Datacenter East,2024-04-30,P1-KPI1,System Uptime,P1,100.0,99.9,>,%
56001,E2E Full Test Corporation 1769028779 - Datacenter East,2024-05-30,P1-KPI1,System Uptime,P1,98.0,99.9,>,%
56001,E2E Full Test Corporation 1769028779 - Datacenter East,2024-06-29,P1-KPI1,System Uptime,P1,98.0,99.9,>,%
56001,E2E Full Test Corporation 1769028779 - Datacenter East,2024-07-29,P1-KPI1,System Uptime,P1,98.0,99.9,>,%
56001,E2E Full Test Corporation 1769028779 - Datacenter East,2024-08-28,P1-KPI1,System Uptime,P1,100.0,99.9,>,%
56001,E2E Full Test Corporation 1769028779 - Datacenter East,2024-09-27,P1-KPI1,System Uptime,P1,98.0,99.9,>,%
56001,E2E Full Test Corporation 1769028779 - Datacenter East,2024-10-27,P1-KPI1,System Uptime,P1,100.0,99.9,>,%
56001,E2E Full Test Corporation 1769028779 - Datacenter East,2024-11-26,P1-KPI1,System Uptime,P1,98.0,99.9,>,%
56001,E2E Full Test Corporation 1769028779 - Datacenter East,2024-01-01,P1-KPI2,Mean Time to Resolution,P1,4.8,2.0,<,hours
56001,E2E Full Test Corporation 1769028779 - Datacenter East,2024-01-31,P1-KPI2,Mean Time to Resolution,P1,4.87,2.0,<,hours
56001,E2E Full Test Corporation 1769028779 - Datacenter East,2024-03-01,P1-KPI2,Mean Time to Resolution,P1,4.51,2.0,<,hours
56001,E2E Full Test Corporation 1769028779 - Datacenter East,2024-03-31,P1-KPI2,Mean Time to Resolution,P1,4.55,2.0,<,hours
56001,E2E Full Test Corporation 1769028779 - Datacenter East,2024-04-30,P1-KPI2,Mean Time to Resolution,P1,4.9,2.0,<,hours
56001,E2E Full Test Corporation 1769028779 - Datacenter East,2024-05-30,P1-KPI2,Mean Time to Resolution,P1,4.89,2.0,<,hours
56001,E2E Full Test Corporation 1769028779 - Datacenter East,2024-06-29,P1-KPI2,Mean Time to Resolution,P1,3.85,2.0,<,hours
56001,E2E Full Test Corporation 1769028779 - Datacenter East,2024-07-29,P1-KPI2,Mean Time to Resolution,P1,3.94,2.0,<,hours
56001,E2E Full Test Corporation 1769028779 - Datacenter East,2024-08-28,P1-KPI2,Mean Time to Resolution,P1,3.62,2.0,<,hours
56001,E2E Full Test Corporation 1769028779 - Datacenter East,2024-09-27,P1-KPI2,Mean Time to Resolution,P1,3.86,2.0,<,hours
56001,E2E Full Test Corporation 1769028779 - Datacenter East,2024-10-27,P1-KPI2,Mean Time to Resolution,P1,3.71,2.0,<,hours
56001,E2E Full Test Corporation 1769028779 - Datacenter East,2024-11-26,P1-KPI2,Mean Time to Resolution,P1,2.82,2.0,<,hours
56001,E2E Full Test Corporation 1769028779 - Datacenter East,2024-01-01,P1-KPI3,GPU Utilization,P1,71.37,85.0,>,%
56001,E2E Full Test Corporation 1769028779 - Datacenter East,2024-01-31,P1-KPI3,GPU Utilization,P1,76.55,85.0,>,%
56001,E2E Full Test Corporation 1769028779 - Datacenter East,2024-03-01,P1-KPI3,GPU Utilization,P1,75.61,85.0,>,%
56001,E2E Full Test Corporation 1769028779 - Datacenter East,2024-03-31,P1-KPI3,GPU Utilization,P1,75.93,85.0,>,%
56001,E2E Full Test Corporation 1769028779 - Datacenter East,2024-04-30,P1-KPI3,GPU Utilization,P1,73.83,85.0,>,%
56001,E2E Full Test Corporation 1769028779 - Datacenter East,2024-05-30,P1-KPI3,GPU Utilization,P1,71.61,85.0,>,%
56001,E2E Full Test Corporation 1769028779 - Datacenter East,2024-06-29,P1-KPI3,GPU Utilization,P1,73.69,85.0,>,%
56001,E2E Full Test Corporation 1769028779 - Datacenter East,2024-07-29,P1-KPI3,GPU Utilization,P1,78.27,85.0,>,%
56001,E2E Full Test Corporation 1769028779 - Datacenter East,2024-08-28,P1-KPI3,GPU Utilization,P1,73.91,85.0,>,%
56001,E2E Full Test Corporation 1769028779 - Datacenter East,2024-09-27,P1-KPI3,GPU Utilization,P1,75.64,85.0,>,%
56001,E2E Full Test Corporation 1769028779 - Datacenter East,2024-10-27,P1-KPI3,GPU Utilization,P1,77.94,85.0,>,%
56001,E2E Full Test Corporation 1769028779 - Datacenter East,2024-11-26,P1-KPI3,GPU Utilization,P1,80.17,85.0,>,%
56001,E2E Full Test Corporation 1769028779 - Datacenter East,2024-01-01,P1-KPI4,Network Latency,P1,27.52,10.0,<,ms
56001,E2E Full Test Corporation 1769028779 - Datacenter East,2024-01-31,P1-KPI4,Network Latency,P1,29.12,10.0,<,ms
56001,E2E Full Test Corporation 1769028779 - Datacenter East,2024-03-01,P1-KPI4,Network Latency,P1,27.99,10.0,<,ms
56001,E2E Full Test Corporation 1769028779 - Datacenter East,2024-03-31,P1-KPI4,Network Latency,P1,26.87,10.0,<,ms
56001,E2E Full Test Corporation 1769028779 - Datacenter East,2024-04-30,P1-KPI4,Network Latency,P1,28.99,10.0,<,ms
56001,E2E Full Test Corporation 1769028779 - Datacenter East,2024-05-30,P1-KPI4,Network Latency,P1,28.82,10.0,<,ms
56001,E2E Full Test Corporation 1769028779 - Datacenter East,2024-06-29,P1-KPI4,Network Latency,P1,22.98,10.0,<,ms
56001,E2E Full Test Corporation 1769028779 - Datacenter East,2024-07-29,P1-KPI4,Network Latency,P1,21.94,10.0,<,ms
56001,E2E Full Test Corporation 1769028779 - Datacenter East,2024-08-28,P1-KPI4,Network Latency,P1,21.21,10.0,<,ms
56001,E2E Full Test Corporation 1769028779 - Datacenter East,2024-09-27,P1-KPI4,Network Latency,P1,21.92,10.0,<,ms
56001,E2E Full Test Corporation 1769028779 - Datacenter East,2024-10-27,P1-KPI4,Network Latency,P1,21.73,10.0,<,ms
56001,E2E Full Test Corporation 1769028779 - Datacenter East,2024-11-26,P1-KPI4,Network Latency,P1,15.56,10.0,<,ms
56001,E2E Full Test Corporation 1769028779 - Datacenter East,2024-01-01,P1-KPI5,Storage Performance,P1,77388.53,100000.0,>,IOPS
56001,E2E Full Test Corporation 1769028779 - Datacenter East,2024-01-31,P1-KPI5,Storage Performance,P1,78413.87,100000.0,>,IOPS
56001,E2E Full Test Corporation 1769028779 - Datacenter East,2024-03-01,P1-KPI5,Storage Performance,P1,77529.32,100000.0,>,IOPS
56001,E2E Full Test Corporation 1769028779 - Datacenter East,2024-03-31,P1-KPI5,Storage Performance,P1,80047.33,100000.0,>,IOPS
56001,E2E Full Test Corporation 1769028779 - Datacenter East,2024-04-30,P1-KPI5,Storage Performance,P1,77938.85,100000.0,>,IOPS
56001,E2E Full Test Corporation 1769028779 - Datacenter East,2024-05-30,P1-KPI5,Storage Performance,P1,78180.53,100000.0,>,IOPS
56001,E2E Full Test Corporation 1769028779 - Datacenter East,2024-06-29,P1-KPI5,Storage Performance,P1,81061.86,100000.0,>,IOPS
56001,E2E Full Test Corporation 1769028779 - Datacenter East,2024-07-29,P1-KPI5,Storage Performance,P1,83148.3,100000.0,>,IOPS
56001,E2E Full Test Corporation 1769028779 - Datacenter East,2024-08-28,P1-KPI5,Storage Performance,P1,87898.12,100000.0,>,IOPS
56001,E2E Full Test Corporation 1769028779 - Datacenter East,2024-09-27,P1-KPI5,Storage Performance,P1,84663.7,100000.0,>,IOPS
56001,E2E Full Test Corporation 1769028779 - Datacenter East,2024-10-27,P1-KPI5,Storage Performance,P1,88773.41,100000.0,>,IOPS
56001,E2E Full Test Corporation 1769028779 - Datacenter East,2024-11-26,P1-KPI5,Storage Performance,P1,91386.07,100000.0,>,IOPS
56001,E2E Full Test Corporation 1769028779 - Datacenter East,2024-01-01,P1-KPI6,Cooling Efficiency,P1,1.51,1.3,<,PUE
56001,E2E Full Test Corporation 1769028779 - Datacenter East,2024-01-31,P1-KPI6,Cooling Efficiency,P1,1.53,1.3,<,PUE
56001,E2E Full Test Corporation 1769028779 - Datacenter East,2024-03-01,P1-KPI6,Cooling Efficiency,P1,1.48,1.3,<,PUE
56001,E2E Full Test Corporation 1769028779 - Datacenter East,2024-03-31,P1-KPI6,Cooling Efficiency,P1,1.5,1.3,<,PUE
56001,E2E Full Test Corporation 1769028779 - Datacenter East,2024-04-30,P1-KPI6,Cooling Efficiency,P1,1.56,1.3,<,PUE
56001,E2E Full Test Corporation 1769028779 - Datacenter East,2024-05-30,P1-KPI6,Cooling Efficiency,P1,1.58,1.3,<,PUE
56001,E2E Full Test Corporation 1769028779 - Datacenter East,2024-06-29,P1-KPI6,Cooling Efficiency,P1,1.41,1.3,<,PUE
56001,E2E Full Test Corporation 1769028779 - Datacenter East,2024-07-29,P1-KPI6,Cooling Efficiency,P1,1.52,1.3,<,PUE
56001,E2E Full Test Corporation 1769028779 - Datacenter East,2024-08-28,P1-KPI6,Cooling Efficiency,P1,1.45,1.3,<,PUE
56001,E2E Full Test Corporation 1769028779 - Datacenter East,2024-09-27,P1-KPI6,Cooling Efficiency,P1,1.41,1.3,<,PUE
56001,E2E Full Test Corporation 1769028779 - Datacenter East,2024-10-27,P1-KPI6,Cooling Efficiency,P1,1.5,1.3,<,PUE
56001,E2E Full Test Corporation 1769028779 - Datacenter East,2024-11-26,P1-KPI6,Cooling Efficiency,P1,1.38,1.3,<,PUE
56001,E2E Full Test Corporation 1769028779 - Datacenter East,2024-01-01,P1-KPI7,Power Usage,P1,641.41,500.0,<,kW
56001,E2E Full Test Corporation 1769028779 - Datacenter East,2024-01-31,P1-KPI7,Power Usage,P1,635.6,500.0,<,kW
56001,E2E Full Test Corporation 1769028779 - Datacenter East,2024-03-01,P1-KPI7,Power Usage,P1,662.4,500.0,<,kW
56001,E2E Full Test Corporation 1769028779 - Datacenter East,2024-03-31,P1-KPI7,Power Usage,P1,656.27,500.0,<,kW
56001,E2E Full Test Corporation 1769028779 - Datacenter East,2024-04-30,P1-KPI7,Power Usage,P1,642.53,500.0,<,kW
56001,E2E Full Test Corporation 1769028779 - Datacenter East,2024-05-30,P1-KPI7,Power Usage,P1,617.51,500.0,<,kW
56001,E2E Full Test Corporation 1769028779 - Datacenter East,2024-06-29,P1-KPI7,Power Usage,P1,592.71,500.0,<,kW
56001,E2E Full Test Corporation 1769028779 - Datacenter East,2024-07-29,P1-KPI7,Power Usage,P1,606.75,500.0,<,kW
56001,E2E Full Test Corporation 1769028779 - Datacenter East,2024-08-28,P1-KPI7,Power Usage,P1,600.34,500.0,<,kW
56001,E2E Full Test Corporation 1769028779 - Datacenter East,2024-09-27,P1-KPI7,Power Usage,P1,590.84,500.0,<,kW
56001,E2E Full Test Corporation 1769028779 - Datacenter East,2024-10-27,P1-KPI7,Power Usage,P1,582.29,500.0,<,kW
56001,E2E Full Test Corporation 1769028779 - Datacenter East,2024-11-26,P1-KPI7,Power Usage,P1,546.98,500.0,<,kW
56001,E2E Full Test Corporation 1769028779 - Datacenter East,2024-01-01,P1-KPI8,Thermal Management,P1,30.65,25.0,<,°C
56001,E2E Full Test Corporation 1769028779 - Datacenter East,2024-01-31,P1-KPI8,Thermal Management,P1,28.26,25.0,<,°C
56001,E2E Full Test Corporation 1769028779 - Datacenter East,2024-03-01,P1-KPI8,Thermal Management,P1,29.35,25.0,<,°C
56001,E2E Full Test Corporation 1769028779 - Datacenter East,2024-03-31,P1-KPI8,Thermal Management,P1,30.51,25.0,<,°C
56001,E2E Full Test Corporation 1769028779 - Datacenter East,2024-04-30,P1-KPI8,Thermal Management,P1,28.08,25.0,<,°C
56001,E2E Full Test Corporation 1769028779 - Datacenter East,2024-05-30,P1-KPI8,Thermal Management,P1,28.21,25.0,<,°C
56001,E2E Full Test Corporation 1769028779 - Datacenter East,2024-06-29,P1-KPI8,Thermal Management,P1,27.53,25.0,<,°C
56001,E2E Full Test Corporation 1769028779 - Datacenter East,2024-07-29,P1-KPI8,Thermal Management,P1,27.11,25.0,<,°C
56001,E2E Full Test Corporation 1769028779 - Datacenter East,2024-08-28,P1-KPI8,Thermal Management,P1,27.44,25.0,<,°C
56001,E2E Full Test Corporation 1769028779 - Datacenter East,2024-09-27,P1-KPI8,Thermal Management,P1,29.31,25.0,<,°C
56001,E2E Full Test Corporation 1769028779 - Datacenter East,2024-10-27,P1-KPI8,Thermal Management,P1,28.16,25.0,<,°C
56001,E2E Full Test Corporation 1769028779 - Datacenter East,2024-11-26,P1-KPI8,Thermal Management,P1,27.07,25.0,<,°C
56001,E2E Full Test Corporation 1769028779 - Datacenter East,2024-01-01,P2-KPI1,SLA Compliance,P2,95.0,99.0,>,%
56001,E2E Full Test Corporation 1769028779 - Datacenter East,2024-01-31,P2-KPI1,SLA Compliance,P2,95.0,99.0,>,%
56001,E2E Full Test Corporation 1769028779 - Datacenter East,2024-03-01,P2-KPI1,SLA Compliance,P2,99.0,99.0,>,%
56001,E2E Full Test Corporation 1769028779 - Datacenter East,2024-03-31,P2-KPI1,SLA Compliance,P2,95.96,99.0,>,%
56001,E2E Full Test Corporation 1769028779 - Datacenter East,2024-04-30,P2-KPI1,SLA Compliance,P2,98.72,99.0,>,%
56001,E2E Full Test Corporation 1769028779 - Datacenter East,2024-05-30,P2-KPI1,SLA Compliance,P2,96.24,99.0,>,%
56001,E2E Full Test Corporation 1769028779 - Datacenter East,2024-06-29,P2-KPI1,SLA Compliance,P2,98.71,99.0,>,%
56001,E2E Full Test Corporation 1769028779 - Datacenter East,2024-07-29,P2-KPI1,SLA Compliance,P2,95.94,99.0,>,%
56001,E2E Full Test Corporation 1769028779 - Datacenter East,2024-08-28,P2-KPI1,SLA Compliance,P2,100.0,99.0,>,%
56001,E2E Full Test Corporation 1769028779 - Datacenter East,2024-09-27,P2-KPI1,SLA Compliance,P2,95.0,99.0,>,%
56001,E2E Full Test Corporation 1769028779 - Datacenter East,2024-10-27,P2-KPI1,SLA Compliance,P2,100.0,99.0,>,%
56001,E2E Full Test Corporation 1769028779 - Datacenter East,2024-11-26,P2-KPI1,SLA Compliance,P2,100.0,99.0,>,%
56001,E2E Full Test Corporation 1769028779 - Datacenter East,2024-01-01,P2-KPI2,Incident Response Time,P2,35.89,15.0,<,minutes
56001,E2E Full Test Corporation 1769028779 - Datacenter East,2024-01-31,P2-KPI2,Incident Response Time,P2,34.95,15.0,<,minutes
56001,E2E Full Test Corporation 1769028779 - Datacenter East,2024-03-01,P2-KPI2,Incident Response Time,P2,33.56,15.0,<,minutes
56001,E2E Full Test Corporation 1769028779 - Datacenter East,2024-03-31,P2-KPI2,Incident Response Time,P2,35.9,15.0,<,minutes
56001,E2E Full Test Corporation 1769028779 - Datacenter East,2024-04-30,P2-KPI2,Incident Response Time,P2,34.03,15.0,<,minutes
56001,E2E Full Test Corporation 1769028779 - Datacenter East,2024-05-30,P2-KPI2,Incident Response Time,P2,34.47,15.0,<,minutes
56001,E2E Full Test Corporation 1769028779 - Datacenter East,2024-06-29,P2-KPI2,Incident Response Time,P2,27.08,15.0,<,minutes
56001,E2E Full Test Corporation 1769028779 - Datacenter East,2024-07-29,P2-KPI2,Incident Response Time,P2,28.34,15.0,<,minutes
56001,E2E Full Test Corporation 1769028779 - Datacenter East,2024-08-28,P2-KPI2,Incident Response Time,P2,28.06,15.0,<,minutes
56001,E2E Full Test Corporation 1769028779 - Datacenter East,2024-09-27,P2-KPI2,Incident Response Time,P2,29.6,15.0,<,minutes
56001,E2E Full Test Corporation 1769028779 - Datacenter East,2024-10-27,P2-KPI2,Incident Response Time,P2,29.01,15.0,<,minutes
56001,E2E Full Test Corporation 1769028779 - Datacenter East,2024-11-26,P2-KPI2,Incident Response Time,P2,21.1,15.0,<,minutes
56001,E2E Full Test Corporation 1769028779 - Datacenter East,2024-01-01,P2-KPI3,Change Success Rate,P2,94.63,98.0,>,%
56001,E2E Full Test Corporation 1769028779 - Datacenter East,2024-01-31,P2-KPI3,Change Success Rate,P2,92.57,98.0,>,%
56001,E2E Full Test Corporation 1769028779 - Datacenter East,2024-03-01,P2-KPI3,Change Success Rate,P2,94.74,98.0,>,%
56001,E2E Full Test Corporation 1769028779 - Datacenter East,2024-03-31,P2-KPI3,Change Success Rate,P2,90.0,98.0,>,%
56001,E2E Full Test Corporation 1769028779 - Datacenter East,2024-04-30,P2-KPI3,Change Success Rate,P2,95.22,98.0,>,%
56001,E2E Full Test Corporation 1769028779 - Datacenter East,2024-05-30,P2-KPI3,Change Success Rate,P2,90.43,98.0,>,%
56001,E2E Full Test Corporation 1769028779 - Datacenter East,2024-06-29,P2-KPI3,Change Success Rate,P2,96.65,98.0,>,%
56001,E2E Full Test Corporation 1769028779 - Datacenter East,2024-07-29,P2-KPI3,Change Success Rate,P2,92.23,98.0,>,%
56001,E2E Full Test Corporation 1769028779 - Datacenter East,2024-08-28,P2-KPI3,Change Success Rate,P2,93.83,98.0,>,%
56001,E2E Full Test Corporation 1769028779 - Datacenter East,2024-09-27,P2-KPI3,Change Success Rate,P2,93.71,98.0,>,%
56001,E2E Full Test Corporation 1769028779 - Datacenter East,2024-10-27,P2-KPI3,Change Success Rate,P2,91.07,98.0,>,%
56001,E2E Full Test Corporation 1769028779 - Datacenter East,2024-11-26,P2-KPI3,Change Success Rate,P2,93.28,98.0,>,%
56001,E2E Full Test Corporation 1769028779 - Datacenter East,2024-01-01,P2-KPI4,Backup Success Rate,P2,95.0,100.0,>,%
56001,E2E Full Test Corporation 1769028779 - Datacenter East,2024-01-31,P2-KPI4,Backup Success Rate,P2,95.41,100.0,>,%
56001,E2E Full Test Corporation 1769028779 - Datacenter East,2024-03-01,P2-KPI4,Backup Success Rate,P2,95.0,100.0,>,%
56001,E2E Full Test Corporation 1769028779 - Datacenter East,2024-03-31,P2-KPI4,Backup Success Rate,P2,100.0,100.0,>,%
56001,E2E Full Test Corporation 1769028779 - Datacenter East,2024-04-30,P2-KPI4,Backup Success Rate,P2,95.0,100.0,>,%
56001,E2E Full Test Corporation 1769028779 - Datacenter East,2024-05-30,P2-KPI4,Backup Success Rate,P2,100.0,100.0,>,%
56001,E2E Full Test Corporation 1769028779 - Datacenter East,2024-06-29,P2-KPI4,Backup Success Rate,P2,95.53,100.0,>,%
56001,E2E Full Test Corporation 1769028779 - Datacenter East,2024-07-29,P2-KPI4,Backup Success Rate,P2,95.0,100.0,>,%
56001,E2E Full Test Corporation 1769028779 - Datacenter East,2024-08-28,P2-KPI4,Backup Success Rate,P2,100.0,100.0,>,%
56001,E2E Full Test Corporation 1769028779 - Datacenter East,2024-09-27,P2-KPI4,Backup Success Rate,P2,98.28,100.0,>,%
56001,E2E Full Test Corporation 1769028779 - Datacenter East,2024-10-27,P2-KPI4,Backup Success Rate,P2,96.39,100.0,>,%
56001,E2E Full Test Corporation 1769028779 - Datacenter East,2024-11-26,P2-KPI4,Backup Success Rate,P2,97.96,100.0,>,%
56001,E2E Full Test Corporation 1769028779 - Datacenter East,2024-01-01,P2-KPI5,Patch Compliance,P2,84.42,95.0,>,%
56001,E2E Full Test Corporation 1769028779 - Datacenter East,2024-01-31,P2-KPI5,Patch Compliance,P2,85.72,95.0,>,%
56001,E2E Full Test Corporation 1769028779 - Datacenter East,2024-03-01,P2-KPI5,Patch Compliance,P2,89.53,95.0,>,%
56001,E2E Full Test Corporation 1769028779 - Datacenter East,2024-03-31,P2-KPI5,Patch Compliance,P2,84.76,95.0,>,%
56001,E2E Full Test Corporation 1769028779 - Datacenter East,2024-04-30,P2-KPI5,Patch Compliance,P2,92.21,95.0,>,%
56001,E2E Full Test Corporation 1769028779 - Datacenter East,2024-05-30,P2-KPI5,Patch Compliance,P2,89.78,95.0,>,%
56001,E2E Full Test Corporation 1769028779 - Datacenter East,2024-06-29,P2-KPI5,Patch Compliance,P2,92.95,95.0,>,%
56001,E2E Full Test Corporation 1769028779 - Datacenter East,2024-07-29,P2-KPI5,Patch Compliance,P2,87.97,95.0,>,%
56001,E2E Full Test Corporation 1769028779 - Datacenter East,2024-08-28,P2-KPI5,Patch Compliance,P2,87.57,95.0,>,%
56001,E2E Full Test Corporation 1769028779 - Datacenter East,2024-09-27,P2-KPI5,Patch Compliance,P2,92.72,95.0,>,%
56001,E2E Full Test Corporation 1769028779 - Datacenter East,2024-10-27,P2-KPI5,Patch Compliance,P2,92.86,95.0,>,%
56001,E2E Full Test Corporation 1769028779 - Datacenter East,2024-11-26,P2-KPI5,Patch Compliance,P2,91.6,95.0,>,%
56001,E2E Full Test Corporation 1769028779 - Datacenter East,2024-01-01,P2-KPI6,Service Request Fulfillment,P2,6.24,3.0,<,days
56001,E2E Full Test Corporation 1769028779 - Datacenter East,2024-01-31,P2-KPI6,Service Request Fulfillment,P2,6.22,3.0,<,days
56001,E2E Full Test Corporation 1769028779 - Datacenter East,2024-03-01,P2-KPI6,Service Request Fulfillment,P2,6.39,3.0,<,days
56001,E2E Full Test Corporation 1769028779 - Datacenter East,2024-03-31,P2-KPI6,Service Request Fulfillment,P2,6.37,3.0,<,days
56001,E2E Full Test Corporation 1769028779 - Datacenter East,2024-04-30,P2-KPI6,Service Request Fulfillment,P2,6.25,3.0,<,days
56001,E2E Full Test Corporation 1769028779 - Datacenter East,2024-05-30,P2-KPI6,Service Request Fulfillment,P2,6.27,3.0,<,days
56001,E2E Full Test Corporation 1769028779 - Datacenter East,2024-06-29,P2-KPI6,Service Request Fulfillment,P2,4.91,3.0,<,days
56001,E2E Full Test Corporation 1769028779 - Datacenter East,2024-07-29,P2-KPI6,Service Request Fulfillment,P2,5.21,3.0,<,days
56001,E2E Full Test Corporation 1769028779 - Datacenter East,2024-08-28,P2-KPI6,Service Request Fulfillment,P2,5.0,3.0,<,days
56001,E2E Full Test Corporation 1769028779 - Datacenter East,2024-09-27,P2-KPI6,Service Request Fulfillment,P2,5.16,3.0,<,days
56001,E2E Full Test Corporation 1769028779 - Datacenter East,2024-10-27,P2-KPI6,Service Request Fulfillment,P2,5.1,3.0,<,days
56001,E2E Full Test Corporation 1769028779 - Datacenter East,2024-11-26,P2-KPI6,Service Request Fulfillment,P2,4.12,3.0,<,days
56001,E2E Full Test Corporation 1769028779 - Datacenter East,2024-01-01,P2-KPI7,Capacity Planning Accuracy,P2,83.76,90.0,>,%
56001,E2E Full Test Corporation 1769028779 - Datacenter East,2024-01-31,P2-KPI7,Capacity Planning Accuracy,P2,80.05,90.0,>,%
56001,E2E Full Test Corporation 1769028779 - Datacenter East,2024-03-01,P2-KPI7,Capacity Planning Accuracy,P2,80.83,90.0,>,%
56001,E2E Full Test Corporation 1769028779 - Datacenter East,2024-03-31,P2-KPI7,Capacity Planning Accuracy,P2,84.96,90.0,>,%
56001,E2E Full Test Corporation 1769028779 - Datacenter East,2024-04-30,P2-KPI7,Capacity Planning Accuracy,P2,81.98,90.0,>,%
56001,E2E Full Test Corporation 1769028779 - Datacenter East,2024-05-30,P2-KPI7,Capacity Planning Accuracy,P2,82.8,90.0,>,%
56001,E2E Full Test Corporation 1769028779 - Datacenter East,2024-06-29,P2-KPI7,Capacity Planning Accuracy,P2,81.87,90.0,>,%
56001,E2E Full Test Corporation 1769028779 - Datacenter East,2024-07-29,P2-KPI7,Capacity Planning Accuracy,P2,82.03,90.0,>,%
56001,E2E Full Test Corporation 1769028779 - Datacenter East,2024-08-28,P2-KPI7,Capacity Planning Accuracy,P2,82.37,90.0,>,%
56001,E2E Full Test Corporation 1769028779 - Datacenter East,2024-09-27,P2-KPI7,Capacity Planning Accuracy,P2,81.27,90.0,>,%
56001,E2E Full Test Corporation 1769028779 - Datacenter East,2024-10-27,P2-KPI7,Capacity Planning Accuracy,P2,85.13,90.0,>,%
56001,E2E Full Test Corporation 1769028779 - Datacenter East,2024-11-26,P2-KPI7,Capacity Planning Accuracy,P2,86.06,90.0,>,%
56001,E2E Full Test Corporation 1769028779 - Datacenter East,2024-01-01,P2-KPI8,Documentation Quality,P2,75.54,85.0,>,score
56001,E2E Full Test Corporation 1769028779 - Datacenter East,2024-01-31,P2-KPI8,Documentation Quality,P2,76.82,85.0,>,score
56001,E2E Full Test Corporation 1769028779 - Datacenter East,2024-03-01,P2-KPI8,Documentation Quality,P2,72.95,85.0,>,score
56001,E2E Full Test Corporation 1769028779 - Datacenter East,2024-03-31,P2-KPI8,Documentation Quality,P2,76.51,85.0,>,score
56001,E2E Full Test Corporation 1769028779 - Datacenter East,2024-04-30,P2-KPI8,Documentation Quality,P2,75.92,85.0,>,score
56001,E2E Full Test Corporation 1769028779 - Datacenter East,2024-05-30,P2-KPI8,Documentation Quality,P2,71.56,85.0,>,score
56001,E2E Full Test Corporation 1769028779 - Datacenter East,2024-06-29,P2-KPI8,Documentation Quality,P2,79.4,85.0,>,score
56001,E2E Full Test Corporation 1769028779 - Datacenter East,2024-07-29,P2-KPI8,Documentation Quality,P2,76.98,85.0,>,score
56001,E2E Full Test Corporation 1769028779 - Datacenter East,2024-08-28,P2-KPI8,Documentation Quality,P2,78.55,85.0,>,score
56001,E2E Full Test Corporation 1769028779 - Datacenter East,2024-09-27,P2-KPI8,Documentation Quality,P2,80.96,85.0,>,score
56001,E2E Full Test Corporation 1769028779 - Datacenter East,2024-10-27,P2-KPI8,Documentation Quality,P2,76.12,85.0,>,score
56001,E2E Full Test Corporation 1769028779 - Datacenter East,2024-11-26,P2-KPI8,Documentation Quality,P2,83.82,85.0,>,score
56001,E2E Full Test Corporation 1769028779 - Datacenter East,2024-01-01,P3-KPI1,CSAT Score,P3,3.65,4.5,>,score
56001,E2E Full Test Corporation 1769028779 - Datacenter East,2024-01-31,P3-KPI1,CSAT Score,P3,3.8,4.5,>,score
56001,E2E Full Test Corporation 1769028779 - Datacenter East,2024-03-01,P3-KPI1,CSAT Score,P3,3.86,4.5,>,score
56001,E2E Full Test Corporation 1769028779 - Datacenter East,2024-03-31,P3-KPI1,CSAT Score,P3,3.66,4.5,>,score
56001,E2E Full Test Corporation 1769028779 - Datacenter East,2024-04-30,P3-KPI1,CSAT Score,P3,3.98,4.5,>,score
56001,E2E Full Test Corporation 1769028779 - Datacenter East,2024-05-30,P3-KPI1,CSAT Score,P3,3.67,4.5,>,score
56001,E2E Full Test Corporation 1769028779 - Datacenter East,2024-06-29,P3-KPI1,CSAT Score,P3,4.13,4.5,>,score
56001,E2E Full Test Corporation 1769028779 - Datacenter East,2024-07-29,P3-KPI1,CSAT Score,P3,3.91,4.5,>,score
56001,E2E Full Test Corporation 1769028779 - Datacenter East,2024-08-28,P3-KPI1,CSAT Score,P3,4.14,4.5,>,score
56001,E2E Full Test Corporation 1769028779 - Datacenter East,2024-09-27,P3-KPI1,CSAT Score,P3,4.23,4.5,>,score
56001,E2E Full Test Corporation 1769028779 - Datacenter East,2024-10-27,P3-KPI1,CSAT Score,P3,4.2,4.5,>,score
56001,E2E Full Test Corporation 1769028779 - Datacenter East,2024-11-26,P3-KPI1,CSAT Score,P3,4.13,4.5,>,score
56001,E2E Full Test Corporation 1769028779 - Datacenter East,2024-01-01,P3-KPI2,Support Ticket Volume,P3,57.34,20.0,<,tickets
56001,E2E Full Test Corporation 1769028779 - Datacenter East,2024-01-31,P3-KPI2,Support Ticket Volume,P3,54.41,20.0,<,tickets
56001,E2E Full Test Corporation 1769028779 - Datacenter East,2024-03-01,P3-KPI2,Support Ticket Volume,P3,54.82,20.0,<,tickets
56001,E2E Full Test Corporation 1769028779 - Datacenter East,2024-03-31,P3-KPI2,Support Ticket Volume,P3,54.24,20.0,<,tickets
56001,E2E Full Test Corporation 1769028779 - Datacenter East,2024-04-30,P3-KPI2,Support Ticket Volume,P3,57.56,20.0,<,tickets
56001,E2E Full Test Corporation 1769028779 - Datacenter East,2024-05-30,P3-KPI2,Support Ticket Volume,P3,56.66,20.0,<,tickets
56001,E2E Full Test Corporation 1769028779 - Datacenter East,2024-06-29,P3-KPI2,Support Ticket Volume,P3,45.56,20.0,<,tickets
56001,E2E Full Test Corporation 1769028779 - Datacenter East,2024-07-29,P3-KPI2,Support Ticket Volume,P3,42.44,20.0,<,tickets
56001,E2E Full Test Corporation 1769028779 - Datacenter East,2024-08-28,P3-KPI2,Support Ticket Volume,P3,44.29,20.0,<,tickets
56001,E2E Full Test Corporation 1769028779 - Datacenter East,2024-09-27,P3-KPI2,Support Ticket Volume,P3,42.89,20.0,<,tickets
56001,E2E Full Test Corporation 1769028779 - Datacenter East,2024-10-27,P3-KPI2,Support Ticket Volume,P3,44.78,20.0,<,tickets
56001,E2E Full Test Corporation 1769028779 - Datacenter East,2024-11-26,P3-KPI2,Support Ticket Volume,P3,31.78,20.0,<,tickets
56001,E2E Full Test Corporation 1769028779 - Datacenter East,2024-01-01,P3-KPI3,First Contact Resolution,P3,66.31,75.0,>,%
56001,E2E Full Test Corporation 1769028779 - Datacenter East,2024-01-31,P3-KPI3,First Contact Resolution,P3,65.23,75.0,>,%
56001,E2E Full Test Corporation 1769028779 - Datacenter East,2024-03-01,P3-KPI3,First Contact Resolution,P3,60.92,75.0,>,%
56001,E2E Full Test Corporation 1769028779 - Datacenter East,2024-03-31,P3-KPI3,First Contact Resolution,P3,64.96,75.0,>,%
56001,E2E Full Test Corporation 1769028779 - Datacenter East,2024-04-30,P3-KPI3,First Contact Resolution,P3,61.94,75.0,>,%
56001,E2E Full Test Corporation 1769028779 - Datacenter East,2024-05-30,P3-KPI3,First Contact Resolution,P3,65.37,75.0,>,%
56001,E2E Full Test Corporation 1769028779 - Datacenter East,2024-06-29,P3-KPI3,First Contact Resolution,P3,67.05,75.0,>,%
56001,E2E Full Test Corporation 1769028779 - Datacenter East,2024-07-29,P3-KPI3,First Contact Resolution,P3,67.81,75.0,>,%
56001,E2E Full Test Corporation 1769028779 - Datacenter East,2024-08-28,P3-KPI3,First Contact Resolution,P3,66.22,75.0,>,%
56001,E2E Full Test Corporation 1769028779 - Datacenter East,2024-09-27,P3-KPI3,First Contact Resolution,P3,69.41,75.0,>,%
56001,E2E Full Test Corporation 1769028779 - Datacenter East,2024-10-27,P3-KPI3,First Contact Resolution,P3,70.13,75.0,>,%
56001,E2E Full Test Corporation 1769028779 - Datacenter East,2024-11-26,P3-KPI3,First Contact Resolution,P3,69.33,75.0,>,%
56001,E2E Full Test Corporation 1769028779 - Datacenter East,2024-01-01,P3-KPI4,Training Completion,P3,77.1,90.0,>,%
56001,E2E Full Test Corporation 1769028779 - Datacenter East,2024-01-31,P3-KPI4,Training Completion,P3,73.77,90.0,>,%
56001,E2E Full Test Corporation 1769028779 - Datacenter East,2024-03-01,P3-KPI4,Training Completion,P3,78.18,90.0,>,%
56001,E2E Full Test Corporation 1769028779 - Datacenter East,2024-03-31,P3-KPI4,Training Completion,P3,79.45,90.0,>,%
56001,E2E Full Test Corporation 1769028779 - Datacenter East,2024-04-30,P3-KPI4,Training Completion,P3,74.95,90.0,>,%
56001,E2E Full Test Corporation 1769028779 - Datacenter East,2024-05-30,P3-KPI4,Training Completion,P3,74.79,90.0,>,%
56001,E2E Full Test Corporation 1769028779 - Datacenter East,2024-06-29,P3-KPI4,Training Completion,P3,78.46,90.0,>,%
56001,E2E Full Test Corporation 1769028779 - Datacenter East,2024-07-29,P3-KPI4,Training Completion,P3,81.93,90.0,>,%
56001,E2E Full Test Corporation 1769028779 - Datacenter East,2024-08-28,P3-KPI4,Training Completion,P3,77.66,90.0,>,%
56001,E2E Full Test Corporation 1769028779 - Datacenter East,2024-09-27,P3-KPI4,Training Completion,P3,79.02,90.0,>,%
56001,E2E Full Test Corporation 1769028779 - Datacenter East,2024-10-27,P3-KPI4,Training Completion,P3,80.35,90.0,>,%
56001,E2E Full Test Corporation 1769028779 - Datacenter East,2024-11-26,P3-KPI4,Training Completion,P3,87.13,90.0,>,%
56001,E2E Full Test Corporation 1769028779 - Datacenter East,2024-01-01,P3-KPI5,User Adoption Rate,P3,63.87,80.0,>,%
56001,E2E Full Test Corporation 1769028779 - Datacenter East,2024-01-31,P3-KPI5,User Adoption Rate,P3,64.23,80.0,>,%
56001,E2E Full Test Corporation 1769028779 - Datacenter East,2024-03-01,P3-KPI5,User Adoption Rate,P3,64.04,80.0,>,%
56001,E2E Full Test Corporation 1769028779 - Datacenter East,2024-03-31,P3-KPI5,User Adoption Rate,P3,68.78,80.0,>,%
56001,E2E Full Test Corporation 1769028779 - Datacenter East,2024-04-30,P3-KPI5,User Adoption Rate,P3,64.07,80.0,>,%
56001,E2E Full Test Corporation 1769028779 - Datacenter East,2024-05-30,P3-KPI5,User Adoption Rate,P3,66.32,80.0,>,%
56001,E2E Full Test Corporation 1769028779 - Datacenter East,2024-06-29,P3-KPI5,User Adoption Rate,P3,71.76,80.0,>,%
56001,E2E Full Test Corporation 1769028779 - Datacenter East,2024-07-29,P3-KPI5,User Adoption Rate,P3,68.69,80.0,>,%
56001,E2E Full Test Corporation 1769028779 - Datacenter East,2024-08-28,P3-KPI5,User Adoption Rate,P3,70.29,80.0,>,%
56001,E2E Full Test Corporation 1769028779 - Datacenter East,2024-09-27,P3-KPI5,User Adoption Rate,P3,68.67,80.0,>,%
56001,E2E Full Test Corporation 1769028779 - Datacenter East,2024-10-27,P3-KPI5,User Adoption Rate,P3,71.16,80.0,>,%
56001,E2E Full Test Corporation 1769028779 - Datacenter East,2024-11-26,P3-KPI5,User Adoption Rate,P3,72.4,80.0,>,%
56001,E2E Full Test Corporation 1769028779 - Datacenter East,2024-01-01,P3-KPI6,Executive Engagement,P3,3.15,4.0,>,meetings/quarter
56001,E2E Full Test Corporation 1769028779 - Datacenter East,2024-01-31,P3-KPI6,Executive Engagement,P3,2.98,4.0,>,meetings/quarter
56001,E2E Full Test Corporation 1769028779 - Datacenter East,2024-03-01,P3-KPI6,Executive Engagement,P3,3.18,4.0,>,meetings/quarter
56001,E2E Full Test Corporation 1769028779 - Datacenter East,2024-03-31,P3-KPI6,Executive Engagement,P3,3.18,4.0,>,meetings/quarter
56001,E2E Full Test Corporation 1769028779 - Datacenter East,2024-04-30,P3-KPI6,Executive Engagement,P3,2.96,4.0,>,meetings/quarter
56001,E2E Full Test Corporation 1769028779 - Datacenter East,2024-05-30,P3-KPI6,Executive Engagement,P3,3.25,4.0,>,meetings/quarter
56001,E2E Full Test Corporation 1769028779 - Datacenter East,2024-06-29,P3-KPI6,Executive Engagement,P3,3.43,4.0,>,meetings/quarter
56001,E2E Full Test Corporation 1769028779 - Datacenter East,2024-07-29,P3-KPI6,Executive Engagement,P3,3.48,4.0,>,meetings/quarter
56001,E2E Full Test Corporation 1769028779 - Datacenter East,2024-08-28,P3-KPI6,Executive Engagement,P3,3.31,4.0,>,meetings/quarter
56001,E2E Full Test Corporation 1769028779 - Datacenter East,2024-09-27,P3-KPI6,Executive Engagement,P3,3.38,4.0,>,meetings/quarter
56001,E2E Full Test Corporation 1769028779 - Datacenter East,2024-10-27,P3-KPI6,Executive Engagement,P3,3.32,4.0,>,meetings/quarter
56001,E2E Full Test Corporation 1769028779 - Datacenter East,2024-11-26,P3-KPI6,Executive Engagement,P3,3.75,4.0,>,meetings/quarter
56001,E2E Full Test Corporation 1769028779 - Datacenter East,2024-01-01,P3-KPI7,Response Time SLA,P3,71.58,30.0,<,minutes
56001,E2E Full Test Corporation 1769028779 - Datacenter East,2024-01-31,P3-KPI7,Response Time SLA,P3,69.33,30.0,<,minutes
56001,E2E Full Test Corporation 1769028779 - Datacenter East,2024-03-01,P3-KPI7,Response Time SLA,P3,72.51,30.0,<,minutes
56001,E2E Full Test Corporation 1769028779 - Datacenter East,2024-03-31,P3-KPI7,Response Time SLA,P3,67.51,30.0,<,minutes
56001,E2E Full Test Corporation 1769028779 - Datacenter East,2024-04-30,P3-KPI7,Response Time SLA,P3,68.93,30.0,<,minutes
56001,E2E Full Test Corporation 1769028779 - Datacenter East,2024-05-30,P3-KPI7,Response Time SLA,P3,73.71,30.0,<,minutes
56001,E2E Full Test Corporation 1769028779 - Datacenter East,2024-06-29,P3-KPI7,Response Time SLA,P3,56.79,30.0,<,minutes
56001,E2E Full Test Corporation 1769028779 - Datacenter East,2024-07-29,P3-KPI7,Response Time SLA,P3,58.37,30.0,<,minutes
56001,E2E Full Test Corporation 1769028779 - Datacenter East,2024-08-28,P3-KPI7,Response Time SLA,P3,55.38,30.0,<,minutes
56001,E2E Full Test Corporation 1769028779 - Datacenter East,2024-09-27,P3-KPI7,Response Time SLA,P3,57.71,30.0,<,minutes
56001,E2E Full Test Corporation 1769028779 - Datacenter East,2024-10-27,P3-KPI7,Response Time SLA,P3,58.26,30.0,<,minutes
56001,E2E Full Test Corporation 1769028779 - Datacenter East,2024-11-26,P3-KPI7,Response Time SLA,P3,45.43,30.0,<,minutes
56001,E2E Full Test Corporation 1769028779 - Datacenter East,2024-01-01,P4-KPI1,ROI Achievement,P4,129.67,150.0,>,%
56001,E2E Full Test Corporation 1769028779 - Datacenter East,2024-01-31,P4-KPI1,ROI Achievement,P4,122.39,150.0,>,%
56001,E2E Full Test Corporation 1769028779 - Datacenter East,2024-03-01,P4-KPI1,ROI Achievement,P4,127.75,150.0,>,%
56001,E2E Full Test Corporation 1769028779 - Datacenter East,2024-03-31,P4-KPI1,ROI Achievement,P4,126.99,150.0,>,%
56001,E2E Full Test Corporation 1769028779 - Datacenter East,2024-04-30,P4-KPI1,ROI Achievement,P4,127.87,150.0,>,%
56001,E2E Full Test Corporation 1769028779 - Datacenter East,2024-05-30,P4-KPI1,ROI Achievement,P4,128.15,150.0,>,%
56001,E2E Full Test Corporation 1769028779 - Datacenter East,2024-06-29,P4-KPI1,ROI Achievement,P4,134.84,150.0,>,%
56001,E2E Full Test Corporation 1769028779 - Datacenter East,2024-07-29,P4-KPI1,ROI Achievement,P4,136.27,150.0,>,%
56001,E2E Full Test Corporation 1769028779 - Datacenter East,2024-08-28,P4-KPI1,ROI Achievement,P4,138.62,150.0,>,%
56001,E2E Full Test Corporation 1769028779 - Datacenter East,2024-09-27,P4-KPI1,ROI Achievement,P4,129.07,150.0,>,%
56001,E2E Full Test Corporation 1769028779 - Datacenter East,2024-10-27,P4-KPI1,ROI Achievement,P4,133.56,150.0,>,%
56001,E2E Full Test Corporation 1769028779 - Datacenter East,2024-11-26,P4-KPI1,ROI Achievement,P4,144.64,150.0,>,%
56001,E2E Full Test Corporation 1769028779 - Datacenter East,2024-01-01,P4-KPI2,Cost Reduction,P4,11.54,20.0,>,%
56001,E2E Full Test Corporation 1769028779 - Datacenter East,2024-01-31,P4-KPI2,Cost Reduction,P4,10.98,20.0,>,%
56001,E2E Full Test Corporation 1769028779 - Datacenter East,2024-03-01,P4-KPI2,Cost Reduction,P4,10.85,20.0,>,%
56001,E2E Full Test Corporation 1769028779 - Datacenter East,2024-03-31,P4-KPI2,Cost Reduction,P4,11.36,20.0,>,%
56001,E2E Full Test Corporation 1769028779 - Datacenter East,2024-04-30,P4-KPI2,Cost Reduction,P4,10.8,20.0,>,%
56001,E2E Full Test Corporation 1769028779 - Datacenter East,2024-05-30,P4-KPI2,Cost Reduction,P4,11.28,20.0,>,%
56001,E2E Full Test Corporation 1769028779 - Datacenter East,2024-06-29,P4-KPI2,Cost Reduction,P4,14.38,20.0,>,%
56001,E2E Full Test Corporation 1769028779 - Datacenter East,2024-07-29,P4-KPI2,Cost Reduction,P4,13.7,20.0,>,%
56001,E2E Full Test Corporation 1769028779 - Datacenter East,2024-08-28,P4-KPI2,Cost Reduction,P4,14.13,20.0,>,%
56001,E2E Full Test Corporation 1769028779 - Datacenter East,2024-09-27,P4-KPI2,Cost Reduction,P4,14.52,20.0,>,%
56001,E2E Full Test Corporation 1769028779 - Datacenter East,2024-10-27,P4-KPI2,Cost Reduction,P4,13.32,20.0,>,%
56001,E2E Full Test Corporation 1769028779 - Datacenter East,2024-11-26,P4-KPI2,Cost Reduction,P4,16.41,20.0,>,%
56001,E2E Full Test Corporation 1769028779 - Datacenter East,2024-01-01,P4-KPI3,Time to Value,P4,125.96,90.0,<,days
56001,E2E Full Test Corporation 1769028779 - Datacenter East,2024-01-31,P4-KPI3,Time to Value,P4,127.02,90.0,<,days
56001,E2E Full Test Corporation 1769028779 - Datacenter East,2024-03-01,P4-KPI3,Time to Value,P4,134.74,90.0,<,days
56001,E2E Full Test Corporation 1769028779 - Datacenter East,2024-03-31,P4-KPI3,Time to Value,P4,129.64,90.0,<,days
56001,E2E Full Test Corporation 1769028779 - Datacenter East,2024-04-30,P4-KPI3,Time to Value,P4,129.84,90.0,<,days
56001,E2E Full Test Corporation 1769028779 - Datacenter East,2024-05-30,P4-KPI3,Time to Value,P4,135.38,90.0,<,days
56001,E2E Full Test Corporation 1769028779 - Datacenter East,2024-06-29,P4-KPI3,Time to Value,P4,116.61,90.0,<,days
56001,E2E Full Test Corporation 1769028779 - Datacenter East,2024-07-29,P4-KPI3,Time to Value,P4,118.79,90.0,<,days
56001,E2E Full Test Corporation 1769028779 - Datacenter East,2024-08-28,P4-KPI3,Time to Value,P4,118.45,90.0,<,days
56001,E2E Full Test Corporation 1769028779 - Datacenter East,2024-09-27,P4-KPI3,Time to Value,P4,112.45,90.0,<,days
56001,E2E Full Test Corporation 1769028779 - Datacenter East,2024-10-27,P4-KPI3,Time to Value,P4,114.31,90.0,<,days
56001,E2E Full Test Corporation 1769028779 - Datacenter East,2024-11-26,P4-KPI3,Time to Value,P4,99.24,90.0,<,days
56001,E2E Full Test Corporation 1769028779 - Datacenter East,2024-01-01,P4-KPI4,Revenue Enablement,P4,3.25,5.0,>,$M
56001,E2E Full Test Corporation 1769028779 - Datacenter East,2024-01-31,P4-KPI4,Revenue Enablement,P4,3.2,5.0,>,$M
56001,E2E Full Test Corporation 1769028779 - Datacenter East,2024-03-01,P4-KPI4,Revenue Enablement,P4,3.33,5.0,>,$M
56001,E2E Full Test Corporation 1769028779 - Datacenter East,2024-03-31,P4-KPI4,Revenue Enablement,P4,3.14,5.0,>,$M
56001,E2E Full Test Corporation 1769028779 - Datacenter East,2024-04-30,P4-KPI4,Revenue Enablement,P4,3.06,5.0,>,$M
56001,E2E Full Test Corporation 1769028779 - Datacenter East,2024-05-30,P4-KPI4,Revenue Enablement,P4,3.1,5.0,>,$M
56001,E2E Full Test Corporation 1769028779 - Datacenter East,2024-06-29,P4-KPI4,Revenue Enablement,P4,3.8,5.0,>,$M
56001,E2E Full Test Corporation 1769028779 - Datacenter East,2024-07-29,P4-KPI4,Revenue Enablement,P4,3.74,5.0,>,$M
56001,E2E Full Test Corporation 1769028779 - Datacenter East,2024-08-28,P4-KPI4,Revenue Enablement,P4,3.75,5.0,>,$M
56001,E2E Full Test Corporation 1769028779 - Datacenter East,2024-09-27,P4-KPI4,Revenue Enablement,P4,3.92,5.0,>,$M
56001,E2E Full Test Corporation 1769028779 - Datacenter East,2024-10-27,P4-KPI4,Revenue Enablement,P4,3.88,5.0,>,$M
56001,E2E Full Test Corporation 1769028779 - Datacenter East,2024-11-26,P4-KPI4,Revenue Enablement,P4,4.44,5.0,>,$M
56001,E2E Full Test Corporation 1769028779 - Datacenter East,2024-01-01,P4-KPI5,Operational Efficiency,P4,73.03,85.0,>,%
56001,E2E Full Test Corporation 1769028779 - Datacenter East,2024-01-31,P4-KPI5,Operational Efficiency,P4,74.33,85.0,>,%
56001,E2E Full Test Corporation 1769028779 - Datacenter East,2024-03-01,P4-KPI5,Operational Efficiency,P4,77.24,85.0,>,%
56001,E2E Full Test Corporation 1769028779 - Datacenter East,2024-03-31,P4-KPI5,Operational Efficiency,P4,75.87,85.0,>,%
56001,E2E Full Test Corporation 1769028779 - Datacenter East,2024-04-30,P4-KPI5,Operational Efficiency,P4,72.05,85.0,>,%
56001,E2E Full Test Corporation 1769028779 - Datacenter East,2024-05-30,P4-KPI5,Operational Efficiency,P4,73.48,85.0,>,%
56001,E2E Full Test Corporation 1769028779 - Datacenter East,2024-06-29,P4-KPI5,Operational Efficiency,P4,75.07,85.0,>,%
56001,E2E Full Test Corporation 1769028779 - Datacenter East,2024-07-29,P4-KPI5,Operational Efficiency,P4,76.52,85.0,>,%
56001,E2E Full Test Corporation 1769028779 - Datacenter East,2024-08-28,P4-KPI5,Operational Efficiency,P4,80.38,85.0,>,%
56001,E2E Full Test Corporation 1769028779 - Datacenter East,2024-09-27,P4-KPI5,Operational Efficiency,P4,73.73,85.0,>,%
56001,E2E Full Test Corporation 1769028779 - Datacenter East,2024-10-27,P4-KPI5,Operational Efficiency,P4,76.19,85.0,>,%
56001,E2E Full Test Corporation 1769028779 - Datacenter East,2024-11-26,P4-KPI5,Operational Efficiency,P4,79.96,85.0,>,%
56001,E2E Full Test Corporation 1769028779 - Datacenter East,2024-01-01,P4-KPI6,Innovation Projects,P4,2.18,3.0,>,count
56001,E2E Full Test Corporation 1769028779 - Datacenter East,2024-01-31,P4-KPI6,Innovation Projects,P4,2.03,3.0,>,count
56001,E2E Full Test Corporation 1769028779 - Datacenter East,2024-03-01,P4-KPI6,Innovation Projects,P4,2.18,3.0,>,count
56001,E2E Full Test Corporation 1769028779 - Datacenter East,2024-03-31,P4-KPI6,Innovation Projects,P4,2.1,3.0,>,count
56001,E2E Full Test Corporation 1769028779 - Datacenter East,2024-04-30,P4-KPI6,Innovation Projects,P4,2.2,3.0,>,count
56001,E2E Full Test Corporation 1769028779 - Datacenter East,2024-05-30,P4-KPI6,Innovation Projects,P4,2.01,3.0,>,count
56001,E2E Full Test Corporation 1769028779 - Datacenter East,2024-06-29,P4-KPI6,Innovation Projects,P4,2.34,3.0,>,count
56001,E2E Full Test Corporation 1769028779 - Datacenter East,2024-07-29,P4-KPI6,Innovation Projects,P4,2.43,3.0,>,count
56001,E2E Full Test Corporation 1769028779 - Datacenter East,2024-08-28,P4-KPI6,Innovation Projects,P4,2.51,3.0,>,count
56001,E2E Full Test Corporation 1769028779 - Datacenter East,2024-09-27,P4-KPI6,Innovation Projects,P4,2.33,3.0,>,count
56001,E2E Full Test Corporation 1769028779 - Datacenter East,2024-10-27,P4-KPI6,Innovation Projects,P4,2.5,3.0,>,count
56001,E2E Full Test Corporation 1769028779 - Datacenter East,2024-11-26,P4-KPI6,Innovation Projects,P4,2.8,3.0,>,count
56001,E2E Full Test Corporation 1769028779 - Datacenter East,2024-01-01,P4-KPI7,Business Case Validation,P4,77.6,90.0,>,%
56001,E2E Full Test Corporation 1769028779 - Datacenter East,2024-01-31,P4-KPI7,Business Case Validation,P4,80.19,90.0,>,%
56001,E2E Full Test Corporation 1769028779 - Datacenter East,2024-03-01,P4-KPI7,Business Case Validation,P4,84.07,90.0,>,%
56001,E2E Full Test Corporation 1769028779 - Datacenter East,2024-03-31,P4-KPI7,Business Case Validation,P4,84.4,90.0,>,%
56001,E2E Full Test Corporation 1769028779 - Datacenter East,2024-04-30,P4-KPI7,Business Case Validation,P4,77.67,90.0,>,%
56001,E2E Full Test Corporation 1769028779 - Datacenter East,2024-05-30,P4-KPI7,Business Case Validation,P4,79.43,90.0,>,%
56001,E2E Full Test Corporation 1769028779 - Datacenter East,2024-06-29,P4-KPI7,Business Case Validation,P4,82.16,90.0,>,%
56001,E2E Full Test Corporation 1769028779 - Datacenter East,2024-07-29,P4-KPI7,Business Case Validation,P4,85.09,90.0,>,%
56001,E2E Full Test Corporation 1769028779 - Datacenter East,2024-08-28,P4-KPI7,Business Case Validation,P4,81.37,90.0,>,%
56001,E2E Full Test Corporation 1769028779 - Datacenter East,2024-09-27,P4-KPI7,Business Case Validation,P4,87.68,90.0,>,%
56001,E2E Full Test Corporation 1769028779 - Datacenter East,2024-10-27,P4-KPI7,Business Case Validation,P4,81.81,90.0,>,%
56001,E2E Full Test Corporation 1769028779 - Datacenter East,2024-11-26,P4-KPI7,Business Case Validation,P4,88.17,90.0,>,%
56001,E2E Full Test Corporation 1769028779 - Datacenter East,2024-01-01,P5-KPI1,Executive Sponsorship,P5,4.01,4.5,>,score
56001,E2E Full Test Corporation 1769028779 - Datacenter East,2024-01-31,P5-KPI1,Executive Sponsorship,P5,3.64,4.5,>,score
56001,E2E Full Test Corporation 1769028779 - Datacenter East,2024-03-01,P5-KPI1,Executive Sponsorship,P5,3.91,4.5,>,score
56001,E2E Full Test Corporation 1769028779 - Datacenter East,2024-03-31,P5-KPI1,Executive Sponsorship,P5,3.85,4.5,>,score
56001,E2E Full Test Corporation 1769028779 - Datacenter East,2024-04-30,P5-KPI1,Executive Sponsorship,P5,3.8,4.5,>,score
56001,E2E Full Test Corporation 1769028779 - Datacenter East,2024-05-30,P5-KPI1,Executive Sponsorship,P5,3.97,4.5,>,score
56001,E2E Full Test Corporation 1769028779 - Datacenter East,2024-06-29,P5-KPI1,Executive Sponsorship,P5,3.96,4.5,>,score
56001,E2E Full Test Corporation 1769028779 - Datacenter East,2024-07-29,P5-KPI1,Executive Sponsorship,P5,4.01,4.5,>,score
56001,E2E Full Test Corporation 1769028779 - Datacenter East,2024-08-28,P5-KPI1,Executive Sponsorship,P5,3.86,4.5,>,score
56001,E2E Full Test Corporation 1769028779 - Datacenter East,2024-09-27,P5-KPI1,Executive Sponsorship,P5,4.23,4.5,>,score
56001,E2E Full Test Corporation 1769028779 - Datacenter East,2024-10-27,P5-KPI1,Executive Sponsorship,P5,3.91,4.5,>,score
56001,E2E Full Test Corporation 1769028779 - Datacenter East,2024-11-26,P5-KPI1,Executive Sponsorship,P5,4.19,4.5,>,score
56001,E2E Full Test Corporation 1769028779 - Datacenter East,2024-01-01,P5-KPI2,Renewal Likelihood,P5,87.26,95.0,>,%
56001,E2E Full Test Corporation 1769028779 - Datacenter East,2024-01-31,P5-KPI2,Renewal Likelihood,P5,80.33,95.0,>,%
56001,E2E Full Test Corporation 1769028779 - Datacenter East,2024-03-01,P5-KPI2,Renewal Likelihood,P5,85.72,95.0,>,%
56001,E2E Full Test Corporation 1769028779 - Datacenter East,2024-03-31,P5-KPI2,Renewal Likelihood,P5,82.94,95.0,>,%
56001,E2E Full Test Corporation 1769028779 - Datacenter East,2024-04-30,P5-KPI2,Renewal Likelihood,P5,85.05,95.0,>,%
56001,E2E Full Test Corporation 1769028779 - Datacenter East,2024-05-30,P5-KPI2,Renewal Likelihood,P5,82.07,95.0,>,%
56001,E2E Full Test Corporation 1769028779 - Datacenter East,2024-06-29,P5-KPI2,Renewal Likelihood,P5,87.41,95.0,>,%
56001,E2E Full Test Corporation 1769028779 - Datacenter East,2024-07-29,P5-KPI2,Renewal Likelihood,P5,90.72,95.0,>,%
56001,E2E Full Test Corporation 1769028779 - Datacenter East,2024-08-28,P5-KPI2,Renewal Likelihood,P5,91.08,95.0,>,%
56001,E2E Full Test Corporation 1769028779 - Datacenter East,2024-09-27,P5-KPI2,Renewal Likelihood,P5,88.29,95.0,>,%
56001,E2E Full Test Corporation 1769028779 - Datacenter East,2024-10-27,P5-KPI2,Renewal Likelihood,P5,86.92,95.0,>,%
56001,E2E Full Test Corporation 1769028779 - Datacenter East,2024-11-26,P5-KPI2,Renewal Likelihood,P5,94.64,95.0,>,%
56001,E2E Full Test Corporation 1769028779 - Datacenter East,2024-01-01,P5-KPI3,Expansion Pipeline,P5,1.26,2.0,>,$M
56001,E2E Full Test Corporation 1769028779 - Datacenter East,2024-01-31,P5-KPI3,Expansion Pipeline,P5,1.3,2.0,>,$M
56001,E2E Full Test Corporation 1769028779 - Datacenter East,2024-03-01,P5-KPI3,Expansion Pipeline,P5,1.34,2.0,>,$M
56001,E2E Full Test Corporation 1769028779 - Datacenter East,2024-03-31,P5-KPI3,Expansion Pipeline,P5,1.32,2.0,>,$M
56001,E2E Full Test Corporation 1769028779 - Datacenter East,2024-04-30,P5-KPI3,Expansion Pipeline,P5,1.38,2.0,>,$M
56001,E2E Full Test Corporation 1769028779 - Datacenter East,2024-05-30,P5-KPI3,Expansion Pipeline,P5,1.39,2.0,>,$M
56001,E2E Full Test Corporation 1769028779 - Datacenter East,2024-06-29,P5-KPI3,Expansion Pipeline,P5,1.5,2.0,>,$M
56001,E2E Full Test Corporation 1769028779 - Datacenter East,2024-07-29,P5-KPI3,Expansion Pipeline,P5,1.58,2.0,>,$M
56001,E2E Full Test Corporation 1769028779 - Datacenter East,2024-08-28,P5-KPI3,Expansion Pipeline,P5,1.53,2.0,>,$M
56001,E2E Full Test Corporation 1769028779 - Datacenter East,2024-09-27,P5-KPI3,Expansion Pipeline,P5,1.6,2.0,>,$M
56001,E2E Full Test Corporation 1769028779 - Datacenter East,2024-10-27,P5-KPI3,Expansion Pipeline,P5,1.52,2.0,>,$M
56001,E2E Full Test Corporation 1769028779 - Datacenter East,2024-11-26,P5-KPI3,Expansion Pipeline,P5,1.81,2.0,>,$M
56001,E2E Full Test Corporation 1769028779 - Datacenter East,2024-01-01,P5-KPI4,Reference Willingness,P5,3.08,4.0,>,score
56001,E2E Full Test Corporation 1769028779 - Datacenter East,2024-01-31,P5-KPI4,Reference Willingness,P5,3.17,4.0,>,score
56001,E2E Full Test Corporation 1769028779 - Datacenter East,2024-03-01,P5-KPI4,Reference Willingness,P5,3.02,4.0,>,score
56001,E2E Full Test Corporation 1769028779 - Datacenter East,2024-03-31,P5-KPI4,Reference Willingness,P5,3.12,4.0,>,score
56001,E2E Full Test Corporation 1769028779 - Datacenter East,2024-04-30,P5-KPI4,Reference Willingness,P5,3.19,4.0,>,score
56001,E2E Full Test Corporation 1769028779 - Datacenter East,2024-05-30,P5-KPI4,Reference Willingness,P5,3.18,4.0,>,score
56001,E2E Full Test Corporation 1769028779 - Datacenter East,2024-06-29,P5-KPI4,Reference Willingness,P5,3.47,4.0,>,score
56001,E2E Full Test Corporation 1769028779 - Datacenter East,2024-07-29,P5-KPI4,Reference Willingness,P5,3.25,4.0,>,score
56001,E2E Full Test Corporation 1769028779 - Datacenter East,2024-08-28,P5-KPI4,Reference Willingness,P5,3.47,4.0,>,score
56001,E2E Full Test Corporation 1769028779 - Datacenter East,2024-09-27,P5-KPI4,Reference Willingness,P5,3.45,4.0,>,score
56001,E2E Full Test Corporation 1769028779 - Datacenter East,2024-10-27,P5-KPI4,Reference Willingness,P5,3.55,4.0,>,score
56001,E2E Full Test Corporation 1769028779 - Datacenter East,2024-11-26,P5-KPI4,Reference Willingness,P5,3.76,4.0,>,score
56001,E2E Full Test Corporation 1769028779 - Datacenter East,2024-01-01,P5-KPI5,Strategic Alignment,P5,75.18,85.0,>,score
56001,E2E Full Test Corporation 1769028779 - Datacenter East,2024-01-31,P5-KPI5,Strategic Alignment,P5,70.4,85.0,>,score
56001,E2E Full Test Corporation 1769028779 - Datacenter East,2024-03-01,P5-KPI5,Strategic Alignment,P5,72.75,85.0,>,score
56001,E2E Full Test Corporation 1769028779 - Datacenter East,2024-03-31,P5-KPI5,Strategic Alignment,P5,74.3,85.0,>,score
56001,E2E Full Test Corporation 1769028779 - Datacenter East,2024-04-30,P5-KPI5,Strategic Alignment,P5,75.78,85.0,>,score
56001,E2E Full Test Corporation 1769028779 - Datacenter East,2024-05-30,P5-KPI5,Strategic Alignment,P5,70.57,85.0,>,score
56001,E2E Full Test Corporation 1769028779 - Datacenter East,2024-06-29,P5-KPI5,Strategic Alignment,P5,81.07,85.0,>,score
56001,E2E Full Test Corporation 1769028779 - Datacenter East,2024-07-29,P5-KPI5,Strategic Alignment,P5,74.28,85.0,>,score
56001,E2E Full Test Corporation 1769028779 - Datacenter East,2024-08-28,P5-KPI5,Strategic Alignment,P5,73.77,85.0,>,score
56001,E2E Full Test Corporation 1769028779 - Datacenter East,2024-09-27,P5-KPI5,Strategic Alignment,P5,74.61,85.0,>,score
56001,E2E Full Test Corporation 1769028779 - Datacenter East,2024-10-27,P5-KPI5,Strategic Alignment,P5,73.96,85.0,>,score
56001,E2E Full Test Corporation 1769028779 - Datacenter East,2024-11-26,P5-KPI5,Strategic Alignment,P5,80.64,85.0,>,score
56001,E2E Full Test Corporation 1769028779 - Datacenter East,2024-01-01,P5-KPI6,Partnership Depth,P5,69.13,80.0,>,score
56001,E2E Full Test Corporation 1769028779 - Datacenter East,2024-01-31,P5-KPI6,Partnership Depth,P5,68.07,80.0,>,score
56001,E2E Full Test Corporation 1769028779 - Datacenter East,2024-03-01,P5-KPI6,Partnership Depth,P5,66.49,80.0,>,score
56001,E2E Full Test Corporation 1769028779 - Datacenter East,2024-03-31,P5-KPI6,Partnership Depth,P5,64.83,80.0,>,score
56001,E2E Full Test Corporation 1769028779 - Datacenter East,2024-04-30,P5-KPI6,Partnership Depth,P5,64.01,80.0,>,score
56001,E2E Full Test Corporation 1769028779 - Datacenter East,2024-05-30,P5-KPI6,Partnership Depth,P5,68.13,80.0,>,score
56001,E2E Full Test Corporation 1769028779 - Datacenter East,2024-06-29,P5-KPI6,Partnership Depth,P5,69.54,80.0,>,score
56001,E2E Full Test Corporation 1769028779 - Datacenter East,2024-07-29,P5-KPI6,Partnership Depth,P5,72.39,80.0,>,score
56001,E2E Full Test Corporation 1769028779 - Datacenter East,2024-08-28,P5-KPI6,Partnership Depth,P5,70.0,80.0,>,score
56001,E2E Full Test Corporation 1769028779 - Datacenter East,2024-09-27,P5-KPI6,Partnership Depth,P5,68.06,80.0,>,score
56001,E2E Full Test Corporation 1769028779 - Datacenter East,2024-10-27,P5-KPI6,Partnership Depth,P5,71.39,80.0,>,score
56001,E2E Full Test Corporation 1769028779 - Datacenter East,2024-11-26,P5-KPI6,Partnership Depth,P5,76.18,80.0,>,score
56001,E2E Full Test Corporation 1769028779 - Datacenter East,2024-01-01,P5-KPI7,NPS Score,P5,55.02,70.0,>,score
56001,E2E Full Test Corporation 1769028779 - Datacenter East,2024-01-31,P5-KPI7,NPS Score,P5,58.99,70.0,>,score
56001,E2E Full Test Corporation 1769028779 - Datacenter East,2024-03-01,P5-KPI7,NPS Score,P5,58.84,70.0,>,score
56001,E2E Full Test Corporation 1769028779 - Datacenter East,2024-03-31,P5-KPI7,NPS Score,P5,58.88,70.0,>,score
56001,E2E Full Test Corporation 1769028779 - Datacenter East,2024-04-30,P5-KPI7,NPS Score,P5,56.58,70.0,>,score
56001,E2E Full Test Corporation 1769028779 - Datacenter East,2024-05-30,P5-KPI7,NPS Score,P5,58.37,70.0,>,score
56001,E2E Full Test Corporation 1769028779 - Datacenter East,2024-06-29,P5-KPI7,NPS Score,P5,61.97,70.0,>,score
56001,E2E Full Test Corporation 1769028779 - Datacenter East,2024-07-29,P5-KPI7,NPS Score,P5,59.56,70.0,>,score
56001,E2E Full Test Corporation 1769028779 - Datacenter East,2024-08-28,P5-KPI7,NPS Score,P5,64.0,70.0,>,score
56001,E2E Full Test Corporation 1769028779 - Datacenter East,2024-09-27,P5-KPI7,NPS Score,P5,63.43,70.0,>,score
56001,E2E Full Test Corporation 1769028779 - Datacenter East,2024-10-27,P5-KPI7,NPS Score,P5,61.23,70.0,>,score
56001,E2E Full Test Corporation 1769028779 - Datacenter East,2024-11-26,P5-KPI7,NPS Score,P5,65.39,70.0,>,score
56002,E2E Full Test Corporation 1769028779 - Cloud Ops,2024-01-01,P1-KPI1,System Uptime,P1,98.0,99.9,>,%
56002,E2E Full Test Corporation 1769028779 - Cloud Ops,2024-01-31,P1-KPI1,System Uptime,P1,98.24,99.9,>,%
56002,E2E Full Test Corporation 1769028779 - Cloud Ops,2024-03-01,P1-KPI1,System Uptime,P1,98.85,99.9,>,%
56002,E2E Full Test Corporation 1769028779 - Cloud Ops,2024-03-31,P1-KPI1,System Uptime,P1,100.0,99.9,>,%
56002,E2E Full Test Corporation 1769028779 - Cloud Ops,2024-04-30,P1-KPI1,System Uptime,P1,100.0,99.9,>,%
56002,E2E Full Test Corporation 1769028779 - Cloud Ops,2024-05-30,P1-KPI1,System Uptime,P1,100.0,99.9,>,%
56002,E2E Full Test Corporation 1769028779 - Cloud Ops,2024-06-29,P1-KPI1,System Uptime,P1,100.0,99.9,>,%
56002,E2E Full Test Corporation 1769028779 - Cloud Ops,2024-07-29,P1-KPI1,System Uptime,P1,98.07,99.9,>,%
56002,E2E Full Test Corporation 1769028779 - Cloud Ops,2024-08-28,P1-KPI1,System Uptime,P1,100.0,99.9,>,%
56002,E2E Full Test Corporation 1769028779 - Cloud Ops,2024-09-27,P1-KPI1,System Uptime,P1,98.0,99.9,>,%
56002,E2E Full Test Corporation 1769028779 - Cloud Ops,2024-10-27,P1-KPI1,System Uptime,P1,100.0,99.9,>,%
56002,E2E Full Test Corporation 1769028779 - Cloud Ops,2024-11-26,P1-KPI1,System Uptime,P1,100.0,99.9,>,%
56002,E2E Full Test Corporation 1769028779 - Cloud Ops,2024-01-01,P1-KPI2,Mean Time to Resolution,P1,3.01,2.0,<,hours
56002,E2E Full Test Corporation 1769028779 - Cloud Ops,2024-01-31,P1-KPI2,Mean Time to Resolution,P1,2.8,2.0,<,hours
56002,E2E Full Test Corporation 1769028779 - Cloud Ops,2024-03-01,P1-KPI2,Mean Time to Resolution,P1,2.9,2.0,<,hours
56002,E2E Full Test Corporation 1769028779 - Cloud Ops,2024-03-31,P1-KPI2,Mean Time to Resolution,P1,3.85,2.0,<,hours
56002,E2E Full Test Corporation 1769028779 - Cloud Ops,2024-04-30,P1-KPI2,Mean Time to Resolution,P1,3.92,2.0,<,hours
56002,E2E Full Test Corporation 1769028779 - Cloud Ops,2024-05-30,P1-KPI2,Mean Time to Resolution,P1,3.89,2.0,<,hours
56002,E2E Full Test Corporation 1769028779 - Cloud Ops,2024-06-29,P1-KPI2,Mean Time to Resolution,P1,3.74,2.0,<,hours
56002,E2E Full Test Corporation 1769028779 - Cloud Ops,2024-07-29,P1-KPI2,Mean Time to Resolution,P1,3.92,2.0,<,hours
56002,E2E Full Test Corporation 1769028779 - Cloud Ops,2024-08-28,P1-KPI2,Mean Time to Resolution,P1,3.68,2.0,<,hours
56002,E2E Full Test Corporation 1769028779 - Cloud Ops,2024-09-27,P1-KPI2,Mean Time to Resolution,P1,4.6,2.0,<,hours
56002,E2E Full Test Corporation 1769028779 - Cloud Ops,2024-10-27,P1-KPI2,Mean Time to Resolution,P1,4.68,2.0,<,hours
56002,E2E Full Test Corporation 1769028779 - Cloud Ops,2024-11-26,P1-KPI2,Mean Time to Resolution,P1,4.86,2.0,<,hours
56002,E2E Full Test Corporation 1769028779 - Cloud Ops,2024-01-01,P1-KPI3,GPU Utilization,P1,78.22,85.0,>,%
56002,E2E Full Test Corporation 1769028779 - Cloud Ops,2024-01-31,P1-KPI3,GPU Utilization,P1,83.9,85.0,>,%
56002,E2E Full Test Corporation 1769028779 - Cloud Ops,2024-03-01,P1-KPI3,GPU Utilization,P1,84.86,85.0,>,%
56002,E2E Full Test Corporation 1769028779 - Cloud Ops,2024-03-31,P1-KPI3,GPU Utilization,P1,80.94,85.0,>,%
56002,E2E Full Test Corporation 1769028779 - Cloud Ops,2024-04-30,P1-KPI3,GPU Utilization,P1,80.19,85.0,>,%
56002,E2E Full Test Corporation 1769028779 - Cloud Ops,2024-05-30,P1-KPI3,GPU Utilization,P1,77.37,85.0,>,%
56002,E2E Full Test Corporation 1769028779 - Cloud Ops,2024-06-29,P1-KPI3,GPU Utilization,P1,74.41,85.0,>,%
56002,E2E Full Test Corporation 1769028779 - Cloud Ops,2024-07-29,P1-KPI3,GPU Utilization,P1,77.63,85.0,>,%
56002,E2E Full Test Corporation 1769028779 - Cloud Ops,2024-08-28,P1-KPI3,GPU Utilization,P1,77.48,85.0,>,%
56002,E2E Full Test Corporation 1769028779 - Cloud Ops,2024-09-27,P1-KPI3,GPU Utilization,P1,71.92,85.0,>,%
56002,E2E Full Test Corporation 1769028779 - Cloud Ops,2024-10-27,P1-KPI3,GPU Utilization,P1,71.71,85.0,>,%
56002,E2E Full Test Corporation 1769028779 - Cloud Ops,2024-11-26,P1-KPI3,GPU Utilization,P1,71.71,85.0,>,%
56002,E2E Full Test Corporation 1769028779 - Cloud Ops,2024-01-01,P1-KPI4,Network Latency,P1,16.67,10.0,<,ms
56002,E2E Full Test Corporation 1769028779 - Cloud Ops,2024-01-31,P1-KPI4,Network Latency,P1,16.43,10.0,<,ms
56002,E2E Full Test Corporation 1769028779 - Cloud Ops,2024-03-01,P1-KPI4,Network Latency,P1,15.41,10.0,<,ms
56002,E2E Full Test Corporation 1769028779 - Cloud Ops,2024-03-31,P1-KPI4,Network Latency,P1,22.16,10.0,<,ms
56002,E2E Full Test Corporation 1769028779 - Cloud Ops,2024-04-30,P1-KPI4,Network Latency,P1,22.85,10.0,<,ms
56002,E2E Full Test Corporation 1769028779 - Cloud Ops,2024-05-30,P1-KPI4,Network Latency,P1,22.48,10.0,<,ms
56002,E2E Full Test Corporation 1769028779 - Cloud Ops,2024-06-29,P1-KPI4,Network Latency,P1,21.18,10.0,<,ms
56002,E2E Full Test Corporation 1769028779 - Cloud Ops,2024-07-29,P1-KPI4,Network Latency,P1,21.97,10.0,<,ms
56002,E2E Full Test Corporation 1769028779 - Cloud Ops,2024-08-28,P1-KPI4,Network Latency,P1,21.36,10.0,<,ms
56002,E2E Full Test Corporation 1769028779 - Cloud Ops,2024-09-27,P1-KPI4,Network Latency,P1,27.97,10.0,<,ms
56002,E2E Full Test Corporation 1769028779 - Cloud Ops,2024-10-27,P1-KPI4,Network Latency,P1,28.92,10.0,<,ms
56002,E2E Full Test Corporation 1769028779 - Cloud Ops,2024-11-26,P1-KPI4,Network Latency,P1,26.68,10.0,<,ms
56002,E2E Full Test Corporation 1769028779 - Cloud Ops,2024-01-01,P1-KPI5,Storage Performance,P1,92023.27,100000.0,>,IOPS
56002,E2E Full Test Corporation 1769028779 - Cloud Ops,2024-01-31,P1-KPI5,Storage Performance,P1,87916.61,100000.0,>,IOPS
56002,E2E Full Test Corporation 1769028779 - Cloud Ops,2024-03-01,P1-KPI5,Storage Performance,P1,90813.14,100000.0,>,IOPS
56002,E2E Full Test Corporation 1769028779 - Cloud Ops,2024-03-31,P1-KPI5,Storage Performance,P1,81017.56,100000.0,>,IOPS
56002,E2E Full Test Corporation 1769028779 - Cloud Ops,2024-04-30,P1-KPI5,Storage Performance,P1,85004.61,100000.0,>,IOPS
56002,E2E Full Test Corporation 1769028779 - Cloud Ops,2024-05-30,P1-KPI5,Storage Performance,P1,87618.05,100000.0,>,IOPS
56002,E2E Full Test Corporation 1769028779 - Cloud Ops,2024-06-29,P1-KPI5,Storage Performance,P1,86312.75,100000.0,>,IOPS
56002,E2E Full Test Corporation 1769028779 - Cloud Ops,2024-07-29,P1-KPI5,Storage Performance,P1,81433.56,100000.0,>,IOPS
56002,E2E Full Test Corporation 1769028779 - Cloud Ops,2024-08-28,P1-KPI5,Storage Performance,P1,87011.8,100000.0,>,IOPS
56002,E2E Full Test Corporation 1769028779 - Cloud Ops,2024-09-27,P1-KPI5,Storage Performance,P1,75707.38,100000.0,>,IOPS
56002,E2E Full Test Corporation 1769028779 - Cloud Ops,2024-10-27,P1-KPI5,Storage Performance,P1,74262.4,100000.0,>,IOPS
56002,E2E Full Test Corporation 1769028779 - Cloud Ops,2024-11-26,P1-KPI5,Storage Performance,P1,77065.9,100000.0,>,IOPS
56002,E2E Full Test Corporation 1769028779 - Cloud Ops,2024-01-01,P1-KPI6,Cooling Efficiency,P1,1.34,1.3,<,PUE
56002,E2E Full Test Corporation 1769028779 - Cloud Ops,2024-01-31,P1-KPI6,Cooling Efficiency,P1,1.32,1.3,<,PUE
56002,E2E Full Test Corporation 1769028779 - Cloud Ops,2024-03-01,P1-KPI6,Cooling Efficiency,P1,1.35,1.3,<,PUE
56002,E2E Full Test Corporation 1769028779 - Cloud Ops,2024-03-31,P1-KPI6,Cooling Efficiency,P1,1.44,1.3,<,PUE
56002,E2E Full Test Corporation 1769028779 - Cloud Ops,2024-04-30,P1-KPI6,Cooling Efficiency,P1,1.47,1.3,<,PUE
56002,E2E Full Test Corporation 1769028779 - Cloud Ops,2024-05-30,P1-KPI6,Cooling Efficiency,P1,1.45,1.3,<,PUE
56002,E2E Full Test Corporation 1769028779 - Cloud Ops,2024-06-29,P1-KPI6,Cooling Efficiency,P1,1.5,1.3,<,PUE
56002,E2E Full Test Corporation 1769028779 - Cloud Ops,2024-07-29,P1-KPI6,Cooling Efficiency,P1,1.52,1.3,<,PUE
56002,E2E Full Test Corporation 1769028779 - Cloud Ops,2024-08-28,P1-KPI6,Cooling Efficiency,P1,1.41,1.3,<,PUE
56002,E2E Full Test Corporation 1769028779 - Cloud Ops,2024-09-27,P1-KPI6,Cooling Efficiency,P1,1.54,1.3,<,PUE
56002,E2E Full Test Corporation 1769028779 - Cloud Ops,2024-10-27,P1-KPI6,Cooling Efficiency,P1,1.45,1.3,<,PUE
56002,E2E Full Test Corporation 1769028779 - Cloud Ops,2024-11-26,P1-KPI6,Cooling Efficiency,P1,1.6,1.3,<,PUE
56002,E2E Full Test Corporation 1769028779 - Cloud Ops,2024-01-01,P1-KPI7,Power Usage,P1,527.77,500.0,<,kW
56002,E2E Full Test Corporation 1769028779 - Cloud Ops,2024-01-31,P1-KPI7,Power Usage,P1,547.08,500.0,<,kW
56002,E2E Full Test Corporation 1769028779 - Cloud Ops,2024-03-01,P1-KPI7,Power Usage,P1,557.93,500.0,<,kW
56002,E2E Full Test Corporation 1769028779 - Cloud Ops,2024-03-31,P1-KPI7,Power Usage,P1,597.33,500.0,<,kW
56002,E2E Full Test Corporation 1769028779 - Cloud Ops,2024-04-30,P1-KPI7,Power Usage,P1,592.8,500.0,<,kW
56002,E2E Full Test Corporation 1769028779 - Cloud Ops,2024-05-30,P1-KPI7,Power Usage,P1,561.57,500.0,<,kW
56002,E2E Full Test Corporation 1769028779 - Cloud Ops,2024-06-29,P1-KPI7,Power Usage,P1,615.78,500.0,<,kW
56002,E2E Full Test Corporation 1769028779 - Cloud Ops,2024-07-29,P1-KPI7,Power Usage,P1,607.35,500.0,<,kW
56002,E2E Full Test Corporation 1769028779 - Cloud Ops,2024-08-28,P1-KPI7,Power Usage,P1,582.22,500.0,<,kW
56002,E2E Full Test Corporation 1769028779 - Cloud Ops,2024-09-27,P1-KPI7,Power Usage,P1,606.8,500.0,<,kW
56002,E2E Full Test Corporation 1769028779 - Cloud Ops,2024-10-27,P1-KPI7,Power Usage,P1,621.6,500.0,<,kW
56002,E2E Full Test Corporation 1769028779 - Cloud Ops,2024-11-26,P1-KPI7,Power Usage,P1,636.1,500.0,<,kW
56002,E2E Full Test Corporation 1769028779 - Cloud Ops,2024-01-01,P1-KPI8,Thermal Management,P1,25.97,25.0,<,°C
56002,E2E Full Test Corporation 1769028779 - Cloud Ops,2024-01-31,P1-KPI8,Thermal Management,P1,26.09,25.0,<,°C
56002,E2E Full Test Corporation 1769028779 - Cloud Ops,2024-03-01,P1-KPI8,Thermal Management,P1,26.37,25.0,<,°C
56002,E2E Full Test Corporation 1769028779 - Cloud Ops,2024-03-31,P1-KPI8,Thermal Management,P1,26.81,25.0,<,°C
56002,E2E Full Test Corporation 1769028779 - Cloud Ops,2024-04-30,P1-KPI8,Thermal Management,P1,26.67,25.0,<,°C
56002,E2E Full Test Corporation 1769028779 - Cloud Ops,2024-05-30,P1-KPI8,Thermal Management,P1,27.97,25.0,<,°C
56002,E2E Full Test Corporation 1769028779 - Cloud Ops,2024-06-29,P1-KPI8,Thermal Management,P1,29.38,25.0,<,°C
56002,E2E Full Test Corporation 1769028779 - Cloud Ops,2024-07-29,P1-KPI8,Thermal Management,P1,28.57,25.0,<,°C
56002,E2E Full Test Corporation 1769028779 - Cloud Ops,2024-08-28,P1-KPI8,Thermal Management,P1,27.05,25.0,<,°C
56002,E2E Full Test Corporation 1769028779 - Cloud Ops,2024-09-27,P1-KPI8,Thermal Management,P1,29.94,25.0,<,°C
56002,E2E Full Test Corporation 1769028779 - Cloud Ops,2024-10-27,P1-KPI8,Thermal Management,P1,28.31,25.0,<,°C
56002,E2E Full Test Corporation 1769028779 - Cloud Ops,2024-11-26,P1-KPI8,Thermal Management,P1,30.89,25.0,<,°C
56002,E2E Full Test Corporation 1769028779 - Cloud Ops,2024-01-01,P2-KPI1,SLA Compliance,P2,100.0,99.0,>,%
56002,E2E Full Test Corporation 1769028779 - Cloud Ops,2024-01-31,P2-KPI1,SLA Compliance,P2,96.0,99.0,>,%
56002,E2E Full Test Corporation 1769028779 - Cloud Ops,2024-03-01,P2-KPI1,SLA Compliance,P2,97.95,99.0,>,%
56002,E2E Full Test Corporation 1769028779 - Cloud Ops,2024-03-31,P2-KPI1,SLA Compliance,P2,96.32,99.0,>,%
56002,E2E Full Test Corporation 1769028779 - Cloud Ops,2024-04-30,P2-KPI1,SLA Compliance,P2,96.04,99.0,>,%
56002,E2E Full Test Corporation 1769028779 - Cloud Ops,2024-05-30,P2-KPI1,SLA Compliance,P2,100.0,99.0,>,%
56002,E2E Full Test Corporation 1769028779 - Cloud Ops,2024-06-29,P2-KPI1,SLA Compliance,P2,100.0,99.0,>,%
56002,E2E Full Test Corporation 1769028779 - Cloud Ops,2024-07-29,P2-KPI1,SLA Compliance,P2,95.0,99.0,>,%
56002,E2E Full Test Corporation 1769028779 - Cloud Ops,2024-08-28,P2-KPI1,SLA Compliance,P2,97.6,99.0,>,%
56002,E2E Full Test Corporation 1769028779 - Cloud Ops,2024-09-27,P2-KPI1,SLA Compliance,P2,95.07,99.0,>,%
56002,E2E Full Test Corporation 1769028779 - Cloud Ops,2024-10-27,P2-KPI1,SLA Compliance,P2,97.31,99.0,>,%
56002,E2E Full Test Corporation 1769028779 - Cloud Ops,2024-11-26,P2-KPI1,SLA Compliance,P2,96.2,99.0,>,%
56002,E2E Full Test Corporation 1769028779 - Cloud Ops,2024-01-01,P2-KPI2,Incident Response Time,P2,22.09,15.0,<,minutes
56002,E2E Full Test Corporation 1769028779 - Cloud Ops,2024-01-31,P2-KPI2,Incident Response Time,P2,21.18,15.0,<,minutes
56002,E2E Full Test Corporation 1769028779 - Cloud Ops,2024-03-01,P2-KPI2,Incident Response Time,P2,21.67,15.0,<,minutes
56002,E2E Full Test Corporation 1769028779 - Cloud Ops,2024-03-31,P2-KPI2,Incident Response Time,P2,29.65,15.0,<,minutes
56002,E2E Full Test Corporation 1769028779 - Cloud Ops,2024-04-30,P2-KPI2,Incident Response Time,P2,29.55,15.0,<,minutes
56002,E2E Full Test Corporation 1769028779 - Cloud Ops,2024-05-30,P2-KPI2,Incident Response Time,P2,29.7,15.0,<,minutes
56002,E2E Full Test Corporation 1769028779 - Cloud Ops,2024-06-29,P2-KPI2,Incident Response Time,P2,27.5,15.0,<,minutes
56002,E2E Full Test Corporation 1769028779 - Cloud Ops,2024-07-29,P2-KPI2,Incident Response Time,P2,27.22,15.0,<,minutes
56002,E2E Full Test Corporation 1769028779 - Cloud Ops,2024-08-28,P2-KPI2,Incident Response Time,P2,27.83,15.0,<,minutes
56002,E2E Full Test Corporation 1769028779 - Cloud Ops,2024-09-27,P2-KPI2,Incident Response Time,P2,34.46,15.0,<,minutes
56002,E2E Full Test Corporation 1769028779 - Cloud Ops,2024-10-27,P2-KPI2,Incident Response Time,P2,35.34,15.0,<,minutes
56002,E2E Full Test Corporation 1769028779 - Cloud Ops,2024-11-26,P2-KPI2,Incident Response Time,P2,33.96,15.0,<,minutes
56002,E2E Full Test Corporation 1769028779 - Cloud Ops,2024-01-01,P2-KPI3,Change Success Rate,P2,92.95,98.0,>,%
56002,E2E Full Test Corporation 1769028779 - Cloud Ops,2024-01-31,P2-KPI3,Change Success Rate,P2,100.0,98.0,>,%
56002,E2E Full Test Corporation 1769028779 - Cloud Ops,2024-03-01,P2-KPI3,Change Success Rate,P2,100.0,98.0,>,%
56002,E2E Full Test Corporation 1769028779 - Cloud Ops,2024-03-31,P2-KPI3,Change Success Rate,P2,95.95,98.0,>,%
56002,E2E Full Test Corporation 1769028779 - Cloud Ops,2024-04-30,P2-KPI3,Change Success Rate,P2,97.23,98.0,>,%
56002,E2E Full Test Corporation 1769028779 - Cloud Ops,2024-05-30,P2-KPI3,Change Success Rate,P2,99.24,98.0,>,%
56002,E2E Full Test Corporation 1769028779 - Cloud Ops,2024-06-29,P2-KPI3,Change Success Rate,P2,94.92,98.0,>,%
56002,E2E Full Test Corporation 1769028779 - Cloud Ops,2024-07-29,P2-KPI3,Change Success Rate,P2,98.07,98.0,>,%
56002,E2E Full Test Corporation 1769028779 - Cloud Ops,2024-08-28,P2-KPI3,Change Success Rate,P2,94.26,98.0,>,%
56002,E2E Full Test Corporation 1769028779 - Cloud Ops,2024-09-27,P2-KPI3,Change Success Rate,P2,91.04,98.0,>,%
56002,E2E Full Test Corporation 1769028779 - Cloud Ops,2024-10-27,P2-KPI3,Change Success Rate,P2,98.04,98.0,>,%
56002,E2E Full Test Corporation 1769028779 - Cloud Ops,2024-11-26,P2-KPI3,Change Success Rate,P2,96.33,98.0,>,%
56002,E2E Full Test Corporation 1769028779 - Cloud Ops,2024-01-01,P2-KPI4,Backup Success Rate,P2,95.0,100.0,>,%
56002,E2E Full Test Corporation 1769028779 - Cloud Ops,2024-01-31,P2-KPI4,Backup Success Rate,P2,100.0,100.0,>,%
56002,E2E Full Test Corporation 1769028779 - Cloud Ops,2024-03-01,P2-KPI4,Backup Success Rate,P2,100.0,100.0,>,%
56002,E2E Full Test Corporation 1769028779 - Cloud Ops,2024-03-31,P2-KPI4,Backup Success Rate,P2,97.13,100.0,>,%
56002,E2E Full Test Corporation 1769028779 - Cloud Ops,2024-04-30,P2-KPI4,Backup Success Rate,P2,98.0,100.0,>,%
56002,E2E Full Test Corporation 1769028779 - Cloud Ops,2024-05-30,P2-KPI4,Backup Success Rate,P2,100.0,100.0,>,%
56002,E2E Full Test Corporation 1769028779 - Cloud Ops,2024-06-29,P2-KPI4,Backup Success Rate,P2,100.0,100.0,>,%
56002,E2E Full Test Corporation 1769028779 - Cloud Ops,2024-07-29,P2-KPI4,Backup Success Rate,P2,100.0,100.0,>,%
56002,E2E Full Test Corporation 1769028779 - Cloud Ops,2024-08-28,P2-KPI4,Backup Success Rate,P2,98.99,100.0,>,%
56002,E2E Full Test Corporation 1769028779 - Cloud Ops,2024-09-27,P2-KPI4,Backup Success Rate,P2,96.16,100.0,>,%
56002,E2E Full Test Corporation 1769028779 - Cloud Ops,2024-10-27,P2-KPI4,Backup Success Rate,P2,99.25,100.0,>,%
56002,E2E Full Test Corporation 1769028779 - Cloud Ops,2024-11-26,P2-KPI4,Backup Success Rate,P2,95.0,100.0,>,%
56002,E2E Full Test Corporation 1769028779 - Cloud Ops,2024-01-01,P2-KPI5,Patch Compliance,P2,95.13,95.0,>,%
56002,E2E Full Test Corporation 1769028779 - Cloud Ops,2024-01-31,P2-KPI5,Patch Compliance,P2,90.49,95.0,>,%
56002,E2E Full Test Corporation 1769028779 - Cloud Ops,2024-03-01,P2-KPI5,Patch Compliance,P2,90.39,95.0,>,%
56002,E2E Full Test Corporation 1769028779 - Cloud Ops,2024-03-31,P2-KPI5,Patch Compliance,P2,90.31,95.0,>,%
56002,E2E Full Test Corporation 1769028779 - Cloud Ops,2024-04-30,P2-KPI5,Patch Compliance,P2,88.24,95.0,>,%
56002,E2E Full Test Corporation 1769028779 - Cloud Ops,2024-05-30,P2-KPI5,Patch Compliance,P2,88.86,95.0,>,%
56002,E2E Full Test Corporation 1769028779 - Cloud Ops,2024-06-29,P2-KPI5,Patch Compliance,P2,86.71,95.0,>,%
56002,E2E Full Test Corporation 1769028779 - Cloud Ops,2024-07-29,P2-KPI5,Patch Compliance,P2,90.52,95.0,>,%
56002,E2E Full Test Corporation 1769028779 - Cloud Ops,2024-08-28,P2-KPI5,Patch Compliance,P2,92.38,95.0,>,%
56002,E2E Full Test Corporation 1769028779 - Cloud Ops,2024-09-27,P2-KPI5,Patch Compliance,P2,86.06,95.0,>,%
56002,E2E Full Test Corporation 1769028779 - Cloud Ops,2024-10-27,P2-KPI5,Patch Compliance,P2,86.61,95.0,>,%
56002,E2E Full Test Corporation 1769028779 - Cloud Ops,2024-11-26,P2-KPI5,Patch Compliance,P2,87.74,95.0,>,%
56002,E2E Full Test Corporation 1769028779 - Cloud Ops,2024-01-01,P2-KPI6,Service Request Fulfillment,P2,3.86,3.0,<,days
56002,E2E Full Test Corporation 1769028779 - Cloud Ops,2024-01-31,P2-KPI6,Service Request Fulfillment,P2,4.04,3.0,<,days
56002,E2E Full Test Corporation 1769028779 - Cloud Ops,2024-03-01,P2-KPI6,Service Request Fulfillment,P2,3.86,3.0,<,days
56002,E2E Full Test Corporation 1769028779 - Cloud Ops,2024-03-31,P2-KPI6,Service Request Fulfillment,P2,4.99,3.0,<,days
56002,E2E Full Test Corporation 1769028779 - Cloud Ops,2024-04-30,P2-KPI6,Service Request Fulfillment,P2,5.14,3.0,<,days
56002,E2E Full Test Corporation 1769028779 - Cloud Ops,2024-05-30,P2-KPI6,Service Request Fulfillment,P2,5.14,3.0,<,days
56002,E2E Full Test Corporation 1769028779 - Cloud Ops,2024-06-29,P2-KPI6,Service Request Fulfillment,P2,5.09,3.0,<,days
56002,E2E Full Test Corporation 1769028779 - Cloud Ops,2024-07-29,P2-KPI6,Service Request Fulfillment,P2,5.3,3.0,<,days
56002,E2E Full Test Corporation 1769028779 - Cloud Ops,2024-08-28,P2-KPI6,Service Request Fulfillment,P2,5.02,3.0,<,days
56002,E2E Full Test Corporation 1769028779 - Cloud Ops,2024-09-27,P2-KPI6,Service Request Fulfillment,P2,6.23,3.0,<,days
56002,E2E Full Test Corporation 1769028779 - Cloud Ops,2024-10-27,P2-KPI6,Service Request Fulfillment,P2,6.25,3.0,<,days
56002,E2E Full Test Corporation 1769028779 - Cloud Ops,2024-11-26,P2-KPI6,Service Request Fulfillment,P2,6.45,3.0,<,days
56002,E2E Full Test Corporation 1769028779 - Cloud Ops,2024-01-01,P2-KPI7,Capacity Planning Accuracy,P2,85.03,90.0,>,%
56002,E2E Full Test Corporation 1769028779 - Cloud Ops,2024-01-31,P2-KPI7,Capacity Planning Accuracy,P2,84.88,90.0,>,%
56002,E2E Full Test Corporation 1769028779 - Cloud Ops,2024-03-01,P2-KPI7,Capacity Planning Accuracy,P2,88.55,90.0,>,%
56002,E2E Full Test Corporation 1769028779 - Cloud Ops,2024-03-31,P2-KPI7,Capacity Planning Accuracy,P2,84.72,90.0,>,%
56002,E2E Full Test Corporation 1769028779 - Cloud Ops,2024-04-30,P2-KPI7,Capacity Planning Accuracy,P2,87.9,90.0,>,%
56002,E2E Full Test Corporation 1769028779 - Cloud Ops,2024-05-30,P2-KPI7,Capacity Planning Accuracy,P2,83.08,90.0,>,%
56002,E2E Full Test Corporation 1769028779 - Cloud Ops,2024-06-29,P2-KPI7,Capacity Planning Accuracy,P2,86.56,90.0,>,%
56002,E2E Full Test Corporation 1769028779 - Cloud Ops,2024-07-29,P2-KPI7,Capacity Planning Accuracy,P2,85.21,90.0,>,%
56002,E2E Full Test Corporation 1769028779 - Cloud Ops,2024-08-28,P2-KPI7,Capacity Planning Accuracy,P2,86.5,90.0,>,%
56002,E2E Full Test Corporation 1769028779 - Cloud Ops,2024-09-27,P2-KPI7,Capacity Planning Accuracy,P2,84.14,90.0,>,%
56002,E2E Full Test Corporation 1769028779 - Cloud Ops,2024-10-27,P2-KPI7,Capacity Planning Accuracy,P2,83.18,90.0,>,%
56002,E2E Full Test Corporation 1769028779 - Cloud Ops,2024-11-26,P2-KPI7,Capacity Planning Accuracy,P2,78.88,90.0,>,%
56002,E2E Full Test Corporation 1769028779 - Cloud Ops,2024-01-01,P2-KPI8,Documentation Quality,P2,83.22,85.0,>,score
56002,E2E Full Test Corporation 1769028779 - Cloud Ops,2024-01-31,P2-KPI8,Documentation Quality,P2,78.85,85.0,>,score
56002,E2E Full Test Corporation 1769028779 - Cloud Ops,2024-03-01,P2-KPI8,Documentation Quality,P2,79.06,85.0,>,score
56002,E2E Full Test Corporation 1769028779 - Cloud Ops,2024-03-31,P2-KPI8,Documentation Quality,P2,73.96,85.0,>,score
56002,E2E Full Test Corporation 1769028779 - Cloud Ops,2024-04-30,P2-KPI8,Documentation Quality,P2,79.31,85.0,>,score
56002,E2E Full Test Corporation 1769028779 - Cloud Ops,2024-05-30,P2-KPI8,Documentation Quality,P2,81.37,85.0,>,score
56002,E2E Full Test Corporation 1769028779 - Cloud Ops,2024-06-29,P2-KPI8,Documentation Quality,P2,80.19,85.0,>,score
56002,E2E Full Test Corporation 1769028779 - Cloud Ops,2024-07-29,P2-KPI8,Documentation Quality,P2,73.81,85.0,>,score
56002,E2E Full Test Corporation 1769028779 - Cloud Ops,2024-08-28,P2-KPI8,Documentation Quality,P2,81.27,85.0,>,score
56002,E2E Full Test Corporation 1769028779 - Cloud Ops,2024-09-27,P2-KPI8,Documentation Quality,P2,70.29,85.0,>,score
56002,E2E Full Test Corporation 1769028779 - Cloud Ops,2024-10-27,P2-KPI8,Documentation Quality,P2,75.69,85.0,>,score
56002,E2E Full Test Corporation 1769028779 - Cloud Ops,2024-11-26,P2-KPI8,Documentation Quality,P2,73.78,85.0,>,score
56002,E2E Full Test Corporation 1769028779 - Cloud Ops,2024-01-01,P3-KPI1,CSAT Score,P3,4.15,4.5,>,score
56002,E2E Full Test Corporation 1769028779 - Cloud Ops,2024-01-31,P3-KPI1,CSAT Score,P3,4.27,4.5,>,score
56002,E2E Full Test Corporation 1769028779 - Cloud Ops,2024-03-01,P3-KPI1,CSAT Score,P3,4.2,4.5,>,score
56002,E2E Full Test Corporation 1769028779 - Cloud Ops,2024-03-31,P3-KPI1,CSAT Score,P3,4.1,4.5,>,score
56002,E2E Full Test Corporation 1769028779 - Cloud Ops,2024-04-30,P3-KPI1,CSAT Score,P3,3.89,4.5,>,score
56002,E2E Full Test Corporation 1769028779 - Cloud Ops,2024-05-30,P3-KPI1,CSAT Score,P3,4.07,4.5,>,score
56002,E2E Full Test Corporation 1769028779 - Cloud Ops,2024-06-29,P3-KPI1,CSAT Score,P3,4.13,4.5,>,score
56002,E2E Full Test Corporation 1769028779 - Cloud Ops,2024-07-29,P3-KPI1,CSAT Score,P3,4.05,4.5,>,score
56002,E2E Full Test Corporation 1769028779 - Cloud Ops,2024-08-28,P3-KPI1,CSAT Score,P3,3.94,4.5,>,score
56002,E2E Full Test Corporation 1769028779 - Cloud Ops,2024-09-27,P3-KPI1,CSAT Score,P3,3.7,4.5,>,score
56002,E2E Full Test Corporation 1769028779 - Cloud Ops,2024-10-27,P3-KPI1,CSAT Score,P3,3.81,4.5,>,score
56002,E2E Full Test Corporation 1769028779 - Cloud Ops,2024-11-26,P3-KPI1,CSAT Score,P3,3.65,4.5,>,score
56002,E2E Full Test Corporation 1769028779 - Cloud Ops,2024-01-01,P3-KPI2,Support Ticket Volume,P3,31.68,20.0,<,tickets
56002,E2E Full Test Corporation 1769028779 - Cloud Ops,2024-01-31,P3-KPI2,Support Ticket Volume,P3,31.99,20.0,<,tickets
56002,E2E Full Test Corporation 1769028779 - Cloud Ops,2024-03-01,P3-KPI2,Support Ticket Volume,P3,31.63,20.0,<,tickets
56002,E2E Full Test Corporation 1769028779 - Cloud Ops,2024-03-31,P3-KPI2,Support Ticket Volume,P3,43.51,20.0,<,tickets
56002,E2E Full Test Corporation 1769028779 - Cloud Ops,2024-04-30,P3-KPI2,Support Ticket Volume,P3,44.7,20.0,<,tickets
56002,E2E Full Test Corporation 1769028779 - Cloud Ops,2024-05-30,P3-KPI2,Support Ticket Volume,P3,44.0,20.0,<,tickets
56002,E2E Full Test Corporation 1769028779 - Cloud Ops,2024-06-29,P3-KPI2,Support Ticket Volume,P3,44.6,20.0,<,tickets
56002,E2E Full Test Corporation 1769028779 - Cloud Ops,2024-07-29,P3-KPI2,Support Ticket Volume,P3,42.12,20.0,<,tickets
56002,E2E Full Test Corporation 1769028779 - Cloud Ops,2024-08-28,P3-KPI2,Support Ticket Volume,P3,42.7,20.0,<,tickets
56002,E2E Full Test Corporation 1769028779 - Cloud Ops,2024-09-27,P3-KPI2,Support Ticket Volume,P3,57.87,20.0,<,tickets
56002,E2E Full Test Corporation 1769028779 - Cloud Ops,2024-10-27,P3-KPI2,Support Ticket Volume,P3,57.76,20.0,<,tickets
56002,E2E Full Test Corporation 1769028779 - Cloud Ops,2024-11-26,P3-KPI2,Support Ticket Volume,P3,56.36,20.0,<,tickets
56002,E2E Full Test Corporation 1769028779 - Cloud Ops,2024-01-01,P3-KPI3,First Contact Resolution,P3,73.49,75.0,>,%
56002,E2E Full Test Corporation 1769028779 - Cloud Ops,2024-01-31,P3-KPI3,First Contact Resolution,P3,68.0,75.0,>,%
56002,E2E Full Test Corporation 1769028779 - Cloud Ops,2024-03-01,P3-KPI3,First Contact Resolution,P3,74.8,75.0,>,%
56002,E2E Full Test Corporation 1769028779 - Cloud Ops,2024-03-31,P3-KPI3,First Contact Resolution,P3,64.37,75.0,>,%
56002,E2E Full Test Corporation 1769028779 - Cloud Ops,2024-04-30,P3-KPI3,First Contact Resolution,P3,65.17,75.0,>,%
56002,E2E Full Test Corporation 1769028779 - Cloud Ops,2024-05-30,P3-KPI3,First Contact Resolution,P3,70.29,75.0,>,%
56002,E2E Full Test Corporation 1769028779 - Cloud Ops,2024-06-29,P3-KPI3,First Contact Resolution,P3,70.74,75.0,>,%
56002,E2E Full Test Corporation 1769028779 - Cloud Ops,2024-07-29,P3-KPI3,First Contact Resolution,P3,64.95,75.0,>,%
56002,E2E Full Test Corporation 1769028779 - Cloud Ops,2024-08-28,P3-KPI3,First Contact Resolution,P3,65.11,75.0,>,%
56002,E2E Full Test Corporation 1769028779 - Cloud Ops,2024-09-27,P3-KPI3,First Contact Resolution,P3,61.09,75.0,>,%
56002,E2E Full Test Corporation 1769028779 - Cloud Ops,2024-10-27,P3-KPI3,First Contact Resolution,P3,63.97,75.0,>,%
56002,E2E Full Test Corporation 1769028779 - Cloud Ops,2024-11-26,P3-KPI3,First Contact Resolution,P3,61.78,75.0,>,%
56002,E2E Full Test Corporation 1769028779 - Cloud Ops,2024-01-01,P3-KPI4,Training Completion,P3,86.7,90.0,>,%
56002,E2E Full Test Corporation 1769028779 - Cloud Ops,2024-01-31,P3-KPI4,Training Completion,P3,88.75,90.0,>,%
56002,E2E Full Test Corporation 1769028779 - Cloud Ops,2024-03-01,P3-KPI4,Training Completion,P3,88.62,90.0,>,%
56002,E2E Full Test Corporation 1769028779 - Cloud Ops,2024-03-31,P3-KPI4,Training Completion,P3,77.63,90.0,>,%
56002,E2E Full Test Corporation 1769028779 - Cloud Ops,2024-04-30,P3-KPI4,Training Completion,P3,81.7,90.0,>,%
56002,E2E Full Test Corporation 1769028779 - Cloud Ops,2024-05-30,P3-KPI4,Training Completion,P3,79.2,90.0,>,%
56002,E2E Full Test Corporation 1769028779 - Cloud Ops,2024-06-29,P3-KPI4,Training Completion,P3,79.27,90.0,>,%
56002,E2E Full Test Corporation 1769028779 - Cloud Ops,2024-07-29,P3-KPI4,Training Completion,P3,79.49,90.0,>,%
56002,E2E Full Test Corporation 1769028779 - Cloud Ops,2024-08-28,P3-KPI4,Training Completion,P3,81.27,90.0,>,%
56002,E2E Full Test Corporation 1769028779 - Cloud Ops,2024-09-27,P3-KPI4,Training Completion,P3,77.8,90.0,>,%
56002,E2E Full Test Corporation 1769028779 - Cloud Ops,2024-10-27,P3-KPI4,Training Completion,P3,77.18,90.0,>,%
56002,E2E Full Test Corporation 1769028779 - Cloud Ops,2024-11-26,P3-KPI4,Training Completion,P3,77.01,90.0,>,%
56002,E2E Full Test Corporation 1769028779 - Cloud Ops,2024-01-01,P3-KPI5,User Adoption Rate,P3,76.08,80.0,>,%
56002,E2E Full Test Corporation 1769028779 - Cloud Ops,2024-01-31,P3-KPI5,User Adoption Rate,P3,73.51,80.0,>,%
56002,E2E Full Test Corporation 1769028779 - Cloud Ops,2024-03-01,P3-KPI5,User Adoption Rate,P3,72.9,80.0,>,%
56002,E2E Full Test Corporation 1769028779 - Cloud Ops,2024-03-31,P3-KPI5,User Adoption Rate,P3,72.44,80.0,>,%
56002,E2E Full Test Corporation 1769028779 - Cloud Ops,2024-04-30,P3-KPI5,User Adoption Rate,P3,71.04,80.0,>,%
56002,E2E Full Test Corporation 1769028779 - Cloud Ops,2024-05-30,P3-KPI5,User Adoption Rate,P3,68.07,80.0,>,%
56002,E2E Full Test Corporation 1769028779 - Cloud Ops,2024-06-29,P3-KPI5,User Adoption Rate,P3,71.7,80.0,>,%
56002,E2E Full Test Corporation 1769028779 - Cloud Ops,2024-07-29,P3-KPI5,User Adoption Rate,P3,69.03,80.0,>,%
56002,E2E Full Test Corporation 1769028779 - Cloud Ops,2024-08-28,P3-KPI5,User Adoption Rate,P3,70.5,80.0,>,%
56002,E2E Full Test Corporation 1769028779 - Cloud Ops,2024-09-27,P3-KPI5,User Adoption Rate,P3,67.59,80.0,>,%
56002,E2E Full Test Corporation 1769028779 - Cloud Ops,2024-10-27,P3-KPI5,User Adoption Rate,P3,66.31,80.0,>,%
56002,E2E Full Test Corporation 1769028779 - Cloud Ops,2024-11-26,P3-KPI5,User Adoption Rate,P3,69.22,80.0,>,%
56002,E2E Full Test Corporation 1769028779 - Cloud Ops,2024-01-01,P3-KPI6,Executive Engagement,P3,3.69,4.0,>,meetings/quarter
56002,E2E Full Test Corporation 1769028779 - Cloud Ops,2024-01-31,P3-KPI6,Executive Engagement,P3,3.7,4.0,>,meetings/quarter
56002,E2E Full Test Corporation 1769028779 - Cloud Ops,2024-03-01,P3-KPI6,Executive Engagement,P3,3.76,4.0,>,meetings/quarter
56002,E2E Full Test Corporation 1769028779 - Cloud Ops,2024-03-31,P3-KPI6,Executive Engagement,P3,3.36,4.0,>,meetings/quarter
56002,E2E Full Test Corporation 1769028779 - Cloud Ops,2024-04-30,P3-KPI6,Executive Engagement,P3,3.49,4.0,>,meetings/quarter
56002,E2E Full Test Corporation 1769028779 - Cloud Ops,2024-05-30,P3-KPI6,Executive Engagement,P3,3.41,4.0,>,meetings/quarter
56002,E2E Full Test Corporation 1769028779 - Cloud Ops,2024-06-29,P3-KPI6,Executive Engagement,P3,3.27,4.0,>,meetings/quarter
56002,E2E Full Test Corporation 1769028779 - Cloud Ops,2024-07-29,P3-KPI6,Executive Engagement,P3,3.52,4.0,>,meetings/quarter
56002,E2E Full Test Corporation 1769028779 - Cloud Ops,2024-08-28,P3-KPI6,Executive Engagement,P3,3.23,4.0,>,meetings/quarter
56002,E2E Full Test Corporation 1769028779 - Cloud Ops,2024-09-27,P3-KPI6,Executive Engagement,P3,3.24,4.0,>,meetings/quarter
56002,E2E Full Test Corporation 1769028779 - Cloud Ops,2024-10-27,P3-KPI6,Executive Engagement,P3,3.12,4.0,>,meetings/quarter
56002,E2E Full Test Corporation 1769028779 - Cloud Ops,2024-11-26,P3-KPI6,Executive Engagement,P3,3.25,4.0,>,meetings/quarter
56002,E2E Full Test Corporation 1769028779 - Cloud Ops,2024-01-01,P3-KPI7,Response Time SLA,P3,43.47,30.0,<,minutes
56002,E2E Full Test Corporation 1769028779 - Cloud Ops,2024-01-31,P3-KPI7,Response Time SLA,P3,43.83,30.0,<,minutes
56002,E2E Full Test Corporation 1769028779 - Cloud Ops,2024-03-01,P3-KPI7,Response Time SLA,P3,45.03,30.0,<,minutes
56002,E2E Full Test Corporation 1769028779 - Cloud Ops,2024-03-31,P3-KPI7,Response Time SLA,P3,55.59,30.0,<,minutes
56002,E2E Full Test Corporation 1769028779 - Cloud Ops,2024-04-30,P3-KPI7,Response Time SLA,P3,55.17,30.0,<,minutes
56002,E2E Full Test Corporation 1769028779 - Cloud Ops,2024-05-30,P3-KPI7,Response Time SLA,P3,57.24,30.0,<,minutes
56002,E2E Full Test Corporation 1769028779 - Cloud Ops,2024-06-29,P3-KPI7,Response Time SLA,P3,58.53,30.0,<,minutes
56002,E2E Full Test Corporation 1769028779 - Cloud Ops,2024-07-29,P3-KPI7,Response Time SLA,P3,58.8,30.0,<,minutes
56002,E2E Full Test Corporation 1769028779 - Cloud Ops,2024-08-28,P3-KPI7,Response Time SLA,P3,57.39,30.0,<,minutes
56002,E2E Full Test Corporation 1769028779 - Cloud Ops,2024-09-27,P3-KPI7,Response Time SLA,P3,69.89,30.0,<,minutes
56002,E2E Full Test Corporation 1769028779 - Cloud Ops,2024-10-27,P3-KPI7,Response Time SLA,P3,69.66,30.0,<,minutes
56002,E2E Full Test Corporation 1769028779 - Cloud Ops,2024-11-26,P3-KPI7,Response Time SLA,P3,72.8,30.0,<,minutes
56002,E2E Full Test Corporation 1769028779 - Cloud Ops,2024-01-01,P4-KPI1,ROI Achievement,P4,145.35,150.0,>,%
56002,E2E Full Test Corporation 1769028779 - Cloud Ops,2024-01-31,P4-KPI1,ROI Achievement,P4,144.53,150.0,>,%
56002,E2E Full Test Corporation 1769028779 - Cloud Ops,2024-03-01,P4-KPI1,ROI Achievement,P4,140.29,150.0,>,%
56002,E2E Full Test Corporation 1769028779 - Cloud Ops,2024-03-31,P4-KPI1,ROI Achievement,P4,139.42,150.0,>,%
56002,E2E Full Test Corporation 1769028779 - Cloud Ops,2024-04-30,P4-KPI1,ROI Achievement,P4,133.44,150.0,>,%
56002,E2E Full Test Corporation 1769028779 - Cloud Ops,2024-05-30,P4-KPI1,ROI Achievement,P4,141.71,150.0,>,%
56002,E2E Full Test Corporation 1769028779 - Cloud Ops,2024-06-29,P4-KPI1,ROI Achievement,P4,141.29,150.0,>,%
56002,E2E Full Test Corporation 1769028779 - Cloud Ops,2024-07-29,P4-KPI1,ROI Achievement,P4,128.88,150.0,>,%
56002,E2E Full Test Corporation 1769028779 - Cloud Ops,2024-08-28,P4-KPI1,ROI Achievement,P4,133.34,150.0,>,%
56002,E2E Full Test Corporation 1769028779 - Cloud Ops,2024-09-27,P4-KPI1,ROI Achievement,P4,132.93,150.0,>,%
56002,E2E Full Test Corporation 1769028779 - Cloud Ops,2024-10-27,P4-KPI1,ROI Achievement,P4,124.3,150.0,>,%
56002,E2E Full Test Corporation 1769028779 - Cloud Ops,2024-11-26,P4-KPI1,ROI Achievement,P4,122.28,150.0,>,%
56002,E2E Full Test Corporation 1769028779 - Cloud Ops,2024-01-01,P4-KPI2,Cost Reduction,P4,16.73,20.0,>,%
56002,E2E Full Test Corporation 1769028779 - Cloud Ops,2024-01-31,P4-KPI2,Cost Reduction,P4,16.78,20.0,>,%
56002,E2E Full Test Corporation 1769028779 - Cloud Ops,2024-03-01,P4-KPI2,Cost Reduction,P4,17.29,20.0,>,%
56002,E2E Full Test Corporation 1769028779 - Cloud Ops,2024-03-31,P4-KPI2,Cost Reduction,P4,13.33,20.0,>,%
56002,E2E Full Test Corporation 1769028779 - Cloud Ops,2024-04-30,P4-KPI2,Cost Reduction,P4,13.64,20.0,>,%
56002,E2E Full Test Corporation 1769028779 - Cloud Ops,2024-05-30,P4-KPI2,Cost Reduction,P4,13.56,20.0,>,%
56002,E2E Full Test Corporation 1769028779 - Cloud Ops,2024-06-29,P4-KPI2,Cost Reduction,P4,13.82,20.0,>,%
56002,E2E Full Test Corporation 1769028779 - Cloud Ops,2024-07-29,P4-KPI2,Cost Reduction,P4,13.56,20.0,>,%
56002,E2E Full Test Corporation 1769028779 - Cloud Ops,2024-08-28,P4-KPI2,Cost Reduction,P4,13.87,20.0,>,%
56002,E2E Full Test Corporation 1769028779 - Cloud Ops,2024-09-27,P4-KPI2,Cost Reduction,P4,11.15,20.0,>,%
56002,E2E Full Test Corporation 1769028779 - Cloud Ops,2024-10-27,P4-KPI2,Cost Reduction,P4,10.63,20.0,>,%
56002,E2E Full Test Corporation 1769028779 - Cloud Ops,2024-11-26,P4-KPI2,Cost Reduction,P4,10.47,20.0,>,%
56002,E2E Full Test Corporation 1769028779 - Cloud Ops,2024-01-01,P4-KPI3,Time to Value,P4,100.54,90.0,<,days
56002,E2E Full Test Corporation 1769028779 - Cloud Ops,2024-01-31,P4-KPI3,Time to Value,P4,104.2,90.0,<,days
56002,E2E Full Test Corporation 1769028779 - Cloud Ops,2024-03-01,P4-KPI3,Time to Value,P4,100.35,90.0,<,days
56002,E2E Full Test Corporation 1769028779 - Cloud Ops,2024-03-31,P4-KPI3,Time to Value,P4,121.51,90.0,<,days
56002,E2E Full Test Corporation 1769028779 - Cloud Ops,2024-04-30,P4-KPI3,Time to Value,P4,120.76,90.0,<,days
56002,E2E Full Test Corporation 1769028779 - Cloud Ops,2024-05-30,P4-KPI3,Time to Value,P4,116.88,90.0,<,days
56002,E2E Full Test Corporation 1769028779 - Cloud Ops,2024-06-29,P4-KPI3,Time to Value,P4,116.94,90.0,<,days
56002,E2E Full Test Corporation 1769028779 - Cloud Ops,2024-07-29,P4-KPI3,Time to Value,P4,113.99,90.0,<,days
56002,E2E Full Test Corporation 1769028779 - Cloud Ops,2024-08-28,P4-KPI3,Time to Value,P4,118.16,90.0,<,days
56002,E2E Full Test Corporation 1769028779 - Cloud Ops,2024-09-27,P4-KPI3,Time to Value,P4,125.24,90.0,<,days
56002,E2E Full Test Corporation 1769028779 - Cloud Ops,2024-10-27,P4-KPI3,Time to Value,P4,125.19,90.0,<,days
56002,E2E Full Test Corporation 1769028779 - Cloud Ops,2024-11-26,P4-KPI3,Time to Value,P4,129.64,90.0,<,days
56002,E2E Full Test Corporation 1769028779 - Cloud Ops,2024-01-01,P4-KPI4,Revenue Enablement,P4,4.41,5.0,>,$M
56002,E2E Full Test Corporation 1769028779 - Cloud Ops,2024-01-31,P4-KPI4,Revenue Enablement,P4,4.19,5.0,>,$M
56002,E2E Full Test Corporation 1769028779 - Cloud Ops,2024-03-01,P4-KPI4,Revenue Enablement,P4,4.32,5.0,>,$M
56002,E2E Full Test Corporation 1769028779 - Cloud Ops,2024-03-31,P4-KPI4,Revenue Enablement,P4,3.89,5.0,>,$M
56002,E2E Full Test Corporation 1769028779 - Cloud Ops,2024-04-30,P4-KPI4,Revenue Enablement,P4,3.94,5.0,>,$M
56002,E2E Full Test Corporation 1769028779 - Cloud Ops,2024-05-30,P4-KPI4,Revenue Enablement,P4,3.96,5.0,>,$M
56002,E2E Full Test Corporation 1769028779 - Cloud Ops,2024-06-29,P4-KPI4,Revenue Enablement,P4,3.74,5.0,>,$M
56002,E2E Full Test Corporation 1769028779 - Cloud Ops,2024-07-29,P4-KPI4,Revenue Enablement,P4,3.81,5.0,>,$M
56002,E2E Full Test Corporation 1769028779 - Cloud Ops,2024-08-28,P4-KPI4,Revenue Enablement,P4,3.98,5.0,>,$M
56002,E2E Full Test Corporation 1769028779 - Cloud Ops,2024-09-27,P4-KPI4,Revenue Enablement,P4,3.06,5.0,>,$M
56002,E2E Full Test Corporation 1769028779 - Cloud Ops,2024-10-27,P4-KPI4,Revenue Enablement,P4,3.29,5.0,>,$M
56002,E2E Full Test Corporation 1769028779 - Cloud Ops,2024-11-26,P4-KPI4,Revenue Enablement,P4,3.09,5.0,>,$M
56002,E2E Full Test Corporation 1769028779 - Cloud Ops,2024-01-01,P4-KPI5,Operational Efficiency,P4,82.32,85.0,>,%
56002,E2E Full Test Corporation 1769028779 - Cloud Ops,2024-01-31,P4-KPI5,Operational Efficiency,P4,79.41,85.0,>,%
56002,E2E Full Test Corporation 1769028779 - Cloud Ops,2024-03-01,P4-KPI5,Operational Efficiency,P4,81.06,85.0,>,%
56002,E2E Full Test Corporation 1769028779 - Cloud Ops,2024-03-31,P4-KPI5,Operational Efficiency,P4,78.25,85.0,>,%
56002,E2E Full Test Corporation 1769028779 - Cloud Ops,2024-04-30,P4-KPI5,Operational Efficiency,P4,79.53,85.0,>,%
56002,E2E Full Test Corporation 1769028779 - Cloud Ops,2024-05-30,P4-KPI5,Operational Efficiency,P4,80.3,85.0,>,%
56002,E2E Full Test Corporation 1769028779 - Cloud Ops,2024-06-29,P4-KPI5,Operational Efficiency,P4,76.9,85.0,>,%
56002,E2E Full Test Corporation 1769028779 - Cloud Ops,2024-07-29,P4-KPI5,Operational Efficiency,P4,76.09,85.0,>,%
56002,E2E Full Test Corporation 1769028779 - Cloud Ops,2024-08-28,P4-KPI5,Operational Efficiency,P4,75.79,85.0,>,%
56002,E2E Full Test Corporation 1769028779 - Cloud Ops,2024-09-27,P4-KPI5,Operational Efficiency,P4,74.7,85.0,>,%
56002,E2E Full Test Corporation 1769028779 - Cloud Ops,2024-10-27,P4-KPI5,Operational Efficiency,P4,70.29,85.0,>,%
56002,E2E Full Test Corporation 1769028779 - Cloud Ops,2024-11-26,P4-KPI5,Operational Efficiency,P4,70.12,85.0,>,%
56002,E2E Full Test Corporation 1769028779 - Cloud Ops,2024-01-01,P4-KPI6,Innovation Projects,P4,2.76,3.0,>,count
56002,E2E Full Test Corporation 1769028779 - Cloud Ops,2024-01-31,P4-KPI6,Innovation Projects,P4,2.72,3.0,>,count
56002,E2E Full Test Corporation 1769028779 - Cloud Ops,2024-03-01,P4-KPI6,Innovation Projects,P4,2.65,3.0,>,count
56002,E2E Full Test Corporation 1769028779 - Cloud Ops,2024-03-31,P4-KPI6,Innovation Projects,P4,2.34,3.0,>,count
56002,E2E Full Test Corporation 1769028779 - Cloud Ops,2024-04-30,P4-KPI6,Innovation Projects,P4,2.46,3.0,>,count
56002,E2E Full Test Corporation 1769028779 - Cloud Ops,2024-05-30,P4-KPI6,Innovation Projects,P4,2.45,3.0,>,count
56002,E2E Full Test Corporation 1769028779 - Cloud Ops,2024-06-29,P4-KPI6,Innovation Projects,P4,2.45,3.0,>,count
56002,E2E Full Test Corporation 1769028779 - Cloud Ops,2024-07-29,P4-KPI6,Innovation Projects,P4,2.51,3.0,>,count
56002,E2E Full Test Corporation 1769028779 - Cloud Ops,2024-08-28,P4-KPI6,Innovation Projects,P4,2.45,3.0,>,count
56002,E2E Full Test Corporation 1769028779 - Cloud Ops,2024-09-27,P4-KPI6,Innovation Projects,P4,2.13,3.0,>,count
56002,E2E Full Test Corporation 1769028779 - Cloud Ops,2024-10-27,P4-KPI6,Innovation Projects,P4,2.06,3.0,>,count
56002,E2E Full Test Corporation 1769028779 - Cloud Ops,2024-11-26,P4-KPI6,Innovation Projects,P4,2.06,3.0,>,count
56002,E2E Full Test Corporation 1769028779 - Cloud Ops,2024-01-01,P4-KPI7,Business Case Validation,P4,88.77,90.0,>,%
56002,E2E Full Test Corporation 1769028779 - Cloud Ops,2024-01-31,P4-KPI7,Business Case Validation,P4,85.01,90.0,>,%
56002,E2E Full Test Corporation 1769028779 - Cloud Ops,2024-03-01,P4-KPI7,Business Case Validation,P4,88.26,90.0,>,%
56002,E2E Full Test Corporation 1769028779 - Cloud Ops,2024-03-31,P4-KPI7,Business Case Validation,P4,85.09,90.0,>,%
56002,E2E Full Test Corporation 1769028779 - Cloud Ops,2024-04-30,P4-KPI7,Business Case Validation,P4,84.89,90.0,>,%
56002,E2E Full Test Corporation 1769028779 - Cloud Ops,2024-05-30,P4-KPI7,Business Case Validation,P4,81.07,90.0,>,%
56002,E2E Full Test Corporation 1769028779 - Cloud Ops,2024-06-29,P4-KPI7,Business Case Validation,P4,87.93,90.0,>,%
56002,E2E Full Test Corporation 1769028779 - Cloud Ops,2024-07-29,P4-KPI7,Business Case Validation,P4,87.67,90.0,>,%
56002,E2E Full Test Corporation 1769028779 - Cloud Ops,2024-08-28,P4-KPI7,Business Case Validation,P4,84.74,90.0,>,%
56002,E2E Full Test Corporation 1769028779 - Cloud Ops,2024-09-27,P4-KPI7,Business Case Validation,P4,84.86,90.0,>,%
56002,E2E Full Test Corporation 1769028779 - Cloud Ops,2024-10-27,P4-KPI7,Business Case Validation,P4,78.64,90.0,>,%
56002,E2E Full Test Corporation 1769028779 - Cloud Ops,2024-11-26,P4-KPI7,Business Case Validation,P4,76.95,90.0,>,%
56002,E2E Full Test Corporation 1769028779 - Cloud Ops,2024-01-01,P5-KPI1,Executive Sponsorship,P5,4.42,4.5,>,score
56002,E2E Full Test Corporation 1769028779 - Cloud Ops,2024-01-31,P5-KPI1,Executive Sponsorship,P5,4.35,4.5,>,score
56002,E2E Full Test Corporation 1769028779 - Cloud Ops,2024-03-01,P5-KPI1,Executive Sponsorship,P5,4.23,4.5,>,score
56002,E2E Full Test Corporation 1769028779 - Cloud Ops,2024-03-31,P5-KPI1,Executive Sponsorship,P5,3.86,4.5,>,score
56002,E2E Full Test Corporation 1769028779 - Cloud Ops,2024-04-30,P5-KPI1,Executive Sponsorship,P5,3.91,4.5,>,score
56002,E2E Full Test Corporation 1769028779 - Cloud Ops,2024-05-30,P5-KPI1,Executive Sponsorship,P5,4.23,4.5,>,score
56002,E2E Full Test Corporation 1769028779 - Cloud Ops,2024-06-29,P5-KPI1,Executive Sponsorship,P5,3.94,4.5,>,score
56002,E2E Full Test Corporation 1769028779 - Cloud Ops,2024-07-29,P5-KPI1,Executive Sponsorship,P5,3.91,4.5,>,score
56002,E2E Full Test Corporation 1769028779 - Cloud Ops,2024-08-28,P5-KPI1,Executive Sponsorship,P5,4.07,4.5,>,score
56002,E2E Full Test Corporation 1769028779 - Cloud Ops,2024-09-27,P5-KPI1,Executive Sponsorship,P5,3.66,4.5,>,score
56002,E2E Full Test Corporation 1769028779 - Cloud Ops,2024-10-27,P5-KPI1,Executive Sponsorship,P5,3.86,4.5,>,score
56002,E2E Full Test Corporation 1769028779 - Cloud Ops,2024-11-26,P5-KPI1,Executive Sponsorship,P5,3.86,4.5,>,score
56002,E2E Full Test Corporation 1769028779 - Cloud Ops,2024-01-01,P5-KPI2,Renewal Likelihood,P5,91.31,95.0,>,%
56002,E2E Full Test Corporation 1769028779 - Cloud Ops,2024-01-31,P5-KPI2,Renewal Likelihood,P5,90.8,95.0,>,%
56002,E2E Full Test Corporation 1769028779 - Cloud Ops,2024-03-01,P5-KPI2,Renewal Likelihood,P5,94.09,95.0,>,%
56002,E2E Full Test Corporation 1769028779 - Cloud Ops,2024-03-31,P5-KPI2,Renewal Likelihood,P5,83.68,95.0,>,%
56002,E2E Full Test Corporation 1769028779 - Cloud Ops,2024-04-30,P5-KPI2,Renewal Likelihood,P5,85.36,95.0,>,%
56002,E2E Full Test Corporation 1769028779 - Cloud Ops,2024-05-30,P5-KPI2,Renewal Likelihood,P5,87.23,95.0,>,%
56002,E2E Full Test Corporation 1769028779 - Cloud Ops,2024-06-29,P5-KPI2,Renewal Likelihood,P5,85.35,95.0,>,%
56002,E2E Full Test Corporation 1769028779 - Cloud Ops,2024-07-29,P5-KPI2,Renewal Likelihood,P5,86.57,95.0,>,%
56002,E2E Full Test Corporation 1769028779 - Cloud Ops,2024-08-28,P5-KPI2,Renewal Likelihood,P5,86.07,95.0,>,%
56002,E2E Full Test Corporation 1769028779 - Cloud Ops,2024-09-27,P5-KPI2,Renewal Likelihood,P5,87.69,95.0,>,%
56002,E2E Full Test Corporation 1769028779 - Cloud Ops,2024-10-27,P5-KPI2,Renewal Likelihood,P5,86.95,95.0,>,%
56002,E2E Full Test Corporation 1769028779 - Cloud Ops,2024-11-26,P5-KPI2,Renewal Likelihood,P5,87.66,95.0,>,%
56002,E2E Full Test Corporation 1769028779 - Cloud Ops,2024-01-01,P5-KPI3,Expansion Pipeline,P5,1.77,2.0,>,$M
56002,E2E Full Test Corporation 1769028779 - Cloud Ops,2024-01-31,P5-KPI3,Expansion Pipeline,P5,1.82,2.0,>,$M
56002,E2E Full Test Corporation 1769028779 - Cloud Ops,2024-03-01,P5-KPI3,Expansion Pipeline,P5,1.86,2.0,>,$M
56002,E2E Full Test Corporation 1769028779 - Cloud Ops,2024-03-31,P5-KPI3,Expansion Pipeline,P5,1.62,2.0,>,$M
56002,E2E Full Test Corporation 1769028779 - Cloud Ops,2024-04-30,P5-KPI3,Expansion Pipeline,P5,1.56,2.0,>,$M
56002,E2E Full Test Corporation 1769028779 - Cloud Ops,2024-05-30,P5-KPI3,Expansion Pipeline,P5,1.57,2.0,>,$M
56002,E2E Full Test Corporation 1769028779 - Cloud Ops,2024-06-29,P5-KPI3,Expansion Pipeline,P5,1.49,2.0,>,$M
56002,E2E Full Test Corporation 1769028779 - Cloud Ops,2024-07-29,P5-KPI3,Expansion Pipeline,P5,1.52,2.0,>,$M
56002,E2E Full Test Corporation 1769028779 - Cloud Ops,2024-08-28,P5-KPI3,Expansion Pipeline,P5,1.62,2.0,>,$M
56002,E2E Full Test Corporation 1769028779 - Cloud Ops,2024-09-27,P5-KPI3,Expansion Pipeline,P5,1.29,2.0,>,$M
56002,E2E Full Test Corporation 1769028779 - Cloud Ops,2024-10-27,P5-KPI3,Expansion Pipeline,P5,1.27,2.0,>,$M
56002,E2E Full Test Corporation 1769028779 - Cloud Ops,2024-11-26,P5-KPI3,Expansion Pipeline,P5,1.36,2.0,>,$M
56002,E2E Full Test Corporation 1769028779 - Cloud Ops,2024-01-01,P5-KPI4,Reference Willingness,P5,3.72,4.0,>,score
56002,E2E Full Test Corporation 1769028779 - Cloud Ops,2024-01-31,P5-KPI4,Reference Willingness,P5,3.78,4.0,>,score
56002,E2E Full Test Corporation 1769028779 - Cloud Ops,2024-03-01,P5-KPI4,Reference Willingness,P5,3.8,4.0,>,score
56002,E2E Full Test Corporation 1769028779 - Cloud Ops,2024-03-31,P5-KPI4,Reference Willingness,P5,3.47,4.0,>,score
56002,E2E Full Test Corporation 1769028779 - Cloud Ops,2024-04-30,P5-KPI4,Reference Willingness,P5,3.44,4.0,>,score
56002,E2E Full Test Corporation 1769028779 - Cloud Ops,2024-05-30,P5-KPI4,Reference Willingness,P5,3.41,4.0,>,score
56002,E2E Full Test Corporation 1769028779 - Cloud Ops,2024-06-29,P5-KPI4,Reference Willingness,P5,3.34,4.0,>,score
56002,E2E Full Test Corporation 1769028779 - Cloud Ops,2024-07-29,P5-KPI4,Reference Willingness,P5,3.4,4.0,>,score
56002,E2E Full Test Corporation 1769028779 - Cloud Ops,2024-08-28,P5-KPI4,Reference Willingness,P5,3.4,4.0,>,score
56002,E2E Full Test Corporation 1769028779 - Cloud Ops,2024-09-27,P5-KPI4,Reference Willingness,P5,3.17,4.0,>,score
56002,E2E Full Test Corporation 1769028779 - Cloud Ops,2024-10-27,P5-KPI4,Reference Willingness,P5,3.01,4.0,>,score
56002,E2E Full Test Corporation 1769028779 - Cloud Ops,2024-11-26,P5-KPI4,Reference Willingness,P5,3.24,4.0,>,score
56002,E2E Full Test Corporation 1769028779 - Cloud Ops,2024-01-01,P5-KPI5,Strategic Alignment,P5,78.91,85.0,>,score
56002,E2E Full Test Corporation 1769028779 - Cloud Ops,2024-01-31,P5-KPI5,Strategic Alignment,P5,83.18,85.0,>,score
56002,E2E Full Test Corporation 1769028779 - Cloud Ops,2024-03-01,P5-KPI5,Strategic Alignment,P5,79.01,85.0,>,score
56002,E2E Full Test Corporation 1769028779 - Cloud Ops,2024-03-31,P5-KPI5,Strategic Alignment,P5,79.91,85.0,>,score
56002,E2E Full Test Corporation 1769028779 - Cloud Ops,2024-04-30,P5-KPI5,Strategic Alignment,P5,73.74,85.0,>,score
56002,E2E Full Test Corporation 1769028779 - Cloud Ops,2024-05-30,P5-KPI5,Strategic Alignment,P5,77.45,85.0,>,score
56002,E2E Full Test Corporation 1769028779 - Cloud Ops,2024-06-29,P5-KPI5,Strategic Alignment,P5,81.27,85.0,>,score
56002,E2E Full Test Corporation 1769028779 - Cloud Ops,2024-07-29,P5-KPI5,Strategic Alignment,P5,74.76,85.0,>,score
56002,E2E Full Test Corporation 1769028779 - Cloud Ops,2024-08-28,P5-KPI5,Strategic Alignment,P5,76.82,85.0,>,score
56002,E2E Full Test Corporation 1769028779 - Cloud Ops,2024-09-27,P5-KPI5,Strategic Alignment,P5,73.81,85.0,>,score
56002,E2E Full Test Corporation 1769028779 - Cloud Ops,2024-10-27,P5-KPI5,Strategic Alignment,P5,74.62,85.0,>,score
56002,E2E Full Test Corporation 1769028779 - Cloud Ops,2024-11-26,P5-KPI5,Strategic Alignment,P5,76.9,85.0,>,score
56002,E2E Full Test Corporation 1769028779 - Cloud Ops,2024-01-01,P5-KPI6,Partnership Depth,P5,75.6,80.0,>,score
56002,E2E Full Test Corporation 1769028779 - Cloud Ops,2024-01-31,P5-KPI6,Partnership Depth,P5,75.95,80.0,>,score
56002,E2E Full Test Corporation 1769028779 - Cloud Ops,2024-03-01,P5-KPI6,Partnership Depth,P5,77.38,80.0,>,score
56002,E2E Full Test Corporation 1769028779 - Cloud Ops,2024-03-31,P5-KPI6,Partnership Depth,P5,69.95,80.0,>,score
56002,E2E Full Test Corporation 1769028779 - Cloud Ops,2024-04-30,P5-KPI6,Partnership Depth,P5,69.52,80.0,>,score
56002,E2E Full Test Corporation 1769028779 - Cloud Ops,2024-05-30,P5-KPI6,Partnership Depth,P5,71.01,80.0,>,score
56002,E2E Full Test Corporation 1769028779 - Cloud Ops,2024-06-29,P5-KPI6,Partnership Depth,P5,70.71,80.0,>,score
56002,E2E Full Test Corporation 1769028779 - Cloud Ops,2024-07-29,P5-KPI6,Partnership Depth,P5,67.71,80.0,>,score
56002,E2E Full Test Corporation 1769028779 - Cloud Ops,2024-08-28,P5-KPI6,Partnership Depth,P5,73.24,80.0,>,score
56002,E2E Full Test Corporation 1769028779 - Cloud Ops,2024-09-27,P5-KPI6,Partnership Depth,P5,65.35,80.0,>,score
56002,E2E Full Test Corporation 1769028779 - Cloud Ops,2024-10-27,P5-KPI6,Partnership Depth,P5,69.18,80.0,>,score
56002,E2E Full Test Corporation 1769028779 - Cloud Ops,2024-11-26,P5-KPI6,Partnership Depth,P5,63.46,80.0,>,score
56002,E2E Full Test Corporation 1769028779 - Cloud Ops,2024-01-01,P5-KPI7,NPS Score,P5,62.68,70.0,>,score
56002,E2E Full Test Corporation 1769028779 - Cloud Ops,2024-01-31,P5-KPI7,NPS Score,P5,65.35,70.0,>,score
56002,E2E Full Test Corporation 1769028779 - Cloud Ops,2024-03-01,P5-KPI7,NPS Score,P5,64.37,70.0,>,score
56002,E2E Full Test Corporation 1769028779 - Cloud Ops,2024-03-31,P5-KPI7,NPS Score,P5,59.94,70.0,>,score
56002,E2E Full Test Corporation 1769028779 - Cloud Ops,2024-04-30,P5-KPI7,NPS Score,P5,59.54,70.0,>,score
56002,E2E Full Test Corporation 1769028779 - Cloud Ops,2024-05-30,P5-KPI7,NPS Score,P5,58.15,70.0,>,score
56002,E2E Full Test Corporation 1769028779 - Cloud Ops,2024-06-29,P5-KPI7,NPS Score,P5,59.06,70.0,>,score
56002,E2E Full Test Corporation 1769028779 - Cloud Ops,2024-07-29,P5-KPI7,NPS Score,P5,62.79,70.0,>,score
56002,E2E Full Test Corporation 1769028779 - Cloud Ops,2024-08-28,P5-KPI7,NPS Score,P5,61.59,70.0,>,score
56002,E2E Full Test Corporation 1769028779 - Cloud Ops,2024-09-27,P5-KPI7,NPS Score,P5,54.23,70.0,>,score
56002,E2E Full Test Corporation 1769028779 - Cloud Ops,2024-10-27,P5-KPI7,NPS Score,P5,56.08,70.0,>,score
56002,E2E Full Test Corporation 1769028779 - Cloud Ops,2024-11-26,P5-KPI7,NPS Score,P5,59.23,70.0,>,score
56003,E2E Full Test Corporation 1769028779 - AI Lab,2024-01-01,P1-KPI1,System Uptime,P1,100.0,99.9,>,%
56003,E2E Full Test Corporation 1769028779 - AI Lab,2024-01-31,P1-KPI1,System Uptime,P1,100.0,99.9,>,%
56003,E2E Full Test Corporation 1769028779 - AI Lab,2024-03-01,P1-KPI1,System Uptime,P1,98.07,99.9,>,%
56003,E2E Full Test Corporation 1769028779 - AI Lab,2024-03-31,P1-KPI1,System Uptime,P1,100.0,99.9,>,%
56003,E2E Full Test Corporation 1769028779 - AI Lab,2024-04-30,P1-KPI1,System Uptime,P1,100.0,99.9,>,%
56003,E2E Full Test Corporation 1769028779 - AI Lab,2024-05-30,P1-KPI1,System Uptime,P1,98.0,99.9,>,%
56003,E2E Full Test Corporation 1769028779 - AI Lab,2024-06-29,P1-KPI1,System Uptime,P1,98.0,99.9,>,%
56003,E2E Full Test Corporation 1769028779 - AI Lab,2024-07-29,P1-KPI1,System Uptime,P1,100.0,99.9,>,%
56003,E2E Full Test Corporation 1769028779 - AI Lab,2024-08-28,P1-KPI1,System Uptime,P1,98.0,99.9,>,%
56003,E2E Full Test Corporation 1769028779 - AI Lab,2024-09-27,P1-KPI1,System Uptime,P1,98.0,99.9,>,%
56003,E2E Full Test Corporation 1769028779 - AI Lab,2024-10-27,P1-KPI1,System Uptime,P1,100.0,99.9,>,%
56003,E2E Full Test Corporation 1769028779 - AI Lab,2024-11-26,P1-KPI1,System Uptime,P1,100.0,99.9,>,%
56003,E2E Full Test Corporation 1769028779 - AI Lab,2024-01-01,P1-KPI2,Mean Time to Resolution,P1,2.85,2.0,<,hours
56003,E2E Full Test Corporation 1769028779 - AI Lab,2024-01-31,P1-KPI2,Mean Time to Resolution,P1,2.83,2.0,<,hours
56003,E2E Full Test Corporation 1769028779 - AI Lab,2024-03-01,P1-KPI2,Mean Time to Resolution,P1,3.03,2.0,<,hours
56003,E2E Full Test Corporation 1769028779 - AI Lab,2024-03-31,P1-KPI2,Mean Time to Resolution,P1,2.83,2.0,<,hours
56003,E2E Full Test Corporation 1769028779 - AI Lab,2024-04-30,P1-KPI2,Mean Time to Resolution,P1,2.8,2.0,<,hours
56003,E2E Full Test Corporation 1769028779 - AI Lab,2024-05-30,P1-KPI2,Mean Time to Resolution,P1,2.82,2.0,<,hours
56003,E2E Full Test Corporation 1769028779 - AI Lab,2024-06-29,P1-KPI2,Mean Time to Resolution,P1,2.79,2.0,<,hours
56003,E2E Full Test Corporation 1769028779 - AI Lab,2024-07-29,P1-KPI2,Mean Time to Resolution,P1,3.04,2.0,<,hours
56003,E2E Full Test Corporation 1769028779 - AI Lab,2024-08-28,P1-KPI2,Mean Time to Resolution,P1,2.78,2.0,<,hours
56003,E2E Full Test Corporation 1769028779 - AI Lab,2024-09-27,P1-KPI2,Mean Time to Resolution,P1,3.01,2.0,<,hours
56003,E2E Full Test Corporation 1769028779 - AI Lab,2024-10-27,P1-KPI2,Mean Time to Resolution,P1,2.96,2.0,<,hours
56003,E2E Full Test Corporation 1769028779 - AI Lab,2024-11-26,P1-KPI2,Mean Time to Resolution,P1,3.0,2.0,<,hours
56003,E2E Full Test Corporation 1769028779 - AI Lab,2024-01-01,P1-KPI3,GPU Utilization,P1,78.81,85.0,>,%
56003,E2E Full Test Corporation 1769028779 - AI Lab,2024-01-31,P1-KPI3,GPU Utilization,P1,81.75,85.0,>,%
56003,E2E Full Test Corporation 1769028779 - AI Lab,2024-03-01,P1-KPI3,GPU Utilization,P1,77.66,85.0,>,%
56003,E2E Full Test Corporation 1769028779 - AI Lab,2024-03-31,P1-KPI3,GPU Utilization,P1,84.28,85.0,>,%
56003,E2E Full Test Corporation 1769028779 - AI Lab,2024-04-30,P1-KPI3,GPU Utilization,P1,82.69,85.0,>,%
56003,E2E Full Test Corporation 1769028779 - AI Lab,2024-05-30,P1-KPI3,GPU Utilization,P1,83.4,85.0,>,%
56003,E2E Full Test Corporation 1769028779 - AI Lab,2024-06-29,P1-KPI3,GPU Utilization,P1,79.27,85.0,>,%
56003,E2E Full Test Corporation 1769028779 - AI Lab,2024-07-29,P1-KPI3,GPU Utilization,P1,79.15,85.0,>,%
56003,E2E Full Test Corporation 1769028779 - AI Lab,2024-08-28,P1-KPI3,GPU Utilization,P1,83.91,85.0,>,%
56003,E2E Full Test Corporation 1769028779 - AI Lab,2024-09-27,P1-KPI3,GPU Utilization,P1,80.01,85.0,>,%
56003,E2E Full Test Corporation 1769028779 - AI Lab,2024-10-27,P1-KPI3,GPU Utilization,P1,81.81,85.0,>,%
56003,E2E Full Test Corporation 1769028779 - AI Lab,2024-11-26,P1-KPI3,GPU Utilization,P1,81.97,85.0,>,%
56003,E2E Full Test Corporation 1769028779 - AI Lab,2024-01-01,P1-KPI4,Network Latency,P1,15.51,10.0,<,ms
56003,E2E Full Test Corporation 1769028779 - AI Lab,2024-01-31,P1-KPI4,Network Latency,P1,15.93,10.0,<,ms
56003,E2E Full Test Corporation 1769028779 - AI Lab,2024-03-01,P1-KPI4,Network Latency,P1,16.41,10.0,<,ms
56003,E2E Full Test Corporation 1769028779 - AI Lab,2024-03-31,P1-KPI4,Network Latency,P1,16.67,10.0,<,ms
56003,E2E Full Test Corporation 1769028779 - AI Lab,2024-04-30,P1-KPI4,Network Latency,P1,16.51,10.0,<,ms
56003,E2E Full Test Corporation 1769028779 - AI Lab,2024-05-30,P1-KPI4,Network Latency,P1,16.79,10.0,<,ms
56003,E2E Full Test Corporation 1769028779 - AI Lab,2024-06-29,P1-KPI4,Network Latency,P1,16.54,10.0,<,ms
56003,E2E Full Test Corporation 1769028779 - AI Lab,2024-07-29,P1-KPI4,Network Latency,P1,15.44,10.0,<,ms
56003,E2E Full Test Corporation 1769028779 - AI Lab,2024-08-28,P1-KPI4,Network Latency,P1,16.19,10.0,<,ms
56003,E2E Full Test Corporation 1769028779 - AI Lab,2024-09-27,P1-KPI4,Network Latency,P1,16.42,10.0,<,ms
56003,E2E Full Test Corporation 1769028779 - AI Lab,2024-10-27,P1-KPI4,Network Latency,P1,16.45,10.0,<,ms
56003,E2E Full Test Corporation 1769028779 - AI Lab,2024-11-26,P1-KPI4,Network Latency,P1,16.41,10.0,<,ms
56003,E2E Full Test Corporation 1769028779 - AI Lab,2024-01-01,P1-KPI5,Storage Performance,P1,93682.57,100000.0,>,IOPS
56003,E2E Full Test Corporation 1769028779 - AI Lab,2024-01-31,P1-KPI5,Storage Performance,P1,91164.35,100000.0,>,IOPS
56003,E2E Full Test Corporation 1769028779 - AI Lab,2024-03-01,P1-KPI5,Storage Performance,P1,94577.81,100000.0,>,IOPS
56003,E2E Full Test Corporation 1769028779 - AI Lab,2024-03-31,P1-KPI5,Storage Performance,P1,96685.65,100000.0,>,IOPS
56003,E2E Full Test Corporation 1769028779 - AI Lab,2024-04-30,P1-KPI5,Storage Performance,P1,94836.59,100000.0,>,IOPS
56003,E2E Full Test Corporation 1769028779 - AI Lab,2024-05-30,P1-KPI5,Storage Performance,P1,96076.35,100000.0,>,IOPS
56003,E2E Full Test Corporation 1769028779 - AI Lab,2024-06-29,P1-KPI5,Storage Performance,P1,88405.94,100000.0,>,IOPS
56003,E2E Full Test Corporation 1769028779 - AI Lab,2024-07-29,P1-KPI5,Storage Performance,P1,90315.75,100000.0,>,IOPS
56003,E2E Full Test Corporation 1769028779 - AI Lab,2024-08-28,P1-KPI5,Storage Performance,P1,92947.1,100000.0,>,IOPS
56003,E2E Full Test Corporation 1769028779 - AI Lab,2024-09-27,P1-KPI5,Storage Performance,P1,94091.01,100000.0,>,IOPS
56003,E2E Full Test Corporation 1769028779 - AI Lab,2024-10-27,P1-KPI5,Storage Performance,P1,91045.51,100000.0,>,IOPS
56003,E2E Full Test Corporation 1769028779 - AI Lab,2024-11-26,P1-KPI5,Storage Performance,P1,96733.95,100000.0,>,IOPS
56003,E2E Full Test Corporation 1769028779 - AI Lab,2024-01-01,P1-KPI6,Cooling Efficiency,P1,1.31,1.3,<,PUE
56003,E2E Full Test Corporation 1769028779 - AI Lab,2024-01-31,P1-KPI6,Cooling Efficiency,P1,1.37,1.3,<,PUE
56003,E2E Full Test Corporation 1769028779 - AI Lab,2024-03-01,P1-KPI6,Cooling Efficiency,P1,1.37,1.3,<,PUE
56003,E2E Full Test Corporation 1769028779 - AI Lab,2024-03-31,P1-KPI6,Cooling Efficiency,P1,1.43,1.3,<,PUE
56003,E2E Full Test Corporation 1769028779 - AI Lab,2024-04-30,P1-KPI6,Cooling Efficiency,P1,1.37,1.3,<,PUE
56003,E2E Full Test Corporation 1769028779 - AI Lab,2024-05-30,P1-KPI6,Cooling Efficiency,P1,1.38,1.3,<,PUE
56003,E2E Full Test Corporation 1769028779 - AI Lab,2024-06-29,P1-KPI6,Cooling Efficiency,P1,1.31,1.3,<,PUE
56003,E2E Full Test Corporation 1769028779 - AI Lab,2024-07-29,P1-KPI6,Cooling Efficiency,P1,1.34,1.3,<,PUE
56003,E2E Full Test Corporation 1769028779 - AI Lab,2024-08-28,P1-KPI6,Cooling Efficiency,P1,1.34,1.3,<,PUE
56003,E2E Full Test Corporation 1769028779 - AI Lab,2024-09-27,P1-KPI6,Cooling Efficiency,P1,1.33,1.3,<,PUE
56003,E2E Full Test Corporation 1769028779 - AI Lab,2024-10-27,P1-KPI6,Cooling Efficiency,P1,1.41,1.3,<,PUE
56003,E2E Full Test Corporation 1769028779 - AI Lab,2024-11-26,P1-KPI6,Cooling Efficiency,P1,1.37,1.3,<,PUE
56003,E2E Full Test Corporation 1769028779 - AI Lab,2024-01-01,P1-KPI7,Power Usage,P1,544.48,500.0,<,kW
56003,E2E Full Test Corporation 1769028779 - AI Lab,2024-01-31,P1-KPI7,Power Usage,P1,531.67,500.0,<,kW
56003,E2E Full Test Corporation 1769028779 - AI Lab,2024-03-01,P1-KPI7,Power Usage,P1,522.37,500.0,<,kW
56003,E2E Full Test Corporation 1769028779 - AI Lab,2024-03-31,P1-KPI7,Power Usage,P1,567.46,500.0,<,kW
56003,E2E Full Test Corporation 1769028779 - AI Lab,2024-04-30,P1-KPI7,Power Usage,P1,568.25,500.0,<,kW
56003,E2E Full Test Corporation 1769028779 - AI Lab,2024-05-30,P1-KPI7,Power Usage,P1,564.53,500.0,<,kW
56003,E2E Full Test Corporation 1769028779 - AI Lab,2024-06-29,P1-KPI7,Power Usage,P1,540.01,500.0,<,kW
56003,E2E Full Test Corporation 1769028779 - AI Lab,2024-07-29,P1-KPI7,Power Usage,P1,538.55,500.0,<,kW
56003,E2E Full Test Corporation 1769028779 - AI Lab,2024-08-28,P1-KPI7,Power Usage,P1,539.77,500.0,<,kW
56003,E2E Full Test Corporation 1769028779 - AI Lab,2024-09-27,P1-KPI7,Power Usage,P1,534.69,500.0,<,kW
56003,E2E Full Test Corporation 1769028779 - AI Lab,2024-10-27,P1-KPI7,Power Usage,P1,524.66,500.0,<,kW
56003,E2E Full Test Corporation 1769028779 - AI Lab,2024-11-26,P1-KPI7,Power Usage,P1,536.18,500.0,<,kW
56003,E2E Full Test Corporation 1769028779 - AI Lab,2024-01-01,P1-KPI8,Thermal Management,P1,26.52,25.0,<,°C
56003,E2E Full Test Corporation 1769028779 - AI Lab,2024-01-31,P1-KPI8,Thermal Management,P1,26.98,25.0,<,°C
56003,E2E Full Test Corporation 1769028779 - AI Lab,2024-03-01,P1-KPI8,Thermal Management,P1,27.4,25.0,<,°C
56003,E2E Full Test Corporation 1769028779 - AI Lab,2024-03-31,P1-KPI8,Thermal Management,P1,26.78,25.0,<,°C
56003,E2E Full Test Corporation 1769028779 - AI Lab,2024-04-30,P1-KPI8,Thermal Management,P1,27.3,25.0,<,°C
56003,E2E Full Test Corporation 1769028779 - AI Lab,2024-05-30,P1-KPI8,Thermal Management,P1,27.37,25.0,<,°C
56003,E2E Full Test Corporation 1769028779 - AI Lab,2024-06-29,P1-KPI8,Thermal Management,P1,27.72,25.0,<,°C
56003,E2E Full Test Corporation 1769028779 - AI Lab,2024-07-29,P1-KPI8,Thermal Management,P1,25.89,25.0,<,°C
56003,E2E Full Test Corporation 1769028779 - AI Lab,2024-08-28,P1-KPI8,Thermal Management,P1,27.79,25.0,<,°C
56003,E2E Full Test Corporation 1769028779 - AI Lab,2024-09-27,P1-KPI8,Thermal Management,P1,26.65,25.0,<,°C
56003,E2E Full Test Corporation 1769028779 - AI Lab,2024-10-27,P1-KPI8,Thermal Management,P1,26.05,25.0,<,°C
56003,E2E Full Test Corporation 1769028779 - AI Lab,2024-11-26,P1-KPI8,Thermal Management,P1,26.3,25.0,<,°C
56003,E2E Full Test Corporation 1769028779 - AI Lab,2024-01-01,P2-KPI1,SLA Compliance,P2,100.0,99.0,>,%
56003,E2E Full Test Corporation 1769028779 - AI Lab,2024-01-31,P2-KPI1,SLA Compliance,P2,99.67,99.0,>,%
56003,E2E Full Test Corporation 1769028779 - AI Lab,2024-03-01,P2-KPI1,SLA Compliance,P2,95.0,99.0,>,%
56003,E2E Full Test Corporation 1769028779 - AI Lab,2024-03-31,P2-KPI1,SLA Compliance,P2,98.35,99.0,>,%
56003,E2E Full Test Corporation 1769028779 - AI Lab,2024-04-30,P2-KPI1,SLA Compliance,P2,98.91,99.0,>,%
56003,E2E Full Test Corporation 1769028779 - AI Lab,2024-05-30,P2-KPI1,SLA Compliance,P2,100.0,99.0,>,%
56003,E2E Full Test Corporation 1769028779 - AI Lab,2024-06-29,P2-KPI1,SLA Compliance,P2,100.0,99.0,>,%
56003,E2E Full Test Corporation 1769028779 - AI Lab,2024-07-29,P2-KPI1,SLA Compliance,P2,98.47,99.0,>,%
56003,E2E Full Test Corporation 1769028779 - AI Lab,2024-08-28,P2-KPI1,SLA Compliance,P2,100.0,99.0,>,%
56003,E2E Full Test Corporation 1769028779 - AI Lab,2024-09-27,P2-KPI1,SLA Compliance,P2,95.0,99.0,>,%
56003,E2E Full Test Corporation 1769028779 - AI Lab,2024-10-27,P2-KPI1,SLA Compliance,P2,99.85,99.0,>,%
56003,E2E Full Test Corporation 1769028779 - AI Lab,2024-11-26,P2-KPI1,SLA Compliance,P2,98.61,99.0,>,%
56003,E2E Full Test Corporation 1769028779 - AI Lab,2024-01-01,P2-KPI2,Incident Response Time,P2,20.98,15.0,<,minutes
56003,E2E Full Test Corporation 1769028779 - AI Lab,2024-01-31,P2-KPI2,Incident Response Time,P2,20.75,15.0,<,minutes
56003,E2E Full Test Corporation 1769028779 - AI Lab,2024-03-01,P2-KPI2,Incident Response Time,P2,21.29,15.0,<,minutes
56003,E2E Full Test Corporation 1769028779 - AI Lab,2024-03-31,P2-KPI2,Incident Response Time,P2,20.95,15.0,<,minutes
56003,E2E Full Test Corporation 1769028779 - AI Lab,2024-04-30,P2-KPI2,Incident Response Time,P2,22.53,15.0,<,minutes
56003,E2E Full Test Corporation 1769028779 - AI Lab,2024-05-30,P2-KPI2,Incident Response Time,P2,22.67,15.0,<,minutes
56003,E2E Full Test Corporation 1769028779 - AI Lab,2024-06-29,P2-KPI2,Incident Response Time,P2,20.83,15.0,<,minutes
56003,E2E Full Test Corporation 1769028779 - AI Lab,2024-07-29,P2-KPI2,Incident Response Time,P2,20.97,15.0,<,minutes
56003,E2E Full Test Corporation 1769028779 - AI Lab,2024-08-28,P2-KPI2,Incident Response Time,P2,21.2,15.0,<,minutes
56003,E2E Full Test Corporation 1769028779 - AI Lab,2024-09-27,P2-KPI2,Incident Response Time,P2,22.07,15.0,<,minutes
56003,E2E Full Test Corporation 1769028779 - AI Lab,2024-10-27,P2-KPI2,Incident Response Time,P2,22.4,15.0,<,minutes
56003,E2E Full Test Corporation 1769028779 - AI Lab,2024-11-26,P2-KPI2,Incident Response Time,P2,22.38,15.0,<,minutes
56003,E2E Full Test Corporation 1769028779 - AI Lab,2024-01-01,P2-KPI3,Change Success Rate,P2,100.0,98.0,>,%
56003,E2E Full Test Corporation 1769028779 - AI Lab,2024-01-31,P2-KPI3,Change Success Rate,P2,100.0,98.0,>,%
56003,E2E Full Test Corporation 1769028779 - AI Lab,2024-03-01,P2-KPI3,Change Success Rate,P2,100.0,98.0,>,%
56003,E2E Full Test Corporation 1769028779 - AI Lab,2024-03-31,P2-KPI3,Change Success Rate,P2,92.92,98.0,>,%
56003,E2E Full Test Corporation 1769028779 - AI Lab,2024-04-30,P2-KPI3,Change Success Rate,P2,100.0,98.0,>,%
56003,E2E Full Test Corporation 1769028779 - AI Lab,2024-05-30,P2-KPI3,Change Success Rate,P2,100.0,98.0,>,%
56003,E2E Full Test Corporation 1769028779 - AI Lab,2024-06-29,P2-KPI3,Change Success Rate,P2,95.19,98.0,>,%
56003,E2E Full Test Corporation 1769028779 - AI Lab,2024-07-29,P2-KPI3,Change Success Rate,P2,98.44,98.0,>,%
56003,E2E Full Test Corporation 1769028779 - AI Lab,2024-08-28,P2-KPI3,Change Success Rate,P2,99.72,98.0,>,%
56003,E2E Full Test Corporation 1769028779 - AI Lab,2024-09-27,P2-KPI3,Change Success Rate,P2,93.6,98.0,>,%
56003,E2E Full Test Corporation 1769028779 - AI Lab,2024-10-27,P2-KPI3,Change Success Rate,P2,95.46,98.0,>,%
56003,E2E Full Test Corporation 1769028779 - AI Lab,2024-11-26,P2-KPI3,Change Success Rate,P2,97.75,98.0,>,%
56003,E2E Full Test Corporation 1769028779 - AI Lab,2024-01-01,P2-KPI4,Backup Success Rate,P2,100.0,100.0,>,%
56003,E2E Full Test Corporation 1769028779 - AI Lab,2024-01-31,P2-KPI4,Backup Success Rate,P2,100.0,100.0,>,%
56003,E2E Full Test Corporation 1769028779 - AI Lab,2024-03-01,P2-KPI4,Backup Success Rate,P2,99.69,100.0,>,%
56003,E2E Full Test Corporation 1769028779 - AI Lab,2024-03-31,P2-KPI4,Backup Success Rate,P2,96.15,100.0,>,%
56003,E2E Full Test Corporation 1769028779 - AI Lab,2024-04-30,P2-KPI4,Backup Success Rate,P2,97.69,100.0,>,%
56003,E2E Full Test Corporation 1769028779 - AI Lab,2024-05-30,P2-KPI4,Backup Success Rate,P2,95.51,100.0,>,%
56003,E2E Full Test Corporation 1769028779 - AI Lab,2024-06-29,P2-KPI4,Backup Success Rate,P2,95.7,100.0,>,%
56003,E2E Full Test Corporation 1769028779 - AI Lab,2024-07-29,P2-KPI4,Backup Success Rate,P2,100.0,100.0,>,%
56003,E2E Full Test Corporation 1769028779 - AI Lab,2024-08-28,P2-KPI4,Backup Success Rate,P2,100.0,100.0,>,%
56003,E2E Full Test Corporation 1769028779 - AI Lab,2024-09-27,P2-KPI4,Backup Success Rate,P2,97.15,100.0,>,%
56003,E2E Full Test Corporation 1769028779 - AI Lab,2024-10-27,P2-KPI4,Backup Success Rate,P2,100.0,100.0,>,%
56003,E2E Full Test Corporation 1769028779 - AI Lab,2024-11-26,P2-KPI4,Backup Success Rate,P2,98.28,100.0,>,%
56003,E2E Full Test Corporation 1769028779 - AI Lab,2024-01-01,P2-KPI5,Patch Compliance,P2,97.07,95.0,>,%
56003,E2E Full Test Corporation 1769028779 - AI Lab,2024-01-31,P2-KPI5,Patch Compliance,P2,88.96,95.0,>,%
56003,E2E Full Test Corporation 1769028779 - AI Lab,2024-03-01,P2-KPI5,Patch Compliance,P2,94.75,95.0,>,%
56003,E2E Full Test Corporation 1769028779 - AI Lab,2024-03-31,P2-KPI5,Patch Compliance,P2,92.34,95.0,>,%
56003,E2E Full Test Corporation 1769028779 - AI Lab,2024-04-30,P2-KPI5,Patch Compliance,P2,91.86,95.0,>,%
56003,E2E Full Test Corporation 1769028779 - AI Lab,2024-05-30,P2-KPI5,Patch Compliance,P2,93.51,95.0,>,%
56003,E2E Full Test Corporation 1769028779 - AI Lab,2024-06-29,P2-KPI5,Patch Compliance,P2,89.4,95.0,>,%
56003,E2E Full Test Corporation 1769028779 - AI Lab,2024-07-29,P2-KPI5,Patch Compliance,P2,92.81,95.0,>,%
56003,E2E Full Test Corporation 1769028779 - AI Lab,2024-08-28,P2-KPI5,Patch Compliance,P2,93.89,95.0,>,%
56003,E2E Full Test Corporation 1769028779 - AI Lab,2024-09-27,P2-KPI5,Patch Compliance,P2,90.99,95.0,>,%
56003,E2E Full Test Corporation 1769028779 - AI Lab,2024-10-27,P2-KPI5,Patch Compliance,P2,89.66,95.0,>,%
56003,E2E Full Test Corporation 1769028779 - AI Lab,2024-11-26,P2-KPI5,Patch Compliance,P2,92.93,95.0,>,%
56003,E2E Full Test Corporation 1769028779 - AI Lab,2024-01-01,P2-KPI6,Service Request Fulfillment,P2,4.08,3.0,<,days
56003,E2E Full Test Corporation 1769028779 - AI Lab,2024-01-31,P2-KPI6,Service Request Fulfillment,P2,3.97,3.0,<,days
56003,E2E Full Test Corporation 1769028779 - AI Lab,2024-03-01,P2-KPI6,Service Request Fulfillment,P2,4.01,3.0,<,days
56003,E2E Full Test Corporation 1769028779 - AI Lab,2024-03-31,P2-KPI6,Service Request Fulfillment,P2,3.98,3.0,<,days
56003,E2E Full Test Corporation 1769028779 - AI Lab,2024-04-30,P2-KPI6,Service Request Fulfillment,P2,4.05,3.0,<,days
56003,E2E Full Test Corporation 1769028779 - AI Lab,2024-05-30,P2-KPI6,Service Request Fulfillment,P2,4.03,3.0,<,days
56003,E2E Full Test Corporation 1769028779 - AI Lab,2024-06-29,P2-KPI6,Service Request Fulfillment,P2,4.19,3.0,<,days
56003,E2E Full Test Corporation 1769028779 - AI Lab,2024-07-29,P2-KPI6,Service Request Fulfillment,P2,4.05,3.0,<,days
56003,E2E Full Test Corporation 1769028779 - AI Lab,2024-08-28,P2-KPI6,Service Request Fulfillment,P2,4.2,3.0,<,days
56003,E2E Full Test Corporation 1769028779 - AI Lab,2024-09-27,P2-KPI6,Service Request Fulfillment,P2,3.96,3.0,<,days
56003,E2E Full Test Corporation 1769028779 - AI Lab,2024-10-27,P2-KPI6,Service Request Fulfillment,P2,4.01,3.0,<,days
56003,E2E Full Test Corporation 1769028779 - AI Lab,2024-11-26,P2-KPI6,Service Request Fulfillment,P2,4.07,3.0,<,days
56003,E2E Full Test Corporation 1769028779 - AI Lab,2024-01-01,P2-KPI7,Capacity Planning Accuracy,P2,88.11,90.0,>,%
56003,E2E Full Test Corporation 1769028779 - AI Lab,2024-01-31,P2-KPI7,Capacity Planning Accuracy,P2,86.43,90.0,>,%
56003,E2E Full Test Corporation 1769028779 - AI Lab,2024-03-01,P2-KPI7,Capacity Planning Accuracy,P2,84.76,90.0,>,%
56003,E2E Full Test Corporation 1769028779 - AI Lab,2024-03-31,P2-KPI7,Capacity Planning Accuracy,P2,87.75,90.0,>,%
56003,E2E Full Test Corporation 1769028779 - AI Lab,2024-04-30,P2-KPI7,Capacity Planning Accuracy,P2,83.46,90.0,>,%
56003,E2E Full Test Corporation 1769028779 - AI Lab,2024-05-30,P2-KPI7,Capacity Planning Accuracy,P2,83.48,90.0,>,%
56003,E2E Full Test Corporation 1769028779 - AI Lab,2024-06-29,P2-KPI7,Capacity Planning Accuracy,P2,90.98,90.0,>,%
56003,E2E Full Test Corporation 1769028779 - AI Lab,2024-07-29,P2-KPI7,Capacity Planning Accuracy,P2,87.07,90.0,>,%
56003,E2E Full Test Corporation 1769028779 - AI Lab,2024-08-28,P2-KPI7,Capacity Planning Accuracy,P2,90.02,90.0,>,%
56003,E2E Full Test Corporation 1769028779 - AI Lab,2024-09-27,P2-KPI7,Capacity Planning Accuracy,P2,83.65,90.0,>,%
56003,E2E Full Test Corporation 1769028779 - AI Lab,2024-10-27,P2-KPI7,Capacity Planning Accuracy,P2,90.89,90.0,>,%
56003,E2E Full Test Corporation 1769028779 - AI Lab,2024-11-26,P2-KPI7,Capacity Planning Accuracy,P2,86.78,90.0,>,%
56003,E2E Full Test Corporation 1769028779 - AI Lab,2024-01-01,P2-KPI8,Documentation Quality,P2,81.02,85.0,>,score
56003,E2E Full Test Corporation 1769028779 - AI Lab,2024-01-31,P2-KPI8,Documentation Quality,P2,83.11,85.0,>,score
56003,E2E Full Test Corporation 1769028779 - AI Lab,2024-03-01,P2-KPI8,Documentation Quality,P2,84.22,85.0,>,score
56003,E2E Full Test Corporation 1769028779 - AI Lab,2024-03-31,P2-KPI8,Documentation Quality,P2,83.96,85.0,>,score
56003,E2E Full Test Corporation 1769028779 - AI Lab,2024-04-30,P2-KPI8,Documentation Quality,P2,79.98,85.0,>,score
56003,E2E Full Test Corporation 1769028779 - AI Lab,2024-05-30,P2-KPI8,Documentation Quality,P2,81.94,85.0,>,score
56003,E2E Full Test Corporation 1769028779 - AI Lab,2024-06-29,P2-KPI8,Documentation Quality,P2,83.02,85.0,>,score
56003,E2E Full Test Corporation 1769028779 - AI Lab,2024-07-29,P2-KPI8,Documentation Quality,P2,82.17,85.0,>,score
56003,E2E Full Test Corporation 1769028779 - AI Lab,2024-08-28,P2-KPI8,Documentation Quality,P2,81.35,85.0,>,score
56003,E2E Full Test Corporation 1769028779 - AI Lab,2024-09-27,P2-KPI8,Documentation Quality,P2,77.42,85.0,>,score
56003,E2E Full Test Corporation 1769028779 - AI Lab,2024-10-27,P2-KPI8,Documentation Quality,P2,77.46,85.0,>,score
56003,E2E Full Test Corporation 1769028779 - AI Lab,2024-11-26,P2-KPI8,Documentation Quality,P2,84.71,85.0,>,score
56003,E2E Full Test Corporation 1769028779 - AI Lab,2024-01-01,P3-KPI1,CSAT Score,P3,4.24,4.5,>,score
56003,E2E Full Test Corporation 1769028779 - AI Lab,2024-01-31,P3-KPI1,CSAT Score,P3,4.29,4.5,>,score
56003,E2E Full Test Corporation 1769028779 - AI Lab,2024-03-01,P3-KPI1,CSAT Score,P3,4.36,4.5,>,score
56003,E2E Full Test Corporation 1769028779 - AI Lab,2024-03-31,P3-KPI1,CSAT Score,P3,4.07,4.5,>,score
56003,E2E Full Test Corporation 1769028779 - AI Lab,2024-04-30,P3-KPI1,CSAT Score,P3,4.28,4.5,>,score
56003,E2E Full Test Corporation 1769028779 - AI Lab,2024-05-30,P3-KPI1,CSAT Score,P3,4.33,4.5,>,score
56003,E2E Full Test Corporation 1769028779 - AI Lab,2024-06-29,P3-KPI1,CSAT Score,P3,4.22,4.5,>,score
56003,E2E Full Test Corporation 1769028779 - AI Lab,2024-07-29,P3-KPI1,CSAT Score,P3,4.23,4.5,>,score
56003,E2E Full Test Corporation 1769028779 - AI Lab,2024-08-28,P3-KPI1,CSAT Score,P3,4.24,4.5,>,score
56003,E2E Full Test Corporation 1769028779 - AI Lab,2024-09-27,P3-KPI1,CSAT Score,P3,4.46,4.5,>,score
56003,E2E Full Test Corporation 1769028779 - AI Lab,2024-10-27,P3-KPI1,CSAT Score,P3,4.06,4.5,>,score
56003,E2E Full Test Corporation 1769028779 - AI Lab,2024-11-26,P3-KPI1,CSAT Score,P3,4.46,4.5,>,score
56003,E2E Full Test Corporation 1769028779 - AI Lab,2024-01-01,P3-KPI2,Support Ticket Volume,P3,33.54,20.0,<,tickets
56003,E2E Full Test Corporation 1769028779 - AI Lab,2024-01-31,P3-KPI2,Support Ticket Volume,P3,32.1,20.0,<,tickets
56003,E2E Full Test Corporation 1769028779 - AI Lab,2024-03-01,P3-KPI2,Support Ticket Volume,P3,33.3,20.0,<,tickets
56003,E2E Full Test Corporation 1769028779 - AI Lab,2024-03-31,P3-KPI2,Support Ticket Volume,P3,33.21,20.0,<,tickets
56003,E2E Full Test Corporation 1769028779 - AI Lab,2024-04-30,P3-KPI2,Support Ticket Volume,P3,33.07,20.0,<,tickets
56003,E2E Full Test Corporation 1769028779 - AI Lab,2024-05-30,P3-KPI2,Support Ticket Volume,P3,32.73,20.0,<,tickets
56003,E2E Full Test Corporation 1769028779 - AI Lab,2024-06-29,P3-KPI2,Support Ticket Volume,P3,32.84,20.0,<,tickets
56003,E2E Full Test Corporation 1769028779 - AI Lab,2024-07-29,P3-KPI2,Support Ticket Volume,P3,30.88,20.0,<,tickets
56003,E2E Full Test Corporation 1769028779 - AI Lab,2024-08-28,P3-KPI2,Support Ticket Volume,P3,32.48,20.0,<,tickets
56003,E2E Full Test Corporation 1769028779 - AI Lab,2024-09-27,P3-KPI2,Support Ticket Volume,P3,30.75,20.0,<,tickets
56003,E2E Full Test Corporation 1769028779 - AI Lab,2024-10-27,P3-KPI2,Support Ticket Volume,P3,33.48,20.0,<,tickets
56003,E2E Full Test Corporation 1769028779 - AI Lab,2024-11-26,P3-KPI2,Support Ticket Volume,P3,30.4,20.0,<,tickets
56003,E2E Full Test Corporation 1769028779 - AI Lab,2024-01-01,P3-KPI3,First Contact Resolution,P3,72.35,75.0,>,%
56003,E2E Full Test Corporation 1769028779 - AI Lab,2024-01-31,P3-KPI3,First Contact Resolution,P3,69.9,75.0,>,%
56003,E2E Full Test Corporation 1769028779 - AI Lab,2024-03-01,P3-KPI3,First Contact Resolution,P3,70.14,75.0,>,%
56003,E2E Full Test Corporation 1769028779 - AI Lab,2024-03-31,P3-KPI3,First Contact Resolution,P3,67.98,75.0,>,%
56003,E2E Full Test Corporation 1769028779 - AI Lab,2024-04-30,P3-KPI3,First Contact Resolution,P3,69.43,75.0,>,%
56003,E2E Full Test Corporation 1769028779 - AI Lab,2024-05-30,P3-KPI3,First Contact Resolution,P3,74.01,75.0,>,%
56003,E2E Full Test Corporation 1769028779 - AI Lab,2024-06-29,P3-KPI3,First Contact Resolution,P3,70.53,75.0,>,%
56003,E2E Full Test Corporation 1769028779 - AI Lab,2024-07-29,P3-KPI3,First Contact Resolution,P3,72.97,75.0,>,%
56003,E2E Full Test Corporation 1769028779 - AI Lab,2024-08-28,P3-KPI3,First Contact Resolution,P3,72.75,75.0,>,%
56003,E2E Full Test Corporation 1769028779 - AI Lab,2024-09-27,P3-KPI3,First Contact Resolution,P3,71.31,75.0,>,%
56003,E2E Full Test Corporation 1769028779 - AI Lab,2024-10-27,P3-KPI3,First Contact Resolution,P3,68.39,75.0,>,%
56003,E2E Full Test Corporation 1769028779 - AI Lab,2024-11-26,P3-KPI3,First Contact Resolution,P3,74.41,75.0,>,%
56003,E2E Full Test Corporation 1769028779 - AI Lab,2024-01-01,P3-KPI4,Training Completion,P3,82.24,90.0,>,%
56003,E2E Full Test Corporation 1769028779 - AI Lab,2024-01-31,P3-KPI4,Training Completion,P3,85.59,90.0,>,%
56003,E2E Full Test Corporation 1769028779 - AI Lab,2024-03-01,P3-KPI4,Training Completion,P3,83.62,90.0,>,%
56003,E2E Full Test Corporation 1769028779 - AI Lab,2024-03-31,P3-KPI4,Training Completion,P3,88.75,90.0,>,%
56003,E2E Full Test Corporation 1769028779 - AI Lab,2024-04-30,P3-KPI4,Training Completion,P3,83.37,90.0,>,%
56003,E2E Full Test Corporation 1769028779 - AI Lab,2024-05-30,P3-KPI4,Training Completion,P3,83.48,90.0,>,%
56003,E2E Full Test Corporation 1769028779 - AI Lab,2024-06-29,P3-KPI4,Training Completion,P3,83.53,90.0,>,%
56003,E2E Full Test Corporation 1769028779 - AI Lab,2024-07-29,P3-KPI4,Training Completion,P3,81.8,90.0,>,%
56003,E2E Full Test Corporation 1769028779 - AI Lab,2024-08-28,P3-KPI4,Training Completion,P3,89.4,90.0,>,%
56003,E2E Full Test Corporation 1769028779 - AI Lab,2024-09-27,P3-KPI4,Training Completion,P3,89.48,90.0,>,%
56003,E2E Full Test Corporation 1769028779 - AI Lab,2024-10-27,P3-KPI4,Training Completion,P3,82.35,90.0,>,%
56003,E2E Full Test Corporation 1769028779 - AI Lab,2024-11-26,P3-KPI4,Training Completion,P3,85.09,90.0,>,%
56003,E2E Full Test Corporation 1769028779 - AI Lab,2024-01-01,P3-KPI5,User Adoption Rate,P3,76.5,80.0,>,%
56003,E2E Full Test Corporation 1769028779 - AI Lab,2024-01-31,P3-KPI5,User Adoption Rate,P3,77.21,80.0,>,%
56003,E2E Full Test Corporation 1769028779 - AI Lab,2024-03-01,P3-KPI5,User Adoption Rate,P3,72.9,80.0,>,%
56003,E2E Full Test Corporation 1769028779 - AI Lab,2024-03-31,P3-KPI5,User Adoption Rate,P3,71.73,80.0,>,%
56003,E2E Full Test Corporation 1769028779 - AI Lab,2024-04-30,P3-KPI5,User Adoption Rate,P3,76.8,80.0,>,%
56003,E2E Full Test Corporation 1769028779 - AI Lab,2024-05-30,P3-KPI5,User Adoption Rate,P3,76.48,80.0,>,%
56003,E2E Full Test Corporation 1769028779 - AI Lab,2024-06-29,P3-KPI5,User Adoption Rate,P3,74.68,80.0,>,%
56003,E2E Full Test Corporation 1769028779 - AI Lab,2024-07-29,P3-KPI5,User Adoption Rate,P3,72.21,80.0,>,%
56003,E2E Full Test Corporation 1769028779 - AI Lab,2024-08-28,P3-KPI5,User Adoption Rate,P3,76.58,80.0,>,%
56003,E2E Full Test Corporation 1769028779 - AI Lab,2024-09-27,P3-KPI5,User Adoption Rate,P3,76.32,80.0,>,%
56003,E2E Full Test Corporation 1769028779 - AI Lab,2024-10-27,P3-KPI5,User Adoption Rate,P3,72.27,80.0,>,%
56003,E2E Full Test Corporation 1769028779 - AI Lab,2024-11-26,P3-KPI5,User Adoption Rate,P3,73.26,80.0,>,%
56003,E2E Full Test Corporation 1769028779 - AI Lab,2024-01-01,P3-KPI6,Executive Engagement,P3,3.58,4.0,>,meetings/quarter
56003,E2E Full Test Corporation 1769028779 - AI Lab,2024-01-31,P3-KPI6,Executive Engagement,P3,3.83,4.0,>,meetings/quarter
56003,E2E Full Test Corporation 1769028779 - AI Lab,2024-03-01,P3-KPI6,Executive Engagement,P3,3.58,4.0,>,meetings/quarter
56003,E2E Full Test Corporation 1769028779 - AI Lab,2024-03-31,P3-KPI6,Executive Engagement,P3,3.71,4.0,>,meetings/quarter
56003,E2E Full Test Corporation 1769028779 - AI Lab,2024-04-30,P3-KPI6,Executive Engagement,P3,3.62,4.0,>,meetings/quarter
56003,E2E Full Test Corporation 1769028779 - AI Lab,2024-05-30,P3-KPI6,Executive Engagement,P3,3.58,4.0,>,meetings/quarter
56003,E2E Full Test Corporation 1769028779 - AI Lab,2024-06-29,P3-KPI6,Executive Engagement,P3,3.78,4.0,>,meetings/quarter
56003,E2E Full Test Corporation 1769028779 - AI Lab,2024-07-29,P3-KPI6,Executive Engagement,P3,3.64,4.0,>,meetings/quarter
56003,E2E Full Test Corporation 1769028779 - AI Lab,2024-08-28,P3-KPI6,Executive Engagement,P3,3.67,4.0,>,meetings/quarter
56003,E2E Full Test Corporation 1769028779 - AI Lab,2024-09-27,P3-KPI6,Executive Engagement,P3,3.55,4.0,>,meetings/quarter
56003,E2E Full Test Corporation 1769028779 - AI Lab,2024-10-27,P3-KPI6,Executive Engagement,P3,3.81,4.0,>,meetings/quarter
56003,E2E Full Test Corporation 1769028779 - AI Lab,2024-11-26,P3-KPI6,Executive Engagement,P3,3.87,4.0,>,meetings/quarter
56003,E2E Full Test Corporation 1769028779 - AI Lab,2024-01-01,P3-KPI7,Response Time SLA,P3,41.45,30.0,<,minutes
56003,E2E Full Test Corporation 1769028779 - AI Lab,2024-01-31,P3-KPI7,Response Time SLA,P3,44.36,30.0,<,minutes
56003,E2E Full Test Corporation 1769028779 - AI Lab,2024-03-01,P3-KPI7,Response Time SLA,P3,45.33,30.0,<,minutes
56003,E2E Full Test Corporation 1769028779 - AI Lab,2024-03-31,P3-KPI7,Response Time SLA,P3,45.16,30.0,<,minutes
56003,E2E Full Test Corporation 1769028779 - AI Lab,2024-04-30,P3-KPI7,Response Time SLA,P3,42.36,30.0,<,minutes
56003,E2E Full Test Corporation 1769028779 - AI Lab,2024-05-30,P3-KPI7,Response Time SLA,P3,42.67,30.0,<,minutes
56003,E2E Full Test Corporation 1769028779 - AI Lab,2024-06-29,P3-KPI7,Response Time SLA,P3,45.23,30.0,<,minutes
56003,E2E Full Test Corporation 1769028779 - AI Lab,2024-07-29,P3-KPI7,Response Time SLA,P3,42.79,30.0,<,minutes
56003,E2E Full Test Corporation 1769028779 - AI Lab,2024-08-28,P3-KPI7,Response Time SLA,P3,45.1,30.0,<,minutes
56003,E2E Full Test Corporation 1769028779 - AI Lab,2024-09-27,P3-KPI7,Response Time SLA,P3,44.51,30.0,<,minutes
56003,E2E Full Test Corporation 1769028779 - AI Lab,2024-10-27,P3-KPI7,Response Time SLA,P3,44.71,30.0,<,minutes
56003,E2E Full Test Corporation 1769028779 - AI Lab,2024-11-26,P3-KPI7,Response Time SLA,P3,42.46,30.0,<,minutes
56003,E2E Full Test Corporation 1769028779 - AI Lab,2024-01-01,P4-KPI1,ROI Achievement,P4,145.5,150.0,>,%
56003,E2E Full Test Corporation 1769028779 - AI Lab,2024-01-31,P4-KPI1,ROI Achievement,P4,149.44,150.0,>,%
56003,E2E Full Test Corporation 1769028779 - AI Lab,2024-03-01,P4-KPI1,ROI Achievement,P4,139.73,150.0,>,%
56003,E2E Full Test Corporation 1769028779 - AI Lab,2024-03-31,P4-KPI1,ROI Achievement,P4,149.32,150.0,>,%
56003,E2E Full Test Corporation 1769028779 - AI Lab,2024-04-30,P4-KPI1,ROI Achievement,P4,139.97,150.0,>,%
56003,E2E Full Test Corporation 1769028779 - AI Lab,2024-05-30,P4-KPI1,ROI Achievement,P4,143.84,150.0,>,%
56003,E2E Full Test Corporation 1769028779 - AI Lab,2024-06-29,P4-KPI1,ROI Achievement,P4,145.26,150.0,>,%
56003,E2E Full Test Corporation 1769028779 - AI Lab,2024-07-29,P4-KPI1,ROI Achievement,P4,137.56,150.0,>,%
56003,E2E Full Test Corporation 1769028779 - AI Lab,2024-08-28,P4-KPI1,ROI Achievement,P4,139.68,150.0,>,%
56003,E2E Full Test Corporation 1769028779 - AI Lab,2024-09-27,P4-KPI1,ROI Achievement,P4,146.64,150.0,>,%
56003,E2E Full Test Corporation 1769028779 - AI Lab,2024-10-27,P4-KPI1,ROI Achievement,P4,142.13,150.0,>,%
56003,E2E Full Test Corporation 1769028779 - AI Lab,2024-11-26,P4-KPI1,ROI Achievement,P4,136.55,150.0,>,%
56003,E2E Full Test Corporation 1769028779 - AI Lab,2024-01-01,P4-KPI2,Cost Reduction,P4,17.6,20.0,>,%
56003,E2E Full Test Corporation 1769028779 - AI Lab,2024-01-31,P4-KPI2,Cost Reduction,P4,17.74,20.0,>,%
56003,E2E Full Test Corporation 1769028779 - AI Lab,2024-03-01,P4-KPI2,Cost Reduction,P4,17.54,20.0,>,%
56003,E2E Full Test Corporation 1769028779 - AI Lab,2024-03-31,P4-KPI2,Cost Reduction,P4,17.36,20.0,>,%
56003,E2E Full Test Corporation 1769028779 - AI Lab,2024-04-30,P4-KPI2,Cost Reduction,P4,16.7,20.0,>,%
56003,E2E Full Test Corporation 1769028779 - AI Lab,2024-05-30,P4-KPI2,Cost Reduction,P4,17.18,20.0,>,%
56003,E2E Full Test Corporation 1769028779 - AI Lab,2024-06-29,P4-KPI2,Cost Reduction,P4,16.81,20.0,>,%
56003,E2E Full Test Corporation 1769028779 - AI Lab,2024-07-29,P4-KPI2,Cost Reduction,P4,16.74,20.0,>,%
56003,E2E Full Test Corporation 1769028779 - AI Lab,2024-08-28,P4-KPI2,Cost Reduction,P4,17.22,20.0,>,%
56003,E2E Full Test Corporation 1769028779 - AI Lab,2024-09-27,P4-KPI2,Cost Reduction,P4,16.18,20.0,>,%
56003,E2E Full Test Corporation 1769028779 - AI Lab,2024-10-27,P4-KPI2,Cost Reduction,P4,17.57,20.0,>,%
56003,E2E Full Test Corporation 1769028779 - AI Lab,2024-11-26,P4-KPI2,Cost Reduction,P4,17.6,20.0,>,%
56003,E2E Full Test Corporation 1769028779 - AI Lab,2024-01-01,P4-KPI3,Time to Value,P4,102.53,90.0,<,days
56003,E2E Full Test Corporation 1769028779 - AI Lab,2024-01-31,P4-KPI3,Time to Value,P4,108.2,90.0,<,days
56003,E2E Full Test Corporation 1769028779 - AI Lab,2024-03-01,P4-KPI3,Time to Value,P4,102.8,90.0,<,days
56003,E2E Full Test Corporation 1769028779 - AI Lab,2024-03-31,P4-KPI3,Time to Value,P4,104.53,90.0,<,days
56003,E2E Full Test Corporation 1769028779 - AI Lab,2024-04-30,P4-KPI3,Time to Value,P4,103.43,90.0,<,days
56003,E2E Full Test Corporation 1769028779 - AI Lab,2024-05-30,P4-KPI3,Time to Value,P4,103.38,90.0,<,days
56003,E2E Full Test Corporation 1769028779 - AI Lab,2024-06-29,P4-KPI3,Time to Value,P4,99.7,90.0,<,days
56003,E2E Full Test Corporation 1769028779 - AI Lab,2024-07-29,P4-KPI3,Time to Value,P4,103.66,90.0,<,days
56003,E2E Full Test Corporation 1769028779 - AI Lab,2024-08-28,P4-KPI3,Time to Value,P4,101.72,90.0,<,days
56003,E2E Full Test Corporation 1769028779 - AI Lab,2024-09-27,P4-KPI3,Time to Value,P4,107.38,90.0,<,days
56003,E2E Full Test Corporation 1769028779 - AI Lab,2024-10-27,P4-KPI3,Time to Value,P4,102.73,90.0,<,days
56003,E2E Full Test Corporation 1769028779 - AI Lab,2024-11-26,P4-KPI3,Time to Value,P4,103.28,90.0,<,days
56003,E2E Full Test Corporation 1769028779 - AI Lab,2024-01-01,P4-KPI4,Revenue Enablement,P4,4.24,5.0,>,$M
56003,E2E Full Test Corporation 1769028779 - AI Lab,2024-01-31,P4-KPI4,Revenue Enablement,P4,4.37,5.0,>,$M
56003,E2E Full Test Corporation 1769028779 - AI Lab,2024-03-01,P4-KPI4,Revenue Enablement,P4,4.54,5.0,>,$M
56003,E2E Full Test Corporation 1769028779 - AI Lab,2024-03-31,P4-KPI4,Revenue Enablement,P4,4.55,5.0,>,$M
56003,E2E Full Test Corporation 1769028779 - AI Lab,2024-04-30,P4-KPI4,Revenue Enablement,P4,4.26,5.0,>,$M
56003,E2E Full Test Corporation 1769028779 - AI Lab,2024-05-30,P4-KPI4,Revenue Enablement,P4,4.47,5.0,>,$M
56003,E2E Full Test Corporation 1769028779 - AI Lab,2024-06-29,P4-KPI4,Revenue Enablement,P4,4.54,5.0,>,$M
56003,E2E Full Test Corporation 1769028779 - AI Lab,2024-07-29,P4-KPI4,Revenue Enablement,P4,4.42,5.0,>,$M
56003,E2E Full Test Corporation 1769028779 - AI Lab,2024-08-28,P4-KPI4,Revenue Enablement,P4,4.4,5.0,>,$M
56003,E2E Full Test Corporation 1769028779 - AI Lab,2024-09-27,P4-KPI4,Revenue Enablement,P4,4.4,5.0,>,$M
56003,E2E Full Test Corporation 1769028779 - AI Lab,2024-10-27,P4-KPI4,Revenue Enablement,P4,4.61,5.0,>,$M
56003,E2E Full Test Corporation 1769028779 - AI Lab,2024-11-26,P4-KPI4,Revenue Enablement,P4,4.49,5.0,>,$M
56003,E2E Full Test Corporation 1769028779 - AI Lab,2024-01-01,P4-KPI5,Operational Efficiency,P4,82.99,85.0,>,%
56003,E2E Full Test Corporation 1769028779 - AI Lab,2024-01-31,P4-KPI5,Operational Efficiency,P4,77.3,85.0,>,%
56003,E2E Full Test Corporation 1769028779 - AI Lab,2024-03-01,P4-KPI5,Operational Efficiency,P4,85.11,85.0,>,%
56003,E2E Full Test Corporation 1769028779 - AI Lab,2024-03-31,P4-KPI5,Operational Efficiency,P4,77.83,85.0,>,%
56003,E2E Full Test Corporation 1769028779 - AI Lab,2024-04-30,P4-KPI5,Operational Efficiency,P4,83.87,85.0,>,%
56003,E2E Full Test Corporation 1769028779 - AI Lab,2024-05-30,P4-KPI5,Operational Efficiency,P4,77.59,85.0,>,%
56003,E2E Full Test Corporation 1769028779 - AI Lab,2024-06-29,P4-KPI5,Operational Efficiency,P4,77.6,85.0,>,%
56003,E2E Full Test Corporation 1769028779 - AI Lab,2024-07-29,P4-KPI5,Operational Efficiency,P4,78.19,85.0,>,%
56003,E2E Full Test Corporation 1769028779 - AI Lab,2024-08-28,P4-KPI5,Operational Efficiency,P4,81.87,85.0,>,%
56003,E2E Full Test Corporation 1769028779 - AI Lab,2024-09-27,P4-KPI5,Operational Efficiency,P4,80.52,85.0,>,%
56003,E2E Full Test Corporation 1769028779 - AI Lab,2024-10-27,P4-KPI5,Operational Efficiency,P4,77.5,85.0,>,%
56003,E2E Full Test Corporation 1769028779 - AI Lab,2024-11-26,P4-KPI5,Operational Efficiency,P4,79.06,85.0,>,%
56003,E2E Full Test Corporation 1769028779 - AI Lab,2024-01-01,P4-KPI6,Innovation Projects,P4,2.75,3.0,>,count
56003,E2E Full Test Corporation 1769028779 - AI Lab,2024-01-31,P4-KPI6,Innovation Projects,P4,2.64,3.0,>,count
56003,E2E Full Test Corporation 1769028779 - AI Lab,2024-03-01,P4-KPI6,Innovation Projects,P4,2.59,3.0,>,count
56003,E2E Full Test Corporation 1769028779 - AI Lab,2024-03-31,P4-KPI6,Innovation Projects,P4,2.61,3.0,>,count
56003,E2E Full Test Corporation 1769028779 - AI Lab,2024-04-30,P4-KPI6,Innovation Projects,P4,2.77,3.0,>,count
56003,E2E Full Test Corporation 1769028779 - AI Lab,2024-05-30,P4-KPI6,Innovation Projects,P4,2.73,3.0,>,count
56003,E2E Full Test Corporation 1769028779 - AI Lab,2024-06-29,P4-KPI6,Innovation Projects,P4,2.67,3.0,>,count
56003,E2E Full Test Corporation 1769028779 - AI Lab,2024-07-29,P4-KPI6,Innovation Projects,P4,2.63,3.0,>,count
56003,E2E Full Test Corporation 1769028779 - AI Lab,2024-08-28,P4-KPI6,Innovation Projects,P4,2.69,3.0,>,count
56003,E2E Full Test Corporation 1769028779 - AI Lab,2024-09-27,P4-KPI6,Innovation Projects,P4,2.61,3.0,>,count
56003,E2E Full Test Corporation 1769028779 - AI Lab,2024-10-27,P4-KPI6,Innovation Projects,P4,2.74,3.0,>,count
56003,E2E Full Test Corporation 1769028779 - AI Lab,2024-11-26,P4-KPI6,Innovation Projects,P4,2.69,3.0,>,count
56003,E2E Full Test Corporation 1769028779 - AI Lab,2024-01-01,P4-KPI7,Business Case Validation,P4,89.08,90.0,>,%
56003,E2E Full Test Corporation 1769028779 - AI Lab,2024-01-31,P4-KPI7,Business Case Validation,P4,84.92,90.0,>,%
56003,E2E Full Test Corporation 1769028779 - AI Lab,2024-03-01,P4-KPI7,Business Case Validation,P4,87.28,90.0,>,%
56003,E2E Full Test Corporation 1769028779 - AI Lab,2024-03-31,P4-KPI7,Business Case Validation,P4,84.1,90.0,>,%
56003,E2E Full Test Corporation 1769028779 - AI Lab,2024-04-30,P4-KPI7,Business Case Validation,P4,90.92,90.0,>,%
56003,E2E Full Test Corporation 1769028779 - AI Lab,2024-05-30,P4-KPI7,Business Case Validation,P4,89.89,90.0,>,%
56003,E2E Full Test Corporation 1769028779 - AI Lab,2024-06-29,P4-KPI7,Business Case Validation,P4,84.81,90.0,>,%
56003,E2E Full Test Corporation 1769028779 - AI Lab,2024-07-29,P4-KPI7,Business Case Validation,P4,86.76,90.0,>,%
56003,E2E Full Test Corporation 1769028779 - AI Lab,2024-08-28,P4-KPI7,Business Case Validation,P4,88.71,90.0,>,%
56003,E2E Full Test Corporation 1769028779 - AI Lab,2024-09-27,P4-KPI7,Business Case Validation,P4,85.0,90.0,>,%
56003,E2E Full Test Corporation 1769028779 - AI Lab,2024-10-27,P4-KPI7,Business Case Validation,P4,90.67,90.0,>,%
56003,E2E Full Test Corporation 1769028779 - AI Lab,2024-11-26,P4-KPI7,Business Case Validation,P4,84.24,90.0,>,%
56003,E2E Full Test Corporation 1769028779 - AI Lab,2024-01-01,P5-KPI1,Executive Sponsorship,P5,4.14,4.5,>,score
56003,E2E Full Test Corporation 1769028779 - AI Lab,2024-01-31,P5-KPI1,Executive Sponsorship,P5,4.48,4.5,>,score
56003,E2E Full Test Corporation 1769028779 - AI Lab,2024-03-01,P5-KPI1,Executive Sponsorship,P5,4.16,4.5,>,score
56003,E2E Full Test Corporation 1769028779 - AI Lab,2024-03-31,P5-KPI1,Executive Sponsorship,P5,4.46,4.5,>,score
56003,E2E Full Test Corporation 1769028779 - AI Lab,2024-04-30,P5-KPI1,Executive Sponsorship,P5,4.32,4.5,>,score
56003,E2E Full Test Corporation 1769028779 - AI Lab,2024-05-30,P5-KPI1,Executive Sponsorship,P5,4.29,4.5,>,score
56003,E2E Full Test Corporation 1769028779 - AI Lab,2024-06-29,P5-KPI1,Executive Sponsorship,P5,4.4,4.5,>,score
56003,E2E Full Test Corporation 1769028779 - AI Lab,2024-07-29,P5-KPI1,Executive Sponsorship,P5,4.45,4.5,>,score
56003,E2E Full Test Corporation 1769028779 - AI Lab,2024-08-28,P5-KPI1,Executive Sponsorship,P5,4.21,4.5,>,score
56003,E2E Full Test Corporation 1769028779 - AI Lab,2024-09-27,P5-KPI1,Executive Sponsorship,P5,4.44,4.5,>,score
56003,E2E Full Test Corporation 1769028779 - AI Lab,2024-10-27,P5-KPI1,Executive Sponsorship,P5,4.4,4.5,>,score
56003,E2E Full Test Corporation 1769028779 - AI Lab,2024-11-26,P5-KPI1,Executive Sponsorship,P5,4.26,4.5,>,score
56003,E2E Full Test Corporation 1769028779 - AI Lab,2024-01-01,P5-KPI2,Renewal Likelihood,P5,95.26,95.0,>,%
56003,E2E Full Test Corporation 1769028779 - AI Lab,2024-01-31,P5-KPI2,Renewal Likelihood,P5,88.73,95.0,>,%
56003,E2E Full Test Corporation 1769028779 - AI Lab,2024-03-01,P5-KPI2,Renewal Likelihood,P5,90.16,95.0,>,%
56003,E2E Full Test Corporation 1769028779 - AI Lab,2024-03-31,P5-KPI2,Renewal Likelihood,P5,88.27,95.0,>,%
56003,E2E Full Test Corporation 1769028779 - AI Lab,2024-04-30,P5-KPI2,Renewal Likelihood,P5,92.02,95.0,>,%
56003,E2E Full Test Corporation 1769028779 - AI Lab,2024-05-30,P5-KPI2,Renewal Likelihood,P5,91.37,95.0,>,%
56003,E2E Full Test Corporation 1769028779 - AI Lab,2024-06-29,P5-KPI2,Renewal Likelihood,P5,91.58,95.0,>,%
56003,E2E Full Test Corporation 1769028779 - AI Lab,2024-07-29,P5-KPI2,Renewal Likelihood,P5,91.89,95.0,>,%
56003,E2E Full Test Corporation 1769028779 - AI Lab,2024-08-28,P5-KPI2,Renewal Likelihood,P5,90.57,95.0,>,%
56003,E2E Full Test Corporation 1769028779 - AI Lab,2024-09-27,P5-KPI2,Renewal Likelihood,P5,90.52,95.0,>,%
56003,E2E Full Test Corporation 1769028779 - AI Lab,2024-10-27,P5-KPI2,Renewal Likelihood,P5,88.37,95.0,>,%
56003,E2E Full Test Corporation 1769028779 - AI Lab,2024-11-26,P5-KPI2,Renewal Likelihood,P5,89.79,95.0,>,%
56003,E2E Full Test Corporation 1769028779 - AI Lab,2024-01-01,P5-KPI3,Expansion Pipeline,P5,1.79,2.0,>,$M
56003,E2E Full Test Corporation 1769028779 - AI Lab,2024-01-31,P5-KPI3,Expansion Pipeline,P5,1.81,2.0,>,$M
56003,E2E Full Test Corporation 1769028779 - AI Lab,2024-03-01,P5-KPI3,Expansion Pipeline,P5,1.82,2.0,>,$M
56003,E2E Full Test Corporation 1769028779 - AI Lab,2024-03-31,P5-KPI3,Expansion Pipeline,P5,1.77,2.0,>,$M
56003,E2E Full Test Corporation 1769028779 - AI Lab,2024-04-30,P5-KPI3,Expansion Pipeline,P5,1.82,2.0,>,$M
56003,E2E Full Test Corporation 1769028779 - AI Lab,2024-05-30,P5-KPI3,Expansion Pipeline,P5,1.81,2.0,>,$M
56003,E2E Full Test Corporation 1769028779 - AI Lab,2024-06-29,P5-KPI3,Expansion Pipeline,P5,1.84,2.0,>,$M
56003,E2E Full Test Corporation 1769028779 - AI Lab,2024-07-29,P5-KPI3,Expansion Pipeline,P5,1.8,2.0,>,$M
56003,E2E Full Test Corporation 1769028779 - AI Lab,2024-08-28,P5-KPI3,Expansion Pipeline,P5,1.7,2.0,>,$M
56003,E2E Full Test Corporation 1769028779 - AI Lab,2024-09-27,P5-KPI3,Expansion Pipeline,P5,1.76,2.0,>,$M
56003,E2E Full Test Corporation 1769028779 - AI Lab,2024-10-27,P5-KPI3,Expansion Pipeline,P5,1.83,2.0,>,$M
56003,E2E Full Test Corporation 1769028779 - AI Lab,2024-11-26,P5-KPI3,Expansion Pipeline,P5,1.8,2.0,>,$M
56003,E2E Full Test Corporation 1769028779 - AI Lab,2024-01-01,P5-KPI4,Reference Willingness,P5,3.79,4.0,>,score
56003,E2E Full Test Corporation 1769028779 - AI Lab,2024-01-31,P5-KPI4,Reference Willingness,P5,3.64,4.0,>,score
56003,E2E Full Test Corporation 1769028779 - AI Lab,2024-03-01,P5-KPI4,Reference Willingness,P5,3.68,4.0,>,score
56003,E2E Full Test Corporation 1769028779 - AI Lab,2024-03-31,P5-KPI4,Reference Willingness,P5,3.82,4.0,>,score
56003,E2E Full Test Corporation 1769028779 - AI Lab,2024-04-30,P5-KPI4,Reference Willingness,P5,3.74,4.0,>,score
56003,E2E Full Test Corporation 1769028779 - AI Lab,2024-05-30,P5-KPI4,Reference Willingness,P5,3.75,4.0,>,score
56003,E2E Full Test Corporation 1769028779 - AI Lab,2024-06-29,P5-KPI4,Reference Willingness,P5,3.84,4.0,>,score
56003,E2E Full Test Corporation 1769028779 - AI Lab,2024-07-29,P5-KPI4,Reference Willingness,P5,3.85,4.0,>,score
56003,E2E Full Test Corporation 1769028779 - AI Lab,2024-08-28,P5-KPI4,Reference Willingness,P5,3.6,4.0,>,score
56003,E2E Full Test Corporation 1769028779 - AI Lab,2024-09-27,P5-KPI4,Reference Willingness,P5,3.88,4.0,>,score
56003,E2E Full Test Corporation 1769028779 - AI Lab,2024-10-27,P5-KPI4,Reference Willingness,P5,3.54,4.0,>,score
56003,E2E Full Test Corporation 1769028779 - AI Lab,2024-11-26,P5-KPI4,Reference Willingness,P5,3.81,4.0,>,score
56003,E2E Full Test Corporation 1769028779 - AI Lab,2024-01-01,P5-KPI5,Strategic Alignment,P5,78.4,85.0,>,score
56003,E2E Full Test Corporation 1769028779 - AI Lab,2024-01-31,P5-KPI5,Strategic Alignment,P5,84.54,85.0,>,score
56003,E2E Full Test Corporation 1769028779 - AI Lab,2024-03-01,P5-KPI5,Strategic Alignment,P5,79.5,85.0,>,score
56003,E2E Full Test Corporation 1769028779 - AI Lab,2024-03-31,P5-KPI5,Strategic Alignment,P5,82.91,85.0,>,score
56003,E2E Full Test Corporation 1769028779 - AI Lab,2024-04-30,P5-KPI5,Strategic Alignment,P5,77.35,85.0,>,score
56003,E2E Full Test Corporation 1769028779 - AI Lab,2024-05-30,P5-KPI5,Strategic Alignment,P5,83.42,85.0,>,score
56003,E2E Full Test Corporation 1769028779 - AI Lab,2024-06-29,P5-KPI5,Strategic Alignment,P5,83.44,85.0,>,score
56003,E2E Full Test Corporation 1769028779 - AI Lab,2024-07-29,P5-KPI5,Strategic Alignment,P5,77.8,85.0,>,score
56003,E2E Full Test Corporation 1769028779 - AI Lab,2024-08-28,P5-KPI5,Strategic Alignment,P5,84.94,85.0,>,score
56003,E2E Full Test Corporation 1769028779 - AI Lab,2024-09-27,P5-KPI5,Strategic Alignment,P5,79.41,85.0,>,score
56003,E2E Full Test Corporation 1769028779 - AI Lab,2024-10-27,P5-KPI5,Strategic Alignment,P5,82.56,85.0,>,score
56003,E2E Full Test Corporation 1769028779 - AI Lab,2024-11-26,P5-KPI5,Strategic Alignment,P5,82.51,85.0,>,score
56003,E2E Full Test Corporation 1769028779 - AI Lab,2024-01-01,P5-KPI6,Partnership Depth,P5,78.55,80.0,>,score
56003,E2E Full Test Corporation 1769028779 - AI Lab,2024-01-31,P5-KPI6,Partnership Depth,P5,77.71,80.0,>,score
56003,E2E Full Test Corporation 1769028779 - AI Lab,2024-03-01,P5-KPI6,Partnership Depth,P5,74.55,80.0,>,score
56003,E2E Full Test Corporation 1769028779 - AI Lab,2024-03-31,P5-KPI6,Partnership Depth,P5,75.28,80.0,>,score
56003,E2E Full Test Corporation 1769028779 - AI Lab,2024-04-30,P5-KPI6,Partnership Depth,P5,77.53,80.0,>,score
56003,E2E Full Test Corporation 1769028779 - AI Lab,2024-05-30,P5-KPI6,Partnership Depth,P5,78.45,80.0,>,score
56003,E2E Full Test Corporation 1769028779 - AI Lab,2024-06-29,P5-KPI6,Partnership Depth,P5,74.29,80.0,>,score
56003,E2E Full Test Corporation 1769028779 - AI Lab,2024-07-29,P5-KPI6,Partnership Depth,P5,76.42,80.0,>,score
56003,E2E Full Test Corporation 1769028779 - AI Lab,2024-08-28,P5-KPI6,Partnership Depth,P5,78.34,80.0,>,score
56003,E2E Full Test Corporation 1769028779 - AI Lab,2024-09-27,P5-KPI6,Partnership Depth,P5,76.77,80.0,>,score
56003,E2E Full Test Corporation 1769028779 - AI Lab,2024-10-27,P5-KPI6,Partnership Depth,P5,77.65,80.0,>,score
56003,E2E Full Test Corporation 1769028779 - AI Lab,2024-11-26,P5-KPI6,Partnership Depth,P5,73.0,80.0,>,score
56003,E2E Full Test Corporation 1769028779 - AI Lab,2024-01-01,P5-KPI7,NPS Score,P5,65.07,70.0,>,score
56003,E2E Full Test Corporation 1769028779 - AI Lab,2024-01-31,P5-KPI7,NPS Score,P5,67.04,70.0,>,score
56003,E2E Full Test Corporation 1769028779 - AI Lab,2024-03-01,P5-KPI7,NPS Score,P5,64.87,70.0,>,score
56003,E2E Full Test Corporation 1769028779 - AI Lab,2024-03-31,P5-KPI7,NPS Score,P5,68.3,70.0,>,score
56003,E2E Full Test Corporation 1769028779 - AI Lab,2024-04-30,P5-KPI7,NPS Score,P5,63.84,70.0,>,score
56003,E2E Full Test Corporation 1769028779 - AI Lab,2024-05-30,P5-KPI7,NPS Score,P5,64.15,70.0,>,score
56003,E2E Full Test Corporation 1769028779 - AI Lab,2024-06-29,P5-KPI7,NPS Score,P5,64.94,70.0,>,score
56003,E2E Full Test Corporation 1769028779 - AI Lab,2024-07-29,P5-KPI7,NPS Score,P5,67.44,70.0,>,score
56003,E2E Full Test Corporation 1769028779 - AI Lab,2024-08-28,P5-KPI7,NPS Score,P5,62.48,70.0,>,score
56003,E2E Full Test Corporation 1769028779 - AI Lab,2024-09-27,P5-KPI7,NPS Score,P5,66.18,70.0,>,score
56003,E2E Full Test Corporation 1769028779 - AI Lab,2024-10-27,P5-KPI7,NPS Score,P5,63.17,70.0,>,score
56003,E2E Full Test Corporation 1769028779 - AI Lab,2024-11-26,P5-KPI7,NPS Score,P5,66.81,70.0,>,score
56004,E2E Full Test Corporation 1769028779 - Production,2024-01-01,P1-KPI1,System Uptime,P1,98.0,99.9,>,%
56004,E2E Full Test Corporation 1769028779 - Production,2024-01-31,P1-KPI1,System Uptime,P1,98.24,99.9,>,%
56004,E2E Full Test Corporation 1769028779 - Production,2024-03-01,P1-KPI1,System Uptime,P1,100.0,99.9,>,%
56004,E2E Full Test Corporation 1769028779 - Production,2024-03-31,P1-KPI1,System Uptime,P1,100.0,99.9,>,%
56004,E2E Full Test Corporation 1769028779 - Production,2024-04-30,P1-KPI1,System Uptime,P1,98.14,99.9,>,%
56004,E2E Full Test Corporation 1769028779 - Production,2024-05-30,P1-KPI1,System Uptime,P1,100.0,99.9,>,%
56004,E2E Full Test Corporation 1769028779 - Production,2024-06-29,P1-KPI1,System Uptime,P1,98.0,99.9,>,%
56004,E2E Full Test Corporation 1769028779 - Production,2024-07-29,P1-KPI1,System Uptime,P1,99.25,99.9,>,%
56004,E2E Full Test Corporation 1769028779 - Production,2024-08-28,P1-KPI1,System Uptime,P1,98.0,99.9,>,%
56004,E2E Full Test Corporation 1769028779 - Production,2024-09-27,P1-KPI1,System Uptime,P1,98.0,99.9,>,%
56004,E2E Full Test Corporation 1769028779 - Production,2024-10-27,P1-KPI1,System Uptime,P1,100.0,99.9,>,%
56004,E2E Full Test Corporation 1769028779 - Production,2024-11-26,P1-KPI1,System Uptime,P1,100.0,99.9,>,%
56004,E2E Full Test Corporation 1769028779 - Production,2024-01-01,P1-KPI2,Mean Time to Resolution,P1,3.9,2.0,<,hours
56004,E2E Full Test Corporation 1769028779 - Production,2024-01-31,P1-KPI2,Mean Time to Resolution,P1,3.82,2.0,<,hours
56004,E2E Full Test Corporation 1769028779 - Production,2024-03-01,P1-KPI2,Mean Time to Resolution,P1,3.78,2.0,<,hours
56004,E2E Full Test Corporation 1769028779 - Production,2024-03-31,P1-KPI2,Mean Time to Resolution,P1,3.84,2.0,<,hours
56004,E2E Full Test Corporation 1769028779 - Production,2024-04-30,P1-KPI2,Mean Time to Resolution,P1,3.95,2.0,<,hours
56004,E2E Full Test Corporation 1769028779 - Production,2024-05-30,P1-KPI2,Mean Time to Resolution,P1,4.79,2.0,<,hours
56004,E2E Full Test Corporation 1769028779 - Production,2024-06-29,P1-KPI2,Mean Time to Resolution,P1,4.68,2.0,<,hours
56004,E2E Full Test Corporation 1769028779 - Production,2024-07-29,P1-KPI2,Mean Time to Resolution,P1,4.69,2.0,<,hours
56004,E2E Full Test Corporation 1769028779 - Production,2024-08-28,P1-KPI2,Mean Time to Resolution,P1,3.84,2.0,<,hours
56004,E2E Full Test Corporation 1769028779 - Production,2024-09-27,P1-KPI2,Mean Time to Resolution,P1,3.61,2.0,<,hours
56004,E2E Full Test Corporation 1769028779 - Production,2024-10-27,P1-KPI2,Mean Time to Resolution,P1,3.89,2.0,<,hours
56004,E2E Full Test Corporation 1769028779 - Production,2024-11-26,P1-KPI2,Mean Time to Resolution,P1,3.72,2.0,<,hours
56004,E2E Full Test Corporation 1769028779 - Production,2024-01-01,P1-KPI3,GPU Utilization,P1,80.63,85.0,>,%
56004,E2E Full Test Corporation 1769028779 - Production,2024-01-31,P1-KPI3,GPU Utilization,P1,79.16,85.0,>,%
56004,E2E Full Test Corporation 1769028779 - Production,2024-03-01,P1-KPI3,GPU Utilization,P1,78.86,85.0,>,%
56004,E2E Full Test Corporation 1769028779 - Production,2024-03-31,P1-KPI3,GPU Utilization,P1,81.32,85.0,>,%
56004,E2E Full Test Corporation 1769028779 - Production,2024-04-30,P1-KPI3,GPU Utilization,P1,81.36,85.0,>,%
56004,E2E Full Test Corporation 1769028779 - Production,2024-05-30,P1-KPI3,GPU Utilization,P1,70.67,85.0,>,%
56004,E2E Full Test Corporation 1769028779 - Production,2024-06-29,P1-KPI3,GPU Utilization,P1,77.16,85.0,>,%
56004,E2E Full Test Corporation 1769028779 - Production,2024-07-29,P1-KPI3,GPU Utilization,P1,72.38,85.0,>,%
56004,E2E Full Test Corporation 1769028779 - Production,2024-08-28,P1-KPI3,GPU Utilization,P1,75.93,85.0,>,%
56004,E2E Full Test Corporation 1769028779 - Production,2024-09-27,P1-KPI3,GPU Utilization,P1,80.25,85.0,>,%
56004,E2E Full Test Corporation 1769028779 - Production,2024-10-27,P1-KPI3,GPU Utilization,P1,76.22,85.0,>,%
56004,E2E Full Test Corporation 1769028779 - Production,2024-11-26,P1-KPI3,GPU Utilization,P1,74.81,85.0,>,%
56004,E2E Full Test Corporation 1769028779 - Production,2024-01-01,P1-KPI4,Network Latency,P1,22.17,10.0,<,ms
56004,E2E Full Test Corporation 1769028779 - Production,2024-01-31,P1-KPI4,Network Latency,P1,22.18,10.0,<,ms
56004,E2E Full Test Corporation 1769028779 - Production,2024-03-01,P1-KPI4,Network Latency,P1,22.0,10.0,<,ms
56004,E2E Full Test Corporation 1769028779 - Production,2024-03-31,P1-KPI4,Network Latency,P1,23.09,10.0,<,ms
56004,E2E Full Test Corporation 1769028779 - Production,2024-04-30,P1-KPI4,Network Latency,P1,22.24,10.0,<,ms
56004,E2E Full Test Corporation 1769028779 - Production,2024-05-30,P1-KPI4,Network Latency,P1,28.63,10.0,<,ms
56004,E2E Full Test Corporation 1769028779 - Production,2024-06-29,P1-KPI4,Network Latency,P1,26.74,10.0,<,ms
56004,E2E Full Test Corporation 1769028779 - Production,2024-07-29,P1-KPI4,Network Latency,P1,28.85,10.0,<,ms
56004,E2E Full Test Corporation 1769028779 - Production,2024-08-28,P1-KPI4,Network Latency,P1,22.48,10.0,<,ms
56004,E2E Full Test Corporation 1769028779 - Production,2024-09-27,P1-KPI4,Network Latency,P1,22.4,10.0,<,ms
56004,E2E Full Test Corporation 1769028779 - Production,2024-10-27,P1-KPI4,Network Latency,P1,21.46,10.0,<,ms
56004,E2E Full Test Corporation 1769028779 - Production,2024-11-26,P1-KPI4,Network Latency,P1,22.69,10.0,<,ms
56004,E2E Full Test Corporation 1769028779 - Production,2024-01-01,P1-KPI5,Storage Performance,P1,84663.3,100000.0,>,IOPS
56004,E2E Full Test Corporation 1769028779 - Production,2024-01-31,P1-KPI5,Storage Performance,P1,87779.17,100000.0,>,IOPS
56004,E2E Full Test Corporation 1769028779 - Production,2024-03-01,P1-KPI5,Storage Performance,P1,85981.69,100000.0,>,IOPS
56004,E2E Full Test Corporation 1769028779 - Production,2024-03-31,P1-KPI5,Storage Performance,P1,87344.58,100000.0,>,IOPS
56004,E2E Full Test Corporation 1769028779 - Production,2024-04-30,P1-KPI5,Storage Performance,P1,88148.57,100000.0,>,IOPS
56004,E2E Full Test Corporation 1769028779 - Production,2024-05-30,P1-KPI5,Storage Performance,P1,75068.03,100000.0,>,IOPS
56004,E2E Full Test Corporation 1769028779 - Production,2024-06-29,P1-KPI5,Storage Performance,P1,77890.86,100000.0,>,IOPS
56004,E2E Full Test Corporation 1769028779 - Production,2024-07-29,P1-KPI5,Storage Performance,P1,76284.48,100000.0,>,IOPS
56004,E2E Full Test Corporation 1769028779 - Production,2024-08-28,P1-KPI5,Storage Performance,P1,84234.49,100000.0,>,IOPS
56004,E2E Full Test Corporation 1769028779 - Production,2024-09-27,P1-KPI5,Storage Performance,P1,85601.43,100000.0,>,IOPS
56004,E2E Full Test Corporation 1769028779 - Production,2024-10-27,P1-KPI5,Storage Performance,P1,84662.18,100000.0,>,IOPS
56004,E2E Full Test Corporation 1769028779 - Production,2024-11-26,P1-KPI5,Storage Performance,P1,82113.9,100000.0,>,IOPS
56004,E2E Full Test Corporation 1769028779 - Production,2024-01-01,P1-KPI6,Cooling Efficiency,P1,1.49,1.3,<,PUE
56004,E2E Full Test Corporation 1769028779 - Production,2024-01-31,P1-KPI6,Cooling Efficiency,P1,1.51,1.3,<,PUE
56004,E2E Full Test Corporation 1769028779 - Production,2024-03-01,P1-KPI6,Cooling Efficiency,P1,1.44,1.3,<,PUE
56004,E2E Full Test Corporation 1769028779 - Production,2024-03-31,P1-KPI6,Cooling Efficiency,P1,1.43,1.3,<,PUE
56004,E2E Full Test Corporation 1769028779 - Production,2024-04-30,P1-KPI6,Cooling Efficiency,P1,1.5,1.3,<,PUE
56004,E2E Full Test Corporation 1769028779 - Production,2024-05-30,P1-KPI6,Cooling Efficiency,P1,1.47,1.3,<,PUE
56004,E2E Full Test Corporation 1769028779 - Production,2024-06-29,P1-KPI6,Cooling Efficiency,P1,1.53,1.3,<,PUE
56004,E2E Full Test Corporation 1769028779 - Production,2024-07-29,P1-KPI6,Cooling Efficiency,P1,1.46,1.3,<,PUE
56004,E2E Full Test Corporation 1769028779 - Production,2024-08-28,P1-KPI6,Cooling Efficiency,P1,1.47,1.3,<,PUE
56004,E2E Full Test Corporation 1769028779 - Production,2024-09-27,P1-KPI6,Cooling Efficiency,P1,1.51,1.3,<,PUE
56004,E2E Full Test Corporation 1769028779 - Production,2024-10-27,P1-KPI6,Cooling Efficiency,P1,1.49,1.3,<,PUE
56004,E2E Full Test Corporation 1769028779 - Production,2024-11-26,P1-KPI6,Cooling Efficiency,P1,1.48,1.3,<,PUE
56004,E2E Full Test Corporation 1769028779 - Production,2024-01-01,P1-KPI7,Power Usage,P1,579.63,500.0,<,kW
56004,E2E Full Test Corporation 1769028779 - Production,2024-01-31,P1-KPI7,Power Usage,P1,609.83,500.0,<,kW
56004,E2E Full Test Corporation 1769028779 - Production,2024-03-01,P1-KPI7,Power Usage,P1,609.74,500.0,<,kW
56004,E2E Full Test Corporation 1769028779 - Production,2024-03-31,P1-KPI7,Power Usage,P1,607.16,500.0,<,kW
56004,E2E Full Test Corporation 1769028779 - Production,2024-04-30,P1-KPI7,Power Usage,P1,576.57,500.0,<,kW
56004,E2E Full Test Corporation 1769028779 - Production,2024-05-30,P1-KPI7,Power Usage,P1,635.31,500.0,<,kW
56004,E2E Full Test Corporation 1769028779 - Production,2024-06-29,P1-KPI7,Power Usage,P1,663.25,500.0,<,kW
56004,E2E Full Test Corporation 1769028779 - Production,2024-07-29,P1-KPI7,Power Usage,P1,626.3,500.0,<,kW
56004,E2E Full Test Corporation 1769028779 - Production,2024-08-28,P1-KPI7,Power Usage,P1,589.82,500.0,<,kW
56004,E2E Full Test Corporation 1769028779 - Production,2024-09-27,P1-KPI7,Power Usage,P1,616.88,500.0,<,kW
56004,E2E Full Test Corporation 1769028779 - Production,2024-10-27,P1-KPI7,Power Usage,P1,587.12,500.0,<,kW
56004,E2E Full Test Corporation 1769028779 - Production,2024-11-26,P1-KPI7,Power Usage,P1,562.32,500.0,<,kW
56004,E2E Full Test Corporation 1769028779 - Production,2024-01-01,P1-KPI8,Thermal Management,P1,27.9,25.0,<,°C
56004,E2E Full Test Corporation 1769028779 - Production,2024-01-31,P1-KPI8,Thermal Management,P1,29.03,25.0,<,°C
56004,E2E Full Test Corporation 1769028779 - Production,2024-03-01,P1-KPI8,Thermal Management,P1,27.29,25.0,<,°C
56004,E2E Full Test Corporation 1769028779 - Production,2024-03-31,P1-KPI8,Thermal Management,P1,27.44,25.0,<,°C
56004,E2E Full Test Corporation 1769028779 - Production,2024-04-30,P1-KPI8,Thermal Management,P1,27.65,25.0,<,°C
56004,E2E Full Test Corporation 1769028779 - Production,2024-05-30,P1-KPI8,Thermal Management,P1,30.08,25.0,<,°C
56004,E2E Full Test Corporation 1769028779 - Production,2024-06-29,P1-KPI8,Thermal Management,P1,29.87,25.0,<,°C
56004,E2E Full Test Corporation 1769028779 - Production,2024-07-29,P1-KPI8,Thermal Management,P1,30.24,25.0,<,°C
56004,E2E Full Test Corporation 1769028779 - Production,2024-08-28,P1-KPI8,Thermal Management,P1,27.34,25.0,<,°C
56004,E2E Full Test Corporation 1769028779 - Production,2024-09-27,P1-KPI8,Thermal Management,P1,27.57,25.0,<,°C
56004,E2E Full Test Corporation 1769028779 - Production,2024-10-27,P1-KPI8,Thermal Management,P1,28.53,25.0,<,°C
56004,E2E Full Test Corporation 1769028779 - Production,2024-11-26,P1-KPI8,Thermal Management,P1,27.33,25.0,<,°C
56004,E2E Full Test Corporation 1769028779 - Production,2024-01-01,P2-KPI1,SLA Compliance,P2,95.28,99.0,>,%
56004,E2E Full Test Corporation 1769028779 - Production,2024-01-31,P2-KPI1,SLA Compliance,P2,95.58,99.0,>,%
56004,E2E Full Test Corporation 1769028779 - Production,2024-03-01,P2-KPI1,SLA Compliance,P2,100.0,99.0,>,%
56004,E2E Full Test Corporation 1769028779 - Production,2024-03-31,P2-KPI1,SLA Compliance,P2,97.88,99.0,>,%
56004,E2E Full Test Corporation 1769028779 - Production,2024-04-30,P2-KPI1,SLA Compliance,P2,100.0,99.0,>,%
56004,E2E Full Test Corporation 1769028779 - Production,2024-05-30,P2-KPI1,SLA Compliance,P2,95.73,99.0,>,%
56004,E2E Full Test Corporation 1769028779 - Production,2024-06-29,P2-KPI1,SLA Compliance,P2,95.0,99.0,>,%
56004,E2E Full Test Corporation 1769028779 - Production,2024-07-29,P2-KPI1,SLA Compliance,P2,100.0,99.0,>,%
56004,E2E Full Test Corporation 1769028779 - Production,2024-08-28,P2-KPI1,SLA Compliance,P2,95.0,99.0,>,%
56004,E2E Full Test Corporation 1769028779 - Production,2024-09-27,P2-KPI1,SLA Compliance,P2,100.0,99.0,>,%
56004,E2E Full Test Corporation 1769028779 - Production,2024-10-27,P2-KPI1,SLA Compliance,P2,97.58,99.0,>,%
56004,E2E Full Test Corporation 1769028779 - Production,2024-11-26,P2-KPI1,SLA Compliance,P2,99.43,99.0,>,%
56004,E2E Full Test Corporation 1769028779 - Production,2024-01-01,P2-KPI2,Incident Response Time,P2,27.78,15.0,<,minutes
56004,E2E Full Test Corporation 1769028779 - Production,2024-01-31,P2-KPI2,Incident Response Time,P2,28.54,15.0,<,minutes
56004,E2E Full Test Corporation 1769028779 - Production,2024-03-01,P2-KPI2,Incident Response Time,P2,29.65,15.0,<,minutes
56004,E2E Full Test Corporation 1769028779 - Production,2024-03-31,P2-KPI2,Incident Response Time,P2,27.19,15.0,<,minutes
56004,E2E Full Test Corporation 1769028779 - Production,2024-04-30,P2-KPI2,Incident Response Time,P2,27.44,15.0,<,minutes
56004,E2E Full Test Corporation 1769028779 - Production,2024-05-30,P2-KPI2,Incident Response Time,P2,35.52,15.0,<,minutes
56004,E2E Full Test Corporation 1769028779 - Production,2024-06-29,P2-KPI2,Incident Response Time,P2,37.0,15.0,<,minutes
56004,E2E Full Test Corporation 1769028779 - Production,2024-07-29,P2-KPI2,Incident Response Time,P2,34.09,15.0,<,minutes
56004,E2E Full Test Corporation 1769028779 - Production,2024-08-28,P2-KPI2,Incident Response Time,P2,27.39,15.0,<,minutes
56004,E2E Full Test Corporation 1769028779 - Production,2024-09-27,P2-KPI2,Incident Response Time,P2,29.76,15.0,<,minutes
56004,E2E Full Test Corporation 1769028779 - Production,2024-10-27,P2-KPI2,Incident Response Time,P2,27.23,15.0,<,minutes
56004,E2E Full Test Corporation 1769028779 - Production,2024-11-26,P2-KPI2,Incident Response Time,P2,29.84,15.0,<,minutes
56004,E2E Full Test Corporation 1769028779 - Production,2024-01-01,P2-KPI3,Change Success Rate,P2,92.76,98.0,>,%
56004,E2E Full Test Corporation 1769028779 - Production,2024-01-31,P2-KPI3,Change Success Rate,P2,97.7,98.0,>,%
56004,E2E Full Test Corporation 1769028779 - Production,2024-03-01,P2-KPI3,Change Success Rate,P2,96.48,98.0,>,%
56004,E2E Full Test Corporation 1769028779 - Production,2024-03-31,P2-KPI3,Change Success Rate,P2,99.86,98.0,>,%
56004,E2E Full Test Corporation 1769028779 - Production,2024-04-30,P2-KPI3,Change Success Rate,P2,92.86,98.0,>,%
56004,E2E Full Test Corporation 1769028779 - Production,2024-05-30,P2-KPI3,Change Success Rate,P2,94.45,98.0,>,%
56004,E2E Full Test Corporation 1769028779 - Production,2024-06-29,P2-KPI3,Change Success Rate,P2,93.46,98.0,>,%
56004,E2E Full Test Corporation 1769028779 - Production,2024-07-29,P2-KPI3,Change Success Rate,P2,97.65,98.0,>,%
56004,E2E Full Test Corporation 1769028779 - Production,2024-08-28,P2-KPI3,Change Success Rate,P2,95.78,98.0,>,%
56004,E2E Full Test Corporation 1769028779 - Production,2024-09-27,P2-KPI3,Change Success Rate,P2,99.36,98.0,>,%
56004,E2E Full Test Corporation 1769028779 - Production,2024-10-27,P2-KPI3,Change Success Rate,P2,91.9,98.0,>,%
56004,E2E Full Test Corporation 1769028779 - Production,2024-11-26,P2-KPI3,Change Success Rate,P2,92.81,98.0,>,%
56004,E2E Full Test Corporation 1769028779 - Production,2024-01-01,P2-KPI4,Backup Success Rate,P2,98.32,100.0,>,%
56004,E2E Full Test Corporation 1769028779 - Production,2024-01-31,P2-KPI4,Backup Success Rate,P2,100.0,100.0,>,%
56004,E2E Full Test Corporation 1769028779 - Production,2024-03-01,P2-KPI4,Backup Success Rate,P2,98.97,100.0,>,%
56004,E2E Full Test Corporation 1769028779 - Production,2024-03-31,P2-KPI4,Backup Success Rate,P2,100.0,100.0,>,%
56004,E2E Full Test Corporation 1769028779 - Production,2024-04-30,P2-KPI4,Backup Success Rate,P2,99.34,100.0,>,%
56004,E2E Full Test Corporation 1769028779 - Production,2024-05-30,P2-KPI4,Backup Success Rate,P2,95.0,100.0,>,%
56004,E2E Full Test Corporation 1769028779 - Production,2024-06-29,P2-KPI4,Backup Success Rate,P2,95.47,100.0,>,%
56004,E2E Full Test Corporation 1769028779 - Production,2024-07-29,P2-KPI4,Backup Success Rate,P2,100.0,100.0,>,%
56004,E2E Full Test Corporation 1769028779 - Production,2024-08-28,P2-KPI4,Backup Success Rate,P2,100.0,100.0,>,%
56004,E2E Full Test Corporation 1769028779 - Production,2024-09-27,P2-KPI4,Backup Success Rate,P2,95.0,100.0,>,%
56004,E2E Full Test Corporation 1769028779 - Production,2024-10-27,P2-KPI4,Backup Success Rate,P2,97.57,100.0,>,%
56004,E2E Full Test Corporation 1769028779 - Production,2024-11-26,P2-KPI4,Backup Success Rate,P2,100.0,100.0,>,%
56004,E2E Full Test Corporation 1769028779 - Production,2024-01-01,P2-KPI5,Patch Compliance,P2,92.43,95.0,>,%
56004,E2E Full Test Corporation 1769028779 - Production,2024-01-31,P2-KPI5,Patch Compliance,P2,88.2,95.0,>,%
56004,E2E Full Test Corporation 1769028779 - Production,2024-03-01,P2-KPI5,Patch Compliance,P2,91.62,95.0,>,%
56004,E2E Full Test Corporation 1769028779 - Production,2024-03-31,P2-KPI5,Patch Compliance,P2,94.71,95.0,>,%
56004,E2E Full Test Corporation 1769028779 - Production,2024-04-30,P2-KPI5,Patch Compliance,P2,93.05,95.0,>,%
56004,E2E Full Test Corporation 1769028779 - Production,2024-05-30,P2-KPI5,Patch Compliance,P2,85.06,95.0,>,%
56004,E2E Full Test Corporation 1769028779 - Production,2024-06-29,P2-KPI5,Patch Compliance,P2,92.43,95.0,>,%
56004,E2E Full Test Corporation 1769028779 - Production,2024-07-29,P2-KPI5,Patch Compliance,P2,85.83,95.0,>,%
56004,E2E Full Test Corporation 1769028779 - Production,2024-08-28,P2-KPI5,Patch Compliance,P2,94.71,95.0,>,%
56004,E2E Full Test Corporation 1769028779 - Production,2024-09-27,P2-KPI5,Patch Compliance,P2,91.79,95.0,>,%
56004,E2E Full Test Corporation 1769028779 - Production,2024-10-27,P2-KPI5,Patch Compliance,P2,89.58,95.0,>,%
56004,E2E Full Test Corporation 1769028779 - Production,2024-11-26,P2-KPI5,Patch Compliance,P2,92.13,95.0,>,%
56004,E2E Full Test Corporation 1769028779 - Production,2024-01-01,P2-KPI6,Service Request Fulfillment,P2,5.35,3.0,<,days
56004,E2E Full Test Corporation 1769028779 - Production,2024-01-31,P2-KPI6,Service Request Fulfillment,P2,5.07,3.0,<,days
56004,E2E Full Test Corporation 1769028779 - Production,2024-03-01,P2-KPI6,Service Request Fulfillment,P2,5.31,3.0,<,days
56004,E2E Full Test Corporation 1769028779 - Production,2024-03-31,P2-KPI6,Service Request Fulfillment,P2,5.31,3.0,<,days
56004,E2E Full Test Corporation 1769028779 - Production,2024-04-30,P2-KPI6,Service Request Fulfillment,P2,5.06,3.0,<,days
56004,E2E Full Test Corporation 1769028779 - Production,2024-05-30,P2-KPI6,Service Request Fulfillment,P2,5.86,3.0,<,days
56004,E2E Full Test Corporation 1769028779 - Production,2024-06-29,P2-KPI6,Service Request Fulfillment,P2,6.27,3.0,<,days
56004,E2E Full Test Corporation 1769028779 - Production,2024-07-29,P2-KPI6,Service Request Fulfillment,P2,6.05,3.0,<,days
56004,E2E Full Test Corporation 1769028779 - Production,2024-08-28,P2-KPI6,Service Request Fulfillment,P2,4.9,3.0,<,days
56004,E2E Full Test Corporation 1769028779 - Production,2024-09-27,P2-KPI6,Service Request Fulfillment,P2,4.98,3.0,<,days
56004,E2E Full Test Corporation 1769028779 - Production,2024-10-27,P2-KPI6,Service Request Fulfillment,P2,5.19,3.0,<,days
56004,E2E Full Test Corporation 1769028779 - Production,2024-11-26,P2-KPI6,Service Request Fulfillment,P2,5.05,3.0,<,days
56004,E2E Full Test Corporation 1769028779 - Production,2024-01-01,P2-KPI7,Capacity Planning Accuracy,P2,84.69,90.0,>,%
56004,E2E Full Test Corporation 1769028779 - Production,2024-01-31,P2-KPI7,Capacity Planning Accuracy,P2,85.95,90.0,>,%
56004,E2E Full Test Corporation 1769028779 - Production,2024-03-01,P2-KPI7,Capacity Planning Accuracy,P2,84.62,90.0,>,%
56004,E2E Full Test Corporation 1769028779 - Production,2024-03-31,P2-KPI7,Capacity Planning Accuracy,P2,81.88,90.0,>,%
56004,E2E Full Test Corporation 1769028779 - Production,2024-04-30,P2-KPI7,Capacity Planning Accuracy,P2,81.83,90.0,>,%
56004,E2E Full Test Corporation 1769028779 - Production,2024-05-30,P2-KPI7,Capacity Planning Accuracy,P2,77.1,90.0,>,%
56004,E2E Full Test Corporation 1769028779 - Production,2024-06-29,P2-KPI7,Capacity Planning Accuracy,P2,84.55,90.0,>,%
56004,E2E Full Test Corporation 1769028779 - Production,2024-07-29,P2-KPI7,Capacity Planning Accuracy,P2,78.69,90.0,>,%
56004,E2E Full Test Corporation 1769028779 - Production,2024-08-28,P2-KPI7,Capacity Planning Accuracy,P2,87.15,90.0,>,%
56004,E2E Full Test Corporation 1769028779 - Production,2024-09-27,P2-KPI7,Capacity Planning Accuracy,P2,86.45,90.0,>,%
56004,E2E Full Test Corporation 1769028779 - Production,2024-10-27,P2-KPI7,Capacity Planning Accuracy,P2,87.97,90.0,>,%
56004,E2E Full Test Corporation 1769028779 - Production,2024-11-26,P2-KPI7,Capacity Planning Accuracy,P2,84.07,90.0,>,%
56004,E2E Full Test Corporation 1769028779 - Production,2024-01-01,P2-KPI8,Documentation Quality,P2,75.03,85.0,>,score
56004,E2E Full Test Corporation 1769028779 - Production,2024-01-31,P2-KPI8,Documentation Quality,P2,78.31,85.0,>,score
56004,E2E Full Test Corporation 1769028779 - Production,2024-03-01,P2-KPI8,Documentation Quality,P2,78.15,85.0,>,score
56004,E2E Full Test Corporation 1769028779 - Production,2024-03-31,P2-KPI8,Documentation Quality,P2,81.22,85.0,>,score
56004,E2E Full Test Corporation 1769028779 - Production,2024-04-30,P2-KPI8,Documentation Quality,P2,80.17,85.0,>,score
56004,E2E Full Test Corporation 1769028779 - Production,2024-05-30,P2-KPI8,Documentation Quality,P2,71.65,85.0,>,score
56004,E2E Full Test Corporation 1769028779 - Production,2024-06-29,P2-KPI8,Documentation Quality,P2,70.31,85.0,>,score
56004,E2E Full Test Corporation 1769028779 - Production,2024-07-29,P2-KPI8,Documentation Quality,P2,70.73,85.0,>,score
56004,E2E Full Test Corporation 1769028779 - Production,2024-08-28,P2-KPI8,Documentation Quality,P2,76.81,85.0,>,score
56004,E2E Full Test Corporation 1769028779 - Production,2024-09-27,P2-KPI8,Documentation Quality,P2,76.56,85.0,>,score
56004,E2E Full Test Corporation 1769028779 - Production,2024-10-27,P2-KPI8,Documentation Quality,P2,75.58,85.0,>,score
56004,E2E Full Test Corporation 1769028779 - Production,2024-11-26,P2-KPI8,Documentation Quality,P2,75.13,85.0,>,score
56004,E2E Full Test Corporation 1769028779 - Production,2024-01-01,P3-KPI1,CSAT Score,P3,4.23,4.5,>,score
56004,E2E Full Test Corporation 1769028779 - Production,2024-01-31,P3-KPI1,CSAT Score,P3,3.94,4.5,>,score
56004,E2E Full Test Corporation 1769028779 - Production,2024-03-01,P3-KPI1,CSAT Score,P3,4.1,4.5,>,score
56004,E2E Full Test Corporation 1769028779 - Production,2024-03-31,P3-KPI1,CSAT Score,P3,4.11,4.5,>,score
56004,E2E Full Test Corporation 1769028779 - Production,2024-04-30,P3-KPI1,CSAT Score,P3,4.06,4.5,>,score
56004,E2E Full Test Corporation 1769028779 - Production,2024-05-30,P3-KPI1,CSAT Score,P3,3.87,4.5,>,score
56004,E2E Full Test Corporation 1769028779 - Production,2024-06-29,P3-KPI1,CSAT Score,P3,3.64,4.5,>,score
56004,E2E Full Test Corporation 1769028779 - Production,2024-07-29,P3-KPI1,CSAT Score,P3,3.82,4.5,>,score
56004,E2E Full Test Corporation 1769028779 - Production,2024-08-28,P3-KPI1,CSAT Score,P3,4.1,4.5,>,score
56004,E2E Full Test Corporation 1769028779 - Production,2024-09-27,P3-KPI1,CSAT Score,P3,4.04,4.5,>,score
56004,E2E Full Test Corporation 1769028779 - Production,2024-10-27,P3-KPI1,CSAT Score,P3,4.2,4.5,>,score
56004,E2E Full Test Corporation 1769028779 - Production,2024-11-26,P3-KPI1,CSAT Score,P3,4.01,4.5,>,score
56004,E2E Full Test Corporation 1769028779 - Production,2024-01-01,P3-KPI2,Support Ticket Volume,P3,44.63,20.0,<,tickets
56004,E2E Full Test Corporation 1769028779 - Production,2024-01-31,P3-KPI2,Support Ticket Volume,P3,43.78,20.0,<,tickets
56004,E2E Full Test Corporation 1769028779 - Production,2024-03-01,P3-KPI2,Support Ticket Volume,P3,45.97,20.0,<,tickets
56004,E2E Full Test Corporation 1769028779 - Production,2024-03-31,P3-KPI2,Support Ticket Volume,P3,46.2,20.0,<,tickets
56004,E2E Full Test Corporation 1769028779 - Production,2024-04-30,P3-KPI2,Support Ticket Volume,P3,43.81,20.0,<,tickets
56004,E2E Full Test Corporation 1769028779 - Production,2024-05-30,P3-KPI2,Support Ticket Volume,P3,53.63,20.0,<,tickets
56004,E2E Full Test Corporation 1769028779 - Production,2024-06-29,P3-KPI2,Support Ticket Volume,P3,53.23,20.0,<,tickets
56004,E2E Full Test Corporation 1769028779 - Production,2024-07-29,P3-KPI2,Support Ticket Volume,P3,53.84,20.0,<,tickets
56004,E2E Full Test Corporation 1769028779 - Production,2024-08-28,P3-KPI2,Support Ticket Volume,P3,44.59,20.0,<,tickets
56004,E2E Full Test Corporation 1769028779 - Production,2024-09-27,P3-KPI2,Support Ticket Volume,P3,44.55,20.0,<,tickets
56004,E2E Full Test Corporation 1769028779 - Production,2024-10-27,P3-KPI2,Support Ticket Volume,P3,44.39,20.0,<,tickets
56004,E2E Full Test Corporation 1769028779 - Production,2024-11-26,P3-KPI2,Support Ticket Volume,P3,46.15,20.0,<,tickets
56004,E2E Full Test Corporation 1769028779 - Production,2024-01-01,P3-KPI3,First Contact Resolution,P3,66.84,75.0,>,%
56004,E2E Full Test Corporation 1769028779 - Production,2024-01-31,P3-KPI3,First Contact Resolution,P3,67.3,75.0,>,%
56004,E2E Full Test Corporation 1769028779 - Production,2024-03-01,P3-KPI3,First Contact Resolution,P3,67.78,75.0,>,%
56004,E2E Full Test Corporation 1769028779 - Production,2024-03-31,P3-KPI3,First Contact Resolution,P3,66.47,75.0,>,%
56004,E2E Full Test Corporation 1769028779 - Production,2024-04-30,P3-KPI3,First Contact Resolution,P3,68.34,75.0,>,%
56004,E2E Full Test Corporation 1769028779 - Production,2024-05-30,P3-KPI3,First Contact Resolution,P3,64.19,75.0,>,%
56004,E2E Full Test Corporation 1769028779 - Production,2024-06-29,P3-KPI3,First Contact Resolution,P3,60.86,75.0,>,%
56004,E2E Full Test Corporation 1769028779 - Production,2024-07-29,P3-KPI3,First Contact Resolution,P3,65.88,75.0,>,%
56004,E2E Full Test Corporation 1769028779 - Production,2024-08-28,P3-KPI3,First Contact Resolution,P3,67.81,75.0,>,%
56004,E2E Full Test Corporation 1769028779 - Production,2024-09-27,P3-KPI3,First Contact Resolution,P3,65.33,75.0,>,%
56004,E2E Full Test Corporation 1769028779 - Production,2024-10-27,P3-KPI3,First Contact Resolution,P3,68.46,75.0,>,%
56004,E2E Full Test Corporation 1769028779 - Production,2024-11-26,P3-KPI3,First Contact Resolution,P3,64.93,75.0,>,%
56004,E2E Full Test Corporation 1769028779 - Production,2024-01-01,P3-KPI4,Training Completion,P3,83.09,90.0,>,%
56004,E2E Full Test Corporation 1769028779 - Production,2024-01-31,P3-KPI4,Training Completion,P3,80.07,90.0,>,%
56004,E2E Full Test Corporation 1769028779 - Production,2024-03-01,P3-KPI4,Training Completion,P3,78.48,90.0,>,%
56004,E2E Full Test Corporation 1769028779 - Production,2024-03-31,P3-KPI4,Training Completion,P3,82.52,90.0,>,%
56004,E2E Full Test Corporation 1769028779 - Production,2024-04-30,P3-KPI4,Training Completion,P3,83.63,90.0,>,%
56004,E2E Full Test Corporation 1769028779 - Production,2024-05-30,P3-KPI4,Training Completion,P3,75.29,90.0,>,%
56004,E2E Full Test Corporation 1769028779 - Production,2024-06-29,P3-KPI4,Training Completion,P3,76.47,90.0,>,%
56004,E2E Full Test Corporation 1769028779 - Production,2024-07-29,P3-KPI4,Training Completion,P3,78.77,90.0,>,%
56004,E2E Full Test Corporation 1769028779 - Production,2024-08-28,P3-KPI4,Training Completion,P3,84.24,90.0,>,%
56004,E2E Full Test Corporation 1769028779 - Production,2024-09-27,P3-KPI4,Training Completion,P3,82.87,90.0,>,%
56004,E2E Full Test Corporation 1769028779 - Production,2024-10-27,P3-KPI4,Training Completion,P3,82.53,90.0,>,%
56004,E2E Full Test Corporation 1769028779 - Production,2024-11-26,P3-KPI4,Training Completion,P3,83.36,90.0,>,%
56004,E2E Full Test Corporation 1769028779 - Production,2024-01-01,P3-KPI5,User Adoption Rate,P3,74.0,80.0,>,%
56004,E2E Full Test Corporation 1769028779 - Production,2024-01-31,P3-KPI5,User Adoption Rate,P3,68.02,80.0,>,%
56004,E2E Full Test Corporation 1769028779 - Production,2024-03-01,P3-KPI5,User Adoption Rate,P3,73.22,80.0,>,%
56004,E2E Full Test Corporation 1769028779 - Production,2024-03-31,P3-KPI5,User Adoption Rate,P3,72.41,80.0,>,%
56004,E2E Full Test Corporation 1769028779 - Production,2024-04-30,P3-KPI5,User Adoption Rate,P3,73.34,80.0,>,%
56004,E2E Full Test Corporation 1769028779 - Production,2024-05-30,P3-KPI5,User Adoption Rate,P3,68.39,80.0,>,%
56004,E2E Full Test Corporation 1769028779 - Production,2024-06-29,P3-KPI5,User Adoption Rate,P3,66.95,80.0,>,%
56004,E2E Full Test Corporation 1769028779 - Production,2024-07-29,P3-KPI5,User Adoption Rate,P3,63.64,80.0,>,%
56004,E2E Full Test Corporation 1769028779 - Production,2024-08-28,P3-KPI5,User Adoption Rate,P3,74.34,80.0,>,%
56004,E2E Full Test Corporation 1769028779 - Production,2024-09-27,P3-KPI5,User Adoption Rate,P3,74.45,80.0,>,%
56004,E2E Full Test Corporation 1769028779 - Production,2024-10-27,P3-KPI5,User Adoption Rate,P3,69.23,80.0,>,%
56004,E2E Full Test Corporation 1769028779 - Production,2024-11-26,P3-KPI5,User Adoption Rate,P3,74.4,80.0,>,%
56004,E2E Full Test Corporation 1769028779 - Production,2024-01-01,P3-KPI6,Executive Engagement,P3,3.32,4.0,>,meetings/quarter
56004,E2E Full Test Corporation 1769028779 - Production,2024-01-31,P3-KPI6,Executive Engagement,P3,3.34,4.0,>,meetings/quarter
56004,E2E Full Test Corporation 1769028779 - Production,2024-03-01,P3-KPI6,Executive Engagement,P3,3.43,4.0,>,meetings/quarter
56004,E2E Full Test Corporation 1769028779 - Production,2024-03-31,P3-KPI6,Executive Engagement,P3,3.28,4.0,>,meetings/quarter
56004,E2E Full Test Corporation 1769028779 - Production,2024-04-30,P3-KPI6,Executive Engagement,P3,3.45,4.0,>,meetings/quarter
56004,E2E Full Test Corporation 1769028779 - Production,2024-05-30,P3-KPI6,Executive Engagement,P3,2.97,4.0,>,meetings/quarter
56004,E2E Full Test Corporation 1769028779 - Production,2024-06-29,P3-KPI6,Executive Engagement,P3,3.09,4.0,>,meetings/quarter
56004,E2E Full Test Corporation 1769028779 - Production,2024-07-29,P3-KPI6,Executive Engagement,P3,3.05,4.0,>,meetings/quarter
56004,E2E Full Test Corporation 1769028779 - Production,2024-08-28,P3-KPI6,Executive Engagement,P3,3.23,4.0,>,meetings/quarter
56004,E2E Full Test Corporation 1769028779 - Production,2024-09-27,P3-KPI6,Executive Engagement,P3,3.27,4.0,>,meetings/quarter
56004,E2E Full Test Corporation 1769028779 - Production,2024-10-27,P3-KPI6,Executive Engagement,P3,3.56,4.0,>,meetings/quarter
56004,E2E Full Test Corporation 1769028779 - Production,2024-11-26,P3-KPI6,Executive Engagement,P3,3.45,4.0,>,meetings/quarter
56004,E2E Full Test Corporation 1769028779 - Production,2024-01-01,P3-KPI7,Response Time SLA,P3,55.25,30.0,<,minutes
56004,E2E Full Test Corporation 1769028779 - Production,2024-01-31,P3-KPI7,Response Time SLA,P3,58.68,30.0,<,minutes
56004,E2E Full Test Corporation 1769028779 - Production,2024-03-01,P3-KPI7,Response Time SLA,P3,58.12,30.0,<,minutes
56004,E2E Full Test Corporation 1769028779 - Production,2024-03-31,P3-KPI7,Response Time SLA,P3,56.13,30.0,<,minutes
56004,E2E Full Test Corporation 1769028779 - Production,2024-04-30,P3-KPI7,Response Time SLA,P3,58.22,30.0,<,minutes
56004,E2E Full Test Corporation 1769028779 - Production,2024-05-30,P3-KPI7,Response Time SLA,P3,72.47,30.0,<,minutes
56004,E2E Full Test Corporation 1769028779 - Production,2024-06-29,P3-KPI7,Response Time SLA,P3,70.64,30.0,<,minutes
56004,E2E Full Test Corporation 1769028779 - Production,2024-07-29,P3-KPI7,Response Time SLA,P3,68.45,30.0,<,minutes
56004,E2E Full Test Corporation 1769028779 - Production,2024-08-28,P3-KPI7,Response Time SLA,P3,57.96,30.0,<,minutes
56004,E2E Full Test Corporation 1769028779 - Production,2024-09-27,P3-KPI7,Response Time SLA,P3,54.92,30.0,<,minutes
56004,E2E Full Test Corporation 1769028779 - Production,2024-10-27,P3-KPI7,Response Time SLA,P3,58.65,30.0,<,minutes
56004,E2E Full Test Corporation 1769028779 - Production,2024-11-26,P3-KPI7,Response Time SLA,P3,54.46,30.0,<,minutes
56004,E2E Full Test Corporation 1769028779 - Production,2024-01-01,P4-KPI1,ROI Achievement,P4,138.04,150.0,>,%
56004,E2E Full Test Corporation 1769028779 - Production,2024-01-31,P4-KPI1,ROI Achievement,P4,134.14,150.0,>,%
56004,E2E Full Test Corporation 1769028779 - Production,2024-03-01,P4-KPI1,ROI Achievement,P4,135.47,150.0,>,%
56004,E2E Full Test Corporation 1769028779 - Production,2024-03-31,P4-KPI1,ROI Achievement,P4,138.73,150.0,>,%
56004,E2E Full Test Corporation 1769028779 - Production,2024-04-30,P4-KPI1,ROI Achievement,P4,133.02,150.0,>,%
56004,E2E Full Test Corporation 1769028779 - Production,2024-05-30,P4-KPI1,ROI Achievement,P4,123.22,150.0,>,%
56004,E2E Full Test Corporation 1769028779 - Production,2024-06-29,P4-KPI1,ROI Achievement,P4,126.91,150.0,>,%
56004,E2E Full Test Corporation 1769028779 - Production,2024-07-29,P4-KPI1,ROI Achievement,P4,129.92,150.0,>,%
56004,E2E Full Test Corporation 1769028779 - Production,2024-08-28,P4-KPI1,ROI Achievement,P4,130.98,150.0,>,%
56004,E2E Full Test Corporation 1769028779 - Production,2024-09-27,P4-KPI1,ROI Achievement,P4,139.16,150.0,>,%
56004,E2E Full Test Corporation 1769028779 - Production,2024-10-27,P4-KPI1,ROI Achievement,P4,136.72,150.0,>,%
56004,E2E Full Test Corporation 1769028779 - Production,2024-11-26,P4-KPI1,ROI Achievement,P4,139.43,150.0,>,%
56004,E2E Full Test Corporation 1769028779 - Production,2024-01-01,P4-KPI2,Cost Reduction,P4,13.4,20.0,>,%
56004,E2E Full Test Corporation 1769028779 - Production,2024-01-31,P4-KPI2,Cost Reduction,P4,13.55,20.0,>,%
56004,E2E Full Test Corporation 1769028779 - Production,2024-03-01,P4-KPI2,Cost Reduction,P4,13.34,20.0,>,%
56004,E2E Full Test Corporation 1769028779 - Production,2024-03-31,P4-KPI2,Cost Reduction,P4,14.29,20.0,>,%
56004,E2E Full Test Corporation 1769028779 - Production,2024-04-30,P4-KPI2,Cost Reduction,P4,13.53,20.0,>,%
56004,E2E Full Test Corporation 1769028779 - Production,2024-05-30,P4-KPI2,Cost Reduction,P4,10.48,20.0,>,%
56004,E2E Full Test Corporation 1769028779 - Production,2024-06-29,P4-KPI2,Cost Reduction,P4,11.2,20.0,>,%
56004,E2E Full Test Corporation 1769028779 - Production,2024-07-29,P4-KPI2,Cost Reduction,P4,11.17,20.0,>,%
56004,E2E Full Test Corporation 1769028779 - Production,2024-08-28,P4-KPI2,Cost Reduction,P4,14.29,20.0,>,%
56004,E2E Full Test Corporation 1769028779 - Production,2024-09-27,P4-KPI2,Cost Reduction,P4,13.53,20.0,>,%
56004,E2E Full Test Corporation 1769028779 - Production,2024-10-27,P4-KPI2,Cost Reduction,P4,14.38,20.0,>,%
56004,E2E Full Test Corporation 1769028779 - Production,2024-11-26,P4-KPI2,Cost Reduction,P4,13.73,20.0,>,%
56004,E2E Full Test Corporation 1769028779 - Production,2024-01-01,P4-KPI3,Time to Value,P4,118.63,90.0,<,days
56004,E2E Full Test Corporation 1769028779 - Production,2024-01-31,P4-KPI3,Time to Value,P4,114.93,90.0,<,days
56004,E2E Full Test Corporation 1769028779 - Production,2024-03-01,P4-KPI3,Time to Value,P4,114.74,90.0,<,days
56004,E2E Full Test Corporation 1769028779 - Production,2024-03-31,P4-KPI3,Time to Value,P4,122.79,90.0,<,days
56004,E2E Full Test Corporation 1769028779 - Production,2024-04-30,P4-KPI3,Time to Value,P4,112.01,90.0,<,days
56004,E2E Full Test Corporation 1769028779 - Production,2024-05-30,P4-KPI3,Time to Value,P4,136.44,90.0,<,days
56004,E2E Full Test Corporation 1769028779 - Production,2024-06-29,P4-KPI3,Time to Value,P4,128.67,90.0,<,days
56004,E2E Full Test Corporation 1769028779 - Production,2024-07-29,P4-KPI3,Time to Value,P4,132.86,90.0,<,days
56004,E2E Full Test Corporation 1769028779 - Production,2024-08-28,P4-KPI3,Time to Value,P4,118.9,90.0,<,days
56004,E2E Full Test Corporation 1769028779 - Production,2024-09-27,P4-KPI3,Time to Value,P4,112.67,90.0,<,days
56004,E2E Full Test Corporation 1769028779 - Production,2024-10-27,P4-KPI3,Time to Value,P4,118.43,90.0,<,days
56004,E2E Full Test Corporation 1769028779 - Production,2024-11-26,P4-KPI3,Time to Value,P4,114.21,90.0,<,days
56004,E2E Full Test Corporation 1769028779 - Production,2024-01-01,P4-KPI4,Revenue Enablement,P4,3.71,5.0,>,$M
56004,E2E Full Test Corporation 1769028779 - Production,2024-01-31,P4-KPI4,Revenue Enablement,P4,3.7,5.0,>,$M
56004,E2E Full Test Corporation 1769028779 - Production,2024-03-01,P4-KPI4,Revenue Enablement,P4,3.7,5.0,>,$M
56004,E2E Full Test Corporation 1769028779 - Production,2024-03-31,P4-KPI4,Revenue Enablement,P4,3.76,5.0,>,$M
56004,E2E Full Test Corporation 1769028779 - Production,2024-04-30,P4-KPI4,Revenue Enablement,P4,3.72,5.0,>,$M
56004,E2E Full Test Corporation 1769028779 - Production,2024-05-30,P4-KPI4,Revenue Enablement,P4,3.05,5.0,>,$M
56004,E2E Full Test Corporation 1769028779 - Production,2024-06-29,P4-KPI4,Revenue Enablement,P4,3.14,5.0,>,$M
56004,E2E Full Test Corporation 1769028779 - Production,2024-07-29,P4-KPI4,Revenue Enablement,P4,3.26,5.0,>,$M
56004,E2E Full Test Corporation 1769028779 - Production,2024-08-28,P4-KPI4,Revenue Enablement,P4,3.76,5.0,>,$M
56004,E2E Full Test Corporation 1769028779 - Production,2024-09-27,P4-KPI4,Revenue Enablement,P4,3.64,5.0,>,$M
56004,E2E Full Test Corporation 1769028779 - Production,2024-10-27,P4-KPI4,Revenue Enablement,P4,3.98,5.0,>,$M
56004,E2E Full Test Corporation 1769028779 - Production,2024-11-26,P4-KPI4,Revenue Enablement,P4,3.72,5.0,>,$M
56004,E2E Full Test Corporation 1769028779 - Production,2024-01-01,P4-KPI5,Operational Efficiency,P4,75.08,85.0,>,%
56004,E2E Full Test Corporation 1769028779 - Production,2024-01-31,P4-KPI5,Operational Efficiency,P4,78.05,85.0,>,%
56004,E2E Full Test Corporation 1769028779 - Production,2024-03-01,P4-KPI5,Operational Efficiency,P4,75.41,85.0,>,%
56004,E2E Full Test Corporation 1769028779 - Production,2024-03-31,P4-KPI5,Operational Efficiency,P4,75.3,85.0,>,%
56004,E2E Full Test Corporation 1769028779 - Production,2024-04-30,P4-KPI5,Operational Efficiency,P4,77.91,85.0,>,%
56004,E2E Full Test Corporation 1769028779 - Production,2024-05-30,P4-KPI5,Operational Efficiency,P4,70.5,85.0,>,%
56004,E2E Full Test Corporation 1769028779 - Production,2024-06-29,P4-KPI5,Operational Efficiency,P4,77.14,85.0,>,%
56004,E2E Full Test Corporation 1769028779 - Production,2024-07-29,P4-KPI5,Operational Efficiency,P4,74.49,85.0,>,%
56004,E2E Full Test Corporation 1769028779 - Production,2024-08-28,P4-KPI5,Operational Efficiency,P4,76.35,85.0,>,%
56004,E2E Full Test Corporation 1769028779 - Production,2024-09-27,P4-KPI5,Operational Efficiency,P4,75.42,85.0,>,%
56004,E2E Full Test Corporation 1769028779 - Production,2024-10-27,P4-KPI5,Operational Efficiency,P4,74.11,85.0,>,%
56004,E2E Full Test Corporation 1769028779 - Production,2024-11-26,P4-KPI5,Operational Efficiency,P4,78.07,85.0,>,%
56004,E2E Full Test Corporation 1769028779 - Production,2024-01-01,P4-KPI6,Innovation Projects,P4,2.32,3.0,>,count
56004,E2E Full Test Corporation 1769028779 - Production,2024-01-31,P4-KPI6,Innovation Projects,P4,2.37,3.0,>,count
56004,E2E Full Test Corporation 1769028779 - Production,2024-03-01,P4-KPI6,Innovation Projects,P4,2.46,3.0,>,count
56004,E2E Full Test Corporation 1769028779 - Production,2024-03-31,P4-KPI6,Innovation Projects,P4,2.34,3.0,>,count
56004,E2E Full Test Corporation 1769028779 - Production,2024-04-30,P4-KPI6,Innovation Projects,P4,2.43,3.0,>,count
56004,E2E Full Test Corporation 1769028779 - Production,2024-05-30,P4-KPI6,Innovation Projects,P4,2.17,3.0,>,count
56004,E2E Full Test Corporation 1769028779 - Production,2024-06-29,P4-KPI6,Innovation Projects,P4,2.02,3.0,>,count
56004,E2E Full Test Corporation 1769028779 - Production,2024-07-29,P4-KPI6,Innovation Projects,P4,2.16,3.0,>,count
56004,E2E Full Test Corporation 1769028779 - Production,2024-08-28,P4-KPI6,Innovation Projects,P4,2.41,3.0,>,count
56004,E2E Full Test Corporation 1769028779 - Production,2024-09-27,P4-KPI6,Innovation Projects,P4,2.51,3.0,>,count
56004,E2E Full Test Corporation 1769028779 - Production,2024-10-27,P4-KPI6,Innovation Projects,P4,2.43,3.0,>,count
56004,E2E Full Test Corporation 1769028779 - Production,2024-11-26,P4-KPI6,Innovation Projects,P4,2.36,3.0,>,count
56004,E2E Full Test Corporation 1769028779 - Production,2024-01-01,P4-KPI7,Business Case Validation,P4,80.74,90.0,>,%
56004,E2E Full Test Corporation 1769028779 - Production,2024-01-31,P4-KPI7,Business Case Validation,P4,86.26,90.0,>,%
56004,E2E Full Test Corporation 1769028779 - Production,2024-03-01,P4-KPI7,Business Case Validation,P4,83.54,90.0,>,%
56004,E2E Full Test Corporation 1769028779 - Production,2024-03-31,P4-KPI7,Business Case Validation,P4,83.68,90.0,>,%
56004,E2E Full Test Corporation 1769028779 - Production,2024-04-30,P4-KPI7,Business Case Validation,P4,80.85,90.0,>,%
56004,E2E Full Test Corporation 1769028779 - Production,2024-05-30,P4-KPI7,Business Case Validation,P4,78.72,90.0,>,%
56004,E2E Full Test Corporation 1769028779 - Production,2024-06-29,P4-KPI7,Business Case Validation,P4,79.04,90.0,>,%
56004,E2E Full Test Corporation 1769028779 - Production,2024-07-29,P4-KPI7,Business Case Validation,P4,77.19,90.0,>,%
56004,E2E Full Test Corporation 1769028779 - Production,2024-08-28,P4-KPI7,Business Case Validation,P4,83.25,90.0,>,%
56004,E2E Full Test Corporation 1769028779 - Production,2024-09-27,P4-KPI7,Business Case Validation,P4,86.62,90.0,>,%
56004,E2E Full Test Corporation 1769028779 - Production,2024-10-27,P4-KPI7,Business Case Validation,P4,85.24,90.0,>,%
56004,E2E Full Test Corporation 1769028779 - Production,2024-11-26,P4-KPI7,Business Case Validation,P4,83.08,90.0,>,%
56004,E2E Full Test Corporation 1769028779 - Production,2024-01-01,P5-KPI1,Executive Sponsorship,P5,4.06,4.5,>,score
56004,E2E Full Test Corporation 1769028779 - Production,2024-01-31,P5-KPI1,Executive Sponsorship,P5,4.05,4.5,>,score
56004,E2E Full Test Corporation 1769028779 - Production,2024-03-01,P5-KPI1,Executive Sponsorship,P5,4.01,4.5,>,score
56004,E2E Full Test Corporation 1769028779 - Production,2024-03-31,P5-KPI1,Executive Sponsorship,P5,4.02,4.5,>,score
56004,E2E Full Test Corporation 1769028779 - Production,2024-04-30,P5-KPI1,Executive Sponsorship,P5,4.2,4.5,>,score
56004,E2E Full Test Corporation 1769028779 - Production,2024-05-30,P5-KPI1,Executive Sponsorship,P5,3.85,4.5,>,score
56004,E2E Full Test Corporation 1769028779 - Production,2024-06-29,P5-KPI1,Executive Sponsorship,P5,3.87,4.5,>,score
56004,E2E Full Test Corporation 1769028779 - Production,2024-07-29,P5-KPI1,Executive Sponsorship,P5,3.64,4.5,>,score
56004,E2E Full Test Corporation 1769028779 - Production,2024-08-28,P5-KPI1,Executive Sponsorship,P5,4.06,4.5,>,score
56004,E2E Full Test Corporation 1769028779 - Production,2024-09-27,P5-KPI1,Executive Sponsorship,P5,4.12,4.5,>,score
56004,E2E Full Test Corporation 1769028779 - Production,2024-10-27,P5-KPI1,Executive Sponsorship,P5,4.19,4.5,>,score
56004,E2E Full Test Corporation 1769028779 - Production,2024-11-26,P5-KPI1,Executive Sponsorship,P5,3.85,4.5,>,score
56004,E2E Full Test Corporation 1769028779 - Production,2024-01-01,P5-KPI2,Renewal Likelihood,P5,88.35,95.0,>,%
56004,E2E Full Test Corporation 1769028779 - Production,2024-01-31,P5-KPI2,Renewal Likelihood,P5,89.64,95.0,>,%
56004,E2E Full Test Corporation 1769028779 - Production,2024-03-01,P5-KPI2,Renewal Likelihood,P5,83.57,95.0,>,%
56004,E2E Full Test Corporation 1769028779 - Production,2024-03-31,P5-KPI2,Renewal Likelihood,P5,88.95,95.0,>,%
56004,E2E Full Test Corporation 1769028779 - Production,2024-04-30,P5-KPI2,Renewal Likelihood,P5,89.78,95.0,>,%
56004,E2E Full Test Corporation 1769028779 - Production,2024-05-30,P5-KPI2,Renewal Likelihood,P5,79.83,95.0,>,%
56004,E2E Full Test Corporation 1769028779 - Production,2024-06-29,P5-KPI2,Renewal Likelihood,P5,84.25,95.0,>,%
56004,E2E Full Test Corporation 1769028779 - Production,2024-07-29,P5-KPI2,Renewal Likelihood,P5,80.62,95.0,>,%
56004,E2E Full Test Corporation 1769028779 - Production,2024-08-28,P5-KPI2,Renewal Likelihood,P5,86.45,95.0,>,%
56004,E2E Full Test Corporation 1769028779 - Production,2024-09-27,P5-KPI2,Renewal Likelihood,P5,86.56,95.0,>,%
56004,E2E Full Test Corporation 1769028779 - Production,2024-10-27,P5-KPI2,Renewal Likelihood,P5,83.44,95.0,>,%
56004,E2E Full Test Corporation 1769028779 - Production,2024-11-26,P5-KPI2,Renewal Likelihood,P5,90.81,95.0,>,%
56004,E2E Full Test Corporation 1769028779 - Production,2024-01-01,P5-KPI3,Expansion Pipeline,P5,1.51,2.0,>,$M
56004,E2E Full Test Corporation 1769028779 - Production,2024-01-31,P5-KPI3,Expansion Pipeline,P5,1.55,2.0,>,$M
56004,E2E Full Test Corporation 1769028779 - Production,2024-03-01,P5-KPI3,Expansion Pipeline,P5,1.53,2.0,>,$M
56004,E2E Full Test Corporation 1769028779 - Production,2024-03-31,P5-KPI3,Expansion Pipeline,P5,1.6,2.0,>,$M
56004,E2E Full Test Corporation 1769028779 - Production,2024-04-30,P5-KPI3,Expansion Pipeline,P5,1.59,2.0,>,$M
56004,E2E Full Test Corporation 1769028779 - Production,2024-05-30,P5-KPI3,Expansion Pipeline,P5,1.28,2.0,>,$M
56004,E2E Full Test Corporation 1769028779 - Production,2024-06-29,P5-KPI3,Expansion Pipeline,P5,1.36,2.0,>,$M
56004,E2E Full Test Corporation 1769028779 - Production,2024-07-29,P5-KPI3,Expansion Pipeline,P5,1.34,2.0,>,$M
56004,E2E Full Test Corporation 1769028779 - Production,2024-08-28,P5-KPI3,Expansion Pipeline,P5,1.57,2.0,>,$M
56004,E2E Full Test Corporation 1769028779 - Production,2024-09-27,P5-KPI3,Expansion Pipeline,P5,1.49,2.0,>,$M
56004,E2E Full Test Corporation 1769028779 - Production,2024-10-27,P5-KPI3,Expansion Pipeline,P5,1.54,2.0,>,$M
56004,E2E Full Test Corporation 1769028779 - Production,2024-11-26,P5-KPI3,Expansion Pipeline,P5,1.52,2.0,>,$M
56004,E2E Full Test Corporation 1769028779 - Production,2024-01-01,P5-KPI4,Reference Willingness,P5,3.24,4.0,>,score
56004,E2E Full Test Corporation 1769028779 - Production,2024-01-31,P5-KPI4,Reference Willingness,P5,3.31,4.0,>,score
56004,E2E Full Test Corporation 1769028779 - Production,2024-03-01,P5-KPI4,Reference Willingness,P5,3.53,4.0,>,score
56004,E2E Full Test Corporation 1769028779 - Production,2024-03-31,P5-KPI4,Reference Willingness,P5,3.53,4.0,>,score
56004,E2E Full Test Corporation 1769028779 - Production,2024-04-30,P5-KPI4,Reference Willingness,P5,3.42,4.0,>,score
56004,E2E Full Test Corporation 1769028779 - Production,2024-05-30,P5-KPI4,Reference Willingness,P5,3.14,4.0,>,score
56004,E2E Full Test Corporation 1769028779 - Production,2024-06-29,P5-KPI4,Reference Willingness,P5,3.25,4.0,>,score
56004,E2E Full Test Corporation 1769028779 - Production,2024-07-29,P5-KPI4,Reference Willingness,P5,3.11,4.0,>,score
56004,E2E Full Test Corporation 1769028779 - Production,2024-08-28,P5-KPI4,Reference Willingness,P5,3.55,4.0,>,score
56004,E2E Full Test Corporation 1769028779 - Production,2024-09-27,P5-KPI4,Reference Willingness,P5,3.32,4.0,>,score
56004,E2E Full Test Corporation 1769028779 - Production,2024-10-27,P5-KPI4,Reference Willingness,P5,3.53,4.0,>,score
56004,E2E Full Test Corporation 1769028779 - Production,2024-11-26,P5-KPI4,Reference Willingness,P5,3.45,4.0,>,score
56004,E2E Full Test Corporation 1769028779 - Production,2024-01-01,P5-KPI5,Strategic Alignment,P5,78.7,85.0,>,score
56004,E2E Full Test Corporation 1769028779 - Production,2024-01-31,P5-KPI5,Strategic Alignment,P5,77.45,85.0,>,score
56004,E2E Full Test Corporation 1769028779 - Production,2024-03-01,P5-KPI5,Strategic Alignment,P5,79.42,85.0,>,score
56004,E2E Full Test Corporation 1769028779 - Production,2024-03-31,P5-KPI5,Strategic Alignment,P5,75.84,85.0,>,score
56004,E2E Full Test Corporation 1769028779 - Production,2024-04-30,P5-KPI5,Strategic Alignment,P5,75.68,85.0,>,score
56004,E2E Full Test Corporation 1769028779 - Production,2024-05-30,P5-KPI5,Strategic Alignment,P5,76.72,85.0,>,score
56004,E2E Full Test Corporation 1769028779 - Production,2024-06-29,P5-KPI5,Strategic Alignment,P5,76.17,85.0,>,score
56004,E2E Full Test Corporation 1769028779 - Production,2024-07-29,P5-KPI5,Strategic Alignment,P5,73.59,85.0,>,score
56004,E2E Full Test Corporation 1769028779 - Production,2024-08-28,P5-KPI5,Strategic Alignment,P5,79.67,85.0,>,score
56004,E2E Full Test Corporation 1769028779 - Production,2024-09-27,P5-KPI5,Strategic Alignment,P5,74.93,85.0,>,score
56004,E2E Full Test Corporation 1769028779 - Production,2024-10-27,P5-KPI5,Strategic Alignment,P5,74.08,85.0,>,score
56004,E2E Full Test Corporation 1769028779 - Production,2024-11-26,P5-KPI5,Strategic Alignment,P5,80.23,85.0,>,score
56004,E2E Full Test Corporation 1769028779 - Production,2024-01-01,P5-KPI6,Partnership Depth,P5,72.0,80.0,>,score
56004,E2E Full Test Corporation 1769028779 - Production,2024-01-31,P5-KPI6,Partnership Depth,P5,73.75,80.0,>,score
56004,E2E Full Test Corporation 1769028779 - Production,2024-03-01,P5-KPI6,Partnership Depth,P5,71.29,80.0,>,score
56004,E2E Full Test Corporation 1769028779 - Production,2024-03-31,P5-KPI6,Partnership Depth,P5,71.37,80.0,>,score
56004,E2E Full Test Corporation 1769028779 - Production,2024-04-30,P5-KPI6,Partnership Depth,P5,68.13,80.0,>,score
56004,E2E Full Test Corporation 1769028779 - Production,2024-05-30,P5-KPI6,Partnership Depth,P5,67.12,80.0,>,score
56004,E2E Full Test Corporation 1769028779 - Production,2024-06-29,P5-KPI6,Partnership Depth,P5,68.92,80.0,>,score
56004,E2E Full Test Corporation 1769028779 - Production,2024-07-29,P5-KPI6,Partnership Depth,P5,63.19,80.0,>,score
56004,E2E Full Test Corporation 1769028779 - Production,2024-08-28,P5-KPI6,Partnership Depth,P5,73.48,80.0,>,score
56004,E2E Full Test Corporation 1769028779 - Production,2024-09-27,P5-KPI6,Partnership Depth,P5,72.83,80.0,>,score
56004,E2E Full Test Corporation 1769028779 - Production,2024-10-27,P5-KPI6,Partnership Depth,P5,71.54,80.0,>,score
56004,E2E Full Test Corporation 1769028779 - Production,2024-11-26,P5-KPI6,Partnership Depth,P5,69.07,80.0,>,score
56004,E2E Full Test Corporation 1769028779 - Production,2024-01-01,P5-KPI7,NPS Score,P5,59.02,70.0,>,score
56004,E2E Full Test Corporation 1769028779 - Production,2024-01-31,P5-KPI7,NPS Score,P5,62.32,70.0,>,score
56004,E2E Full Test Corporation 1769028779 - Production,2024-03-01,P5-KPI7,NPS Score,P5,62.71,70.0,>,score
56004,E2E Full Test Corporation 1769028779 - Production,2024-03-31,P5-KPI7,NPS Score,P5,59.64,70.0,>,score
56004,E2E Full Test Corporation 1769028779 - Production,2024-04-30,P5-KPI7,NPS Score,P5,61.07,70.0,>,score
56004,E2E Full Test Corporation 1769028779 - Production,2024-05-30,P5-KPI7,NPS Score,P5,54.17,70.0,>,score
56004,E2E Full Test Corporation 1769028779 - Production,2024-06-29,P5-KPI7,NPS Score,P5,57.66,70.0,>,score
56004,E2E Full Test Corporation 1769028779 - Production,2024-07-29,P5-KPI7,NPS Score,P5,56.78,70.0,>,score
56004,E2E Full Test Corporation 1769028779 - Production,2024-08-28,P5-KPI7,NPS Score,P5,61.16,70.0,>,score
56004,E2E Full Test Corporation 1769028779 - Production,2024-09-27,P5-KPI7,NPS Score,P5,59.12,70.0,>,score
56004,E2E Full Test Corporation 1769028779 - Production,2024-10-27,P5-KPI7,NPS Score,P5,59.13,70.0,>,score
56004,E2E Full Test Corporation 1769028779 - Production,2024-11-26,P5-KPI7,NPS Score,P5,59.64,70.0,>,score
56005,E2E Full Test Corporation 1769028779 - Development,2024-01-01,P1-KPI1,System Uptime,P1,100.0,99.9,>,%
56005,E2E Full Test Corporation 1769028779 - Development,2024-01-31,P1-KPI1,System Uptime,P1,98.0,99.9,>,%
56005,E2E Full Test Corporation 1769028779 - Development,2024-03-01,P1-KPI1,System Uptime,P1,100.0,99.9,>,%
56005,E2E Full Test Corporation 1769028779 - Development,2024-03-31,P1-KPI1,System Uptime,P1,100.0,99.9,>,%
56005,E2E Full Test Corporation 1769028779 - Development,2024-04-30,P1-KPI1,System Uptime,P1,98.0,99.9,>,%
56005,E2E Full Test Corporation 1769028779 - Development,2024-05-30,P1-KPI1,System Uptime,P1,100.0,99.9,>,%
56005,E2E Full Test Corporation 1769028779 - Development,2024-06-29,P1-KPI1,System Uptime,P1,100.0,99.9,>,%
56005,E2E Full Test Corporation 1769028779 - Development,2024-07-29,P1-KPI1,System Uptime,P1,98.0,99.9,>,%
56005,E2E Full Test Corporation 1769028779 - Development,2024-08-28,P1-KPI1,System Uptime,P1,98.0,99.9,>,%
56005,E2E Full Test Corporation 1769028779 - Development,2024-09-27,P1-KPI1,System Uptime,P1,98.0,99.9,>,%
56005,E2E Full Test Corporation 1769028779 - Development,2024-10-27,P1-KPI1,System Uptime,P1,100.0,99.9,>,%
56005,E2E Full Test Corporation 1769028779 - Development,2024-11-26,P1-KPI1,System Uptime,P1,100.0,99.9,>,%
56005,E2E Full Test Corporation 1769028779 - Development,2024-01-01,P1-KPI2,Mean Time to Resolution,P1,3.51,2.0,<,hours
56005,E2E Full Test Corporation 1769028779 - Development,2024-01-31,P1-KPI2,Mean Time to Resolution,P1,2.52,2.0,<,hours
56005,E2E Full Test Corporation 1769028779 - Development,2024-03-01,P1-KPI2,Mean Time to Resolution,P1,2.75,2.0,<,hours
56005,E2E Full Test Corporation 1769028779 - Development,2024-03-31,P1-KPI2,Mean Time to Resolution,P1,3.38,2.0,<,hours
56005,E2E Full Test Corporation 1769028779 - Development,2024-04-30,P1-KPI2,Mean Time to Resolution,P1,5.29,2.0,<,hours
56005,E2E Full Test Corporation 1769028779 - Development,2024-05-30,P1-KPI2,Mean Time to Resolution,P1,4.11,2.0,<,hours
56005,E2E Full Test Corporation 1769028779 - Development,2024-06-29,P1-KPI2,Mean Time to Resolution,P1,3.87,2.0,<,hours
56005,E2E Full Test Corporation 1769028779 - Development,2024-07-29,P1-KPI2,Mean Time to Resolution,P1,2.49,2.0,<,hours
56005,E2E Full Test Corporation 1769028779 - Development,2024-08-28,P1-KPI2,Mean Time to Resolution,P1,2.86,2.0,<,hours
56005,E2E Full Test Corporation 1769028779 - Development,2024-09-27,P1-KPI2,Mean Time to Resolution,P1,3.33,2.0,<,hours
56005,E2E Full Test Corporation 1769028779 - Development,2024-10-27,P1-KPI2,Mean Time to Resolution,P1,4.44,2.0,<,hours
56005,E2E Full Test Corporation 1769028779 - Development,2024-11-26,P1-KPI2,Mean Time to Resolution,P1,4.51,2.0,<,hours
56005,E2E Full Test Corporation 1769028779 - Development,2024-01-01,P1-KPI3,GPU Utilization,P1,80.21,85.0,>,%
56005,E2E Full Test Corporation 1769028779 - Development,2024-01-31,P1-KPI3,GPU Utilization,P1,78.28,85.0,>,%
56005,E2E Full Test Corporation 1769028779 - Development,2024-03-01,P1-KPI3,GPU Utilization,P1,91.0,85.0,>,%
56005,E2E Full Test Corporation 1769028779 - Development,2024-03-31,P1-KPI3,GPU Utilization,P1,69.0,85.0,>,%
56005,E2E Full Test Corporation 1769028779 - Development,2024-04-30,P1-KPI3,GPU Utilization,P1,70.97,85.0,>,%
56005,E2E Full Test Corporation 1769028779 - Development,2024-05-30,P1-KPI3,GPU Utilization,P1,80.51,85.0,>,%
56005,E2E Full Test Corporation 1769028779 - Development,2024-06-29,P1-KPI3,GPU Utilization,P1,87.52,85.0,>,%
56005,E2E Full Test Corporation 1769028779 - Development,2024-07-29,P1-KPI3,GPU Utilization,P1,84.37,85.0,>,%
56005,E2E Full Test Corporation 1769028779 - Development,2024-08-28,P1-KPI3,GPU Utilization,P1,88.65,85.0,>,%
56005,E2E Full Test Corporation 1769028779 - Development,2024-09-27,P1-KPI3,GPU Utilization,P1,68.06,85.0,>,%
56005,E2E Full Test Corporation 1769028779 - Development,2024-10-27,P1-KPI3,GPU Utilization,P1,72.27,85.0,>,%
56005,E2E Full Test Corporation 1769028779 - Development,2024-11-26,P1-KPI3,GPU Utilization,P1,77.03,85.0,>,%
56005,E2E Full Test Corporation 1769028779 - Development,2024-01-01,P1-KPI4,Network Latency,P1,22.28,10.0,<,ms
56005,E2E Full Test Corporation 1769028779 - Development,2024-01-31,P1-KPI4,Network Latency,P1,18.05,10.0,<,ms
56005,E2E Full Test Corporation 1769028779 - Development,2024-03-01,P1-KPI4,Network Latency,P1,15.85,10.0,<,ms
56005,E2E Full Test Corporation 1769028779 - Development,2024-03-31,P1-KPI4,Network Latency,P1,20.0,10.0,<,ms
56005,E2E Full Test Corporation 1769028779 - Development,2024-04-30,P1-KPI4,Network Latency,P1,28.64,10.0,<,ms
56005,E2E Full Test Corporation 1769028779 - Development,2024-05-30,P1-KPI4,Network Latency,P1,25.42,10.0,<,ms
56005,E2E Full Test Corporation 1769028779 - Development,2024-06-29,P1-KPI4,Network Latency,P1,23.99,10.0,<,ms
56005,E2E Full Test Corporation 1769028779 - Development,2024-07-29,P1-KPI4,Network Latency,P1,15.05,10.0,<,ms
56005,E2E Full Test Corporation 1769028779 - Development,2024-08-28,P1-KPI4,Network Latency,P1,16.31,10.0,<,ms
56005,E2E Full Test Corporation 1769028779 - Development,2024-09-27,P1-KPI4,Network Latency,P1,22.27,10.0,<,ms
56005,E2E Full Test Corporation 1769028779 - Development,2024-10-27,P1-KPI4,Network Latency,P1,31.94,10.0,<,ms
56005,E2E Full Test Corporation 1769028779 - Development,2024-11-26,P1-KPI4,Network Latency,P1,25.83,10.0,<,ms
56005,E2E Full Test Corporation 1769028779 - Development,2024-01-01,P1-KPI5,Storage Performance,P1,96307.58,100000.0,>,IOPS
56005,E2E Full Test Corporation 1769028779 - Development,2024-01-31,P1-KPI5,Storage Performance,P1,95688.75,100000.0,>,IOPS
56005,E2E Full Test Corporation 1769028779 - Development,2024-03-01,P1-KPI5,Storage Performance,P1,94860.86,100000.0,>,IOPS
56005,E2E Full Test Corporation 1769028779 - Development,2024-03-31,P1-KPI5,Storage Performance,P1,89983.0,100000.0,>,IOPS
56005,E2E Full Test Corporation 1769028779 - Development,2024-04-30,P1-KPI5,Storage Performance,P1,75533.43,100000.0,>,IOPS
56005,E2E Full Test Corporation 1769028779 - Development,2024-05-30,P1-KPI5,Storage Performance,P1,77613.13,100000.0,>,IOPS
56005,E2E Full Test Corporation 1769028779 - Development,2024-06-29,P1-KPI5,Storage Performance,P1,86726.45,100000.0,>,IOPS
56005,E2E Full Test Corporation 1769028779 - Development,2024-07-29,P1-KPI5,Storage Performance,P1,101322.97,100000.0,>,IOPS
56005,E2E Full Test Corporation 1769028779 - Development,2024-08-28,P1-KPI5,Storage Performance,P1,92501.8,100000.0,>,IOPS
56005,E2E Full Test Corporation 1769028779 - Development,2024-09-27,P1-KPI5,Storage Performance,P1,90497.35,100000.0,>,IOPS
56005,E2E Full Test Corporation 1769028779 - Development,2024-10-27,P1-KPI5,Storage Performance,P1,84715.21,100000.0,>,IOPS
56005,E2E Full Test Corporation 1769028779 - Development,2024-11-26,P1-KPI5,Storage Performance,P1,76847.08,100000.0,>,IOPS
56005,E2E Full Test Corporation 1769028779 - Development,2024-01-01,P1-KPI6,Cooling Efficiency,P1,1.5,1.3,<,PUE
56005,E2E Full Test Corporation 1769028779 - Development,2024-01-31,P1-KPI6,Cooling Efficiency,P1,1.48,1.3,<,PUE
56005,E2E Full Test Corporation 1769028779 - Development,2024-03-01,P1-KPI6,Cooling Efficiency,P1,1.48,1.3,<,PUE
56005,E2E Full Test Corporation 1769028779 - Development,2024-03-31,P1-KPI6,Cooling Efficiency,P1,1.27,1.3,<,PUE
56005,E2E Full Test Corporation 1769028779 - Development,2024-04-30,P1-KPI6,Cooling Efficiency,P1,1.4,1.3,<,PUE
56005,E2E Full Test Corporation 1769028779 - Development,2024-05-30,P1-KPI6,Cooling Efficiency,P1,1.61,1.3,<,PUE
56005,E2E Full Test Corporation 1769028779 - Development,2024-06-29,P1-KPI6,Cooling Efficiency,P1,1.39,1.3,<,PUE
56005,E2E Full Test Corporation 1769028779 - Development,2024-07-29,P1-KPI6,Cooling Efficiency,P1,1.21,1.3,<,PUE
56005,E2E Full Test Corporation 1769028779 - Development,2024-08-28,P1-KPI6,Cooling Efficiency,P1,1.23,1.3,<,PUE
56005,E2E Full Test Corporation 1769028779 - Development,2024-09-27,P1-KPI6,Cooling Efficiency,P1,1.52,1.3,<,PUE
56005,E2E Full Test Corporation 1769028779 - Development,2024-10-27,P1-KPI6,Cooling Efficiency,P1,1.49,1.3,<,PUE
56005,E2E Full Test Corporation 1769028779 - Development,2024-11-26,P1-KPI6,Cooling Efficiency,P1,1.48,1.3,<,PUE
56005,E2E Full Test Corporation 1769028779 - Development,2024-01-01,P1-KPI7,Power Usage,P1,569.88,500.0,<,kW
56005,E2E Full Test Corporation 1769028779 - Development,2024-01-31,P1-KPI7,Power Usage,P1,484.04,500.0,<,kW
56005,E2E Full Test Corporation 1769028779 - Development,2024-03-01,P1-KPI7,Power Usage,P1,519.7,500.0,<,kW
56005,E2E Full Test Corporation 1769028779 - Development,2024-03-31,P1-KPI7,Power Usage,P1,553.49,500.0,<,kW
56005,E2E Full Test Corporation 1769028779 - Development,2024-04-30,P1-KPI7,Power Usage,P1,721.78,500.0,<,kW
56005,E2E Full Test Corporation 1769028779 - Development,2024-05-30,P1-KPI7,Power Usage,P1,559.39,500.0,<,kW
56005,E2E Full Test Corporation 1769028779 - Development,2024-06-29,P1-KPI7,Power Usage,P1,577.28,500.0,<,kW
56005,E2E Full Test Corporation 1769028779 - Development,2024-07-29,P1-KPI7,Power Usage,P1,584.13,500.0,<,kW
56005,E2E Full Test Corporation 1769028779 - Development,2024-08-28,P1-KPI7,Power Usage,P1,494.26,500.0,<,kW
56005,E2E Full Test Corporation 1769028779 - Development,2024-09-27,P1-KPI7,Power Usage,P1,591.96,500.0,<,kW
56005,E2E Full Test Corporation 1769028779 - Development,2024-10-27,P1-KPI7,Power Usage,P1,566.64,500.0,<,kW
56005,E2E Full Test Corporation 1769028779 - Development,2024-11-26,P1-KPI7,Power Usage,P1,699.77,500.0,<,kW
56005,E2E Full Test Corporation 1769028779 - Development,2024-01-01,P1-KPI8,Thermal Management,P1,26.84,25.0,<,°C
56005,E2E Full Test Corporation 1769028779 - Development,2024-01-31,P1-KPI8,Thermal Management,P1,27.0,25.0,<,°C
56005,E2E Full Test Corporation 1769028779 - Development,2024-03-01,P1-KPI8,Thermal Management,P1,22.75,25.0,<,°C
56005,E2E Full Test Corporation 1769028779 - Development,2024-03-31,P1-KPI8,Thermal Management,P1,27.83,25.0,<,°C
56005,E2E Full Test Corporation 1769028779 - Development,2024-04-30,P1-KPI8,Thermal Management,P1,30.94,25.0,<,°C
56005,E2E Full Test Corporation 1769028779 - Development,2024-05-30,P1-KPI8,Thermal Management,P1,31.94,25.0,<,°C
56005,E2E Full Test Corporation 1769028779 - Development,2024-06-29,P1-KPI8,Thermal Management,P1,29.78,25.0,<,°C
56005,E2E Full Test Corporation 1769028779 - Development,2024-07-29,P1-KPI8,Thermal Management,P1,30.23,25.0,<,°C
56005,E2E Full Test Corporation 1769028779 - Development,2024-08-28,P1-KPI8,Thermal Management,P1,29.0,25.0,<,°C
56005,E2E Full Test Corporation 1769028779 - Development,2024-09-27,P1-KPI8,Thermal Management,P1,24.26,25.0,<,°C
56005,E2E Full Test Corporation 1769028779 - Development,2024-10-27,P1-KPI8,Thermal Management,P1,31.73,25.0,<,°C
56005,E2E Full Test Corporation 1769028779 - Development,2024-11-26,P1-KPI8,Thermal Management,P1,29.9,25.0,<,°C
56005,E2E Full Test Corporation 1769028779 - Development,2024-01-01,P2-KPI1,SLA Compliance,P2,97.42,99.0,>,%
56005,E2E Full Test Corporation 1769028779 - Development,2024-01-31,P2-KPI1,SLA Compliance,P2,100.0,99.0,>,%
56005,E2E Full Test Corporation 1769028779 - Development,2024-03-01,P2-KPI1,SLA Compliance,P2,95.0,99.0,>,%
56005,E2E Full Test Corporation 1769028779 - Development,2024-03-31,P2-KPI1,SLA Compliance,P2,100.0,99.0,>,%
56005,E2E Full Test Corporation 1769028779 - Development,2024-04-30,P2-KPI1,SLA Compliance,P2,95.0,99.0,>,%
56005,E2E Full Test Corporation 1769028779 - Development,2024-05-30,P2-KPI1,SLA Compliance,P2,100.0,99.0,>,%
56005,E2E Full Test Corporation 1769028779 - Development,2024-06-29,P2-KPI1,SLA Compliance,P2,95.0,99.0,>,%
56005,E2E Full Test Corporation 1769028779 - Development,2024-07-29,P2-KPI1,SLA Compliance,P2,99.52,99.0,>,%
56005,E2E Full Test Corporation 1769028779 - Development,2024-08-28,P2-KPI1,SLA Compliance,P2,95.0,99.0,>,%
56005,E2E Full Test Corporation 1769028779 - Development,2024-09-27,P2-KPI1,SLA Compliance,P2,95.0,99.0,>,%
56005,E2E Full Test Corporation 1769028779 - Development,2024-10-27,P2-KPI1,SLA Compliance,P2,100.0,99.0,>,%
56005,E2E Full Test Corporation 1769028779 - Development,2024-11-26,P2-KPI1,SLA Compliance,P2,95.0,99.0,>,%
56005,E2E Full Test Corporation 1769028779 - Development,2024-01-01,P2-KPI2,Incident Response Time,P2,27.26,15.0,<,minutes
56005,E2E Full Test Corporation 1769028779 - Development,2024-01-31,P2-KPI2,Incident Response Time,P2,18.52,15.0,<,minutes
56005,E2E Full Test Corporation 1769028779 - Development,2024-03-01,P2-KPI2,Incident Response Time,P2,20.71,15.0,<,minutes
56005,E2E Full Test Corporation 1769028779 - Development,2024-03-31,P2-KPI2,Incident Response Time,P2,27.7,15.0,<,minutes
56005,E2E Full Test Corporation 1769028779 - Development,2024-04-30,P2-KPI2,Incident Response Time,P2,36.1,15.0,<,minutes
56005,E2E Full Test Corporation 1769028779 - Development,2024-05-30,P2-KPI2,Incident Response Time,P2,30.89,15.0,<,minutes
56005,E2E Full Test Corporation 1769028779 - Development,2024-06-29,P2-KPI2,Incident Response Time,P2,24.32,15.0,<,minutes
56005,E2E Full Test Corporation 1769028779 - Development,2024-07-29,P2-KPI2,Incident Response Time,P2,22.49,15.0,<,minutes
56005,E2E Full Test Corporation 1769028779 - Development,2024-08-28,P2-KPI2,Incident Response Time,P2,23.23,15.0,<,minutes
56005,E2E Full Test Corporation 1769028779 - Development,2024-09-27,P2-KPI2,Incident Response Time,P2,32.38,15.0,<,minutes
56005,E2E Full Test Corporation 1769028779 - Development,2024-10-27,P2-KPI2,Incident Response Time,P2,39.23,15.0,<,minutes
56005,E2E Full Test Corporation 1769028779 - Development,2024-11-26,P2-KPI2,Incident Response Time,P2,36.34,15.0,<,minutes
56005,E2E Full Test Corporation 1769028779 - Development,2024-01-01,P2-KPI3,Change Success Rate,P2,100.0,98.0,>,%
56005,E2E Full Test Corporation 1769028779 - Development,2024-01-31,P2-KPI3,Change Success Rate,P2,92.86,98.0,>,%
56005,E2E Full Test Corporation 1769028779 - Development,2024-03-01,P2-KPI3,Change Success Rate,P2,100.0,98.0,>,%
56005,E2E Full Test Corporation 1769028779 - Development,2024-03-31,P2-KPI3,Change Success Rate,P2,90.0,98.0,>,%
56005,E2E Full Test Corporation 1769028779 - Development,2024-04-30,P2-KPI3,Change Success Rate,P2,97.13,98.0,>,%
56005,E2E Full Test Corporation 1769028779 - Development,2024-05-30,P2-KPI3,Change Success Rate,P2,100.0,98.0,>,%
56005,E2E Full Test Corporation 1769028779 - Development,2024-06-29,P2-KPI3,Change Success Rate,P2,90.0,98.0,>,%
56005,E2E Full Test Corporation 1769028779 - Development,2024-07-29,P2-KPI3,Change Success Rate,P2,100.0,98.0,>,%
56005,E2E Full Test Corporation 1769028779 - Development,2024-08-28,P2-KPI3,Change Success Rate,P2,100.0,98.0,>,%
56005,E2E Full Test Corporation 1769028779 - Development,2024-09-27,P2-KPI3,Change Success Rate,P2,100.0,98.0,>,%
56005,E2E Full Test Corporation 1769028779 - Development,2024-10-27,P2-KPI3,Change Success Rate,P2,94.64,98.0,>,%
56005,E2E Full Test Corporation 1769028779 - Development,2024-11-26,P2-KPI3,Change Success Rate,P2,90.77,98.0,>,%
56005,E2E Full Test Corporation 1769028779 - Development,2024-01-01,P2-KPI4,Backup Success Rate,P2,100.0,100.0,>,%
56005,E2E Full Test Corporation 1769028779 - Development,2024-01-31,P2-KPI4,Backup Success Rate,P2,95.0,100.0,>,%
56005,E2E Full Test Corporation 1769028779 - Development,2024-03-01,P2-KPI4,Backup Success Rate,P2,95.26,100.0,>,%
56005,E2E Full Test Corporation 1769028779 - Development,2024-03-31,P2-KPI4,Backup Success Rate,P2,100.0,100.0,>,%
56005,E2E Full Test Corporation 1769028779 - Development,2024-04-30,P2-KPI4,Backup Success Rate,P2,100.0,100.0,>,%
56005,E2E Full Test Corporation 1769028779 - Development,2024-05-30,P2-KPI4,Backup Success Rate,P2,95.0,100.0,>,%
56005,E2E Full Test Corporation 1769028779 - Development,2024-06-29,P2-KPI4,Backup Success Rate,P2,100.0,100.0,>,%
56005,E2E Full Test Corporation 1769028779 - Development,2024-07-29,P2-KPI4,Backup Success Rate,P2,95.0,100.0,>,%
56005,E2E Full Test Corporation 1769028779 - Development,2024-08-28,P2-KPI4,Backup Success Rate,P2,97.12,100.0,>,%
56005,E2E Full Test Corporation 1769028779 - Development,2024-09-27,P2-KPI4,Backup Success Rate,P2,100.0,100.0,>,%
56005,E2E Full Test Corporation 1769028779 - Development,2024-10-27,P2-KPI4,Backup Success Rate,P2,100.0,100.0,>,%
56005,E2E Full Test Corporation 1769028779 - Development,2024-11-26,P2-KPI4,Backup Success Rate,P2,100.0,100.0,>,%
56005,E2E Full Test Corporation 1769028779 - Development,2024-01-01,P2-KPI5,Patch Compliance,P2,90.98,95.0,>,%
56005,E2E Full Test Corporation 1769028779 - Development,2024-01-31,P2-KPI5,Patch Compliance,P2,100.0,95.0,>,%
56005,E2E Full Test Corporation 1769028779 - Development,2024-03-01,P2-KPI5,Patch Compliance,P2,100.0,95.0,>,%
56005,E2E Full Test Corporation 1769028779 - Development,2024-03-31,P2-KPI5,Patch Compliance,P2,85.09,95.0,>,%
56005,E2E Full Test Corporation 1769028779 - Development,2024-04-30,P2-KPI5,Patch Compliance,P2,100.0,95.0,>,%
56005,E2E Full Test Corporation 1769028779 - Development,2024-05-30,P2-KPI5,Patch Compliance,P2,80.0,95.0,>,%
56005,E2E Full Test Corporation 1769028779 - Development,2024-06-29,P2-KPI5,Patch Compliance,P2,97.75,95.0,>,%
56005,E2E Full Test Corporation 1769028779 - Development,2024-07-29,P2-KPI5,Patch Compliance,P2,92.61,95.0,>,%
56005,E2E Full Test Corporation 1769028779 - Development,2024-08-28,P2-KPI5,Patch Compliance,P2,100.0,95.0,>,%
56005,E2E Full Test Corporation 1769028779 - Development,2024-09-27,P2-KPI5,Patch Compliance,P2,80.0,95.0,>,%
56005,E2E Full Test Corporation 1769028779 - Development,2024-10-27,P2-KPI5,Patch Compliance,P2,97.65,95.0,>,%
56005,E2E Full Test Corporation 1769028779 - Development,2024-11-26,P2-KPI5,Patch Compliance,P2,88.09,95.0,>,%
56005,E2E Full Test Corporation 1769028779 - Development,2024-01-01,P2-KPI6,Service Request Fulfillment,P2,5.68,3.0,<,days
56005,E2E Full Test Corporation 1769028779 - Development,2024-01-31,P2-KPI6,Service Request Fulfillment,P2,4.24,3.0,<,days
56005,E2E Full Test Corporation 1769028779 - Development,2024-03-01,P2-KPI6,Service Request Fulfillment,P2,4.0,3.0,<,days
56005,E2E Full Test Corporation 1769028779 - Development,2024-03-31,P2-KPI6,Service Request Fulfillment,P2,5.56,3.0,<,days
56005,E2E Full Test Corporation 1769028779 - Development,2024-04-30,P2-KPI6,Service Request Fulfillment,P2,5.41,3.0,<,days
56005,E2E Full Test Corporation 1769028779 - Development,2024-05-30,P2-KPI6,Service Request Fulfillment,P2,5.63,3.0,<,days
56005,E2E Full Test Corporation 1769028779 - Development,2024-06-29,P2-KPI6,Service Request Fulfillment,P2,5.03,3.0,<,days
56005,E2E Full Test Corporation 1769028779 - Development,2024-07-29,P2-KPI6,Service Request Fulfillment,P2,3.5,3.0,<,days
56005,E2E Full Test Corporation 1769028779 - Development,2024-08-28,P2-KPI6,Service Request Fulfillment,P2,4.4,3.0,<,days
56005,E2E Full Test Corporation 1769028779 - Development,2024-09-27,P2-KPI6,Service Request Fulfillment,P2,5.16,3.0,<,days
56005,E2E Full Test Corporation 1769028779 - Development,2024-10-27,P2-KPI6,Service Request Fulfillment,P2,5.9,3.0,<,days
56005,E2E Full Test Corporation 1769028779 - Development,2024-11-26,P2-KPI6,Service Request Fulfillment,P2,5.7,3.0,<,days
56005,E2E Full Test Corporation 1769028779 - Development,2024-01-01,P2-KPI7,Capacity Planning Accuracy,P2,72.17,90.0,>,%
56005,E2E Full Test Corporation 1769028779 - Development,2024-01-31,P2-KPI7,Capacity Planning Accuracy,P2,78.81,90.0,>,%
56005,E2E Full Test Corporation 1769028779 - Development,2024-03-01,P2-KPI7,Capacity Planning Accuracy,P2,92.12,90.0,>,%
56005,E2E Full Test Corporation 1769028779 - Development,2024-03-31,P2-KPI7,Capacity Planning Accuracy,P2,88.91,90.0,>,%
56005,E2E Full Test Corporation 1769028779 - Development,2024-04-30,P2-KPI7,Capacity Planning Accuracy,P2,78.2,90.0,>,%
56005,E2E Full Test Corporation 1769028779 - Development,2024-05-30,P2-KPI7,Capacity Planning Accuracy,P2,91.99,90.0,>,%
56005,E2E Full Test Corporation 1769028779 - Development,2024-06-29,P2-KPI7,Capacity Planning Accuracy,P2,85.09,90.0,>,%
56005,E2E Full Test Corporation 1769028779 - Development,2024-07-29,P2-KPI7,Capacity Planning Accuracy,P2,92.31,90.0,>,%
56005,E2E Full Test Corporation 1769028779 - Development,2024-08-28,P2-KPI7,Capacity Planning Accuracy,P2,76.81,90.0,>,%
56005,E2E Full Test Corporation 1769028779 - Development,2024-09-27,P2-KPI7,Capacity Planning Accuracy,P2,93.79,90.0,>,%
56005,E2E Full Test Corporation 1769028779 - Development,2024-10-27,P2-KPI7,Capacity Planning Accuracy,P2,81.28,90.0,>,%
56005,E2E Full Test Corporation 1769028779 - Development,2024-11-26,P2-KPI7,Capacity Planning Accuracy,P2,83.81,90.0,>,%
56005,E2E Full Test Corporation 1769028779 - Development,2024-01-01,P2-KPI8,Documentation Quality,P2,76.24,85.0,>,score
56005,E2E Full Test Corporation 1769028779 - Development,2024-01-31,P2-KPI8,Documentation Quality,P2,69.12,85.0,>,score
56005,E2E Full Test Corporation 1769028779 - Development,2024-03-01,P2-KPI8,Documentation Quality,P2,78.22,85.0,>,score
56005,E2E Full Test Corporation 1769028779 - Development,2024-03-31,P2-KPI8,Documentation Quality,P2,77.38,85.0,>,score
56005,E2E Full Test Corporation 1769028779 - Development,2024-04-30,P2-KPI8,Documentation Quality,P2,79.76,85.0,>,score
56005,E2E Full Test Corporation 1769028779 - Development,2024-05-30,P2-KPI8,Documentation Quality,P2,64.42,85.0,>,score
56005,E2E Full Test Corporation 1769028779 - Development,2024-06-29,P2-KPI8,Documentation Quality,P2,77.04,85.0,>,score
56005,E2E Full Test Corporation 1769028779 - Development,2024-07-29,P2-KPI8,Documentation Quality,P2,82.54,85.0,>,score
56005,E2E Full Test Corporation 1769028779 - Development,2024-08-28,P2-KPI8,Documentation Quality,P2,75.59,85.0,>,score
56005,E2E Full Test Corporation 1769028779 - Development,2024-09-27,P2-KPI8,Documentation Quality,P2,78.09,85.0,>,score
56005,E2E Full Test Corporation 1769028779 - Development,2024-10-27,P2-KPI8,Documentation Quality,P2,76.66,85.0,>,score
56005,E2E Full Test Corporation 1769028779 - Development,2024-11-26,P2-KPI8,Documentation Quality,P2,65.77,85.0,>,score
56005,E2E Full Test Corporation 1769028779 - Development,2024-01-01,P3-KPI1,CSAT Score,P3,4.32,4.5,>,score
56005,E2E Full Test Corporation 1769028779 - Development,2024-01-31,P3-KPI1,CSAT Score,P3,3.83,4.5,>,score
56005,E2E Full Test Corporation 1769028779 - Development,2024-03-01,P3-KPI1,CSAT Score,P3,4.22,4.5,>,score
56005,E2E Full Test Corporation 1769028779 - Development,2024-03-31,P3-KPI1,CSAT Score,P3,3.73,4.5,>,score
56005,E2E Full Test Corporation 1769028779 - Development,2024-04-30,P3-KPI1,CSAT Score,P3,3.34,4.5,>,score
56005,E2E Full Test Corporation 1769028779 - Development,2024-05-30,P3-KPI1,CSAT Score,P3,3.56,4.5,>,score
56005,E2E Full Test Corporation 1769028779 - Development,2024-06-29,P3-KPI1,CSAT Score,P3,3.52,4.5,>,score
56005,E2E Full Test Corporation 1769028779 - Development,2024-07-29,P3-KPI1,CSAT Score,P3,4.75,4.5,>,score
56005,E2E Full Test Corporation 1769028779 - Development,2024-08-28,P3-KPI1,CSAT Score,P3,4.39,4.5,>,score
56005,E2E Full Test Corporation 1769028779 - Development,2024-09-27,P3-KPI1,CSAT Score,P3,3.68,4.5,>,score
56005,E2E Full Test Corporation 1769028779 - Development,2024-10-27,P3-KPI1,CSAT Score,P3,3.82,4.5,>,score
56005,E2E Full Test Corporation 1769028779 - Development,2024-11-26,P3-KPI1,CSAT Score,P3,3.81,4.5,>,score
56005,E2E Full Test Corporation 1769028779 - Development,2024-01-01,P3-KPI2,Support Ticket Volume,P3,44.39,20.0,<,tickets
56005,E2E Full Test Corporation 1769028779 - Development,2024-01-31,P3-KPI2,Support Ticket Volume,P3,31.07,20.0,<,tickets
56005,E2E Full Test Corporation 1769028779 - Development,2024-03-01,P3-KPI2,Support Ticket Volume,P3,34.03,20.0,<,tickets
56005,E2E Full Test Corporation 1769028779 - Development,2024-03-31,P3-KPI2,Support Ticket Volume,P3,48.4,20.0,<,tickets
56005,E2E Full Test Corporation 1769028779 - Development,2024-04-30,P3-KPI2,Support Ticket Volume,P3,56.18,20.0,<,tickets
56005,E2E Full Test Corporation 1769028779 - Development,2024-05-30,P3-KPI2,Support Ticket Volume,P3,61.54,20.0,<,tickets
56005,E2E Full Test Corporation 1769028779 - Development,2024-06-29,P3-KPI2,Support Ticket Volume,P3,41.34,20.0,<,tickets
56005,E2E Full Test Corporation 1769028779 - Development,2024-07-29,P3-KPI2,Support Ticket Volume,P3,35.41,20.0,<,tickets
56005,E2E Full Test Corporation 1769028779 - Development,2024-08-28,P3-KPI2,Support Ticket Volume,P3,29.77,20.0,<,tickets
56005,E2E Full Test Corporation 1769028779 - Development,2024-09-27,P3-KPI2,Support Ticket Volume,P3,44.36,20.0,<,tickets
56005,E2E Full Test Corporation 1769028779 - Development,2024-10-27,P3-KPI2,Support Ticket Volume,P3,58.7,20.0,<,tickets
56005,E2E Full Test Corporation 1769028779 - Development,2024-11-26,P3-KPI2,Support Ticket Volume,P3,54.78,20.0,<,tickets
56005,E2E Full Test Corporation 1769028779 - Development,2024-01-01,P3-KPI3,First Contact Resolution,P3,68.18,75.0,>,%
56005,E2E Full Test Corporation 1769028779 - Development,2024-01-31,P3-KPI3,First Contact Resolution,P3,79.27,75.0,>,%
56005,E2E Full Test Corporation 1769028779 - Development,2024-03-01,P3-KPI3,First Contact Resolution,P3,79.04,75.0,>,%
56005,E2E Full Test Corporation 1769028779 - Development,2024-03-31,P3-KPI3,First Contact Resolution,P3,65.81,75.0,>,%
56005,E2E Full Test Corporation 1769028779 - Development,2024-04-30,P3-KPI3,First Contact Resolution,P3,55.72,75.0,>,%
56005,E2E Full Test Corporation 1769028779 - Development,2024-05-30,P3-KPI3,First Contact Resolution,P3,67.32,75.0,>,%
56005,E2E Full Test Corporation 1769028779 - Development,2024-06-29,P3-KPI3,First Contact Resolution,P3,62.67,75.0,>,%
56005,E2E Full Test Corporation 1769028779 - Development,2024-07-29,P3-KPI3,First Contact Resolution,P3,70.71,75.0,>,%
56005,E2E Full Test Corporation 1769028779 - Development,2024-08-28,P3-KPI3,First Contact Resolution,P3,70.49,75.0,>,%
56005,E2E Full Test Corporation 1769028779 - Development,2024-09-27,P3-KPI3,First Contact Resolution,P3,60.13,75.0,>,%
56005,E2E Full Test Corporation 1769028779 - Development,2024-10-27,P3-KPI3,First Contact Resolution,P3,62.78,75.0,>,%
56005,E2E Full Test Corporation 1769028779 - Development,2024-11-26,P3-KPI3,First Contact Resolution,P3,68.63,75.0,>,%
56005,E2E Full Test Corporation 1769028779 - Development,2024-01-01,P3-KPI4,Training Completion,P3,73.99,90.0,>,%
56005,E2E Full Test Corporation 1769028779 - Development,2024-01-31,P3-KPI4,Training Completion,P3,95.81,90.0,>,%
56005,E2E Full Test Corporation 1769028779 - Development,2024-03-01,P3-KPI4,Training Completion,P3,94.4,90.0,>,%
56005,E2E Full Test Corporation 1769028779 - Development,2024-03-31,P3-KPI4,Training Completion,P3,87.97,90.0,>,%
56005,E2E Full Test Corporation 1769028779 - Development,2024-04-30,P3-KPI4,Training Completion,P3,69.19,90.0,>,%
56005,E2E Full Test Corporation 1769028779 - Development,2024-05-30,P3-KPI4,Training Completion,P3,87.12,90.0,>,%
56005,E2E Full Test Corporation 1769028779 - Development,2024-06-29,P3-KPI4,Training Completion,P3,82.43,90.0,>,%
56005,E2E Full Test Corporation 1769028779 - Development,2024-07-29,P3-KPI4,Training Completion,P3,83.99,90.0,>,%
56005,E2E Full Test Corporation 1769028779 - Development,2024-08-28,P3-KPI4,Training Completion,P3,97.39,90.0,>,%
56005,E2E Full Test Corporation 1769028779 - Development,2024-09-27,P3-KPI4,Training Completion,P3,69.1,90.0,>,%
56005,E2E Full Test Corporation 1769028779 - Development,2024-10-27,P3-KPI4,Training Completion,P3,82.87,90.0,>,%
56005,E2E Full Test Corporation 1769028779 - Development,2024-11-26,P3-KPI4,Training Completion,P3,77.43,90.0,>,%
56005,E2E Full Test Corporation 1769028779 - Development,2024-01-01,P3-KPI5,User Adoption Rate,P3,73.35,80.0,>,%
56005,E2E Full Test Corporation 1769028779 - Development,2024-01-31,P3-KPI5,User Adoption Rate,P3,74.65,80.0,>,%
56005,E2E Full Test Corporation 1769028779 - Development,2024-03-01,P3-KPI5,User Adoption Rate,P3,85.77,80.0,>,%
56005,E2E Full Test Corporation 1769028779 - Development,2024-03-31,P3-KPI5,User Adoption Rate,P3,71.76,80.0,>,%
56005,E2E Full Test Corporation 1769028779 - Development,2024-04-30,P3-KPI5,User Adoption Rate,P3,70.79,80.0,>,%
56005,E2E Full Test Corporation 1769028779 - Development,2024-05-30,P3-KPI5,User Adoption Rate,P3,61.19,80.0,>,%
56005,E2E Full Test Corporation 1769028779 - Development,2024-06-29,P3-KPI5,User Adoption Rate,P3,60.8,80.0,>,%
56005,E2E Full Test Corporation 1769028779 - Development,2024-07-29,P3-KPI5,User Adoption Rate,P3,66.81,80.0,>,%
56005,E2E Full Test Corporation 1769028779 - Development,2024-08-28,P3-KPI5,User Adoption Rate,P3,83.95,80.0,>,%
56005,E2E Full Test Corporation 1769028779 - Development,2024-09-27,P3-KPI5,User Adoption Rate,P3,75.93,80.0,>,%
56005,E2E Full Test Corporation 1769028779 - Development,2024-10-27,P3-KPI5,User Adoption Rate,P3,69.01,80.0,>,%
56005,E2E Full Test Corporation 1769028779 - Development,2024-11-26,P3-KPI5,User Adoption Rate,P3,68.51,80.0,>,%
56005,E2E Full Test Corporation 1769028779 - Development,2024-01-01,P3-KPI6,Executive Engagement,P3,3.53,4.0,>,meetings/quarter
56005,E2E Full Test Corporation 1769028779 - Development,2024-01-31,P3-KPI6,Executive Engagement,P3,3.37,4.0,>,meetings/quarter
56005,E2E Full Test Corporation 1769028779 - Development,2024-03-01,P3-KPI6,Executive Engagement,P3,4.07,4.0,>,meetings/quarter
56005,E2E Full Test Corporation 1769028779 - Development,2024-03-31,P3-KPI6,Executive Engagement,P3,3.65,4.0,>,meetings/quarter
56005,E2E Full Test Corporation 1769028779 - Development,2024-04-30,P3-KPI6,Executive Engagement,P3,2.74,4.0,>,meetings/quarter
56005,E2E Full Test Corporation 1769028779 - Development,2024-05-30,P3-KPI6,Executive Engagement,P3,2.91,4.0,>,meetings/quarter
56005,E2E Full Test Corporation 1769028779 - Development,2024-06-29,P3-KPI6,Executive Engagement,P3,3.0,4.0,>,meetings/quarter
56005,E2E Full Test Corporation 1769028779 - Development,2024-07-29,P3-KPI6,Executive Engagement,P3,3.76,4.0,>,meetings/quarter
56005,E2E Full Test Corporation 1769028779 - Development,2024-08-28,P3-KPI6,Executive Engagement,P3,3.2,4.0,>,meetings/quarter
56005,E2E Full Test Corporation 1769028779 - Development,2024-09-27,P3-KPI6,Executive Engagement,P3,3.56,4.0,>,meetings/quarter
56005,E2E Full Test Corporation 1769028779 - Development,2024-10-27,P3-KPI6,Executive Engagement,P3,3.06,4.0,>,meetings/quarter
56005,E2E Full Test Corporation 1769028779 - Development,2024-11-26,P3-KPI6,Executive Engagement,P3,3.26,4.0,>,meetings/quarter
56005,E2E Full Test Corporation 1769028779 - Development,2024-01-01,P3-KPI7,Response Time SLA,P3,50.45,30.0,<,minutes
56005,E2E Full Test Corporation 1769028779 - Development,2024-01-31,P3-KPI7,Response Time SLA,P3,43.96,30.0,<,minutes
56005,E2E Full Test Corporation 1769028779 - Development,2024-03-01,P3-KPI7,Response Time SLA,P3,46.51,30.0,<,minutes
56005,E2E Full Test Corporation 1769028779 - Development,2024-03-31,P3-KPI7,Response Time SLA,P3,60.08,30.0,<,minutes
56005,E2E Full Test Corporation 1769028779 - Development,2024-04-30,P3-KPI7,Response Time SLA,P3,62.02,30.0,<,minutes
56005,E2E Full Test Corporation 1769028779 - Development,2024-05-30,P3-KPI7,Response Time SLA,P3,77.37,30.0,<,minutes
56005,E2E Full Test Corporation 1769028779 - Development,2024-06-29,P3-KPI7,Response Time SLA,P3,56.98,30.0,<,minutes
56005,E2E Full Test Corporation 1769028779 - Development,2024-07-29,P3-KPI7,Response Time SLA,P3,46.34,30.0,<,minutes
56005,E2E Full Test Corporation 1769028779 - Development,2024-08-28,P3-KPI7,Response Time SLA,P3,37.91,30.0,<,minutes
56005,E2E Full Test Corporation 1769028779 - Development,2024-09-27,P3-KPI7,Response Time SLA,P3,64.47,30.0,<,minutes
56005,E2E Full Test Corporation 1769028779 - Development,2024-10-27,P3-KPI7,Response Time SLA,P3,77.1,30.0,<,minutes
56005,E2E Full Test Corporation 1769028779 - Development,2024-11-26,P3-KPI7,Response Time SLA,P3,77.54,30.0,<,minutes
56005,E2E Full Test Corporation 1769028779 - Development,2024-01-01,P4-KPI1,ROI Achievement,P4,118.46,150.0,>,%
56005,E2E Full Test Corporation 1769028779 - Development,2024-01-31,P4-KPI1,ROI Achievement,P4,135.83,150.0,>,%
56005,E2E Full Test Corporation 1769028779 - Development,2024-03-01,P4-KPI1,ROI Achievement,P4,158.05,150.0,>,%
56005,E2E Full Test Corporation 1769028779 - Development,2024-03-31,P4-KPI1,ROI Achievement,P4,145.47,150.0,>,%
56005,E2E Full Test Corporation 1769028779 - Development,2024-04-30,P4-KPI1,ROI Achievement,P4,132.14,150.0,>,%
56005,E2E Full Test Corporation 1769028779 - Development,2024-05-30,P4-KPI1,ROI Achievement,P4,143.21,150.0,>,%
56005,E2E Full Test Corporation 1769028779 - Development,2024-06-29,P4-KPI1,ROI Achievement,P4,123.79,150.0,>,%
56005,E2E Full Test Corporation 1769028779 - Development,2024-07-29,P4-KPI1,ROI Achievement,P4,147.93,150.0,>,%
56005,E2E Full Test Corporation 1769028779 - Development,2024-08-28,P4-KPI1,ROI Achievement,P4,146.45,150.0,>,%
56005,E2E Full Test Corporation 1769028779 - Development,2024-09-27,P4-KPI1,ROI Achievement,P4,115.37,150.0,>,%
56005,E2E Full Test Corporation 1769028779 - Development,2024-10-27,P4-KPI1,ROI Achievement,P4,126.95,150.0,>,%
56005,E2E Full Test Corporation 1769028779 - Development,2024-11-26,P4-KPI1,ROI Achievement,P4,143.55,150.0,>,%
56005,E2E Full Test Corporation 1769028779 - Development,2024-01-01,P4-KPI2,Cost Reduction,P4,14.47,20.0,>,%
56005,E2E Full Test Corporation 1769028779 - Development,2024-01-31,P4-KPI2,Cost Reduction,P4,14.57,20.0,>,%
56005,E2E Full Test Corporation 1769028779 - Development,2024-03-01,P4-KPI2,Cost Reduction,P4,15.94,20.0,>,%
56005,E2E Full Test Corporation 1769028779 - Development,2024-03-31,P4-KPI2,Cost Reduction,P4,13.31,20.0,>,%
56005,E2E Full Test Corporation 1769028779 - Development,2024-04-30,P4-KPI2,Cost Reduction,P4,10.49,20.0,>,%
56005,E2E Full Test Corporation 1769028779 - Development,2024-05-30,P4-KPI2,Cost Reduction,P4,10.88,20.0,>,%
56005,E2E Full Test Corporation 1769028779 - Development,2024-06-29,P4-KPI2,Cost Reduction,P4,16.0,20.0,>,%
56005,E2E Full Test Corporation 1769028779 - Development,2024-07-29,P4-KPI2,Cost Reduction,P4,17.75,20.0,>,%
56005,E2E Full Test Corporation 1769028779 - Development,2024-08-28,P4-KPI2,Cost Reduction,P4,16.37,20.0,>,%
56005,E2E Full Test Corporation 1769028779 - Development,2024-09-27,P4-KPI2,Cost Reduction,P4,15.45,20.0,>,%
56005,E2E Full Test Corporation 1769028779 - Development,2024-10-27,P4-KPI2,Cost Reduction,P4,11.08,20.0,>,%
56005,E2E Full Test Corporation 1769028779 - Development,2024-11-26,P4-KPI2,Cost Reduction,P4,9.65,20.0,>,%
56005,E2E Full Test Corporation 1769028779 - Development,2024-01-01,P4-KPI3,Time to Value,P4,99.58,90.0,<,days
56005,E2E Full Test Corporation 1769028779 - Development,2024-01-31,P4-KPI3,Time to Value,P4,109.22,90.0,<,days
56005,E2E Full Test Corporation 1769028779 - Development,2024-03-01,P4-KPI3,Time to Value,P4,112.42,90.0,<,days
56005,E2E Full Test Corporation 1769028779 - Development,2024-03-31,P4-KPI3,Time to Value,P4,133.01,90.0,<,days
56005,E2E Full Test Corporation 1769028779 - Development,2024-04-30,P4-KPI3,Time to Value,P4,119.57,90.0,<,days
56005,E2E Full Test Corporation 1769028779 - Development,2024-05-30,P4-KPI3,Time to Value,P4,141.69,90.0,<,days
56005,E2E Full Test Corporation 1769028779 - Development,2024-06-29,P4-KPI3,Time to Value,P4,133.04,90.0,<,days
56005,E2E Full Test Corporation 1769028779 - Development,2024-07-29,P4-KPI3,Time to Value,P4,114.44,90.0,<,days
56005,E2E Full Test Corporation 1769028779 - Development,2024-08-28,P4-KPI3,Time to Value,P4,115.56,90.0,<,days
56005,E2E Full Test Corporation 1769028779 - Development,2024-09-27,P4-KPI3,Time to Value,P4,101.19,90.0,<,days
56005,E2E Full Test Corporation 1769028779 - Development,2024-10-27,P4-KPI3,Time to Value,P4,141.52,90.0,<,days
56005,E2E Full Test Corporation 1769028779 - Development,2024-11-26,P4-KPI3,Time to Value,P4,119.98,90.0,<,days
56005,E2E Full Test Corporation 1769028779 - Development,2024-01-01,P4-KPI4,Revenue Enablement,P4,3.8,5.0,>,$M
56005,E2E Full Test Corporation 1769028779 - Development,2024-01-31,P4-KPI4,Revenue Enablement,P4,4.57,5.0,>,$M
56005,E2E Full Test Corporation 1769028779 - Development,2024-03-01,P4-KPI4,Revenue Enablement,P4,4.67,5.0,>,$M
56005,E2E Full Test Corporation 1769028779 - Development,2024-03-31,P4-KPI4,Revenue Enablement,P4,4.19,5.0,>,$M
56005,E2E Full Test Corporation 1769028779 - Development,2024-04-30,P4-KPI4,Revenue Enablement,P4,3.53,5.0,>,$M
56005,E2E Full Test Corporation 1769028779 - Development,2024-05-30,P4-KPI4,Revenue Enablement,P4,2.76,5.0,>,$M
56005,E2E Full Test Corporation 1769028779 - Development,2024-06-29,P4-KPI4,Revenue Enablement,P4,4.17,5.0,>,$M
56005,E2E Full Test Corporation 1769028779 - Development,2024-07-29,P4-KPI4,Revenue Enablement,P4,4.46,5.0,>,$M
56005,E2E Full Test Corporation 1769028779 - Development,2024-08-28,P4-KPI4,Revenue Enablement,P4,4.8,5.0,>,$M
56005,E2E Full Test Corporation 1769028779 - Development,2024-09-27,P4-KPI4,Revenue Enablement,P4,3.62,5.0,>,$M
56005,E2E Full Test Corporation 1769028779 - Development,2024-10-27,P4-KPI4,Revenue Enablement,P4,3.53,5.0,>,$M
56005,E2E Full Test Corporation 1769028779 - Development,2024-11-26,P4-KPI4,Revenue Enablement,P4,3.37,5.0,>,$M
56005,E2E Full Test Corporation 1769028779 - Development,2024-01-01,P4-KPI5,Operational Efficiency,P4,80.7,85.0,>,%
56005,E2E Full Test Corporation 1769028779 - Development,2024-01-31,P4-KPI5,Operational Efficiency,P4,74.6,85.0,>,%
56005,E2E Full Test Corporation 1769028779 - Development,2024-03-01,P4-KPI5,Operational Efficiency,P4,74.31,85.0,>,%
56005,E2E Full Test Corporation 1769028779 - Development,2024-03-31,P4-KPI5,Operational Efficiency,P4,86.81,85.0,>,%
56005,E2E Full Test Corporation 1769028779 - Development,2024-04-30,P4-KPI5,Operational Efficiency,P4,81.45,85.0,>,%
56005,E2E Full Test Corporation 1769028779 - Development,2024-05-30,P4-KPI5,Operational Efficiency,P4,67.52,85.0,>,%
56005,E2E Full Test Corporation 1769028779 - Development,2024-06-29,P4-KPI5,Operational Efficiency,P4,81.93,85.0,>,%
56005,E2E Full Test Corporation 1769028779 - Development,2024-07-29,P4-KPI5,Operational Efficiency,P4,86.76,85.0,>,%
56005,E2E Full Test Corporation 1769028779 - Development,2024-08-28,P4-KPI5,Operational Efficiency,P4,80.98,85.0,>,%
56005,E2E Full Test Corporation 1769028779 - Development,2024-09-27,P4-KPI5,Operational Efficiency,P4,76.49,85.0,>,%
56005,E2E Full Test Corporation 1769028779 - Development,2024-10-27,P4-KPI5,Operational Efficiency,P4,70.48,85.0,>,%
56005,E2E Full Test Corporation 1769028779 - Development,2024-11-26,P4-KPI5,Operational Efficiency,P4,67.07,85.0,>,%
56005,E2E Full Test Corporation 1769028779 - Development,2024-01-01,P4-KPI6,Innovation Projects,P4,2.54,3.0,>,count
56005,E2E Full Test Corporation 1769028779 - Development,2024-01-31,P4-KPI6,Innovation Projects,P4,2.78,3.0,>,count
56005,E2E Full Test Corporation 1769028779 - Development,2024-03-01,P4-KPI6,Innovation Projects,P4,3.1,3.0,>,count
56005,E2E Full Test Corporation 1769028779 - Development,2024-03-31,P4-KPI6,Innovation Projects,P4,2.48,3.0,>,count
56005,E2E Full Test Corporation 1769028779 - Development,2024-04-30,P4-KPI6,Innovation Projects,P4,2.38,3.0,>,count
56005,E2E Full Test Corporation 1769028779 - Development,2024-05-30,P4-KPI6,Innovation Projects,P4,1.94,3.0,>,count
56005,E2E Full Test Corporation 1769028779 - Development,2024-06-29,P4-KPI6,Innovation Projects,P4,2.51,3.0,>,count
56005,E2E Full Test Corporation 1769028779 - Development,2024-07-29,P4-KPI6,Innovation Projects,P4,2.65,3.0,>,count
56005,E2E Full Test Corporation 1769028779 - Development,2024-08-28,P4-KPI6,Innovation Projects,P4,2.64,3.0,>,count
56005,E2E Full Test Corporation 1769028779 - Development,2024-09-27,P4-KPI6,Innovation Projects,P4,2.36,3.0,>,count
56005,E2E Full Test Corporation 1769028779 - Development,2024-10-27,P4-KPI6,Innovation Projects,P4,2.25,3.0,>,count
56005,E2E Full Test Corporation 1769028779 - Development,2024-11-26,P4-KPI6,Innovation Projects,P4,1.79,3.0,>,count
56005,E2E Full Test Corporation 1769028779 - Development,2024-01-01,P4-KPI7,Business Case Validation,P4,90.96,90.0,>,%
56005,E2E Full Test Corporation 1769028779 - Development,2024-01-31,P4-KPI7,Business Case Validation,P4,95.09,90.0,>,%
56005,E2E Full Test Corporation 1769028779 - Development,2024-03-01,P4-KPI7,Business Case Validation,P4,90.68,90.0,>,%
56005,E2E Full Test Corporation 1769028779 - Development,2024-03-31,P4-KPI7,Business Case Validation,P4,93.62,90.0,>,%
56005,E2E Full Test Corporation 1769028779 - Development,2024-04-30,P4-KPI7,Business Case Validation,P4,92.57,90.0,>,%
56005,E2E Full Test Corporation 1769028779 - Development,2024-05-30,P4-KPI7,Business Case Validation,P4,70.0,90.0,>,%
56005,E2E Full Test Corporation 1769028779 - Development,2024-06-29,P4-KPI7,Business Case Validation,P4,71.45,90.0,>,%
56005,E2E Full Test Corporation 1769028779 - Development,2024-07-29,P4-KPI7,Business Case Validation,P4,99.37,90.0,>,%
56005,E2E Full Test Corporation 1769028779 - Development,2024-08-28,P4-KPI7,Business Case Validation,P4,85.96,90.0,>,%
56005,E2E Full Test Corporation 1769028779 - Development,2024-09-27,P4-KPI7,Business Case Validation,P4,73.35,90.0,>,%
56005,E2E Full Test Corporation 1769028779 - Development,2024-10-27,P4-KPI7,Business Case Validation,P4,78.89,90.0,>,%
56005,E2E Full Test Corporation 1769028779 - Development,2024-11-26,P4-KPI7,Business Case Validation,P4,85.61,90.0,>,%
56005,E2E Full Test Corporation 1769028779 - Development,2024-01-01,P5-KPI1,Executive Sponsorship,P5,4.36,4.5,>,score
56005,E2E Full Test Corporation 1769028779 - Development,2024-01-31,P5-KPI1,Executive Sponsorship,P5,4.9,4.5,>,score
56005,E2E Full Test Corporation 1769028779 - Development,2024-03-01,P5-KPI1,Executive Sponsorship,P5,4.04,4.5,>,score
56005,E2E Full Test Corporation 1769028779 - Development,2024-03-31,P5-KPI1,Executive Sponsorship,P5,4.62,4.5,>,score
56005,E2E Full Test Corporation 1769028779 - Development,2024-04-30,P5-KPI1,Executive Sponsorship,P5,4.06,4.5,>,score
56005,E2E Full Test Corporation 1769028779 - Development,2024-05-30,P5-KPI1,Executive Sponsorship,P5,3.39,4.5,>,score
56005,E2E Full Test Corporation 1769028779 - Development,2024-06-29,P5-KPI1,Executive Sponsorship,P5,3.57,4.5,>,score
56005,E2E Full Test Corporation 1769028779 - Development,2024-07-29,P5-KPI1,Executive Sponsorship,P5,3.69,4.5,>,score
56005,E2E Full Test Corporation 1769028779 - Development,2024-08-28,P5-KPI1,Executive Sponsorship,P5,4.35,4.5,>,score
56005,E2E Full Test Corporation 1769028779 - Development,2024-09-27,P5-KPI1,Executive Sponsorship,P5,3.46,4.5,>,score
56005,E2E Full Test Corporation 1769028779 - Development,2024-10-27,P5-KPI1,Executive Sponsorship,P5,4.23,4.5,>,score
56005,E2E Full Test Corporation 1769028779 - Development,2024-11-26,P5-KPI1,Executive Sponsorship,P5,4.28,4.5,>,score
56005,E2E Full Test Corporation 1769028779 - Development,2024-01-01,P5-KPI2,Renewal Likelihood,P5,84.97,95.0,>,%
56005,E2E Full Test Corporation 1769028779 - Development,2024-01-31,P5-KPI2,Renewal Likelihood,P5,91.98,95.0,>,%
56005,E2E Full Test Corporation 1769028779 - Development,2024-03-01,P5-KPI2,Renewal Likelihood,P5,90.86,95.0,>,%
56005,E2E Full Test Corporation 1769028779 - Development,2024-03-31,P5-KPI2,Renewal Likelihood,P5,92.58,95.0,>,%
56005,E2E Full Test Corporation 1769028779 - Development,2024-04-30,P5-KPI2,Renewal Likelihood,P5,79.97,95.0,>,%
56005,E2E Full Test Corporation 1769028779 - Development,2024-05-30,P5-KPI2,Renewal Likelihood,P5,78.94,95.0,>,%
56005,E2E Full Test Corporation 1769028779 - Development,2024-06-29,P5-KPI2,Renewal Likelihood,P5,88.62,95.0,>,%
56005,E2E Full Test Corporation 1769028779 - Development,2024-07-29,P5-KPI2,Renewal Likelihood,P5,100.0,95.0,>,%
56005,E2E Full Test Corporation 1769028779 - Development,2024-08-28,P5-KPI2,Renewal Likelihood,P5,98.14,95.0,>,%
56005,E2E Full Test Corporation 1769028779 - Development,2024-09-27,P5-KPI2,Renewal Likelihood,P5,86.37,95.0,>,%
56005,E2E Full Test Corporation 1769028779 - Development,2024-10-27,P5-KPI2,Renewal Likelihood,P5,72.01,95.0,>,%
56005,E2E Full Test Corporation 1769028779 - Development,2024-11-26,P5-KPI2,Renewal Likelihood,P5,84.98,95.0,>,%
56005,E2E Full Test Corporation 1769028779 - Development,2024-01-01,P5-KPI3,Expansion Pipeline,P5,1.65,2.0,>,$M
56005,E2E Full Test Corporation 1769028779 - Development,2024-01-31,P5-KPI3,Expansion Pipeline,P5,1.64,2.0,>,$M
56005,E2E Full Test Corporation 1769028779 - Development,2024-03-01,P5-KPI3,Expansion Pipeline,P5,1.94,2.0,>,$M
56005,E2E Full Test Corporation 1769028779 - Development,2024-03-31,P5-KPI3,Expansion Pipeline,P5,1.53,2.0,>,$M
56005,E2E Full Test Corporation 1769028779 - Development,2024-04-30,P5-KPI3,Expansion Pipeline,P5,1.37,2.0,>,$M
56005,E2E Full Test Corporation 1769028779 - Development,2024-05-30,P5-KPI3,Expansion Pipeline,P5,1.42,2.0,>,$M
56005,E2E Full Test Corporation 1769028779 - Development,2024-06-29,P5-KPI3,Expansion Pipeline,P5,1.51,2.0,>,$M
56005,E2E Full Test Corporation 1769028779 - Development,2024-07-29,P5-KPI3,Expansion Pipeline,P5,1.92,2.0,>,$M
56005,E2E Full Test Corporation 1769028779 - Development,2024-08-28,P5-KPI3,Expansion Pipeline,P5,1.62,2.0,>,$M
56005,E2E Full Test Corporation 1769028779 - Development,2024-09-27,P5-KPI3,Expansion Pipeline,P5,1.67,2.0,>,$M
56005,E2E Full Test Corporation 1769028779 - Development,2024-10-27,P5-KPI3,Expansion Pipeline,P5,1.22,2.0,>,$M
56005,E2E Full Test Corporation 1769028779 - Development,2024-11-26,P5-KPI3,Expansion Pipeline,P5,1.25,2.0,>,$M
56005,E2E Full Test Corporation 1769028779 - Development,2024-01-01,P5-KPI4,Reference Willingness,P5,3.26,4.0,>,score
56005,E2E Full Test Corporation 1769028779 - Development,2024-01-31,P5-KPI4,Reference Willingness,P5,3.75,4.0,>,score
56005,E2E Full Test Corporation 1769028779 - Development,2024-03-01,P5-KPI4,Reference Willingness,P5,3.35,4.0,>,score
56005,E2E Full Test Corporation 1769028779 - Development,2024-03-31,P5-KPI4,Reference Willingness,P5,3.86,4.0,>,score
56005,E2E Full Test Corporation 1769028779 - Development,2024-04-30,P5-KPI4,Reference Willingness,P5,2.96,4.0,>,score
56005,E2E Full Test Corporation 1769028779 - Development,2024-05-30,P5-KPI4,Reference Willingness,P5,3.26,4.0,>,score
56005,E2E Full Test Corporation 1769028779 - Development,2024-06-29,P5-KPI4,Reference Willingness,P5,2.97,4.0,>,score
56005,E2E Full Test Corporation 1769028779 - Development,2024-07-29,P5-KPI4,Reference Willingness,P5,3.7,4.0,>,score
56005,E2E Full Test Corporation 1769028779 - Development,2024-08-28,P5-KPI4,Reference Willingness,P5,4.17,4.0,>,score
56005,E2E Full Test Corporation 1769028779 - Development,2024-09-27,P5-KPI4,Reference Willingness,P5,3.38,4.0,>,score
56005,E2E Full Test Corporation 1769028779 - Development,2024-10-27,P5-KPI4,Reference Willingness,P5,3.44,4.0,>,score
56005,E2E Full Test Corporation 1769028779 - Development,2024-11-26,P5-KPI4,Reference Willingness,P5,3.56,4.0,>,score
56005,E2E Full Test Corporation 1769028779 - Development,2024-01-01,P5-KPI5,Strategic Alignment,P5,74.27,85.0,>,score
56005,E2E Full Test Corporation 1769028779 - Development,2024-01-31,P5-KPI5,Strategic Alignment,P5,93.04,85.0,>,score
56005,E2E Full Test Corporation 1769028779 - Development,2024-03-01,P5-KPI5,Strategic Alignment,P5,84.24,85.0,>,score
56005,E2E Full Test Corporation 1769028779 - Development,2024-03-31,P5-KPI5,Strategic Alignment,P5,65.93,85.0,>,score
56005,E2E Full Test Corporation 1769028779 - Development,2024-04-30,P5-KPI5,Strategic Alignment,P5,71.81,85.0,>,score
56005,E2E Full Test Corporation 1769028779 - Development,2024-05-30,P5-KPI5,Strategic Alignment,P5,84.51,85.0,>,score
56005,E2E Full Test Corporation 1769028779 - Development,2024-06-29,P5-KPI5,Strategic Alignment,P5,85.66,85.0,>,score
56005,E2E Full Test Corporation 1769028779 - Development,2024-07-29,P5-KPI5,Strategic Alignment,P5,88.27,85.0,>,score
56005,E2E Full Test Corporation 1769028779 - Development,2024-08-28,P5-KPI5,Strategic Alignment,P5,76.51,85.0,>,score
56005,E2E Full Test Corporation 1769028779 - Development,2024-09-27,P5-KPI5,Strategic Alignment,P5,78.89,85.0,>,score
56005,E2E Full Test Corporation 1769028779 - Development,2024-10-27,P5-KPI5,Strategic Alignment,P5,73.32,85.0,>,score
56005,E2E Full Test Corporation 1769028779 - Development,2024-11-26,P5-KPI5,Strategic Alignment,P5,69.56,85.0,>,score
56005,E2E Full Test Corporation 1769028779 - Development,2024-01-01,P5-KPI6,Partnership Depth,P5,64.67,80.0,>,score
56005,E2E Full Test Corporation 1769028779 - Development,2024-01-31,P5-KPI6,Partnership Depth,P5,76.07,80.0,>,score
56005,E2E Full Test Corporation 1769028779 - Development,2024-03-01,P5-KPI6,Partnership Depth,P5,64.51,80.0,>,score
56005,E2E Full Test Corporation 1769028779 - Development,2024-03-31,P5-KPI6,Partnership Depth,P5,66.13,80.0,>,score
56005,E2E Full Test Corporation 1769028779 - Development,2024-04-30,P5-KPI6,Partnership Depth,P5,70.65,80.0,>,score
56005,E2E Full Test Corporation 1769028779 - Development,2024-05-30,P5-KPI6,Partnership Depth,P5,64.34,80.0,>,score
56005,E2E Full Test Corporation 1769028779 - Development,2024-06-29,P5-KPI6,Partnership Depth,P5,70.96,80.0,>,score
56005,E2E Full Test Corporation 1769028779 - Development,2024-07-29,P5-KPI6,Partnership Depth,P5,84.98,80.0,>,score
56005,E2E Full Test Corporation 1769028779 - Development,2024-08-28,P5-KPI6,Partnership Depth,P5,65.79,80.0,>,score
56005,E2E Full Test Corporation 1769028779 - Development,2024-09-27,P5-KPI6,Partnership Depth,P5,70.11,80.0,>,score
56005,E2E Full Test Corporation 1769028779 - Development,2024-10-27,P5-KPI6,Partnership Depth,P5,58.74,80.0,>,score
56005,E2E Full Test Corporation 1769028779 - Development,2024-11-26,P5-KPI6,Partnership Depth,P5,64.56,80.0,>,score
56005,E2E Full Test Corporation 1769028779 - Development,2024-01-01,P5-KPI7,NPS Score,P5,64.4,70.0,>,score
56005,E2E Full Test Corporation 1769028779 - Development,2024-01-31,P5-KPI7,NPS Score,P5,58.28,70.0,>,score
56005,E2E Full Test Corporation 1769028779 - Development,2024-03-01,P5-KPI7,NPS Score,P5,75.31,70.0,>,score
56005,E2E Full Test Corporation 1769028779 - Development,2024-03-31,P5-KPI7,NPS Score,P5,68.55,70.0,>,score
56005,E2E Full Test Corporation 1769028779 - Development,2024-04-30,P5-KPI7,NPS Score,P5,64.73,70.0,>,score
56005,E2E Full Test Corporation 1769028779 - Development,2024-05-30,P5-KPI7,NPS Score,P5,56.9,70.0,>,score
56005,E2E Full Test Corporation 1769028779 - Development,2024-06-29,P5-KPI7,NPS Score,P5,58.68,70.0,>,score
56005,E2E Full Test Corporation 1769028779 - Development,2024-07-29,P5-KPI7,NPS Score,P5,58.3,70.0,>,score
56005,E2E Full Test Corporation 1769028779 - Development,2024-08-28,P5-KPI7,NPS Score,P5,56.17,70.0,>,score
56005,E2E Full Test Corporation 1769028779 - Development,2024-09-27,P5-KPI7,NPS Score,P5,57.79,70.0,>,score
56005,E2E Full Test Corporation 1769028779 - Development,2024-10-27,P5-KPI7,NPS Score,P5,58.87,70.0,>,score
56005,E2E Full Test Corporation 1769028779 - Development,2024-11-26,P5-KPI7,NPS Score,P5,48.88,70.0,>,score
56006,E2E Full Test Corporation 1769028779 - HQ Operations,2024-01-01,P1-KPI1,System Uptime,P1,98.0,99.9,>,%
56006,E2E Full Test Corporation 1769028779 - HQ Operations,2024-01-31,P1-KPI1,System Uptime,P1,98.0,99.9,>,%
56006,E2E Full Test Corporation 1769028779 - HQ Operations,2024-03-01,P1-KPI1,System Uptime,P1,100.0,99.9,>,%
56006,E2E Full Test Corporation 1769028779 - HQ Operations,2024-03-31,P1-KPI1,System Uptime,P1,100.0,99.9,>,%
56006,E2E Full Test Corporation 1769028779 - HQ Operations,2024-04-30,P1-KPI1,System Uptime,P1,100.0,99.9,>,%
56006,E2E Full Test Corporation 1769028779 - HQ Operations,2024-05-30,P1-KPI1,System Uptime,P1,100.0,99.9,>,%
56006,E2E Full Test Corporation 1769028779 - HQ Operations,2024-06-29,P1-KPI1,System Uptime,P1,98.0,99.9,>,%
56006,E2E Full Test Corporation 1769028779 - HQ Operations,2024-07-29,P1-KPI1,System Uptime,P1,98.0,99.9,>,%
56006,E2E Full Test Corporation 1769028779 - HQ Operations,2024-08-28,P1-KPI1,System Uptime,P1,100.0,99.9,>,%
56006,E2E Full Test Corporation 1769028779 - HQ Operations,2024-09-27,P1-KPI1,System Uptime,P1,98.74,99.9,>,%
56006,E2E Full Test Corporation 1769028779 - HQ Operations,2024-10-27,P1-KPI1,System Uptime,P1,98.69,99.9,>,%
56006,E2E Full Test Corporation 1769028779 - HQ Operations,2024-11-26,P1-KPI1,System Uptime,P1,98.0,99.9,>,%
56006,E2E Full Test Corporation 1769028779 - HQ Operations,2024-01-01,P1-KPI2,Mean Time to Resolution,P1,4.71,2.0,<,hours
56006,E2E Full Test Corporation 1769028779 - HQ Operations,2024-01-31,P1-KPI2,Mean Time to Resolution,P1,3.91,2.0,<,hours
56006,E2E Full Test Corporation 1769028779 - HQ Operations,2024-03-01,P1-KPI2,Mean Time to Resolution,P1,4.59,2.0,<,hours
56006,E2E Full Test Corporation 1769028779 - HQ Operations,2024-03-31,P1-KPI2,Mean Time to Resolution,P1,4.8,2.0,<,hours
56006,E2E Full Test Corporation 1769028779 - HQ Operations,2024-04-30,P1-KPI2,Mean Time to Resolution,P1,3.77,2.0,<,hours
56006,E2E Full Test Corporation 1769028779 - HQ Operations,2024-05-30,P1-KPI2,Mean Time to Resolution,P1,3.63,2.0,<,hours
56006,E2E Full Test Corporation 1769028779 - HQ Operations,2024-06-29,P1-KPI2,Mean Time to Resolution,P1,3.9,2.0,<,hours
56006,E2E Full Test Corporation 1769028779 - HQ Operations,2024-07-29,P1-KPI2,Mean Time to Resolution,P1,3.83,2.0,<,hours
56006,E2E Full Test Corporation 1769028779 - HQ Operations,2024-08-28,P1-KPI2,Mean Time to Resolution,P1,3.61,2.0,<,hours
56006,E2E Full Test Corporation 1769028779 - HQ Operations,2024-09-27,P1-KPI2,Mean Time to Resolution,P1,3.78,2.0,<,hours
56006,E2E Full Test Corporation 1769028779 - HQ Operations,2024-10-27,P1-KPI2,Mean Time to Resolution,P1,3.91,2.0,<,hours
56006,E2E Full Test Corporation 1769028779 - HQ Operations,2024-11-26,P1-KPI2,Mean Time to Resolution,P1,3.86,2.0,<,hours
56006,E2E Full Test Corporation 1769028779 - HQ Operations,2024-01-01,P1-KPI3,GPU Utilization,P1,75.07,85.0,>,%
56006,E2E Full Test Corporation 1769028779 - HQ Operations,2024-01-31,P1-KPI3,GPU Utilization,P1,80.34,85.0,>,%
56006,E2E Full Test Corporation 1769028779 - HQ Operations,2024-03-01,P1-KPI3,GPU Utilization,P1,78.49,85.0,>,%
56006,E2E Full Test Corporation 1769028779 - HQ Operations,2024-03-31,P1-KPI3,GPU Utilization,P1,77.46,85.0,>,%
56006,E2E Full Test Corporation 1769028779 - HQ Operations,2024-04-30,P1-KPI3,GPU Utilization,P1,77.62,85.0,>,%
56006,E2E Full Test Corporation 1769028779 - HQ Operations,2024-05-30,P1-KPI3,GPU Utilization,P1,76.35,85.0,>,%
56006,E2E Full Test Corporation 1769028779 - HQ Operations,2024-06-29,P1-KPI3,GPU Utilization,P1,76.38,85.0,>,%
56006,E2E Full Test Corporation 1769028779 - HQ Operations,2024-07-29,P1-KPI3,GPU Utilization,P1,78.7,85.0,>,%
56006,E2E Full Test Corporation 1769028779 - HQ Operations,2024-08-28,P1-KPI3,GPU Utilization,P1,80.78,85.0,>,%
56006,E2E Full Test Corporation 1769028779 - HQ Operations,2024-09-27,P1-KPI3,GPU Utilization,P1,77.96,85.0,>,%
56006,E2E Full Test Corporation 1769028779 - HQ Operations,2024-10-27,P1-KPI3,GPU Utilization,P1,80.85,85.0,>,%
56006,E2E Full Test Corporation 1769028779 - HQ Operations,2024-11-26,P1-KPI3,GPU Utilization,P1,78.14,85.0,>,%
56006,E2E Full Test Corporation 1769028779 - HQ Operations,2024-01-01,P1-KPI4,Network Latency,P1,28.95,10.0,<,ms
56006,E2E Full Test Corporation 1769028779 - HQ Operations,2024-01-31,P1-KPI4,Network Latency,P1,22.39,10.0,<,ms
56006,E2E Full Test Corporation 1769028779 - HQ Operations,2024-03-01,P1-KPI4,Network Latency,P1,21.45,10.0,<,ms
56006,E2E Full Test Corporation 1769028779 - HQ Operations,2024-03-31,P1-KPI4,Network Latency,P1,26.65,10.0,<,ms
56006,E2E Full Test Corporation 1769028779 - HQ Operations,2024-04-30,P1-KPI4,Network Latency,P1,28.01,10.0,<,ms
56006,E2E Full Test Corporation 1769028779 - HQ Operations,2024-05-30,P1-KPI4,Network Latency,P1,28.79,10.0,<,ms
56006,E2E Full Test Corporation 1769028779 - HQ Operations,2024-06-29,P1-KPI4,Network Latency,P1,22.67,10.0,<,ms
56006,E2E Full Test Corporation 1769028779 - HQ Operations,2024-07-29,P1-KPI4,Network Latency,P1,21.01,10.0,<,ms
56006,E2E Full Test Corporation 1769028779 - HQ Operations,2024-08-28,P1-KPI4,Network Latency,P1,22.98,10.0,<,ms
56006,E2E Full Test Corporation 1769028779 - HQ Operations,2024-09-27,P1-KPI4,Network Latency,P1,22.39,10.0,<,ms
56006,E2E Full Test Corporation 1769028779 - HQ Operations,2024-10-27,P1-KPI4,Network Latency,P1,22.32,10.0,<,ms
56006,E2E Full Test Corporation 1769028779 - HQ Operations,2024-11-26,P1-KPI4,Network Latency,P1,22.56,10.0,<,ms
56006,E2E Full Test Corporation 1769028779 - HQ Operations,2024-01-01,P1-KPI5,Storage Performance,P1,76073.96,100000.0,>,IOPS
56006,E2E Full Test Corporation 1769028779 - HQ Operations,2024-01-31,P1-KPI5,Storage Performance,P1,78275.91,100000.0,>,IOPS
56006,E2E Full Test Corporation 1769028779 - HQ Operations,2024-03-01,P1-KPI5,Storage Performance,P1,74822.2,100000.0,>,IOPS
56006,E2E Full Test Corporation 1769028779 - HQ Operations,2024-03-31,P1-KPI5,Storage Performance,P1,88378.19,100000.0,>,IOPS
56006,E2E Full Test Corporation 1769028779 - HQ Operations,2024-04-30,P1-KPI5,Storage Performance,P1,87809.82,100000.0,>,IOPS
56006,E2E Full Test Corporation 1769028779 - HQ Operations,2024-05-30,P1-KPI5,Storage Performance,P1,84039.52,100000.0,>,IOPS
56006,E2E Full Test Corporation 1769028779 - HQ Operations,2024-06-29,P1-KPI5,Storage Performance,P1,82324.64,100000.0,>,IOPS
56006,E2E Full Test Corporation 1769028779 - HQ Operations,2024-07-29,P1-KPI5,Storage Performance,P1,82403.75,100000.0,>,IOPS
56006,E2E Full Test Corporation 1769028779 - HQ Operations,2024-08-28,P1-KPI5,Storage Performance,P1,82919.51,100000.0,>,IOPS
56006,E2E Full Test Corporation 1769028779 - HQ Operations,2024-09-27,P1-KPI5,Storage Performance,P1,89080.83,100000.0,>,IOPS
56006,E2E Full Test Corporation 1769028779 - HQ Operations,2024-10-27,P1-KPI5,Storage Performance,P1,84506.34,100000.0,>,IOPS
56006,E2E Full Test Corporation 1769028779 - HQ Operations,2024-11-26,P1-KPI5,Storage Performance,P1,86382.24,100000.0,>,IOPS
56006,E2E Full Test Corporation 1769028779 - HQ Operations,2024-01-01,P1-KPI6,Cooling Efficiency,P1,1.49,1.3,<,PUE
56006,E2E Full Test Corporation 1769028779 - HQ Operations,2024-01-31,P1-KPI6,Cooling Efficiency,P1,1.44,1.3,<,PUE
56006,E2E Full Test Corporation 1769028779 - HQ Operations,2024-03-01,P1-KPI6,Cooling Efficiency,P1,1.4,1.3,<,PUE
56006,E2E Full Test Corporation 1769028779 - HQ Operations,2024-03-31,P1-KPI6,Cooling Efficiency,P1,1.54,1.3,<,PUE
56006,E2E Full Test Corporation 1769028779 - HQ Operations,2024-04-30,P1-KPI6,Cooling Efficiency,P1,1.47,1.3,<,PUE
56006,E2E Full Test Corporation 1769028779 - HQ Operations,2024-05-30,P1-KPI6,Cooling Efficiency,P1,1.42,1.3,<,PUE
56006,E2E Full Test Corporation 1769028779 - HQ Operations,2024-06-29,P1-KPI6,Cooling Efficiency,P1,1.4,1.3,<,PUE
56006,E2E Full Test Corporation 1769028779 - HQ Operations,2024-07-29,P1-KPI6,Cooling Efficiency,P1,1.45,1.3,<,PUE
56006,E2E Full Test Corporation 1769028779 - HQ Operations,2024-08-28,P1-KPI6,Cooling Efficiency,P1,1.51,1.3,<,PUE
56006,E2E Full Test Corporation 1769028779 - HQ Operations,2024-09-27,P1-KPI6,Cooling Efficiency,P1,1.45,1.3,<,PUE
56006,E2E Full Test Corporation 1769028779 - HQ Operations,2024-10-27,P1-KPI6,Cooling Efficiency,P1,1.43,1.3,<,PUE
56006,E2E Full Test Corporation 1769028779 - HQ Operations,2024-11-26,P1-KPI6,Cooling Efficiency,P1,1.52,1.3,<,PUE
56006,E2E Full Test Corporation 1769028779 - HQ Operations,2024-01-01,P1-KPI7,Power Usage,P1,575.59,500.0,<,kW
56006,E2E Full Test Corporation 1769028779 - HQ Operations,2024-01-31,P1-KPI7,Power Usage,P1,666.07,500.0,<,kW
56006,E2E Full Test Corporation 1769028779 - HQ Operations,2024-03-01,P1-KPI7,Power Usage,P1,606.49,500.0,<,kW
56006,E2E Full Test Corporation 1769028779 - HQ Operations,2024-03-31,P1-KPI7,Power Usage,P1,605.03,500.0,<,kW
56006,E2E Full Test Corporation 1769028779 - HQ Operations,2024-04-30,P1-KPI7,Power Usage,P1,634.95,500.0,<,kW
56006,E2E Full Test Corporation 1769028779 - HQ Operations,2024-05-30,P1-KPI7,Power Usage,P1,606.83,500.0,<,kW
56006,E2E Full Test Corporation 1769028779 - HQ Operations,2024-06-29,P1-KPI7,Power Usage,P1,614.39,500.0,<,kW
56006,E2E Full Test Corporation 1769028779 - HQ Operations,2024-07-29,P1-KPI7,Power Usage,P1,577.95,500.0,<,kW
56006,E2E Full Test Corporation 1769028779 - HQ Operations,2024-08-28,P1-KPI7,Power Usage,P1,581.17,500.0,<,kW
56006,E2E Full Test Corporation 1769028779 - HQ Operations,2024-09-27,P1-KPI7,Power Usage,P1,587.48,500.0,<,kW
56006,E2E Full Test Corporation 1769028779 - HQ Operations,2024-10-27,P1-KPI7,Power Usage,P1,617.62,500.0,<,kW
56006,E2E Full Test Corporation 1769028779 - HQ Operations,2024-11-26,P1-KPI7,Power Usage,P1,570.59,500.0,<,kW
56006,E2E Full Test Corporation 1769028779 - HQ Operations,2024-01-01,P1-KPI8,Thermal Management,P1,29.07,25.0,<,°C
56006,E2E Full Test Corporation 1769028779 - HQ Operations,2024-01-31,P1-KPI8,Thermal Management,P1,27.36,25.0,<,°C
56006,E2E Full Test Corporation 1769028779 - HQ Operations,2024-03-01,P1-KPI8,Thermal Management,P1,27.21,25.0,<,°C
56006,E2E Full Test Corporation 1769028779 - HQ Operations,2024-03-31,P1-KPI8,Thermal Management,P1,28.41,25.0,<,°C
56006,E2E Full Test Corporation 1769028779 - HQ Operations,2024-04-30,P1-KPI8,Thermal Management,P1,29.73,25.0,<,°C
56006,E2E Full Test Corporation 1769028779 - HQ Operations,2024-05-30,P1-KPI8,Thermal Management,P1,28.81,25.0,<,°C
56006,E2E Full Test Corporation 1769028779 - HQ Operations,2024-06-29,P1-KPI8,Thermal Management,P1,27.23,25.0,<,°C
56006,E2E Full Test Corporation 1769028779 - HQ Operations,2024-07-29,P1-KPI8,Thermal Management,P1,29.26,25.0,<,°C
56006,E2E Full Test Corporation 1769028779 - HQ Operations,2024-08-28,P1-KPI8,Thermal Management,P1,26.64,25.0,<,°C
56006,E2E Full Test Corporation 1769028779 - HQ Operations,2024-09-27,P1-KPI8,Thermal Management,P1,27.91,25.0,<,°C
56006,E2E Full Test Corporation 1769028779 - HQ Operations,2024-10-27,P1-KPI8,Thermal Management,P1,27.29,25.0,<,°C
56006,E2E Full Test Corporation 1769028779 - HQ Operations,2024-11-26,P1-KPI8,Thermal Management,P1,27.82,25.0,<,°C
56006,E2E Full Test Corporation 1769028779 - HQ Operations,2024-01-01,P2-KPI1,SLA Compliance,P2,99.24,99.0,>,%
56006,E2E Full Test Corporation 1769028779 - HQ Operations,2024-01-31,P2-KPI1,SLA Compliance,P2,97.55,99.0,>,%
56006,E2E Full Test Corporation 1769028779 - HQ Operations,2024-03-01,P2-KPI1,SLA Compliance,P2,95.3,99.0,>,%
56006,E2E Full Test Corporation 1769028779 - HQ Operations,2024-03-31,P2-KPI1,SLA Compliance,P2,95.0,99.0,>,%
56006,E2E Full Test Corporation 1769028779 - HQ Operations,2024-04-30,P2-KPI1,SLA Compliance,P2,95.99,99.0,>,%
56006,E2E Full Test Corporation 1769028779 - HQ Operations,2024-05-30,P2-KPI1,SLA Compliance,P2,95.0,99.0,>,%
56006,E2E Full Test Corporation 1769028779 - HQ Operations,2024-06-29,P2-KPI1,SLA Compliance,P2,95.0,99.0,>,%
56006,E2E Full Test Corporation 1769028779 - HQ Operations,2024-07-29,P2-KPI1,SLA Compliance,P2,99.49,99.0,>,%
56006,E2E Full Test Corporation 1769028779 - HQ Operations,2024-08-28,P2-KPI1,SLA Compliance,P2,95.75,99.0,>,%
56006,E2E Full Test Corporation 1769028779 - HQ Operations,2024-09-27,P2-KPI1,SLA Compliance,P2,96.41,99.0,>,%
56006,E2E Full Test Corporation 1769028779 - HQ Operations,2024-10-27,P2-KPI1,SLA Compliance,P2,100.0,99.0,>,%
56006,E2E Full Test Corporation 1769028779 - HQ Operations,2024-11-26,P2-KPI1,SLA Compliance,P2,100.0,99.0,>,%
56006,E2E Full Test Corporation 1769028779 - HQ Operations,2024-01-01,P2-KPI2,Incident Response Time,P2,35.69,15.0,<,minutes
56006,E2E Full Test Corporation 1769028779 - HQ Operations,2024-01-31,P2-KPI2,Incident Response Time,P2,34.6,15.0,<,minutes
56006,E2E Full Test Corporation 1769028779 - HQ Operations,2024-03-01,P2-KPI2,Incident Response Time,P2,29.15,15.0,<,minutes
56006,E2E Full Test Corporation 1769028779 - HQ Operations,2024-03-31,P2-KPI2,Incident Response Time,P2,29.38,15.0,<,minutes
56006,E2E Full Test Corporation 1769028779 - HQ Operations,2024-04-30,P2-KPI2,Incident Response Time,P2,28.2,15.0,<,minutes
56006,E2E Full Test Corporation 1769028779 - HQ Operations,2024-05-30,P2-KPI2,Incident Response Time,P2,27.08,15.0,<,minutes
56006,E2E Full Test Corporation 1769028779 - HQ Operations,2024-06-29,P2-KPI2,Incident Response Time,P2,28.2,15.0,<,minutes
56006,E2E Full Test Corporation 1769028779 - HQ Operations,2024-07-29,P2-KPI2,Incident Response Time,P2,27.24,15.0,<,minutes
56006,E2E Full Test Corporation 1769028779 - HQ Operations,2024-08-28,P2-KPI2,Incident Response Time,P2,28.89,15.0,<,minutes
56006,E2E Full Test Corporation 1769028779 - HQ Operations,2024-09-27,P2-KPI2,Incident Response Time,P2,27.32,15.0,<,minutes
56006,E2E Full Test Corporation 1769028779 - HQ Operations,2024-10-27,P2-KPI2,Incident Response Time,P2,28.91,15.0,<,minutes
56006,E2E Full Test Corporation 1769028779 - HQ Operations,2024-11-26,P2-KPI2,Incident Response Time,P2,29.69,15.0,<,minutes
56006,E2E Full Test Corporation 1769028779 - HQ Operations,2024-01-01,P2-KPI3,Change Success Rate,P2,96.61,98.0,>,%
56006,E2E Full Test Corporation 1769028779 - HQ Operations,2024-01-31,P2-KPI3,Change Success Rate,P2,95.38,98.0,>,%
56006,E2E Full Test Corporation 1769028779 - HQ Operations,2024-03-01,P2-KPI3,Change Success Rate,P2,91.52,98.0,>,%
56006,E2E Full Test Corporation 1769028779 - HQ Operations,2024-03-31,P2-KPI3,Change Success Rate,P2,96.23,98.0,>,%
56006,E2E Full Test Corporation 1769028779 - HQ Operations,2024-04-30,P2-KPI3,Change Success Rate,P2,91.96,98.0,>,%
56006,E2E Full Test Corporation 1769028779 - HQ Operations,2024-05-30,P2-KPI3,Change Success Rate,P2,93.63,98.0,>,%
56006,E2E Full Test Corporation 1769028779 - HQ Operations,2024-06-29,P2-KPI3,Change Success Rate,P2,91.33,98.0,>,%
56006,E2E Full Test Corporation 1769028779 - HQ Operations,2024-07-29,P2-KPI3,Change Success Rate,P2,93.92,98.0,>,%
56006,E2E Full Test Corporation 1769028779 - HQ Operations,2024-08-28,P2-KPI3,Change Success Rate,P2,99.08,98.0,>,%
56006,E2E Full Test Corporation 1769028779 - HQ Operations,2024-09-27,P2-KPI3,Change Success Rate,P2,92.88,98.0,>,%
56006,E2E Full Test Corporation 1769028779 - HQ Operations,2024-10-27,P2-KPI3,Change Success Rate,P2,95.87,98.0,>,%
56006,E2E Full Test Corporation 1769028779 - HQ Operations,2024-11-26,P2-KPI3,Change Success Rate,P2,97.04,98.0,>,%
56006,E2E Full Test Corporation 1769028779 - HQ Operations,2024-01-01,P2-KPI4,Backup Success Rate,P2,100.0,100.0,>,%
56006,E2E Full Test Corporation 1769028779 - HQ Operations,2024-01-31,P2-KPI4,Backup Success Rate,P2,95.79,100.0,>,%
56006,E2E Full Test Corporation 1769028779 - HQ Operations,2024-03-01,P2-KPI4,Backup Success Rate,P2,100.0,100.0,>,%
56006,E2E Full Test Corporation 1769028779 - HQ Operations,2024-03-31,P2-KPI4,Backup Success Rate,P2,100.0,100.0,>,%
56006,E2E Full Test Corporation 1769028779 - HQ Operations,2024-04-30,P2-KPI4,Backup Success Rate,P2,98.02,100.0,>,%
56006,E2E Full Test Corporation 1769028779 - HQ Operations,2024-05-30,P2-KPI4,Backup Success Rate,P2,100.0,100.0,>,%
56006,E2E Full Test Corporation 1769028779 - HQ Operations,2024-06-29,P2-KPI4,Backup Success Rate,P2,99.32,100.0,>,%
56006,E2E Full Test Corporation 1769028779 - HQ Operations,2024-07-29,P2-KPI4,Backup Success Rate,P2,100.0,100.0,>,%
56006,E2E Full Test Corporation 1769028779 - HQ Operations,2024-08-28,P2-KPI4,Backup Success Rate,P2,95.0,100.0,>,%
56006,E2E Full Test Corporation 1769028779 - HQ Operations,2024-09-27,P2-KPI4,Backup Success Rate,P2,97.46,100.0,>,%
56006,E2E Full Test Corporation 1769028779 - HQ Operations,2024-10-27,P2-KPI4,Backup Success Rate,P2,100.0,100.0,>,%
56006,E2E Full Test Corporation 1769028779 - HQ Operations,2024-11-26,P2-KPI4,Backup Success Rate,P2,100.0,100.0,>,%
56006,E2E Full Test Corporation 1769028779 - HQ Operations,2024-01-01,P2-KPI5,Patch Compliance,P2,93.17,95.0,>,%
56006,E2E Full Test Corporation 1769028779 - HQ Operations,2024-01-31,P2-KPI5,Patch Compliance,P2,91.42,95.0,>,%
56006,E2E Full Test Corporation 1769028779 - HQ Operations,2024-03-01,P2-KPI5,Patch Compliance,P2,94.89,95.0,>,%
56006,E2E Full Test Corporation 1769028779 - HQ Operations,2024-03-31,P2-KPI5,Patch Compliance,P2,89.17,95.0,>,%
56006,E2E Full Test Corporation 1769028779 - HQ Operations,2024-04-30,P2-KPI5,Patch Compliance,P2,86.78,95.0,>,%
56006,E2E Full Test Corporation 1769028779 - HQ Operations,2024-05-30,P2-KPI5,Patch Compliance,P2,84.28,95.0,>,%
56006,E2E Full Test Corporation 1769028779 - HQ Operations,2024-06-29,P2-KPI5,Patch Compliance,P2,94.44,95.0,>,%
56006,E2E Full Test Corporation 1769028779 - HQ Operations,2024-07-29,P2-KPI5,Patch Compliance,P2,87.32,95.0,>,%
56006,E2E Full Test Corporation 1769028779 - HQ Operations,2024-08-28,P2-KPI5,Patch Compliance,P2,87.28,95.0,>,%
56006,E2E Full Test Corporation 1769028779 - HQ Operations,2024-09-27,P2-KPI5,Patch Compliance,P2,92.31,95.0,>,%
56006,E2E Full Test Corporation 1769028779 - HQ Operations,2024-10-27,P2-KPI5,Patch Compliance,P2,89.05,95.0,>,%
56006,E2E Full Test Corporation 1769028779 - HQ Operations,2024-11-26,P2-KPI5,Patch Compliance,P2,88.02,95.0,>,%
56006,E2E Full Test Corporation 1769028779 - HQ Operations,2024-01-01,P2-KPI6,Service Request Fulfillment,P2,5.23,3.0,<,days
56006,E2E Full Test Corporation 1769028779 - HQ Operations,2024-01-31,P2-KPI6,Service Request Fulfillment,P2,5.88,3.0,<,days
56006,E2E Full Test Corporation 1769028779 - HQ Operations,2024-03-01,P2-KPI6,Service Request Fulfillment,P2,6.4,3.0,<,days
56006,E2E Full Test Corporation 1769028779 - HQ Operations,2024-03-31,P2-KPI6,Service Request Fulfillment,P2,5.08,3.0,<,days
56006,E2E Full Test Corporation 1769028779 - HQ Operations,2024-04-30,P2-KPI6,Service Request Fulfillment,P2,5.33,3.0,<,days
56006,E2E Full Test Corporation 1769028779 - HQ Operations,2024-05-30,P2-KPI6,Service Request Fulfillment,P2,5.1,3.0,<,days
56006,E2E Full Test Corporation 1769028779 - HQ Operations,2024-06-29,P2-KPI6,Service Request Fulfillment,P2,4.99,3.0,<,days
56006,E2E Full Test Corporation 1769028779 - HQ Operations,2024-07-29,P2-KPI6,Service Request Fulfillment,P2,4.9,3.0,<,days
56006,E2E Full Test Corporation 1769028779 - HQ Operations,2024-08-28,P2-KPI6,Service Request Fulfillment,P2,5.18,3.0,<,days
56006,E2E Full Test Corporation 1769028779 - HQ Operations,2024-09-27,P2-KPI6,Service Request Fulfillment,P2,4.87,3.0,<,days
56006,E2E Full Test Corporation 1769028779 - HQ Operations,2024-10-27,P2-KPI6,Service Request Fulfillment,P2,5.01,3.0,<,days
56006,E2E Full Test Corporation 1769028779 - HQ Operations,2024-11-26,P2-KPI6,Service Request Fulfillment,P2,5.0,3.0,<,days
56006,E2E Full Test Corporation 1769028779 - HQ Operations,2024-01-01,P2-KPI7,Capacity Planning Accuracy,P2,79.82,90.0,>,%
56006,E2E Full Test Corporation 1769028779 - HQ Operations,2024-01-31,P2-KPI7,Capacity Planning Accuracy,P2,80.45,90.0,>,%
56006,E2E Full Test Corporation 1769028779 - HQ Operations,2024-03-01,P2-KPI7,Capacity Planning Accuracy,P2,81.34,90.0,>,%
56006,E2E Full Test Corporation 1769028779 - HQ Operations,2024-03-31,P2-KPI7,Capacity Planning Accuracy,P2,77.17,90.0,>,%
56006,E2E Full Test Corporation 1769028779 - HQ Operations,2024-04-30,P2-KPI7,Capacity Planning Accuracy,P2,80.96,90.0,>,%
56006,E2E Full Test Corporation 1769028779 - HQ Operations,2024-05-30,P2-KPI7,Capacity Planning Accuracy,P2,78.04,90.0,>,%
56006,E2E Full Test Corporation 1769028779 - HQ Operations,2024-06-29,P2-KPI7,Capacity Planning Accuracy,P2,80.84,90.0,>,%
56006,E2E Full Test Corporation 1769028779 - HQ Operations,2024-07-29,P2-KPI7,Capacity Planning Accuracy,P2,82.54,90.0,>,%
56006,E2E Full Test Corporation 1769028779 - HQ Operations,2024-08-28,P2-KPI7,Capacity Planning Accuracy,P2,79.87,90.0,>,%
56006,E2E Full Test Corporation 1769028779 - HQ Operations,2024-09-27,P2-KPI7,Capacity Planning Accuracy,P2,83.74,90.0,>,%
56006,E2E Full Test Corporation 1769028779 - HQ Operations,2024-10-27,P2-KPI7,Capacity Planning Accuracy,P2,87.95,90.0,>,%
56006,E2E Full Test Corporation 1769028779 - HQ Operations,2024-11-26,P2-KPI7,Capacity Planning Accuracy,P2,86.1,90.0,>,%
56006,E2E Full Test Corporation 1769028779 - HQ Operations,2024-01-01,P2-KPI8,Documentation Quality,P2,75.49,85.0,>,score
56006,E2E Full Test Corporation 1769028779 - HQ Operations,2024-01-31,P2-KPI8,Documentation Quality,P2,77.37,85.0,>,score
56006,E2E Full Test Corporation 1769028779 - HQ Operations,2024-03-01,P2-KPI8,Documentation Quality,P2,74.04,85.0,>,score
56006,E2E Full Test Corporation 1769028779 - HQ Operations,2024-03-31,P2-KPI8,Documentation Quality,P2,75.17,85.0,>,score
56006,E2E Full Test Corporation 1769028779 - HQ Operations,2024-04-30,P2-KPI8,Documentation Quality,P2,74.68,85.0,>,score
56006,E2E Full Test Corporation 1769028779 - HQ Operations,2024-05-30,P2-KPI8,Documentation Quality,P2,73.88,85.0,>,score
56006,E2E Full Test Corporation 1769028779 - HQ Operations,2024-06-29,P2-KPI8,Documentation Quality,P2,77.79,85.0,>,score
56006,E2E Full Test Corporation 1769028779 - HQ Operations,2024-07-29,P2-KPI8,Documentation Quality,P2,77.95,85.0,>,score
56006,E2E Full Test Corporation 1769028779 - HQ Operations,2024-08-28,P2-KPI8,Documentation Quality,P2,75.13,85.0,>,score
56006,E2E Full Test Corporation 1769028779 - HQ Operations,2024-09-27,P2-KPI8,Documentation Quality,P2,79.84,85.0,>,score
56006,E2E Full Test Corporation 1769028779 - HQ Operations,2024-10-27,P2-KPI8,Documentation Quality,P2,73.79,85.0,>,score
56006,E2E Full Test Corporation 1769028779 - HQ Operations,2024-11-26,P2-KPI8,Documentation Quality,P2,81.3,85.0,>,score
56006,E2E Full Test Corporation 1769028779 - HQ Operations,2024-01-01,P3-KPI1,CSAT Score,P3,4.25,4.5,>,score
56006,E2E Full Test Corporation 1769028779 - HQ Operations,2024-01-31,P3-KPI1,CSAT Score,P3,3.98,4.5,>,score
56006,E2E Full Test Corporation 1769028779 - HQ Operations,2024-03-01,P3-KPI1,CSAT Score,P3,3.98,4.5,>,score
56006,E2E Full Test Corporation 1769028779 - HQ Operations,2024-03-31,P3-KPI1,CSAT Score,P3,3.98,4.5,>,score
56006,E2E Full Test Corporation 1769028779 - HQ Operations,2024-04-30,P3-KPI1,CSAT Score,P3,3.79,4.5,>,score
56006,E2E Full Test Corporation 1769028779 - HQ Operations,2024-05-30,P3-KPI1,CSAT Score,P3,4.02,4.5,>,score
56006,E2E Full Test Corporation 1769028779 - HQ Operations,2024-06-29,P3-KPI1,CSAT Score,P3,4.06,4.5,>,score
56006,E2E Full Test Corporation 1769028779 - HQ Operations,2024-07-29,P3-KPI1,CSAT Score,P3,4.2,4.5,>,score
56006,E2E Full Test Corporation 1769028779 - HQ Operations,2024-08-28,P3-KPI1,CSAT Score,P3,3.87,4.5,>,score
56006,E2E Full Test Corporation 1769028779 - HQ Operations,2024-09-27,P3-KPI1,CSAT Score,P3,4.02,4.5,>,score
56006,E2E Full Test Corporation 1769028779 - HQ Operations,2024-10-27,P3-KPI1,CSAT Score,P3,3.87,4.5,>,score
56006,E2E Full Test Corporation 1769028779 - HQ Operations,2024-11-26,P3-KPI1,CSAT Score,P3,4.21,4.5,>,score
56006,E2E Full Test Corporation 1769028779 - HQ Operations,2024-01-01,P3-KPI2,Support Ticket Volume,P3,56.28,20.0,<,tickets
56006,E2E Full Test Corporation 1769028779 - HQ Operations,2024-01-31,P3-KPI2,Support Ticket Volume,P3,42.2,20.0,<,tickets
56006,E2E Full Test Corporation 1769028779 - HQ Operations,2024-03-01,P3-KPI2,Support Ticket Volume,P3,45.0,20.0,<,tickets
56006,E2E Full Test Corporation 1769028779 - HQ Operations,2024-03-31,P3-KPI2,Support Ticket Volume,P3,54.68,20.0,<,tickets
56006,E2E Full Test Corporation 1769028779 - HQ Operations,2024-04-30,P3-KPI2,Support Ticket Volume,P3,43.44,20.0,<,tickets
56006,E2E Full Test Corporation 1769028779 - HQ Operations,2024-05-30,P3-KPI2,Support Ticket Volume,P3,44.74,20.0,<,tickets
56006,E2E Full Test Corporation 1769028779 - HQ Operations,2024-06-29,P3-KPI2,Support Ticket Volume,P3,45.09,20.0,<,tickets
56006,E2E Full Test Corporation 1769028779 - HQ Operations,2024-07-29,P3-KPI2,Support Ticket Volume,P3,44.63,20.0,<,tickets
56006,E2E Full Test Corporation 1769028779 - HQ Operations,2024-08-28,P3-KPI2,Support Ticket Volume,P3,41.97,20.0,<,tickets
56006,E2E Full Test Corporation 1769028779 - HQ Operations,2024-09-27,P3-KPI2,Support Ticket Volume,P3,43.47,20.0,<,tickets
56006,E2E Full Test Corporation 1769028779 - HQ Operations,2024-10-27,P3-KPI2,Support Ticket Volume,P3,45.22,20.0,<,tickets
56006,E2E Full Test Corporation 1769028779 - HQ Operations,2024-11-26,P3-KPI2,Support Ticket Volume,P3,44.13,20.0,<,tickets
56006,E2E Full Test Corporation 1769028779 - HQ Operations,2024-01-01,P3-KPI3,First Contact Resolution,P3,67.71,75.0,>,%
56006,E2E Full Test Corporation 1769028779 - HQ Operations,2024-01-31,P3-KPI3,First Contact Resolution,P3,66.47,75.0,>,%
56006,E2E Full Test Corporation 1769028779 - HQ Operations,2024-03-01,P3-KPI3,First Contact Resolution,P3,64.06,75.0,>,%
56006,E2E Full Test Corporation 1769028779 - HQ Operations,2024-03-31,P3-KPI3,First Contact Resolution,P3,64.3,75.0,>,%
56006,E2E Full Test Corporation 1769028779 - HQ Operations,2024-04-30,P3-KPI3,First Contact Resolution,P3,70.87,75.0,>,%
56006,E2E Full Test Corporation 1769028779 - HQ Operations,2024-05-30,P3-KPI3,First Contact Resolution,P3,68.5,75.0,>,%
56006,E2E Full Test Corporation 1769028779 - HQ Operations,2024-06-29,P3-KPI3,First Contact Resolution,P3,65.69,75.0,>,%
56006,E2E Full Test Corporation 1769028779 - HQ Operations,2024-07-29,P3-KPI3,First Contact Resolution,P3,67.9,75.0,>,%
56006,E2E Full Test Corporation 1769028779 - HQ Operations,2024-08-28,P3-KPI3,First Contact Resolution,P3,64.39,75.0,>,%
56006,E2E Full Test Corporation 1769028779 - HQ Operations,2024-09-27,P3-KPI3,First Contact Resolution,P3,66.89,75.0,>,%
56006,E2E Full Test Corporation 1769028779 - HQ Operations,2024-10-27,P3-KPI3,First Contact Resolution,P3,65.09,75.0,>,%
56006,E2E Full Test Corporation 1769028779 - HQ Operations,2024-11-26,P3-KPI3,First Contact Resolution,P3,66.86,75.0,>,%
56006,E2E Full Test Corporation 1769028779 - HQ Operations,2024-01-01,P3-KPI4,Training Completion,P3,79.54,90.0,>,%
56006,E2E Full Test Corporation 1769028779 - HQ Operations,2024-01-31,P3-KPI4,Training Completion,P3,76.99,90.0,>,%
56006,E2E Full Test Corporation 1769028779 - HQ Operations,2024-03-01,P3-KPI4,Training Completion,P3,78.36,90.0,>,%
56006,E2E Full Test Corporation 1769028779 - HQ Operations,2024-03-31,P3-KPI4,Training Completion,P3,75.36,90.0,>,%
56006,E2E Full Test Corporation 1769028779 - HQ Operations,2024-04-30,P3-KPI4,Training Completion,P3,82.84,90.0,>,%
56006,E2E Full Test Corporation 1769028779 - HQ Operations,2024-05-30,P3-KPI4,Training Completion,P3,83.68,90.0,>,%
56006,E2E Full Test Corporation 1769028779 - HQ Operations,2024-06-29,P3-KPI4,Training Completion,P3,77.37,90.0,>,%
56006,E2E Full Test Corporation 1769028779 - HQ Operations,2024-07-29,P3-KPI4,Training Completion,P3,80.48,90.0,>,%
56006,E2E Full Test Corporation 1769028779 - HQ Operations,2024-08-28,P3-KPI4,Training Completion,P3,83.9,90.0,>,%
56006,E2E Full Test Corporation 1769028779 - HQ Operations,2024-09-27,P3-KPI4,Training Completion,P3,83.5,90.0,>,%
56006,E2E Full Test Corporation 1769028779 - HQ Operations,2024-10-27,P3-KPI4,Training Completion,P3,78.88,90.0,>,%
56006,E2E Full Test Corporation 1769028779 - HQ Operations,2024-11-26,P3-KPI4,Training Completion,P3,79.41,90.0,>,%
56006,E2E Full Test Corporation 1769028779 - HQ Operations,2024-01-01,P3-KPI5,User Adoption Rate,P3,69.33,80.0,>,%
56006,E2E Full Test Corporation 1769028779 - HQ Operations,2024-01-31,P3-KPI5,User Adoption Rate,P3,67.86,80.0,>,%
56006,E2E Full Test Corporation 1769028779 - HQ Operations,2024-03-01,P3-KPI5,User Adoption Rate,P3,66.62,80.0,>,%
56006,E2E Full Test Corporation 1769028779 - HQ Operations,2024-03-31,P3-KPI5,User Adoption Rate,P3,70.47,80.0,>,%
56006,E2E Full Test Corporation 1769028779 - HQ Operations,2024-04-30,P3-KPI5,User Adoption Rate,P3,69.4,80.0,>,%
56006,E2E Full Test Corporation 1769028779 - HQ Operations,2024-05-30,P3-KPI5,User Adoption Rate,P3,68.71,80.0,>,%
56006,E2E Full Test Corporation 1769028779 - HQ Operations,2024-06-29,P3-KPI5,User Adoption Rate,P3,71.08,80.0,>,%
56006,E2E Full Test Corporation 1769028779 - HQ Operations,2024-07-29,P3-KPI5,User Adoption Rate,P3,67.77,80.0,>,%
56006,E2E Full Test Corporation 1769028779 - HQ Operations,2024-08-28,P3-KPI5,User Adoption Rate,P3,74.33,80.0,>,%
56006,E2E Full Test Corporation 1769028779 - HQ Operations,2024-09-27,P3-KPI5,User Adoption Rate,P3,69.51,80.0,>,%
56006,E2E Full Test Corporation 1769028779 - HQ Operations,2024-10-27,P3-KPI5,User Adoption Rate,P3,70.16,80.0,>,%
56006,E2E Full Test Corporation 1769028779 - HQ Operations,2024-11-26,P3-KPI5,User Adoption Rate,P3,68.18,80.0,>,%
56006,E2E Full Test Corporation 1769028779 - HQ Operations,2024-01-01,P3-KPI6,Executive Engagement,P3,3.4,4.0,>,meetings/quarter
56006,E2E Full Test Corporation 1769028779 - HQ Operations,2024-01-31,P3-KPI6,Executive Engagement,P3,3.46,4.0,>,meetings/quarter
56006,E2E Full Test Corporation 1769028779 - HQ Operations,2024-03-01,P3-KPI6,Executive Engagement,P3,3.25,4.0,>,meetings/quarter
56006,E2E Full Test Corporation 1769028779 - HQ Operations,2024-03-31,P3-KPI6,Executive Engagement,P3,3.39,4.0,>,meetings/quarter
56006,E2E Full Test Corporation 1769028779 - HQ Operations,2024-04-30,P3-KPI6,Executive Engagement,P3,3.46,4.0,>,meetings/quarter
56006,E2E Full Test Corporation 1769028779 - HQ Operations,2024-05-30,P3-KPI6,Executive Engagement,P3,3.44,4.0,>,meetings/quarter
56006,E2E Full Test Corporation 1769028779 - HQ Operations,2024-06-29,P3-KPI6,Executive Engagement,P3,3.27,4.0,>,meetings/quarter
56006,E2E Full Test Corporation 1769028779 - HQ Operations,2024-07-29,P3-KPI6,Executive Engagement,P3,3.56,4.0,>,meetings/quarter
56006,E2E Full Test Corporation 1769028779 - HQ Operations,2024-08-28,P3-KPI6,Executive Engagement,P3,3.37,4.0,>,meetings/quarter
56006,E2E Full Test Corporation 1769028779 - HQ Operations,2024-09-27,P3-KPI6,Executive Engagement,P3,3.29,4.0,>,meetings/quarter
56006,E2E Full Test Corporation 1769028779 - HQ Operations,2024-10-27,P3-KPI6,Executive Engagement,P3,3.38,4.0,>,meetings/quarter
56006,E2E Full Test Corporation 1769028779 - HQ Operations,2024-11-26,P3-KPI6,Executive Engagement,P3,3.23,4.0,>,meetings/quarter
56006,E2E Full Test Corporation 1769028779 - HQ Operations,2024-01-01,P3-KPI7,Response Time SLA,P3,56.88,30.0,<,minutes
56006,E2E Full Test Corporation 1769028779 - HQ Operations,2024-01-31,P3-KPI7,Response Time SLA,P3,56.57,30.0,<,minutes
56006,E2E Full Test Corporation 1769028779 - HQ Operations,2024-03-01,P3-KPI7,Response Time SLA,P3,59.54,30.0,<,minutes
56006,E2E Full Test Corporation 1769028779 - HQ Operations,2024-03-31,P3-KPI7,Response Time SLA,P3,54.76,30.0,<,minutes
56006,E2E Full Test Corporation 1769028779 - HQ Operations,2024-04-30,P3-KPI7,Response Time SLA,P3,59.57,30.0,<,minutes
56006,E2E Full Test Corporation 1769028779 - HQ Operations,2024-05-30,P3-KPI7,Response Time SLA,P3,70.61,30.0,<,minutes
56006,E2E Full Test Corporation 1769028779 - HQ Operations,2024-06-29,P3-KPI7,Response Time SLA,P3,55.79,30.0,<,minutes
56006,E2E Full Test Corporation 1769028779 - HQ Operations,2024-07-29,P3-KPI7,Response Time SLA,P3,54.88,30.0,<,minutes
56006,E2E Full Test Corporation 1769028779 - HQ Operations,2024-08-28,P3-KPI7,Response Time SLA,P3,57.92,30.0,<,minutes
56006,E2E Full Test Corporation 1769028779 - HQ Operations,2024-09-27,P3-KPI7,Response Time SLA,P3,54.5,30.0,<,minutes
56006,E2E Full Test Corporation 1769028779 - HQ Operations,2024-10-27,P3-KPI7,Response Time SLA,P3,56.45,30.0,<,minutes
56006,E2E Full Test Corporation 1769028779 - HQ Operations,2024-11-26,P3-KPI7,Response Time SLA,P3,55.88,30.0,<,minutes
56006,E2E Full Test Corporation 1769028779 - HQ Operations,2024-01-01,P4-KPI1,ROI Achievement,P4,132.22,150.0,>,%
56006,E2E Full Test Corporation 1769028779 - HQ Operations,2024-01-31,P4-KPI1,ROI Achievement,P4,132.94,150.0,>,%
56006,E2E Full Test Corporation 1769028779 - HQ Operations,2024-03-01,P4-KPI1,ROI Achievement,P4,124.99,150.0,>,%
56006,E2E Full Test Corporation 1769028779 - HQ Operations,2024-03-31,P4-KPI1,ROI Achievement,P4,131.55,150.0,>,%
56006,E2E Full Test Corporation 1769028779 - HQ Operations,2024-04-30,P4-KPI1,ROI Achievement,P4,133.23,150.0,>,%
56006,E2E Full Test Corporation 1769028779 - HQ Operations,2024-05-30,P4-KPI1,ROI Achievement,P4,133.75,150.0,>,%
56006,E2E Full Test Corporation 1769028779 - HQ Operations,2024-06-29,P4-KPI1,ROI Achievement,P4,134.41,150.0,>,%
56006,E2E Full Test Corporation 1769028779 - HQ Operations,2024-07-29,P4-KPI1,ROI Achievement,P4,131.56,150.0,>,%
56006,E2E Full Test Corporation 1769028779 - HQ Operations,2024-08-28,P4-KPI1,ROI Achievement,P4,135.79,150.0,>,%
56006,E2E Full Test Corporation 1769028779 - HQ Operations,2024-09-27,P4-KPI1,ROI Achievement,P4,128.84,150.0,>,%
56006,E2E Full Test Corporation 1769028779 - HQ Operations,2024-10-27,P4-KPI1,ROI Achievement,P4,131.79,150.0,>,%
56006,E2E Full Test Corporation 1769028779 - HQ Operations,2024-11-26,P4-KPI1,ROI Achievement,P4,135.65,150.0,>,%
56006,E2E Full Test Corporation 1769028779 - HQ Operations,2024-01-01,P4-KPI2,Cost Reduction,P4,13.36,20.0,>,%
56006,E2E Full Test Corporation 1769028779 - HQ Operations,2024-01-31,P4-KPI2,Cost Reduction,P4,10.64,20.0,>,%
56006,E2E Full Test Corporation 1769028779 - HQ Operations,2024-03-01,P4-KPI2,Cost Reduction,P4,13.55,20.0,>,%
56006,E2E Full Test Corporation 1769028779 - HQ Operations,2024-03-31,P4-KPI2,Cost Reduction,P4,11.48,20.0,>,%
56006,E2E Full Test Corporation 1769028779 - HQ Operations,2024-04-30,P4-KPI2,Cost Reduction,P4,14.62,20.0,>,%
56006,E2E Full Test Corporation 1769028779 - HQ Operations,2024-05-30,P4-KPI2,Cost Reduction,P4,14.69,20.0,>,%
56006,E2E Full Test Corporation 1769028779 - HQ Operations,2024-06-29,P4-KPI2,Cost Reduction,P4,13.72,20.0,>,%
56006,E2E Full Test Corporation 1769028779 - HQ Operations,2024-07-29,P4-KPI2,Cost Reduction,P4,14.1,20.0,>,%
56006,E2E Full Test Corporation 1769028779 - HQ Operations,2024-08-28,P4-KPI2,Cost Reduction,P4,14.29,20.0,>,%
56006,E2E Full Test Corporation 1769028779 - HQ Operations,2024-09-27,P4-KPI2,Cost Reduction,P4,14.28,20.0,>,%
56006,E2E Full Test Corporation 1769028779 - HQ Operations,2024-10-27,P4-KPI2,Cost Reduction,P4,13.6,20.0,>,%
56006,E2E Full Test Corporation 1769028779 - HQ Operations,2024-11-26,P4-KPI2,Cost Reduction,P4,14.56,20.0,>,%
56006,E2E Full Test Corporation 1769028779 - HQ Operations,2024-01-01,P4-KPI3,Time to Value,P4,129.69,90.0,<,days
56006,E2E Full Test Corporation 1769028779 - HQ Operations,2024-01-31,P4-KPI3,Time to Value,P4,114.73,90.0,<,days
56006,E2E Full Test Corporation 1769028779 - HQ Operations,2024-03-01,P4-KPI3,Time to Value,P4,118.25,90.0,<,days
56006,E2E Full Test Corporation 1769028779 - HQ Operations,2024-03-31,P4-KPI3,Time to Value,P4,111.64,90.0,<,days
56006,E2E Full Test Corporation 1769028779 - HQ Operations,2024-04-30,P4-KPI3,Time to Value,P4,119.84,90.0,<,days
56006,E2E Full Test Corporation 1769028779 - HQ Operations,2024-05-30,P4-KPI3,Time to Value,P4,115.13,90.0,<,days
56006,E2E Full Test Corporation 1769028779 - HQ Operations,2024-06-29,P4-KPI3,Time to Value,P4,121.67,90.0,<,days
56006,E2E Full Test Corporation 1769028779 - HQ Operations,2024-07-29,P4-KPI3,Time to Value,P4,117.0,90.0,<,days
56006,E2E Full Test Corporation 1769028779 - HQ Operations,2024-08-28,P4-KPI3,Time to Value,P4,113.93,90.0,<,days
56006,E2E Full Test Corporation 1769028779 - HQ Operations,2024-09-27,P4-KPI3,Time to Value,P4,118.43,90.0,<,days
56006,E2E Full Test Corporation 1769028779 - HQ Operations,2024-10-27,P4-KPI3,Time to Value,P4,119.51,90.0,<,days
56006,E2E Full Test Corporation 1769028779 - HQ Operations,2024-11-26,P4-KPI3,Time to Value,P4,115.96,90.0,<,days
56006,E2E Full Test Corporation 1769028779 - HQ Operations,2024-01-01,P4-KPI4,Revenue Enablement,P4,3.9,5.0,>,$M
56006,E2E Full Test Corporation 1769028779 - HQ Operations,2024-01-31,P4-KPI4,Revenue Enablement,P4,3.84,5.0,>,$M
56006,E2E Full Test Corporation 1769028779 - HQ Operations,2024-03-01,P4-KPI4,Revenue Enablement,P4,3.64,5.0,>,$M
56006,E2E Full Test Corporation 1769028779 - HQ Operations,2024-03-31,P4-KPI4,Revenue Enablement,P4,3.62,5.0,>,$M
56006,E2E Full Test Corporation 1769028779 - HQ Operations,2024-04-30,P4-KPI4,Revenue Enablement,P4,3.16,5.0,>,$M
56006,E2E Full Test Corporation 1769028779 - HQ Operations,2024-05-30,P4-KPI4,Revenue Enablement,P4,3.12,5.0,>,$M
56006,E2E Full Test Corporation 1769028779 - HQ Operations,2024-06-29,P4-KPI4,Revenue Enablement,P4,3.96,5.0,>,$M
56006,E2E Full Test Corporation 1769028779 - HQ Operations,2024-07-29,P4-KPI4,Revenue Enablement,P4,3.79,5.0,>,$M
56006,E2E Full Test Corporation 1769028779 - HQ Operations,2024-08-28,P4-KPI4,Revenue Enablement,P4,3.61,5.0,>,$M
56006,E2E Full Test Corporation 1769028779 - HQ Operations,2024-09-27,P4-KPI4,Revenue Enablement,P4,3.96,5.0,>,$M
56006,E2E Full Test Corporation 1769028779 - HQ Operations,2024-10-27,P4-KPI4,Revenue Enablement,P4,3.63,5.0,>,$M
56006,E2E Full Test Corporation 1769028779 - HQ Operations,2024-11-26,P4-KPI4,Revenue Enablement,P4,3.71,5.0,>,$M
56006,E2E Full Test Corporation 1769028779 - HQ Operations,2024-01-01,P4-KPI5,Operational Efficiency,P4,73.87,85.0,>,%
56006,E2E Full Test Corporation 1769028779 - HQ Operations,2024-01-31,P4-KPI5,Operational Efficiency,P4,79.56,85.0,>,%
56006,E2E Full Test Corporation 1769028779 - HQ Operations,2024-03-01,P4-KPI5,Operational Efficiency,P4,75.18,85.0,>,%
56006,E2E Full Test Corporation 1769028779 - HQ Operations,2024-03-31,P4-KPI5,Operational Efficiency,P4,79.27,85.0,>,%
56006,E2E Full Test Corporation 1769028779 - HQ Operations,2024-04-30,P4-KPI5,Operational Efficiency,P4,80.99,85.0,>,%
56006,E2E Full Test Corporation 1769028779 - HQ Operations,2024-05-30,P4-KPI5,Operational Efficiency,P4,76.33,85.0,>,%
56006,E2E Full Test Corporation 1769028779 - HQ Operations,2024-06-29,P4-KPI5,Operational Efficiency,P4,74.11,85.0,>,%
56006,E2E Full Test Corporation 1769028779 - HQ Operations,2024-07-29,P4-KPI5,Operational Efficiency,P4,78.85,85.0,>,%
56006,E2E Full Test Corporation 1769028779 - HQ Operations,2024-08-28,P4-KPI5,Operational Efficiency,P4,79.74,85.0,>,%
56006,E2E Full Test Corporation 1769028779 - HQ Operations,2024-09-27,P4-KPI5,Operational Efficiency,P4,73.65,85.0,>,%
56006,E2E Full Test Corporation 1769028779 - HQ Operations,2024-10-27,P4-KPI5,Operational Efficiency,P4,80.54,85.0,>,%
56006,E2E Full Test Corporation 1769028779 - HQ Operations,2024-11-26,P4-KPI5,Operational Efficiency,P4,75.32,85.0,>,%
56006,E2E Full Test Corporation 1769028779 - HQ Operations,2024-01-01,P4-KPI6,Innovation Projects,P4,2.29,3.0,>,count
56006,E2E Full Test Corporation 1769028779 - HQ Operations,2024-01-31,P4-KPI6,Innovation Projects,P4,2.34,3.0,>,count
56006,E2E Full Test Corporation 1769028779 - HQ Operations,2024-03-01,P4-KPI6,Innovation Projects,P4,2.51,3.0,>,count
56006,E2E Full Test Corporation 1769028779 - HQ Operations,2024-03-31,P4-KPI6,Innovation Projects,P4,2.29,3.0,>,count
56006,E2E Full Test Corporation 1769028779 - HQ Operations,2024-04-30,P4-KPI6,Innovation Projects,P4,2.48,3.0,>,count
56006,E2E Full Test Corporation 1769028779 - HQ Operations,2024-05-30,P4-KPI6,Innovation Projects,P4,2.09,3.0,>,count
56006,E2E Full Test Corporation 1769028779 - HQ Operations,2024-06-29,P4-KPI6,Innovation Projects,P4,2.41,3.0,>,count
56006,E2E Full Test Corporation 1769028779 - HQ Operations,2024-07-29,P4-KPI6,Innovation Projects,P4,2.51,3.0,>,count
56006,E2E Full Test Corporation 1769028779 - HQ Operations,2024-08-28,P4-KPI6,Innovation Projects,P4,2.31,3.0,>,count
56006,E2E Full Test Corporation 1769028779 - HQ Operations,2024-09-27,P4-KPI6,Innovation Projects,P4,2.5,3.0,>,count
56006,E2E Full Test Corporation 1769028779 - HQ Operations,2024-10-27,P4-KPI6,Innovation Projects,P4,2.3,3.0,>,count
56006,E2E Full Test Corporation 1769028779 - HQ Operations,2024-11-26,P4-KPI6,Innovation Projects,P4,2.42,3.0,>,count
56006,E2E Full Test Corporation 1769028779 - HQ Operations,2024-01-01,P4-KPI7,Business Case Validation,P4,88.2,90.0,>,%
56006,E2E Full Test Corporation 1769028779 - HQ Operations,2024-01-31,P4-KPI7,Business Case Validation,P4,79.87,90.0,>,%
56006,E2E Full Test Corporation 1769028779 - HQ Operations,2024-03-01,P4-KPI7,Business Case Validation,P4,80.54,90.0,>,%
56006,E2E Full Test Corporation 1769028779 - HQ Operations,2024-03-31,P4-KPI7,Business Case Validation,P4,84.64,90.0,>,%
56006,E2E Full Test Corporation 1769028779 - HQ Operations,2024-04-30,P4-KPI7,Business Case Validation,P4,86.31,90.0,>,%
56006,E2E Full Test Corporation 1769028779 - HQ Operations,2024-05-30,P4-KPI7,Business Case Validation,P4,78.71,90.0,>,%
56006,E2E Full Test Corporation 1769028779 - HQ Operations,2024-06-29,P4-KPI7,Business Case Validation,P4,86.54,90.0,>,%
56006,E2E Full Test Corporation 1769028779 - HQ Operations,2024-07-29,P4-KPI7,Business Case Validation,P4,79.84,90.0,>,%
56006,E2E Full Test Corporation 1769028779 - HQ Operations,2024-08-28,P4-KPI7,Business Case Validation,P4,79.89,90.0,>,%
56006,E2E Full Test Corporation 1769028779 - HQ Operations,2024-09-27,P4-KPI7,Business Case Validation,P4,84.45,90.0,>,%
56006,E2E Full Test Corporation 1769028779 - HQ Operations,2024-10-27,P4-KPI7,Business Case Validation,P4,81.33,90.0,>,%
56006,E2E Full Test Corporation 1769028779 - HQ Operations,2024-11-26,P4-KPI7,Business Case Validation,P4,84.88,90.0,>,%
56006,E2E Full Test Corporation 1769028779 - HQ Operations,2024-01-01,P5-KPI1,Executive Sponsorship,P5,3.86,4.5,>,score
56006,E2E Full Test Corporation 1769028779 - HQ Operations,2024-01-31,P5-KPI1,Executive Sponsorship,P5,3.9,4.5,>,score
56006,E2E Full Test Corporation 1769028779 - HQ Operations,2024-03-01,P5-KPI1,Executive Sponsorship,P5,3.96,4.5,>,score
56006,E2E Full Test Corporation 1769028779 - HQ Operations,2024-03-31,P5-KPI1,Executive Sponsorship,P5,3.71,4.5,>,score
56006,E2E Full Test Corporation 1769028779 - HQ Operations,2024-04-30,P5-KPI1,Executive Sponsorship,P5,4.19,4.5,>,score
56006,E2E Full Test Corporation 1769028779 - HQ Operations,2024-05-30,P5-KPI1,Executive Sponsorship,P5,3.98,4.5,>,score
56006,E2E Full Test Corporation 1769028779 - HQ Operations,2024-06-29,P5-KPI1,Executive Sponsorship,P5,3.96,4.5,>,score
56006,E2E Full Test Corporation 1769028779 - HQ Operations,2024-07-29,P5-KPI1,Executive Sponsorship,P5,4.22,4.5,>,score
56006,E2E Full Test Corporation 1769028779 - HQ Operations,2024-08-28,P5-KPI1,Executive Sponsorship,P5,4.07,4.5,>,score
56006,E2E Full Test Corporation 1769028779 - HQ Operations,2024-09-27,P5-KPI1,Executive Sponsorship,P5,4.09,4.5,>,score
56006,E2E Full Test Corporation 1769028779 - HQ Operations,2024-10-27,P5-KPI1,Executive Sponsorship,P5,3.9,4.5,>,score
56006,E2E Full Test Corporation 1769028779 - HQ Operations,2024-11-26,P5-KPI1,Executive Sponsorship,P5,3.91,4.5,>,score
56006,E2E Full Test Corporation 1769028779 - HQ Operations,2024-01-01,P5-KPI2,Renewal Likelihood,P5,89.7,95.0,>,%
56006,E2E Full Test Corporation 1769028779 - HQ Operations,2024-01-31,P5-KPI2,Renewal Likelihood,P5,86.65,95.0,>,%
56006,E2E Full Test Corporation 1769028779 - HQ Operations,2024-03-01,P5-KPI2,Renewal Likelihood,P5,82.43,95.0,>,%
56006,E2E Full Test Corporation 1769028779 - HQ Operations,2024-03-31,P5-KPI2,Renewal Likelihood,P5,88.94,95.0,>,%
56006,E2E Full Test Corporation 1769028779 - HQ Operations,2024-04-30,P5-KPI2,Renewal Likelihood,P5,88.82,95.0,>,%
56006,E2E Full Test Corporation 1769028779 - HQ Operations,2024-05-30,P5-KPI2,Renewal Likelihood,P5,81.96,95.0,>,%
56006,E2E Full Test Corporation 1769028779 - HQ Operations,2024-06-29,P5-KPI2,Renewal Likelihood,P5,84.38,95.0,>,%
56006,E2E Full Test Corporation 1769028779 - HQ Operations,2024-07-29,P5-KPI2,Renewal Likelihood,P5,88.04,95.0,>,%
56006,E2E Full Test Corporation 1769028779 - HQ Operations,2024-08-28,P5-KPI2,Renewal Likelihood,P5,83.67,95.0,>,%
56006,E2E Full Test Corporation 1769028779 - HQ Operations,2024-09-27,P5-KPI2,Renewal Likelihood,P5,91.71,95.0,>,%
56006,E2E Full Test Corporation 1769028779 - HQ Operations,2024-10-27,P5-KPI2,Renewal Likelihood,P5,86.95,95.0,>,%
56006,E2E Full Test Corporation 1769028779 - HQ Operations,2024-11-26,P5-KPI2,Renewal Likelihood,P5,86.06,95.0,>,%
56006,E2E Full Test Corporation 1769028779 - HQ Operations,2024-01-01,P5-KPI3,Expansion Pipeline,P5,1.6,2.0,>,$M
56006,E2E Full Test Corporation 1769028779 - HQ Operations,2024-01-31,P5-KPI3,Expansion Pipeline,P5,1.52,2.0,>,$M
56006,E2E Full Test Corporation 1769028779 - HQ Operations,2024-03-01,P5-KPI3,Expansion Pipeline,P5,1.39,2.0,>,$M
56006,E2E Full Test Corporation 1769028779 - HQ Operations,2024-03-31,P5-KPI3,Expansion Pipeline,P5,1.3,2.0,>,$M
56006,E2E Full Test Corporation 1769028779 - HQ Operations,2024-04-30,P5-KPI3,Expansion Pipeline,P5,1.5,2.0,>,$M
56006,E2E Full Test Corporation 1769028779 - HQ Operations,2024-05-30,P5-KPI3,Expansion Pipeline,P5,1.49,2.0,>,$M
56006,E2E Full Test Corporation 1769028779 - HQ Operations,2024-06-29,P5-KPI3,Expansion Pipeline,P5,1.53,2.0,>,$M
56006,E2E Full Test Corporation 1769028779 - HQ Operations,2024-07-29,P5-KPI3,Expansion Pipeline,P5,1.49,2.0,>,$M
56006,E2E Full Test Corporation 1769028779 - HQ Operations,2024-08-28,P5-KPI3,Expansion Pipeline,P5,1.6,2.0,>,$M
56006,E2E Full Test Corporation 1769028779 - HQ Operations,2024-09-27,P5-KPI3,Expansion Pipeline,P5,1.61,2.0,>,$M
56006,E2E Full Test Corporation 1769028779 - HQ Operations,2024-10-27,P5-KPI3,Expansion Pipeline,P5,1.58,2.0,>,$M
56006,E2E Full Test Corporation 1769028779 - HQ Operations,2024-11-26,P5-KPI3,Expansion Pipeline,P5,1.57,2.0,>,$M
56006,E2E Full Test Corporation 1769028779 - HQ Operations,2024-01-01,P5-KPI4,Reference Willingness,P5,3.25,4.0,>,score
56006,E2E Full Test Corporation 1769028779 - HQ Operations,2024-01-31,P5-KPI4,Reference Willingness,P5,3.13,4.0,>,score
56006,E2E Full Test Corporation 1769028779 - HQ Operations,2024-03-01,P5-KPI4,Reference Willingness,P5,3.15,4.0,>,score
56006,E2E Full Test Corporation 1769028779 - HQ Operations,2024-03-31,P5-KPI4,Reference Willingness,P5,3.21,4.0,>,score
56006,E2E Full Test Corporation 1769028779 - HQ Operations,2024-04-30,P5-KPI4,Reference Willingness,P5,2.95,4.0,>,score
56006,E2E Full Test Corporation 1769028779 - HQ Operations,2024-05-30,P5-KPI4,Reference Willingness,P5,3.52,4.0,>,score
56006,E2E Full Test Corporation 1769028779 - HQ Operations,2024-06-29,P5-KPI4,Reference Willingness,P5,3.57,4.0,>,score
56006,E2E Full Test Corporation 1769028779 - HQ Operations,2024-07-29,P5-KPI4,Reference Willingness,P5,3.55,4.0,>,score
56006,E2E Full Test Corporation 1769028779 - HQ Operations,2024-08-28,P5-KPI4,Reference Willingness,P5,3.24,4.0,>,score
56006,E2E Full Test Corporation 1769028779 - HQ Operations,2024-09-27,P5-KPI4,Reference Willingness,P5,3.56,4.0,>,score
56006,E2E Full Test Corporation 1769028779 - HQ Operations,2024-10-27,P5-KPI4,Reference Willingness,P5,3.53,4.0,>,score
56006,E2E Full Test Corporation 1769028779 - HQ Operations,2024-11-26,P5-KPI4,Reference Willingness,P5,3.44,4.0,>,score
56006,E2E Full Test Corporation 1769028779 - HQ Operations,2024-01-01,P5-KPI5,Strategic Alignment,P5,73.56,85.0,>,score
56006,E2E Full Test Corporation 1769028779 - HQ Operations,2024-01-31,P5-KPI5,Strategic Alignment,P5,77.9,85.0,>,score
56006,E2E Full Test Corporation 1769028779 - HQ Operations,2024-03-01,P5-KPI5,Strategic Alignment,P5,74.32,85.0,>,score
56006,E2E Full Test Corporation 1769028779 - HQ Operations,2024-03-31,P5-KPI5,Strategic Alignment,P5,71.29,85.0,>,score
56006,E2E Full Test Corporation 1769028779 - HQ Operations,2024-04-30,P5-KPI5,Strategic Alignment,P5,70.12,85.0,>,score
56006,E2E Full Test Corporation 1769028779 - HQ Operations,2024-05-30,P5-KPI5,Strategic Alignment,P5,74.42,85.0,>,score
56006,E2E Full Test Corporation 1769028779 - HQ Operations,2024-06-29,P5-KPI5,Strategic Alignment,P5,75.16,85.0,>,score
56006,E2E Full Test Corporation 1769028779 - HQ Operations,2024-07-29,P5-KPI5,Strategic Alignment,P5,74.92,85.0,>,score
56006,E2E Full Test Corporation 1769028779 - HQ Operations,2024-08-28,P5-KPI5,Strategic Alignment,P5,79.74,85.0,>,score
56006,E2E Full Test Corporation 1769028779 - HQ Operations,2024-09-27,P5-KPI5,Strategic Alignment,P5,80.85,85.0,>,score
56006,E2E Full Test Corporation 1769028779 - HQ Operations,2024-10-27,P5-KPI5,Strategic Alignment,P5,74.49,85.0,>,score
56006,E2E Full Test Corporation 1769028779 - HQ Operations,2024-11-26,P5-KPI5,Strategic Alignment,P5,77.8,85.0,>,score
56006,E2E Full Test Corporation 1769028779 - HQ Operations,2024-01-01,P5-KPI6,Partnership Depth,P5,65.28,80.0,>,score
56006,E2E Full Test Corporation 1769028779 - HQ Operations,2024-01-31,P5-KPI6,Partnership Depth,P5,70.93,80.0,>,score
56006,E2E Full Test Corporation 1769028779 - HQ Operations,2024-03-01,P5-KPI6,Partnership Depth,P5,67.95,80.0,>,score
56006,E2E Full Test Corporation 1769028779 - HQ Operations,2024-03-31,P5-KPI6,Partnership Depth,P5,68.29,80.0,>,score
56006,E2E Full Test Corporation 1769028779 - HQ Operations,2024-04-30,P5-KPI6,Partnership Depth,P5,64.15,80.0,>,score
56006,E2E Full Test Corporation 1769028779 - HQ Operations,2024-05-30,P5-KPI6,Partnership Depth,P5,65.06,80.0,>,score
56006,E2E Full Test Corporation 1769028779 - HQ Operations,2024-06-29,P5-KPI6,Partnership Depth,P5,71.08,80.0,>,score
56006,E2E Full Test Corporation 1769028779 - HQ Operations,2024-07-29,P5-KPI6,Partnership Depth,P5,71.52,80.0,>,score
56006,E2E Full Test Corporation 1769028779 - HQ Operations,2024-08-28,P5-KPI6,Partnership Depth,P5,69.31,80.0,>,score
56006,E2E Full Test Corporation 1769028779 - HQ Operations,2024-09-27,P5-KPI6,Partnership Depth,P5,69.39,80.0,>,score
56006,E2E Full Test Corporation 1769028779 - HQ Operations,2024-10-27,P5-KPI6,Partnership Depth,P5,68.92,80.0,>,score
56006,E2E Full Test Corporation 1769028779 - HQ Operations,2024-11-26,P5-KPI6,Partnership Depth,P5,74.02,80.0,>,score
56006,E2E Full Test Corporation 1769028779 - HQ Operations,2024-01-01,P5-KPI7,NPS Score,P5,63.15,70.0,>,score
56006,E2E Full Test Corporation 1769028779 - HQ Operations,2024-01-31,P5-KPI7,NPS Score,P5,56.07,70.0,>,score
56006,E2E Full Test Corporation 1769028779 - HQ Operations,2024-03-01,P5-KPI7,NPS Score,P5,60.74,70.0,>,score
56006,E2E Full Test Corporation 1769028779 - HQ Operations,2024-03-31,P5-KPI7,NPS Score,P5,57.45,70.0,>,score
56006,E2E Full Test Corporation 1769028779 - HQ Operations,2024-04-30,P5-KPI7,NPS Score,P5,61.26,70.0,>,score
56006,E2E Full Test Corporation 1769028779 - HQ Operations,2024-05-30,P5-KPI7,NPS Score,P5,58.36,70.0,>,score
56006,E2E Full Test Corporation 1769028779 - HQ Operations,2024-06-29,P5-KPI7,NPS Score,P5,59.71,70.0,>,score
56006,E2E Full Test Corporation 1769028779 - HQ Operations,2024-07-29,P5-KPI7,NPS Score,P5,58.35,70.0,>,score
56006,E2E Full Test Corporation 1769028779 - HQ Operations,2024-08-28,P5-KPI7,NPS Score,P5,58.73,70.0,>,score
56006,E2E Full Test Corporation 1769028779 - HQ Operations,2024-09-27,P5-KPI7,NPS Score,P5,60.03,70.0,>,score
56006,E2E Full Test Corporation 1769028779 - HQ Operations,2024-10-27,P5-KPI7,NPS Score,P5,62.54,70.0,>,score
56006,E2E Full Test Corporation 1769028779 - HQ Operations,2024-11-26,P5-KPI7,NPS Score,P5,60.59,70.0,>,score
56007,E2E Full Test Corporation 1769028779 - Regional Office,2024-01-01,P1-KPI1,System Uptime,P1,98.0,99.9,>,%
56007,E2E Full Test Corporation 1769028779 - Regional Office,2024-01-31,P1-KPI1,System Uptime,P1,98.31,99.9,>,%
56007,E2E Full Test Corporation 1769028779 - Regional Office,2024-03-01,P1-KPI1,System Uptime,P1,98.0,99.9,>,%
56007,E2E Full Test Corporation 1769028779 - Regional Office,2024-03-31,P1-KPI1,System Uptime,P1,98.28,99.9,>,%
56007,E2E Full Test Corporation 1769028779 - Regional Office,2024-04-30,P1-KPI1,System Uptime,P1,100.0,99.9,>,%
56007,E2E Full Test Corporation 1769028779 - Regional Office,2024-05-30,P1-KPI1,System Uptime,P1,99.42,99.9,>,%
56007,E2E Full Test Corporation 1769028779 - Regional Office,2024-06-29,P1-KPI1,System Uptime,P1,98.0,99.9,>,%
56007,E2E Full Test Corporation 1769028779 - Regional Office,2024-07-29,P1-KPI1,System Uptime,P1,99.65,99.9,>,%
56007,E2E Full Test Corporation 1769028779 - Regional Office,2024-08-28,P1-KPI1,System Uptime,P1,98.0,99.9,>,%
56007,E2E Full Test Corporation 1769028779 - Regional Office,2024-09-27,P1-KPI1,System Uptime,P1,100.0,99.9,>,%
56007,E2E Full Test Corporation 1769028779 - Regional Office,2024-10-27,P1-KPI1,System Uptime,P1,98.0,99.9,>,%
56007,E2E Full Test Corporation 1769028779 - Regional Office,2024-11-26,P1-KPI1,System Uptime,P1,98.0,99.9,>,%
56007,E2E Full Test Corporation 1769028779 - Regional Office,2024-01-01,P1-KPI2,Mean Time to Resolution,P1,4.78,2.0,<,hours
56007,E2E Full Test Corporation 1769028779 - Regional Office,2024-01-31,P1-KPI2,Mean Time to Resolution,P1,4.65,2.0,<,hours
56007,E2E Full Test Corporation 1769028779 - Regional Office,2024-03-01,P1-KPI2,Mean Time to Resolution,P1,4.59,2.0,<,hours
56007,E2E Full Test Corporation 1769028779 - Regional Office,2024-03-31,P1-KPI2,Mean Time to Resolution,P1,4.62,2.0,<,hours
56007,E2E Full Test Corporation 1769028779 - Regional Office,2024-04-30,P1-KPI2,Mean Time to Resolution,P1,4.89,2.0,<,hours
56007,E2E Full Test Corporation 1769028779 - Regional Office,2024-05-30,P1-KPI2,Mean Time to Resolution,P1,4.93,2.0,<,hours
56007,E2E Full Test Corporation 1769028779 - Regional Office,2024-06-29,P1-KPI2,Mean Time to Resolution,P1,4.83,2.0,<,hours
56007,E2E Full Test Corporation 1769028779 - Regional Office,2024-07-29,P1-KPI2,Mean Time to Resolution,P1,4.82,2.0,<,hours
56007,E2E Full Test Corporation 1769028779 - Regional Office,2024-08-28,P1-KPI2,Mean Time to Resolution,P1,4.84,2.0,<,hours
56007,E2E Full Test Corporation 1769028779 - Regional Office,2024-09-27,P1-KPI2,Mean Time to Resolution,P1,4.78,2.0,<,hours
56007,E2E Full Test Corporation 1769028779 - Regional Office,2024-10-27,P1-KPI2,Mean Time to Resolution,P1,4.57,2.0,<,hours
56007,E2E Full Test Corporation 1769028779 - Regional Office,2024-11-26,P1-KPI2,Mean Time to Resolution,P1,4.82,2.0,<,hours
56007,E2E Full Test Corporation 1769028779 - Regional Office,2024-01-01,P1-KPI3,GPU Utilization,P1,72.86,85.0,>,%
56007,E2E Full Test Corporation 1769028779 - Regional Office,2024-01-31,P1-KPI3,GPU Utilization,P1,77.11,85.0,>,%
56007,E2E Full Test Corporation 1769028779 - Regional Office,2024-03-01,P1-KPI3,GPU Utilization,P1,73.86,85.0,>,%
56007,E2E Full Test Corporation 1769028779 - Regional Office,2024-03-31,P1-KPI3,GPU Utilization,P1,77.2,85.0,>,%
56007,E2E Full Test Corporation 1769028779 - Regional Office,2024-04-30,P1-KPI3,GPU Utilization,P1,76.57,85.0,>,%
56007,E2E Full Test Corporation 1769028779 - Regional Office,2024-05-30,P1-KPI3,GPU Utilization,P1,73.02,85.0,>,%
56007,E2E Full Test Corporation 1769028779 - Regional Office,2024-06-29,P1-KPI3,GPU Utilization,P1,74.17,85.0,>,%
56007,E2E Full Test Corporation 1769028779 - Regional Office,2024-07-29,P1-KPI3,GPU Utilization,P1,72.73,85.0,>,%
56007,E2E Full Test Corporation 1769028779 - Regional Office,2024-08-28,P1-KPI3,GPU Utilization,P1,73.8,85.0,>,%
56007,E2E Full Test Corporation 1769028779 - Regional Office,2024-09-27,P1-KPI3,GPU Utilization,P1,71.35,85.0,>,%
56007,E2E Full Test Corporation 1769028779 - Regional Office,2024-10-27,P1-KPI3,GPU Utilization,P1,71.62,85.0,>,%
56007,E2E Full Test Corporation 1769028779 - Regional Office,2024-11-26,P1-KPI3,GPU Utilization,P1,73.51,85.0,>,%
56007,E2E Full Test Corporation 1769028779 - Regional Office,2024-01-01,P1-KPI4,Network Latency,P1,28.68,10.0,<,ms
56007,E2E Full Test Corporation 1769028779 - Regional Office,2024-01-31,P1-KPI4,Network Latency,P1,26.85,10.0,<,ms
56007,E2E Full Test Corporation 1769028779 - Regional Office,2024-03-01,P1-KPI4,Network Latency,P1,27.6,10.0,<,ms
56007,E2E Full Test Corporation 1769028779 - Regional Office,2024-03-31,P1-KPI4,Network Latency,P1,27.63,10.0,<,ms
56007,E2E Full Test Corporation 1769028779 - Regional Office,2024-04-30,P1-KPI4,Network Latency,P1,29.3,10.0,<,ms
56007,E2E Full Test Corporation 1769028779 - Regional Office,2024-05-30,P1-KPI4,Network Latency,P1,29.17,10.0,<,ms
56007,E2E Full Test Corporation 1769028779 - Regional Office,2024-06-29,P1-KPI4,Network Latency,P1,29.22,10.0,<,ms
56007,E2E Full Test Corporation 1769028779 - Regional Office,2024-07-29,P1-KPI4,Network Latency,P1,28.97,10.0,<,ms
56007,E2E Full Test Corporation 1769028779 - Regional Office,2024-08-28,P1-KPI4,Network Latency,P1,28.76,10.0,<,ms
56007,E2E Full Test Corporation 1769028779 - Regional Office,2024-09-27,P1-KPI4,Network Latency,P1,27.37,10.0,<,ms
56007,E2E Full Test Corporation 1769028779 - Regional Office,2024-10-27,P1-KPI4,Network Latency,P1,28.81,10.0,<,ms
56007,E2E Full Test Corporation 1769028779 - Regional Office,2024-11-26,P1-KPI4,Network Latency,P1,28.62,10.0,<,ms
56007,E2E Full Test Corporation 1769028779 - Regional Office,2024-01-01,P1-KPI5,Storage Performance,P1,79559.99,100000.0,>,IOPS
56007,E2E Full Test Corporation 1769028779 - Regional Office,2024-01-31,P1-KPI5,Storage Performance,P1,79430.54,100000.0,>,IOPS
56007,E2E Full Test Corporation 1769028779 - Regional Office,2024-03-01,P1-KPI5,Storage Performance,P1,74309.5,100000.0,>,IOPS
56007,E2E Full Test Corporation 1769028779 - Regional Office,2024-03-31,P1-KPI5,Storage Performance,P1,80279.48,100000.0,>,IOPS
56007,E2E Full Test Corporation 1769028779 - Regional Office,2024-04-30,P1-KPI5,Storage Performance,P1,78704.95,100000.0,>,IOPS
56007,E2E Full Test Corporation 1769028779 - Regional Office,2024-05-30,P1-KPI5,Storage Performance,P1,74909.28,100000.0,>,IOPS
56007,E2E Full Test Corporation 1769028779 - Regional Office,2024-06-29,P1-KPI5,Storage Performance,P1,77220.08,100000.0,>,IOPS
56007,E2E Full Test Corporation 1769028779 - Regional Office,2024-07-29,P1-KPI5,Storage Performance,P1,79233.16,100000.0,>,IOPS
56007,E2E Full Test Corporation 1769028779 - Regional Office,2024-08-28,P1-KPI5,Storage Performance,P1,80885.08,100000.0,>,IOPS
56007,E2E Full Test Corporation 1769028779 - Regional Office,2024-09-27,P1-KPI5,Storage Performance,P1,78258.29,100000.0,>,IOPS
56007,E2E Full Test Corporation 1769028779 - Regional Office,2024-10-27,P1-KPI5,Storage Performance,P1,78805.82,100000.0,>,IOPS
56007,E2E Full Test Corporation 1769028779 - Regional Office,2024-11-26,P1-KPI5,Storage Performance,P1,79578.23,100000.0,>,IOPS
56007,E2E Full Test Corporation 1769028779 - Regional Office,2024-01-01,P1-KPI6,Cooling Efficiency,P1,1.55,1.3,<,PUE
56007,E2E Full Test Corporation 1769028779 - Regional Office,2024-01-31,P1-KPI6,Cooling Efficiency,P1,1.51,1.3,<,PUE
56007,E2E Full Test Corporation 1769028779 - Regional Office,2024-03-01,P1-KPI6,Cooling Efficiency,P1,1.58,1.3,<,PUE
56007,E2E Full Test Corporation 1769028779 - Regional Office,2024-03-31,P1-KPI6,Cooling Efficiency,P1,1.55,1.3,<,PUE
56007,E2E Full Test Corporation 1769028779 - Regional Office,2024-04-30,P1-KPI6,Cooling Efficiency,P1,1.58,1.3,<,PUE
56007,E2E Full Test Corporation 1769028779 - Regional Office,2024-05-30,P1-KPI6,Cooling Efficiency,P1,1.58,1.3,<,PUE
56007,E2E Full Test Corporation 1769028779 - Regional Office,2024-06-29,P1-KPI6,Cooling Efficiency,P1,1.5,1.3,<,PUE
56007,E2E Full Test Corporation 1769028779 - Regional Office,2024-07-29,P1-KPI6,Cooling Efficiency,P1,1.55,1.3,<,PUE
56007,E2E Full Test Corporation 1769028779 - Regional Office,2024-08-28,P1-KPI6,Cooling Efficiency,P1,1.48,1.3,<,PUE
56007,E2E Full Test Corporation 1769028779 - Regional Office,2024-09-27,P1-KPI6,Cooling Efficiency,P1,1.47,1.3,<,PUE
56007,E2E Full Test Corporation 1769028779 - Regional Office,2024-10-27,P1-KPI6,Cooling Efficiency,P1,1.55,1.3,<,PUE
56007,E2E Full Test Corporation 1769028779 - Regional Office,2024-11-26,P1-KPI6,Cooling Efficiency,P1,1.45,1.3,<,PUE
56007,E2E Full Test Corporation 1769028779 - Regional Office,2024-01-01,P1-KPI7,Power Usage,P1,634.87,500.0,<,kW
56007,E2E Full Test Corporation 1769028779 - Regional Office,2024-01-31,P1-KPI7,Power Usage,P1,625.68,500.0,<,kW
56007,E2E Full Test Corporation 1769028779 - Regional Office,2024-03-01,P1-KPI7,Power Usage,P1,613.2,500.0,<,kW
56007,E2E Full Test Corporation 1769028779 - Regional Office,2024-03-31,P1-KPI7,Power Usage,P1,634.01,500.0,<,kW
56007,E2E Full Test Corporation 1769028779 - Regional Office,2024-04-30,P1-KPI7,Power Usage,P1,603.96,500.0,<,kW
56007,E2E Full Test Corporation 1769028779 - Regional Office,2024-05-30,P1-KPI7,Power Usage,P1,632.13,500.0,<,kW
56007,E2E Full Test Corporation 1769028779 - Regional Office,2024-06-29,P1-KPI7,Power Usage,P1,649.98,500.0,<,kW
56007,E2E Full Test Corporation 1769028779 - Regional Office,2024-07-29,P1-KPI7,Power Usage,P1,647.83,500.0,<,kW
56007,E2E Full Test Corporation 1769028779 - Regional Office,2024-08-28,P1-KPI7,Power Usage,P1,603.84,500.0,<,kW
56007,E2E Full Test Corporation 1769028779 - Regional Office,2024-09-27,P1-KPI7,Power Usage,P1,644.8,500.0,<,kW
56007,E2E Full Test Corporation 1769028779 - Regional Office,2024-10-27,P1-KPI7,Power Usage,P1,609.96,500.0,<,kW
56007,E2E Full Test Corporation 1769028779 - Regional Office,2024-11-26,P1-KPI7,Power Usage,P1,624.98,500.0,<,kW
56007,E2E Full Test Corporation 1769028779 - Regional Office,2024-01-01,P1-KPI8,Thermal Management,P1,29.34,25.0,<,°C
56007,E2E Full Test Corporation 1769028779 - Regional Office,2024-01-31,P1-KPI8,Thermal Management,P1,29.58,25.0,<,°C
56007,E2E Full Test Corporation 1769028779 - Regional Office,2024-03-01,P1-KPI8,Thermal Management,P1,28.73,25.0,<,°C
56007,E2E Full Test Corporation 1769028779 - Regional Office,2024-03-31,P1-KPI8,Thermal Management,P1,30.51,25.0,<,°C
56007,E2E Full Test Corporation 1769028779 - Regional Office,2024-04-30,P1-KPI8,Thermal Management,P1,29.53,25.0,<,°C
56007,E2E Full Test Corporation 1769028779 - Regional Office,2024-05-30,P1-KPI8,Thermal Management,P1,28.12,25.0,<,°C
56007,E2E Full Test Corporation 1769028779 - Regional Office,2024-06-29,P1-KPI8,Thermal Management,P1,28.27,25.0,<,°C
56007,E2E Full Test Corporation 1769028779 - Regional Office,2024-07-29,P1-KPI8,Thermal Management,P1,29.63,25.0,<,°C
56007,E2E Full Test Corporation 1769028779 - Regional Office,2024-08-28,P1-KPI8,Thermal Management,P1,29.21,25.0,<,°C
56007,E2E Full Test Corporation 1769028779 - Regional Office,2024-09-27,P1-KPI8,Thermal Management,P1,28.62,25.0,<,°C
56007,E2E Full Test Corporation 1769028779 - Regional Office,2024-10-27,P1-KPI8,Thermal Management,P1,29.93,25.0,<,°C
56007,E2E Full Test Corporation 1769028779 - Regional Office,2024-11-26,P1-KPI8,Thermal Management,P1,29.62,25.0,<,°C
56007,E2E Full Test Corporation 1769028779 - Regional Office,2024-01-01,P2-KPI1,SLA Compliance,P2,97.87,99.0,>,%
56007,E2E Full Test Corporation 1769028779 - Regional Office,2024-01-31,P2-KPI1,SLA Compliance,P2,95.0,99.0,>,%
56007,E2E Full Test Corporation 1769028779 - Regional Office,2024-03-01,P2-KPI1,SLA Compliance,P2,100.0,99.0,>,%
56007,E2E Full Test Corporation 1769028779 - Regional Office,2024-03-31,P2-KPI1,SLA Compliance,P2,95.0,99.0,>,%
56007,E2E Full Test Corporation 1769028779 - Regional Office,2024-04-30,P2-KPI1,SLA Compliance,P2,95.0,99.0,>,%
56007,E2E Full Test Corporation 1769028779 - Regional Office,2024-05-30,P2-KPI1,SLA Compliance,P2,95.0,99.0,>,%
56007,E2E Full Test Corporation 1769028779 - Regional Office,2024-06-29,P2-KPI1,SLA Compliance,P2,95.0,99.0,>,%
56007,E2E Full Test Corporation 1769028779 - Regional Office,2024-07-29,P2-KPI1,SLA Compliance,P2,99.89,99.0,>,%
56007,E2E Full Test Corporation 1769028779 - Regional Office,2024-08-28,P2-KPI1,SLA Compliance,P2,95.47,99.0,>,%
56007,E2E Full Test Corporation 1769028779 - Regional Office,2024-09-27,P2-KPI1,SLA Compliance,P2,100.0,99.0,>,%
56007,E2E Full Test Corporation 1769028779 - Regional Office,2024-10-27,P2-KPI1,SLA Compliance,P2,95.24,99.0,>,%
56007,E2E Full Test Corporation 1769028779 - Regional Office,2024-11-26,P2-KPI1,SLA Compliance,P2,100.0,99.0,>,%
56007,E2E Full Test Corporation 1769028779 - Regional Office,2024-01-01,P2-KPI2,Incident Response Time,P2,34.66,15.0,<,minutes
56007,E2E Full Test Corporation 1769028779 - Regional Office,2024-01-31,P2-KPI2,Incident Response Time,P2,33.53,15.0,<,minutes
56007,E2E Full Test Corporation 1769028779 - Regional Office,2024-03-01,P2-KPI2,Incident Response Time,P2,36.89,15.0,<,minutes
56007,E2E Full Test Corporation 1769028779 - Regional Office,2024-03-31,P2-KPI2,Incident Response Time,P2,34.67,15.0,<,minutes
56007,E2E Full Test Corporation 1769028779 - Regional Office,2024-04-30,P2-KPI2,Incident Response Time,P2,36.11,15.0,<,minutes
56007,E2E Full Test Corporation 1769028779 - Regional Office,2024-05-30,P2-KPI2,Incident Response Time,P2,34.65,15.0,<,minutes
56007,E2E Full Test Corporation 1769028779 - Regional Office,2024-06-29,P2-KPI2,Incident Response Time,P2,36.88,15.0,<,minutes
56007,E2E Full Test Corporation 1769028779 - Regional Office,2024-07-29,P2-KPI2,Incident Response Time,P2,34.12,15.0,<,minutes
56007,E2E Full Test Corporation 1769028779 - Regional Office,2024-08-28,P2-KPI2,Incident Response Time,P2,35.21,15.0,<,minutes
56007,E2E Full Test Corporation 1769028779 - Regional Office,2024-09-27,P2-KPI2,Incident Response Time,P2,34.6,15.0,<,minutes
56007,E2E Full Test Corporation 1769028779 - Regional Office,2024-10-27,P2-KPI2,Incident Response Time,P2,36.13,15.0,<,minutes
56007,E2E Full Test Corporation 1769028779 - Regional Office,2024-11-26,P2-KPI2,Incident Response Time,P2,35.73,15.0,<,minutes
56007,E2E Full Test Corporation 1769028779 - Regional Office,2024-01-01,P2-KPI3,Change Success Rate,P2,95.16,98.0,>,%
56007,E2E Full Test Corporation 1769028779 - Regional Office,2024-01-31,P2-KPI3,Change Success Rate,P2,96.24,98.0,>,%
56007,E2E Full Test Corporation 1769028779 - Regional Office,2024-03-01,P2-KPI3,Change Success Rate,P2,92.43,98.0,>,%
56007,E2E Full Test Corporation 1769028779 - Regional Office,2024-03-31,P2-KPI3,Change Success Rate,P2,90.32,98.0,>,%
56007,E2E Full Test Corporation 1769028779 - Regional Office,2024-04-30,P2-KPI3,Change Success Rate,P2,95.6,98.0,>,%
56007,E2E Full Test Corporation 1769028779 - Regional Office,2024-05-30,P2-KPI3,Change Success Rate,P2,96.94,98.0,>,%
56007,E2E Full Test Corporation 1769028779 - Regional Office,2024-06-29,P2-KPI3,Change Success Rate,P2,90.06,98.0,>,%
56007,E2E Full Test Corporation 1769028779 - Regional Office,2024-07-29,P2-KPI3,Change Success Rate,P2,98.83,98.0,>,%
56007,E2E Full Test Corporation 1769028779 - Regional Office,2024-08-28,P2-KPI3,Change Success Rate,P2,90.0,98.0,>,%
56007,E2E Full Test Corporation 1769028779 - Regional Office,2024-09-27,P2-KPI3,Change Success Rate,P2,96.65,98.0,>,%
56007,E2E Full Test Corporation 1769028779 - Regional Office,2024-10-27,P2-KPI3,Change Success Rate,P2,93.28,98.0,>,%
56007,E2E Full Test Corporation 1769028779 - Regional Office,2024-11-26,P2-KPI3,Change Success Rate,P2,91.82,98.0,>,%
56007,E2E Full Test Corporation 1769028779 - Regional Office,2024-01-01,P2-KPI4,Backup Success Rate,P2,98.74,100.0,>,%
56007,E2E Full Test Corporation 1769028779 - Regional Office,2024-01-31,P2-KPI4,Backup Success Rate,P2,98.99,100.0,>,%
56007,E2E Full Test Corporation 1769028779 - Regional Office,2024-03-01,P2-KPI4,Backup Success Rate,P2,100.0,100.0,>,%
56007,E2E Full Test Corporation 1769028779 - Regional Office,2024-03-31,P2-KPI4,Backup Success Rate,P2,99.63,100.0,>,%
56007,E2E Full Test Corporation 1769028779 - Regional Office,2024-04-30,P2-KPI4,Backup Success Rate,P2,98.64,100.0,>,%
56007,E2E Full Test Corporation 1769028779 - Regional Office,2024-05-30,P2-KPI4,Backup Success Rate,P2,98.83,100.0,>,%
56007,E2E Full Test Corporation 1769028779 - Regional Office,2024-06-29,P2-KPI4,Backup Success Rate,P2,100.0,100.0,>,%
56007,E2E Full Test Corporation 1769028779 - Regional Office,2024-07-29,P2-KPI4,Backup Success Rate,P2,97.79,100.0,>,%
56007,E2E Full Test Corporation 1769028779 - Regional Office,2024-08-28,P2-KPI4,Backup Success Rate,P2,97.14,100.0,>,%
56007,E2E Full Test Corporation 1769028779 - Regional Office,2024-09-27,P2-KPI4,Backup Success Rate,P2,96.93,100.0,>,%
56007,E2E Full Test Corporation 1769028779 - Regional Office,2024-10-27,P2-KPI4,Backup Success Rate,P2,95.0,100.0,>,%
56007,E2E Full Test Corporation 1769028779 - Regional Office,2024-11-26,P2-KPI4,Backup Success Rate,P2,98.43,100.0,>,%
56007,E2E Full Test Corporation 1769028779 - Regional Office,2024-01-01,P2-KPI5,Patch Compliance,P2,84.29,95.0,>,%
56007,E2E Full Test Corporation 1769028779 - Regional Office,2024-01-31,P2-KPI5,Patch Compliance,P2,87.88,95.0,>,%
56007,E2E Full Test Corporation 1769028779 - Regional Office,2024-03-01,P2-KPI5,Patch Compliance,P2,90.21,95.0,>,%
56007,E2E Full Test Corporation 1769028779 - Regional Office,2024-03-31,P2-KPI5,Patch Compliance,P2,89.26,95.0,>,%
56007,E2E Full Test Corporation 1769028779 - Regional Office,2024-04-30,P2-KPI5,Patch Compliance,P2,91.56,95.0,>,%
56007,E2E Full Test Corporation 1769028779 - Regional Office,2024-05-30,P2-KPI5,Patch Compliance,P2,85.14,95.0,>,%
56007,E2E Full Test Corporation 1769028779 - Regional Office,2024-06-29,P2-KPI5,Patch Compliance,P2,90.49,95.0,>,%
56007,E2E Full Test Corporation 1769028779 - Regional Office,2024-07-29,P2-KPI5,Patch Compliance,P2,84.38,95.0,>,%
56007,E2E Full Test Corporation 1769028779 - Regional Office,2024-08-28,P2-KPI5,Patch Compliance,P2,88.81,95.0,>,%
56007,E2E Full Test Corporation 1769028779 - Regional Office,2024-09-27,P2-KPI5,Patch Compliance,P2,84.41,95.0,>,%
56007,E2E Full Test Corporation 1769028779 - Regional Office,2024-10-27,P2-KPI5,Patch Compliance,P2,89.21,95.0,>,%
56007,E2E Full Test Corporation 1769028779 - Regional Office,2024-11-26,P2-KPI5,Patch Compliance,P2,86.44,95.0,>,%
56007,E2E Full Test Corporation 1769028779 - Regional Office,2024-01-01,P2-KPI6,Service Request Fulfillment,P2,6.24,3.0,<,days
56007,E2E Full Test Corporation 1769028779 - Regional Office,2024-01-31,P2-KPI6,Service Request Fulfillment,P2,6.4,3.0,<,days
56007,E2E Full Test Corporation 1769028779 - Regional Office,2024-03-01,P2-KPI6,Service Request Fulfillment,P2,6.15,3.0,<,days
56007,E2E Full Test Corporation 1769028779 - Regional Office,2024-03-31,P2-KPI6,Service Request Fulfillment,P2,6.43,3.0,<,days
56007,E2E Full Test Corporation 1769028779 - Regional Office,2024-04-30,P2-KPI6,Service Request Fulfillment,P2,6.2,3.0,<,days
56007,E2E Full Test Corporation 1769028779 - Regional Office,2024-05-30,P2-KPI6,Service Request Fulfillment,P2,6.16,3.0,<,days
56007,E2E Full Test Corporation 1769028779 - Regional Office,2024-06-29,P2-KPI6,Service Request Fulfillment,P2,5.86,3.0,<,days
56007,E2E Full Test Corporation 1769028779 - Regional Office,2024-07-29,P2-KPI6,Service Request Fulfillment,P2,6.38,3.0,<,days
56007,E2E Full Test Corporation 1769028779 - Regional Office,2024-08-28,P2-KPI6,Service Request Fulfillment,P2,6.37,3.0,<,days
56007,E2E Full Test Corporation 1769028779 - Regional Office,2024-09-27,P2-KPI6,Service Request Fulfillment,P2,6.16,3.0,<,days
56007,E2E Full Test Corporation 1769028779 - Regional Office,2024-10-27,P2-KPI6,Service Request Fulfillment,P2,6.16,3.0,<,days
56007,E2E Full Test Corporation 1769028779 - Regional Office,2024-11-26,P2-KPI6,Service Request Fulfillment,P2,5.89,3.0,<,days
56007,E2E Full Test Corporation 1769028779 - Regional Office,2024-01-01,P2-KPI7,Capacity Planning Accuracy,P2,80.81,90.0,>,%
56007,E2E Full Test Corporation 1769028779 - Regional Office,2024-01-31,P2-KPI7,Capacity Planning Accuracy,P2,84.18,90.0,>,%
56007,E2E Full Test Corporation 1769028779 - Regional Office,2024-03-01,P2-KPI7,Capacity Planning Accuracy,P2,78.19,90.0,>,%
56007,E2E Full Test Corporation 1769028779 - Regional Office,2024-03-31,P2-KPI7,Capacity Planning Accuracy,P2,82.97,90.0,>,%
56007,E2E Full Test Corporation 1769028779 - Regional Office,2024-04-30,P2-KPI7,Capacity Planning Accuracy,P2,84.63,90.0,>,%
56007,E2E Full Test Corporation 1769028779 - Regional Office,2024-05-30,P2-KPI7,Capacity Planning Accuracy,P2,77.08,90.0,>,%
56007,E2E Full Test Corporation 1769028779 - Regional Office,2024-06-29,P2-KPI7,Capacity Planning Accuracy,P2,81.07,90.0,>,%
56007,E2E Full Test Corporation 1769028779 - Regional Office,2024-07-29,P2-KPI7,Capacity Planning Accuracy,P2,79.14,90.0,>,%
56007,E2E Full Test Corporation 1769028779 - Regional Office,2024-08-28,P2-KPI7,Capacity Planning Accuracy,P2,81.94,90.0,>,%
56007,E2E Full Test Corporation 1769028779 - Regional Office,2024-09-27,P2-KPI7,Capacity Planning Accuracy,P2,81.52,90.0,>,%
56007,E2E Full Test Corporation 1769028779 - Regional Office,2024-10-27,P2-KPI7,Capacity Planning Accuracy,P2,84.75,90.0,>,%
56007,E2E Full Test Corporation 1769028779 - Regional Office,2024-11-26,P2-KPI7,Capacity Planning Accuracy,P2,83.77,90.0,>,%
56007,E2E Full Test Corporation 1769028779 - Regional Office,2024-01-01,P2-KPI8,Documentation Quality,P2,71.55,85.0,>,score
56007,E2E Full Test Corporation 1769028779 - Regional Office,2024-01-31,P2-KPI8,Documentation Quality,P2,73.97,85.0,>,score
56007,E2E Full Test Corporation 1769028779 - Regional Office,2024-03-01,P2-KPI8,Documentation Quality,P2,73.97,85.0,>,score
56007,E2E Full Test Corporation 1769028779 - Regional Office,2024-03-31,P2-KPI8,Documentation Quality,P2,70.95,85.0,>,score
56007,E2E Full Test Corporation 1769028779 - Regional Office,2024-04-30,P2-KPI8,Documentation Quality,P2,77.37,85.0,>,score
56007,E2E Full Test Corporation 1769028779 - Regional Office,2024-05-30,P2-KPI8,Documentation Quality,P2,72.49,85.0,>,score
56007,E2E Full Test Corporation 1769028779 - Regional Office,2024-06-29,P2-KPI8,Documentation Quality,P2,73.53,85.0,>,score
56007,E2E Full Test Corporation 1769028779 - Regional Office,2024-07-29,P2-KPI8,Documentation Quality,P2,72.68,85.0,>,score
56007,E2E Full Test Corporation 1769028779 - Regional Office,2024-08-28,P2-KPI8,Documentation Quality,P2,73.31,85.0,>,score
56007,E2E Full Test Corporation 1769028779 - Regional Office,2024-09-27,P2-KPI8,Documentation Quality,P2,77.06,85.0,>,score
56007,E2E Full Test Corporation 1769028779 - Regional Office,2024-10-27,P2-KPI8,Documentation Quality,P2,72.86,85.0,>,score
56007,E2E Full Test Corporation 1769028779 - Regional Office,2024-11-26,P2-KPI8,Documentation Quality,P2,70.25,85.0,>,score
56007,E2E Full Test Corporation 1769028779 - Regional Office,2024-01-01,P3-KPI1,CSAT Score,P3,3.81,4.5,>,score
56007,E2E Full Test Corporation 1769028779 - Regional Office,2024-01-31,P3-KPI1,CSAT Score,P3,3.88,4.5,>,score
56007,E2E Full Test Corporation 1769028779 - Regional Office,2024-03-01,P3-KPI1,CSAT Score,P3,3.67,4.5,>,score
56007,E2E Full Test Corporation 1769028779 - Regional Office,2024-03-31,P3-KPI1,CSAT Score,P3,3.94,4.5,>,score
56007,E2E Full Test Corporation 1769028779 - Regional Office,2024-04-30,P3-KPI1,CSAT Score,P3,3.67,4.5,>,score
56007,E2E Full Test Corporation 1769028779 - Regional Office,2024-05-30,P3-KPI1,CSAT Score,P3,3.64,4.5,>,score
56007,E2E Full Test Corporation 1769028779 - Regional Office,2024-06-29,P3-KPI1,CSAT Score,P3,4.01,4.5,>,score
56007,E2E Full Test Corporation 1769028779 - Regional Office,2024-07-29,P3-KPI1,CSAT Score,P3,3.83,4.5,>,score
56007,E2E Full Test Corporation 1769028779 - Regional Office,2024-08-28,P3-KPI1,CSAT Score,P3,3.94,4.5,>,score
56007,E2E Full Test Corporation 1769028779 - Regional Office,2024-09-27,P3-KPI1,CSAT Score,P3,3.74,4.5,>,score
56007,E2E Full Test Corporation 1769028779 - Regional Office,2024-10-27,P3-KPI1,CSAT Score,P3,3.86,4.5,>,score
56007,E2E Full Test Corporation 1769028779 - Regional Office,2024-11-26,P3-KPI1,CSAT Score,P3,3.71,4.5,>,score
56007,E2E Full Test Corporation 1769028779 - Regional Office,2024-01-01,P3-KPI2,Support Ticket Volume,P3,54.63,20.0,<,tickets
56007,E2E Full Test Corporation 1769028779 - Regional Office,2024-01-31,P3-KPI2,Support Ticket Volume,P3,55.79,20.0,<,tickets
56007,E2E Full Test Corporation 1769028779 - Regional Office,2024-03-01,P3-KPI2,Support Ticket Volume,P3,53.88,20.0,<,tickets
56007,E2E Full Test Corporation 1769028779 - Regional Office,2024-03-31,P3-KPI2,Support Ticket Volume,P3,53.36,20.0,<,tickets
56007,E2E Full Test Corporation 1769028779 - Regional Office,2024-04-30,P3-KPI2,Support Ticket Volume,P3,53.72,20.0,<,tickets
56007,E2E Full Test Corporation 1769028779 - Regional Office,2024-05-30,P3-KPI2,Support Ticket Volume,P3,53.42,20.0,<,tickets
56007,E2E Full Test Corporation 1769028779 - Regional Office,2024-06-29,P3-KPI2,Support Ticket Volume,P3,55.39,20.0,<,tickets
56007,E2E Full Test Corporation 1769028779 - Regional Office,2024-07-29,P3-KPI2,Support Ticket Volume,P3,54.61,20.0,<,tickets
56007,E2E Full Test Corporation 1769028779 - Regional Office,2024-08-28,P3-KPI2,Support Ticket Volume,P3,55.6,20.0,<,tickets
56007,E2E Full Test Corporation 1769028779 - Regional Office,2024-09-27,P3-KPI2,Support Ticket Volume,P3,58.57,20.0,<,tickets
56007,E2E Full Test Corporation 1769028779 - Regional Office,2024-10-27,P3-KPI2,Support Ticket Volume,P3,58.49,20.0,<,tickets
56007,E2E Full Test Corporation 1769028779 - Regional Office,2024-11-26,P3-KPI2,Support Ticket Volume,P3,58.44,20.0,<,tickets
56007,E2E Full Test Corporation 1769028779 - Regional Office,2024-01-01,P3-KPI3,First Contact Resolution,P3,64.27,75.0,>,%
56007,E2E Full Test Corporation 1769028779 - Regional Office,2024-01-31,P3-KPI3,First Contact Resolution,P3,66.56,75.0,>,%
56007,E2E Full Test Corporation 1769028779 - Regional Office,2024-03-01,P3-KPI3,First Contact Resolution,P3,63.83,75.0,>,%
56007,E2E Full Test Corporation 1769028779 - Regional Office,2024-03-31,P3-KPI3,First Contact Resolution,P3,65.55,75.0,>,%
56007,E2E Full Test Corporation 1769028779 - Regional Office,2024-04-30,P3-KPI3,First Contact Resolution,P3,65.07,75.0,>,%
56007,E2E Full Test Corporation 1769028779 - Regional Office,2024-05-30,P3-KPI3,First Contact Resolution,P3,66.66,75.0,>,%
56007,E2E Full Test Corporation 1769028779 - Regional Office,2024-06-29,P3-KPI3,First Contact Resolution,P3,61.33,75.0,>,%
56007,E2E Full Test Corporation 1769028779 - Regional Office,2024-07-29,P3-KPI3,First Contact Resolution,P3,62.28,75.0,>,%
56007,E2E Full Test Corporation 1769028779 - Regional Office,2024-08-28,P3-KPI3,First Contact Resolution,P3,63.78,75.0,>,%
56007,E2E Full Test Corporation 1769028779 - Regional Office,2024-09-27,P3-KPI3,First Contact Resolution,P3,62.11,75.0,>,%
56007,E2E Full Test Corporation 1769028779 - Regional Office,2024-10-27,P3-KPI3,First Contact Resolution,P3,61.79,75.0,>,%
56007,E2E Full Test Corporation 1769028779 - Regional Office,2024-11-26,P3-KPI3,First Contact Resolution,P3,62.65,75.0,>,%
56007,E2E Full Test Corporation 1769028779 - Regional Office,2024-01-01,P3-KPI4,Training Completion,P3,77.1,90.0,>,%
56007,E2E Full Test Corporation 1769028779 - Regional Office,2024-01-31,P3-KPI4,Training Completion,P3,76.92,90.0,>,%
56007,E2E Full Test Corporation 1769028779 - Regional Office,2024-03-01,P3-KPI4,Training Completion,P3,78.05,90.0,>,%
56007,E2E Full Test Corporation 1769028779 - Regional Office,2024-03-31,P3-KPI4,Training Completion,P3,73.3,90.0,>,%
56007,E2E Full Test Corporation 1769028779 - Regional Office,2024-04-30,P3-KPI4,Training Completion,P3,76.51,90.0,>,%
56007,E2E Full Test Corporation 1769028779 - Regional Office,2024-05-30,P3-KPI4,Training Completion,P3,77.68,90.0,>,%
56007,E2E Full Test Corporation 1769028779 - Regional Office,2024-06-29,P3-KPI4,Training Completion,P3,74.19,90.0,>,%
56007,E2E Full Test Corporation 1769028779 - Regional Office,2024-07-29,P3-KPI4,Training Completion,P3,73.02,90.0,>,%
56007,E2E Full Test Corporation 1769028779 - Regional Office,2024-08-28,P3-KPI4,Training Completion,P3,77.52,90.0,>,%
56007,E2E Full Test Corporation 1769028779 - Regional Office,2024-09-27,P3-KPI4,Training Completion,P3,73.54,90.0,>,%
56007,E2E Full Test Corporation 1769028779 - Regional Office,2024-10-27,P3-KPI4,Training Completion,P3,78.89,90.0,>,%
56007,E2E Full Test Corporation 1769028779 - Regional Office,2024-11-26,P3-KPI4,Training Completion,P3,73.88,90.0,>,%
56007,E2E Full Test Corporation 1769028779 - Regional Office,2024-01-01,P3-KPI5,User Adoption Rate,P3,64.46,80.0,>,%
56007,E2E Full Test Corporation 1769028779 - Regional Office,2024-01-31,P3-KPI5,User Adoption Rate,P3,64.64,80.0,>,%
56007,E2E Full Test Corporation 1769028779 - Regional Office,2024-03-01,P3-KPI5,User Adoption Rate,P3,66.66,80.0,>,%
56007,E2E Full Test Corporation 1769028779 - Regional Office,2024-03-31,P3-KPI5,User Adoption Rate,P3,68.46,80.0,>,%
56007,E2E Full Test Corporation 1769028779 - Regional Office,2024-04-30,P3-KPI5,User Adoption Rate,P3,67.63,80.0,>,%
56007,E2E Full Test Corporation 1769028779 - Regional Office,2024-05-30,P3-KPI5,User Adoption Rate,P3,67.99,80.0,>,%
56007,E2E Full Test Corporation 1769028779 - Regional Office,2024-06-29,P3-KPI5,User Adoption Rate,P3,67.56,80.0,>,%
56007,E2E Full Test Corporation 1769028779 - Regional Office,2024-07-29,P3-KPI5,User Adoption Rate,P3,66.96,80.0,>,%
56007,E2E Full Test Corporation 1769028779 - Regional Office,2024-08-28,P3-KPI5,User Adoption Rate,P3,63.69,80.0,>,%
56007,E2E Full Test Corporation 1769028779 - Regional Office,2024-09-27,P3-KPI5,User Adoption Rate,P3,67.55,80.0,>,%
56007,E2E Full Test Corporation 1769028779 - Regional Office,2024-10-27,P3-KPI5,User Adoption Rate,P3,64.51,80.0,>,%
56007,E2E Full Test Corporation 1769028779 - Regional Office,2024-11-26,P3-KPI5,User Adoption Rate,P3,63.8,80.0,>,%
56007,E2E Full Test Corporation 1769028779 - Regional Office,2024-01-01,P3-KPI6,Executive Engagement,P3,3.15,4.0,>,meetings/quarter
56007,E2E Full Test Corporation 1769028779 - Regional Office,2024-01-31,P3-KPI6,Executive Engagement,P3,3.01,4.0,>,meetings/quarter
56007,E2E Full Test Corporation 1769028779 - Regional Office,2024-03-01,P3-KPI6,Executive Engagement,P3,3.15,4.0,>,meetings/quarter
56007,E2E Full Test Corporation 1769028779 - Regional Office,2024-03-31,P3-KPI6,Executive Engagement,P3,3.0,4.0,>,meetings/quarter
56007,E2E Full Test Corporation 1769028779 - Regional Office,2024-04-30,P3-KPI6,Executive Engagement,P3,3.21,4.0,>,meetings/quarter
56007,E2E Full Test Corporation 1769028779 - Regional Office,2024-05-30,P3-KPI6,Executive Engagement,P3,3.09,4.0,>,meetings/quarter
56007,E2E Full Test Corporation 1769028779 - Regional Office,2024-06-29,P3-KPI6,Executive Engagement,P3,3.24,4.0,>,meetings/quarter
56007,E2E Full Test Corporation 1769028779 - Regional Office,2024-07-29,P3-KPI6,Executive Engagement,P3,3.09,4.0,>,meetings/quarter
56007,E2E Full Test Corporation 1769028779 - Regional Office,2024-08-28,P3-KPI6,Executive Engagement,P3,2.95,4.0,>,meetings/quarter
56007,E2E Full Test Corporation 1769028779 - Regional Office,2024-09-27,P3-KPI6,Executive Engagement,P3,2.96,4.0,>,meetings/quarter
56007,E2E Full Test Corporation 1769028779 - Regional Office,2024-10-27,P3-KPI6,Executive Engagement,P3,3.17,4.0,>,meetings/quarter
56007,E2E Full Test Corporation 1769028779 - Regional Office,2024-11-26,P3-KPI6,Executive Engagement,P3,3.08,4.0,>,meetings/quarter
56007,E2E Full Test Corporation 1769028779 - Regional Office,2024-01-01,P3-KPI7,Response Time SLA,P3,70.45,30.0,<,minutes
56007,E2E Full Test Corporation 1769028779 - Regional Office,2024-01-31,P3-KPI7,Response Time SLA,P3,67.79,30.0,<,minutes
56007,E2E Full Test Corporation 1769028779 - Regional Office,2024-03-01,P3-KPI7,Response Time SLA,P3,72.18,30.0,<,minutes
56007,E2E Full Test Corporation 1769028779 - Regional Office,2024-03-31,P3-KPI7,Response Time SLA,P3,68.55,30.0,<,minutes
56007,E2E Full Test Corporation 1769028779 - Regional Office,2024-04-30,P3-KPI7,Response Time SLA,P3,68.95,30.0,<,minutes
56007,E2E Full Test Corporation 1769028779 - Regional Office,2024-05-30,P3-KPI7,Response Time SLA,P3,70.02,30.0,<,minutes
56007,E2E Full Test Corporation 1769028779 - Regional Office,2024-06-29,P3-KPI7,Response Time SLA,P3,73.99,30.0,<,minutes
56007,E2E Full Test Corporation 1769028779 - Regional Office,2024-07-29,P3-KPI7,Response Time SLA,P3,73.01,30.0,<,minutes
56007,E2E Full Test Corporation 1769028779 - Regional Office,2024-08-28,P3-KPI7,Response Time SLA,P3,69.48,30.0,<,minutes
56007,E2E Full Test Corporation 1769028779 - Regional Office,2024-09-27,P3-KPI7,Response Time SLA,P3,67.45,30.0,<,minutes
56007,E2E Full Test Corporation 1769028779 - Regional Office,2024-10-27,P3-KPI7,Response Time SLA,P3,72.92,30.0,<,minutes
56007,E2E Full Test Corporation 1769028779 - Regional Office,2024-11-26,P3-KPI7,Response Time SLA,P3,71.19,30.0,<,minutes
56007,E2E Full Test Corporation 1769028779 - Regional Office,2024-01-01,P4-KPI1,ROI Achievement,P4,122.03,150.0,>,%
56007,E2E Full Test Corporation 1769028779 - Regional Office,2024-01-31,P4-KPI1,ROI Achievement,P4,130.9,150.0,>,%
56007,E2E Full Test Corporation 1769028779 - Regional Office,2024-03-01,P4-KPI1,ROI Achievement,P4,123.67,150.0,>,%
56007,E2E Full Test Corporation 1769028779 - Regional Office,2024-03-31,P4-KPI1,ROI Achievement,P4,122.18,150.0,>,%
56007,E2E Full Test Corporation 1769028779 - Regional Office,2024-04-30,P4-KPI1,ROI Achievement,P4,122.84,150.0,>,%
56007,E2E Full Test Corporation 1769028779 - Regional Office,2024-05-30,P4-KPI1,ROI Achievement,P4,121.62,150.0,>,%
56007,E2E Full Test Corporation 1769028779 - Regional Office,2024-06-29,P4-KPI1,ROI Achievement,P4,126.77,150.0,>,%
56007,E2E Full Test Corporation 1769028779 - Regional Office,2024-07-29,P4-KPI1,ROI Achievement,P4,130.58,150.0,>,%
56007,E2E Full Test Corporation 1769028779 - Regional Office,2024-08-28,P4-KPI1,ROI Achievement,P4,132.27,150.0,>,%
56007,E2E Full Test Corporation 1769028779 - Regional Office,2024-09-27,P4-KPI1,ROI Achievement,P4,123.72,150.0,>,%
56007,E2E Full Test Corporation 1769028779 - Regional Office,2024-10-27,P4-KPI1,ROI Achievement,P4,133.59,150.0,>,%
56007,E2E Full Test Corporation 1769028779 - Regional Office,2024-11-26,P4-KPI1,ROI Achievement,P4,132.9,150.0,>,%
56007,E2E Full Test Corporation 1769028779 - Regional Office,2024-01-01,P4-KPI2,Cost Reduction,P4,10.46,20.0,>,%
56007,E2E Full Test Corporation 1769028779 - Regional Office,2024-01-31,P4-KPI2,Cost Reduction,P4,10.58,20.0,>,%
56007,E2E Full Test Corporation 1769028779 - Regional Office,2024-03-01,P4-KPI2,Cost Reduction,P4,11.12,20.0,>,%
56007,E2E Full Test Corporation 1769028779 - Regional Office,2024-03-31,P4-KPI2,Cost Reduction,P4,10.66,20.0,>,%
56007,E2E Full Test Corporation 1769028779 - Regional Office,2024-04-30,P4-KPI2,Cost Reduction,P4,10.82,20.0,>,%
56007,E2E Full Test Corporation 1769028779 - Regional Office,2024-05-30,P4-KPI2,Cost Reduction,P4,10.65,20.0,>,%
56007,E2E Full Test Corporation 1769028779 - Regional Office,2024-06-29,P4-KPI2,Cost Reduction,P4,11.12,20.0,>,%
56007,E2E Full Test Corporation 1769028779 - Regional Office,2024-07-29,P4-KPI2,Cost Reduction,P4,11.35,20.0,>,%
56007,E2E Full Test Corporation 1769028779 - Regional Office,2024-08-28,P4-KPI2,Cost Reduction,P4,10.47,20.0,>,%
56007,E2E Full Test Corporation 1769028779 - Regional Office,2024-09-27,P4-KPI2,Cost Reduction,P4,10.84,20.0,>,%
56007,E2E Full Test Corporation 1769028779 - Regional Office,2024-10-27,P4-KPI2,Cost Reduction,P4,11.01,20.0,>,%
56007,E2E Full Test Corporation 1769028779 - Regional Office,2024-11-26,P4-KPI2,Cost Reduction,P4,11.27,20.0,>,%
56007,E2E Full Test Corporation 1769028779 - Regional Office,2024-01-01,P4-KPI3,Time to Value,P4,124.67,90.0,<,days
56007,E2E Full Test Corporation 1769028779 - Regional Office,2024-01-31,P4-KPI3,Time to Value,P4,132.58,90.0,<,days
56007,E2E Full Test Corporation 1769028779 - Regional Office,2024-03-01,P4-KPI3,Time to Value,P4,134.17,90.0,<,days
56007,E2E Full Test Corporation 1769028779 - Regional Office,2024-03-31,P4-KPI3,Time to Value,P4,125.24,90.0,<,days
56007,E2E Full Test Corporation 1769028779 - Regional Office,2024-04-30,P4-KPI3,Time to Value,P4,133.06,90.0,<,days
56007,E2E Full Test Corporation 1769028779 - Regional Office,2024-05-30,P4-KPI3,Time to Value,P4,128.47,90.0,<,days
56007,E2E Full Test Corporation 1769028779 - Regional Office,2024-06-29,P4-KPI3,Time to Value,P4,136.8,90.0,<,days
56007,E2E Full Test Corporation 1769028779 - Regional Office,2024-07-29,P4-KPI3,Time to Value,P4,134.27,90.0,<,days
56007,E2E Full Test Corporation 1769028779 - Regional Office,2024-08-28,P4-KPI3,Time to Value,P4,135.2,90.0,<,days
56007,E2E Full Test Corporation 1769028779 - Regional Office,2024-09-27,P4-KPI3,Time to Value,P4,128.24,90.0,<,days
56007,E2E Full Test Corporation 1769028779 - Regional Office,2024-10-27,P4-KPI3,Time to Value,P4,132.1,90.0,<,days
56007,E2E Full Test Corporation 1769028779 - Regional Office,2024-11-26,P4-KPI3,Time to Value,P4,135.91,90.0,<,days
56007,E2E Full Test Corporation 1769028779 - Regional Office,2024-01-01,P4-KPI4,Revenue Enablement,P4,3.16,5.0,>,$M
56007,E2E Full Test Corporation 1769028779 - Regional Office,2024-01-31,P4-KPI4,Revenue Enablement,P4,3.12,5.0,>,$M
56007,E2E Full Test Corporation 1769028779 - Regional Office,2024-03-01,P4-KPI4,Revenue Enablement,P4,3.26,5.0,>,$M
56007,E2E Full Test Corporation 1769028779 - Regional Office,2024-03-31,P4-KPI4,Revenue Enablement,P4,3.28,5.0,>,$M
56007,E2E Full Test Corporation 1769028779 - Regional Office,2024-04-30,P4-KPI4,Revenue Enablement,P4,3.1,5.0,>,$M
56007,E2E Full Test Corporation 1769028779 - Regional Office,2024-05-30,P4-KPI4,Revenue Enablement,P4,3.24,5.0,>,$M
56007,E2E Full Test Corporation 1769028779 - Regional Office,2024-06-29,P4-KPI4,Revenue Enablement,P4,3.14,5.0,>,$M
56007,E2E Full Test Corporation 1769028779 - Regional Office,2024-07-29,P4-KPI4,Revenue Enablement,P4,3.28,5.0,>,$M
56007,E2E Full Test Corporation 1769028779 - Regional Office,2024-08-28,P4-KPI4,Revenue Enablement,P4,3.31,5.0,>,$M
56007,E2E Full Test Corporation 1769028779 - Regional Office,2024-09-27,P4-KPI4,Revenue Enablement,P4,3.32,5.0,>,$M
56007,E2E Full Test Corporation 1769028779 - Regional Office,2024-10-27,P4-KPI4,Revenue Enablement,P4,3.29,5.0,>,$M
56007,E2E Full Test Corporation 1769028779 - Regional Office,2024-11-26,P4-KPI4,Revenue Enablement,P4,3.28,5.0,>,$M
56007,E2E Full Test Corporation 1769028779 - Regional Office,2024-01-01,P4-KPI5,Operational Efficiency,P4,70.49,85.0,>,%
56007,E2E Full Test Corporation 1769028779 - Regional Office,2024-01-31,P4-KPI5,Operational Efficiency,P4,74.95,85.0,>,%
56007,E2E Full Test Corporation 1769028779 - Regional Office,2024-03-01,P4-KPI5,Operational Efficiency,P4,71.19,85.0,>,%
56007,E2E Full Test Corporation 1769028779 - Regional Office,2024-03-31,P4-KPI5,Operational Efficiency,P4,75.09,85.0,>,%
56007,E2E Full Test Corporation 1769028779 - Regional Office,2024-04-30,P4-KPI5,Operational Efficiency,P4,73.63,85.0,>,%
56007,E2E Full Test Corporation 1769028779 - Regional Office,2024-05-30,P4-KPI5,Operational Efficiency,P4,71.93,85.0,>,%
56007,E2E Full Test Corporation 1769028779 - Regional Office,2024-06-29,P4-KPI5,Operational Efficiency,P4,70.09,85.0,>,%
56007,E2E Full Test Corporation 1769028779 - Regional Office,2024-07-29,P4-KPI5,Operational Efficiency,P4,71.84,85.0,>,%
56007,E2E Full Test Corporation 1769028779 - Regional Office,2024-08-28,P4-KPI5,Operational Efficiency,P4,71.73,85.0,>,%
56007,E2E Full Test Corporation 1769028779 - Regional Office,2024-09-27,P4-KPI5,Operational Efficiency,P4,75.86,85.0,>,%
56007,E2E Full Test Corporation 1769028779 - Regional Office,2024-10-27,P4-KPI5,Operational Efficiency,P4,76.31,85.0,>,%
56007,E2E Full Test Corporation 1769028779 - Regional Office,2024-11-26,P4-KPI5,Operational Efficiency,P4,71.41,85.0,>,%
56007,E2E Full Test Corporation 1769028779 - Regional Office,2024-01-01,P4-KPI6,Innovation Projects,P4,2.16,3.0,>,count
56007,E2E Full Test Corporation 1769028779 - Regional Office,2024-01-31,P4-KPI6,Innovation Projects,P4,2.14,3.0,>,count
56007,E2E Full Test Corporation 1769028779 - Regional Office,2024-03-01,P4-KPI6,Innovation Projects,P4,2.04,3.0,>,count
56007,E2E Full Test Corporation 1769028779 - Regional Office,2024-03-31,P4-KPI6,Innovation Projects,P4,2.12,3.0,>,count
56007,E2E Full Test Corporation 1769028779 - Regional Office,2024-04-30,P4-KPI6,Innovation Projects,P4,2.03,3.0,>,count
56007,E2E Full Test Corporation 1769028779 - Regional Office,2024-05-30,P4-KPI6,Innovation Projects,P4,2.0,3.0,>,count
56007,E2E Full Test Corporation 1769028779 - Regional Office,2024-06-29,P4-KPI6,Innovation Projects,P4,2.2,3.0,>,count
56007,E2E Full Test Corporation 1769028779 - Regional Office,2024-07-29,P4-KPI6,Innovation Projects,P4,2.1,3.0,>,count
56007,E2E Full Test Corporation 1769028779 - Regional Office,2024-08-28,P4-KPI6,Innovation Projects,P4,2.18,3.0,>,count
56007,E2E Full Test Corporation 1769028779 - Regional Office,2024-09-27,P4-KPI6,Innovation Projects,P4,2.11,3.0,>,count
56007,E2E Full Test Corporation 1769028779 - Regional Office,2024-10-27,P4-KPI6,Innovation Projects,P4,2.17,3.0,>,count
56007,E2E Full Test Corporation 1769028779 - Regional Office,2024-11-26,P4-KPI6,Innovation Projects,P4,2.01,3.0,>,count
56007,E2E Full Test Corporation 1769028779 - Regional Office,2024-01-01,P4-KPI7,Business Case Validation,P4,81.22,90.0,>,%
56007,E2E Full Test Corporation 1769028779 - Regional Office,2024-01-31,P4-KPI7,Business Case Validation,P4,80.58,90.0,>,%
56007,E2E Full Test Corporation 1769028779 - Regional Office,2024-03-01,P4-KPI7,Business Case Validation,P4,84.59,90.0,>,%
56007,E2E Full Test Corporation 1769028779 - Regional Office,2024-03-31,P4-KPI7,Business Case Validation,P4,80.35,90.0,>,%
56007,E2E Full Test Corporation 1769028779 - Regional Office,2024-04-30,P4-KPI7,Business Case Validation,P4,80.7,90.0,>,%
56007,E2E Full Test Corporation 1769028779 - Regional Office,2024-05-30,P4-KPI7,Business Case Validation,P4,78.8,90.0,>,%
56007,E2E Full Test Corporation 1769028779 - Regional Office,2024-06-29,P4-KPI7,Business Case Validation,P4,80.61,90.0,>,%
56007,E2E Full Test Corporation 1769028779 - Regional Office,2024-07-29,P4-KPI7,Business Case Validation,P4,84.88,90.0,>,%
56007,E2E Full Test Corporation 1769028779 - Regional Office,2024-08-28,P4-KPI7,Business Case Validation,P4,81.18,90.0,>,%
56007,E2E Full Test Corporation 1769028779 - Regional Office,2024-09-27,P4-KPI7,Business Case Validation,P4,81.95,90.0,>,%
56007,E2E Full Test Corporation 1769028779 - Regional Office,2024-10-27,P4-KPI7,Business Case Validation,P4,82.95,90.0,>,%
56007,E2E Full Test Corporation 1769028779 - Regional Office,2024-11-26,P4-KPI7,Business Case Validation,P4,78.86,90.0,>,%
56007,E2E Full Test Corporation 1769028779 - Regional Office,2024-01-01,P5-KPI1,Executive Sponsorship,P5,3.76,4.5,>,score
56007,E2E Full Test Corporation 1769028779 - Regional Office,2024-01-31,P5-KPI1,Executive Sponsorship,P5,3.7,4.5,>,score
56007,E2E Full Test Corporation 1769028779 - Regional Office,2024-03-01,P5-KPI1,Executive Sponsorship,P5,3.88,4.5,>,score
56007,E2E Full Test Corporation 1769028779 - Regional Office,2024-03-31,P5-KPI1,Executive Sponsorship,P5,3.76,4.5,>,score
56007,E2E Full Test Corporation 1769028779 - Regional Office,2024-04-30,P5-KPI1,Executive Sponsorship,P5,3.96,4.5,>,score
56007,E2E Full Test Corporation 1769028779 - Regional Office,2024-05-30,P5-KPI1,Executive Sponsorship,P5,3.86,4.5,>,score
56007,E2E Full Test Corporation 1769028779 - Regional Office,2024-06-29,P5-KPI1,Executive Sponsorship,P5,3.9,4.5,>,score
56007,E2E Full Test Corporation 1769028779 - Regional Office,2024-07-29,P5-KPI1,Executive Sponsorship,P5,3.87,4.5,>,score
56007,E2E Full Test Corporation 1769028779 - Regional Office,2024-08-28,P5-KPI1,Executive Sponsorship,P5,3.85,4.5,>,score
56007,E2E Full Test Corporation 1769028779 - Regional Office,2024-09-27,P5-KPI1,Executive Sponsorship,P5,3.66,4.5,>,score
56007,E2E Full Test Corporation 1769028779 - Regional Office,2024-10-27,P5-KPI1,Executive Sponsorship,P5,3.95,4.5,>,score
56007,E2E Full Test Corporation 1769028779 - Regional Office,2024-11-26,P5-KPI1,Executive Sponsorship,P5,3.86,4.5,>,score
56007,E2E Full Test Corporation 1769028779 - Regional Office,2024-01-01,P5-KPI2,Renewal Likelihood,P5,82.59,95.0,>,%
56007,E2E Full Test Corporation 1769028779 - Regional Office,2024-01-31,P5-KPI2,Renewal Likelihood,P5,81.52,95.0,>,%
56007,E2E Full Test Corporation 1769028779 - Regional Office,2024-03-01,P5-KPI2,Renewal Likelihood,P5,82.27,95.0,>,%
56007,E2E Full Test Corporation 1769028779 - Regional Office,2024-03-31,P5-KPI2,Renewal Likelihood,P5,82.21,95.0,>,%
56007,E2E Full Test Corporation 1769028779 - Regional Office,2024-04-30,P5-KPI2,Renewal Likelihood,P5,82.35,95.0,>,%
56007,E2E Full Test Corporation 1769028779 - Regional Office,2024-05-30,P5-KPI2,Renewal Likelihood,P5,83.94,95.0,>,%
56007,E2E Full Test Corporation 1769028779 - Regional Office,2024-06-29,P5-KPI2,Renewal Likelihood,P5,81.18,95.0,>,%
56007,E2E Full Test Corporation 1769028779 - Regional Office,2024-07-29,P5-KPI2,Renewal Likelihood,P5,84.02,95.0,>,%
56007,E2E Full Test Corporation 1769028779 - Regional Office,2024-08-28,P5-KPI2,Renewal Likelihood,P5,85.96,95.0,>,%
56007,E2E Full Test Corporation 1769028779 - Regional Office,2024-09-27,P5-KPI2,Renewal Likelihood,P5,86.05,95.0,>,%
56007,E2E Full Test Corporation 1769028779 - Regional Office,2024-10-27,P5-KPI2,Renewal Likelihood,P5,84.03,95.0,>,%
56007,E2E Full Test Corporation 1769028779 - Regional Office,2024-11-26,P5-KPI2,Renewal Likelihood,P5,80.01,95.0,>,%
56007,E2E Full Test Corporation 1769028779 - Regional Office,2024-01-01,P5-KPI3,Expansion Pipeline,P5,1.31,2.0,>,$M
56007,E2E Full Test Corporation 1769028779 - Regional Office,2024-01-31,P5-KPI3,Expansion Pipeline,P5,1.37,2.0,>,$M
56007,E2E Full Test Corporation 1769028779 - Regional Office,2024-03-01,P5-KPI3,Expansion Pipeline,P5,1.36,2.0,>,$M
56007,E2E Full Test Corporation 1769028779 - Regional Office,2024-03-31,P5-KPI3,Expansion Pipeline,P5,1.28,2.0,>,$M
56007,E2E Full Test Corporation 1769028779 - Regional Office,2024-04-30,P5-KPI3,Expansion Pipeline,P5,1.34,2.0,>,$M
56007,E2E Full Test Corporation 1769028779 - Regional Office,2024-05-30,P5-KPI3,Expansion Pipeline,P5,1.27,2.0,>,$M
56007,E2E Full Test Corporation 1769028779 - Regional Office,2024-06-29,P5-KPI3,Expansion Pipeline,P5,1.37,2.0,>,$M
56007,E2E Full Test Corporation 1769028779 - Regional Office,2024-07-29,P5-KPI3,Expansion Pipeline,P5,1.33,2.0,>,$M
56007,E2E Full Test Corporation 1769028779 - Regional Office,2024-08-28,P5-KPI3,Expansion Pipeline,P5,1.28,2.0,>,$M
56007,E2E Full Test Corporation 1769028779 - Regional Office,2024-09-27,P5-KPI3,Expansion Pipeline,P5,1.35,2.0,>,$M
56007,E2E Full Test Corporation 1769028779 - Regional Office,2024-10-27,P5-KPI3,Expansion Pipeline,P5,1.34,2.0,>,$M
56007,E2E Full Test Corporation 1769028779 - Regional Office,2024-11-26,P5-KPI3,Expansion Pipeline,P5,1.29,2.0,>,$M
56007,E2E Full Test Corporation 1769028779 - Regional Office,2024-01-01,P5-KPI4,Reference Willingness,P5,2.96,4.0,>,score
56007,E2E Full Test Corporation 1769028779 - Regional Office,2024-01-31,P5-KPI4,Reference Willingness,P5,3.02,4.0,>,score
56007,E2E Full Test Corporation 1769028779 - Regional Office,2024-03-01,P5-KPI4,Reference Willingness,P5,3.21,4.0,>,score
56007,E2E Full Test Corporation 1769028779 - Regional Office,2024-03-31,P5-KPI4,Reference Willingness,P5,3.07,4.0,>,score
56007,E2E Full Test Corporation 1769028779 - Regional Office,2024-04-30,P5-KPI4,Reference Willingness,P5,3.05,4.0,>,score
56007,E2E Full Test Corporation 1769028779 - Regional Office,2024-05-30,P5-KPI4,Reference Willingness,P5,3.19,4.0,>,score
56007,E2E Full Test Corporation 1769028779 - Regional Office,2024-06-29,P5-KPI4,Reference Willingness,P5,2.95,4.0,>,score
56007,E2E Full Test Corporation 1769028779 - Regional Office,2024-07-29,P5-KPI4,Reference Willingness,P5,3.01,4.0,>,score
56007,E2E Full Test Corporation 1769028779 - Regional Office,2024-08-28,P5-KPI4,Reference Willingness,P5,3.03,4.0,>,score
56007,E2E Full Test Corporation 1769028779 - Regional Office,2024-09-27,P5-KPI4,Reference Willingness,P5,3.06,4.0,>,score
56007,E2E Full Test Corporation 1769028779 - Regional Office,2024-10-27,P5-KPI4,Reference Willingness,P5,3.07,4.0,>,score
56007,E2E Full Test Corporation 1769028779 - Regional Office,2024-11-26,P5-KPI4,Reference Willingness,P5,3.15,4.0,>,score
56007,E2E Full Test Corporation 1769028779 - Regional Office,2024-01-01,P5-KPI5,Strategic Alignment,P5,71.81,85.0,>,score
56007,E2E Full Test Corporation 1769028779 - Regional Office,2024-01-31,P5-KPI5,Strategic Alignment,P5,73.1,85.0,>,score
56007,E2E Full Test Corporation 1769028779 - Regional Office,2024-03-01,P5-KPI5,Strategic Alignment,P5,76.75,85.0,>,score
56007,E2E Full Test Corporation 1769028779 - Regional Office,2024-03-31,P5-KPI5,Strategic Alignment,P5,73.43,85.0,>,score
56007,E2E Full Test Corporation 1769028779 - Regional Office,2024-04-30,P5-KPI5,Strategic Alignment,P5,71.96,85.0,>,score
56007,E2E Full Test Corporation 1769028779 - Regional Office,2024-05-30,P5-KPI5,Strategic Alignment,P5,76.99,85.0,>,score
56007,E2E Full Test Corporation 1769028779 - Regional Office,2024-06-29,P5-KPI5,Strategic Alignment,P5,71.47,85.0,>,score
56007,E2E Full Test Corporation 1769028779 - Regional Office,2024-07-29,P5-KPI5,Strategic Alignment,P5,72.29,85.0,>,score
56007,E2E Full Test Corporation 1769028779 - Regional Office,2024-08-28,P5-KPI5,Strategic Alignment,P5,71.5,85.0,>,score
56007,E2E Full Test Corporation 1769028779 - Regional Office,2024-09-27,P5-KPI5,Strategic Alignment,P5,74.78,85.0,>,score
56007,E2E Full Test Corporation 1769028779 - Regional Office,2024-10-27,P5-KPI5,Strategic Alignment,P5,70.72,85.0,>,score
56007,E2E Full Test Corporation 1769028779 - Regional Office,2024-11-26,P5-KPI5,Strategic Alignment,P5,76.02,85.0,>,score
56007,E2E Full Test Corporation 1769028779 - Regional Office,2024-01-01,P5-KPI6,Partnership Depth,P5,65.64,80.0,>,score
56007,E2E Full Test Corporation 1769028779 - Regional Office,2024-01-31,P5-KPI6,Partnership Depth,P5,68.84,80.0,>,score
56007,E2E Full Test Corporation 1769028779 - Regional Office,2024-03-01,P5-KPI6,Partnership Depth,P5,68.3,80.0,>,score
56007,E2E Full Test Corporation 1769028779 - Regional Office,2024-03-31,P5-KPI6,Partnership Depth,P5,69.66,80.0,>,score
56007,E2E Full Test Corporation 1769028779 - Regional Office,2024-04-30,P5-KPI6,Partnership Depth,P5,66.15,80.0,>,score
56007,E2E Full Test Corporation 1769028779 - Regional Office,2024-05-30,P5-KPI6,Partnership Depth,P5,64.25,80.0,>,score
56007,E2E Full Test Corporation 1769028779 - Regional Office,2024-06-29,P5-KPI6,Partnership Depth,P5,65.49,80.0,>,score
56007,E2E Full Test Corporation 1769028779 - Regional Office,2024-07-29,P5-KPI6,Partnership Depth,P5,66.39,80.0,>,score
56007,E2E Full Test Corporation 1769028779 - Regional Office,2024-08-28,P5-KPI6,Partnership Depth,P5,64.58,80.0,>,score
56007,E2E Full Test Corporation 1769028779 - Regional Office,2024-09-27,P5-KPI6,Partnership Depth,P5,68.31,80.0,>,score
56007,E2E Full Test Corporation 1769028779 - Regional Office,2024-10-27,P5-KPI6,Partnership Depth,P5,69.53,80.0,>,score
56007,E2E Full Test Corporation 1769028779 - Regional Office,2024-11-26,P5-KPI6,Partnership Depth,P5,66.89,80.0,>,score
56007,E2E Full Test Corporation 1769028779 - Regional Office,2024-01-01,P5-KPI7,NPS Score,P5,54.9,70.0,>,score
56007,E2E Full Test Corporation 1769028779 - Regional Office,2024-01-31,P5-KPI7,NPS Score,P5,57.06,70.0,>,score
56007,E2E Full Test Corporation 1769028779 - Regional Office,2024-03-01,P5-KPI7,NPS Score,P5,57.51,70.0,>,score
56007,E2E Full Test Corporation 1769028779 - Regional Office,2024-03-31,P5-KPI7,NPS Score,P5,56.08,70.0,>,score
56007,E2E Full Test Corporation 1769028779 - Regional Office,2024-04-30,P5-KPI7,NPS Score,P5,58.77,70.0,>,score
56007,E2E Full Test Corporation 1769028779 - Regional Office,2024-05-30,P5-KPI7,NPS Score,P5,58.86,70.0,>,score
56007,E2E Full Test Corporation 1769028779 - Regional Office,2024-06-29,P5-KPI7,NPS Score,P5,55.5,70.0,>,score
56007,E2E Full Test Corporation 1769028779 - Regional Office,2024-07-29,P5-KPI7,NPS Score,P5,56.71,70.0,>,score
56007,E2E Full Test Corporation 1769028779 - Regional Office,2024-08-28,P5-KPI7,NPS Score,P5,53.84,70.0,>,score
56007,E2E Full Test Corporation 1769028779 - Regional Office,2024-09-27,P5-KPI7,NPS Score,P5,56.76,70.0,>,score
56007,E2E Full Test Corporation 1769028779 - Regional Office,2024-10-27,P5-KPI7,NPS Score,P5,59.13,70.0,>,score
56007,E2E Full Test Corporation 1769028779 - Regional Office,2024-11-26,P5-KPI7,NPS Score,P5,55.52,70.0,>,score
56008,E2E Full Test Corporation 1769028779 - Research Center,2024-01-01,P1-KPI1,System Uptime,P1,98.0,99.9,>,%
56008,E2E Full Test Corporation 1769028779 - Research Center,2024-01-31,P1-KPI1,System Uptime,P1,99.7,99.9,>,%
56008,E2E Full Test Corporation 1769028779 - Research Center,2024-03-01,P1-KPI1,System Uptime,P1,98.0,99.9,>,%
56008,E2E Full Test Corporation 1769028779 - Research Center,2024-03-31,P1-KPI1,System Uptime,P1,98.0,99.9,>,%
56008,E2E Full Test Corporation 1769028779 - Research Center,2024-04-30,P1-KPI1,System Uptime,P1,98.62,99.9,>,%
56008,E2E Full Test Corporation 1769028779 - Research Center,2024-05-30,P1-KPI1,System Uptime,P1,98.0,99.9,>,%
56008,E2E Full Test Corporation 1769028779 - Research Center,2024-06-29,P1-KPI1,System Uptime,P1,98.66,99.9,>,%
56008,E2E Full Test Corporation 1769028779 - Research Center,2024-07-29,P1-KPI1,System Uptime,P1,100.0,99.9,>,%
56008,E2E Full Test Corporation 1769028779 - Research Center,2024-08-28,P1-KPI1,System Uptime,P1,98.0,99.9,>,%
56008,E2E Full Test Corporation 1769028779 - Research Center,2024-09-27,P1-KPI1,System Uptime,P1,100.0,99.9,>,%
56008,E2E Full Test Corporation 1769028779 - Research Center,2024-10-27,P1-KPI1,System Uptime,P1,100.0,99.9,>,%
56008,E2E Full Test Corporation 1769028779 - Research Center,2024-11-26,P1-KPI1,System Uptime,P1,98.0,99.9,>,%
56008,E2E Full Test Corporation 1769028779 - Research Center,2024-01-01,P1-KPI2,Mean Time to Resolution,P1,4.55,2.0,<,hours
56008,E2E Full Test Corporation 1769028779 - Research Center,2024-01-31,P1-KPI2,Mean Time to Resolution,P1,4.64,2.0,<,hours
56008,E2E Full Test Corporation 1769028779 - Research Center,2024-03-01,P1-KPI2,Mean Time to Resolution,P1,4.91,2.0,<,hours
56008,E2E Full Test Corporation 1769028779 - Research Center,2024-03-31,P1-KPI2,Mean Time to Resolution,P1,4.5,2.0,<,hours
56008,E2E Full Test Corporation 1769028779 - Research Center,2024-04-30,P1-KPI2,Mean Time to Resolution,P1,4.54,2.0,<,hours
56008,E2E Full Test Corporation 1769028779 - Research Center,2024-05-30,P1-KPI2,Mean Time to Resolution,P1,4.91,2.0,<,hours
56008,E2E Full Test Corporation 1769028779 - Research Center,2024-06-29,P1-KPI2,Mean Time to Resolution,P1,3.95,2.0,<,hours
56008,E2E Full Test Corporation 1769028779 - Research Center,2024-07-29,P1-KPI2,Mean Time to Resolution,P1,3.68,2.0,<,hours
56008,E2E Full Test Corporation 1769028779 - Research Center,2024-08-28,P1-KPI2,Mean Time to Resolution,P1,3.66,2.0,<,hours
56008,E2E Full Test Corporation 1769028779 - Research Center,2024-09-27,P1-KPI2,Mean Time to Resolution,P1,3.83,2.0,<,hours
56008,E2E Full Test Corporation 1769028779 - Research Center,2024-10-27,P1-KPI2,Mean Time to Resolution,P1,3.65,2.0,<,hours
56008,E2E Full Test Corporation 1769028779 - Research Center,2024-11-26,P1-KPI2,Mean Time to Resolution,P1,3.77,2.0,<,hours
56008,E2E Full Test Corporation 1769028779 - Research Center,2024-01-01,P1-KPI3,GPU Utilization,P1,77.11,85.0,>,%
56008,E2E Full Test Corporation 1769028779 - Research Center,2024-01-31,P1-KPI3,GPU Utilization,P1,72.11,85.0,>,%
56008,E2E Full Test Corporation 1769028779 - Research Center,2024-03-01,P1-KPI3,GPU Utilization,P1,75.57,85.0,>,%
56008,E2E Full Test Corporation 1769028779 - Research Center,2024-03-31,P1-KPI3,GPU Utilization,P1,76.1,85.0,>,%
56008,E2E Full Test Corporation 1769028779 - Research Center,2024-04-30,P1-KPI3,GPU Utilization,P1,75.25,85.0,>,%
56008,E2E Full Test Corporation 1769028779 - Research Center,2024-05-30,P1-KPI3,GPU Utilization,P1,74.51,85.0,>,%
56008,E2E Full Test Corporation 1769028779 - Research Center,2024-06-29,P1-KPI3,GPU Utilization,P1,77.93,85.0,>,%
56008,E2E Full Test Corporation 1769028779 - Research Center,2024-07-29,P1-KPI3,GPU Utilization,P1,76.34,85.0,>,%
56008,E2E Full Test Corporation 1769028779 - Research Center,2024-08-28,P1-KPI3,GPU Utilization,P1,80.44,85.0,>,%
56008,E2E Full Test Corporation 1769028779 - Research Center,2024-09-27,P1-KPI3,GPU Utilization,P1,80.21,85.0,>,%
56008,E2E Full Test Corporation 1769028779 - Research Center,2024-10-27,P1-KPI3,GPU Utilization,P1,80.29,85.0,>,%
56008,E2E Full Test Corporation 1769028779 - Research Center,2024-11-26,P1-KPI3,GPU Utilization,P1,78.08,85.0,>,%
56008,E2E Full Test Corporation 1769028779 - Research Center,2024-01-01,P1-KPI4,Network Latency,P1,26.77,10.0,<,ms
56008,E2E Full Test Corporation 1769028779 - Research Center,2024-01-31,P1-KPI4,Network Latency,P1,29.38,10.0,<,ms
56008,E2E Full Test Corporation 1769028779 - Research Center,2024-03-01,P1-KPI4,Network Latency,P1,27.97,10.0,<,ms
56008,E2E Full Test Corporation 1769028779 - Research Center,2024-03-31,P1-KPI4,Network Latency,P1,27.96,10.0,<,ms
56008,E2E Full Test Corporation 1769028779 - Research Center,2024-04-30,P1-KPI4,Network Latency,P1,27.09,10.0,<,ms
56008,E2E Full Test Corporation 1769028779 - Research Center,2024-05-30,P1-KPI4,Network Latency,P1,28.24,10.0,<,ms
56008,E2E Full Test Corporation 1769028779 - Research Center,2024-06-29,P1-KPI4,Network Latency,P1,22.55,10.0,<,ms
56008,E2E Full Test Corporation 1769028779 - Research Center,2024-07-29,P1-KPI4,Network Latency,P1,22.27,10.0,<,ms
56008,E2E Full Test Corporation 1769028779 - Research Center,2024-08-28,P1-KPI4,Network Latency,P1,21.26,10.0,<,ms
56008,E2E Full Test Corporation 1769028779 - Research Center,2024-09-27,P1-KPI4,Network Latency,P1,21.89,10.0,<,ms
56008,E2E Full Test Corporation 1769028779 - Research Center,2024-10-27,P1-KPI4,Network Latency,P1,22.95,10.0,<,ms
56008,E2E Full Test Corporation 1769028779 - Research Center,2024-11-26,P1-KPI4,Network Latency,P1,22.62,10.0,<,ms
56008,E2E Full Test Corporation 1769028779 - Research Center,2024-01-01,P1-KPI5,Storage Performance,P1,78878.81,100000.0,>,IOPS
56008,E2E Full Test Corporation 1769028779 - Research Center,2024-01-31,P1-KPI5,Storage Performance,P1,76913.83,100000.0,>,IOPS
56008,E2E Full Test Corporation 1769028779 - Research Center,2024-03-01,P1-KPI5,Storage Performance,P1,77383.52,100000.0,>,IOPS
56008,E2E Full Test Corporation 1769028779 - Research Center,2024-03-31,P1-KPI5,Storage Performance,P1,77987.41,100000.0,>,IOPS
56008,E2E Full Test Corporation 1769028779 - Research Center,2024-04-30,P1-KPI5,Storage Performance,P1,78491.52,100000.0,>,IOPS
56008,E2E Full Test Corporation 1769028779 - Research Center,2024-05-30,P1-KPI5,Storage Performance,P1,76850.88,100000.0,>,IOPS
56008,E2E Full Test Corporation 1769028779 - Research Center,2024-06-29,P1-KPI5,Storage Performance,P1,88434.57,100000.0,>,IOPS
56008,E2E Full Test Corporation 1769028779 - Research Center,2024-07-29,P1-KPI5,Storage Performance,P1,80829.13,100000.0,>,IOPS
56008,E2E Full Test Corporation 1769028779 - Research Center,2024-08-28,P1-KPI5,Storage Performance,P1,85699.32,100000.0,>,IOPS
56008,E2E Full Test Corporation 1769028779 - Research Center,2024-09-27,P1-KPI5,Storage Performance,P1,81846.28,100000.0,>,IOPS
56008,E2E Full Test Corporation 1769028779 - Research Center,2024-10-27,P1-KPI5,Storage Performance,P1,82480.36,100000.0,>,IOPS
56008,E2E Full Test Corporation 1769028779 - Research Center,2024-11-26,P1-KPI5,Storage Performance,P1,82304.76,100000.0,>,IOPS
56008,E2E Full Test Corporation 1769028779 - Research Center,2024-01-01,P1-KPI6,Cooling Efficiency,P1,1.59,1.3,<,PUE
56008,E2E Full Test Corporation 1769028779 - Research Center,2024-01-31,P1-KPI6,Cooling Efficiency,P1,1.46,1.3,<,PUE
56008,E2E Full Test Corporation 1769028779 - Research Center,2024-03-01,P1-KPI6,Cooling Efficiency,P1,1.56,1.3,<,PUE
56008,E2E Full Test Corporation 1769028779 - Research Center,2024-03-31,P1-KPI6,Cooling Efficiency,P1,1.55,1.3,<,PUE
56008,E2E Full Test Corporation 1769028779 - Research Center,2024-04-30,P1-KPI6,Cooling Efficiency,P1,1.45,1.3,<,PUE
56008,E2E Full Test Corporation 1769028779 - Research Center,2024-05-30,P1-KPI6,Cooling Efficiency,P1,1.59,1.3,<,PUE
56008,E2E Full Test Corporation 1769028779 - Research Center,2024-06-29,P1-KPI6,Cooling Efficiency,P1,1.47,1.3,<,PUE
56008,E2E Full Test Corporation 1769028779 - Research Center,2024-07-29,P1-KPI6,Cooling Efficiency,P1,1.5,1.3,<,PUE
56008,E2E Full Test Corporation 1769028779 - Research Center,2024-08-28,P1-KPI6,Cooling Efficiency,P1,1.4,1.3,<,PUE
56008,E2E Full Test Corporation 1769028779 - Research Center,2024-09-27,P1-KPI6,Cooling Efficiency,P1,1.4,1.3,<,PUE
56008,E2E Full Test Corporation 1769028779 - Research Center,2024-10-27,P1-KPI6,Cooling Efficiency,P1,1.38,1.3,<,PUE
56008,E2E Full Test Corporation 1769028779 - Research Center,2024-11-26,P1-KPI6,Cooling Efficiency,P1,1.46,1.3,<,PUE
56008,E2E Full Test Corporation 1769028779 - Research Center,2024-01-01,P1-KPI7,Power Usage,P1,664.77,500.0,<,kW
56008,E2E Full Test Corporation 1769028779 - Research Center,2024-01-31,P1-KPI7,Power Usage,P1,605.74,500.0,<,kW
56008,E2E Full Test Corporation 1769028779 - Research Center,2024-03-01,P1-KPI7,Power Usage,P1,624.48,500.0,<,kW
56008,E2E Full Test Corporation 1769028779 - Research Center,2024-03-31,P1-KPI7,Power Usage,P1,633.84,500.0,<,kW
56008,E2E Full Test Corporation 1769028779 - Research Center,2024-04-30,P1-KPI7,Power Usage,P1,655.33,500.0,<,kW
56008,E2E Full Test Corporation 1769028779 - Research Center,2024-05-30,P1-KPI7,Power Usage,P1,645.18,500.0,<,kW
56008,E2E Full Test Corporation 1769028779 - Research Center,2024-06-29,P1-KPI7,Power Usage,P1,590.68,500.0,<,kW
56008,E2E Full Test Corporation 1769028779 - Research Center,2024-07-29,P1-KPI7,Power Usage,P1,571.61,500.0,<,kW
56008,E2E Full Test Corporation 1769028779 - Research Center,2024-08-28,P1-KPI7,Power Usage,P1,577.92,500.0,<,kW
56008,E2E Full Test Corporation 1769028779 - Research Center,2024-09-27,P1-KPI7,Power Usage,P1,583.66,500.0,<,kW
56008,E2E Full Test Corporation 1769028779 - Research Center,2024-10-27,P1-KPI7,Power Usage,P1,582.63,500.0,<,kW
56008,E2E Full Test Corporation 1769028779 - Research Center,2024-11-26,P1-KPI7,Power Usage,P1,561.17,500.0,<,kW
56008,E2E Full Test Corporation 1769028779 - Research Center,2024-01-01,P1-KPI8,Thermal Management,P1,30.61,25.0,<,°C
56008,E2E Full Test Corporation 1769028779 - Research Center,2024-01-31,P1-KPI8,Thermal Management,P1,29.75,25.0,<,°C
56008,E2E Full Test Corporation 1769028779 - Research Center,2024-03-01,P1-KPI8,Thermal Management,P1,30.93,25.0,<,°C
56008,E2E Full Test Corporation 1769028779 - Research Center,2024-03-31,P1-KPI8,Thermal Management,P1,30.72,25.0,<,°C
56008,E2E Full Test Corporation 1769028779 - Research Center,2024-04-30,P1-KPI8,Thermal Management,P1,28.27,25.0,<,°C
56008,E2E Full Test Corporation 1769028779 - Research Center,2024-05-30,P1-KPI8,Thermal Management,P1,29.12,25.0,<,°C
56008,E2E Full Test Corporation 1769028779 - Research Center,2024-06-29,P1-KPI8,Thermal Management,P1,27.89,25.0,<,°C
56008,E2E Full Test Corporation 1769028779 - Research Center,2024-07-29,P1-KPI8,Thermal Management,P1,27.48,25.0,<,°C
56008,E2E Full Test Corporation 1769028779 - Research Center,2024-08-28,P1-KPI8,Thermal Management,P1,27.28,25.0,<,°C
56008,E2E Full Test Corporation 1769028779 - Research Center,2024-09-27,P1-KPI8,Thermal Management,P1,29.15,25.0,<,°C
56008,E2E Full Test Corporation 1769028779 - Research Center,2024-10-27,P1-KPI8,Thermal Management,P1,27.08,25.0,<,°C
56008,E2E Full Test Corporation 1769028779 - Research Center,2024-11-26,P1-KPI8,Thermal Management,P1,26.98,25.0,<,°C
56008,E2E Full Test Corporation 1769028779 - Research Center,2024-01-01,P2-KPI1,SLA Compliance,P2,95.86,99.0,>,%
56008,E2E Full Test Corporation 1769028779 - Research Center,2024-01-31,P2-KPI1,SLA Compliance,P2,95.25,99.0,>,%
56008,E2E Full Test Corporation 1769028779 - Research Center,2024-03-01,P2-KPI1,SLA Compliance,P2,98.27,99.0,>,%
56008,E2E Full Test Corporation 1769028779 - Research Center,2024-03-31,P2-KPI1,SLA Compliance,P2,96.6,99.0,>,%
56008,E2E Full Test Corporation 1769028779 - Research Center,2024-04-30,P2-KPI1,SLA Compliance,P2,95.0,99.0,>,%
56008,E2E Full Test Corporation 1769028779 - Research Center,2024-05-30,P2-KPI1,SLA Compliance,P2,99.48,99.0,>,%
56008,E2E Full Test Corporation 1769028779 - Research Center,2024-06-29,P2-KPI1,SLA Compliance,P2,100.0,99.0,>,%
56008,E2E Full Test Corporation 1769028779 - Research Center,2024-07-29,P2-KPI1,SLA Compliance,P2,96.46,99.0,>,%
56008,E2E Full Test Corporation 1769028779 - Research Center,2024-08-28,P2-KPI1,SLA Compliance,P2,95.0,99.0,>,%
56008,E2E Full Test Corporation 1769028779 - Research Center,2024-09-27,P2-KPI1,SLA Compliance,P2,95.0,99.0,>,%
56008,E2E Full Test Corporation 1769028779 - Research Center,2024-10-27,P2-KPI1,SLA Compliance,P2,95.63,99.0,>,%
56008,E2E Full Test Corporation 1769028779 - Research Center,2024-11-26,P2-KPI1,SLA Compliance,P2,96.27,99.0,>,%
56008,E2E Full Test Corporation 1769028779 - Research Center,2024-01-01,P2-KPI2,Incident Response Time,P2,34.94,15.0,<,minutes
56008,E2E Full Test Corporation 1769028779 - Research Center,2024-01-31,P2-KPI2,Incident Response Time,P2,36.28,15.0,<,minutes
56008,E2E Full Test Corporation 1769028779 - Research Center,2024-03-01,P2-KPI2,Incident Response Time,P2,35.42,15.0,<,minutes
56008,E2E Full Test Corporation 1769028779 - Research Center,2024-03-31,P2-KPI2,Incident Response Time,P2,36.98,15.0,<,minutes
56008,E2E Full Test Corporation 1769028779 - Research Center,2024-04-30,P2-KPI2,Incident Response Time,P2,36.42,15.0,<,minutes
56008,E2E Full Test Corporation 1769028779 - Research Center,2024-05-30,P2-KPI2,Incident Response Time,P2,36.96,15.0,<,minutes
56008,E2E Full Test Corporation 1769028779 - Research Center,2024-06-29,P2-KPI2,Incident Response Time,P2,28.53,15.0,<,minutes
56008,E2E Full Test Corporation 1769028779 - Research Center,2024-07-29,P2-KPI2,Incident Response Time,P2,29.18,15.0,<,minutes
56008,E2E Full Test Corporation 1769028779 - Research Center,2024-08-28,P2-KPI2,Incident Response Time,P2,28.73,15.0,<,minutes
56008,E2E Full Test Corporation 1769028779 - Research Center,2024-09-27,P2-KPI2,Incident Response Time,P2,27.34,15.0,<,minutes
56008,E2E Full Test Corporation 1769028779 - Research Center,2024-10-27,P2-KPI2,Incident Response Time,P2,27.57,15.0,<,minutes
56008,E2E Full Test Corporation 1769028779 - Research Center,2024-11-26,P2-KPI2,Incident Response Time,P2,27.88,15.0,<,minutes
56008,E2E Full Test Corporation 1769028779 - Research Center,2024-01-01,P2-KPI3,Change Success Rate,P2,90.38,98.0,>,%
56008,E2E Full Test Corporation 1769028779 - Research Center,2024-01-31,P2-KPI3,Change Success Rate,P2,94.42,98.0,>,%
56008,E2E Full Test Corporation 1769028779 - Research Center,2024-03-01,P2-KPI3,Change Success Rate,P2,90.27,98.0,>,%
56008,E2E Full Test Corporation 1769028779 - Research Center,2024-03-31,P2-KPI3,Change Success Rate,P2,92.16,98.0,>,%
56008,E2E Full Test Corporation 1769028779 - Research Center,2024-04-30,P2-KPI3,Change Success Rate,P2,95.34,98.0,>,%
56008,E2E Full Test Corporation 1769028779 - Research Center,2024-05-30,P2-KPI3,Change Success Rate,P2,97.4,98.0,>,%
56008,E2E Full Test Corporation 1769028779 - Research Center,2024-06-29,P2-KPI3,Change Success Rate,P2,98.41,98.0,>,%
56008,E2E Full Test Corporation 1769028779 - Research Center,2024-07-29,P2-KPI3,Change Success Rate,P2,93.71,98.0,>,%
56008,E2E Full Test Corporation 1769028779 - Research Center,2024-08-28,P2-KPI3,Change Success Rate,P2,99.54,98.0,>,%
56008,E2E Full Test Corporation 1769028779 - Research Center,2024-09-27,P2-KPI3,Change Success Rate,P2,92.97,98.0,>,%
56008,E2E Full Test Corporation 1769028779 - Research Center,2024-10-27,P2-KPI3,Change Success Rate,P2,96.66,98.0,>,%
56008,E2E Full Test Corporation 1769028779 - Research Center,2024-11-26,P2-KPI3,Change Success Rate,P2,99.54,98.0,>,%
56008,E2E Full Test Corporation 1769028779 - Research Center,2024-01-01,P2-KPI4,Backup Success Rate,P2,96.01,100.0,>,%
56008,E2E Full Test Corporation 1769028779 - Research Center,2024-01-31,P2-KPI4,Backup Success Rate,P2,98.96,100.0,>,%
56008,E2E Full Test Corporation 1769028779 - Research Center,2024-03-01,P2-KPI4,Backup Success Rate,P2,97.82,100.0,>,%
56008,E2E Full Test Corporation 1769028779 - Research Center,2024-03-31,P2-KPI4,Backup Success Rate,P2,97.6,100.0,>,%
56008,E2E Full Test Corporation 1769028779 - Research Center,2024-04-30,P2-KPI4,Backup Success Rate,P2,95.0,100.0,>,%
56008,E2E Full Test Corporation 1769028779 - Research Center,2024-05-30,P2-KPI4,Backup Success Rate,P2,95.0,100.0,>,%
56008,E2E Full Test Corporation 1769028779 - Research Center,2024-06-29,P2-KPI4,Backup Success Rate,P2,100.0,100.0,>,%
56008,E2E Full Test Corporation 1769028779 - Research Center,2024-07-29,P2-KPI4,Backup Success Rate,P2,95.0,100.0,>,%
56008,E2E Full Test Corporation 1769028779 - Research Center,2024-08-28,P2-KPI4,Backup Success Rate,P2,95.0,100.0,>,%
56008,E2E Full Test Corporation 1769028779 - Research Center,2024-09-27,P2-KPI4,Backup Success Rate,P2,95.97,100.0,>,%
56008,E2E Full Test Corporation 1769028779 - Research Center,2024-10-27,P2-KPI4,Backup Success Rate,P2,95.52,100.0,>,%
56008,E2E Full Test Corporation 1769028779 - Research Center,2024-11-26,P2-KPI4,Backup Success Rate,P2,100.0,100.0,>,%
56008,E2E Full Test Corporation 1769028779 - Research Center,2024-01-01,P2-KPI5,Patch Compliance,P2,85.12,95.0,>,%
56008,E2E Full Test Corporation 1769028779 - Research Center,2024-01-31,P2-KPI5,Patch Compliance,P2,89.86,95.0,>,%
56008,E2E Full Test Corporation 1769028779 - Research Center,2024-03-01,P2-KPI5,Patch Compliance,P2,85.19,95.0,>,%
56008,E2E Full Test Corporation 1769028779 - Research Center,2024-03-31,P2-KPI5,Patch Compliance,P2,92.5,95.0,>,%
56008,E2E Full Test Corporation 1769028779 - Research Center,2024-04-30,P2-KPI5,Patch Compliance,P2,86.6,95.0,>,%
56008,E2E Full Test Corporation 1769028779 - Research Center,2024-05-30,P2-KPI5,Patch Compliance,P2,87.33,95.0,>,%
56008,E2E Full Test Corporation 1769028779 - Research Center,2024-06-29,P2-KPI5,Patch Compliance,P2,86.5,95.0,>,%
56008,E2E Full Test Corporation 1769028779 - Research Center,2024-07-29,P2-KPI5,Patch Compliance,P2,92.55,95.0,>,%
56008,E2E Full Test Corporation 1769028779 - Research Center,2024-08-28,P2-KPI5,Patch Compliance,P2,86.63,95.0,>,%
56008,E2E Full Test Corporation 1769028779 - Research Center,2024-09-27,P2-KPI5,Patch Compliance,P2,90.62,95.0,>,%
56008,E2E Full Test Corporation 1769028779 - Research Center,2024-10-27,P2-KPI5,Patch Compliance,P2,90.21,95.0,>,%
56008,E2E Full Test Corporation 1769028779 - Research Center,2024-11-26,P2-KPI5,Patch Compliance,P2,88.58,95.0,>,%
56008,E2E Full Test Corporation 1769028779 - Research Center,2024-01-01,P2-KPI6,Service Request Fulfillment,P2,6.11,3.0,<,days
56008,E2E Full Test Corporation 1769028779 - Research Center,2024-01-31,P2-KPI6,Service Request Fulfillment,P2,6.2,3.0,<,days
56008,E2E Full Test Corporation 1769028779 - Research Center,2024-03-01,P2-KPI6,Service Request Fulfillment,P2,6.13,3.0,<,days
56008,E2E Full Test Corporation 1769028779 - Research Center,2024-03-31,P2-KPI6,Service Request Fulfillment,P2,5.88,3.0,<,days
56008,E2E Full Test Corporation 1769028779 - Research Center,2024-04-30,P2-KPI6,Service Request Fulfillment,P2,5.98,3.0,<,days
56008,E2E Full Test Corporation 1769028779 - Research Center,2024-05-30,P2-KPI6,Service Request Fulfillment,P2,6.23,3.0,<,days
56008,E2E Full Test Corporation 1769028779 - Research Center,2024-06-29,P2-KPI6,Service Request Fulfillment,P2,5.02,3.0,<,days
56008,E2E Full Test Corporation 1769028779 - Research Center,2024-07-29,P2-KPI6,Service Request Fulfillment,P2,5.04,3.0,<,days
56008,E2E Full Test Corporation 1769028779 - Research Center,2024-08-28,P2-KPI6,Service Request Fulfillment,P2,5.04,3.0,<,days
56008,E2E Full Test Corporation 1769028779 - Research Center,2024-09-27,P2-KPI6,Service Request Fulfillment,P2,5.05,3.0,<,days
56008,E2E Full Test Corporation 1769028779 - Research Center,2024-10-27,P2-KPI6,Service Request Fulfillment,P2,5.31,3.0,<,days
56008,E2E Full Test Corporation 1769028779 - Research Center,2024-11-26,P2-KPI6,Service Request Fulfillment,P2,4.9,3.0,<,days
56008,E2E Full Test Corporation 1769028779 - Research Center,2024-01-01,P2-KPI7,Capacity Planning Accuracy,P2,84.76,90.0,>,%
56008,E2E Full Test Corporation 1769028779 - Research Center,2024-01-31,P2-KPI7,Capacity Planning Accuracy,P2,84.04,90.0,>,%
56008,E2E Full Test Corporation 1769028779 - Research Center,2024-03-01,P2-KPI7,Capacity Planning Accuracy,P2,78.66,90.0,>,%
56008,E2E Full Test Corporation 1769028779 - Research Center,2024-03-31,P2-KPI7,Capacity Planning Accuracy,P2,79.33,90.0,>,%
56008,E2E Full Test Corporation 1769028779 - Research Center,2024-04-30,P2-KPI7,Capacity Planning Accuracy,P2,78.83,90.0,>,%
56008,E2E Full Test Corporation 1769028779 - Research Center,2024-05-30,P2-KPI7,Capacity Planning Accuracy,P2,79.55,90.0,>,%
56008,E2E Full Test Corporation 1769028779 - Research Center,2024-06-29,P2-KPI7,Capacity Planning Accuracy,P2,83.53,90.0,>,%
56008,E2E Full Test Corporation 1769028779 - Research Center,2024-07-29,P2-KPI7,Capacity Planning Accuracy,P2,85.76,90.0,>,%
56008,E2E Full Test Corporation 1769028779 - Research Center,2024-08-28,P2-KPI7,Capacity Planning Accuracy,P2,81.58,90.0,>,%
56008,E2E Full Test Corporation 1769028779 - Research Center,2024-09-27,P2-KPI7,Capacity Planning Accuracy,P2,87.7,90.0,>,%
56008,E2E Full Test Corporation 1769028779 - Research Center,2024-10-27,P2-KPI7,Capacity Planning Accuracy,P2,86.02,90.0,>,%
56008,E2E Full Test Corporation 1769028779 - Research Center,2024-11-26,P2-KPI7,Capacity Planning Accuracy,P2,87.6,90.0,>,%
56008,E2E Full Test Corporation 1769028779 - Research Center,2024-01-01,P2-KPI8,Documentation Quality,P2,71.02,85.0,>,score
56008,E2E Full Test Corporation 1769028779 - Research Center,2024-01-31,P2-KPI8,Documentation Quality,P2,72.23,85.0,>,score
56008,E2E Full Test Corporation 1769028779 - Research Center,2024-03-01,P2-KPI8,Documentation Quality,P2,77.18,85.0,>,score
56008,E2E Full Test Corporation 1769028779 - Research Center,2024-03-31,P2-KPI8,Documentation Quality,P2,71.06,85.0,>,score
56008,E2E Full Test Corporation 1769028779 - Research Center,2024-04-30,P2-KPI8,Documentation Quality,P2,74.42,85.0,>,score
56008,E2E Full Test Corporation 1769028779 - Research Center,2024-05-30,P2-KPI8,Documentation Quality,P2,76.43,85.0,>,score
56008,E2E Full Test Corporation 1769028779 - Research Center,2024-06-29,P2-KPI8,Documentation Quality,P2,74.29,85.0,>,score
56008,E2E Full Test Corporation 1769028779 - Research Center,2024-07-29,P2-KPI8,Documentation Quality,P2,80.73,85.0,>,score
56008,E2E Full Test Corporation 1769028779 - Research Center,2024-08-28,P2-KPI8,Documentation Quality,P2,80.03,85.0,>,score
56008,E2E Full Test Corporation 1769028779 - Research Center,2024-09-27,P2-KPI8,Documentation Quality,P2,77.71,85.0,>,score
56008,E2E Full Test Corporation 1769028779 - Research Center,2024-10-27,P2-KPI8,Documentation Quality,P2,74.84,85.0,>,score
56008,E2E Full Test Corporation 1769028779 - Research Center,2024-11-26,P2-KPI8,Documentation Quality,P2,75.77,85.0,>,score
56008,E2E Full Test Corporation 1769028779 - Research Center,2024-01-01,P3-KPI1,CSAT Score,P3,3.71,4.5,>,score
56008,E2E Full Test Corporation 1769028779 - Research Center,2024-01-31,P3-KPI1,CSAT Score,P3,3.75,4.5,>,score
56008,E2E Full Test Corporation 1769028779 - Research Center,2024-03-01,P3-KPI1,CSAT Score,P3,3.81,4.5,>,score
56008,E2E Full Test Corporation 1769028779 - Research Center,2024-03-31,P3-KPI1,CSAT Score,P3,3.77,4.5,>,score
56008,E2E Full Test Corporation 1769028779 - Research Center,2024-04-30,P3-KPI1,CSAT Score,P3,3.69,4.5,>,score
56008,E2E Full Test Corporation 1769028779 - Research Center,2024-05-30,P3-KPI1,CSAT Score,P3,3.91,4.5,>,score
56008,E2E Full Test Corporation 1769028779 - Research Center,2024-06-29,P3-KPI1,CSAT Score,P3,4.06,4.5,>,score
56008,E2E Full Test Corporation 1769028779 - Research Center,2024-07-29,P3-KPI1,CSAT Score,P3,4.23,4.5,>,score
56008,E2E Full Test Corporation 1769028779 - Research Center,2024-08-28,P3-KPI1,CSAT Score,P3,3.93,4.5,>,score
56008,E2E Full Test Corporation 1769028779 - Research Center,2024-09-27,P3-KPI1,CSAT Score,P3,3.93,4.5,>,score
56008,E2E Full Test Corporation 1769028779 - Research Center,2024-10-27,P3-KPI1,CSAT Score,P3,3.87,4.5,>,score
56008,E2E Full Test Corporation 1769028779 - Research Center,2024-11-26,P3-KPI1,CSAT Score,P3,4.24,4.5,>,score
56008,E2E Full Test Corporation 1769028779 - Research Center,2024-01-01,P3-KPI2,Support Ticket Volume,P3,54.76,20.0,<,tickets
56008,E2E Full Test Corporation 1769028779 - Research Center,2024-01-31,P3-KPI2,Support Ticket Volume,P3,57.16,20.0,<,tickets
56008,E2E Full Test Corporation 1769028779 - Research Center,2024-03-01,P3-KPI2,Support Ticket Volume,P3,56.55,20.0,<,tickets
56008,E2E Full Test Corporation 1769028779 - Research Center,2024-03-31,P3-KPI2,Support Ticket Volume,P3,56.17,20.0,<,tickets
56008,E2E Full Test Corporation 1769028779 - Research Center,2024-04-30,P3-KPI2,Support Ticket Volume,P3,54.16,20.0,<,tickets
56008,E2E Full Test Corporation 1769028779 - Research Center,2024-05-30,P3-KPI2,Support Ticket Volume,P3,53.68,20.0,<,tickets
56008,E2E Full Test Corporation 1769028779 - Research Center,2024-06-29,P3-KPI2,Support Ticket Volume,P3,44.96,20.0,<,tickets
56008,E2E Full Test Corporation 1769028779 - Research Center,2024-07-29,P3-KPI2,Support Ticket Volume,P3,45.93,20.0,<,tickets
56008,E2E Full Test Corporation 1769028779 - Research Center,2024-08-28,P3-KPI2,Support Ticket Volume,P3,43.8,20.0,<,tickets
56008,E2E Full Test Corporation 1769028779 - Research Center,2024-09-27,P3-KPI2,Support Ticket Volume,P3,43.21,20.0,<,tickets
56008,E2E Full Test Corporation 1769028779 - Research Center,2024-10-27,P3-KPI2,Support Ticket Volume,P3,43.13,20.0,<,tickets
56008,E2E Full Test Corporation 1769028779 - Research Center,2024-11-26,P3-KPI2,Support Ticket Volume,P3,45.94,20.0,<,tickets
56008,E2E Full Test Corporation 1769028779 - Research Center,2024-01-01,P3-KPI3,First Contact Resolution,P3,64.27,75.0,>,%
56008,E2E Full Test Corporation 1769028779 - Research Center,2024-01-31,P3-KPI3,First Contact Resolution,P3,63.44,75.0,>,%
56008,E2E Full Test Corporation 1769028779 - Research Center,2024-03-01,P3-KPI3,First Contact Resolution,P3,66.05,75.0,>,%
56008,E2E Full Test Corporation 1769028779 - Research Center,2024-03-31,P3-KPI3,First Contact Resolution,P3,64.74,75.0,>,%
56008,E2E Full Test Corporation 1769028779 - Research Center,2024-04-30,P3-KPI3,First Contact Resolution,P3,62.16,75.0,>,%
56008,E2E Full Test Corporation 1769028779 - Research Center,2024-05-30,P3-KPI3,First Contact Resolution,P3,60.81,75.0,>,%
56008,E2E Full Test Corporation 1769028779 - Research Center,2024-06-29,P3-KPI3,First Contact Resolution,P3,66.14,75.0,>,%
56008,E2E Full Test Corporation 1769028779 - Research Center,2024-07-29,P3-KPI3,First Contact Resolution,P3,67.17,75.0,>,%
56008,E2E Full Test Corporation 1769028779 - Research Center,2024-08-28,P3-KPI3,First Contact Resolution,P3,67.28,75.0,>,%
56008,E2E Full Test Corporation 1769028779 - Research Center,2024-09-27,P3-KPI3,First Contact Resolution,P3,66.49,75.0,>,%
56008,E2E Full Test Corporation 1769028779 - Research Center,2024-10-27,P3-KPI3,First Contact Resolution,P3,67.1,75.0,>,%
56008,E2E Full Test Corporation 1769028779 - Research Center,2024-11-26,P3-KPI3,First Contact Resolution,P3,70.34,75.0,>,%
56008,E2E Full Test Corporation 1769028779 - Research Center,2024-01-01,P3-KPI4,Training Completion,P3,73.34,90.0,>,%
56008,E2E Full Test Corporation 1769028779 - Research Center,2024-01-31,P3-KPI4,Training Completion,P3,78.73,90.0,>,%
56008,E2E Full Test Corporation 1769028779 - Research Center,2024-03-01,P3-KPI4,Training Completion,P3,78.57,90.0,>,%
56008,E2E Full Test Corporation 1769028779 - Research Center,2024-03-31,P3-KPI4,Training Completion,P3,77.38,90.0,>,%
56008,E2E Full Test Corporation 1769028779 - Research Center,2024-04-30,P3-KPI4,Training Completion,P3,77.65,90.0,>,%
56008,E2E Full Test Corporation 1769028779 - Research Center,2024-05-30,P3-KPI4,Training Completion,P3,73.17,90.0,>,%
56008,E2E Full Test Corporation 1769028779 - Research Center,2024-06-29,P3-KPI4,Training Completion,P3,79.17,90.0,>,%
56008,E2E Full Test Corporation 1769028779 - Research Center,2024-07-29,P3-KPI4,Training Completion,P3,80.73,90.0,>,%
56008,E2E Full Test Corporation 1769028779 - Research Center,2024-08-28,P3-KPI4,Training Completion,P3,81.05,90.0,>,%
56008,E2E Full Test Corporation 1769028779 - Research Center,2024-09-27,P3-KPI4,Training Completion,P3,81.76,90.0,>,%
56008,E2E Full Test Corporation 1769028779 - Research Center,2024-10-27,P3-KPI4,Training Completion,P3,84.19,90.0,>,%
56008,E2E Full Test Corporation 1769028779 - Research Center,2024-11-26,P3-KPI4,Training Completion,P3,77.35,90.0,>,%
56008,E2E Full Test Corporation 1769028779 - Research Center,2024-01-01,P3-KPI5,User Adoption Rate,P3,63.82,80.0,>,%
56008,E2E Full Test Corporation 1769028779 - Research Center,2024-01-31,P3-KPI5,User Adoption Rate,P3,64.98,80.0,>,%
56008,E2E Full Test Corporation 1769028779 - Research Center,2024-03-01,P3-KPI5,User Adoption Rate,P3,65.88,80.0,>,%
56008,E2E Full Test Corporation 1769028779 - Research Center,2024-03-31,P3-KPI5,User Adoption Rate,P3,68.42,80.0,>,%
56008,E2E Full Test Corporation 1769028779 - Research Center,2024-04-30,P3-KPI5,User Adoption Rate,P3,63.97,80.0,>,%
56008,E2E Full Test Corporation 1769028779 - Research Center,2024-05-30,P3-KPI5,User Adoption Rate,P3,67.23,80.0,>,%
56008,E2E Full Test Corporation 1769028779 - Research Center,2024-06-29,P3-KPI5,User Adoption Rate,P3,71.42,80.0,>,%
56008,E2E Full Test Corporation 1769028779 - Research Center,2024-07-29,P3-KPI5,User Adoption Rate,P3,68.98,80.0,>,%
56008,E2E Full Test Corporation 1769028779 - Research Center,2024-08-28,P3-KPI5,User Adoption Rate,P3,70.95,80.0,>,%
56008,E2E Full Test Corporation 1769028779 - Research Center,2024-09-27,P3-KPI5,User Adoption Rate,P3,74.27,80.0,>,%
56008,E2E Full Test Corporation 1769028779 - Research Center,2024-10-27,P3-KPI5,User Adoption Rate,P3,72.61,80.0,>,%
56008,E2E Full Test Corporation 1769028779 - Research Center,2024-11-26,P3-KPI5,User Adoption Rate,P3,68.74,80.0,>,%
56008,E2E Full Test Corporation 1769028779 - Research Center,2024-01-01,P3-KPI6,Executive Engagement,P3,3.04,4.0,>,meetings/quarter
56008,E2E Full Test Corporation 1769028779 - Research Center,2024-01-31,P3-KPI6,Executive Engagement,P3,3.13,4.0,>,meetings/quarter
56008,E2E Full Test Corporation 1769028779 - Research Center,2024-03-01,P3-KPI6,Executive Engagement,P3,2.98,4.0,>,meetings/quarter
56008,E2E Full Test Corporation 1769028779 - Research Center,2024-03-31,P3-KPI6,Executive Engagement,P3,3.17,4.0,>,meetings/quarter
56008,E2E Full Test Corporation 1769028779 - Research Center,2024-04-30,P3-KPI6,Executive Engagement,P3,3.16,4.0,>,meetings/quarter
56008,E2E Full Test Corporation 1769028779 - Research Center,2024-05-30,P3-KPI6,Executive Engagement,P3,3.1,4.0,>,meetings/quarter
56008,E2E Full Test Corporation 1769028779 - Research Center,2024-06-29,P3-KPI6,Executive Engagement,P3,3.31,4.0,>,meetings/quarter
56008,E2E Full Test Corporation 1769028779 - Research Center,2024-07-29,P3-KPI6,Executive Engagement,P3,3.51,4.0,>,meetings/quarter
56008,E2E Full Test Corporation 1769028779 - Research Center,2024-08-28,P3-KPI6,Executive Engagement,P3,3.35,4.0,>,meetings/quarter
56008,E2E Full Test Corporation 1769028779 - Research Center,2024-09-27,P3-KPI6,Executive Engagement,P3,3.31,4.0,>,meetings/quarter
56008,E2E Full Test Corporation 1769028779 - Research Center,2024-10-27,P3-KPI6,Executive Engagement,P3,3.54,4.0,>,meetings/quarter
56008,E2E Full Test Corporation 1769028779 - Research Center,2024-11-26,P3-KPI6,Executive Engagement,P3,3.31,4.0,>,meetings/quarter
56008,E2E Full Test Corporation 1769028779 - Research Center,2024-01-01,P3-KPI7,Response Time SLA,P3,69.46,30.0,<,minutes
56008,E2E Full Test Corporation 1769028779 - Research Center,2024-01-31,P3-KPI7,Response Time SLA,P3,67.34,30.0,<,minutes
56008,E2E Full Test Corporation 1769028779 - Research Center,2024-03-01,P3-KPI7,Response Time SLA,P3,70.27,30.0,<,minutes
56008,E2E Full Test Corporation 1769028779 - Research Center,2024-03-31,P3-KPI7,Response Time SLA,P3,68.31,30.0,<,minutes
56008,E2E Full Test Corporation 1769028779 - Research Center,2024-04-30,P3-KPI7,Response Time SLA,P3,69.63,30.0,<,minutes
56008,E2E Full Test Corporation 1769028779 - Research Center,2024-05-30,P3-KPI7,Response Time SLA,P3,70.5,30.0,<,minutes
56008,E2E Full Test Corporation 1769028779 - Research Center,2024-06-29,P3-KPI7,Response Time SLA,P3,59.4,30.0,<,minutes
56008,E2E Full Test Corporation 1769028779 - Research Center,2024-07-29,P3-KPI7,Response Time SLA,P3,59.24,30.0,<,minutes
56008,E2E Full Test Corporation 1769028779 - Research Center,2024-08-28,P3-KPI7,Response Time SLA,P3,57.55,30.0,<,minutes
56008,E2E Full Test Corporation 1769028779 - Research Center,2024-09-27,P3-KPI7,Response Time SLA,P3,55.23,30.0,<,minutes
56008,E2E Full Test Corporation 1769028779 - Research Center,2024-10-27,P3-KPI7,Response Time SLA,P3,59.4,30.0,<,minutes
56008,E2E Full Test Corporation 1769028779 - Research Center,2024-11-26,P3-KPI7,Response Time SLA,P3,56.96,30.0,<,minutes
56008,E2E Full Test Corporation 1769028779 - Research Center,2024-01-01,P4-KPI1,ROI Achievement,P4,128.21,150.0,>,%
56008,E2E Full Test Corporation 1769028779 - Research Center,2024-01-31,P4-KPI1,ROI Achievement,P4,127.15,150.0,>,%
56008,E2E Full Test Corporation 1769028779 - Research Center,2024-03-01,P4-KPI1,ROI Achievement,P4,130.34,150.0,>,%
56008,E2E Full Test Corporation 1769028779 - Research Center,2024-03-31,P4-KPI1,ROI Achievement,P4,127.06,150.0,>,%
56008,E2E Full Test Corporation 1769028779 - Research Center,2024-04-30,P4-KPI1,ROI Achievement,P4,122.91,150.0,>,%
56008,E2E Full Test Corporation 1769028779 - Research Center,2024-05-30,P4-KPI1,ROI Achievement,P4,128.75,150.0,>,%
56008,E2E Full Test Corporation 1769028779 - Research Center,2024-06-29,P4-KPI1,ROI Achievement,P4,136.89,150.0,>,%
56008,E2E Full Test Corporation 1769028779 - Research Center,2024-07-29,P4-KPI1,ROI Achievement,P4,132.87,150.0,>,%
56008,E2E Full Test Corporation 1769028779 - Research Center,2024-08-28,P4-KPI1,ROI Achievement,P4,129.56,150.0,>,%
56008,E2E Full Test Corporation 1769028779 - Research Center,2024-09-27,P4-KPI1,ROI Achievement,P4,136.51,150.0,>,%
56008,E2E Full Test Corporation 1769028779 - Research Center,2024-10-27,P4-KPI1,ROI Achievement,P4,133.26,150.0,>,%
56008,E2E Full Test Corporation 1769028779 - Research Center,2024-11-26,P4-KPI1,ROI Achievement,P4,135.25,150.0,>,%
56008,E2E Full Test Corporation 1769028779 - Research Center,2024-01-01,P4-KPI2,Cost Reduction,P4,10.82,20.0,>,%
56008,E2E Full Test Corporation 1769028779 - Research Center,2024-01-31,P4-KPI2,Cost Reduction,P4,10.54,20.0,>,%
56008,E2E Full Test Corporation 1769028779 - Research Center,2024-03-01,P4-KPI2,Cost Reduction,P4,11.1,20.0,>,%
56008,E2E Full Test Corporation 1769028779 - Research Center,2024-03-31,P4-KPI2,Cost Reduction,P4,11.01,20.0,>,%
56008,E2E Full Test Corporation 1769028779 - Research Center,2024-04-30,P4-KPI2,Cost Reduction,P4,10.81,20.0,>,%
56008,E2E Full Test Corporation 1769028779 - Research Center,2024-05-30,P4-KPI2,Cost Reduction,P4,10.96,20.0,>,%
56008,E2E Full Test Corporation 1769028779 - Research Center,2024-06-29,P4-KPI2,Cost Reduction,P4,13.77,20.0,>,%
56008,E2E Full Test Corporation 1769028779 - Research Center,2024-07-29,P4-KPI2,Cost Reduction,P4,14.22,20.0,>,%
56008,E2E Full Test Corporation 1769028779 - Research Center,2024-08-28,P4-KPI2,Cost Reduction,P4,13.81,20.0,>,%
56008,E2E Full Test Corporation 1769028779 - Research Center,2024-09-27,P4-KPI2,Cost Reduction,P4,14.6,20.0,>,%
56008,E2E Full Test Corporation 1769028779 - Research Center,2024-10-27,P4-KPI2,Cost Reduction,P4,13.51,20.0,>,%
56008,E2E Full Test Corporation 1769028779 - Research Center,2024-11-26,P4-KPI2,Cost Reduction,P4,13.85,20.0,>,%
56008,E2E Full Test Corporation 1769028779 - Research Center,2024-01-01,P4-KPI3,Time to Value,P4,135.22,90.0,<,days
56008,E2E Full Test Corporation 1769028779 - Research Center,2024-01-31,P4-KPI3,Time to Value,P4,133.79,90.0,<,days
56008,E2E Full Test Corporation 1769028779 - Research Center,2024-03-01,P4-KPI3,Time to Value,P4,136.68,90.0,<,days
56008,E2E Full Test Corporation 1769028779 - Research Center,2024-03-31,P4-KPI3,Time to Value,P4,124.69,90.0,<,days
56008,E2E Full Test Corporation 1769028779 - Research Center,2024-04-30,P4-KPI3,Time to Value,P4,132.99,90.0,<,days
56008,E2E Full Test Corporation 1769028779 - Research Center,2024-05-30,P4-KPI3,Time to Value,P4,129.21,90.0,<,days
56008,E2E Full Test Corporation 1769028779 - Research Center,2024-06-29,P4-KPI3,Time to Value,P4,118.78,90.0,<,days
56008,E2E Full Test Corporation 1769028779 - Research Center,2024-07-29,P4-KPI3,Time to Value,P4,116.56,90.0,<,days
56008,E2E Full Test Corporation 1769028779 - Research Center,2024-08-28,P4-KPI3,Time to Value,P4,116.02,90.0,<,days
56008,E2E Full Test Corporation 1769028779 - Research Center,2024-09-27,P4-KPI3,Time to Value,P4,111.24,90.0,<,days
56008,E2E Full Test Corporation 1769028779 - Research Center,2024-10-27,P4-KPI3,Time to Value,P4,117.42,90.0,<,days
56008,E2E Full Test Corporation 1769028779 - Research Center,2024-11-26,P4-KPI3,Time to Value,P4,115.29,90.0,<,days
56008,E2E Full Test Corporation 1769028779 - Research Center,2024-01-01,P4-KPI4,Revenue Enablement,P4,3.31,5.0,>,$M
56008,E2E Full Test Corporation 1769028779 - Research Center,2024-01-31,P4-KPI4,Revenue Enablement,P4,3.28,5.0,>,$M
56008,E2E Full Test Corporation 1769028779 - Research Center,2024-03-01,P4-KPI4,Revenue Enablement,P4,3.14,5.0,>,$M
56008,E2E Full Test Corporation 1769028779 - Research Center,2024-03-31,P4-KPI4,Revenue Enablement,P4,3.07,5.0,>,$M
56008,E2E Full Test Corporation 1769028779 - Research Center,2024-04-30,P4-KPI4,Revenue Enablement,P4,3.34,5.0,>,$M
56008,E2E Full Test Corporation 1769028779 - Research Center,2024-05-30,P4-KPI4,Revenue Enablement,P4,3.18,5.0,>,$M
56008,E2E Full Test Corporation 1769028779 - Research Center,2024-06-29,P4-KPI4,Revenue Enablement,P4,3.74,5.0,>,$M
56008,E2E Full Test Corporation 1769028779 - Research Center,2024-07-29,P4-KPI4,Revenue Enablement,P4,3.91,5.0,>,$M
56008,E2E Full Test Corporation 1769028779 - Research Center,2024-08-28,P4-KPI4,Revenue Enablement,P4,3.8,5.0,>,$M
56008,E2E Full Test Corporation 1769028779 - Research Center,2024-09-27,P4-KPI4,Revenue Enablement,P4,3.86,5.0,>,$M
56008,E2E Full Test Corporation 1769028779 - Research Center,2024-10-27,P4-KPI4,Revenue Enablement,P4,3.83,5.0,>,$M
56008,E2E Full Test Corporation 1769028779 - Research Center,2024-11-26,P4-KPI4,Revenue Enablement,P4,3.96,5.0,>,$M
56008,E2E Full Test Corporation 1769028779 - Research Center,2024-01-01,P4-KPI5,Operational Efficiency,P4,72.26,85.0,>,%
56008,E2E Full Test Corporation 1769028779 - Research Center,2024-01-31,P4-KPI5,Operational Efficiency,P4,71.47,85.0,>,%
56008,E2E Full Test Corporation 1769028779 - Research Center,2024-03-01,P4-KPI5,Operational Efficiency,P4,71.74,85.0,>,%
56008,E2E Full Test Corporation 1769028779 - Research Center,2024-03-31,P4-KPI5,Operational Efficiency,P4,70.1,85.0,>,%
56008,E2E Full Test Corporation 1769028779 - Research Center,2024-04-30,P4-KPI5,Operational Efficiency,P4,71.26,85.0,>,%
56008,E2E Full Test Corporation 1769028779 - Research Center,2024-05-30,P4-KPI5,Operational Efficiency,P4,75.96,85.0,>,%
56008,E2E Full Test Corporation 1769028779 - Research Center,2024-06-29,P4-KPI5,Operational Efficiency,P4,74.79,85.0,>,%
56008,E2E Full Test Corporation 1769028779 - Research Center,2024-07-29,P4-KPI5,Operational Efficiency,P4,76.64,85.0,>,%
56008,E2E Full Test Corporation 1769028779 - Research Center,2024-08-28,P4-KPI5,Operational Efficiency,P4,81.17,85.0,>,%
56008,E2E Full Test Corporation 1769028779 - Research Center,2024-09-27,P4-KPI5,Operational Efficiency,P4,76.73,85.0,>,%
56008,E2E Full Test Corporation 1769028779 - Research Center,2024-10-27,P4-KPI5,Operational Efficiency,P4,75.11,85.0,>,%
56008,E2E Full Test Corporation 1769028779 - Research Center,2024-11-26,P4-KPI5,Operational Efficiency,P4,77.87,85.0,>,%
56008,E2E Full Test Corporation 1769028779 - Research Center,2024-01-01,P4-KPI6,Innovation Projects,P4,2.03,3.0,>,count
56008,E2E Full Test Corporation 1769028779 - Research Center,2024-01-31,P4-KPI6,Innovation Projects,P4,2.1,3.0,>,count
56008,E2E Full Test Corporation 1769028779 - Research Center,2024-03-01,P4-KPI6,Innovation Projects,P4,2.13,3.0,>,count
56008,E2E Full Test Corporation 1769028779 - Research Center,2024-03-31,P4-KPI6,Innovation Projects,P4,2.05,3.0,>,count
56008,E2E Full Test Corporation 1769028779 - Research Center,2024-04-30,P4-KPI6,Innovation Projects,P4,2.12,3.0,>,count
56008,E2E Full Test Corporation 1769028779 - Research Center,2024-05-30,P4-KPI6,Innovation Projects,P4,2.2,3.0,>,count
56008,E2E Full Test Corporation 1769028779 - Research Center,2024-06-29,P4-KPI6,Innovation Projects,P4,2.38,3.0,>,count
56008,E2E Full Test Corporation 1769028779 - Research Center,2024-07-29,P4-KPI6,Innovation Projects,P4,2.31,3.0,>,count
56008,E2E Full Test Corporation 1769028779 - Research Center,2024-08-28,P4-KPI6,Innovation Projects,P4,2.33,3.0,>,count
56008,E2E Full Test Corporation 1769028779 - Research Center,2024-09-27,P4-KPI6,Innovation Projects,P4,2.43,3.0,>,count
56008,E2E Full Test Corporation 1769028779 - Research Center,2024-10-27,P4-KPI6,Innovation Projects,P4,2.39,3.0,>,count
56008,E2E Full Test Corporation 1769028779 - Research Center,2024-11-26,P4-KPI6,Innovation Projects,P4,2.3,3.0,>,count
56008,E2E Full Test Corporation 1769028779 - Research Center,2024-01-01,P4-KPI7,Business Case Validation,P4,79.47,90.0,>,%
56008,E2E Full Test Corporation 1769028779 - Research Center,2024-01-31,P4-KPI7,Business Case Validation,P4,81.87,90.0,>,%
56008,E2E Full Test Corporation 1769028779 - Research Center,2024-03-01,P4-KPI7,Business Case Validation,P4,81.35,90.0,>,%
56008,E2E Full Test Corporation 1769028779 - Research Center,2024-03-31,P4-KPI7,Business Case Validation,P4,78.05,90.0,>,%
56008,E2E Full Test Corporation 1769028779 - Research Center,2024-04-30,P4-KPI7,Business Case Validation,P4,83.16,90.0,>,%
56008,E2E Full Test Corporation 1769028779 - Research Center,2024-05-30,P4-KPI7,Business Case Validation,P4,81.8,90.0,>,%
56008,E2E Full Test Corporation 1769028779 - Research Center,2024-06-29,P4-KPI7,Business Case Validation,P4,85.56,90.0,>,%
56008,E2E Full Test Corporation 1769028779 - Research Center,2024-07-29,P4-KPI7,Business Case Validation,P4,80.75,90.0,>,%
56008,E2E Full Test Corporation 1769028779 - Research Center,2024-08-28,P4-KPI7,Business Case Validation,P4,81.12,90.0,>,%
56008,E2E Full Test Corporation 1769028779 - Research Center,2024-09-27,P4-KPI7,Business Case Validation,P4,87.37,90.0,>,%
56008,E2E Full Test Corporation 1769028779 - Research Center,2024-10-27,P4-KPI7,Business Case Validation,P4,87.99,90.0,>,%
56008,E2E Full Test Corporation 1769028779 - Research Center,2024-11-26,P4-KPI7,Business Case Validation,P4,85.41,90.0,>,%
56008,E2E Full Test Corporation 1769028779 - Research Center,2024-01-01,P5-KPI1,Executive Sponsorship,P5,3.64,4.5,>,score
56008,E2E Full Test Corporation 1769028779 - Research Center,2024-01-31,P5-KPI1,Executive Sponsorship,P5,3.78,4.5,>,score
56008,E2E Full Test Corporation 1769028779 - Research Center,2024-03-01,P5-KPI1,Executive Sponsorship,P5,3.84,4.5,>,score
56008,E2E Full Test Corporation 1769028779 - Research Center,2024-03-31,P5-KPI1,Executive Sponsorship,P5,4.0,4.5,>,score
56008,E2E Full Test Corporation 1769028779 - Research Center,2024-04-30,P5-KPI1,Executive Sponsorship,P5,3.89,4.5,>,score
56008,E2E Full Test Corporation 1769028779 - Research Center,2024-05-30,P5-KPI1,Executive Sponsorship,P5,3.91,4.5,>,score
56008,E2E Full Test Corporation 1769028779 - Research Center,2024-06-29,P5-KPI1,Executive Sponsorship,P5,3.86,4.5,>,score
56008,E2E Full Test Corporation 1769028779 - Research Center,2024-07-29,P5-KPI1,Executive Sponsorship,P5,4.23,4.5,>,score
56008,E2E Full Test Corporation 1769028779 - Research Center,2024-08-28,P5-KPI1,Executive Sponsorship,P5,4.17,4.5,>,score
56008,E2E Full Test Corporation 1769028779 - Research Center,2024-09-27,P5-KPI1,Executive Sponsorship,P5,3.86,4.5,>,score
56008,E2E Full Test Corporation 1769028779 - Research Center,2024-10-27,P5-KPI1,Executive Sponsorship,P5,3.89,4.5,>,score
56008,E2E Full Test Corporation 1769028779 - Research Center,2024-11-26,P5-KPI1,Executive Sponsorship,P5,4.15,4.5,>,score
56008,E2E Full Test Corporation 1769028779 - Research Center,2024-01-01,P5-KPI2,Renewal Likelihood,P5,87.84,95.0,>,%
56008,E2E Full Test Corporation 1769028779 - Research Center,2024-01-31,P5-KPI2,Renewal Likelihood,P5,81.17,95.0,>,%
56008,E2E Full Test Corporation 1769028779 - Research Center,2024-03-01,P5-KPI2,Renewal Likelihood,P5,85.36,95.0,>,%
56008,E2E Full Test Corporation 1769028779 - Research Center,2024-03-31,P5-KPI2,Renewal Likelihood,P5,86.97,95.0,>,%
56008,E2E Full Test Corporation 1769028779 - Research Center,2024-04-30,P5-KPI2,Renewal Likelihood,P5,81.07,95.0,>,%
56008,E2E Full Test Corporation 1769028779 - Research Center,2024-05-30,P5-KPI2,Renewal Likelihood,P5,87.13,95.0,>,%
56008,E2E Full Test Corporation 1769028779 - Research Center,2024-06-29,P5-KPI2,Renewal Likelihood,P5,84.03,95.0,>,%
56008,E2E Full Test Corporation 1769028779 - Research Center,2024-07-29,P5-KPI2,Renewal Likelihood,P5,91.55,95.0,>,%
56008,E2E Full Test Corporation 1769028779 - Research Center,2024-08-28,P5-KPI2,Renewal Likelihood,P5,87.35,95.0,>,%
56008,E2E Full Test Corporation 1769028779 - Research Center,2024-09-27,P5-KPI2,Renewal Likelihood,P5,88.64,95.0,>,%
56008,E2E Full Test Corporation 1769028779 - Research Center,2024-10-27,P5-KPI2,Renewal Likelihood,P5,90.76,95.0,>,%
56008,E2E Full Test Corporation 1769028779 - Research Center,2024-11-26,P5-KPI2,Renewal Likelihood,P5,90.7,95.0,>,%
56008,E2E Full Test Corporation 1769028779 - Research Center,2024-01-01,P5-KPI3,Expansion Pipeline,P5,1.35,2.0,>,$M
56008,E2E Full Test Corporation 1769028779 - Research Center,2024-01-31,P5-KPI3,Expansion Pipeline,P5,1.36,2.0,>,$M
56008,E2E Full Test Corporation 1769028779 - Research Center,2024-03-01,P5-KPI3,Expansion Pipeline,P5,1.33,2.0,>,$M
56008,E2E Full Test Corporation 1769028779 - Research Center,2024-03-31,P5-KPI3,Expansion Pipeline,P5,1.29,2.0,>,$M
56008,E2E Full Test Corporation 1769028779 - Research Center,2024-04-30,P5-KPI3,Expansion Pipeline,P5,1.35,2.0,>,$M
56008,E2E Full Test Corporation 1769028779 - Research Center,2024-05-30,P5-KPI3,Expansion Pipeline,P5,1.37,2.0,>,$M
56008,E2E Full Test Corporation 1769028779 - Research Center,2024-06-29,P5-KPI3,Expansion Pipeline,P5,1.48,2.0,>,$M
56008,E2E Full Test Corporation 1769028779 - Research Center,2024-07-29,P5-KPI3,Expansion Pipeline,P5,1.6,2.0,>,$M
56008,E2E Full Test Corporation 1769028779 - Research Center,2024-08-28,P5-KPI3,Expansion Pipeline,P5,1.51,2.0,>,$M
56008,E2E Full Test Corporation 1769028779 - Research Center,2024-09-27,P5-KPI3,Expansion Pipeline,P5,1.55,2.0,>,$M
56008,E2E Full Test Corporation 1769028779 - Research Center,2024-10-27,P5-KPI3,Expansion Pipeline,P5,1.49,2.0,>,$M
56008,E2E Full Test Corporation 1769028779 - Research Center,2024-11-26,P5-KPI3,Expansion Pipeline,P5,1.56,2.0,>,$M
56008,E2E Full Test Corporation 1769028779 - Research Center,2024-01-01,P5-KPI4,Reference Willingness,P5,3.14,4.0,>,score
56008,E2E Full Test Corporation 1769028779 - Research Center,2024-01-31,P5-KPI4,Reference Willingness,P5,3.06,4.0,>,score
56008,E2E Full Test Corporation 1769028779 - Research Center,2024-03-01,P5-KPI4,Reference Willingness,P5,3.04,4.0,>,score
56008,E2E Full Test Corporation 1769028779 - Research Center,2024-03-31,P5-KPI4,Reference Willingness,P5,3.03,4.0,>,score
56008,E2E Full Test Corporation 1769028779 - Research Center,2024-04-30,P5-KPI4,Reference Willingness,P5,3.02,4.0,>,score
56008,E2E Full Test Corporation 1769028779 - Research Center,2024-05-30,P5-KPI4,Reference Willingness,P5,3.2,4.0,>,score
56008,E2E Full Test Corporation 1769028779 - Research Center,2024-06-29,P5-KPI4,Reference Willingness,P5,3.4,4.0,>,score
56008,E2E Full Test Corporation 1769028779 - Research Center,2024-07-29,P5-KPI4,Reference Willingness,P5,3.25,4.0,>,score
56008,E2E Full Test Corporation 1769028779 - Research Center,2024-08-28,P5-KPI4,Reference Willingness,P5,3.4,4.0,>,score
56008,E2E Full Test Corporation 1769028779 - Research Center,2024-09-27,P5-KPI4,Reference Willingness,P5,3.48,4.0,>,score
56008,E2E Full Test Corporation 1769028779 - Research Center,2024-10-27,P5-KPI4,Reference Willingness,P5,3.49,4.0,>,score
56008,E2E Full Test Corporation 1769028779 - Research Center,2024-11-26,P5-KPI4,Reference Willingness,P5,3.44,4.0,>,score
56008,E2E Full Test Corporation 1769028779 - Research Center,2024-01-01,P5-KPI5,Strategic Alignment,P5,75.79,85.0,>,score
56008,E2E Full Test Corporation 1769028779 - Research Center,2024-01-31,P5-KPI5,Strategic Alignment,P5,75.56,85.0,>,score
56008,E2E Full Test Corporation 1769028779 - Research Center,2024-03-01,P5-KPI5,Strategic Alignment,P5,70.14,85.0,>,score
56008,E2E Full Test Corporation 1769028779 - Research Center,2024-03-31,P5-KPI5,Strategic Alignment,P5,72.12,85.0,>,score
56008,E2E Full Test Corporation 1769028779 - Research Center,2024-04-30,P5-KPI5,Strategic Alignment,P5,71.05,85.0,>,score
56008,E2E Full Test Corporation 1769028779 - Research Center,2024-05-30,P5-KPI5,Strategic Alignment,P5,72.97,85.0,>,score
56008,E2E Full Test Corporation 1769028779 - Research Center,2024-06-29,P5-KPI5,Strategic Alignment,P5,73.89,85.0,>,score
56008,E2E Full Test Corporation 1769028779 - Research Center,2024-07-29,P5-KPI5,Strategic Alignment,P5,77.69,85.0,>,score
56008,E2E Full Test Corporation 1769028779 - Research Center,2024-08-28,P5-KPI5,Strategic Alignment,P5,74.88,85.0,>,score
56008,E2E Full Test Corporation 1769028779 - Research Center,2024-09-27,P5-KPI5,Strategic Alignment,P5,79.54,85.0,>,score
56008,E2E Full Test Corporation 1769028779 - Research Center,2024-10-27,P5-KPI5,Strategic Alignment,P5,74.69,85.0,>,score
56008,E2E Full Test Corporation 1769028779 - Research Center,2024-11-26,P5-KPI5,Strategic Alignment,P5,75.65,85.0,>,score
56008,E2E Full Test Corporation 1769028779 - Research Center,2024-01-01,P5-KPI6,Partnership Depth,P5,69.0,80.0,>,score
56008,E2E Full Test Corporation 1769028779 - Research Center,2024-01-31,P5-KPI6,Partnership Depth,P5,69.26,80.0,>,score
56008,E2E Full Test Corporation 1769028779 - Research Center,2024-03-01,P5-KPI6,Partnership Depth,P5,68.33,80.0,>,score
56008,E2E Full Test Corporation 1769028779 - Research Center,2024-03-31,P5-KPI6,Partnership Depth,P5,68.97,80.0,>,score
56008,E2E Full Test Corporation 1769028779 - Research Center,2024-04-30,P5-KPI6,Partnership Depth,P5,64.74,80.0,>,score
56008,E2E Full Test Corporation 1769028779 - Research Center,2024-05-30,P5-KPI6,Partnership Depth,P5,63.73,80.0,>,score
56008,E2E Full Test Corporation 1769028779 - Research Center,2024-06-29,P5-KPI6,Partnership Depth,P5,68.77,80.0,>,score
56008,E2E Full Test Corporation 1769028779 - Research Center,2024-07-29,P5-KPI6,Partnership Depth,P5,70.84,80.0,>,score
56008,E2E Full Test Corporation 1769028779 - Research Center,2024-08-28,P5-KPI6,Partnership Depth,P5,72.01,80.0,>,score
56008,E2E Full Test Corporation 1769028779 - Research Center,2024-09-27,P5-KPI6,Partnership Depth,P5,72.69,80.0,>,score
56008,E2E Full Test Corporation 1769028779 - Research Center,2024-10-27,P5-KPI6,Partnership Depth,P5,70.33,80.0,>,score
56008,E2E Full Test Corporation 1769028779 - Research Center,2024-11-26,P5-KPI6,Partnership Depth,P5,72.6,80.0,>,score
56008,E2E Full Test Corporation 1769028779 - Research Center,2024-01-01,P5-KPI7,NPS Score,P5,58.08,70.0,>,score
56008,E2E Full Test Corporation 1769028779 - Research Center,2024-01-31,P5-KPI7,NPS Score,P5,58.19,70.0,>,score
56008,E2E Full Test Corporation 1769028779 - Research Center,2024-03-01,P5-KPI7,NPS Score,P5,57.51,70.0,>,score
56008,E2E Full Test Corporation 1769028779 - Research Center,2024-03-31,P5-KPI7,NPS Score,P5,57.62,70.0,>,score
56008,E2E Full Test Corporation 1769028779 - Research Center,2024-04-30,P5-KPI7,NPS Score,P5,54.68,70.0,>,score
56008,E2E Full Test Corporation 1769028779 - Research Center,2024-05-30,P5-KPI7,NPS Score,P5,58.47,70.0,>,score
56008,E2E Full Test Corporation 1769028779 - Research Center,2024-06-29,P5-KPI7,NPS Score,P5,60.99,70.0,>,score
56008,E2E Full Test Corporation 1769028779 - Research Center,2024-07-29,P5-KPI7,NPS Score,P5,58.29,70.0,>,score
56008,E2E Full Test Corporation 1769028779 - Research Center,2024-08-28,P5-KPI7,NPS Score,P5,58.31,70.0,>,score
56008,E2E Full Test Corporation 1769028779 - Research Center,2024-09-27,P5-KPI7,NPS Score,P5,62.67,70.0,>,score
56008,E2E Full Test Corporation 1769028779 - Research Center,2024-10-27,P5-KPI7,NPS Score,P5,63.27,70.0,>,score
56008,E2E Full Test Corporation 1769028779 - Research Center,2024-11-26,P5-KPI7,NPS Score,P5,62.21,70.0,>,score
56009,E2E Full Test Corporation 1769028779 - Data Center West,2024-01-01,P1-KPI1,System Uptime,P1,98.41,99.9,>,%
56009,E2E Full Test Corporation 1769028779 - Data Center West,2024-01-31,P1-KPI1,System Uptime,P1,99.18,99.9,>,%
56009,E2E Full Test Corporation 1769028779 - Data Center West,2024-03-01,P1-KPI1,System Uptime,P1,100.0,99.9,>,%
56009,E2E Full Test Corporation 1769028779 - Data Center West,2024-03-31,P1-KPI1,System Uptime,P1,100.0,99.9,>,%
56009,E2E Full Test Corporation 1769028779 - Data Center West,2024-04-30,P1-KPI1,System Uptime,P1,100.0,99.9,>,%
56009,E2E Full Test Corporation 1769028779 - Data Center West,2024-05-30,P1-KPI1,System Uptime,P1,98.0,99.9,>,%
56009,E2E Full Test Corporation 1769028779 - Data Center West,2024-06-29,P1-KPI1,System Uptime,P1,98.0,99.9,>,%
56009,E2E Full Test Corporation 1769028779 - Data Center West,2024-07-29,P1-KPI1,System Uptime,P1,98.0,99.9,>,%
56009,E2E Full Test Corporation 1769028779 - Data Center West,2024-08-28,P1-KPI1,System Uptime,P1,98.0,99.9,>,%
56009,E2E Full Test Corporation 1769028779 - Data Center West,2024-09-27,P1-KPI1,System Uptime,P1,98.0,99.9,>,%
56009,E2E Full Test Corporation 1769028779 - Data Center West,2024-10-27,P1-KPI1,System Uptime,P1,98.0,99.9,>,%
56009,E2E Full Test Corporation 1769028779 - Data Center West,2024-11-26,P1-KPI1,System Uptime,P1,98.0,99.9,>,%
56009,E2E Full Test Corporation 1769028779 - Data Center West,2024-01-01,P1-KPI2,Mean Time to Resolution,P1,4.49,2.0,<,hours
56009,E2E Full Test Corporation 1769028779 - Data Center West,2024-01-31,P1-KPI2,Mean Time to Resolution,P1,4.85,2.0,<,hours
56009,E2E Full Test Corporation 1769028779 - Data Center West,2024-03-01,P1-KPI2,Mean Time to Resolution,P1,4.78,2.0,<,hours
56009,E2E Full Test Corporation 1769028779 - Data Center West,2024-03-31,P1-KPI2,Mean Time to Resolution,P1,4.69,2.0,<,hours
56009,E2E Full Test Corporation 1769028779 - Data Center West,2024-04-30,P1-KPI2,Mean Time to Resolution,P1,4.9,2.0,<,hours
56009,E2E Full Test Corporation 1769028779 - Data Center West,2024-05-30,P1-KPI2,Mean Time to Resolution,P1,4.71,2.0,<,hours
56009,E2E Full Test Corporation 1769028779 - Data Center West,2024-06-29,P1-KPI2,Mean Time to Resolution,P1,3.78,2.0,<,hours
56009,E2E Full Test Corporation 1769028779 - Data Center West,2024-07-29,P1-KPI2,Mean Time to Resolution,P1,3.75,2.0,<,hours
56009,E2E Full Test Corporation 1769028779 - Data Center West,2024-08-28,P1-KPI2,Mean Time to Resolution,P1,3.94,2.0,<,hours
56009,E2E Full Test Corporation 1769028779 - Data Center West,2024-09-27,P1-KPI2,Mean Time to Resolution,P1,3.88,2.0,<,hours
56009,E2E Full Test Corporation 1769028779 - Data Center West,2024-10-27,P1-KPI2,Mean Time to Resolution,P1,3.73,2.0,<,hours
56009,E2E Full Test Corporation 1769028779 - Data Center West,2024-11-26,P1-KPI2,Mean Time to Resolution,P1,2.94,2.0,<,hours
56009,E2E Full Test Corporation 1769028779 - Data Center West,2024-01-01,P1-KPI3,GPU Utilization,P1,75.41,85.0,>,%
56009,E2E Full Test Corporation 1769028779 - Data Center West,2024-01-31,P1-KPI3,GPU Utilization,P1,71.55,85.0,>,%
56009,E2E Full Test Corporation 1769028779 - Data Center West,2024-03-01,P1-KPI3,GPU Utilization,P1,75.93,85.0,>,%
56009,E2E Full Test Corporation 1769028779 - Data Center West,2024-03-31,P1-KPI3,GPU Utilization,P1,74.66,85.0,>,%
56009,E2E Full Test Corporation 1769028779 - Data Center West,2024-04-30,P1-KPI3,GPU Utilization,P1,76.41,85.0,>,%
56009,E2E Full Test Corporation 1769028779 - Data Center West,2024-05-30,P1-KPI3,GPU Utilization,P1,74.34,85.0,>,%
56009,E2E Full Test Corporation 1769028779 - Data Center West,2024-06-29,P1-KPI3,GPU Utilization,P1,74.95,85.0,>,%
56009,E2E Full Test Corporation 1769028779 - Data Center West,2024-07-29,P1-KPI3,GPU Utilization,P1,76.82,85.0,>,%
56009,E2E Full Test Corporation 1769028779 - Data Center West,2024-08-28,P1-KPI3,GPU Utilization,P1,75.74,85.0,>,%
56009,E2E Full Test Corporation 1769028779 - Data Center West,2024-09-27,P1-KPI3,GPU Utilization,P1,77.24,85.0,>,%
56009,E2E Full Test Corporation 1769028779 - Data Center West,2024-10-27,P1-KPI3,GPU Utilization,P1,81.15,85.0,>,%
56009,E2E Full Test Corporation 1769028779 - Data Center West,2024-11-26,P1-KPI3,GPU Utilization,P1,85.14,85.0,>,%
56009,E2E Full Test Corporation 1769028779 - Data Center West,2024-01-01,P1-KPI4,Network Latency,P1,26.76,10.0,<,ms
56009,E2E Full Test Corporation 1769028779 - Data Center West,2024-01-31,P1-KPI4,Network Latency,P1,27.48,10.0,<,ms
56009,E2E Full Test Corporation 1769028779 - Data Center West,2024-03-01,P1-KPI4,Network Latency,P1,27.84,10.0,<,ms
56009,E2E Full Test Corporation 1769028779 - Data Center West,2024-03-31,P1-KPI4,Network Latency,P1,26.62,10.0,<,ms
56009,E2E Full Test Corporation 1769028779 - Data Center West,2024-04-30,P1-KPI4,Network Latency,P1,28.7,10.0,<,ms
56009,E2E Full Test Corporation 1769028779 - Data Center West,2024-05-30,P1-KPI4,Network Latency,P1,27.23,10.0,<,ms
56009,E2E Full Test Corporation 1769028779 - Data Center West,2024-06-29,P1-KPI4,Network Latency,P1,22.7,10.0,<,ms
56009,E2E Full Test Corporation 1769028779 - Data Center West,2024-07-29,P1-KPI4,Network Latency,P1,21.71,10.0,<,ms
56009,E2E Full Test Corporation 1769028779 - Data Center West,2024-08-28,P1-KPI4,Network Latency,P1,22.26,10.0,<,ms
56009,E2E Full Test Corporation 1769028779 - Data Center West,2024-09-27,P1-KPI4,Network Latency,P1,22.68,10.0,<,ms
56009,E2E Full Test Corporation 1769028779 - Data Center West,2024-10-27,P1-KPI4,Network Latency,P1,21.38,10.0,<,ms
56009,E2E Full Test Corporation 1769028779 - Data Center West,2024-11-26,P1-KPI4,Network Latency,P1,16.08,10.0,<,ms
56009,E2E Full Test Corporation 1769028779 - Data Center West,2024-01-01,P1-KPI5,Storage Performance,P1,76740.78,100000.0,>,IOPS
56009,E2E Full Test Corporation 1769028779 - Data Center West,2024-01-31,P1-KPI5,Storage Performance,P1,74787.11,100000.0,>,IOPS
56009,E2E Full Test Corporation 1769028779 - Data Center West,2024-03-01,P1-KPI5,Storage Performance,P1,75345.84,100000.0,>,IOPS
56009,E2E Full Test Corporation 1769028779 - Data Center West,2024-03-31,P1-KPI5,Storage Performance,P1,73635.76,100000.0,>,IOPS
56009,E2E Full Test Corporation 1769028779 - Data Center West,2024-04-30,P1-KPI5,Storage Performance,P1,80835.52,100000.0,>,IOPS
56009,E2E Full Test Corporation 1769028779 - Data Center West,2024-05-30,P1-KPI5,Storage Performance,P1,79668.78,100000.0,>,IOPS
56009,E2E Full Test Corporation 1769028779 - Data Center West,2024-06-29,P1-KPI5,Storage Performance,P1,84323.85,100000.0,>,IOPS
56009,E2E Full Test Corporation 1769028779 - Data Center West,2024-07-29,P1-KPI5,Storage Performance,P1,87897.82,100000.0,>,IOPS
56009,E2E Full Test Corporation 1769028779 - Data Center West,2024-08-28,P1-KPI5,Storage Performance,P1,81805.1,100000.0,>,IOPS
56009,E2E Full Test Corporation 1769028779 - Data Center West,2024-09-27,P1-KPI5,Storage Performance,P1,80990.78,100000.0,>,IOPS
56009,E2E Full Test Corporation 1769028779 - Data Center West,2024-10-27,P1-KPI5,Storage Performance,P1,85515.44,100000.0,>,IOPS
56009,E2E Full Test Corporation 1769028779 - Data Center West,2024-11-26,P1-KPI5,Storage Performance,P1,95866.49,100000.0,>,IOPS
56009,E2E Full Test Corporation 1769028779 - Data Center West,2024-01-01,P1-KPI6,Cooling Efficiency,P1,1.59,1.3,<,PUE
56009,E2E Full Test Corporation 1769028779 - Data Center West,2024-01-31,P1-KPI6,Cooling Efficiency,P1,1.56,1.3,<,PUE
56009,E2E Full Test Corporation 1769028779 - Data Center West,2024-03-01,P1-KPI6,Cooling Efficiency,P1,1.51,1.3,<,PUE
56009,E2E Full Test Corporation 1769028779 - Data Center West,2024-03-31,P1-KPI6,Cooling Efficiency,P1,1.52,1.3,<,PUE
56009,E2E Full Test Corporation 1769028779 - Data Center West,2024-04-30,P1-KPI6,Cooling Efficiency,P1,1.53,1.3,<,PUE
56009,E2E Full Test Corporation 1769028779 - Data Center West,2024-05-30,P1-KPI6,Cooling Efficiency,P1,1.59,1.3,<,PUE
56009,E2E Full Test Corporation 1769028779 - Data Center West,2024-06-29,P1-KPI6,Cooling Efficiency,P1,1.44,1.3,<,PUE
56009,E2E Full Test Corporation 1769028779 - Data Center West,2024-07-29,P1-KPI6,Cooling Efficiency,P1,1.49,1.3,<,PUE
56009,E2E Full Test Corporation 1769028779 - Data Center West,2024-08-28,P1-KPI6,Cooling Efficiency,P1,1.51,1.3,<,PUE
56009,E2E Full Test Corporation 1769028779 - Data Center West,2024-09-27,P1-KPI6,Cooling Efficiency,P1,1.46,1.3,<,PUE
56009,E2E Full Test Corporation 1769028779 - Data Center West,2024-10-27,P1-KPI6,Cooling Efficiency,P1,1.49,1.3,<,PUE
56009,E2E Full Test Corporation 1769028779 - Data Center West,2024-11-26,P1-KPI6,Cooling Efficiency,P1,1.4,1.3,<,PUE
56009,E2E Full Test Corporation 1769028779 - Data Center West,2024-01-01,P1-KPI7,Power Usage,P1,632.19,500.0,<,kW
56009,E2E Full Test Corporation 1769028779 - Data Center West,2024-01-31,P1-KPI7,Power Usage,P1,656.74,500.0,<,kW
56009,E2E Full Test Corporation 1769028779 - Data Center West,2024-03-01,P1-KPI7,Power Usage,P1,664.31,500.0,<,kW
56009,E2E Full Test Corporation 1769028779 - Data Center West,2024-03-31,P1-KPI7,Power Usage,P1,607.57,500.0,<,kW
56009,E2E Full Test Corporation 1769028779 - Data Center West,2024-04-30,P1-KPI7,Power Usage,P1,666.03,500.0,<,kW
56009,E2E Full Test Corporation 1769028779 - Data Center West,2024-05-30,P1-KPI7,Power Usage,P1,609.2,500.0,<,kW
56009,E2E Full Test Corporation 1769028779 - Data Center West,2024-06-29,P1-KPI7,Power Usage,P1,609.47,500.0,<,kW
56009,E2E Full Test Corporation 1769028779 - Data Center West,2024-07-29,P1-KPI7,Power Usage,P1,560.97,500.0,<,kW
56009,E2E Full Test Corporation 1769028779 - Data Center West,2024-08-28,P1-KPI7,Power Usage,P1,615.09,500.0,<,kW
56009,E2E Full Test Corporation 1769028779 - Data Center West,2024-09-27,P1-KPI7,Power Usage,P1,608.77,500.0,<,kW
56009,E2E Full Test Corporation 1769028779 - Data Center West,2024-10-27,P1-KPI7,Power Usage,P1,600.12,500.0,<,kW
56009,E2E Full Test Corporation 1769028779 - Data Center West,2024-11-26,P1-KPI7,Power Usage,P1,571.42,500.0,<,kW
56009,E2E Full Test Corporation 1769028779 - Data Center West,2024-01-01,P1-KPI8,Thermal Management,P1,28.39,25.0,<,°C
56009,E2E Full Test Corporation 1769028779 - Data Center West,2024-01-31,P1-KPI8,Thermal Management,P1,29.89,25.0,<,°C
56009,E2E Full Test Corporation 1769028779 - Data Center West,2024-03-01,P1-KPI8,Thermal Management,P1,29.31,25.0,<,°C
56009,E2E Full Test Corporation 1769028779 - Data Center West,2024-03-31,P1-KPI8,Thermal Management,P1,29.21,25.0,<,°C
56009,E2E Full Test Corporation 1769028779 - Data Center West,2024-04-30,P1-KPI8,Thermal Management,P1,30.49,25.0,<,°C
56009,E2E Full Test Corporation 1769028779 - Data Center West,2024-05-30,P1-KPI8,Thermal Management,P1,29.98,25.0,<,°C
56009,E2E Full Test Corporation 1769028779 - Data Center West,2024-06-29,P1-KPI8,Thermal Management,P1,27.33,25.0,<,°C
56009,E2E Full Test Corporation 1769028779 - Data Center West,2024-07-29,P1-KPI8,Thermal Management,P1,27.73,25.0,<,°C
56009,E2E Full Test Corporation 1769028779 - Data Center West,2024-08-28,P1-KPI8,Thermal Management,P1,28.7,25.0,<,°C
56009,E2E Full Test Corporation 1769028779 - Data Center West,2024-09-27,P1-KPI8,Thermal Management,P1,27.72,25.0,<,°C
56009,E2E Full Test Corporation 1769028779 - Data Center West,2024-10-27,P1-KPI8,Thermal Management,P1,28.33,25.0,<,°C
56009,E2E Full Test Corporation 1769028779 - Data Center West,2024-11-26,P1-KPI8,Thermal Management,P1,25.68,25.0,<,°C
56009,E2E Full Test Corporation 1769028779 - Data Center West,2024-01-01,P2-KPI1,SLA Compliance,P2,98.75,99.0,>,%
56009,E2E Full Test Corporation 1769028779 - Data Center West,2024-01-31,P2-KPI1,SLA Compliance,P2,100.0,99.0,>,%
56009,E2E Full Test Corporation 1769028779 - Data Center West,2024-03-01,P2-KPI1,SLA Compliance,P2,96.33,99.0,>,%
56009,E2E Full Test Corporation 1769028779 - Data Center West,2024-03-31,P2-KPI1,SLA Compliance,P2,95.0,99.0,>,%
56009,E2E Full Test Corporation 1769028779 - Data Center West,2024-04-30,P2-KPI1,SLA Compliance,P2,95.96,99.0,>,%
56009,E2E Full Test Corporation 1769028779 - Data Center West,2024-05-30,P2-KPI1,SLA Compliance,P2,97.72,99.0,>,%
56009,E2E Full Test Corporation 1769028779 - Data Center West,2024-06-29,P2-KPI1,SLA Compliance,P2,97.49,99.0,>,%
56009,E2E Full Test Corporation 1769028779 - Data Center West,2024-07-29,P2-KPI1,SLA Compliance,P2,95.0,99.0,>,%
56009,E2E Full Test Corporation 1769028779 - Data Center West,2024-08-28,P2-KPI1,SLA Compliance,P2,98.33,99.0,>,%
56009,E2E Full Test Corporation 1769028779 - Data Center West,2024-09-27,P2-KPI1,SLA Compliance,P2,97.15,99.0,>,%
56009,E2E Full Test Corporation 1769028779 - Data Center West,2024-10-27,P2-KPI1,SLA Compliance,P2,95.0,99.0,>,%
56009,E2E Full Test Corporation 1769028779 - Data Center West,2024-11-26,P2-KPI1,SLA Compliance,P2,95.0,99.0,>,%
56009,E2E Full Test Corporation 1769028779 - Data Center West,2024-01-01,P2-KPI2,Incident Response Time,P2,35.75,15.0,<,minutes
56009,E2E Full Test Corporation 1769028779 - Data Center West,2024-01-31,P2-KPI2,Incident Response Time,P2,35.23,15.0,<,minutes
56009,E2E Full Test Corporation 1769028779 - Data Center West,2024-03-01,P2-KPI2,Incident Response Time,P2,35.59,15.0,<,minutes
56009,E2E Full Test Corporation 1769028779 - Data Center West,2024-03-31,P2-KPI2,Incident Response Time,P2,34.64,15.0,<,minutes
56009,E2E Full Test Corporation 1769028779 - Data Center West,2024-04-30,P2-KPI2,Incident Response Time,P2,35.07,15.0,<,minutes
56009,E2E Full Test Corporation 1769028779 - Data Center West,2024-05-30,P2-KPI2,Incident Response Time,P2,35.3,15.0,<,minutes
56009,E2E Full Test Corporation 1769028779 - Data Center West,2024-06-29,P2-KPI2,Incident Response Time,P2,27.16,15.0,<,minutes
56009,E2E Full Test Corporation 1769028779 - Data Center West,2024-07-29,P2-KPI2,Incident Response Time,P2,29.87,15.0,<,minutes
56009,E2E Full Test Corporation 1769028779 - Data Center West,2024-08-28,P2-KPI2,Incident Response Time,P2,29.59,15.0,<,minutes
56009,E2E Full Test Corporation 1769028779 - Data Center West,2024-09-27,P2-KPI2,Incident Response Time,P2,29.3,15.0,<,minutes
56009,E2E Full Test Corporation 1769028779 - Data Center West,2024-10-27,P2-KPI2,Incident Response Time,P2,29.59,15.0,<,minutes
56009,E2E Full Test Corporation 1769028779 - Data Center West,2024-11-26,P2-KPI2,Incident Response Time,P2,22.78,15.0,<,minutes
56009,E2E Full Test Corporation 1769028779 - Data Center West,2024-01-01,P2-KPI3,Change Success Rate,P2,90.12,98.0,>,%
56009,E2E Full Test Corporation 1769028779 - Data Center West,2024-01-31,P2-KPI3,Change Success Rate,P2,93.97,98.0,>,%
56009,E2E Full Test Corporation 1769028779 - Data Center West,2024-03-01,P2-KPI3,Change Success Rate,P2,96.9,98.0,>,%
56009,E2E Full Test Corporation 1769028779 - Data Center West,2024-03-31,P2-KPI3,Change Success Rate,P2,98.02,98.0,>,%
56009,E2E Full Test Corporation 1769028779 - Data Center West,2024-04-30,P2-KPI3,Change Success Rate,P2,95.44,98.0,>,%
56009,E2E Full Test Corporation 1769028779 - Data Center West,2024-05-30,P2-KPI3,Change Success Rate,P2,92.7,98.0,>,%
56009,E2E Full Test Corporation 1769028779 - Data Center West,2024-06-29,P2-KPI3,Change Success Rate,P2,92.38,98.0,>,%
56009,E2E Full Test Corporation 1769028779 - Data Center West,2024-07-29,P2-KPI3,Change Success Rate,P2,99.39,98.0,>,%
56009,E2E Full Test Corporation 1769028779 - Data Center West,2024-08-28,P2-KPI3,Change Success Rate,P2,99.53,98.0,>,%
56009,E2E Full Test Corporation 1769028779 - Data Center West,2024-09-27,P2-KPI3,Change Success Rate,P2,94.62,98.0,>,%
56009,E2E Full Test Corporation 1769028779 - Data Center West,2024-10-27,P2-KPI3,Change Success Rate,P2,94.39,98.0,>,%
56009,E2E Full Test Corporation 1769028779 - Data Center West,2024-11-26,P2-KPI3,Change Success Rate,P2,99.2,98.0,>,%
56009,E2E Full Test Corporation 1769028779 - Data Center West,2024-01-01,P2-KPI4,Backup Success Rate,P2,96.79,100.0,>,%
56009,E2E Full Test Corporation 1769028779 - Data Center West,2024-01-31,P2-KPI4,Backup Success Rate,P2,95.0,100.0,>,%
56009,E2E Full Test Corporation 1769028779 - Data Center West,2024-03-01,P2-KPI4,Backup Success Rate,P2,95.34,100.0,>,%
56009,E2E Full Test Corporation 1769028779 - Data Center West,2024-03-31,P2-KPI4,Backup Success Rate,P2,99.4,100.0,>,%
56009,E2E Full Test Corporation 1769028779 - Data Center West,2024-04-30,P2-KPI4,Backup Success Rate,P2,100.0,100.0,>,%
56009,E2E Full Test Corporation 1769028779 - Data Center West,2024-05-30,P2-KPI4,Backup Success Rate,P2,98.35,100.0,>,%
56009,E2E Full Test Corporation 1769028779 - Data Center West,2024-06-29,P2-KPI4,Backup Success Rate,P2,100.0,100.0,>,%
56009,E2E Full Test Corporation 1769028779 - Data Center West,2024-07-29,P2-KPI4,Backup Success Rate,P2,100.0,100.0,>,%
56009,E2E Full Test Corporation 1769028779 - Data Center West,2024-08-28,P2-KPI4,Backup Success Rate,P2,100.0,100.0,>,%
56009,E2E Full Test Corporation 1769028779 - Data Center West,2024-09-27,P2-KPI4,Backup Success Rate,P2,97.56,100.0,>,%
56009,E2E Full Test Corporation 1769028779 - Data Center West,2024-10-27,P2-KPI4,Backup Success Rate,P2,99.89,100.0,>,%
56009,E2E Full Test Corporation 1769028779 - Data Center West,2024-11-26,P2-KPI4,Backup Success Rate,P2,100.0,100.0,>,%
56009,E2E Full Test Corporation 1769028779 - Data Center West,2024-01-01,P2-KPI5,Patch Compliance,P2,87.54,95.0,>,%
56009,E2E Full Test Corporation 1769028779 - Data Center West,2024-01-31,P2-KPI5,Patch Compliance,P2,86.46,95.0,>,%
56009,E2E Full Test Corporation 1769028779 - Data Center West,2024-03-01,P2-KPI5,Patch Compliance,P2,90.3,95.0,>,%
56009,E2E Full Test Corporation 1769028779 - Data Center West,2024-03-31,P2-KPI5,Patch Compliance,P2,85.7,95.0,>,%
56009,E2E Full Test Corporation 1769028779 - Data Center West,2024-04-30,P2-KPI5,Patch Compliance,P2,86.67,95.0,>,%
56009,E2E Full Test Corporation 1769028779 - Data Center West,2024-05-30,P2-KPI5,Patch Compliance,P2,89.94,95.0,>,%
56009,E2E Full Test Corporation 1769028779 - Data Center West,2024-06-29,P2-KPI5,Patch Compliance,P2,87.52,95.0,>,%
56009,E2E Full Test Corporation 1769028779 - Data Center West,2024-07-29,P2-KPI5,Patch Compliance,P2,92.91,95.0,>,%
56009,E2E Full Test Corporation 1769028779 - Data Center West,2024-08-28,P2-KPI5,Patch Compliance,P2,89.06,95.0,>,%
56009,E2E Full Test Corporation 1769028779 - Data Center West,2024-09-27,P2-KPI5,Patch Compliance,P2,87.16,95.0,>,%
56009,E2E Full Test Corporation 1769028779 - Data Center West,2024-10-27,P2-KPI5,Patch Compliance,P2,90.12,95.0,>,%
56009,E2E Full Test Corporation 1769028779 - Data Center West,2024-11-26,P2-KPI5,Patch Compliance,P2,90.28,95.0,>,%
56009,E2E Full Test Corporation 1769028779 - Data Center West,2024-01-01,P2-KPI6,Service Request Fulfillment,P2,6.27,3.0,<,days
56009,E2E Full Test Corporation 1769028779 - Data Center West,2024-01-31,P2-KPI6,Service Request Fulfillment,P2,5.91,3.0,<,days
56009,E2E Full Test Corporation 1769028779 - Data Center West,2024-03-01,P2-KPI6,Service Request Fulfillment,P2,6.27,3.0,<,days
56009,E2E Full Test Corporation 1769028779 - Data Center West,2024-03-31,P2-KPI6,Service Request Fulfillment,P2,6.11,3.0,<,days
56009,E2E Full Test Corporation 1769028779 - Data Center West,2024-04-30,P2-KPI6,Service Request Fulfillment,P2,6.25,3.0,<,days
56009,E2E Full Test Corporation 1769028779 - Data Center West,2024-05-30,P2-KPI6,Service Request Fulfillment,P2,6.19,3.0,<,days
56009,E2E Full Test Corporation 1769028779 - Data Center West,2024-06-29,P2-KPI6,Service Request Fulfillment,P2,5.05,3.0,<,days
56009,E2E Full Test Corporation 1769028779 - Data Center West,2024-07-29,P2-KPI6,Service Request Fulfillment,P2,5.3,3.0,<,days
56009,E2E Full Test Corporation 1769028779 - Data Center West,2024-08-28,P2-KPI6,Service Request Fulfillment,P2,5.25,3.0,<,days
56009,E2E Full Test Corporation 1769028779 - Data Center West,2024-09-27,P2-KPI6,Service Request Fulfillment,P2,4.85,3.0,<,days
56009,E2E Full Test Corporation 1769028779 - Data Center West,2024-10-27,P2-KPI6,Service Request Fulfillment,P2,5.12,3.0,<,days
56009,E2E Full Test Corporation 1769028779 - Data Center West,2024-11-26,P2-KPI6,Service Request Fulfillment,P2,4.19,3.0,<,days
56009,E2E Full Test Corporation 1769028779 - Data Center West,2024-01-01,P2-KPI7,Capacity Planning Accuracy,P2,78.45,90.0,>,%
56009,E2E Full Test Corporation 1769028779 - Data Center West,2024-01-31,P2-KPI7,Capacity Planning Accuracy,P2,80.03,90.0,>,%
56009,E2E Full Test Corporation 1769028779 - Data Center West,2024-03-01,P2-KPI7,Capacity Planning Accuracy,P2,77.31,90.0,>,%
56009,E2E Full Test Corporation 1769028779 - Data Center West,2024-03-31,P2-KPI7,Capacity Planning Accuracy,P2,81.59,90.0,>,%
56009,E2E Full Test Corporation 1769028779 - Data Center West,2024-04-30,P2-KPI7,Capacity Planning Accuracy,P2,79.76,90.0,>,%
56009,E2E Full Test Corporation 1769028779 - Data Center West,2024-05-30,P2-KPI7,Capacity Planning Accuracy,P2,84.14,90.0,>,%
56009,E2E Full Test Corporation 1769028779 - Data Center West,2024-06-29,P2-KPI7,Capacity Planning Accuracy,P2,82.88,90.0,>,%
56009,E2E Full Test Corporation 1769028779 - Data Center West,2024-07-29,P2-KPI7,Capacity Planning Accuracy,P2,81.46,90.0,>,%
56009,E2E Full Test Corporation 1769028779 - Data Center West,2024-08-28,P2-KPI7,Capacity Planning Accuracy,P2,80.54,90.0,>,%
56009,E2E Full Test Corporation 1769028779 - Data Center West,2024-09-27,P2-KPI7,Capacity Planning Accuracy,P2,80.88,90.0,>,%
56009,E2E Full Test Corporation 1769028779 - Data Center West,2024-10-27,P2-KPI7,Capacity Planning Accuracy,P2,86.97,90.0,>,%
56009,E2E Full Test Corporation 1769028779 - Data Center West,2024-11-26,P2-KPI7,Capacity Planning Accuracy,P2,89.83,90.0,>,%
56009,E2E Full Test Corporation 1769028779 - Data Center West,2024-01-01,P2-KPI8,Documentation Quality,P2,70.87,85.0,>,score
56009,E2E Full Test Corporation 1769028779 - Data Center West,2024-01-31,P2-KPI8,Documentation Quality,P2,71.91,85.0,>,score
56009,E2E Full Test Corporation 1769028779 - Data Center West,2024-03-01,P2-KPI8,Documentation Quality,P2,70.29,85.0,>,score
56009,E2E Full Test Corporation 1769028779 - Data Center West,2024-03-31,P2-KPI8,Documentation Quality,P2,72.46,85.0,>,score
56009,E2E Full Test Corporation 1769028779 - Data Center West,2024-04-30,P2-KPI8,Documentation Quality,P2,76.51,85.0,>,score
56009,E2E Full Test Corporation 1769028779 - Data Center West,2024-05-30,P2-KPI8,Documentation Quality,P2,72.66,85.0,>,score
56009,E2E Full Test Corporation 1769028779 - Data Center West,2024-06-29,P2-KPI8,Documentation Quality,P2,78.53,85.0,>,score
56009,E2E Full Test Corporation 1769028779 - Data Center West,2024-07-29,P2-KPI8,Documentation Quality,P2,79.86,85.0,>,score
56009,E2E Full Test Corporation 1769028779 - Data Center West,2024-08-28,P2-KPI8,Documentation Quality,P2,76.7,85.0,>,score
56009,E2E Full Test Corporation 1769028779 - Data Center West,2024-09-27,P2-KPI8,Documentation Quality,P2,77.71,85.0,>,score
56009,E2E Full Test Corporation 1769028779 - Data Center West,2024-10-27,P2-KPI8,Documentation Quality,P2,79.46,85.0,>,score
56009,E2E Full Test Corporation 1769028779 - Data Center West,2024-11-26,P2-KPI8,Documentation Quality,P2,82.48,85.0,>,score
56009,E2E Full Test Corporation 1769028779 - Data Center West,2024-01-01,P3-KPI1,CSAT Score,P3,4.01,4.5,>,score
56009,E2E Full Test Corporation 1769028779 - Data Center West,2024-01-31,P3-KPI1,CSAT Score,P3,3.68,4.5,>,score
56009,E2E Full Test Corporation 1769028779 - Data Center West,2024-03-01,P3-KPI1,CSAT Score,P3,3.72,4.5,>,score
56009,E2E Full Test Corporation 1769028779 - Data Center West,2024-03-31,P3-KPI1,CSAT Score,P3,3.93,4.5,>,score
56009,E2E Full Test Corporation 1769028779 - Data Center West,2024-04-30,P3-KPI1,CSAT Score,P3,3.94,4.5,>,score
56009,E2E Full Test Corporation 1769028779 - Data Center West,2024-05-30,P3-KPI1,CSAT Score,P3,3.97,4.5,>,score
56009,E2E Full Test Corporation 1769028779 - Data Center West,2024-06-29,P3-KPI1,CSAT Score,P3,3.94,4.5,>,score
56009,E2E Full Test Corporation 1769028779 - Data Center West,2024-07-29,P3-KPI1,CSAT Score,P3,4.0,4.5,>,score
56009,E2E Full Test Corporation 1769028779 - Data Center West,2024-08-28,P3-KPI1,CSAT Score,P3,4.16,4.5,>,score
56009,E2E Full Test Corporation 1769028779 - Data Center West,2024-09-27,P3-KPI1,CSAT Score,P3,4.23,4.5,>,score
56009,E2E Full Test Corporation 1769028779 - Data Center West,2024-10-27,P3-KPI1,CSAT Score,P3,3.92,4.5,>,score
56009,E2E Full Test Corporation 1769028779 - Data Center West,2024-11-26,P3-KPI1,CSAT Score,P3,4.1,4.5,>,score
56009,E2E Full Test Corporation 1769028779 - Data Center West,2024-01-01,P3-KPI2,Support Ticket Volume,P3,56.7,20.0,<,tickets
56009,E2E Full Test Corporation 1769028779 - Data Center West,2024-01-31,P3-KPI2,Support Ticket Volume,P3,56.26,20.0,<,tickets
56009,E2E Full Test Corporation 1769028779 - Data Center West,2024-03-01,P3-KPI2,Support Ticket Volume,P3,54.4,20.0,<,tickets
56009,E2E Full Test Corporation 1769028779 - Data Center West,2024-03-31,P3-KPI2,Support Ticket Volume,P3,55.11,20.0,<,tickets
56009,E2E Full Test Corporation 1769028779 - Data Center West,2024-04-30,P3-KPI2,Support Ticket Volume,P3,55.85,20.0,<,tickets
56009,E2E Full Test Corporation 1769028779 - Data Center West,2024-05-30,P3-KPI2,Support Ticket Volume,P3,53.79,20.0,<,tickets
56009,E2E Full Test Corporation 1769028779 - Data Center West,2024-06-29,P3-KPI2,Support Ticket Volume,P3,46.05,20.0,<,tickets
56009,E2E Full Test Corporation 1769028779 - Data Center West,2024-07-29,P3-KPI2,Support Ticket Volume,P3,46.08,20.0,<,tickets
56009,E2E Full Test Corporation 1769028779 - Data Center West,2024-08-28,P3-KPI2,Support Ticket Volume,P3,43.31,20.0,<,tickets
56009,E2E Full Test Corporation 1769028779 - Data Center West,2024-09-27,P3-KPI2,Support Ticket Volume,P3,42.12,20.0,<,tickets
56009,E2E Full Test Corporation 1769028779 - Data Center West,2024-10-27,P3-KPI2,Support Ticket Volume,P3,42.34,20.0,<,tickets
56009,E2E Full Test Corporation 1769028779 - Data Center West,2024-11-26,P3-KPI2,Support Ticket Volume,P3,31.88,20.0,<,tickets
56009,E2E Full Test Corporation 1769028779 - Data Center West,2024-01-01,P3-KPI3,First Contact Resolution,P3,66.9,75.0,>,%
56009,E2E Full Test Corporation 1769028779 - Data Center West,2024-01-31,P3-KPI3,First Contact Resolution,P3,65.32,75.0,>,%
56009,E2E Full Test Corporation 1769028779 - Data Center West,2024-03-01,P3-KPI3,First Contact Resolution,P3,63.66,75.0,>,%
56009,E2E Full Test Corporation 1769028779 - Data Center West,2024-03-31,P3-KPI3,First Contact Resolution,P3,65.59,75.0,>,%
56009,E2E Full Test Corporation 1769028779 - Data Center West,2024-04-30,P3-KPI3,First Contact Resolution,P3,66.08,75.0,>,%
56009,E2E Full Test Corporation 1769028779 - Data Center West,2024-05-30,P3-KPI3,First Contact Resolution,P3,64.82,75.0,>,%
56009,E2E Full Test Corporation 1769028779 - Data Center West,2024-06-29,P3-KPI3,First Contact Resolution,P3,68.88,75.0,>,%
56009,E2E Full Test Corporation 1769028779 - Data Center West,2024-07-29,P3-KPI3,First Contact Resolution,P3,68.06,75.0,>,%
56009,E2E Full Test Corporation 1769028779 - Data Center West,2024-08-28,P3-KPI3,First Contact Resolution,P3,68.67,75.0,>,%
56009,E2E Full Test Corporation 1769028779 - Data Center West,2024-09-27,P3-KPI3,First Contact Resolution,P3,68.86,75.0,>,%
56009,E2E Full Test Corporation 1769028779 - Data Center West,2024-10-27,P3-KPI3,First Contact Resolution,P3,65.14,75.0,>,%
56009,E2E Full Test Corporation 1769028779 - Data Center West,2024-11-26,P3-KPI3,First Contact Resolution,P3,70.89,75.0,>,%
56009,E2E Full Test Corporation 1769028779 - Data Center West,2024-01-01,P3-KPI4,Training Completion,P3,75.16,90.0,>,%
56009,E2E Full Test Corporation 1769028779 - Data Center West,2024-01-31,P3-KPI4,Training Completion,P3,75.72,90.0,>,%
56009,E2E Full Test Corporation 1769028779 - Data Center West,2024-03-01,P3-KPI4,Training Completion,P3,77.19,90.0,>,%
56009,E2E Full Test Corporation 1769028779 - Data Center West,2024-03-31,P3-KPI4,Training Completion,P3,77.54,90.0,>,%
56009,E2E Full Test Corporation 1769028779 - Data Center West,2024-04-30,P3-KPI4,Training Completion,P3,76.51,90.0,>,%
56009,E2E Full Test Corporation 1769028779 - Data Center West,2024-05-30,P3-KPI4,Training Completion,P3,75.34,90.0,>,%
56009,E2E Full Test Corporation 1769028779 - Data Center West,2024-06-29,P3-KPI4,Training Completion,P3,84.37,90.0,>,%
56009,E2E Full Test Corporation 1769028779 - Data Center West,2024-07-29,P3-KPI4,Training Completion,P3,81.33,90.0,>,%
56009,E2E Full Test Corporation 1769028779 - Data Center West,2024-08-28,P3-KPI4,Training Completion,P3,82.9,90.0,>,%
56009,E2E Full Test Corporation 1769028779 - Data Center West,2024-09-27,P3-KPI4,Training Completion,P3,82.9,90.0,>,%
56009,E2E Full Test Corporation 1769028779 - Data Center West,2024-10-27,P3-KPI4,Training Completion,P3,82.14,90.0,>,%
56009,E2E Full Test Corporation 1769028779 - Data Center West,2024-11-26,P3-KPI4,Training Completion,P3,84.33,90.0,>,%
56009,E2E Full Test Corporation 1769028779 - Data Center West,2024-01-01,P3-KPI5,User Adoption Rate,P3,63.94,80.0,>,%
56009,E2E Full Test Corporation 1769028779 - Data Center West,2024-01-31,P3-KPI5,User Adoption Rate,P3,63.87,80.0,>,%
56009,E2E Full Test Corporation 1769028779 - Data Center West,2024-03-01,P3-KPI5,User Adoption Rate,P3,66.48,80.0,>,%
56009,E2E Full Test Corporation 1769028779 - Data Center West,2024-03-31,P3-KPI5,User Adoption Rate,P3,69.35,80.0,>,%
56009,E2E Full Test Corporation 1769028779 - Data Center West,2024-04-30,P3-KPI5,User Adoption Rate,P3,69.41,80.0,>,%
56009,E2E Full Test Corporation 1769028779 - Data Center West,2024-05-30,P3-KPI5,User Adoption Rate,P3,65.1,80.0,>,%
56009,E2E Full Test Corporation 1769028779 - Data Center West,2024-06-29,P3-KPI5,User Adoption Rate,P3,72.77,80.0,>,%
56009,E2E Full Test Corporation 1769028779 - Data Center West,2024-07-29,P3-KPI5,User Adoption Rate,P3,69.05,80.0,>,%
56009,E2E Full Test Corporation 1769028779 - Data Center West,2024-08-28,P3-KPI5,User Adoption Rate,P3,71.64,80.0,>,%
56009,E2E Full Test Corporation 1769028779 - Data Center West,2024-09-27,P3-KPI5,User Adoption Rate,P3,69.8,80.0,>,%
56009,E2E Full Test Corporation 1769028779 - Data Center West,2024-10-27,P3-KPI5,User Adoption Rate,P3,71.86,80.0,>,%
56009,E2E Full Test Corporation 1769028779 - Data Center West,2024-11-26,P3-KPI5,User Adoption Rate,P3,73.83,80.0,>,%
56009,E2E Full Test Corporation 1769028779 - Data Center West,2024-01-01,P3-KPI6,Executive Engagement,P3,3.24,4.0,>,meetings/quarter
56009,E2E Full Test Corporation 1769028779 - Data Center West,2024-01-31,P3-KPI6,Executive Engagement,P3,3.06,4.0,>,meetings/quarter
56009,E2E Full Test Corporation 1769028779 - Data Center West,2024-03-01,P3-KPI6,Executive Engagement,P3,3.03,4.0,>,meetings/quarter
56009,E2E Full Test Corporation 1769028779 - Data Center West,2024-03-31,P3-KPI6,Executive Engagement,P3,3.09,4.0,>,meetings/quarter
56009,E2E Full Test Corporation 1769028779 - Data Center West,2024-04-30,P3-KPI6,Executive Engagement,P3,3.06,4.0,>,meetings/quarter
56009,E2E Full Test Corporation 1769028779 - Data Center West,2024-05-30,P3-KPI6,Executive Engagement,P3,2.99,4.0,>,meetings/quarter
56009,E2E Full Test Corporation 1769028779 - Data Center West,2024-06-29,P3-KPI6,Executive Engagement,P3,3.45,4.0,>,meetings/quarter
56009,E2E Full Test Corporation 1769028779 - Data Center West,2024-07-29,P3-KPI6,Executive Engagement,P3,3.34,4.0,>,meetings/quarter
56009,E2E Full Test Corporation 1769028779 - Data Center West,2024-08-28,P3-KPI6,Executive Engagement,P3,3.3,4.0,>,meetings/quarter
56009,E2E Full Test Corporation 1769028779 - Data Center West,2024-09-27,P3-KPI6,Executive Engagement,P3,3.39,4.0,>,meetings/quarter
56009,E2E Full Test Corporation 1769028779 - Data Center West,2024-10-27,P3-KPI6,Executive Engagement,P3,3.34,4.0,>,meetings/quarter
56009,E2E Full Test Corporation 1769028779 - Data Center West,2024-11-26,P3-KPI6,Executive Engagement,P3,3.57,4.0,>,meetings/quarter
56009,E2E Full Test Corporation 1769028779 - Data Center West,2024-01-01,P3-KPI7,Response Time SLA,P3,69.27,30.0,<,minutes
56009,E2E Full Test Corporation 1769028779 - Data Center West,2024-01-31,P3-KPI7,Response Time SLA,P3,70.64,30.0,<,minutes
56009,E2E Full Test Corporation 1769028779 - Data Center West,2024-03-01,P3-KPI7,Response Time SLA,P3,67.26,30.0,<,minutes
56009,E2E Full Test Corporation 1769028779 - Data Center West,2024-03-31,P3-KPI7,Response Time SLA,P3,70.2,30.0,<,minutes
56009,E2E Full Test Corporation 1769028779 - Data Center West,2024-04-30,P3-KPI7,Response Time SLA,P3,68.86,30.0,<,minutes
56009,E2E Full Test Corporation 1769028779 - Data Center West,2024-05-30,P3-KPI7,Response Time SLA,P3,69.57,30.0,<,minutes
56009,E2E Full Test Corporation 1769028779 - Data Center West,2024-06-29,P3-KPI7,Response Time SLA,P3,54.53,30.0,<,minutes
56009,E2E Full Test Corporation 1769028779 - Data Center West,2024-07-29,P3-KPI7,Response Time SLA,P3,54.16,30.0,<,minutes
56009,E2E Full Test Corporation 1769028779 - Data Center West,2024-08-28,P3-KPI7,Response Time SLA,P3,54.72,30.0,<,minutes
56009,E2E Full Test Corporation 1769028779 - Data Center West,2024-09-27,P3-KPI7,Response Time SLA,P3,59.77,30.0,<,minutes
56009,E2E Full Test Corporation 1769028779 - Data Center West,2024-10-27,P3-KPI7,Response Time SLA,P3,55.62,30.0,<,minutes
56009,E2E Full Test Corporation 1769028779 - Data Center West,2024-11-26,P3-KPI7,Response Time SLA,P3,41.95,30.0,<,minutes
56009,E2E Full Test Corporation 1769028779 - Data Center West,2024-01-01,P4-KPI1,ROI Achievement,P4,124.86,150.0,>,%
56009,E2E Full Test Corporation 1769028779 - Data Center West,2024-01-31,P4-KPI1,ROI Achievement,P4,129.22,150.0,>,%
56009,E2E Full Test Corporation 1769028779 - Data Center West,2024-03-01,P4-KPI1,ROI Achievement,P4,121.6,150.0,>,%
56009,E2E Full Test Corporation 1769028779 - Data Center West,2024-03-31,P4-KPI1,ROI Achievement,P4,123.84,150.0,>,%
56009,E2E Full Test Corporation 1769028779 - Data Center West,2024-04-30,P4-KPI1,ROI Achievement,P4,121.72,150.0,>,%
56009,E2E Full Test Corporation 1769028779 - Data Center West,2024-05-30,P4-KPI1,ROI Achievement,P4,130.83,150.0,>,%
56009,E2E Full Test Corporation 1769028779 - Data Center West,2024-06-29,P4-KPI1,ROI Achievement,P4,130.05,150.0,>,%
56009,E2E Full Test Corporation 1769028779 - Data Center West,2024-07-29,P4-KPI1,ROI Achievement,P4,128.72,150.0,>,%
56009,E2E Full Test Corporation 1769028779 - Data Center West,2024-08-28,P4-KPI1,ROI Achievement,P4,129.56,150.0,>,%
56009,E2E Full Test Corporation 1769028779 - Data Center West,2024-09-27,P4-KPI1,ROI Achievement,P4,133.5,150.0,>,%
56009,E2E Full Test Corporation 1769028779 - Data Center West,2024-10-27,P4-KPI1,ROI Achievement,P4,132.9,150.0,>,%
56009,E2E Full Test Corporation 1769028779 - Data Center West,2024-11-26,P4-KPI1,ROI Achievement,P4,140.93,150.0,>,%
56009,E2E Full Test Corporation 1769028779 - Data Center West,2024-01-01,P4-KPI2,Cost Reduction,P4,10.89,20.0,>,%
56009,E2E Full Test Corporation 1769028779 - Data Center West,2024-01-31,P4-KPI2,Cost Reduction,P4,11.54,20.0,>,%
56009,E2E Full Test Corporation 1769028779 - Data Center West,2024-03-01,P4-KPI2,Cost Reduction,P4,10.73,20.0,>,%
56009,E2E Full Test Corporation 1769028779 - Data Center West,2024-03-31,P4-KPI2,Cost Reduction,P4,10.91,20.0,>,%
56009,E2E Full Test Corporation 1769028779 - Data Center West,2024-04-30,P4-KPI2,Cost Reduction,P4,11.11,20.0,>,%
56009,E2E Full Test Corporation 1769028779 - Data Center West,2024-05-30,P4-KPI2,Cost Reduction,P4,10.95,20.0,>,%
56009,E2E Full Test Corporation 1769028779 - Data Center West,2024-06-29,P4-KPI2,Cost Reduction,P4,13.37,20.0,>,%
56009,E2E Full Test Corporation 1769028779 - Data Center West,2024-07-29,P4-KPI2,Cost Reduction,P4,14.61,20.0,>,%
56009,E2E Full Test Corporation 1769028779 - Data Center West,2024-08-28,P4-KPI2,Cost Reduction,P4,13.46,20.0,>,%
56009,E2E Full Test Corporation 1769028779 - Data Center West,2024-09-27,P4-KPI2,Cost Reduction,P4,13.46,20.0,>,%
56009,E2E Full Test Corporation 1769028779 - Data Center West,2024-10-27,P4-KPI2,Cost Reduction,P4,14.5,20.0,>,%
56009,E2E Full Test Corporation 1769028779 - Data Center West,2024-11-26,P4-KPI2,Cost Reduction,P4,16.63,20.0,>,%
56009,E2E Full Test Corporation 1769028779 - Data Center West,2024-01-01,P4-KPI3,Time to Value,P4,126.38,90.0,<,days
56009,E2E Full Test Corporation 1769028779 - Data Center West,2024-01-31,P4-KPI3,Time to Value,P4,135.77,90.0,<,days
56009,E2E Full Test Corporation 1769028779 - Data Center West,2024-03-01,P4-KPI3,Time to Value,P4,136.2,90.0,<,days
56009,E2E Full Test Corporation 1769028779 - Data Center West,2024-03-31,P4-KPI3,Time to Value,P4,134.81,90.0,<,days
56009,E2E Full Test Corporation 1769028779 - Data Center West,2024-04-30,P4-KPI3,Time to Value,P4,135.44,90.0,<,days
56009,E2E Full Test Corporation 1769028779 - Data Center West,2024-05-30,P4-KPI3,Time to Value,P4,129.59,90.0,<,days
56009,E2E Full Test Corporation 1769028779 - Data Center West,2024-06-29,P4-KPI3,Time to Value,P4,120.76,90.0,<,days
56009,E2E Full Test Corporation 1769028779 - Data Center West,2024-07-29,P4-KPI3,Time to Value,P4,112.97,90.0,<,days
56009,E2E Full Test Corporation 1769028779 - Data Center West,2024-08-28,P4-KPI3,Time to Value,P4,117.22,90.0,<,days
56009,E2E Full Test Corporation 1769028779 - Data Center West,2024-09-27,P4-KPI3,Time to Value,P4,113.35,90.0,<,days
56009,E2E Full Test Corporation 1769028779 - Data Center West,2024-10-27,P4-KPI3,Time to Value,P4,116.35,90.0,<,days
56009,E2E Full Test Corporation 1769028779 - Data Center West,2024-11-26,P4-KPI3,Time to Value,P4,101.13,90.0,<,days
56009,E2E Full Test Corporation 1769028779 - Data Center West,2024-01-01,P4-KPI4,Revenue Enablement,P4,3.28,5.0,>,$M
56009,E2E Full Test Corporation 1769028779 - Data Center West,2024-01-31,P4-KPI4,Revenue Enablement,P4,3.3,5.0,>,$M
56009,E2E Full Test Corporation 1769028779 - Data Center West,2024-03-01,P4-KPI4,Revenue Enablement,P4,3.04,5.0,>,$M
56009,E2E Full Test Corporation 1769028779 - Data Center West,2024-03-31,P4-KPI4,Revenue Enablement,P4,3.07,5.0,>,$M
56009,E2E Full Test Corporation 1769028779 - Data Center West,2024-04-30,P4-KPI4,Revenue Enablement,P4,3.28,5.0,>,$M
56009,E2E Full Test Corporation 1769028779 - Data Center West,2024-05-30,P4-KPI4,Revenue Enablement,P4,3.07,5.0,>,$M
56009,E2E Full Test Corporation 1769028779 - Data Center West,2024-06-29,P4-KPI4,Revenue Enablement,P4,3.78,5.0,>,$M
56009,E2E Full Test Corporation 1769028779 - Data Center West,2024-07-29,P4-KPI4,Revenue Enablement,P4,3.78,5.0,>,$M
56009,E2E Full Test Corporation 1769028779 - Data Center West,2024-08-28,P4-KPI4,Revenue Enablement,P4,3.78,5.0,>,$M
56009,E2E Full Test Corporation 1769028779 - Data Center West,2024-09-27,P4-KPI4,Revenue Enablement,P4,3.87,5.0,>,$M
56009,E2E Full Test Corporation 1769028779 - Data Center West,2024-10-27,P4-KPI4,Revenue Enablement,P4,3.79,5.0,>,$M
56009,E2E Full Test Corporation 1769028779 - Data Center West,2024-11-26,P4-KPI4,Revenue Enablement,P4,4.26,5.0,>,$M
56009,E2E Full Test Corporation 1769028779 - Data Center West,2024-01-01,P4-KPI5,Operational Efficiency,P4,74.81,85.0,>,%
56009,E2E Full Test Corporation 1769028779 - Data Center West,2024-01-31,P4-KPI5,Operational Efficiency,P4,70.57,85.0,>,%
56009,E2E Full Test Corporation 1769028779 - Data Center West,2024-03-01,P4-KPI5,Operational Efficiency,P4,73.91,85.0,>,%
56009,E2E Full Test Corporation 1769028779 - Data Center West,2024-03-31,P4-KPI5,Operational Efficiency,P4,71.14,85.0,>,%
56009,E2E Full Test Corporation 1769028779 - Data Center West,2024-04-30,P4-KPI5,Operational Efficiency,P4,75.14,85.0,>,%
56009,E2E Full Test Corporation 1769028779 - Data Center West,2024-05-30,P4-KPI5,Operational Efficiency,P4,70.28,85.0,>,%
56009,E2E Full Test Corporation 1769028779 - Data Center West,2024-06-29,P4-KPI5,Operational Efficiency,P4,75.72,85.0,>,%
56009,E2E Full Test Corporation 1769028779 - Data Center West,2024-07-29,P4-KPI5,Operational Efficiency,P4,80.87,85.0,>,%
56009,E2E Full Test Corporation 1769028779 - Data Center West,2024-08-28,P4-KPI5,Operational Efficiency,P4,78.55,85.0,>,%
56009,E2E Full Test Corporation 1769028779 - Data Center West,2024-09-27,P4-KPI5,Operational Efficiency,P4,78.07,85.0,>,%
56009,E2E Full Test Corporation 1769028779 - Data Center West,2024-10-27,P4-KPI5,Operational Efficiency,P4,79.07,85.0,>,%
56009,E2E Full Test Corporation 1769028779 - Data Center West,2024-11-26,P4-KPI5,Operational Efficiency,P4,81.0,85.0,>,%
56009,E2E Full Test Corporation 1769028779 - Data Center West,2024-01-01,P4-KPI6,Innovation Projects,P4,2.2,3.0,>,count
56009,E2E Full Test Corporation 1769028779 - Data Center West,2024-01-31,P4-KPI6,Innovation Projects,P4,2.02,3.0,>,count
56009,E2E Full Test Corporation 1769028779 - Data Center West,2024-03-01,P4-KPI6,Innovation Projects,P4,2.01,3.0,>,count
56009,E2E Full Test Corporation 1769028779 - Data Center West,2024-03-31,P4-KPI6,Innovation Projects,P4,2.13,3.0,>,count
56009,E2E Full Test Corporation 1769028779 - Data Center West,2024-04-30,P4-KPI6,Innovation Projects,P4,2.08,3.0,>,count
56009,E2E Full Test Corporation 1769028779 - Data Center West,2024-05-30,P4-KPI6,Innovation Projects,P4,2.2,3.0,>,count
56009,E2E Full Test Corporation 1769028779 - Data Center West,2024-06-29,P4-KPI6,Innovation Projects,P4,2.28,3.0,>,count
56009,E2E Full Test Corporation 1769028779 - Data Center West,2024-07-29,P4-KPI6,Innovation Projects,P4,2.39,3.0,>,count
56009,E2E Full Test Corporation 1769028779 - Data Center West,2024-08-28,P4-KPI6,Innovation Projects,P4,2.47,3.0,>,count
56009,E2E Full Test Corporation 1769028779 - Data Center West,2024-09-27,P4-KPI6,Innovation Projects,P4,2.36,3.0,>,count
56009,E2E Full Test Corporation 1769028779 - Data Center West,2024-10-27,P4-KPI6,Innovation Projects,P4,2.45,3.0,>,count
56009,E2E Full Test Corporation 1769028779 - Data Center West,2024-11-26,P4-KPI6,Innovation Projects,P4,2.66,3.0,>,count
56009,E2E Full Test Corporation 1769028779 - Data Center West,2024-01-01,P4-KPI7,Business Case Validation,P4,78.04,90.0,>,%
56009,E2E Full Test Corporation 1769028779 - Data Center West,2024-01-31,P4-KPI7,Business Case Validation,P4,81.34,90.0,>,%
56009,E2E Full Test Corporation 1769028779 - Data Center West,2024-03-01,P4-KPI7,Business Case Validation,P4,80.57,90.0,>,%
56009,E2E Full Test Corporation 1769028779 - Data Center West,2024-03-31,P4-KPI7,Business Case Validation,P4,82.0,90.0,>,%
56009,E2E Full Test Corporation 1769028779 - Data Center West,2024-04-30,P4-KPI7,Business Case Validation,P4,79.32,90.0,>,%
56009,E2E Full Test Corporation 1769028779 - Data Center West,2024-05-30,P4-KPI7,Business Case Validation,P4,80.35,90.0,>,%
56009,E2E Full Test Corporation 1769028779 - Data Center West,2024-06-29,P4-KPI7,Business Case Validation,P4,82.2,90.0,>,%
56009,E2E Full Test Corporation 1769028779 - Data Center West,2024-07-29,P4-KPI7,Business Case Validation,P4,81.44,90.0,>,%
56009,E2E Full Test Corporation 1769028779 - Data Center West,2024-08-28,P4-KPI7,Business Case Validation,P4,87.83,90.0,>,%
56009,E2E Full Test Corporation 1769028779 - Data Center West,2024-09-27,P4-KPI7,Business Case Validation,P4,87.19,90.0,>,%
56009,E2E Full Test Corporation 1769028779 - Data Center West,2024-10-27,P4-KPI7,Business Case Validation,P4,85.73,90.0,>,%
56009,E2E Full Test Corporation 1769028779 - Data Center West,2024-11-26,P4-KPI7,Business Case Validation,P4,90.93,90.0,>,%
56009,E2E Full Test Corporation 1769028779 - Data Center West,2024-01-01,P5-KPI1,Executive Sponsorship,P5,3.7,4.5,>,score
56009,E2E Full Test Corporation 1769028779 - Data Center West,2024-01-31,P5-KPI1,Executive Sponsorship,P5,3.79,4.5,>,score
56009,E2E Full Test Corporation 1769028779 - Data Center West,2024-03-01,P5-KPI1,Executive Sponsorship,P5,3.78,4.5,>,score
56009,E2E Full Test Corporation 1769028779 - Data Center West,2024-03-31,P5-KPI1,Executive Sponsorship,P5,3.96,4.5,>,score
56009,E2E Full Test Corporation 1769028779 - Data Center West,2024-04-30,P5-KPI1,Executive Sponsorship,P5,3.84,4.5,>,score
56009,E2E Full Test Corporation 1769028779 - Data Center West,2024-05-30,P5-KPI1,Executive Sponsorship,P5,3.88,4.5,>,score
56009,E2E Full Test Corporation 1769028779 - Data Center West,2024-06-29,P5-KPI1,Executive Sponsorship,P5,4.24,4.5,>,score
56009,E2E Full Test Corporation 1769028779 - Data Center West,2024-07-29,P5-KPI1,Executive Sponsorship,P5,3.86,4.5,>,score
56009,E2E Full Test Corporation 1769028779 - Data Center West,2024-08-28,P5-KPI1,Executive Sponsorship,P5,4.0,4.5,>,score
56009,E2E Full Test Corporation 1769028779 - Data Center West,2024-09-27,P5-KPI1,Executive Sponsorship,P5,4.13,4.5,>,score
56009,E2E Full Test Corporation 1769028779 - Data Center West,2024-10-27,P5-KPI1,Executive Sponsorship,P5,4.24,4.5,>,score
56009,E2E Full Test Corporation 1769028779 - Data Center West,2024-11-26,P5-KPI1,Executive Sponsorship,P5,4.35,4.5,>,score
56009,E2E Full Test Corporation 1769028779 - Data Center West,2024-01-01,P5-KPI2,Renewal Likelihood,P5,86.21,95.0,>,%
56009,E2E Full Test Corporation 1769028779 - Data Center West,2024-01-31,P5-KPI2,Renewal Likelihood,P5,82.08,95.0,>,%
56009,E2E Full Test Corporation 1769028779 - Data Center West,2024-03-01,P5-KPI2,Renewal Likelihood,P5,85.29,95.0,>,%
56009,E2E Full Test Corporation 1769028779 - Data Center West,2024-03-31,P5-KPI2,Renewal Likelihood,P5,84.04,95.0,>,%
56009,E2E Full Test Corporation 1769028779 - Data Center West,2024-04-30,P5-KPI2,Renewal Likelihood,P5,84.8,95.0,>,%
56009,E2E Full Test Corporation 1769028779 - Data Center West,2024-05-30,P5-KPI2,Renewal Likelihood,P5,87.73,95.0,>,%
56009,E2E Full Test Corporation 1769028779 - Data Center West,2024-06-29,P5-KPI2,Renewal Likelihood,P5,90.27,95.0,>,%
56009,E2E Full Test Corporation 1769028779 - Data Center West,2024-07-29,P5-KPI2,Renewal Likelihood,P5,85.64,95.0,>,%
56009,E2E Full Test Corporation 1769028779 - Data Center West,2024-08-28,P5-KPI2,Renewal Likelihood,P5,83.78,95.0,>,%
56009,E2E Full Test Corporation 1769028779 - Data Center West,2024-09-27,P5-KPI2,Renewal Likelihood,P5,83.62,95.0,>,%
56009,E2E Full Test Corporation 1769028779 - Data Center West,2024-10-27,P5-KPI2,Renewal Likelihood,P5,85.88,95.0,>,%
56009,E2E Full Test Corporation 1769028779 - Data Center West,2024-11-26,P5-KPI2,Renewal Likelihood,P5,95.54,95.0,>,%
56009,E2E Full Test Corporation 1769028779 - Data Center West,2024-01-01,P5-KPI3,Expansion Pipeline,P5,1.27,2.0,>,$M
56009,E2E Full Test Corporation 1769028779 - Data Center West,2024-01-31,P5-KPI3,Expansion Pipeline,P5,1.29,2.0,>,$M
56009,E2E Full Test Corporation 1769028779 - Data Center West,2024-03-01,P5-KPI3,Expansion Pipeline,P5,1.36,2.0,>,$M
56009,E2E Full Test Corporation 1769028779 - Data Center West,2024-03-31,P5-KPI3,Expansion Pipeline,P5,1.3,2.0,>,$M
56009,E2E Full Test Corporation 1769028779 - Data Center West,2024-04-30,P5-KPI3,Expansion Pipeline,P5,1.34,2.0,>,$M
56009,E2E Full Test Corporation 1769028779 - Data Center West,2024-05-30,P5-KPI3,Expansion Pipeline,P5,1.27,2.0,>,$M
56009,E2E Full Test Corporation 1769028779 - Data Center West,2024-06-29,P5-KPI3,Expansion Pipeline,P5,1.49,2.0,>,$M
56009,E2E Full Test Corporation 1769028779 - Data Center West,2024-07-29,P5-KPI3,Expansion Pipeline,P5,1.59,2.0,>,$M
56009,E2E Full Test Corporation 1769028779 - Data Center West,2024-08-28,P5-KPI3,Expansion Pipeline,P5,1.5,2.0,>,$M
56009,E2E Full Test Corporation 1769028779 - Data Center West,2024-09-27,P5-KPI3,Expansion Pipeline,P5,1.55,2.0,>,$M
56009,E2E Full Test Corporation 1769028779 - Data Center West,2024-10-27,P5-KPI3,Expansion Pipeline,P5,1.53,2.0,>,$M
56009,E2E Full Test Corporation 1769028779 - Data Center West,2024-11-26,P5-KPI3,Expansion Pipeline,P5,1.75,2.0,>,$M
56009,E2E Full Test Corporation 1769028779 - Data Center West,2024-01-01,P5-KPI4,Reference Willingness,P5,3.01,4.0,>,score
56009,E2E Full Test Corporation 1769028779 - Data Center West,2024-01-31,P5-KPI4,Reference Willingness,P5,3.18,4.0,>,score
56009,E2E Full Test Corporation 1769028779 - Data Center West,2024-03-01,P5-KPI4,Reference Willingness,P5,3.03,4.0,>,score
56009,E2E Full Test Corporation 1769028779 - Data Center West,2024-03-31,P5-KPI4,Reference Willingness,P5,3.24,4.0,>,score
56009,E2E Full Test Corporation 1769028779 - Data Center West,2024-04-30,P5-KPI4,Reference Willingness,P5,3.17,4.0,>,score
56009,E2E Full Test Corporation 1769028779 - Data Center West,2024-05-30,P5-KPI4,Reference Willingness,P5,3.05,4.0,>,score
56009,E2E Full Test Corporation 1769028779 - Data Center West,2024-06-29,P5-KPI4,Reference Willingness,P5,3.46,4.0,>,score
56009,E2E Full Test Corporation 1769028779 - Data Center West,2024-07-29,P5-KPI4,Reference Willingness,P5,3.34,4.0,>,score
56009,E2E Full Test Corporation 1769028779 - Data Center West,2024-08-28,P5-KPI4,Reference Willingness,P5,3.44,4.0,>,score
56009,E2E Full Test Corporation 1769028779 - Data Center West,2024-09-27,P5-KPI4,Reference Willingness,P5,3.43,4.0,>,score
56009,E2E Full Test Corporation 1769028779 - Data Center West,2024-10-27,P5-KPI4,Reference Willingness,P5,3.51,4.0,>,score
56009,E2E Full Test Corporation 1769028779 - Data Center West,2024-11-26,P5-KPI4,Reference Willingness,P5,3.66,4.0,>,score
56009,E2E Full Test Corporation 1769028779 - Data Center West,2024-01-01,P5-KPI5,Strategic Alignment,P5,72.52,85.0,>,score
56009,E2E Full Test Corporation 1769028779 - Data Center West,2024-01-31,P5-KPI5,Strategic Alignment,P5,76.62,85.0,>,score
56009,E2E Full Test Corporation 1769028779 - Data Center West,2024-03-01,P5-KPI5,Strategic Alignment,P5,70.82,85.0,>,score
56009,E2E Full Test Corporation 1769028779 - Data Center West,2024-03-31,P5-KPI5,Strategic Alignment,P5,76.08,85.0,>,score
56009,E2E Full Test Corporation 1769028779 - Data Center West,2024-04-30,P5-KPI5,Strategic Alignment,P5,73.45,85.0,>,score
56009,E2E Full Test Corporation 1769028779 - Data Center West,2024-05-30,P5-KPI5,Strategic Alignment,P5,72.03,85.0,>,score
56009,E2E Full Test Corporation 1769028779 - Data Center West,2024-06-29,P5-KPI5,Strategic Alignment,P5,77.22,85.0,>,score
56009,E2E Full Test Corporation 1769028779 - Data Center West,2024-07-29,P5-KPI5,Strategic Alignment,P5,75.39,85.0,>,score
56009,E2E Full Test Corporation 1769028779 - Data Center West,2024-08-28,P5-KPI5,Strategic Alignment,P5,76.21,85.0,>,score
56009,E2E Full Test Corporation 1769028779 - Data Center West,2024-09-27,P5-KPI5,Strategic Alignment,P5,77.38,85.0,>,score
56009,E2E Full Test Corporation 1769028779 - Data Center West,2024-10-27,P5-KPI5,Strategic Alignment,P5,77.94,85.0,>,score
56009,E2E Full Test Corporation 1769028779 - Data Center West,2024-11-26,P5-KPI5,Strategic Alignment,P5,78.66,85.0,>,score
56009,E2E Full Test Corporation 1769028779 - Data Center West,2024-01-01,P5-KPI6,Partnership Depth,P5,69.77,80.0,>,score
56009,E2E Full Test Corporation 1769028779 - Data Center West,2024-01-31,P5-KPI6,Partnership Depth,P5,64.23,80.0,>,score
56009,E2E Full Test Corporation 1769028779 - Data Center West,2024-03-01,P5-KPI6,Partnership Depth,P5,66.08,80.0,>,score
56009,E2E Full Test Corporation 1769028779 - Data Center West,2024-03-31,P5-KPI6,Partnership Depth,P5,66.93,80.0,>,score
56009,E2E Full Test Corporation 1769028779 - Data Center West,2024-04-30,P5-KPI6,Partnership Depth,P5,64.69,80.0,>,score
56009,E2E Full Test Corporation 1769028779 - Data Center West,2024-05-30,P5-KPI6,Partnership Depth,P5,69.8,80.0,>,score
56009,E2E Full Test Corporation 1769028779 - Data Center West,2024-06-29,P5-KPI6,Partnership Depth,P5,74.07,80.0,>,score
56009,E2E Full Test Corporation 1769028779 - Data Center West,2024-07-29,P5-KPI6,Partnership Depth,P5,68.08,80.0,>,score
56009,E2E Full Test Corporation 1769028779 - Data Center West,2024-08-28,P5-KPI6,Partnership Depth,P5,74.46,80.0,>,score
56009,E2E Full Test Corporation 1769028779 - Data Center West,2024-09-27,P5-KPI6,Partnership Depth,P5,73.2,80.0,>,score
56009,E2E Full Test Corporation 1769028779 - Data Center West,2024-10-27,P5-KPI6,Partnership Depth,P5,70.57,80.0,>,score
56009,E2E Full Test Corporation 1769028779 - Data Center West,2024-11-26,P5-KPI6,Partnership Depth,P5,73.94,80.0,>,score
56009,E2E Full Test Corporation 1769028779 - Data Center West,2024-01-01,P5-KPI7,NPS Score,P5,57.95,70.0,>,score
56009,E2E Full Test Corporation 1769028779 - Data Center West,2024-01-31,P5-KPI7,NPS Score,P5,56.17,70.0,>,score
56009,E2E Full Test Corporation 1769028779 - Data Center West,2024-03-01,P5-KPI7,NPS Score,P5,55.32,70.0,>,score
56009,E2E Full Test Corporation 1769028779 - Data Center West,2024-03-31,P5-KPI7,NPS Score,P5,56.24,70.0,>,score
56009,E2E Full Test Corporation 1769028779 - Data Center West,2024-04-30,P5-KPI7,NPS Score,P5,56.13,70.0,>,score
56009,E2E Full Test Corporation 1769028779 - Data Center West,2024-05-30,P5-KPI7,NPS Score,P5,54.58,70.0,>,score
56009,E2E Full Test Corporation 1769028779 - Data Center West,2024-06-29,P5-KPI7,NPS Score,P5,60.31,70.0,>,score
56009,E2E Full Test Corporation 1769028779 - Data Center West,2024-07-29,P5-KPI7,NPS Score,P5,60.81,70.0,>,score
56009,E2E Full Test Corporation 1769028779 - Data Center West,2024-08-28,P5-KPI7,NPS Score,P5,57.96,70.0,>,score
56009,E2E Full Test Corporation 1769028779 - Data Center West,2024-09-27,P5-KPI7,NPS Score,P5,59.37,70.0,>,score
56009,E2E Full Test Corporation 1769028779 - Data Center West,2024-10-27,P5-KPI7,NPS Score,P5,62.13,70.0,>,score
56009,E2E Full Test Corporation 1769028779 - Data Center West,2024-11-26,P5-KPI7,NPS Score,P5,64.18,70.0,>,score
56010,E2E Full Test Corporation 1769028779 - Infrastructure,2024-01-01,P1-KPI1,System Uptime,P1,98.0,99.9,>,%
56010,E2E Full Test Corporation 1769028779 - Infrastructure,2024-01-31,P1-KPI1,System Uptime,P1,98.0,99.9,>,%
56010,E2E Full Test Corporation 1769028779 - Infrastructure,2024-03-01,P1-KPI1,System Uptime,P1,99.65,99.9,>,%
56010,E2E Full Test Corporation 1769028779 - Infrastructure,2024-03-31,P1-KPI1,System Uptime,P1,99.34,99.9,>,%
56010,E2E Full Test Corporation 1769028779 - Infrastructure,2024-04-30,P1-KPI1,System Uptime,P1,100.0,99.9,>,%
56010,E2E Full Test Corporation 1769028779 - Infrastructure,2024-05-30,P1-KPI1,System Uptime,P1,98.0,99.9,>,%
56010,E2E Full Test Corporation 1769028779 - Infrastructure,2024-06-29,P1-KPI1,System Uptime,P1,98.0,99.9,>,%
56010,E2E Full Test Corporation 1769028779 - Infrastructure,2024-07-29,P1-KPI1,System Uptime,P1,100.0,99.9,>,%
56010,E2E Full Test Corporation 1769028779 - Infrastructure,2024-08-28,P1-KPI1,System Uptime,P1,98.0,99.9,>,%
56010,E2E Full Test Corporation 1769028779 - Infrastructure,2024-09-27,P1-KPI1,System Uptime,P1,98.69,99.9,>,%
56010,E2E Full Test Corporation 1769028779 - Infrastructure,2024-10-27,P1-KPI1,System Uptime,P1,99.16,99.9,>,%
56010,E2E Full Test Corporation 1769028779 - Infrastructure,2024-11-26,P1-KPI1,System Uptime,P1,98.0,99.9,>,%
56010,E2E Full Test Corporation 1769028779 - Infrastructure,2024-01-01,P1-KPI2,Mean Time to Resolution,P1,2.77,2.0,<,hours
56010,E2E Full Test Corporation 1769028779 - Infrastructure,2024-01-31,P1-KPI2,Mean Time to Resolution,P1,2.85,2.0,<,hours
56010,E2E Full Test Corporation 1769028779 - Infrastructure,2024-03-01,P1-KPI2,Mean Time to Resolution,P1,2.84,2.0,<,hours
56010,E2E Full Test Corporation 1769028779 - Infrastructure,2024-03-31,P1-KPI2,Mean Time to Resolution,P1,3.71,2.0,<,hours
56010,E2E Full Test Corporation 1769028779 - Infrastructure,2024-04-30,P1-KPI2,Mean Time to Resolution,P1,3.71,2.0,<,hours
56010,E2E Full Test Corporation 1769028779 - Infrastructure,2024-05-30,P1-KPI2,Mean Time to Resolution,P1,3.71,2.0,<,hours
56010,E2E Full Test Corporation 1769028779 - Infrastructure,2024-06-29,P1-KPI2,Mean Time to Resolution,P1,3.91,2.0,<,hours
56010,E2E Full Test Corporation 1769028779 - Infrastructure,2024-07-29,P1-KPI2,Mean Time to Resolution,P1,3.75,2.0,<,hours
56010,E2E Full Test Corporation 1769028779 - Infrastructure,2024-08-28,P1-KPI2,Mean Time to Resolution,P1,3.71,2.0,<,hours
56010,E2E Full Test Corporation 1769028779 - Infrastructure,2024-09-27,P1-KPI2,Mean Time to Resolution,P1,4.64,2.0,<,hours
56010,E2E Full Test Corporation 1769028779 - Infrastructure,2024-10-27,P1-KPI2,Mean Time to Resolution,P1,4.53,2.0,<,hours
56010,E2E Full Test Corporation 1769028779 - Infrastructure,2024-11-26,P1-KPI2,Mean Time to Resolution,P1,4.82,2.0,<,hours
56010,E2E Full Test Corporation 1769028779 - Infrastructure,2024-01-01,P1-KPI3,GPU Utilization,P1,79.02,85.0,>,%
56010,E2E Full Test Corporation 1769028779 - Infrastructure,2024-01-31,P1-KPI3,GPU Utilization,P1,80.29,85.0,>,%
56010,E2E Full Test Corporation 1769028779 - Infrastructure,2024-03-01,P1-KPI3,GPU Utilization,P1,79.68,85.0,>,%
56010,E2E Full Test Corporation 1769028779 - Infrastructure,2024-03-31,P1-KPI3,GPU Utilization,P1,77.72,85.0,>,%
56010,E2E Full Test Corporation 1769028779 - Infrastructure,2024-04-30,P1-KPI3,GPU Utilization,P1,77.91,85.0,>,%
56010,E2E Full Test Corporation 1769028779 - Infrastructure,2024-05-30,P1-KPI3,GPU Utilization,P1,80.22,85.0,>,%
56010,E2E Full Test Corporation 1769028779 - Infrastructure,2024-06-29,P1-KPI3,GPU Utilization,P1,78.5,85.0,>,%
56010,E2E Full Test Corporation 1769028779 - Infrastructure,2024-07-29,P1-KPI3,GPU Utilization,P1,73.91,85.0,>,%
56010,E2E Full Test Corporation 1769028779 - Infrastructure,2024-08-28,P1-KPI3,GPU Utilization,P1,76.2,85.0,>,%
56010,E2E Full Test Corporation 1769028779 - Infrastructure,2024-09-27,P1-KPI3,GPU Utilization,P1,75.17,85.0,>,%
56010,E2E Full Test Corporation 1769028779 - Infrastructure,2024-10-27,P1-KPI3,GPU Utilization,P1,77.15,85.0,>,%
56010,E2E Full Test Corporation 1769028779 - Infrastructure,2024-11-26,P1-KPI3,GPU Utilization,P1,76.41,85.0,>,%
56010,E2E Full Test Corporation 1769028779 - Infrastructure,2024-01-01,P1-KPI4,Network Latency,P1,15.26,10.0,<,ms
56010,E2E Full Test Corporation 1769028779 - Infrastructure,2024-01-31,P1-KPI4,Network Latency,P1,15.98,10.0,<,ms
56010,E2E Full Test Corporation 1769028779 - Infrastructure,2024-03-01,P1-KPI4,Network Latency,P1,16.13,10.0,<,ms
56010,E2E Full Test Corporation 1769028779 - Infrastructure,2024-03-31,P1-KPI4,Network Latency,P1,23.05,10.0,<,ms
56010,E2E Full Test Corporation 1769028779 - Infrastructure,2024-04-30,P1-KPI4,Network Latency,P1,22.95,10.0,<,ms
56010,E2E Full Test Corporation 1769028779 - Infrastructure,2024-05-30,P1-KPI4,Network Latency,P1,20.99,10.0,<,ms
56010,E2E Full Test Corporation 1769028779 - Infrastructure,2024-06-29,P1-KPI4,Network Latency,P1,22.08,10.0,<,ms
56010,E2E Full Test Corporation 1769028779 - Infrastructure,2024-07-29,P1-KPI4,Network Latency,P1,22.35,10.0,<,ms
56010,E2E Full Test Corporation 1769028779 - Infrastructure,2024-08-28,P1-KPI4,Network Latency,P1,21.57,10.0,<,ms
56010,E2E Full Test Corporation 1769028779 - Infrastructure,2024-09-27,P1-KPI4,Network Latency,P1,27.21,10.0,<,ms
56010,E2E Full Test Corporation 1769028779 - Infrastructure,2024-10-27,P1-KPI4,Network Latency,P1,28.43,10.0,<,ms
56010,E2E Full Test Corporation 1769028779 - Infrastructure,2024-11-26,P1-KPI4,Network Latency,P1,26.73,10.0,<,ms
56010,E2E Full Test Corporation 1769028779 - Infrastructure,2024-01-01,P1-KPI5,Storage Performance,P1,92136.56,100000.0,>,IOPS
56010,E2E Full Test Corporation 1769028779 - Infrastructure,2024-01-31,P1-KPI5,Storage Performance,P1,92608.18,100000.0,>,IOPS
56010,E2E Full Test Corporation 1769028779 - Infrastructure,2024-03-01,P1-KPI5,Storage Performance,P1,95234.66,100000.0,>,IOPS
56010,E2E Full Test Corporation 1769028779 - Infrastructure,2024-03-31,P1-KPI5,Storage Performance,P1,83172.11,100000.0,>,IOPS
56010,E2E Full Test Corporation 1769028779 - Infrastructure,2024-04-30,P1-KPI5,Storage Performance,P1,87469.61,100000.0,>,IOPS
56010,E2E Full Test Corporation 1769028779 - Infrastructure,2024-05-30,P1-KPI5,Storage Performance,P1,80857.67,100000.0,>,IOPS
56010,E2E Full Test Corporation 1769028779 - Infrastructure,2024-06-29,P1-KPI5,Storage Performance,P1,83905.81,100000.0,>,IOPS
56010,E2E Full Test Corporation 1769028779 - Infrastructure,2024-07-29,P1-KPI5,Storage Performance,P1,86329.76,100000.0,>,IOPS
56010,E2E Full Test Corporation 1769028779 - Infrastructure,2024-08-28,P1-KPI5,Storage Performance,P1,84357.44,100000.0,>,IOPS
56010,E2E Full Test Corporation 1769028779 - Infrastructure,2024-09-27,P1-KPI5,Storage Performance,P1,79734.42,100000.0,>,IOPS
56010,E2E Full Test Corporation 1769028779 - Infrastructure,2024-10-27,P1-KPI5,Storage Performance,P1,77973.92,100000.0,>,IOPS
56010,E2E Full Test Corporation 1769028779 - Infrastructure,2024-11-26,P1-KPI5,Storage Performance,P1,77239.59,100000.0,>,IOPS
56010,E2E Full Test Corporation 1769028779 - Infrastructure,2024-01-01,P1-KPI6,Cooling Efficiency,P1,1.33,1.3,<,PUE
56010,E2E Full Test Corporation 1769028779 - Infrastructure,2024-01-31,P1-KPI6,Cooling Efficiency,P1,1.31,1.3,<,PUE
56010,E2E Full Test Corporation 1769028779 - Infrastructure,2024-03-01,P1-KPI6,Cooling Efficiency,P1,1.33,1.3,<,PUE
56010,E2E Full Test Corporation 1769028779 - Infrastructure,2024-03-31,P1-KPI6,Cooling Efficiency,P1,1.4,1.3,<,PUE
56010,E2E Full Test Corporation 1769028779 - Infrastructure,2024-04-30,P1-KPI6,Cooling Efficiency,P1,1.41,1.3,<,PUE
56010,E2E Full Test Corporation 1769028779 - Infrastructure,2024-05-30,P1-KPI6,Cooling Efficiency,P1,1.47,1.3,<,PUE
56010,E2E Full Test Corporation 1769028779 - Infrastructure,2024-06-29,P1-KPI6,Cooling Efficiency,P1,1.51,1.3,<,PUE
56010,E2E Full Test Corporation 1769028779 - Infrastructure,2024-07-29,P1-KPI6,Cooling Efficiency,P1,1.47,1.3,<,PUE
56010,E2E Full Test Corporation 1769028779 - Infrastructure,2024-08-28,P1-KPI6,Cooling Efficiency,P1,1.41,1.3,<,PUE
56010,E2E Full Test Corporation 1769028779 - Infrastructure,2024-09-27,P1-KPI6,Cooling Efficiency,P1,1.53,1.3,<,PUE
56010,E2E Full Test Corporation 1769028779 - Infrastructure,2024-10-27,P1-KPI6,Cooling Efficiency,P1,1.6,1.3,<,PUE
56010,E2E Full Test Corporation 1769028779 - Infrastructure,2024-11-26,P1-KPI6,Cooling Efficiency,P1,1.57,1.3,<,PUE
56010,E2E Full Test Corporation 1769028779 - Infrastructure,2024-01-01,P1-KPI7,Power Usage,P1,525.51,500.0,<,kW
56010,E2E Full Test Corporation 1769028779 - Infrastructure,2024-01-31,P1-KPI7,Power Usage,P1,546.41,500.0,<,kW
56010,E2E Full Test Corporation 1769028779 - Infrastructure,2024-03-01,P1-KPI7,Power Usage,P1,545.56,500.0,<,kW
56010,E2E Full Test Corporation 1769028779 - Infrastructure,2024-03-31,P1-KPI7,Power Usage,P1,574.83,500.0,<,kW
56010,E2E Full Test Corporation 1769028779 - Infrastructure,2024-04-30,P1-KPI7,Power Usage,P1,562.72,500.0,<,kW
56010,E2E Full Test Corporation 1769028779 - Infrastructure,2024-05-30,P1-KPI7,Power Usage,P1,576.48,500.0,<,kW
56010,E2E Full Test Corporation 1769028779 - Infrastructure,2024-06-29,P1-KPI7,Power Usage,P1,599.93,500.0,<,kW
56010,E2E Full Test Corporation 1769028779 - Infrastructure,2024-07-29,P1-KPI7,Power Usage,P1,604.77,500.0,<,kW
56010,E2E Full Test Corporation 1769028779 - Infrastructure,2024-08-28,P1-KPI7,Power Usage,P1,617.79,500.0,<,kW
56010,E2E Full Test Corporation 1769028779 - Infrastructure,2024-09-27,P1-KPI7,Power Usage,P1,609.73,500.0,<,kW
56010,E2E Full Test Corporation 1769028779 - Infrastructure,2024-10-27,P1-KPI7,Power Usage,P1,628.55,500.0,<,kW
56010,E2E Full Test Corporation 1769028779 - Infrastructure,2024-11-26,P1-KPI7,Power Usage,P1,618.81,500.0,<,kW
56010,E2E Full Test Corporation 1769028779 - Infrastructure,2024-01-01,P1-KPI8,Thermal Management,P1,25.97,25.0,<,°C
56010,E2E Full Test Corporation 1769028779 - Infrastructure,2024-01-31,P1-KPI8,Thermal Management,P1,25.28,25.0,<,°C
56010,E2E Full Test Corporation 1769028779 - Infrastructure,2024-03-01,P1-KPI8,Thermal Management,P1,26.31,25.0,<,°C
56010,E2E Full Test Corporation 1769028779 - Infrastructure,2024-03-31,P1-KPI8,Thermal Management,P1,27.09,25.0,<,°C
56010,E2E Full Test Corporation 1769028779 - Infrastructure,2024-04-30,P1-KPI8,Thermal Management,P1,27.04,25.0,<,°C
56010,E2E Full Test Corporation 1769028779 - Infrastructure,2024-05-30,P1-KPI8,Thermal Management,P1,27.11,25.0,<,°C
56010,E2E Full Test Corporation 1769028779 - Infrastructure,2024-06-29,P1-KPI8,Thermal Management,P1,28.38,25.0,<,°C
56010,E2E Full Test Corporation 1769028779 - Infrastructure,2024-07-29,P1-KPI8,Thermal Management,P1,27.31,25.0,<,°C
56010,E2E Full Test Corporation 1769028779 - Infrastructure,2024-08-28,P1-KPI8,Thermal Management,P1,29.34,25.0,<,°C
56010,E2E Full Test Corporation 1769028779 - Infrastructure,2024-09-27,P1-KPI8,Thermal Management,P1,28.73,25.0,<,°C
56010,E2E Full Test Corporation 1769028779 - Infrastructure,2024-10-27,P1-KPI8,Thermal Management,P1,30.0,25.0,<,°C
56010,E2E Full Test Corporation 1769028779 - Infrastructure,2024-11-26,P1-KPI8,Thermal Management,P1,28.4,25.0,<,°C
56010,E2E Full Test Corporation 1769028779 - Infrastructure,2024-01-01,P2-KPI1,SLA Compliance,P2,100.0,99.0,>,%
56010,E2E Full Test Corporation 1769028779 - Infrastructure,2024-01-31,P2-KPI1,SLA Compliance,P2,98.79,99.0,>,%
56010,E2E Full Test Corporation 1769028779 - Infrastructure,2024-03-01,P2-KPI1,SLA Compliance,P2,97.6,99.0,>,%
56010,E2E Full Test Corporation 1769028779 - Infrastructure,2024-03-31,P2-KPI1,SLA Compliance,P2,99.25,99.0,>,%
56010,E2E Full Test Corporation 1769028779 - Infrastructure,2024-04-30,P2-KPI1,SLA Compliance,P2,97.06,99.0,>,%
56010,E2E Full Test Corporation 1769028779 - Infrastructure,2024-05-30,P2-KPI1,SLA Compliance,P2,100.0,99.0,>,%
56010,E2E Full Test Corporation 1769028779 - Infrastructure,2024-06-29,P2-KPI1,SLA Compliance,P2,100.0,99.0,>,%
56010,E2E Full Test Corporation 1769028779 - Infrastructure,2024-07-29,P2-KPI1,SLA Compliance,P2,100.0,99.0,>,%
56010,E2E Full Test Corporation 1769028779 - Infrastructure,2024-08-28,P2-KPI1,SLA Compliance,P2,95.24,99.0,>,%
56010,E2E Full Test Corporation 1769028779 - Infrastructure,2024-09-27,P2-KPI1,SLA Compliance,P2,98.54,99.0,>,%
56010,E2E Full Test Corporation 1769028779 - Infrastructure,2024-10-27,P2-KPI1,SLA Compliance,P2,95.0,99.0,>,%
56010,E2E Full Test Corporation 1769028779 - Infrastructure,2024-11-26,P2-KPI1,SLA Compliance,P2,100.0,99.0,>,%
56010,E2E Full Test Corporation 1769028779 - Infrastructure,2024-01-01,P2-KPI2,Incident Response Time,P2,21.81,15.0,<,minutes
56010,E2E Full Test Corporation 1769028779 - Infrastructure,2024-01-31,P2-KPI2,Incident Response Time,P2,21.69,15.0,<,minutes
56010,E2E Full Test Corporation 1769028779 - Infrastructure,2024-03-01,P2-KPI2,Incident Response Time,P2,21.72,15.0,<,minutes
56010,E2E Full Test Corporation 1769028779 - Infrastructure,2024-03-31,P2-KPI2,Incident Response Time,P2,29.11,15.0,<,minutes
56010,E2E Full Test Corporation 1769028779 - Infrastructure,2024-04-30,P2-KPI2,Incident Response Time,P2,27.24,15.0,<,minutes
56010,E2E Full Test Corporation 1769028779 - Infrastructure,2024-05-30,P2-KPI2,Incident Response Time,P2,28.25,15.0,<,minutes
56010,E2E Full Test Corporation 1769028779 - Infrastructure,2024-06-29,P2-KPI2,Incident Response Time,P2,27.24,15.0,<,minutes
56010,E2E Full Test Corporation 1769028779 - Infrastructure,2024-07-29,P2-KPI2,Incident Response Time,P2,27.67,15.0,<,minutes
56010,E2E Full Test Corporation 1769028779 - Infrastructure,2024-08-28,P2-KPI2,Incident Response Time,P2,27.26,15.0,<,minutes
56010,E2E Full Test Corporation 1769028779 - Infrastructure,2024-09-27,P2-KPI2,Incident Response Time,P2,36.89,15.0,<,minutes
56010,E2E Full Test Corporation 1769028779 - Infrastructure,2024-10-27,P2-KPI2,Incident Response Time,P2,33.57,15.0,<,minutes
56010,E2E Full Test Corporation 1769028779 - Infrastructure,2024-11-26,P2-KPI2,Incident Response Time,P2,34.52,15.0,<,minutes
56010,E2E Full Test Corporation 1769028779 - Infrastructure,2024-01-01,P2-KPI3,Change Success Rate,P2,94.46,98.0,>,%
56010,E2E Full Test Corporation 1769028779 - Infrastructure,2024-01-31,P2-KPI3,Change Success Rate,P2,98.68,98.0,>,%
56010,E2E Full Test Corporation 1769028779 - Infrastructure,2024-03-01,P2-KPI3,Change Success Rate,P2,100.0,98.0,>,%
56010,E2E Full Test Corporation 1769028779 - Infrastructure,2024-03-31,P2-KPI3,Change Success Rate,P2,97.23,98.0,>,%
56010,E2E Full Test Corporation 1769028779 - Infrastructure,2024-04-30,P2-KPI3,Change Success Rate,P2,96.48,98.0,>,%
56010,E2E Full Test Corporation 1769028779 - Infrastructure,2024-05-30,P2-KPI3,Change Success Rate,P2,95.14,98.0,>,%
56010,E2E Full Test Corporation 1769028779 - Infrastructure,2024-06-29,P2-KPI3,Change Success Rate,P2,93.48,98.0,>,%
56010,E2E Full Test Corporation 1769028779 - Infrastructure,2024-07-29,P2-KPI3,Change Success Rate,P2,94.66,98.0,>,%
56010,E2E Full Test Corporation 1769028779 - Infrastructure,2024-08-28,P2-KPI3,Change Success Rate,P2,93.63,98.0,>,%
56010,E2E Full Test Corporation 1769028779 - Infrastructure,2024-09-27,P2-KPI3,Change Success Rate,P2,97.75,98.0,>,%
56010,E2E Full Test Corporation 1769028779 - Infrastructure,2024-10-27,P2-KPI3,Change Success Rate,P2,93.84,98.0,>,%
56010,E2E Full Test Corporation 1769028779 - Infrastructure,2024-11-26,P2-KPI3,Change Success Rate,P2,96.16,98.0,>,%
56010,E2E Full Test Corporation 1769028779 - Infrastructure,2024-01-01,P2-KPI4,Backup Success Rate,P2,97.65,100.0,>,%
56010,E2E Full Test Corporation 1769028779 - Infrastructure,2024-01-31,P2-KPI4,Backup Success Rate,P2,100.0,100.0,>,%
56010,E2E Full Test Corporation 1769028779 - Infrastructure,2024-03-01,P2-KPI4,Backup Success Rate,P2,100.0,100.0,>,%
56010,E2E Full Test Corporation 1769028779 - Infrastructure,2024-03-31,P2-KPI4,Backup Success Rate,P2,95.0,100.0,>,%
56010,E2E Full Test Corporation 1769028779 - Infrastructure,2024-04-30,P2-KPI4,Backup Success Rate,P2,95.29,100.0,>,%
56010,E2E Full Test Corporation 1769028779 - Infrastructure,2024-05-30,P2-KPI4,Backup Success Rate,P2,98.81,100.0,>,%
56010,E2E Full Test Corporation 1769028779 - Infrastructure,2024-06-29,P2-KPI4,Backup Success Rate,P2,97.9,100.0,>,%
56010,E2E Full Test Corporation 1769028779 - Infrastructure,2024-07-29,P2-KPI4,Backup Success Rate,P2,100.0,100.0,>,%
56010,E2E Full Test Corporation 1769028779 - Infrastructure,2024-08-28,P2-KPI4,Backup Success Rate,P2,96.63,100.0,>,%
56010,E2E Full Test Corporation 1769028779 - Infrastructure,2024-09-27,P2-KPI4,Backup Success Rate,P2,95.0,100.0,>,%
56010,E2E Full Test Corporation 1769028779 - Infrastructure,2024-10-27,P2-KPI4,Backup Success Rate,P2,97.58,100.0,>,%
56010,E2E Full Test Corporation 1769028779 - Infrastructure,2024-11-26,P2-KPI4,Backup Success Rate,P2,96.43,100.0,>,%
56010,E2E Full Test Corporation 1769028779 - Infrastructure,2024-01-01,P2-KPI5,Patch Compliance,P2,93.64,95.0,>,%
56010,E2E Full Test Corporation 1769028779 - Infrastructure,2024-01-31,P2-KPI5,Patch Compliance,P2,89.49,95.0,>,%
56010,E2E Full Test Corporation 1769028779 - Infrastructure,2024-03-01,P2-KPI5,Patch Compliance,P2,93.9,95.0,>,%
56010,E2E Full Test Corporation 1769028779 - Infrastructure,2024-03-31,P2-KPI5,Patch Compliance,P2,88.77,95.0,>,%
56010,E2E Full Test Corporation 1769028779 - Infrastructure,2024-04-30,P2-KPI5,Patch Compliance,P2,87.94,95.0,>,%
56010,E2E Full Test Corporation 1769028779 - Infrastructure,2024-05-30,P2-KPI5,Patch Compliance,P2,92.97,95.0,>,%
56010,E2E Full Test Corporation 1769028779 - Infrastructure,2024-06-29,P2-KPI5,Patch Compliance,P2,94.17,95.0,>,%
56010,E2E Full Test Corporation 1769028779 - Infrastructure,2024-07-29,P2-KPI5,Patch Compliance,P2,86.88,95.0,>,%
56010,E2E Full Test Corporation 1769028779 - Infrastructure,2024-08-28,P2-KPI5,Patch Compliance,P2,92.98,95.0,>,%
56010,E2E Full Test Corporation 1769028779 - Infrastructure,2024-09-27,P2-KPI5,Patch Compliance,P2,89.81,95.0,>,%
56010,E2E Full Test Corporation 1769028779 - Infrastructure,2024-10-27,P2-KPI5,Patch Compliance,P2,90.84,95.0,>,%
56010,E2E Full Test Corporation 1769028779 - Infrastructure,2024-11-26,P2-KPI5,Patch Compliance,P2,89.62,95.0,>,%
56010,E2E Full Test Corporation 1769028779 - Infrastructure,2024-01-01,P2-KPI6,Service Request Fulfillment,P2,3.91,3.0,<,days
56010,E2E Full Test Corporation 1769028779 - Infrastructure,2024-01-31,P2-KPI6,Service Request Fulfillment,P2,4.03,3.0,<,days
56010,E2E Full Test Corporation 1769028779 - Infrastructure,2024-03-01,P2-KPI6,Service Request Fulfillment,P2,3.87,3.0,<,days
56010,E2E Full Test Corporation 1769028779 - Infrastructure,2024-03-31,P2-KPI6,Service Request Fulfillment,P2,5.28,3.0,<,days
56010,E2E Full Test Corporation 1769028779 - Infrastructure,2024-04-30,P2-KPI6,Service Request Fulfillment,P2,5.06,3.0,<,days
56010,E2E Full Test Corporation 1769028779 - Infrastructure,2024-05-30,P2-KPI6,Service Request Fulfillment,P2,5.09,3.0,<,days
56010,E2E Full Test Corporation 1769028779 - Infrastructure,2024-06-29,P2-KPI6,Service Request Fulfillment,P2,5.0,3.0,<,days
56010,E2E Full Test Corporation 1769028779 - Infrastructure,2024-07-29,P2-KPI6,Service Request Fulfillment,P2,5.16,3.0,<,days
56010,E2E Full Test Corporation 1769028779 - Infrastructure,2024-08-28,P2-KPI6,Service Request Fulfillment,P2,5.0,3.0,<,days
56010,E2E Full Test Corporation 1769028779 - Infrastructure,2024-09-27,P2-KPI6,Service Request Fulfillment,P2,6.41,3.0,<,days
56010,E2E Full Test Corporation 1769028779 - Infrastructure,2024-10-27,P2-KPI6,Service Request Fulfillment,P2,5.93,3.0,<,days
56010,E2E Full Test Corporation 1769028779 - Infrastructure,2024-11-26,P2-KPI6,Service Request Fulfillment,P2,6.11,3.0,<,days
56010,E2E Full Test Corporation 1769028779 - Infrastructure,2024-01-01,P2-KPI7,Capacity Planning Accuracy,P2,88.66,90.0,>,%
56010,E2E Full Test Corporation 1769028779 - Infrastructure,2024-01-31,P2-KPI7,Capacity Planning Accuracy,P2,88.36,90.0,>,%
56010,E2E Full Test Corporation 1769028779 - Infrastructure,2024-03-01,P2-KPI7,Capacity Planning Accuracy,P2,82.92,90.0,>,%
56010,E2E Full Test Corporation 1769028779 - Infrastructure,2024-03-31,P2-KPI7,Capacity Planning Accuracy,P2,87.33,90.0,>,%
56010,E2E Full Test Corporation 1769028779 - Infrastructure,2024-04-30,P2-KPI7,Capacity Planning Accuracy,P2,84.23,90.0,>,%
56010,E2E Full Test Corporation 1769028779 - Infrastructure,2024-05-30,P2-KPI7,Capacity Planning Accuracy,P2,80.56,90.0,>,%
56010,E2E Full Test Corporation 1769028779 - Infrastructure,2024-06-29,P2-KPI7,Capacity Planning Accuracy,P2,80.18,90.0,>,%
56010,E2E Full Test Corporation 1769028779 - Infrastructure,2024-07-29,P2-KPI7,Capacity Planning Accuracy,P2,87.91,90.0,>,%
56010,E2E Full Test Corporation 1769028779 - Infrastructure,2024-08-28,P2-KPI7,Capacity Planning Accuracy,P2,80.3,90.0,>,%
56010,E2E Full Test Corporation 1769028779 - Infrastructure,2024-09-27,P2-KPI7,Capacity Planning Accuracy,P2,81.97,90.0,>,%
56010,E2E Full Test Corporation 1769028779 - Infrastructure,2024-10-27,P2-KPI7,Capacity Planning Accuracy,P2,78.91,90.0,>,%
56010,E2E Full Test Corporation 1769028779 - Infrastructure,2024-11-26,P2-KPI7,Capacity Planning Accuracy,P2,77.93,90.0,>,%
56010,E2E Full Test Corporation 1769028779 - Infrastructure,2024-01-01,P2-KPI8,Documentation Quality,P2,80.09,85.0,>,score
56010,E2E Full Test Corporation 1769028779 - Infrastructure,2024-01-31,P2-KPI8,Documentation Quality,P2,83.47,85.0,>,score
56010,E2E Full Test Corporation 1769028779 - Infrastructure,2024-03-01,P2-KPI8,Documentation Quality,P2,83.14,85.0,>,score
56010,E2E Full Test Corporation 1769028779 - Infrastructure,2024-03-31,P2-KPI8,Documentation Quality,P2,74.65,85.0,>,score
56010,E2E Full Test Corporation 1769028779 - Infrastructure,2024-04-30,P2-KPI8,Documentation Quality,P2,74.9,85.0,>,score
56010,E2E Full Test Corporation 1769028779 - Infrastructure,2024-05-30,P2-KPI8,Documentation Quality,P2,81.0,85.0,>,score
56010,E2E Full Test Corporation 1769028779 - Infrastructure,2024-06-29,P2-KPI8,Documentation Quality,P2,80.48,85.0,>,score
56010,E2E Full Test Corporation 1769028779 - Infrastructure,2024-07-29,P2-KPI8,Documentation Quality,P2,76.84,85.0,>,score
56010,E2E Full Test Corporation 1769028779 - Infrastructure,2024-08-28,P2-KPI8,Documentation Quality,P2,79.21,85.0,>,score
56010,E2E Full Test Corporation 1769028779 - Infrastructure,2024-09-27,P2-KPI8,Documentation Quality,P2,77.21,85.0,>,score
56010,E2E Full Test Corporation 1769028779 - Infrastructure,2024-10-27,P2-KPI8,Documentation Quality,P2,75.13,85.0,>,score
56010,E2E Full Test Corporation 1769028779 - Infrastructure,2024-11-26,P2-KPI8,Documentation Quality,P2,70.67,85.0,>,score
56010,E2E Full Test Corporation 1769028779 - Infrastructure,2024-01-01,P3-KPI1,CSAT Score,P3,4.42,4.5,>,score
56010,E2E Full Test Corporation 1769028779 - Infrastructure,2024-01-31,P3-KPI1,CSAT Score,P3,4.16,4.5,>,score
56010,E2E Full Test Corporation 1769028779 - Infrastructure,2024-03-01,P3-KPI1,CSAT Score,P3,4.15,4.5,>,score
56010,E2E Full Test Corporation 1769028779 - Infrastructure,2024-03-31,P3-KPI1,CSAT Score,P3,3.9,4.5,>,score
56010,E2E Full Test Corporation 1769028779 - Infrastructure,2024-04-30,P3-KPI1,CSAT Score,P3,4.03,4.5,>,score
56010,E2E Full Test Corporation 1769028779 - Infrastructure,2024-05-30,P3-KPI1,CSAT Score,P3,4.17,4.5,>,score
56010,E2E Full Test Corporation 1769028779 - Infrastructure,2024-06-29,P3-KPI1,CSAT Score,P3,4.07,4.5,>,score
56010,E2E Full Test Corporation 1769028779 - Infrastructure,2024-07-29,P3-KPI1,CSAT Score,P3,3.89,4.5,>,score
56010,E2E Full Test Corporation 1769028779 - Infrastructure,2024-08-28,P3-KPI1,CSAT Score,P3,4.1,4.5,>,score
56010,E2E Full Test Corporation 1769028779 - Infrastructure,2024-09-27,P3-KPI1,CSAT Score,P3,3.9,4.5,>,score
56010,E2E Full Test Corporation 1769028779 - Infrastructure,2024-10-27,P3-KPI1,CSAT Score,P3,3.83,4.5,>,score
56010,E2E Full Test Corporation 1769028779 - Infrastructure,2024-11-26,P3-KPI1,CSAT Score,P3,3.73,4.5,>,score
56010,E2E Full Test Corporation 1769028779 - Infrastructure,2024-01-01,P3-KPI2,Support Ticket Volume,P3,33.24,20.0,<,tickets
56010,E2E Full Test Corporation 1769028779 - Infrastructure,2024-01-31,P3-KPI2,Support Ticket Volume,P3,31.77,20.0,<,tickets
56010,E2E Full Test Corporation 1769028779 - Infrastructure,2024-03-01,P3-KPI2,Support Ticket Volume,P3,31.48,20.0,<,tickets
56010,E2E Full Test Corporation 1769028779 - Infrastructure,2024-03-31,P3-KPI2,Support Ticket Volume,P3,43.34,20.0,<,tickets
56010,E2E Full Test Corporation 1769028779 - Infrastructure,2024-04-30,P3-KPI2,Support Ticket Volume,P3,42.74,20.0,<,tickets
56010,E2E Full Test Corporation 1769028779 - Infrastructure,2024-05-30,P3-KPI2,Support Ticket Volume,P3,41.88,20.0,<,tickets
56010,E2E Full Test Corporation 1769028779 - Infrastructure,2024-06-29,P3-KPI2,Support Ticket Volume,P3,45.03,20.0,<,tickets
56010,E2E Full Test Corporation 1769028779 - Infrastructure,2024-07-29,P3-KPI2,Support Ticket Volume,P3,45.44,20.0,<,tickets
56010,E2E Full Test Corporation 1769028779 - Infrastructure,2024-08-28,P3-KPI2,Support Ticket Volume,P3,44.18,20.0,<,tickets
56010,E2E Full Test Corporation 1769028779 - Infrastructure,2024-09-27,P3-KPI2,Support Ticket Volume,P3,55.69,20.0,<,tickets
56010,E2E Full Test Corporation 1769028779 - Infrastructure,2024-10-27,P3-KPI2,Support Ticket Volume,P3,56.54,20.0,<,tickets
56010,E2E Full Test Corporation 1769028779 - Infrastructure,2024-11-26,P3-KPI2,Support Ticket Volume,P3,56.7,20.0,<,tickets
56010,E2E Full Test Corporation 1769028779 - Infrastructure,2024-01-01,P3-KPI3,First Contact Resolution,P3,71.24,75.0,>,%
56010,E2E Full Test Corporation 1769028779 - Infrastructure,2024-01-31,P3-KPI3,First Contact Resolution,P3,70.81,75.0,>,%
56010,E2E Full Test Corporation 1769028779 - Infrastructure,2024-03-01,P3-KPI3,First Contact Resolution,P3,72.74,75.0,>,%
56010,E2E Full Test Corporation 1769028779 - Infrastructure,2024-03-31,P3-KPI3,First Contact Resolution,P3,67.43,75.0,>,%
56010,E2E Full Test Corporation 1769028779 - Infrastructure,2024-04-30,P3-KPI3,First Contact Resolution,P3,66.86,75.0,>,%
56010,E2E Full Test Corporation 1769028779 - Infrastructure,2024-05-30,P3-KPI3,First Contact Resolution,P3,69.07,75.0,>,%
56010,E2E Full Test Corporation 1769028779 - Infrastructure,2024-06-29,P3-KPI3,First Contact Resolution,P3,64.54,75.0,>,%
56010,E2E Full Test Corporation 1769028779 - Infrastructure,2024-07-29,P3-KPI3,First Contact Resolution,P3,67.32,75.0,>,%
56010,E2E Full Test Corporation 1769028779 - Infrastructure,2024-08-28,P3-KPI3,First Contact Resolution,P3,68.96,75.0,>,%
56010,E2E Full Test Corporation 1769028779 - Infrastructure,2024-09-27,P3-KPI3,First Contact Resolution,P3,64.61,75.0,>,%
56010,E2E Full Test Corporation 1769028779 - Infrastructure,2024-10-27,P3-KPI3,First Contact Resolution,P3,63.18,75.0,>,%
56010,E2E Full Test Corporation 1769028779 - Infrastructure,2024-11-26,P3-KPI3,First Contact Resolution,P3,64.05,75.0,>,%
56010,E2E Full Test Corporation 1769028779 - Infrastructure,2024-01-01,P3-KPI4,Training Completion,P3,82.89,90.0,>,%
56010,E2E Full Test Corporation 1769028779 - Infrastructure,2024-01-31,P3-KPI4,Training Completion,P3,87.46,90.0,>,%
56010,E2E Full Test Corporation 1769028779 - Infrastructure,2024-03-01,P3-KPI4,Training Completion,P3,87.85,90.0,>,%
56010,E2E Full Test Corporation 1769028779 - Infrastructure,2024-03-31,P3-KPI4,Training Completion,P3,84.21,90.0,>,%
56010,E2E Full Test Corporation 1769028779 - Infrastructure,2024-04-30,P3-KPI4,Training Completion,P3,80.13,90.0,>,%
56010,E2E Full Test Corporation 1769028779 - Infrastructure,2024-05-30,P3-KPI4,Training Completion,P3,77.39,90.0,>,%
56010,E2E Full Test Corporation 1769028779 - Infrastructure,2024-06-29,P3-KPI4,Training Completion,P3,81.13,90.0,>,%
56010,E2E Full Test Corporation 1769028779 - Infrastructure,2024-07-29,P3-KPI4,Training Completion,P3,79.64,90.0,>,%
56010,E2E Full Test Corporation 1769028779 - Infrastructure,2024-08-28,P3-KPI4,Training Completion,P3,84.94,90.0,>,%
56010,E2E Full Test Corporation 1769028779 - Infrastructure,2024-09-27,P3-KPI4,Training Completion,P3,76.72,90.0,>,%
56010,E2E Full Test Corporation 1769028779 - Infrastructure,2024-10-27,P3-KPI4,Training Completion,P3,77.55,90.0,>,%
56010,E2E Full Test Corporation 1769028779 - Infrastructure,2024-11-26,P3-KPI4,Training Completion,P3,76.25,90.0,>,%
56010,E2E Full Test Corporation 1769028779 - Infrastructure,2024-01-01,P3-KPI5,User Adoption Rate,P3,77.67,80.0,>,%
56010,E2E Full Test Corporation 1769028779 - Infrastructure,2024-01-31,P3-KPI5,User Adoption Rate,P3,75.46,80.0,>,%
56010,E2E Full Test Corporation 1769028779 - Infrastructure,2024-03-01,P3-KPI5,User Adoption Rate,P3,73.72,80.0,>,%
56010,E2E Full Test Corporation 1769028779 - Infrastructure,2024-03-31,P3-KPI5,User Adoption Rate,P3,72.46,80.0,>,%
56010,E2E Full Test Corporation 1769028779 - Infrastructure,2024-04-30,P3-KPI5,User Adoption Rate,P3,68.8,80.0,>,%
56010,E2E Full Test Corporation 1769028779 - Infrastructure,2024-05-30,P3-KPI5,User Adoption Rate,P3,70.95,80.0,>,%
56010,E2E Full Test Corporation 1769028779 - Infrastructure,2024-06-29,P3-KPI5,User Adoption Rate,P3,69.45,80.0,>,%
56010,E2E Full Test Corporation 1769028779 - Infrastructure,2024-07-29,P3-KPI5,User Adoption Rate,P3,74.22,80.0,>,%
56010,E2E Full Test Corporation 1769028779 - Infrastructure,2024-08-28,P3-KPI5,User Adoption Rate,P3,69.98,80.0,>,%
56010,E2E Full Test Corporation 1769028779 - Infrastructure,2024-09-27,P3-KPI5,User Adoption Rate,P3,68.97,80.0,>,%
56010,E2E Full Test Corporation 1769028779 - Infrastructure,2024-10-27,P3-KPI5,User Adoption Rate,P3,68.11,80.0,>,%
56010,E2E Full Test Corporation 1769028779 - Infrastructure,2024-11-26,P3-KPI5,User Adoption Rate,P3,63.66,80.0,>,%
56010,E2E Full Test Corporation 1769028779 - Infrastructure,2024-01-01,P3-KPI6,Executive Engagement,P3,3.61,4.0,>,meetings/quarter
56010,E2E Full Test Corporation 1769028779 - Infrastructure,2024-01-31,P3-KPI6,Executive Engagement,P3,3.54,4.0,>,meetings/quarter
56010,E2E Full Test Corporation 1769028779 - Infrastructure,2024-03-01,P3-KPI6,Executive Engagement,P3,3.6,4.0,>,meetings/quarter
56010,E2E Full Test Corporation 1769028779 - Infrastructure,2024-03-31,P3-KPI6,Executive Engagement,P3,3.52,4.0,>,meetings/quarter
56010,E2E Full Test Corporation 1769028779 - Infrastructure,2024-04-30,P3-KPI6,Executive Engagement,P3,3.28,4.0,>,meetings/quarter
56010,E2E Full Test Corporation 1769028779 - Infrastructure,2024-05-30,P3-KPI6,Executive Engagement,P3,3.42,4.0,>,meetings/quarter
56010,E2E Full Test Corporation 1769028779 - Infrastructure,2024-06-29,P3-KPI6,Executive Engagement,P3,3.55,4.0,>,meetings/quarter
56010,E2E Full Test Corporation 1769028779 - Infrastructure,2024-07-29,P3-KPI6,Executive Engagement,P3,3.46,4.0,>,meetings/quarter
56010,E2E Full Test Corporation 1769028779 - Infrastructure,2024-08-28,P3-KPI6,Executive Engagement,P3,3.29,4.0,>,meetings/quarter
56010,E2E Full Test Corporation 1769028779 - Infrastructure,2024-09-27,P3-KPI6,Executive Engagement,P3,3.05,4.0,>,meetings/quarter
56010,E2E Full Test Corporation 1769028779 - Infrastructure,2024-10-27,P3-KPI6,Executive Engagement,P3,2.96,4.0,>,meetings/quarter
56010,E2E Full Test Corporation 1769028779 - Infrastructure,2024-11-26,P3-KPI6,Executive Engagement,P3,3.2,4.0,>,meetings/quarter
56010,E2E Full Test Corporation 1769028779 - Infrastructure,2024-01-01,P3-KPI7,Response Time SLA,P3,45.14,30.0,<,minutes
56010,E2E Full Test Corporation 1769028779 - Infrastructure,2024-01-31,P3-KPI7,Response Time SLA,P3,42.35,30.0,<,minutes
56010,E2E Full Test Corporation 1769028779 - Infrastructure,2024-03-01,P3-KPI7,Response Time SLA,P3,44.94,30.0,<,minutes
56010,E2E Full Test Corporation 1769028779 - Infrastructure,2024-03-31,P3-KPI7,Response Time SLA,P3,59.22,30.0,<,minutes
56010,E2E Full Test Corporation 1769028779 - Infrastructure,2024-04-30,P3-KPI7,Response Time SLA,P3,58.61,30.0,<,minutes
56010,E2E Full Test Corporation 1769028779 - Infrastructure,2024-05-30,P3-KPI7,Response Time SLA,P3,57.56,30.0,<,minutes
56010,E2E Full Test Corporation 1769028779 - Infrastructure,2024-06-29,P3-KPI7,Response Time SLA,P3,57.28,30.0,<,minutes
56010,E2E Full Test Corporation 1769028779 - Infrastructure,2024-07-29,P3-KPI7,Response Time SLA,P3,55.81,30.0,<,minutes
56010,E2E Full Test Corporation 1769028779 - Infrastructure,2024-08-28,P3-KPI7,Response Time SLA,P3,55.4,30.0,<,minutes
56010,E2E Full Test Corporation 1769028779 - Infrastructure,2024-09-27,P3-KPI7,Response Time SLA,P3,67.17,30.0,<,minutes
56010,E2E Full Test Corporation 1769028779 - Infrastructure,2024-10-27,P3-KPI7,Response Time SLA,P3,71.25,30.0,<,minutes
56010,E2E Full Test Corporation 1769028779 - Infrastructure,2024-11-26,P3-KPI7,Response Time SLA,P3,69.85,30.0,<,minutes
56010,E2E Full Test Corporation 1769028779 - Infrastructure,2024-01-01,P4-KPI1,ROI Achievement,P4,142.45,150.0,>,%
56010,E2E Full Test Corporation 1769028779 - Infrastructure,2024-01-31,P4-KPI1,ROI Achievement,P4,140.4,150.0,>,%
56010,E2E Full Test Corporation 1769028779 - Infrastructure,2024-03-01,P4-KPI1,ROI Achievement,P4,139.44,150.0,>,%
56010,E2E Full Test Corporation 1769028779 - Infrastructure,2024-03-31,P4-KPI1,ROI Achievement,P4,128.52,150.0,>,%
56010,E2E Full Test Corporation 1769028779 - Infrastructure,2024-04-30,P4-KPI1,ROI Achievement,P4,134.35,150.0,>,%
56010,E2E Full Test Corporation 1769028779 - Infrastructure,2024-05-30,P4-KPI1,ROI Achievement,P4,139.07,150.0,>,%
56010,E2E Full Test Corporation 1769028779 - Infrastructure,2024-06-29,P4-KPI1,ROI Achievement,P4,137.1,150.0,>,%
56010,E2E Full Test Corporation 1769028779 - Infrastructure,2024-07-29,P4-KPI1,ROI Achievement,P4,140.81,150.0,>,%
56010,E2E Full Test Corporation 1769028779 - Infrastructure,2024-08-28,P4-KPI1,ROI Achievement,P4,130.01,150.0,>,%
56010,E2E Full Test Corporation 1769028779 - Infrastructure,2024-09-27,P4-KPI1,ROI Achievement,P4,122.38,150.0,>,%
56010,E2E Full Test Corporation 1769028779 - Infrastructure,2024-10-27,P4-KPI1,ROI Achievement,P4,129.66,150.0,>,%
56010,E2E Full Test Corporation 1769028779 - Infrastructure,2024-11-26,P4-KPI1,ROI Achievement,P4,132.3,150.0,>,%
56010,E2E Full Test Corporation 1769028779 - Infrastructure,2024-01-01,P4-KPI2,Cost Reduction,P4,17.28,20.0,>,%
56010,E2E Full Test Corporation 1769028779 - Infrastructure,2024-01-31,P4-KPI2,Cost Reduction,P4,16.5,20.0,>,%
56010,E2E Full Test Corporation 1769028779 - Infrastructure,2024-03-01,P4-KPI2,Cost Reduction,P4,16.56,20.0,>,%
56010,E2E Full Test Corporation 1769028779 - Infrastructure,2024-03-31,P4-KPI2,Cost Reduction,P4,13.57,20.0,>,%
56010,E2E Full Test Corporation 1769028779 - Infrastructure,2024-04-30,P4-KPI2,Cost Reduction,P4,14.41,20.0,>,%
56010,E2E Full Test Corporation 1769028779 - Infrastructure,2024-05-30,P4-KPI2,Cost Reduction,P4,14.35,20.0,>,%
56010,E2E Full Test Corporation 1769028779 - Infrastructure,2024-06-29,P4-KPI2,Cost Reduction,P4,13.65,20.0,>,%
56010,E2E Full Test Corporation 1769028779 - Infrastructure,2024-07-29,P4-KPI2,Cost Reduction,P4,13.65,20.0,>,%
56010,E2E Full Test Corporation 1769028779 - Infrastructure,2024-08-28,P4-KPI2,Cost Reduction,P4,13.67,20.0,>,%
56010,E2E Full Test Corporation 1769028779 - Infrastructure,2024-09-27,P4-KPI2,Cost Reduction,P4,11.19,20.0,>,%
56010,E2E Full Test Corporation 1769028779 - Infrastructure,2024-10-27,P4-KPI2,Cost Reduction,P4,11.53,20.0,>,%
56010,E2E Full Test Corporation 1769028779 - Infrastructure,2024-11-26,P4-KPI2,Cost Reduction,P4,11.03,20.0,>,%
56010,E2E Full Test Corporation 1769028779 - Infrastructure,2024-01-01,P4-KPI3,Time to Value,P4,99.38,90.0,<,days
56010,E2E Full Test Corporation 1769028779 - Infrastructure,2024-01-31,P4-KPI3,Time to Value,P4,102.14,90.0,<,days
56010,E2E Full Test Corporation 1769028779 - Infrastructure,2024-03-01,P4-KPI3,Time to Value,P4,98.5,90.0,<,days
56010,E2E Full Test Corporation 1769028779 - Infrastructure,2024-03-31,P4-KPI3,Time to Value,P4,119.07,90.0,<,days
56010,E2E Full Test Corporation 1769028779 - Infrastructure,2024-04-30,P4-KPI3,Time to Value,P4,117.14,90.0,<,days
56010,E2E Full Test Corporation 1769028779 - Infrastructure,2024-05-30,P4-KPI3,Time to Value,P4,122.35,90.0,<,days
56010,E2E Full Test Corporation 1769028779 - Infrastructure,2024-06-29,P4-KPI3,Time to Value,P4,115.39,90.0,<,days
56010,E2E Full Test Corporation 1769028779 - Infrastructure,2024-07-29,P4-KPI3,Time to Value,P4,121.67,90.0,<,days
56010,E2E Full Test Corporation 1769028779 - Infrastructure,2024-08-28,P4-KPI3,Time to Value,P4,112.27,90.0,<,days
56010,E2E Full Test Corporation 1769028779 - Infrastructure,2024-09-27,P4-KPI3,Time to Value,P4,125.23,90.0,<,days
56010,E2E Full Test Corporation 1769028779 - Infrastructure,2024-10-27,P4-KPI3,Time to Value,P4,124.22,90.0,<,days
56010,E2E Full Test Corporation 1769028779 - Infrastructure,2024-11-26,P4-KPI3,Time to Value,P4,127.66,90.0,<,days
56010,E2E Full Test Corporation 1769028779 - Infrastructure,2024-01-01,P4-KPI4,Revenue Enablement,P4,4.37,5.0,>,$M
56010,E2E Full Test Corporation 1769028779 - Infrastructure,2024-01-31,P4-KPI4,Revenue Enablement,P4,4.42,5.0,>,$M
56010,E2E Full Test Corporation 1769028779 - Infrastructure,2024-03-01,P4-KPI4,Revenue Enablement,P4,4.29,5.0,>,$M
56010,E2E Full Test Corporation 1769028779 - Infrastructure,2024-03-31,P4-KPI4,Revenue Enablement,P4,3.93,5.0,>,$M
56010,E2E Full Test Corporation 1769028779 - Infrastructure,2024-04-30,P4-KPI4,Revenue Enablement,P4,3.82,5.0,>,$M
56010,E2E Full Test Corporation 1769028779 - Infrastructure,2024-05-30,P4-KPI4,Revenue Enablement,P4,3.68,5.0,>,$M
56010,E2E Full Test Corporation 1769028779 - Infrastructure,2024-06-29,P4-KPI4,Revenue Enablement,P4,3.95,5.0,>,$M
56010,E2E Full Test Corporation 1769028779 - Infrastructure,2024-07-29,P4-KPI4,Revenue Enablement,P4,3.9,5.0,>,$M
56010,E2E Full Test Corporation 1769028779 - Infrastructure,2024-08-28,P4-KPI4,Revenue Enablement,P4,3.64,5.0,>,$M
56010,E2E Full Test Corporation 1769028779 - Infrastructure,2024-09-27,P4-KPI4,Revenue Enablement,P4,3.21,5.0,>,$M
56010,E2E Full Test Corporation 1769028779 - Infrastructure,2024-10-27,P4-KPI4,Revenue Enablement,P4,3.14,5.0,>,$M
56010,E2E Full Test Corporation 1769028779 - Infrastructure,2024-11-26,P4-KPI4,Revenue Enablement,P4,3.1,5.0,>,$M
56010,E2E Full Test Corporation 1769028779 - Infrastructure,2024-01-01,P4-KPI5,Operational Efficiency,P4,79.83,85.0,>,%
56010,E2E Full Test Corporation 1769028779 - Infrastructure,2024-01-31,P4-KPI5,Operational Efficiency,P4,79.39,85.0,>,%
56010,E2E Full Test Corporation 1769028779 - Infrastructure,2024-03-01,P4-KPI5,Operational Efficiency,P4,81.26,85.0,>,%
56010,E2E Full Test Corporation 1769028779 - Infrastructure,2024-03-31,P4-KPI5,Operational Efficiency,P4,78.92,85.0,>,%
56010,E2E Full Test Corporation 1769028779 - Infrastructure,2024-04-30,P4-KPI5,Operational Efficiency,P4,78.11,85.0,>,%
56010,E2E Full Test Corporation 1769028779 - Infrastructure,2024-05-30,P4-KPI5,Operational Efficiency,P4,73.73,85.0,>,%
56010,E2E Full Test Corporation 1769028779 - Infrastructure,2024-06-29,P4-KPI5,Operational Efficiency,P4,74.72,85.0,>,%
56010,E2E Full Test Corporation 1769028779 - Infrastructure,2024-07-29,P4-KPI5,Operational Efficiency,P4,78.54,85.0,>,%
56010,E2E Full Test Corporation 1769028779 - Infrastructure,2024-08-28,P4-KPI5,Operational Efficiency,P4,76.32,85.0,>,%
56010,E2E Full Test Corporation 1769028779 - Infrastructure,2024-09-27,P4-KPI5,Operational Efficiency,P4,74.25,85.0,>,%
56010,E2E Full Test Corporation 1769028779 - Infrastructure,2024-10-27,P4-KPI5,Operational Efficiency,P4,76.69,85.0,>,%
56010,E2E Full Test Corporation 1769028779 - Infrastructure,2024-11-26,P4-KPI5,Operational Efficiency,P4,74.91,85.0,>,%
56010,E2E Full Test Corporation 1769028779 - Infrastructure,2024-01-01,P4-KPI6,Innovation Projects,P4,2.75,3.0,>,count
56010,E2E Full Test Corporation 1769028779 - Infrastructure,2024-01-31,P4-KPI6,Innovation Projects,P4,2.81,3.0,>,count
56010,E2E Full Test Corporation 1769028779 - Infrastructure,2024-03-01,P4-KPI6,Innovation Projects,P4,2.68,3.0,>,count
56010,E2E Full Test Corporation 1769028779 - Infrastructure,2024-03-31,P4-KPI6,Innovation Projects,P4,2.49,3.0,>,count
56010,E2E Full Test Corporation 1769028779 - Infrastructure,2024-04-30,P4-KPI6,Innovation Projects,P4,2.45,3.0,>,count
56010,E2E Full Test Corporation 1769028779 - Infrastructure,2024-05-30,P4-KPI6,Innovation Projects,P4,2.44,3.0,>,count
56010,E2E Full Test Corporation 1769028779 - Infrastructure,2024-06-29,P4-KPI6,Innovation Projects,P4,2.38,3.0,>,count
56010,E2E Full Test Corporation 1769028779 - Infrastructure,2024-07-29,P4-KPI6,Innovation Projects,P4,2.5,3.0,>,count
56010,E2E Full Test Corporation 1769028779 - Infrastructure,2024-08-28,P4-KPI6,Innovation Projects,P4,2.45,3.0,>,count
56010,E2E Full Test Corporation 1769028779 - Infrastructure,2024-09-27,P4-KPI6,Innovation Projects,P4,2.07,3.0,>,count
56010,E2E Full Test Corporation 1769028779 - Infrastructure,2024-10-27,P4-KPI6,Innovation Projects,P4,2.08,3.0,>,count
56010,E2E Full Test Corporation 1769028779 - Infrastructure,2024-11-26,P4-KPI6,Innovation Projects,P4,2.17,3.0,>,count
56010,E2E Full Test Corporation 1769028779 - Infrastructure,2024-01-01,P4-KPI7,Business Case Validation,P4,89.23,90.0,>,%
56010,E2E Full Test Corporation 1769028779 - Infrastructure,2024-01-31,P4-KPI7,Business Case Validation,P4,85.51,90.0,>,%
56010,E2E Full Test Corporation 1769028779 - Infrastructure,2024-03-01,P4-KPI7,Business Case Validation,P4,85.44,90.0,>,%
56010,E2E Full Test Corporation 1769028779 - Infrastructure,2024-03-31,P4-KPI7,Business Case Validation,P4,84.88,90.0,>,%
56010,E2E Full Test Corporation 1769028779 - Infrastructure,2024-04-30,P4-KPI7,Business Case Validation,P4,83.41,90.0,>,%
56010,E2E Full Test Corporation 1769028779 - Infrastructure,2024-05-30,P4-KPI7,Business Case Validation,P4,81.2,90.0,>,%
56010,E2E Full Test Corporation 1769028779 - Infrastructure,2024-06-29,P4-KPI7,Business Case Validation,P4,81.42,90.0,>,%
56010,E2E Full Test Corporation 1769028779 - Infrastructure,2024-07-29,P4-KPI7,Business Case Validation,P4,84.42,90.0,>,%
56010,E2E Full Test Corporation 1769028779 - Infrastructure,2024-08-28,P4-KPI7,Business Case Validation,P4,80.8,90.0,>,%
56010,E2E Full Test Corporation 1769028779 - Infrastructure,2024-09-27,P4-KPI7,Business Case Validation,P4,82.27,90.0,>,%
56010,E2E Full Test Corporation 1769028779 - Infrastructure,2024-10-27,P4-KPI7,Business Case Validation,P4,79.02,90.0,>,%
56010,E2E Full Test Corporation 1769028779 - Infrastructure,2024-11-26,P4-KPI7,Business Case Validation,P4,81.38,90.0,>,%
56010,E2E Full Test Corporation 1769028779 - Infrastructure,2024-01-01,P5-KPI1,Executive Sponsorship,P5,4.21,4.5,>,score
56010,E2E Full Test Corporation 1769028779 - Infrastructure,2024-01-31,P5-KPI1,Executive Sponsorship,P5,4.2,4.5,>,score
56010,E2E Full Test Corporation 1769028779 - Infrastructure,2024-03-01,P5-KPI1,Executive Sponsorship,P5,4.19,4.5,>,score
56010,E2E Full Test Corporation 1769028779 - Infrastructure,2024-03-31,P5-KPI1,Executive Sponsorship,P5,3.86,4.5,>,score
56010,E2E Full Test Corporation 1769028779 - Infrastructure,2024-04-30,P5-KPI1,Executive Sponsorship,P5,4.17,4.5,>,score
56010,E2E Full Test Corporation 1769028779 - Infrastructure,2024-05-30,P5-KPI1,Executive Sponsorship,P5,4.06,4.5,>,score
56010,E2E Full Test Corporation 1769028779 - Infrastructure,2024-06-29,P5-KPI1,Executive Sponsorship,P5,4.22,4.5,>,score
56010,E2E Full Test Corporation 1769028779 - Infrastructure,2024-07-29,P5-KPI1,Executive Sponsorship,P5,4.19,4.5,>,score
56010,E2E Full Test Corporation 1769028779 - Infrastructure,2024-08-28,P5-KPI1,Executive Sponsorship,P5,3.91,4.5,>,score
56010,E2E Full Test Corporation 1769028779 - Infrastructure,2024-09-27,P5-KPI1,Executive Sponsorship,P5,3.98,4.5,>,score
56010,E2E Full Test Corporation 1769028779 - Infrastructure,2024-10-27,P5-KPI1,Executive Sponsorship,P5,3.9,4.5,>,score
56010,E2E Full Test Corporation 1769028779 - Infrastructure,2024-11-26,P5-KPI1,Executive Sponsorship,P5,3.92,4.5,>,score
56010,E2E Full Test Corporation 1769028779 - Infrastructure,2024-01-01,P5-KPI2,Renewal Likelihood,P5,87.28,95.0,>,%
56010,E2E Full Test Corporation 1769028779 - Infrastructure,2024-01-31,P5-KPI2,Renewal Likelihood,P5,92.92,95.0,>,%
56010,E2E Full Test Corporation 1769028779 - Infrastructure,2024-03-01,P5-KPI2,Renewal Likelihood,P5,86.83,95.0,>,%
56010,E2E Full Test Corporation 1769028779 - Infrastructure,2024-03-31,P5-KPI2,Renewal Likelihood,P5,91.32,95.0,>,%
56010,E2E Full Test Corporation 1769028779 - Infrastructure,2024-04-30,P5-KPI2,Renewal Likelihood,P5,87.82,95.0,>,%
56010,E2E Full Test Corporation 1769028779 - Infrastructure,2024-05-30,P5-KPI2,Renewal Likelihood,P5,86.18,95.0,>,%
56010,E2E Full Test Corporation 1769028779 - Infrastructure,2024-06-29,P5-KPI2,Renewal Likelihood,P5,91.67,95.0,>,%
56010,E2E Full Test Corporation 1769028779 - Infrastructure,2024-07-29,P5-KPI2,Renewal Likelihood,P5,88.22,95.0,>,%
56010,E2E Full Test Corporation 1769028779 - Infrastructure,2024-08-28,P5-KPI2,Renewal Likelihood,P5,87.76,95.0,>,%
56010,E2E Full Test Corporation 1769028779 - Infrastructure,2024-09-27,P5-KPI2,Renewal Likelihood,P5,79.91,95.0,>,%
56010,E2E Full Test Corporation 1769028779 - Infrastructure,2024-10-27,P5-KPI2,Renewal Likelihood,P5,83.64,95.0,>,%
56010,E2E Full Test Corporation 1769028779 - Infrastructure,2024-11-26,P5-KPI2,Renewal Likelihood,P5,87.91,95.0,>,%
56010,E2E Full Test Corporation 1769028779 - Infrastructure,2024-01-01,P5-KPI3,Expansion Pipeline,P5,1.76,2.0,>,$M
56010,E2E Full Test Corporation 1769028779 - Infrastructure,2024-01-31,P5-KPI3,Expansion Pipeline,P5,1.83,2.0,>,$M
56010,E2E Full Test Corporation 1769028779 - Infrastructure,2024-03-01,P5-KPI3,Expansion Pipeline,P5,1.8,2.0,>,$M
56010,E2E Full Test Corporation 1769028779 - Infrastructure,2024-03-31,P5-KPI3,Expansion Pipeline,P5,1.58,2.0,>,$M
56010,E2E Full Test Corporation 1769028779 - Infrastructure,2024-04-30,P5-KPI3,Expansion Pipeline,P5,1.53,2.0,>,$M
56010,E2E Full Test Corporation 1769028779 - Infrastructure,2024-05-30,P5-KPI3,Expansion Pipeline,P5,1.55,2.0,>,$M
56010,E2E Full Test Corporation 1769028779 - Infrastructure,2024-06-29,P5-KPI3,Expansion Pipeline,P5,1.61,2.0,>,$M
56010,E2E Full Test Corporation 1769028779 - Infrastructure,2024-07-29,P5-KPI3,Expansion Pipeline,P5,1.6,2.0,>,$M
56010,E2E Full Test Corporation 1769028779 - Infrastructure,2024-08-28,P5-KPI3,Expansion Pipeline,P5,1.6,2.0,>,$M
56010,E2E Full Test Corporation 1769028779 - Infrastructure,2024-09-27,P5-KPI3,Expansion Pipeline,P5,1.27,2.0,>,$M
56010,E2E Full Test Corporation 1769028779 - Infrastructure,2024-10-27,P5-KPI3,Expansion Pipeline,P5,1.36,2.0,>,$M
56010,E2E Full Test Corporation 1769028779 - Infrastructure,2024-11-26,P5-KPI3,Expansion Pipeline,P5,1.35,2.0,>,$M
56010,E2E Full Test Corporation 1769028779 - Infrastructure,2024-01-01,P5-KPI4,Reference Willingness,P5,3.72,4.0,>,score
56010,E2E Full Test Corporation 1769028779 - Infrastructure,2024-01-31,P5-KPI4,Reference Willingness,P5,3.68,4.0,>,score
56010,E2E Full Test Corporation 1769028779 - Infrastructure,2024-03-01,P5-KPI4,Reference Willingness,P5,3.58,4.0,>,score
56010,E2E Full Test Corporation 1769028779 - Infrastructure,2024-03-31,P5-KPI4,Reference Willingness,P5,3.56,4.0,>,score
56010,E2E Full Test Corporation 1769028779 - Infrastructure,2024-04-30,P5-KPI4,Reference Willingness,P5,3.52,4.0,>,score
56010,E2E Full Test Corporation 1769028779 - Infrastructure,2024-05-30,P5-KPI4,Reference Willingness,P5,3.26,4.0,>,score
56010,E2E Full Test Corporation 1769028779 - Infrastructure,2024-06-29,P5-KPI4,Reference Willingness,P5,3.54,4.0,>,score
56010,E2E Full Test Corporation 1769028779 - Infrastructure,2024-07-29,P5-KPI4,Reference Willingness,P5,3.39,4.0,>,score
56010,E2E Full Test Corporation 1769028779 - Infrastructure,2024-08-28,P5-KPI4,Reference Willingness,P5,3.45,4.0,>,score
56010,E2E Full Test Corporation 1769028779 - Infrastructure,2024-09-27,P5-KPI4,Reference Willingness,P5,3.09,4.0,>,score
56010,E2E Full Test Corporation 1769028779 - Infrastructure,2024-10-27,P5-KPI4,Reference Willingness,P5,2.95,4.0,>,score
56010,E2E Full Test Corporation 1769028779 - Infrastructure,2024-11-26,P5-KPI4,Reference Willingness,P5,3.13,4.0,>,score
56010,E2E Full Test Corporation 1769028779 - Infrastructure,2024-01-01,P5-KPI5,Strategic Alignment,P5,80.94,85.0,>,score
56010,E2E Full Test Corporation 1769028779 - Infrastructure,2024-01-31,P5-KPI5,Strategic Alignment,P5,80.47,85.0,>,score
56010,E2E Full Test Corporation 1769028779 - Infrastructure,2024-03-01,P5-KPI5,Strategic Alignment,P5,82.59,85.0,>,score
56010,E2E Full Test Corporation 1769028779 - Infrastructure,2024-03-31,P5-KPI5,Strategic Alignment,P5,77.11,85.0,>,score
56010,E2E Full Test Corporation 1769028779 - Infrastructure,2024-04-30,P5-KPI5,Strategic Alignment,P5,77.36,85.0,>,score
56010,E2E Full Test Corporation 1769028779 - Infrastructure,2024-05-30,P5-KPI5,Strategic Alignment,P5,78.44,85.0,>,score
56010,E2E Full Test Corporation 1769028779 - Infrastructure,2024-06-29,P5-KPI5,Strategic Alignment,P5,76.33,85.0,>,score
56010,E2E Full Test Corporation 1769028779 - Infrastructure,2024-07-29,P5-KPI5,Strategic Alignment,P5,75.42,85.0,>,score
56010,E2E Full Test Corporation 1769028779 - Infrastructure,2024-08-28,P5-KPI5,Strategic Alignment,P5,79.9,85.0,>,score
56010,E2E Full Test Corporation 1769028779 - Infrastructure,2024-09-27,P5-KPI5,Strategic Alignment,P5,74.56,85.0,>,score
56010,E2E Full Test Corporation 1769028779 - Infrastructure,2024-10-27,P5-KPI5,Strategic Alignment,P5,71.46,85.0,>,score
56010,E2E Full Test Corporation 1769028779 - Infrastructure,2024-11-26,P5-KPI5,Strategic Alignment,P5,74.88,85.0,>,score
56010,E2E Full Test Corporation 1769028779 - Infrastructure,2024-01-01,P5-KPI6,Partnership Depth,P5,77.49,80.0,>,score
56010,E2E Full Test Corporation 1769028779 - Infrastructure,2024-01-31,P5-KPI6,Partnership Depth,P5,71.94,80.0,>,score
56010,E2E Full Test Corporation 1769028779 - Infrastructure,2024-03-01,P5-KPI6,Partnership Depth,P5,79.19,80.0,>,score
56010,E2E Full Test Corporation 1769028779 - Infrastructure,2024-03-31,P5-KPI6,Partnership Depth,P5,69.34,80.0,>,score
56010,E2E Full Test Corporation 1769028779 - Infrastructure,2024-04-30,P5-KPI6,Partnership Depth,P5,68.58,80.0,>,score
56010,E2E Full Test Corporation 1769028779 - Infrastructure,2024-05-30,P5-KPI6,Partnership Depth,P5,70.45,80.0,>,score
56010,E2E Full Test Corporation 1769028779 - Infrastructure,2024-06-29,P5-KPI6,Partnership Depth,P5,69.0,80.0,>,score
56010,E2E Full Test Corporation 1769028779 - Infrastructure,2024-07-29,P5-KPI6,Partnership Depth,P5,67.48,80.0,>,score
56010,E2E Full Test Corporation 1769028779 - Infrastructure,2024-08-28,P5-KPI6,Partnership Depth,P5,67.92,80.0,>,score
56010,E2E Full Test Corporation 1769028779 - Infrastructure,2024-09-27,P5-KPI6,Partnership Depth,P5,65.71,80.0,>,score
56010,E2E Full Test Corporation 1769028779 - Infrastructure,2024-10-27,P5-KPI6,Partnership Depth,P5,66.01,80.0,>,score
56010,E2E Full Test Corporation 1769028779 - Infrastructure,2024-11-26,P5-KPI6,Partnership Depth,P5,63.67,80.0,>,score
56010,E2E Full Test Corporation 1769028779 - Infrastructure,2024-01-01,P5-KPI7,NPS Score,P5,63.65,70.0,>,score
56010,E2E Full Test Corporation 1769028779 - Infrastructure,2024-01-31,P5-KPI7,NPS Score,P5,68.55,70.0,>,score
56010,E2E Full Test Corporation 1769028779 - Infrastructure,2024-03-01,P5-KPI7,NPS Score,P5,68.45,70.0,>,score
56010,E2E Full Test Corporation 1769028779 - Infrastructure,2024-03-31,P5-KPI7,NPS Score,P5,63.51,70.0,>,score
56010,E2E Full Test Corporation 1769028779 - Infrastructure,2024-04-30,P5-KPI7,NPS Score,P5,63.08,70.0,>,score
56010,E2E Full Test Corporation 1769028779 - Infrastructure,2024-05-30,P5-KPI7,NPS Score,P5,63.74,70.0,>,score
56010,E2E Full Test Corporation 1769028779 - Infrastructure,2024-06-29,P5-KPI7,NPS Score,P5,61.7,70.0,>,score
56010,E2E Full Test Corporation 1769028779 - Infrastructure,2024-07-29,P5-KPI7,NPS Score,P5,59.07,70.0,>,score
56010,E2E Full Test Corporation 1769028779 - Infrastructure,2024-08-28,P5-KPI7,NPS Score,P5,58.44,70.0,>,score
56010,E2E Full Test Corporation 1769028779 - Infrastructure,2024-09-27,P5-KPI7,NPS Score,P5,56.32,70.0,>,score
56010,E2E Full Test Corporation 1769028779 - Infrastructure,2024-10-27,P5-KPI7,NPS Score,P5,54.12,70.0,>,score
56010,E2E Full Test Corporation 1769028779 - Infrastructure,2024-11-26,P5-KPI7,NPS Score,P5,54.03,70.0,>,score
