account_id,account_name,date,signal_type,from_contact,to_contact,summary,sentiment
52001,E2E Full Test Corporation 1769028347 - Datacenter East,2024-01-20,escalation,Dr. Davis,David Kim,Unexpected system downtime reported,negative
52001,E2E Full Test Corporation 1769028347 - Datacenter East,2024-01-25,escalation,Customer Team,David Kim,Support ticket unresolved >48 hours,negative
52001,E2E Full Test Corporation 1769028347 - Datacenter East,2024-01-26,meeting,Dr. Davis,David Kim,Regular operational status update provided,neutral
52001,E2E Full Test Corporation 1769028347 - Datacenter East,2024-01-13,escalation,Customer Team,David Kim,Budget concerns raised during planning meeting,negative
52001,E2E Full Test Corporation 1769028347 - Datacenter East,2024-01-05,meeting,Customer Team,David Kim,Unexpected system downtime reported,negative
52001,E2E Full Test Corporation 1769028347 - Datacenter East,2024-01-12,meeting,Customer Team,David Kim,Support ticket unresolved >48 hours,negative
52001,E2E Full Test Corporation 1769028347 - Datacenter East,2024-01-25,escalation,Customer Team,David Kim,Budget concerns raised during planning meeting,negative
52001,E2E Full Test Corporation 1769028347 - Datacenter East,2024-01-24,email,Dr. Davis,David Kim,Early adoption of new AI acceleration features,positive
52001,E2E Full Test Corporation 1769028347 - Datacenter East,2024-02-05,meeting,Dr. Davis,David Kim,Escalation from operations team regarding performance,negative
52001,E2E Full Test Corporation 1769028347 - Datacenter East,2024-02-18,escalation,Dr. Davis,David Kim,Security compliance audit findings,negative
52001,E2E Full Test Corporation 1769028347 - Datacenter East,2024-02-10,email,Customer Team,David Kim,Unexpected system downtime reported,negative
52001,E2E Full Test Corporation 1769028347 - Datacenter East,2024-02-22,escalation,Customer Team,David Kim,Security compliance audit findings,negative
52001,E2E Full Test Corporation 1769028347 - Datacenter East,2024-02-14,meeting,Dr. Davis,David Kim,Budget concerns raised during planning meeting,negative
52001,E2E Full Test Corporation 1769028347 - Datacenter East,2024-02-20,escalation,Customer Team,David Kim,Escalation from operations team regarding performance,negative
52001,E2E Full Test Corporation 1769028347 - Datacenter East,2024-02-11,email,Dr. Davis,David Kim,Monthly business review conducted,neutral
52001,E2E Full Test Corporation 1769028347 - Datacenter East,2024-02-18,meeting,Customer Team,David Kim,Security compliance audit findings,negative
52001,E2E Full Test Corporation 1769028347 - Datacenter East,2024-03-17,email,Customer Team,David Kim,Unexpected system downtime reported,negative
52001,E2E Full Test Corporation 1769028347 - Datacenter East,2024-03-15,meeting,Customer Team,David Kim,Support ticket unresolved >48 hours,negative
52001,E2E Full Test Corporation 1769028347 - Datacenter East,2024-03-14,meeting,Customer Team,David Kim,Documentation review and updates,neutral
52001,E2E Full Test Corporation 1769028347 - Datacenter East,2024-03-18,email,Dr. Davis,David Kim,Project milestone delayed due to resource constraints,negative
52001,E2E Full Test Corporation 1769028347 - Datacenter East,2024-03-20,meeting,Dr. Davis,David Kim,Scheduled maintenance window executed,neutral
52001,E2E Full Test Corporation 1769028347 - Datacenter East,2024-03-23,email,Customer Team,David Kim,Unexpected system downtime reported,negative
52001,E2E Full Test Corporation 1769028347 - Datacenter East,2024-03-10,meeting,Dr. Davis,David Kim,Successfully deployed new workload ahead of schedule,positive
52001,E2E Full Test Corporation 1769028347 - Datacenter East,2024-03-18,escalation,Customer Team,David Kim,Budget concerns raised during planning meeting,negative
52001,E2E Full Test Corporation 1769028347 - Datacenter East,2024-04-24,escalation,Dr. Davis,David Kim,Unexpected system downtime reported,negative
52001,E2E Full Test Corporation 1769028347 - Datacenter East,2024-04-16,meeting,Dr. Davis,David Kim,Executive sponsor praised team collaboration,positive
52001,E2E Full Test Corporation 1769028347 - Datacenter East,2024-04-10,meeting,Customer Team,David Kim,Escalation from operations team regarding performance,negative
52001,E2E Full Test Corporation 1769028347 - Datacenter East,2024-04-26,email,Dr. Davis,David Kim,Documentation review and updates,neutral
52001,E2E Full Test Corporation 1769028347 - Datacenter East,2024-04-11,email,Customer Team,David Kim,Project milestone delayed due to resource constraints,negative
52001,E2E Full Test Corporation 1769028347 - Datacenter East,2024-04-09,escalation,Customer Team,David Kim,Support ticket unresolved >48 hours,negative
52001,E2E Full Test Corporation 1769028347 - Datacenter East,2024-04-12,email,Dr. Davis,David Kim,Security compliance audit findings,negative
52001,E2E Full Test Corporation 1769028347 - Datacenter East,2024-04-09,meeting,Dr. Davis,David Kim,System health check completed,neutral
52001,E2E Full Test Corporation 1769028347 - Datacenter East,2024-05-19,email,Dr. Davis,David Kim,System health check completed,neutral
52001,E2E Full Test Corporation 1769028347 - Datacenter East,2024-05-17,escalation,Dr. Davis,David Kim,Escalation from operations team regarding performance,negative
52001,E2E Full Test Corporation 1769028347 - Datacenter East,2024-05-27,meeting,Customer Team,David Kim,Reference call completed successfully with prospect,positive
52001,E2E Full Test Corporation 1769028347 - Datacenter East,2024-05-22,meeting,Dr. Davis,David Kim,Concerns about cooling efficiency raised,negative
52001,E2E Full Test Corporation 1769028347 - Datacenter East,2024-05-26,email,Dr. Davis,David Kim,Documentation review and updates,neutral
52001,E2E Full Test Corporation 1769028347 - Datacenter East,2024-05-15,escalation,Dr. Davis,David Kim,Integration challenges with existing systems,negative
52001,E2E Full Test Corporation 1769028347 - Datacenter East,2024-05-03,escalation,Customer Team,David Kim,Concerns about cooling efficiency raised,negative
52001,E2E Full Test Corporation 1769028347 - Datacenter East,2024-05-24,email,Customer Team,David Kim,Regular operational status update provided,neutral
52001,E2E Full Test Corporation 1769028347 - Datacenter East,2024-06-13,email,Dr. Davis,David Kim,Support ticket unresolved >48 hours,negative
52001,E2E Full Test Corporation 1769028347 - Datacenter East,2024-05-31,email,Customer Team,David Kim,Integration challenges with existing systems,negative
52001,E2E Full Test Corporation 1769028347 - Datacenter East,2024-06-18,email,Dr. Davis,David Kim,Project milestone delayed due to resource constraints,negative
52001,E2E Full Test Corporation 1769028347 - Datacenter East,2024-06-04,email,Customer Team,David Kim,Training session on new features delivered,neutral
52001,E2E Full Test Corporation 1769028347 - Datacenter East,2024-06-25,email,Dr. Davis,David Kim,Concerns about cooling efficiency raised,negative
52001,E2E Full Test Corporation 1769028347 - Datacenter East,2024-06-21,meeting,Customer Team,David Kim,Integration challenges with existing systems,negative
52001,E2E Full Test Corporation 1769028347 - Datacenter East,2024-06-09,escalation,Dr. Davis,David Kim,Project milestone delayed due to resource constraints,negative
52001,E2E Full Test Corporation 1769028347 - Datacenter East,2024-06-01,email,Dr. Davis,David Kim,Monthly business review conducted,neutral
52001,E2E Full Test Corporation 1769028347 - Datacenter East,2024-07-23,email,Customer Team,David Kim,Training session on new features delivered,neutral
52001,E2E Full Test Corporation 1769028347 - Datacenter East,2024-07-03,email,Dr. Davis,David Kim,Positive feedback on recent infrastructure upgrade,positive
52001,E2E Full Test Corporation 1769028347 - Datacenter East,2024-07-24,email,Dr. Davis,David Kim,Successful QBR with expansion discussion initiated,positive
52001,E2E Full Test Corporation 1769028347 - Datacenter East,2024-07-05,meeting,Customer Team,David Kim,Reference call completed successfully with prospect,positive
52001,E2E Full Test Corporation 1769028347 - Datacenter East,2024-07-22,email,Dr. Davis,David Kim,Exceeded performance benchmarks this quarter,positive
52001,E2E Full Test Corporation 1769028347 - Datacenter East,2024-07-22,meeting,Dr. Davis,David Kim,Positive feedback on recent infrastructure upgrade,positive
52001,E2E Full Test Corporation 1769028347 - Datacenter East,2024-08-14,meeting,Customer Team,David Kim,Positive feedback on recent infrastructure upgrade,positive
52001,E2E Full Test Corporation 1769028347 - Datacenter East,2024-08-22,meeting,Customer Team,David Kim,Quarterly capacity planning review,neutral
52001,E2E Full Test Corporation 1769028347 - Datacenter East,2024-08-15,meeting,Dr. Davis,David Kim,Team member completed advanced certification,positive
52001,E2E Full Test Corporation 1769028347 - Datacenter East,2024-08-20,email,Customer Team,David Kim,Successfully deployed new workload ahead of schedule,positive
52001,E2E Full Test Corporation 1769028347 - Datacenter East,2024-08-26,email,Dr. Davis,David Kim,Reference call completed successfully with prospect,positive
52001,E2E Full Test Corporation 1769028347 - Datacenter East,2024-08-12,email,Dr. Davis,David Kim,Routine technical sync meeting completed,neutral
52001,E2E Full Test Corporation 1769028347 - Datacenter East,2024-08-31,meeting,Customer Team,David Kim,Documentation review and updates,neutral
52001,E2E Full Test Corporation 1769028347 - Datacenter East,2024-09-16,escalation,Dr. Davis,David Kim,Integration challenges with existing systems,negative
52001,E2E Full Test Corporation 1769028347 - Datacenter East,2024-09-06,meeting,Dr. Davis,David Kim,Successful QBR with expansion discussion initiated,positive
52001,E2E Full Test Corporation 1769028347 - Datacenter East,2024-09-25,email,Customer Team,David Kim,Scheduled maintenance window executed,neutral
52001,E2E Full Test Corporation 1769028347 - Datacenter East,2024-09-21,meeting,Dr. Davis,David Kim,Exceeded performance benchmarks this quarter,positive
52001,E2E Full Test Corporation 1769028347 - Datacenter East,2024-09-03,email,Dr. Davis,David Kim,Team member completed advanced certification,positive
52001,E2E Full Test Corporation 1769028347 - Datacenter East,2024-10-04,meeting,Dr. Davis,David Kim,Positive feedback on recent infrastructure upgrade,positive
52001,E2E Full Test Corporation 1769028347 - Datacenter East,2024-10-03,meeting,Customer Team,David Kim,Documentation review and updates,neutral
52001,E2E Full Test Corporation 1769028347 - Datacenter East,2024-10-18,email,Customer Team,David Kim,System health check completed,neutral
52001,E2E Full Test Corporation 1769028347 - Datacenter East,2024-10-08,email,Dr. Davis,David Kim,Successful QBR with expansion discussion initiated,positive
52001,E2E Full Test Corporation 1769028347 - Datacenter East,2024-09-27,email,Customer Team,David Kim,Positive feedback on recent infrastructure upgrade,positive
52001,E2E Full Test Corporation 1769028347 - Datacenter East,2024-10-08,email,Customer Team,David Kim,Successfully deployed new workload ahead of schedule,positive
52001,E2E Full Test Corporation 1769028347 - Datacenter East,2024-11-11,meeting,Dr. Davis,David Kim,Early adoption of new AI acceleration features,positive
52001,E2E Full Test Corporation 1769028347 - Datacenter East,2024-11-21,email,Dr. Davis,David Kim,Exceeded performance benchmarks this quarter,positive
52001,E2E Full Test Corporation 1769028347 - Datacenter East,2024-10-31,email,Customer Team,David Kim,Exceeded performance benchmarks this quarter,positive
52001,E2E Full Test Corporation 1769028347 - Datacenter East,2024-11-05,email,Dr. Davis,David Kim,Monthly business review conducted,neutral
52001,E2E Full Test Corporation 1769028347 - Datacenter East,2024-10-30,email,Dr. Davis,David Kim,Positive feedback on recent infrastructure upgrade,positive
52001,E2E Full Test Corporation 1769028347 - Datacenter East,2024-11-03,email,Dr. Davis,David Kim,Monthly business review conducted,neutral
52001,E2E Full Test Corporation 1769028347 - Datacenter East,2024-12-06,meeting,Dr. Davis,David Kim,Positive feedback on recent infrastructure upgrade,positive
52001,E2E Full Test Corporation 1769028347 - Datacenter East,2024-12-13,email,Customer Team,David Kim,System health check completed,neutral
52001,E2E Full Test Corporation 1769028347 - Datacenter East,2024-12-21,email,Customer Team,David Kim,Early adoption of new AI acceleration features,positive
52001,E2E Full Test Corporation 1769028347 - Datacenter East,2024-12-05,email,Customer Team,David Kim,Training session on new features delivered,neutral
52001,E2E Full Test Corporation 1769028347 - Datacenter East,2024-12-04,meeting,Customer Team,David Kim,Successful QBR with expansion discussion initiated,positive
52001,E2E Full Test Corporation 1769028347 - Datacenter East,2024-12-03,email,Customer Team,David Kim,Successfully deployed new workload ahead of schedule,positive
52001,E2E Full Test Corporation 1769028347 - Datacenter East,2024-12-06,email,Customer Team,David Kim,Team member completed advanced certification,positive
52001,E2E Full Test Corporation 1769028347 - Datacenter East,2024-12-01,email,Customer Team,David Kim,Early adoption of new AI acceleration features,positive
52001,E2E Full Test Corporation 1769028347 - Datacenter East,2024-11-27,email,Customer Team,David Kim,Executive sponsor praised team collaboration,positive
52001,E2E Full Test Corporation 1769028347 - Datacenter East,2024-12-16,email,Dr. Davis,David Kim,Early adoption of new AI acceleration features,positive
52002,E2E Full Test Corporation 1769028347 - Cloud Ops,2024-01-02,meeting,Dr. Brown,Tom Johnson,Positive feedback on recent infrastructure upgrade,positive
52002,E2E Full Test Corporation 1769028347 - Cloud Ops,2024-01-24,email,Dr. Brown,Tom Johnson,Monthly business review conducted,neutral
52002,E2E Full Test Corporation 1769028347 - Cloud Ops,2024-01-29,meeting,Customer Team,Tom Johnson,Executive sponsor praised team collaboration,positive
52002,E2E Full Test Corporation 1769028347 - Cloud Ops,2024-01-26,meeting,Customer Team,Tom Johnson,Reference call completed successfully with prospect,positive
52002,E2E Full Test Corporation 1769028347 - Cloud Ops,2024-01-29,meeting,Dr. Brown,Tom Johnson,Exceeded performance benchmarks this quarter,positive
52002,E2E Full Test Corporation 1769028347 - Cloud Ops,2024-01-04,meeting,Dr. Brown,Tom Johnson,Monthly business review conducted,neutral
52002,E2E Full Test Corporation 1769028347 - Cloud Ops,2024-01-10,email,Dr. Brown,Tom Johnson,Positive feedback on recent infrastructure upgrade,positive
52002,E2E Full Test Corporation 1769028347 - Cloud Ops,2024-01-25,email,Customer Team,Tom Johnson,Successfully deployed new workload ahead of schedule,positive
52002,E2E Full Test Corporation 1769028347 - Cloud Ops,2024-01-03,meeting,Customer Team,Tom Johnson,Executive sponsor praised team collaboration,positive
52002,E2E Full Test Corporation 1769028347 - Cloud Ops,2024-01-05,meeting,Dr. Brown,Tom Johnson,Reference call completed successfully with prospect,positive
52002,E2E Full Test Corporation 1769028347 - Cloud Ops,2024-02-15,email,Customer Team,Tom Johnson,Quarterly capacity planning review,neutral
52002,E2E Full Test Corporation 1769028347 - Cloud Ops,2024-02-25,email,Customer Team,Tom Johnson,Routine technical sync meeting completed,neutral
52002,E2E Full Test Corporation 1769028347 - Cloud Ops,2024-02-15,meeting,Dr. Brown,Tom Johnson,Documentation review and updates,neutral
52002,E2E Full Test Corporation 1769028347 - Cloud Ops,2024-02-22,email,Dr. Brown,Tom Johnson,Positive feedback on recent infrastructure upgrade,positive
52002,E2E Full Test Corporation 1769028347 - Cloud Ops,2024-01-31,escalation,Customer Team,Tom Johnson,Support ticket unresolved >48 hours,negative
52002,E2E Full Test Corporation 1769028347 - Cloud Ops,2024-02-26,email,Customer Team,Tom Johnson,System health check completed,neutral
52002,E2E Full Test Corporation 1769028347 - Cloud Ops,2024-02-20,email,Dr. Brown,Tom Johnson,Monthly business review conducted,neutral
52002,E2E Full Test Corporation 1769028347 - Cloud Ops,2024-02-18,email,Customer Team,Tom Johnson,Reference call completed successfully with prospect,positive
52002,E2E Full Test Corporation 1769028347 - Cloud Ops,2024-02-07,email,Customer Team,Tom Johnson,Successful QBR with expansion discussion initiated,positive
52002,E2E Full Test Corporation 1769028347 - Cloud Ops,2024-02-04,email,Customer Team,Tom Johnson,Routine technical sync meeting completed,neutral
52002,E2E Full Test Corporation 1769028347 - Cloud Ops,2024-03-01,email,Dr. Brown,Tom Johnson,Successful QBR with expansion discussion initiated,positive
52002,E2E Full Test Corporation 1769028347 - Cloud Ops,2024-03-18,meeting,Customer Team,Tom Johnson,Team member completed advanced certification,positive
52002,E2E Full Test Corporation 1769028347 - Cloud Ops,2024-03-18,meeting,Customer Team,Tom Johnson,Quarterly capacity planning review,neutral
52002,E2E Full Test Corporation 1769028347 - Cloud Ops,2024-03-26,email,Customer Team,Tom Johnson,Scheduled maintenance window executed,neutral
52002,E2E Full Test Corporation 1769028347 - Cloud Ops,2024-03-16,email,Customer Team,Tom Johnson,System health check completed,neutral
52002,E2E Full Test Corporation 1769028347 - Cloud Ops,2024-03-22,email,Dr. Brown,Tom Johnson,Executive sponsor praised team collaboration,positive
52002,E2E Full Test Corporation 1769028347 - Cloud Ops,2024-03-22,email,Customer Team,Tom Johnson,Regular operational status update provided,neutral
52002,E2E Full Test Corporation 1769028347 - Cloud Ops,2024-03-17,email,Customer Team,Tom Johnson,Reference call completed successfully with prospect,positive
52002,E2E Full Test Corporation 1769028347 - Cloud Ops,2024-03-09,escalation,Dr. Brown,Tom Johnson,Integration challenges with existing systems,negative
52002,E2E Full Test Corporation 1769028347 - Cloud Ops,2024-03-08,email,Dr. Brown,Tom Johnson,Successfully deployed new workload ahead of schedule,positive
52002,E2E Full Test Corporation 1769028347 - Cloud Ops,2024-04-26,email,Dr. Brown,Tom Johnson,System health check completed,neutral
52002,E2E Full Test Corporation 1769028347 - Cloud Ops,2024-04-10,escalation,Customer Team,Tom Johnson,Project milestone delayed due to resource constraints,negative
52002,E2E Full Test Corporation 1769028347 - Cloud Ops,2024-04-21,meeting,Customer Team,Tom Johnson,Reference call completed successfully with prospect,positive
52002,E2E Full Test Corporation 1769028347 - Cloud Ops,2024-04-24,meeting,Customer Team,Tom Johnson,Escalation from operations team regarding performance,negative
52002,E2E Full Test Corporation 1769028347 - Cloud Ops,2024-04-14,meeting,Dr. Brown,Tom Johnson,Training session on new features delivered,neutral
52002,E2E Full Test Corporation 1769028347 - Cloud Ops,2024-04-02,email,Customer Team,Tom Johnson,Positive feedback on recent infrastructure upgrade,positive
52002,E2E Full Test Corporation 1769028347 - Cloud Ops,2024-05-13,email,Customer Team,Tom Johnson,Executive sponsor praised team collaboration,positive
52002,E2E Full Test Corporation 1769028347 - Cloud Ops,2024-05-10,email,Customer Team,Tom Johnson,Exceeded performance benchmarks this quarter,positive
52002,E2E Full Test Corporation 1769028347 - Cloud Ops,2024-05-21,meeting,Dr. Brown,Tom Johnson,Successful QBR with expansion discussion initiated,positive
52002,E2E Full Test Corporation 1769028347 - Cloud Ops,2024-05-24,email,Dr. Brown,Tom Johnson,Regular operational status update provided,neutral
52002,E2E Full Test Corporation 1769028347 - Cloud Ops,2024-05-25,email,Customer Team,Tom Johnson,Documentation review and updates,neutral
52002,E2E Full Test Corporation 1769028347 - Cloud Ops,2024-05-11,meeting,Dr. Brown,Tom Johnson,Early adoption of new AI acceleration features,positive
52002,E2E Full Test Corporation 1769028347 - Cloud Ops,2024-06-09,email,Customer Team,Tom Johnson,Monthly business review conducted,neutral
52002,E2E Full Test Corporation 1769028347 - Cloud Ops,2024-06-14,escalation,Customer Team,Tom Johnson,Security compliance audit findings,negative
52002,E2E Full Test Corporation 1769028347 - Cloud Ops,2024-06-11,meeting,Dr. Brown,Tom Johnson,Training session on new features delivered,neutral
52002,E2E Full Test Corporation 1769028347 - Cloud Ops,2024-06-12,email,Customer Team,Tom Johnson,Positive feedback on recent infrastructure upgrade,positive
52002,E2E Full Test Corporation 1769028347 - Cloud Ops,2024-06-27,email,Customer Team,Tom Johnson,Positive feedback on recent infrastructure upgrade,positive
52002,E2E Full Test Corporation 1769028347 - Cloud Ops,2024-06-27,meeting,Dr. Brown,Tom Johnson,Monthly business review conducted,neutral
52002,E2E Full Test Corporation 1769028347 - Cloud Ops,2024-07-21,email,Dr. Brown,Tom Johnson,Successful QBR with expansion discussion initiated,positive
52002,E2E Full Test Corporation 1769028347 - Cloud Ops,2024-07-25,meeting,Dr. Brown,Tom Johnson,Executive sponsor praised team collaboration,positive
52002,E2E Full Test Corporation 1769028347 - Cloud Ops,2024-07-09,meeting,Dr. Brown,Tom Johnson,Routine technical sync meeting completed,neutral
52002,E2E Full Test Corporation 1769028347 - Cloud Ops,2024-07-11,email,Dr. Brown,Tom Johnson,Reference call completed successfully with prospect,positive
52002,E2E Full Test Corporation 1769028347 - Cloud Ops,2024-07-05,meeting,Dr. Brown,Tom Johnson,Regular operational status update provided,neutral
52002,E2E Full Test Corporation 1769028347 - Cloud Ops,2024-07-06,meeting,Dr. Brown,Tom Johnson,Exceeded performance benchmarks this quarter,positive
52002,E2E Full Test Corporation 1769028347 - Cloud Ops,2024-08-08,meeting,Dr. Brown,Tom Johnson,Positive feedback on recent infrastructure upgrade,positive
52002,E2E Full Test Corporation 1769028347 - Cloud Ops,2024-08-15,escalation,Customer Team,Tom Johnson,Unexpected system downtime reported,negative
52002,E2E Full Test Corporation 1769028347 - Cloud Ops,2024-08-02,email,Customer Team,Tom Johnson,Successfully deployed new workload ahead of schedule,positive
52002,E2E Full Test Corporation 1769028347 - Cloud Ops,2024-08-07,email,Dr. Brown,Tom Johnson,System health check completed,neutral
52002,E2E Full Test Corporation 1769028347 - Cloud Ops,2024-08-22,email,Customer Team,Tom Johnson,Documentation review and updates,neutral
52002,E2E Full Test Corporation 1769028347 - Cloud Ops,2024-08-17,email,Dr. Brown,Tom Johnson,Monthly business review conducted,neutral
52002,E2E Full Test Corporation 1769028347 - Cloud Ops,2024-09-23,meeting,Dr. Brown,Tom Johnson,Training session on new features delivered,neutral
52002,E2E Full Test Corporation 1769028347 - Cloud Ops,2024-08-31,escalation,Dr. Brown,Tom Johnson,Security compliance audit findings,negative
52002,E2E Full Test Corporation 1769028347 - Cloud Ops,2024-09-22,email,Customer Team,Tom Johnson,Successful QBR with expansion discussion initiated,positive
52002,E2E Full Test Corporation 1769028347 - Cloud Ops,2024-09-09,email,Customer Team,Tom Johnson,Successfully deployed new workload ahead of schedule,positive
52002,E2E Full Test Corporation 1769028347 - Cloud Ops,2024-09-25,email,Customer Team,Tom Johnson,Regular operational status update provided,neutral
52002,E2E Full Test Corporation 1769028347 - Cloud Ops,2024-09-13,email,Customer Team,Tom Johnson,Monthly business review conducted,neutral
52002,E2E Full Test Corporation 1769028347 - Cloud Ops,2024-09-30,email,Dr. Brown,Tom Johnson,Team member completed advanced certification,positive
52002,E2E Full Test Corporation 1769028347 - Cloud Ops,2024-10-08,meeting,Customer Team,Tom Johnson,Budget concerns raised during planning meeting,negative
52002,E2E Full Test Corporation 1769028347 - Cloud Ops,2024-10-06,escalation,Customer Team,Tom Johnson,Unexpected system downtime reported,negative
52002,E2E Full Test Corporation 1769028347 - Cloud Ops,2024-10-14,escalation,Customer Team,Tom Johnson,Security compliance audit findings,negative
52002,E2E Full Test Corporation 1769028347 - Cloud Ops,2024-10-18,meeting,Customer Team,Tom Johnson,Budget concerns raised during planning meeting,negative
52002,E2E Full Test Corporation 1769028347 - Cloud Ops,2024-09-27,email,Dr. Brown,Tom Johnson,Scheduled maintenance window executed,neutral
52002,E2E Full Test Corporation 1769028347 - Cloud Ops,2024-10-11,email,Dr. Brown,Tom Johnson,Concerns about cooling efficiency raised,negative
52002,E2E Full Test Corporation 1769028347 - Cloud Ops,2024-10-01,email,Dr. Brown,Tom Johnson,Successfully deployed new workload ahead of schedule,positive
52002,E2E Full Test Corporation 1769028347 - Cloud Ops,2024-11-09,meeting,Dr. Brown,Tom Johnson,Support ticket unresolved >48 hours,negative
52002,E2E Full Test Corporation 1769028347 - Cloud Ops,2024-11-07,meeting,Dr. Brown,Tom Johnson,Unexpected system downtime reported,negative
52002,E2E Full Test Corporation 1769028347 - Cloud Ops,2024-11-22,email,Dr. Brown,Tom Johnson,Routine technical sync meeting completed,neutral
52002,E2E Full Test Corporation 1769028347 - Cloud Ops,2024-11-23,meeting,Dr. Brown,Tom Johnson,Support ticket unresolved >48 hours,negative
52002,E2E Full Test Corporation 1769028347 - Cloud Ops,2024-11-06,meeting,Dr. Brown,Tom Johnson,Unexpected system downtime reported,negative
52002,E2E Full Test Corporation 1769028347 - Cloud Ops,2024-11-10,email,Customer Team,Tom Johnson,Security compliance audit findings,negative
52002,E2E Full Test Corporation 1769028347 - Cloud Ops,2024-11-23,escalation,Customer Team,Tom Johnson,Concerns about cooling efficiency raised,negative
52002,E2E Full Test Corporation 1769028347 - Cloud Ops,2024-11-04,meeting,Dr. Brown,Tom Johnson,Monthly business review conducted,neutral
52002,E2E Full Test Corporation 1769028347 - Cloud Ops,2024-12-07,email,Customer Team,Tom Johnson,Budget concerns raised during planning meeting,negative
52002,E2E Full Test Corporation 1769028347 - Cloud Ops,2024-12-04,meeting,Customer Team,Tom Johnson,Exceeded performance benchmarks this quarter,positive
52002,E2E Full Test Corporation 1769028347 - Cloud Ops,2024-12-15,email,Customer Team,Tom Johnson,Unexpected system downtime reported,negative
52002,E2E Full Test Corporation 1769028347 - Cloud Ops,2024-12-19,meeting,Dr. Brown,Tom Johnson,Escalation from operations team regarding performance,negative
52002,E2E Full Test Corporation 1769028347 - Cloud Ops,2024-12-13,email,Customer Team,Tom Johnson,Documentation review and updates,neutral
52002,E2E Full Test Corporation 1769028347 - Cloud Ops,2024-12-22,escalation,Customer Team,Tom Johnson,Unexpected system downtime reported,negative
52002,E2E Full Test Corporation 1769028347 - Cloud Ops,2024-11-26,escalation,Dr. Brown,Tom Johnson,Escalation from operations team regarding performance,negative
52002,E2E Full Test Corporation 1769028347 - Cloud Ops,2024-12-18,meeting,Dr. Brown,Tom Johnson,Support ticket unresolved >48 hours,negative
52003,E2E Full Test Corporation 1769028347 - AI Lab,2024-01-04,email,Dr. Brown,Rachel Martinez,Team member completed advanced certification,positive
52003,E2E Full Test Corporation 1769028347 - AI Lab,2024-01-08,meeting,Dr. Brown,Rachel Martinez,Routine technical sync meeting completed,neutral
52003,E2E Full Test Corporation 1769028347 - AI Lab,2024-01-05,email,Customer Team,Rachel Martinez,Early adoption of new AI acceleration features,positive
52003,E2E Full Test Corporation 1769028347 - AI Lab,2024-01-25,email,Customer Team,Rachel Martinez,Reference call completed successfully with prospect,positive
52003,E2E Full Test Corporation 1769028347 - AI Lab,2024-01-20,meeting,Customer Team,Rachel Martinez,Exceeded performance benchmarks this quarter,positive
52003,E2E Full Test Corporation 1769028347 - AI Lab,2024-01-07,email,Dr. Brown,Rachel Martinez,Successful QBR with expansion discussion initiated,positive
52003,E2E Full Test Corporation 1769028347 - AI Lab,2024-01-15,email,Dr. Brown,Rachel Martinez,Training session on new features delivered,neutral
52003,E2E Full Test Corporation 1769028347 - AI Lab,2024-01-29,email,Customer Team,Rachel Martinez,Regular operational status update provided,neutral
52003,E2E Full Test Corporation 1769028347 - AI Lab,2024-01-28,meeting,Dr. Brown,Rachel Martinez,Support ticket unresolved >48 hours,negative
52003,E2E Full Test Corporation 1769028347 - AI Lab,2024-01-17,email,Customer Team,Rachel Martinez,System health check completed,neutral
52003,E2E Full Test Corporation 1769028347 - AI Lab,2024-02-06,meeting,Customer Team,Rachel Martinez,Documentation review and updates,neutral
52003,E2E Full Test Corporation 1769028347 - AI Lab,2024-02-01,email,Dr. Brown,Rachel Martinez,Monthly business review conducted,neutral
52003,E2E Full Test Corporation 1769028347 - AI Lab,2024-02-20,email,Customer Team,Rachel Martinez,System health check completed,neutral
52003,E2E Full Test Corporation 1769028347 - AI Lab,2024-02-01,email,Dr. Brown,Rachel Martinez,Successfully deployed new workload ahead of schedule,positive
52003,E2E Full Test Corporation 1769028347 - AI Lab,2024-02-06,email,Dr. Brown,Rachel Martinez,Successfully deployed new workload ahead of schedule,positive
52003,E2E Full Test Corporation 1769028347 - AI Lab,2024-02-04,email,Customer Team,Rachel Martinez,Monthly business review conducted,neutral
52003,E2E Full Test Corporation 1769028347 - AI Lab,2024-02-22,email,Dr. Brown,Rachel Martinez,Scheduled maintenance window executed,neutral
52003,E2E Full Test Corporation 1769028347 - AI Lab,2024-02-08,meeting,Dr. Brown,Rachel Martinez,Reference call completed successfully with prospect,positive
52003,E2E Full Test Corporation 1769028347 - AI Lab,2024-02-06,email,Customer Team,Rachel Martinez,Team member completed advanced certification,positive
52003,E2E Full Test Corporation 1769028347 - AI Lab,2024-02-13,email,Dr. Brown,Rachel Martinez,Team member completed advanced certification,positive
52003,E2E Full Test Corporation 1769028347 - AI Lab,2024-03-25,email,Customer Team,Rachel Martinez,Team member completed advanced certification,positive
52003,E2E Full Test Corporation 1769028347 - AI Lab,2024-03-03,meeting,Dr. Brown,Rachel Martinez,Exceeded performance benchmarks this quarter,positive
52003,E2E Full Test Corporation 1769028347 - AI Lab,2024-03-03,email,Dr. Brown,Rachel Martinez,Reference call completed successfully with prospect,positive
52003,E2E Full Test Corporation 1769028347 - AI Lab,2024-03-08,email,Customer Team,Rachel Martinez,Integration challenges with existing systems,negative
52003,E2E Full Test Corporation 1769028347 - AI Lab,2024-03-14,meeting,Customer Team,Rachel Martinez,Successful QBR with expansion discussion initiated,positive
52003,E2E Full Test Corporation 1769028347 - AI Lab,2024-03-04,meeting,Dr. Brown,Rachel Martinez,Quarterly capacity planning review,neutral
52003,E2E Full Test Corporation 1769028347 - AI Lab,2024-03-19,email,Dr. Brown,Rachel Martinez,Routine technical sync meeting completed,neutral
52003,E2E Full Test Corporation 1769028347 - AI Lab,2024-03-27,email,Dr. Brown,Rachel Martinez,Positive feedback on recent infrastructure upgrade,positive
52003,E2E Full Test Corporation 1769028347 - AI Lab,2024-03-08,email,Customer Team,Rachel Martinez,Early adoption of new AI acceleration features,positive
52003,E2E Full Test Corporation 1769028347 - AI Lab,2024-03-24,meeting,Customer Team,Rachel Martinez,Positive feedback on recent infrastructure upgrade,positive
52003,E2E Full Test Corporation 1769028347 - AI Lab,2024-04-25,email,Dr. Brown,Rachel Martinez,Routine technical sync meeting completed,neutral
52003,E2E Full Test Corporation 1769028347 - AI Lab,2024-04-09,email,Customer Team,Rachel Martinez,Support ticket unresolved >48 hours,negative
52003,E2E Full Test Corporation 1769028347 - AI Lab,2024-04-24,email,Customer Team,Rachel Martinez,Positive feedback on recent infrastructure upgrade,positive
52003,E2E Full Test Corporation 1769028347 - AI Lab,2024-04-09,email,Customer Team,Rachel Martinez,Documentation review and updates,neutral
52003,E2E Full Test Corporation 1769028347 - AI Lab,2024-04-03,email,Customer Team,Rachel Martinez,Training session on new features delivered,neutral
52003,E2E Full Test Corporation 1769028347 - AI Lab,2024-04-08,email,Customer Team,Rachel Martinez,Scheduled maintenance window executed,neutral
52003,E2E Full Test Corporation 1769028347 - AI Lab,2024-03-31,email,Customer Team,Rachel Martinez,Regular operational status update provided,neutral
52003,E2E Full Test Corporation 1769028347 - AI Lab,2024-04-21,email,Dr. Brown,Rachel Martinez,Successfully deployed new workload ahead of schedule,positive
52003,E2E Full Test Corporation 1769028347 - AI Lab,2024-03-31,email,Dr. Brown,Rachel Martinez,Early adoption of new AI acceleration features,positive
52003,E2E Full Test Corporation 1769028347 - AI Lab,2024-04-01,email,Dr. Brown,Rachel Martinez,Team member completed advanced certification,positive
52003,E2E Full Test Corporation 1769028347 - AI Lab,2024-05-21,meeting,Customer Team,Rachel Martinez,Team member completed advanced certification,positive
52003,E2E Full Test Corporation 1769028347 - AI Lab,2024-05-24,email,Customer Team,Rachel Martinez,Early adoption of new AI acceleration features,positive
52003,E2E Full Test Corporation 1769028347 - AI Lab,2024-05-02,email,Dr. Brown,Rachel Martinez,Team member completed advanced certification,positive
52003,E2E Full Test Corporation 1769028347 - AI Lab,2024-05-08,email,Customer Team,Rachel Martinez,Executive sponsor praised team collaboration,positive
52003,E2E Full Test Corporation 1769028347 - AI Lab,2024-04-30,email,Customer Team,Rachel Martinez,Security compliance audit findings,negative
52003,E2E Full Test Corporation 1769028347 - AI Lab,2024-05-05,email,Dr. Brown,Rachel Martinez,Routine technical sync meeting completed,neutral
52003,E2E Full Test Corporation 1769028347 - AI Lab,2024-05-27,email,Dr. Brown,Rachel Martinez,Team member completed advanced certification,positive
52003,E2E Full Test Corporation 1769028347 - AI Lab,2024-05-05,meeting,Customer Team,Rachel Martinez,Training session on new features delivered,neutral
52003,E2E Full Test Corporation 1769028347 - AI Lab,2024-05-14,meeting,Dr. Brown,Rachel Martinez,Quarterly capacity planning review,neutral
52003,E2E Full Test Corporation 1769028347 - AI Lab,2024-05-04,email,Customer Team,Rachel Martinez,Regular operational status update provided,neutral
52003,E2E Full Test Corporation 1769028347 - AI Lab,2024-06-19,meeting,Customer Team,Rachel Martinez,Successfully deployed new workload ahead of schedule,positive
52003,E2E Full Test Corporation 1769028347 - AI Lab,2024-06-09,email,Dr. Brown,Rachel Martinez,Monthly business review conducted,neutral
52003,E2E Full Test Corporation 1769028347 - AI Lab,2024-06-25,email,Customer Team,Rachel Martinez,Reference call completed successfully with prospect,positive
52003,E2E Full Test Corporation 1769028347 - AI Lab,2024-06-14,email,Customer Team,Rachel Martinez,Executive sponsor praised team collaboration,positive
52003,E2E Full Test Corporation 1769028347 - AI Lab,2024-06-15,email,Customer Team,Rachel Martinez,Successful QBR with expansion discussion initiated,positive
52003,E2E Full Test Corporation 1769028347 - AI Lab,2024-06-20,email,Dr. Brown,Rachel Martinez,Executive sponsor praised team collaboration,positive
52003,E2E Full Test Corporation 1769028347 - AI Lab,2024-06-11,email,Dr. Brown,Rachel Martinez,Monthly business review conducted,neutral
52003,E2E Full Test Corporation 1769028347 - AI Lab,2024-06-09,email,Dr. Brown,Rachel Martinez,Routine technical sync meeting completed,neutral
52003,E2E Full Test Corporation 1769028347 - AI Lab,2024-06-20,email,Dr. Brown,Rachel Martinez,Team member completed advanced certification,positive
52003,E2E Full Test Corporation 1769028347 - AI Lab,2024-06-25,email,Customer Team,Rachel Martinez,Positive feedback on recent infrastructure upgrade,positive
52003,E2E Full Test Corporation 1769028347 - AI Lab,2024-07-27,email,Customer Team,Rachel Martinez,Quarterly capacity planning review,neutral
52003,E2E Full Test Corporation 1769028347 - AI Lab,2024-07-17,escalation,Dr. Brown,Rachel Martinez,Concerns about cooling efficiency raised,negative
52003,E2E Full Test Corporation 1769028347 - AI Lab,2024-07-03,email,Dr. Brown,Rachel Martinez,Training session on new features delivered,neutral
52003,E2E Full Test Corporation 1769028347 - AI Lab,2024-07-07,email,Dr. Brown,Rachel Martinez,Exceeded performance benchmarks this quarter,positive
52003,E2E Full Test Corporation 1769028347 - AI Lab,2024-07-26,meeting,Customer Team,Rachel Martinez,Exceeded performance benchmarks this quarter,positive
52003,E2E Full Test Corporation 1769028347 - AI Lab,2024-07-01,email,Customer Team,Rachel Martinez,Successfully deployed new workload ahead of schedule,positive
52003,E2E Full Test Corporation 1769028347 - AI Lab,2024-06-29,email,Dr. Brown,Rachel Martinez,Team member completed advanced certification,positive
52003,E2E Full Test Corporation 1769028347 - AI Lab,2024-07-15,email,Customer Team,Rachel Martinez,System health check completed,neutral
52003,E2E Full Test Corporation 1769028347 - AI Lab,2024-07-13,email,Customer Team,Rachel Martinez,Monthly business review conducted,neutral
52003,E2E Full Test Corporation 1769028347 - AI Lab,2024-07-11,email,Dr. Brown,Rachel Martinez,Team member completed advanced certification,positive
52003,E2E Full Test Corporation 1769028347 - AI Lab,2024-08-02,email,Dr. Brown,Rachel Martinez,Exceeded performance benchmarks this quarter,positive
52003,E2E Full Test Corporation 1769028347 - AI Lab,2024-07-31,email,Customer Team,Rachel Martinez,Exceeded performance benchmarks this quarter,positive
52003,E2E Full Test Corporation 1769028347 - AI Lab,2024-08-19,email,Customer Team,Rachel Martinez,Executive sponsor praised team collaboration,positive
52003,E2E Full Test Corporation 1769028347 - AI Lab,2024-08-05,meeting,Dr. Brown,Rachel Martinez,Team member completed advanced certification,positive
52003,E2E Full Test Corporation 1769028347 - AI Lab,2024-08-09,email,Dr. Brown,Rachel Martinez,System health check completed,neutral
52003,E2E Full Test Corporation 1769028347 - AI Lab,2024-08-26,email,Customer Team,Rachel Martinez,Successful QBR with expansion discussion initiated,positive
52003,E2E Full Test Corporation 1769028347 - AI Lab,2024-08-22,email,Customer Team,Rachel Martinez,Successfully deployed new workload ahead of schedule,positive
52003,E2E Full Test Corporation 1769028347 - AI Lab,2024-08-15,email,Dr. Brown,Rachel Martinez,Early adoption of new AI acceleration features,positive
52003,E2E Full Test Corporation 1769028347 - AI Lab,2024-08-03,meeting,Dr. Brown,Rachel Martinez,Team member completed advanced certification,positive
52003,E2E Full Test Corporation 1769028347 - AI Lab,2024-08-26,meeting,Dr. Brown,Rachel Martinez,Support ticket unresolved >48 hours,negative
52003,E2E Full Test Corporation 1769028347 - AI Lab,2024-09-13,meeting,Customer Team,Rachel Martinez,Team member completed advanced certification,positive
52003,E2E Full Test Corporation 1769028347 - AI Lab,2024-09-23,meeting,Customer Team,Rachel Martinez,Successfully deployed new workload ahead of schedule,positive
52003,E2E Full Test Corporation 1769028347 - AI Lab,2024-09-04,meeting,Customer Team,Rachel Martinez,Exceeded performance benchmarks this quarter,positive
52003,E2E Full Test Corporation 1769028347 - AI Lab,2024-09-21,email,Dr. Brown,Rachel Martinez,Documentation review and updates,neutral
52003,E2E Full Test Corporation 1769028347 - AI Lab,2024-09-13,email,Dr. Brown,Rachel Martinez,Executive sponsor praised team collaboration,positive
52003,E2E Full Test Corporation 1769028347 - AI Lab,2024-09-05,meeting,Customer Team,Rachel Martinez,Team member completed advanced certification,positive
52003,E2E Full Test Corporation 1769028347 - AI Lab,2024-09-07,escalation,Dr. Brown,Rachel Martinez,Integration challenges with existing systems,negative
52003,E2E Full Test Corporation 1769028347 - AI Lab,2024-08-31,meeting,Customer Team,Rachel Martinez,Routine technical sync meeting completed,neutral
52003,E2E Full Test Corporation 1769028347 - AI Lab,2024-09-14,meeting,Customer Team,Rachel Martinez,System health check completed,neutral
52003,E2E Full Test Corporation 1769028347 - AI Lab,2024-08-30,meeting,Customer Team,Rachel Martinez,Quarterly capacity planning review,neutral
52003,E2E Full Test Corporation 1769028347 - AI Lab,2024-10-01,email,Dr. Brown,Rachel Martinez,Routine technical sync meeting completed,neutral
52003,E2E Full Test Corporation 1769028347 - AI Lab,2024-10-11,email,Dr. Brown,Rachel Martinez,Reference call completed successfully with prospect,positive
52003,E2E Full Test Corporation 1769028347 - AI Lab,2024-10-04,meeting,Dr. Brown,Rachel Martinez,Early adoption of new AI acceleration features,positive
52003,E2E Full Test Corporation 1769028347 - AI Lab,2024-10-01,meeting,Dr. Brown,Rachel Martinez,Budget concerns raised during planning meeting,negative
52003,E2E Full Test Corporation 1769028347 - AI Lab,2024-10-20,email,Dr. Brown,Rachel Martinez,Successful QBR with expansion discussion initiated,positive
52003,E2E Full Test Corporation 1769028347 - AI Lab,2024-10-16,email,Dr. Brown,Rachel Martinez,Monthly business review conducted,neutral
52003,E2E Full Test Corporation 1769028347 - AI Lab,2024-10-17,email,Customer Team,Rachel Martinez,Monthly business review conducted,neutral
52003,E2E Full Test Corporation 1769028347 - AI Lab,2024-10-10,email,Customer Team,Rachel Martinez,Exceeded performance benchmarks this quarter,positive
52003,E2E Full Test Corporation 1769028347 - AI Lab,2024-10-05,email,Customer Team,Rachel Martinez,System health check completed,neutral
52003,E2E Full Test Corporation 1769028347 - AI Lab,2024-10-03,meeting,Customer Team,Rachel Martinez,Executive sponsor praised team collaboration,positive
52003,E2E Full Test Corporation 1769028347 - AI Lab,2024-11-04,email,Dr. Brown,Rachel Martinez,Exceeded performance benchmarks this quarter,positive
52003,E2E Full Test Corporation 1769028347 - AI Lab,2024-10-28,meeting,Dr. Brown,Rachel Martinez,Early adoption of new AI acceleration features,positive
52003,E2E Full Test Corporation 1769028347 - AI Lab,2024-11-10,email,Dr. Brown,Rachel Martinez,Regular operational status update provided,neutral
52003,E2E Full Test Corporation 1769028347 - AI Lab,2024-11-11,meeting,Dr. Brown,Rachel Martinez,Successfully deployed new workload ahead of schedule,positive
52003,E2E Full Test Corporation 1769028347 - AI Lab,2024-11-18,email,Dr. Brown,Rachel Martinez,Routine technical sync meeting completed,neutral
52003,E2E Full Test Corporation 1769028347 - AI Lab,2024-11-14,meeting,Dr. Brown,Rachel Martinez,Early adoption of new AI acceleration features,positive
52003,E2E Full Test Corporation 1769028347 - AI Lab,2024-11-22,meeting,Dr. Brown,Rachel Martinez,Documentation review and updates,neutral
52003,E2E Full Test Corporation 1769028347 - AI Lab,2024-10-27,email,Dr. Brown,Rachel Martinez,Exceeded performance benchmarks this quarter,positive
52003,E2E Full Test Corporation 1769028347 - AI Lab,2024-11-14,email,Customer Team,Rachel Martinez,Training session on new features delivered,neutral
52003,E2E Full Test Corporation 1769028347 - AI Lab,2024-11-15,meeting,Customer Team,Rachel Martinez,Quarterly capacity planning review,neutral
52003,E2E Full Test Corporation 1769028347 - AI Lab,2024-11-27,email,Dr. Brown,Rachel Martinez,Documentation review and updates,neutral
52003,E2E Full Test Corporation 1769028347 - AI Lab,2024-12-17,meeting,Dr. Brown,Rachel Martinez,Regular operational status update provided,neutral
52003,E2E Full Test Corporation 1769028347 - AI Lab,2024-12-16,email,Dr. Brown,Rachel Martinez,Routine technical sync meeting completed,neutral
52003,E2E Full Test Corporation 1769028347 - AI Lab,2024-12-09,meeting,Dr. Brown,Rachel Martinez,Early adoption of new AI acceleration features,positive
52003,E2E Full Test Corporation 1769028347 - AI Lab,2024-12-13,email,Customer Team,Rachel Martinez,Successfully deployed new workload ahead of schedule,positive
52003,E2E Full Test Corporation 1769028347 - AI Lab,2024-12-23,email,Dr. Brown,Rachel Martinez,Unexpected system downtime reported,negative
52003,E2E Full Test Corporation 1769028347 - AI Lab,2024-12-04,email,Dr. Brown,Rachel Martinez,Team member completed advanced certification,positive
52003,E2E Full Test Corporation 1769028347 - AI Lab,2024-11-27,email,Dr. Brown,Rachel Martinez,Regular operational status update provided,neutral
52003,E2E Full Test Corporation 1769028347 - AI Lab,2024-12-04,email,Dr. Brown,Rachel Martinez,Successful QBR with expansion discussion initiated,positive
52003,E2E Full Test Corporation 1769028347 - AI Lab,2024-12-11,meeting,Customer Team,Rachel Martinez,Positive feedback on recent infrastructure upgrade,positive
52004,E2E Full Test Corporation 1769028347 - Production,2024-01-01,email,Dr. Smith,James Park,Training session on new features delivered,neutral
52004,E2E Full Test Corporation 1769028347 - Production,2024-01-04,email,Customer Team,James Park,Reference call completed successfully with prospect,positive
52004,E2E Full Test Corporation 1769028347 - Production,2024-01-01,meeting,Dr. Smith,James Park,Scheduled maintenance window executed,neutral
52004,E2E Full Test Corporation 1769028347 - Production,2024-01-06,email,Dr. Smith,James Park,Team member completed advanced certification,positive
52004,E2E Full Test Corporation 1769028347 - Production,2024-01-28,email,Dr. Smith,James Park,Unexpected system downtime reported,negative
52004,E2E Full Test Corporation 1769028347 - Production,2024-01-17,email,Dr. Smith,James Park,Training session on new features delivered,neutral
52004,E2E Full Test Corporation 1769028347 - Production,2024-02-13,email,Customer Team,James Park,Early adoption of new AI acceleration features,positive
52004,E2E Full Test Corporation 1769028347 - Production,2024-02-12,meeting,Dr. Smith,James Park,Team member completed advanced certification,positive
52004,E2E Full Test Corporation 1769028347 - Production,2024-02-16,email,Customer Team,James Park,Routine technical sync meeting completed,neutral
52004,E2E Full Test Corporation 1769028347 - Production,2024-02-19,email,Dr. Smith,James Park,Regular operational status update provided,neutral
52004,E2E Full Test Corporation 1769028347 - Production,2024-02-07,email,Dr. Smith,James Park,Routine technical sync meeting completed,neutral
52004,E2E Full Test Corporation 1769028347 - Production,2024-02-12,email,Dr. Smith,James Park,Positive feedback on recent infrastructure upgrade,positive
52004,E2E Full Test Corporation 1769028347 - Production,2024-03-17,meeting,Dr. Smith,James Park,Early adoption of new AI acceleration features,positive
52004,E2E Full Test Corporation 1769028347 - Production,2024-03-27,meeting,Customer Team,James Park,Escalation from operations team regarding performance,negative
52004,E2E Full Test Corporation 1769028347 - Production,2024-03-02,email,Dr. Smith,James Park,Exceeded performance benchmarks this quarter,positive
52004,E2E Full Test Corporation 1769028347 - Production,2024-03-01,email,Customer Team,James Park,Executive sponsor praised team collaboration,positive
52004,E2E Full Test Corporation 1769028347 - Production,2024-03-06,email,Dr. Smith,James Park,Quarterly capacity planning review,neutral
52004,E2E Full Test Corporation 1769028347 - Production,2024-03-27,meeting,Customer Team,James Park,Training session on new features delivered,neutral
52004,E2E Full Test Corporation 1769028347 - Production,2024-04-12,email,Customer Team,James Park,Successfully deployed new workload ahead of schedule,positive
52004,E2E Full Test Corporation 1769028347 - Production,2024-04-28,email,Customer Team,James Park,Positive feedback on recent infrastructure upgrade,positive
52004,E2E Full Test Corporation 1769028347 - Production,2024-04-23,meeting,Dr. Smith,James Park,Exceeded performance benchmarks this quarter,positive
52004,E2E Full Test Corporation 1769028347 - Production,2024-04-27,email,Customer Team,James Park,Early adoption of new AI acceleration features,positive
52004,E2E Full Test Corporation 1769028347 - Production,2024-04-23,meeting,Customer Team,James Park,Successful QBR with expansion discussion initiated,positive
52004,E2E Full Test Corporation 1769028347 - Production,2024-04-04,email,Customer Team,James Park,Executive sponsor praised team collaboration,positive
52004,E2E Full Test Corporation 1769028347 - Production,2024-05-20,meeting,Customer Team,James Park,Exceeded performance benchmarks this quarter,positive
52004,E2E Full Test Corporation 1769028347 - Production,2024-05-01,email,Customer Team,James Park,Successfully deployed new workload ahead of schedule,positive
52004,E2E Full Test Corporation 1769028347 - Production,2024-05-13,email,Dr. Smith,James Park,Executive sponsor praised team collaboration,positive
52004,E2E Full Test Corporation 1769028347 - Production,2024-05-18,email,Dr. Smith,James Park,Scheduled maintenance window executed,neutral
52004,E2E Full Test Corporation 1769028347 - Production,2024-05-08,meeting,Customer Team,James Park,Executive sponsor praised team collaboration,positive
52004,E2E Full Test Corporation 1769028347 - Production,2024-05-02,email,Customer Team,James Park,Executive sponsor praised team collaboration,positive
52004,E2E Full Test Corporation 1769028347 - Production,2024-06-02,meeting,Customer Team,James Park,Security compliance audit findings,negative
52004,E2E Full Test Corporation 1769028347 - Production,2024-06-02,escalation,Customer Team,James Park,Budget concerns raised during planning meeting,negative
52004,E2E Full Test Corporation 1769028347 - Production,2024-06-01,meeting,Dr. Smith,James Park,Scheduled maintenance window executed,neutral
52004,E2E Full Test Corporation 1769028347 - Production,2024-06-01,meeting,Customer Team,James Park,Support ticket unresolved >48 hours,negative
52004,E2E Full Test Corporation 1769028347 - Production,2024-06-13,meeting,Customer Team,James Park,Concerns about cooling efficiency raised,negative
52004,E2E Full Test Corporation 1769028347 - Production,2024-06-06,email,Dr. Smith,James Park,Reference call completed successfully with prospect,positive
52004,E2E Full Test Corporation 1769028347 - Production,2024-06-19,email,Dr. Smith,James Park,System health check completed,neutral
52004,E2E Full Test Corporation 1769028347 - Production,2024-06-17,escalation,Dr. Smith,James Park,Budget concerns raised during planning meeting,negative
52004,E2E Full Test Corporation 1769028347 - Production,2024-07-07,escalation,Dr. Smith,James Park,Budget concerns raised during planning meeting,negative
52004,E2E Full Test Corporation 1769028347 - Production,2024-07-06,meeting,Customer Team,James Park,Security compliance audit findings,negative
52004,E2E Full Test Corporation 1769028347 - Production,2024-06-30,meeting,Dr. Smith,James Park,Budget concerns raised during planning meeting,negative
52004,E2E Full Test Corporation 1769028347 - Production,2024-07-14,meeting,Dr. Smith,James Park,Regular operational status update provided,neutral
52004,E2E Full Test Corporation 1769028347 - Production,2024-07-20,meeting,Customer Team,James Park,Unexpected system downtime reported,negative
52004,E2E Full Test Corporation 1769028347 - Production,2024-07-26,email,Dr. Smith,James Park,Team member completed advanced certification,positive
52004,E2E Full Test Corporation 1769028347 - Production,2024-07-20,escalation,Dr. Smith,James Park,Integration challenges with existing systems,negative
52004,E2E Full Test Corporation 1769028347 - Production,2024-07-18,escalation,Customer Team,James Park,Unexpected system downtime reported,negative
52004,E2E Full Test Corporation 1769028347 - Production,2024-08-20,meeting,Dr. Smith,James Park,Regular operational status update provided,neutral
52004,E2E Full Test Corporation 1769028347 - Production,2024-08-20,meeting,Customer Team,James Park,Budget concerns raised during planning meeting,negative
52004,E2E Full Test Corporation 1769028347 - Production,2024-08-23,meeting,Dr. Smith,James Park,Escalation from operations team regarding performance,negative
52004,E2E Full Test Corporation 1769028347 - Production,2024-08-24,email,Dr. Smith,James Park,Quarterly capacity planning review,neutral
52004,E2E Full Test Corporation 1769028347 - Production,2024-08-07,email,Customer Team,James Park,Unexpected system downtime reported,negative
52004,E2E Full Test Corporation 1769028347 - Production,2024-08-16,meeting,Dr. Smith,James Park,Budget concerns raised during planning meeting,negative
52004,E2E Full Test Corporation 1769028347 - Production,2024-08-17,meeting,Dr. Smith,James Park,Integration challenges with existing systems,negative
52004,E2E Full Test Corporation 1769028347 - Production,2024-08-15,meeting,Dr. Smith,James Park,Positive feedback on recent infrastructure upgrade,positive
52004,E2E Full Test Corporation 1769028347 - Production,2024-09-19,email,Customer Team,James Park,Positive feedback on recent infrastructure upgrade,positive
52004,E2E Full Test Corporation 1769028347 - Production,2024-09-24,email,Customer Team,James Park,Routine technical sync meeting completed,neutral
52004,E2E Full Test Corporation 1769028347 - Production,2024-09-09,meeting,Customer Team,James Park,Reference call completed successfully with prospect,positive
52004,E2E Full Test Corporation 1769028347 - Production,2024-09-05,email,Dr. Smith,James Park,Routine technical sync meeting completed,neutral
52004,E2E Full Test Corporation 1769028347 - Production,2024-09-17,email,Dr. Smith,James Park,Scheduled maintenance window executed,neutral
52004,E2E Full Test Corporation 1769028347 - Production,2024-09-06,meeting,Customer Team,James Park,Successfully deployed new workload ahead of schedule,positive
52004,E2E Full Test Corporation 1769028347 - Production,2024-10-20,meeting,Customer Team,James Park,Exceeded performance benchmarks this quarter,positive
52004,E2E Full Test Corporation 1769028347 - Production,2024-10-14,email,Customer Team,James Park,Regular operational status update provided,neutral
52004,E2E Full Test Corporation 1769028347 - Production,2024-10-01,meeting,Customer Team,James Park,Quarterly capacity planning review,neutral
52004,E2E Full Test Corporation 1769028347 - Production,2024-10-11,email,Customer Team,James Park,Regular operational status update provided,neutral
52004,E2E Full Test Corporation 1769028347 - Production,2024-10-16,email,Customer Team,James Park,Security compliance audit findings,negative
52004,E2E Full Test Corporation 1769028347 - Production,2024-10-10,email,Customer Team,James Park,Scheduled maintenance window executed,neutral
52004,E2E Full Test Corporation 1769028347 - Production,2024-11-13,email,Dr. Smith,James Park,Training session on new features delivered,neutral
52004,E2E Full Test Corporation 1769028347 - Production,2024-11-05,email,Dr. Smith,James Park,Routine technical sync meeting completed,neutral
52004,E2E Full Test Corporation 1769028347 - Production,2024-11-09,meeting,Customer Team,James Park,Quarterly capacity planning review,neutral
52004,E2E Full Test Corporation 1769028347 - Production,2024-11-01,meeting,Dr. Smith,James Park,Successfully deployed new workload ahead of schedule,positive
52004,E2E Full Test Corporation 1769028347 - Production,2024-11-14,email,Customer Team,James Park,Scheduled maintenance window executed,neutral
52004,E2E Full Test Corporation 1769028347 - Production,2024-11-22,email,Dr. Smith,James Park,Team member completed advanced certification,positive
52004,E2E Full Test Corporation 1769028347 - Production,2024-11-30,email,Customer Team,James Park,System health check completed,neutral
52004,E2E Full Test Corporation 1769028347 - Production,2024-12-10,email,Dr. Smith,James Park,Training session on new features delivered,neutral
52004,E2E Full Test Corporation 1769028347 - Production,2024-12-21,escalation,Customer Team,James Park,Project milestone delayed due to resource constraints,negative
52004,E2E Full Test Corporation 1769028347 - Production,2024-12-06,meeting,Customer Team,James Park,Scheduled maintenance window executed,neutral
52004,E2E Full Test Corporation 1769028347 - Production,2024-12-06,email,Customer Team,James Park,Quarterly capacity planning review,neutral
52004,E2E Full Test Corporation 1769028347 - Production,2024-12-19,meeting,Dr. Smith,James Park,Security compliance audit findings,negative
52005,E2E Full Test Corporation 1769028347 - Development,2024-01-19,meeting,Dr. Davis,Rachel Martinez,Exceeded performance benchmarks this quarter,positive
52005,E2E Full Test Corporation 1769028347 - Development,2024-01-12,email,Dr. Davis,Rachel Martinez,Documentation review and updates,neutral
52005,E2E Full Test Corporation 1769028347 - Development,2024-01-10,email,Customer Team,Rachel Martinez,Training session on new features delivered,neutral
52005,E2E Full Test Corporation 1769028347 - Development,2024-01-28,email,Dr. Davis,Rachel Martinez,Regular operational status update provided,neutral
52005,E2E Full Test Corporation 1769028347 - Development,2024-01-03,meeting,Dr. Davis,Rachel Martinez,Executive sponsor praised team collaboration,positive
52005,E2E Full Test Corporation 1769028347 - Development,2024-01-22,meeting,Dr. Davis,Rachel Martinez,Routine technical sync meeting completed,neutral
52005,E2E Full Test Corporation 1769028347 - Development,2024-02-21,email,Dr. Davis,Rachel Martinez,Routine technical sync meeting completed,neutral
52005,E2E Full Test Corporation 1769028347 - Development,2024-01-31,meeting,Dr. Davis,Rachel Martinez,Early adoption of new AI acceleration features,positive
52005,E2E Full Test Corporation 1769028347 - Development,2024-02-06,meeting,Dr. Davis,Rachel Martinez,System health check completed,neutral
52005,E2E Full Test Corporation 1769028347 - Development,2024-02-06,meeting,Dr. Davis,Rachel Martinez,Successful QBR with expansion discussion initiated,positive
52005,E2E Full Test Corporation 1769028347 - Development,2024-02-27,meeting,Customer Team,Rachel Martinez,Executive sponsor praised team collaboration,positive
52005,E2E Full Test Corporation 1769028347 - Development,2024-02-04,email,Dr. Davis,Rachel Martinez,Reference call completed successfully with prospect,positive
52005,E2E Full Test Corporation 1769028347 - Development,2024-01-31,email,Dr. Davis,Rachel Martinez,Positive feedback on recent infrastructure upgrade,positive
52005,E2E Full Test Corporation 1769028347 - Development,2024-02-27,email,Customer Team,Rachel Martinez,Training session on new features delivered,neutral
52005,E2E Full Test Corporation 1769028347 - Development,2024-02-14,email,Customer Team,Rachel Martinez,Reference call completed successfully with prospect,positive
52005,E2E Full Test Corporation 1769028347 - Development,2024-02-23,meeting,Customer Team,Rachel Martinez,Monthly business review conducted,neutral
52005,E2E Full Test Corporation 1769028347 - Development,2024-03-09,meeting,Dr. Davis,Rachel Martinez,Early adoption of new AI acceleration features,positive
52005,E2E Full Test Corporation 1769028347 - Development,2024-03-25,email,Customer Team,Rachel Martinez,Regular operational status update provided,neutral
52005,E2E Full Test Corporation 1769028347 - Development,2024-03-24,email,Customer Team,Rachel Martinez,Successful QBR with expansion discussion initiated,positive
52005,E2E Full Test Corporation 1769028347 - Development,2024-03-16,email,Dr. Davis,Rachel Martinez,Early adoption of new AI acceleration features,positive
52005,E2E Full Test Corporation 1769028347 - Development,2024-03-24,meeting,Dr. Davis,Rachel Martinez,Regular operational status update provided,neutral
52005,E2E Full Test Corporation 1769028347 - Development,2024-03-02,meeting,Customer Team,Rachel Martinez,Reference call completed successfully with prospect,positive
52005,E2E Full Test Corporation 1769028347 - Development,2024-03-10,email,Dr. Davis,Rachel Martinez,Integration challenges with existing systems,negative
52005,E2E Full Test Corporation 1769028347 - Development,2024-03-02,email,Dr. Davis,Rachel Martinez,Positive feedback on recent infrastructure upgrade,positive
52005,E2E Full Test Corporation 1769028347 - Development,2024-03-04,email,Dr. Davis,Rachel Martinez,Early adoption of new AI acceleration features,positive
52005,E2E Full Test Corporation 1769028347 - Development,2024-03-19,email,Dr. Davis,Rachel Martinez,System health check completed,neutral
52005,E2E Full Test Corporation 1769028347 - Development,2024-04-13,meeting,Customer Team,Rachel Martinez,Training session on new features delivered,neutral
52005,E2E Full Test Corporation 1769028347 - Development,2024-04-02,email,Dr. Davis,Rachel Martinez,Quarterly capacity planning review,neutral
52005,E2E Full Test Corporation 1769028347 - Development,2024-04-18,email,Customer Team,Rachel Martinez,Executive sponsor praised team collaboration,positive
52005,E2E Full Test Corporation 1769028347 - Development,2024-04-21,meeting,Customer Team,Rachel Martinez,Executive sponsor praised team collaboration,positive
52005,E2E Full Test Corporation 1769028347 - Development,2024-04-16,escalation,Dr. Davis,Rachel Martinez,Security compliance audit findings,negative
52005,E2E Full Test Corporation 1769028347 - Development,2024-04-19,email,Dr. Davis,Rachel Martinez,Support ticket unresolved >48 hours,negative
52005,E2E Full Test Corporation 1769028347 - Development,2024-05-21,email,Customer Team,Rachel Martinez,Escalation from operations team regarding performance,negative
52005,E2E Full Test Corporation 1769028347 - Development,2024-05-07,escalation,Customer Team,Rachel Martinez,Escalation from operations team regarding performance,negative
52005,E2E Full Test Corporation 1769028347 - Development,2024-05-14,meeting,Dr. Davis,Rachel Martinez,Routine technical sync meeting completed,neutral
52005,E2E Full Test Corporation 1769028347 - Development,2024-05-16,escalation,Customer Team,Rachel Martinez,Security compliance audit findings,negative
52005,E2E Full Test Corporation 1769028347 - Development,2024-05-15,email,Dr. Davis,Rachel Martinez,Security compliance audit findings,negative
52005,E2E Full Test Corporation 1769028347 - Development,2024-05-09,meeting,Dr. Davis,Rachel Martinez,Reference call completed successfully with prospect,positive
52005,E2E Full Test Corporation 1769028347 - Development,2024-05-01,escalation,Dr. Davis,Rachel Martinez,Support ticket unresolved >48 hours,negative
52005,E2E Full Test Corporation 1769028347 - Development,2024-05-16,meeting,Customer Team,Rachel Martinez,Training session on new features delivered,neutral
52005,E2E Full Test Corporation 1769028347 - Development,2024-06-21,meeting,Dr. Davis,Rachel Martinez,Support ticket unresolved >48 hours,negative
52005,E2E Full Test Corporation 1769028347 - Development,2024-05-30,meeting,Customer Team,Rachel Martinez,Successful QBR with expansion discussion initiated,positive
52005,E2E Full Test Corporation 1769028347 - Development,2024-06-14,email,Customer Team,Rachel Martinez,Routine technical sync meeting completed,neutral
52005,E2E Full Test Corporation 1769028347 - Development,2024-06-17,email,Dr. Davis,Rachel Martinez,Routine technical sync meeting completed,neutral
52005,E2E Full Test Corporation 1769028347 - Development,2024-06-17,email,Customer Team,Rachel Martinez,Routine technical sync meeting completed,neutral
52005,E2E Full Test Corporation 1769028347 - Development,2024-06-24,email,Dr. Davis,Rachel Martinez,Positive feedback on recent infrastructure upgrade,positive
52005,E2E Full Test Corporation 1769028347 - Development,2024-06-14,meeting,Dr. Davis,Rachel Martinez,Integration challenges with existing systems,negative
52005,E2E Full Test Corporation 1769028347 - Development,2024-06-23,meeting,Customer Team,Rachel Martinez,Regular operational status update provided,neutral
52005,E2E Full Test Corporation 1769028347 - Development,2024-07-26,email,Customer Team,Rachel Martinez,Routine technical sync meeting completed,neutral
52005,E2E Full Test Corporation 1769028347 - Development,2024-07-06,meeting,Customer Team,Rachel Martinez,Documentation review and updates,neutral
52005,E2E Full Test Corporation 1769028347 - Development,2024-07-02,email,Customer Team,Rachel Martinez,Executive sponsor praised team collaboration,positive
52005,E2E Full Test Corporation 1769028347 - Development,2024-07-11,email,Customer Team,Rachel Martinez,Successful QBR with expansion discussion initiated,positive
52005,E2E Full Test Corporation 1769028347 - Development,2024-07-14,escalation,Customer Team,Rachel Martinez,Security compliance audit findings,negative
52005,E2E Full Test Corporation 1769028347 - Development,2024-07-04,email,Dr. Davis,Rachel Martinez,Documentation review and updates,neutral
52005,E2E Full Test Corporation 1769028347 - Development,2024-08-24,meeting,Customer Team,Rachel Martinez,Successfully deployed new workload ahead of schedule,positive
52005,E2E Full Test Corporation 1769028347 - Development,2024-08-13,meeting,Customer Team,Rachel Martinez,Positive feedback on recent infrastructure upgrade,positive
52005,E2E Full Test Corporation 1769028347 - Development,2024-08-06,email,Dr. Davis,Rachel Martinez,Scheduled maintenance window executed,neutral
52005,E2E Full Test Corporation 1769028347 - Development,2024-08-08,email,Dr. Davis,Rachel Martinez,Documentation review and updates,neutral
52005,E2E Full Test Corporation 1769028347 - Development,2024-08-08,escalation,Dr. Davis,Rachel Martinez,Support ticket unresolved >48 hours,negative
52005,E2E Full Test Corporation 1769028347 - Development,2024-08-13,email,Dr. Davis,Rachel Martinez,Training session on new features delivered,neutral
52005,E2E Full Test Corporation 1769028347 - Development,2024-08-19,email,Customer Team,Rachel Martinez,Scheduled maintenance window executed,neutral
52005,E2E Full Test Corporation 1769028347 - Development,2024-07-30,email,Dr. Davis,Rachel Martinez,Reference call completed successfully with prospect,positive
52005,E2E Full Test Corporation 1769028347 - Development,2024-08-21,email,Customer Team,Rachel Martinez,Early adoption of new AI acceleration features,positive
52005,E2E Full Test Corporation 1769028347 - Development,2024-08-20,meeting,Dr. Davis,Rachel Martinez,Executive sponsor praised team collaboration,positive
52005,E2E Full Test Corporation 1769028347 - Development,2024-09-07,email,Dr. Davis,Rachel Martinez,Early adoption of new AI acceleration features,positive
52005,E2E Full Test Corporation 1769028347 - Development,2024-09-06,email,Dr. Davis,Rachel Martinez,Positive feedback on recent infrastructure upgrade,positive
52005,E2E Full Test Corporation 1769028347 - Development,2024-09-06,email,Customer Team,Rachel Martinez,Scheduled maintenance window executed,neutral
52005,E2E Full Test Corporation 1769028347 - Development,2024-09-21,email,Customer Team,Rachel Martinez,Team member completed advanced certification,positive
52005,E2E Full Test Corporation 1769028347 - Development,2024-09-09,email,Customer Team,Rachel Martinez,Successful QBR with expansion discussion initiated,positive
52005,E2E Full Test Corporation 1769028347 - Development,2024-09-06,email,Customer Team,Rachel Martinez,Project milestone delayed due to resource constraints,negative
52005,E2E Full Test Corporation 1769028347 - Development,2024-09-06,meeting,Customer Team,Rachel Martinez,Regular operational status update provided,neutral
52005,E2E Full Test Corporation 1769028347 - Development,2024-09-04,email,Customer Team,Rachel Martinez,Reference call completed successfully with prospect,positive
52005,E2E Full Test Corporation 1769028347 - Development,2024-09-11,meeting,Dr. Davis,Rachel Martinez,Team member completed advanced certification,positive
52005,E2E Full Test Corporation 1769028347 - Development,2024-09-13,escalation,Dr. Davis,Rachel Martinez,Security compliance audit findings,negative
52005,E2E Full Test Corporation 1769028347 - Development,2024-09-28,email,Dr. Davis,Rachel Martinez,Reference call completed successfully with prospect,positive
52005,E2E Full Test Corporation 1769028347 - Development,2024-10-08,meeting,Dr. Davis,Rachel Martinez,Reference call completed successfully with prospect,positive
52005,E2E Full Test Corporation 1769028347 - Development,2024-10-18,meeting,Dr. Davis,Rachel Martinez,Team member completed advanced certification,positive
52005,E2E Full Test Corporation 1769028347 - Development,2024-09-28,email,Customer Team,Rachel Martinez,Regular operational status update provided,neutral
52005,E2E Full Test Corporation 1769028347 - Development,2024-10-22,email,Customer Team,Rachel Martinez,Training session on new features delivered,neutral
52005,E2E Full Test Corporation 1769028347 - Development,2024-10-09,email,Customer Team,Rachel Martinez,Early adoption of new AI acceleration features,positive
52005,E2E Full Test Corporation 1769028347 - Development,2024-11-24,email,Customer Team,Rachel Martinez,Concerns about cooling efficiency raised,negative
52005,E2E Full Test Corporation 1769028347 - Development,2024-10-30,email,Dr. Davis,Rachel Martinez,Scheduled maintenance window executed,neutral
52005,E2E Full Test Corporation 1769028347 - Development,2024-11-06,meeting,Dr. Davis,Rachel Martinez,System health check completed,neutral
52005,E2E Full Test Corporation 1769028347 - Development,2024-11-07,email,Dr. Davis,Rachel Martinez,Successful QBR with expansion discussion initiated,positive
52005,E2E Full Test Corporation 1769028347 - Development,2024-11-18,meeting,Dr. Davis,Rachel Martinez,Security compliance audit findings,negative
52005,E2E Full Test Corporation 1769028347 - Development,2024-11-02,email,Customer Team,Rachel Martinez,Monthly business review conducted,neutral
52005,E2E Full Test Corporation 1769028347 - Development,2024-11-11,meeting,Customer Team,Rachel Martinez,Scheduled maintenance window executed,neutral
52005,E2E Full Test Corporation 1769028347 - Development,2024-11-16,email,Customer Team,Rachel Martinez,Project milestone delayed due to resource constraints,negative
52005,E2E Full Test Corporation 1769028347 - Development,2024-12-11,email,Customer Team,Rachel Martinez,System health check completed,neutral
52005,E2E Full Test Corporation 1769028347 - Development,2024-11-28,meeting,Dr. Davis,Rachel Martinez,Unexpected system downtime reported,negative
52005,E2E Full Test Corporation 1769028347 - Development,2024-12-14,meeting,Customer Team,Rachel Martinez,Quarterly capacity planning review,neutral
52005,E2E Full Test Corporation 1769028347 - Development,2024-12-21,email,Dr. Davis,Rachel Martinez,Monthly business review conducted,neutral
52005,E2E Full Test Corporation 1769028347 - Development,2024-12-09,meeting,Customer Team,Rachel Martinez,Regular operational status update provided,neutral
52005,E2E Full Test Corporation 1769028347 - Development,2024-12-17,email,Customer Team,Rachel Martinez,Budget concerns raised during planning meeting,negative
52005,E2E Full Test Corporation 1769028347 - Development,2024-12-01,meeting,Customer Team,Rachel Martinez,Integration challenges with existing systems,negative
52005,E2E Full Test Corporation 1769028347 - Development,2024-12-19,meeting,Dr. Davis,Rachel Martinez,Support ticket unresolved >48 hours,negative
52006,E2E Full Test Corporation 1769028347 - HQ Operations,2024-01-27,meeting,Customer Team,Michael Rodriguez,Scheduled maintenance window executed,neutral
52006,E2E Full Test Corporation 1769028347 - HQ Operations,2024-01-21,meeting,Customer Team,Michael Rodriguez,Scheduled maintenance window executed,neutral
52006,E2E Full Test Corporation 1769028347 - HQ Operations,2024-01-11,meeting,Dr. Smith,Michael Rodriguez,Scheduled maintenance window executed,neutral
52006,E2E Full Test Corporation 1769028347 - HQ Operations,2024-01-23,email,Customer Team,Michael Rodriguez,System health check completed,neutral
52006,E2E Full Test Corporation 1769028347 - HQ Operations,2024-01-12,meeting,Dr. Smith,Michael Rodriguez,System health check completed,neutral
52006,E2E Full Test Corporation 1769028347 - HQ Operations,2024-01-11,email,Dr. Smith,Michael Rodriguez,Successfully deployed new workload ahead of schedule,positive
52006,E2E Full Test Corporation 1769028347 - HQ Operations,2024-02-20,meeting,Customer Team,Michael Rodriguez,Integration challenges with existing systems,negative
52006,E2E Full Test Corporation 1769028347 - HQ Operations,2024-02-20,meeting,Customer Team,Michael Rodriguez,Project milestone delayed due to resource constraints,negative
52006,E2E Full Test Corporation 1769028347 - HQ Operations,2024-02-13,escalation,Customer Team,Michael Rodriguez,Security compliance audit findings,negative
52006,E2E Full Test Corporation 1769028347 - HQ Operations,2024-02-13,meeting,Dr. Smith,Michael Rodriguez,Escalation from operations team regarding performance,negative
52006,E2E Full Test Corporation 1769028347 - HQ Operations,2024-02-22,meeting,Dr. Smith,Michael Rodriguez,Monthly business review conducted,neutral
52006,E2E Full Test Corporation 1769028347 - HQ Operations,2024-02-26,email,Customer Team,Michael Rodriguez,Budget concerns raised during planning meeting,negative
52006,E2E Full Test Corporation 1769028347 - HQ Operations,2024-02-13,email,Dr. Smith,Michael Rodriguez,System health check completed,neutral
52006,E2E Full Test Corporation 1769028347 - HQ Operations,2024-02-27,escalation,Customer Team,Michael Rodriguez,Concerns about cooling efficiency raised,negative
52006,E2E Full Test Corporation 1769028347 - HQ Operations,2024-03-13,email,Dr. Smith,Michael Rodriguez,Budget concerns raised during planning meeting,negative
52006,E2E Full Test Corporation 1769028347 - HQ Operations,2024-03-04,email,Dr. Smith,Michael Rodriguez,Scheduled maintenance window executed,neutral
52006,E2E Full Test Corporation 1769028347 - HQ Operations,2024-03-12,meeting,Customer Team,Michael Rodriguez,System health check completed,neutral
52006,E2E Full Test Corporation 1769028347 - HQ Operations,2024-03-27,escalation,Dr. Smith,Michael Rodriguez,Concerns about cooling efficiency raised,negative
52006,E2E Full Test Corporation 1769028347 - HQ Operations,2024-03-28,meeting,Customer Team,Michael Rodriguez,Successfully deployed new workload ahead of schedule,positive
52006,E2E Full Test Corporation 1769028347 - HQ Operations,2024-03-18,meeting,Customer Team,Michael Rodriguez,Concerns about cooling efficiency raised,negative
52006,E2E Full Test Corporation 1769028347 - HQ Operations,2024-03-04,escalation,Dr. Smith,Michael Rodriguez,Escalation from operations team regarding performance,negative
52006,E2E Full Test Corporation 1769028347 - HQ Operations,2024-03-03,email,Customer Team,Michael Rodriguez,Quarterly capacity planning review,neutral
52006,E2E Full Test Corporation 1769028347 - HQ Operations,2024-04-25,email,Dr. Smith,Michael Rodriguez,Monthly business review conducted,neutral
52006,E2E Full Test Corporation 1769028347 - HQ Operations,2024-04-14,email,Dr. Smith,Michael Rodriguez,Documentation review and updates,neutral
52006,E2E Full Test Corporation 1769028347 - HQ Operations,2024-04-12,meeting,Dr. Smith,Michael Rodriguez,Executive sponsor praised team collaboration,positive
52006,E2E Full Test Corporation 1769028347 - HQ Operations,2024-04-11,email,Customer Team,Michael Rodriguez,Successful QBR with expansion discussion initiated,positive
52006,E2E Full Test Corporation 1769028347 - HQ Operations,2024-04-21,meeting,Customer Team,Michael Rodriguez,Concerns about cooling efficiency raised,negative
52006,E2E Full Test Corporation 1769028347 - HQ Operations,2024-04-02,email,Dr. Smith,Michael Rodriguez,Early adoption of new AI acceleration features,positive
52006,E2E Full Test Corporation 1769028347 - HQ Operations,2024-05-03,escalation,Dr. Smith,Michael Rodriguez,Concerns about cooling efficiency raised,negative
52006,E2E Full Test Corporation 1769028347 - HQ Operations,2024-04-30,email,Customer Team,Michael Rodriguez,Successful QBR with expansion discussion initiated,positive
52006,E2E Full Test Corporation 1769028347 - HQ Operations,2024-05-18,email,Customer Team,Michael Rodriguez,Exceeded performance benchmarks this quarter,positive
52006,E2E Full Test Corporation 1769028347 - HQ Operations,2024-05-07,email,Dr. Smith,Michael Rodriguez,Routine technical sync meeting completed,neutral
52006,E2E Full Test Corporation 1769028347 - HQ Operations,2024-05-23,meeting,Customer Team,Michael Rodriguez,Scheduled maintenance window executed,neutral
52006,E2E Full Test Corporation 1769028347 - HQ Operations,2024-05-24,email,Dr. Smith,Michael Rodriguez,Documentation review and updates,neutral
52006,E2E Full Test Corporation 1769028347 - HQ Operations,2024-06-04,email,Dr. Smith,Michael Rodriguez,Regular operational status update provided,neutral
52006,E2E Full Test Corporation 1769028347 - HQ Operations,2024-06-02,email,Dr. Smith,Michael Rodriguez,Early adoption of new AI acceleration features,positive
52006,E2E Full Test Corporation 1769028347 - HQ Operations,2024-06-17,email,Dr. Smith,Michael Rodriguez,Successfully deployed new workload ahead of schedule,positive
52006,E2E Full Test Corporation 1769028347 - HQ Operations,2024-06-18,email,Customer Team,Michael Rodriguez,System health check completed,neutral
52006,E2E Full Test Corporation 1769028347 - HQ Operations,2024-06-18,email,Customer Team,Michael Rodriguez,Early adoption of new AI acceleration features,positive
52006,E2E Full Test Corporation 1769028347 - HQ Operations,2024-06-19,email,Customer Team,Michael Rodriguez,Documentation review and updates,neutral
52006,E2E Full Test Corporation 1769028347 - HQ Operations,2024-07-16,email,Customer Team,Michael Rodriguez,Scheduled maintenance window executed,neutral
52006,E2E Full Test Corporation 1769028347 - HQ Operations,2024-07-06,email,Customer Team,Michael Rodriguez,Documentation review and updates,neutral
52006,E2E Full Test Corporation 1769028347 - HQ Operations,2024-07-13,email,Dr. Smith,Michael Rodriguez,Scheduled maintenance window executed,neutral
52006,E2E Full Test Corporation 1769028347 - HQ Operations,2024-07-22,email,Dr. Smith,Michael Rodriguez,Training session on new features delivered,neutral
52006,E2E Full Test Corporation 1769028347 - HQ Operations,2024-07-16,escalation,Customer Team,Michael Rodriguez,Concerns about cooling efficiency raised,negative
52006,E2E Full Test Corporation 1769028347 - HQ Operations,2024-07-16,email,Dr. Smith,Michael Rodriguez,Positive feedback on recent infrastructure upgrade,positive
52006,E2E Full Test Corporation 1769028347 - HQ Operations,2024-08-13,email,Dr. Smith,Michael Rodriguez,Reference call completed successfully with prospect,positive
52006,E2E Full Test Corporation 1769028347 - HQ Operations,2024-08-05,email,Dr. Smith,Michael Rodriguez,Positive feedback on recent infrastructure upgrade,positive
52006,E2E Full Test Corporation 1769028347 - HQ Operations,2024-08-20,email,Dr. Smith,Michael Rodriguez,Executive sponsor praised team collaboration,positive
52006,E2E Full Test Corporation 1769028347 - HQ Operations,2024-08-07,meeting,Customer Team,Michael Rodriguez,Executive sponsor praised team collaboration,positive
52006,E2E Full Test Corporation 1769028347 - HQ Operations,2024-08-25,meeting,Dr. Smith,Michael Rodriguez,Successful QBR with expansion discussion initiated,positive
52006,E2E Full Test Corporation 1769028347 - HQ Operations,2024-08-08,meeting,Dr. Smith,Michael Rodriguez,Regular operational status update provided,neutral
52006,E2E Full Test Corporation 1769028347 - HQ Operations,2024-09-08,email,Dr. Smith,Michael Rodriguez,Executive sponsor praised team collaboration,positive
52006,E2E Full Test Corporation 1769028347 - HQ Operations,2024-09-06,email,Customer Team,Michael Rodriguez,Positive feedback on recent infrastructure upgrade,positive
52006,E2E Full Test Corporation 1769028347 - HQ Operations,2024-08-30,meeting,Customer Team,Michael Rodriguez,Regular operational status update provided,neutral
52006,E2E Full Test Corporation 1769028347 - HQ Operations,2024-08-31,email,Customer Team,Michael Rodriguez,Training session on new features delivered,neutral
52006,E2E Full Test Corporation 1769028347 - HQ Operations,2024-09-23,email,Dr. Smith,Michael Rodriguez,Routine technical sync meeting completed,neutral
52006,E2E Full Test Corporation 1769028347 - HQ Operations,2024-08-29,meeting,Customer Team,Michael Rodriguez,Reference call completed successfully with prospect,positive
52006,E2E Full Test Corporation 1769028347 - HQ Operations,2024-10-05,email,Dr. Smith,Michael Rodriguez,Reference call completed successfully with prospect,positive
52006,E2E Full Test Corporation 1769028347 - HQ Operations,2024-10-23,meeting,Customer Team,Michael Rodriguez,Successfully deployed new workload ahead of schedule,positive
52006,E2E Full Test Corporation 1769028347 - HQ Operations,2024-10-10,email,Dr. Smith,Michael Rodriguez,Exceeded performance benchmarks this quarter,positive
52006,E2E Full Test Corporation 1769028347 - HQ Operations,2024-10-12,email,Customer Team,Michael Rodriguez,Team member completed advanced certification,positive
52006,E2E Full Test Corporation 1769028347 - HQ Operations,2024-10-01,email,Customer Team,Michael Rodriguez,Regular operational status update provided,neutral
52006,E2E Full Test Corporation 1769028347 - HQ Operations,2024-09-28,email,Dr. Smith,Michael Rodriguez,Documentation review and updates,neutral
52006,E2E Full Test Corporation 1769028347 - HQ Operations,2024-11-15,meeting,Dr. Smith,Michael Rodriguez,Early adoption of new AI acceleration features,positive
52006,E2E Full Test Corporation 1769028347 - HQ Operations,2024-11-11,email,Dr. Smith,Michael Rodriguez,Successfully deployed new workload ahead of schedule,positive
52006,E2E Full Test Corporation 1769028347 - HQ Operations,2024-11-18,email,Dr. Smith,Michael Rodriguez,Scheduled maintenance window executed,neutral
52006,E2E Full Test Corporation 1769028347 - HQ Operations,2024-10-27,meeting,Customer Team,Michael Rodriguez,Routine technical sync meeting completed,neutral
52006,E2E Full Test Corporation 1769028347 - HQ Operations,2024-11-11,email,Customer Team,Michael Rodriguez,Quarterly capacity planning review,neutral
52006,E2E Full Test Corporation 1769028347 - HQ Operations,2024-11-11,meeting,Customer Team,Michael Rodriguez,Team member completed advanced certification,positive
52006,E2E Full Test Corporation 1769028347 - HQ Operations,2024-12-14,meeting,Dr. Smith,Michael Rodriguez,Successfully deployed new workload ahead of schedule,positive
52006,E2E Full Test Corporation 1769028347 - HQ Operations,2024-12-10,meeting,Customer Team,Michael Rodriguez,Quarterly capacity planning review,neutral
52006,E2E Full Test Corporation 1769028347 - HQ Operations,2024-11-29,meeting,Dr. Smith,Michael Rodriguez,Reference call completed successfully with prospect,positive
52006,E2E Full Test Corporation 1769028347 - HQ Operations,2024-12-23,email,Customer Team,Michael Rodriguez,Routine technical sync meeting completed,neutral
52006,E2E Full Test Corporation 1769028347 - HQ Operations,2024-12-05,email,Customer Team,Michael Rodriguez,Exceeded performance benchmarks this quarter,positive
52006,E2E Full Test Corporation 1769028347 - HQ Operations,2024-12-03,email,Customer Team,Michael Rodriguez,Regular operational status update provided,neutral
52007,E2E Full Test Corporation 1769028347 - Regional Office,2024-01-26,email,Customer Team,Rachel Martinez,Scheduled maintenance window executed,neutral
52007,E2E Full Test Corporation 1769028347 - Regional Office,2024-01-14,escalation,Customer Team,Rachel Martinez,Budget concerns raised during planning meeting,negative
52007,E2E Full Test Corporation 1769028347 - Regional Office,2024-01-29,meeting,Dr. Williams,Rachel Martinez,Quarterly capacity planning review,neutral
52007,E2E Full Test Corporation 1769028347 - Regional Office,2024-01-16,email,Customer Team,Rachel Martinez,Executive sponsor praised team collaboration,positive
52007,E2E Full Test Corporation 1769028347 - Regional Office,2024-01-10,email,Customer Team,Rachel Martinez,Routine technical sync meeting completed,neutral
52007,E2E Full Test Corporation 1769028347 - Regional Office,2024-01-07,meeting,Dr. Williams,Rachel Martinez,Integration challenges with existing systems,negative
52007,E2E Full Test Corporation 1769028347 - Regional Office,2024-01-01,email,Customer Team,Rachel Martinez,Quarterly capacity planning review,neutral
52007,E2E Full Test Corporation 1769028347 - Regional Office,2024-01-28,meeting,Dr. Williams,Rachel Martinez,Escalation from operations team regarding performance,negative
52007,E2E Full Test Corporation 1769028347 - Regional Office,2024-02-20,escalation,Customer Team,Rachel Martinez,Concerns about cooling efficiency raised,negative
52007,E2E Full Test Corporation 1769028347 - Regional Office,2024-02-10,email,Dr. Williams,Rachel Martinez,Executive sponsor praised team collaboration,positive
52007,E2E Full Test Corporation 1769028347 - Regional Office,2024-02-28,email,Dr. Williams,Rachel Martinez,Project milestone delayed due to resource constraints,negative
52007,E2E Full Test Corporation 1769028347 - Regional Office,2024-02-20,meeting,Customer Team,Rachel Martinez,Concerns about cooling efficiency raised,negative
52007,E2E Full Test Corporation 1769028347 - Regional Office,2024-02-15,email,Dr. Williams,Rachel Martinez,Quarterly capacity planning review,neutral
52007,E2E Full Test Corporation 1769028347 - Regional Office,2024-02-25,email,Customer Team,Rachel Martinez,Project milestone delayed due to resource constraints,negative
52007,E2E Full Test Corporation 1769028347 - Regional Office,2024-02-14,email,Dr. Williams,Rachel Martinez,Routine technical sync meeting completed,neutral
52007,E2E Full Test Corporation 1769028347 - Regional Office,2024-02-08,escalation,Dr. Williams,Rachel Martinez,Project milestone delayed due to resource constraints,negative
52007,E2E Full Test Corporation 1769028347 - Regional Office,2024-03-03,meeting,Dr. Williams,Rachel Martinez,Routine technical sync meeting completed,neutral
52007,E2E Full Test Corporation 1769028347 - Regional Office,2024-03-04,email,Dr. Williams,Rachel Martinez,Integration challenges with existing systems,negative
52007,E2E Full Test Corporation 1769028347 - Regional Office,2024-03-18,email,Dr. Williams,Rachel Martinez,Scheduled maintenance window executed,neutral
52007,E2E Full Test Corporation 1769028347 - Regional Office,2024-03-03,email,Customer Team,Rachel Martinez,Support ticket unresolved >48 hours,negative
52007,E2E Full Test Corporation 1769028347 - Regional Office,2024-03-23,meeting,Dr. Williams,Rachel Martinez,Routine technical sync meeting completed,neutral
52007,E2E Full Test Corporation 1769028347 - Regional Office,2024-03-09,email,Customer Team,Rachel Martinez,Project milestone delayed due to resource constraints,negative
52007,E2E Full Test Corporation 1769028347 - Regional Office,2024-03-22,meeting,Dr. Williams,Rachel Martinez,Integration challenges with existing systems,negative
52007,E2E Full Test Corporation 1769028347 - Regional Office,2024-03-10,email,Customer Team,Rachel Martinez,Training session on new features delivered,neutral
52007,E2E Full Test Corporation 1769028347 - Regional Office,2024-04-04,meeting,Customer Team,Rachel Martinez,Integration challenges with existing systems,negative
52007,E2E Full Test Corporation 1769028347 - Regional Office,2024-04-22,escalation,Customer Team,Rachel Martinez,Integration challenges with existing systems,negative
52007,E2E Full Test Corporation 1769028347 - Regional Office,2024-04-04,email,Dr. Williams,Rachel Martinez,Documentation review and updates,neutral
52007,E2E Full Test Corporation 1769028347 - Regional Office,2024-04-28,escalation,Customer Team,Rachel Martinez,Budget concerns raised during planning meeting,negative
52007,E2E Full Test Corporation 1769028347 - Regional Office,2024-04-11,meeting,Dr. Williams,Rachel Martinez,Escalation from operations team regarding performance,negative
52007,E2E Full Test Corporation 1769028347 - Regional Office,2024-04-26,meeting,Customer Team,Rachel Martinez,Security compliance audit findings,negative
52007,E2E Full Test Corporation 1769028347 - Regional Office,2024-04-04,escalation,Customer Team,Rachel Martinez,Support ticket unresolved >48 hours,negative
52007,E2E Full Test Corporation 1769028347 - Regional Office,2024-04-26,meeting,Dr. Williams,Rachel Martinez,Concerns about cooling efficiency raised,negative
52007,E2E Full Test Corporation 1769028347 - Regional Office,2024-05-18,email,Dr. Williams,Rachel Martinez,Successfully deployed new workload ahead of schedule,positive
52007,E2E Full Test Corporation 1769028347 - Regional Office,2024-05-06,meeting,Customer Team,Rachel Martinez,Team member completed advanced certification,positive
52007,E2E Full Test Corporation 1769028347 - Regional Office,2024-05-04,email,Customer Team,Rachel Martinez,Unexpected system downtime reported,negative
52007,E2E Full Test Corporation 1769028347 - Regional Office,2024-05-09,email,Customer Team,Rachel Martinez,Routine technical sync meeting completed,neutral
52007,E2E Full Test Corporation 1769028347 - Regional Office,2024-05-19,escalation,Dr. Williams,Rachel Martinez,Concerns about cooling efficiency raised,negative
52007,E2E Full Test Corporation 1769028347 - Regional Office,2024-05-15,escalation,Customer Team,Rachel Martinez,Unexpected system downtime reported,negative
52007,E2E Full Test Corporation 1769028347 - Regional Office,2024-05-28,meeting,Dr. Williams,Rachel Martinez,Support ticket unresolved >48 hours,negative
52007,E2E Full Test Corporation 1769028347 - Regional Office,2024-05-22,email,Customer Team,Rachel Martinez,Unexpected system downtime reported,negative
52007,E2E Full Test Corporation 1769028347 - Regional Office,2024-06-01,email,Customer Team,Rachel Martinez,Security compliance audit findings,negative
52007,E2E Full Test Corporation 1769028347 - Regional Office,2024-06-22,escalation,Dr. Williams,Rachel Martinez,Integration challenges with existing systems,negative
52007,E2E Full Test Corporation 1769028347 - Regional Office,2024-06-03,escalation,Dr. Williams,Rachel Martinez,Unexpected system downtime reported,negative
52007,E2E Full Test Corporation 1769028347 - Regional Office,2024-06-20,email,Customer Team,Rachel Martinez,Security compliance audit findings,negative
52007,E2E Full Test Corporation 1769028347 - Regional Office,2024-06-20,meeting,Customer Team,Rachel Martinez,Security compliance audit findings,negative
52007,E2E Full Test Corporation 1769028347 - Regional Office,2024-06-27,email,Dr. Williams,Rachel Martinez,Security compliance audit findings,negative
52007,E2E Full Test Corporation 1769028347 - Regional Office,2024-06-27,email,Dr. Williams,Rachel Martinez,Training session on new features delivered,neutral
52007,E2E Full Test Corporation 1769028347 - Regional Office,2024-06-18,email,Dr. Williams,Rachel Martinez,Monthly business review conducted,neutral
52007,E2E Full Test Corporation 1769028347 - Regional Office,2024-06-29,meeting,Customer Team,Rachel Martinez,Project milestone delayed due to resource constraints,negative
52007,E2E Full Test Corporation 1769028347 - Regional Office,2024-07-05,email,Dr. Williams,Rachel Martinez,Scheduled maintenance window executed,neutral
52007,E2E Full Test Corporation 1769028347 - Regional Office,2024-07-05,email,Dr. Williams,Rachel Martinez,Unexpected system downtime reported,negative
52007,E2E Full Test Corporation 1769028347 - Regional Office,2024-07-18,email,Dr. Williams,Rachel Martinez,Support ticket unresolved >48 hours,negative
52007,E2E Full Test Corporation 1769028347 - Regional Office,2024-07-12,email,Customer Team,Rachel Martinez,Project milestone delayed due to resource constraints,negative
52007,E2E Full Test Corporation 1769028347 - Regional Office,2024-07-13,email,Customer Team,Rachel Martinez,Security compliance audit findings,negative
52007,E2E Full Test Corporation 1769028347 - Regional Office,2024-07-08,escalation,Customer Team,Rachel Martinez,Integration challenges with existing systems,negative
52007,E2E Full Test Corporation 1769028347 - Regional Office,2024-07-20,email,Customer Team,Rachel Martinez,Integration challenges with existing systems,negative
52007,E2E Full Test Corporation 1769028347 - Regional Office,2024-08-26,email,Customer Team,Rachel Martinez,System health check completed,neutral
52007,E2E Full Test Corporation 1769028347 - Regional Office,2024-08-14,meeting,Dr. Williams,Rachel Martinez,Monthly business review conducted,neutral
52007,E2E Full Test Corporation 1769028347 - Regional Office,2024-07-31,meeting,Dr. Williams,Rachel Martinez,Security compliance audit findings,negative
52007,E2E Full Test Corporation 1769028347 - Regional Office,2024-08-15,escalation,Customer Team,Rachel Martinez,Security compliance audit findings,negative
52007,E2E Full Test Corporation 1769028347 - Regional Office,2024-08-04,meeting,Dr. Williams,Rachel Martinez,Project milestone delayed due to resource constraints,negative
52007,E2E Full Test Corporation 1769028347 - Regional Office,2024-08-24,meeting,Customer Team,Rachel Martinez,Project milestone delayed due to resource constraints,negative
52007,E2E Full Test Corporation 1769028347 - Regional Office,2024-08-25,meeting,Customer Team,Rachel Martinez,Quarterly capacity planning review,neutral
52007,E2E Full Test Corporation 1769028347 - Regional Office,2024-08-16,meeting,Customer Team,Rachel Martinez,Documentation review and updates,neutral
52007,E2E Full Test Corporation 1769028347 - Regional Office,2024-09-22,email,Dr. Williams,Rachel Martinez,Budget concerns raised during planning meeting,negative
52007,E2E Full Test Corporation 1769028347 - Regional Office,2024-09-20,email,Customer Team,Rachel Martinez,Documentation review and updates,neutral
52007,E2E Full Test Corporation 1769028347 - Regional Office,2024-09-11,meeting,Customer Team,Rachel Martinez,Support ticket unresolved >48 hours,negative
52007,E2E Full Test Corporation 1769028347 - Regional Office,2024-09-21,meeting,Customer Team,Rachel Martinez,Project milestone delayed due to resource constraints,negative
52007,E2E Full Test Corporation 1769028347 - Regional Office,2024-09-18,meeting,Dr. Williams,Rachel Martinez,Integration challenges with existing systems,negative
52007,E2E Full Test Corporation 1769028347 - Regional Office,2024-09-04,escalation,Dr. Williams,Rachel Martinez,Escalation from operations team regarding performance,negative
52007,E2E Full Test Corporation 1769028347 - Regional Office,2024-09-03,email,Customer Team,Rachel Martinez,Successful QBR with expansion discussion initiated,positive
52007,E2E Full Test Corporation 1769028347 - Regional Office,2024-09-09,escalation,Customer Team,Rachel Martinez,Unexpected system downtime reported,negative
52007,E2E Full Test Corporation 1769028347 - Regional Office,2024-10-18,email,Dr. Williams,Rachel Martinez,Executive sponsor praised team collaboration,positive
52007,E2E Full Test Corporation 1769028347 - Regional Office,2024-10-11,meeting,Customer Team,Rachel Martinez,Security compliance audit findings,negative
52007,E2E Full Test Corporation 1769028347 - Regional Office,2024-10-22,email,Dr. Williams,Rachel Martinez,Early adoption of new AI acceleration features,positive
52007,E2E Full Test Corporation 1769028347 - Regional Office,2024-10-21,email,Customer Team,Rachel Martinez,Successfully deployed new workload ahead of schedule,positive
52007,E2E Full Test Corporation 1769028347 - Regional Office,2024-10-12,meeting,Customer Team,Rachel Martinez,Concerns about cooling efficiency raised,negative
52007,E2E Full Test Corporation 1769028347 - Regional Office,2024-10-02,email,Customer Team,Rachel Martinez,Regular operational status update provided,neutral
52007,E2E Full Test Corporation 1769028347 - Regional Office,2024-09-30,email,Dr. Williams,Rachel Martinez,Regular operational status update provided,neutral
52007,E2E Full Test Corporation 1769028347 - Regional Office,2024-10-07,meeting,Customer Team,Rachel Martinez,Routine technical sync meeting completed,neutral
52007,E2E Full Test Corporation 1769028347 - Regional Office,2024-11-09,email,Dr. Williams,Rachel Martinez,Scheduled maintenance window executed,neutral
52007,E2E Full Test Corporation 1769028347 - Regional Office,2024-11-08,email,Customer Team,Rachel Martinez,Successfully deployed new workload ahead of schedule,positive
52007,E2E Full Test Corporation 1769028347 - Regional Office,2024-11-07,escalation,Customer Team,Rachel Martinez,Concerns about cooling efficiency raised,negative
52007,E2E Full Test Corporation 1769028347 - Regional Office,2024-11-09,email,Customer Team,Rachel Martinez,Executive sponsor praised team collaboration,positive
52007,E2E Full Test Corporation 1769028347 - Regional Office,2024-11-19,escalation,Dr. Williams,Rachel Martinez,Unexpected system downtime reported,negative
52007,E2E Full Test Corporation 1769028347 - Regional Office,2024-11-03,email,Customer Team,Rachel Martinez,Escalation from operations team regarding performance,negative
52007,E2E Full Test Corporation 1769028347 - Regional Office,2024-11-03,escalation,Dr. Williams,Rachel Martinez,Escalation from operations team regarding performance,negative
52007,E2E Full Test Corporation 1769028347 - Regional Office,2024-11-02,email,Customer Team,Rachel Martinez,Monthly business review conducted,neutral
52007,E2E Full Test Corporation 1769028347 - Regional Office,2024-12-22,meeting,Customer Team,Rachel Martinez,Escalation from operations team regarding performance,negative
52007,E2E Full Test Corporation 1769028347 - Regional Office,2024-11-26,meeting,Dr. Williams,Rachel Martinez,Project milestone delayed due to resource constraints,negative
52007,E2E Full Test Corporation 1769028347 - Regional Office,2024-11-26,meeting,Dr. Williams,Rachel Martinez,Project milestone delayed due to resource constraints,negative
52007,E2E Full Test Corporation 1769028347 - Regional Office,2024-12-06,meeting,Dr. Williams,Rachel Martinez,System health check completed,neutral
52007,E2E Full Test Corporation 1769028347 - Regional Office,2024-12-09,meeting,Customer Team,Rachel Martinez,Quarterly capacity planning review,neutral
52007,E2E Full Test Corporation 1769028347 - Regional Office,2024-12-08,email,Dr. Williams,Rachel Martinez,System health check completed,neutral
52007,E2E Full Test Corporation 1769028347 - Regional Office,2024-12-17,email,Dr. Williams,Rachel Martinez,Successfully deployed new workload ahead of schedule,positive
52007,E2E Full Test Corporation 1769028347 - Regional Office,2024-12-22,meeting,Customer Team,Rachel Martinez,Early adoption of new AI acceleration features,positive
52008,E2E Full Test Corporation 1769028347 - Research Center,2024-01-21,email,Customer Team,Michael Rodriguez,Routine technical sync meeting completed,neutral
52008,E2E Full Test Corporation 1769028347 - Research Center,2024-01-22,escalation,Dr. Brown,Michael Rodriguez,Support ticket unresolved >48 hours,negative
52008,E2E Full Test Corporation 1769028347 - Research Center,2024-01-10,email,Dr. Brown,Michael Rodriguez,Documentation review and updates,neutral
52008,E2E Full Test Corporation 1769028347 - Research Center,2024-01-27,escalation,Dr. Brown,Michael Rodriguez,Integration challenges with existing systems,negative
52008,E2E Full Test Corporation 1769028347 - Research Center,2024-01-26,escalation,Dr. Brown,Michael Rodriguez,Escalation from operations team regarding performance,negative
52008,E2E Full Test Corporation 1769028347 - Research Center,2024-01-24,email,Customer Team,Michael Rodriguez,Successful QBR with expansion discussion initiated,positive
52008,E2E Full Test Corporation 1769028347 - Research Center,2024-01-12,email,Dr. Brown,Michael Rodriguez,Training session on new features delivered,neutral
52008,E2E Full Test Corporation 1769028347 - Research Center,2024-01-04,meeting,Customer Team,Michael Rodriguez,Budget concerns raised during planning meeting,negative
52008,E2E Full Test Corporation 1769028347 - Research Center,2024-02-05,escalation,Customer Team,Michael Rodriguez,Concerns about cooling efficiency raised,negative
52008,E2E Full Test Corporation 1769028347 - Research Center,2024-02-08,meeting,Dr. Brown,Michael Rodriguez,Unexpected system downtime reported,negative
52008,E2E Full Test Corporation 1769028347 - Research Center,2024-02-15,email,Customer Team,Michael Rodriguez,Monthly business review conducted,neutral
52008,E2E Full Test Corporation 1769028347 - Research Center,2024-02-26,meeting,Dr. Brown,Michael Rodriguez,Security compliance audit findings,negative
52008,E2E Full Test Corporation 1769028347 - Research Center,2024-02-21,meeting,Dr. Brown,Michael Rodriguez,Integration challenges with existing systems,negative
52008,E2E Full Test Corporation 1769028347 - Research Center,2024-02-16,meeting,Dr. Brown,Michael Rodriguez,Concerns about cooling efficiency raised,negative
52008,E2E Full Test Corporation 1769028347 - Research Center,2024-02-25,email,Dr. Brown,Michael Rodriguez,Executive sponsor praised team collaboration,positive
52008,E2E Full Test Corporation 1769028347 - Research Center,2024-02-16,escalation,Customer Team,Michael Rodriguez,Concerns about cooling efficiency raised,negative
52008,E2E Full Test Corporation 1769028347 - Research Center,2024-03-22,email,Dr. Brown,Michael Rodriguez,Routine technical sync meeting completed,neutral
52008,E2E Full Test Corporation 1769028347 - Research Center,2024-03-12,email,Dr. Brown,Michael Rodriguez,Monthly business review conducted,neutral
52008,E2E Full Test Corporation 1769028347 - Research Center,2024-03-25,meeting,Dr. Brown,Michael Rodriguez,Escalation from operations team regarding performance,negative
52008,E2E Full Test Corporation 1769028347 - Research Center,2024-03-16,email,Dr. Brown,Michael Rodriguez,Budget concerns raised during planning meeting,negative
52008,E2E Full Test Corporation 1769028347 - Research Center,2024-03-13,meeting,Dr. Brown,Michael Rodriguez,Training session on new features delivered,neutral
52008,E2E Full Test Corporation 1769028347 - Research Center,2024-03-15,email,Customer Team,Michael Rodriguez,Quarterly capacity planning review,neutral
52008,E2E Full Test Corporation 1769028347 - Research Center,2024-03-08,email,Dr. Brown,Michael Rodriguez,Support ticket unresolved >48 hours,negative
52008,E2E Full Test Corporation 1769028347 - Research Center,2024-03-02,escalation,Customer Team,Michael Rodriguez,Security compliance audit findings,negative
52008,E2E Full Test Corporation 1769028347 - Research Center,2024-04-01,email,Dr. Brown,Michael Rodriguez,Regular operational status update provided,neutral
52008,E2E Full Test Corporation 1769028347 - Research Center,2024-04-05,email,Customer Team,Michael Rodriguez,Security compliance audit findings,negative
52008,E2E Full Test Corporation 1769028347 - Research Center,2024-04-06,email,Customer Team,Michael Rodriguez,Quarterly capacity planning review,neutral
52008,E2E Full Test Corporation 1769028347 - Research Center,2024-04-17,email,Dr. Brown,Michael Rodriguez,Scheduled maintenance window executed,neutral
52008,E2E Full Test Corporation 1769028347 - Research Center,2024-04-20,email,Dr. Brown,Michael Rodriguez,Regular operational status update provided,neutral
52008,E2E Full Test Corporation 1769028347 - Research Center,2024-04-10,meeting,Dr. Brown,Michael Rodriguez,System health check completed,neutral
52008,E2E Full Test Corporation 1769028347 - Research Center,2024-04-13,email,Dr. Brown,Michael Rodriguez,Executive sponsor praised team collaboration,positive
52008,E2E Full Test Corporation 1769028347 - Research Center,2024-04-05,escalation,Customer Team,Michael Rodriguez,Concerns about cooling efficiency raised,negative
52008,E2E Full Test Corporation 1769028347 - Research Center,2024-05-22,meeting,Dr. Brown,Michael Rodriguez,Escalation from operations team regarding performance,negative
52008,E2E Full Test Corporation 1769028347 - Research Center,2024-05-05,email,Dr. Brown,Michael Rodriguez,Security compliance audit findings,negative
52008,E2E Full Test Corporation 1769028347 - Research Center,2024-05-12,email,Customer Team,Michael Rodriguez,Project milestone delayed due to resource constraints,negative
52008,E2E Full Test Corporation 1769028347 - Research Center,2024-05-01,escalation,Customer Team,Michael Rodriguez,Security compliance audit findings,negative
52008,E2E Full Test Corporation 1769028347 - Research Center,2024-05-09,meeting,Customer Team,Michael Rodriguez,Escalation from operations team regarding performance,negative
52008,E2E Full Test Corporation 1769028347 - Research Center,2024-05-22,email,Dr. Brown,Michael Rodriguez,System health check completed,neutral
52008,E2E Full Test Corporation 1769028347 - Research Center,2024-05-19,email,Customer Team,Michael Rodriguez,Unexpected system downtime reported,negative
52008,E2E Full Test Corporation 1769028347 - Research Center,2024-05-20,email,Customer Team,Michael Rodriguez,Unexpected system downtime reported,negative
52008,E2E Full Test Corporation 1769028347 - Research Center,2024-06-05,meeting,Customer Team,Michael Rodriguez,Integration challenges with existing systems,negative
52008,E2E Full Test Corporation 1769028347 - Research Center,2024-06-11,email,Customer Team,Michael Rodriguez,Monthly business review conducted,neutral
52008,E2E Full Test Corporation 1769028347 - Research Center,2024-06-03,email,Dr. Brown,Michael Rodriguez,Team member completed advanced certification,positive
52008,E2E Full Test Corporation 1769028347 - Research Center,2024-06-16,escalation,Customer Team,Michael Rodriguez,Security compliance audit findings,negative
52008,E2E Full Test Corporation 1769028347 - Research Center,2024-06-09,escalation,Customer Team,Michael Rodriguez,Security compliance audit findings,negative
52008,E2E Full Test Corporation 1769028347 - Research Center,2024-06-05,escalation,Customer Team,Michael Rodriguez,Budget concerns raised during planning meeting,negative
52008,E2E Full Test Corporation 1769028347 - Research Center,2024-06-23,meeting,Customer Team,Michael Rodriguez,System health check completed,neutral
52008,E2E Full Test Corporation 1769028347 - Research Center,2024-06-04,email,Customer Team,Michael Rodriguez,Unexpected system downtime reported,negative
52008,E2E Full Test Corporation 1769028347 - Research Center,2024-07-18,email,Customer Team,Michael Rodriguez,Positive feedback on recent infrastructure upgrade,positive
52008,E2E Full Test Corporation 1769028347 - Research Center,2024-07-10,email,Customer Team,Michael Rodriguez,Successful QBR with expansion discussion initiated,positive
52008,E2E Full Test Corporation 1769028347 - Research Center,2024-07-15,email,Customer Team,Michael Rodriguez,Successful QBR with expansion discussion initiated,positive
52008,E2E Full Test Corporation 1769028347 - Research Center,2024-07-08,escalation,Customer Team,Michael Rodriguez,Unexpected system downtime reported,negative
52008,E2E Full Test Corporation 1769028347 - Research Center,2024-07-26,meeting,Customer Team,Michael Rodriguez,Successfully deployed new workload ahead of schedule,positive
52008,E2E Full Test Corporation 1769028347 - Research Center,2024-07-07,email,Customer Team,Michael Rodriguez,Executive sponsor praised team collaboration,positive
52008,E2E Full Test Corporation 1769028347 - Research Center,2024-08-19,email,Customer Team,Michael Rodriguez,Reference call completed successfully with prospect,positive
52008,E2E Full Test Corporation 1769028347 - Research Center,2024-08-09,email,Dr. Brown,Michael Rodriguez,Training session on new features delivered,neutral
52008,E2E Full Test Corporation 1769028347 - Research Center,2024-08-12,meeting,Customer Team,Michael Rodriguez,Scheduled maintenance window executed,neutral
52008,E2E Full Test Corporation 1769028347 - Research Center,2024-08-26,meeting,Dr. Brown,Michael Rodriguez,System health check completed,neutral
52008,E2E Full Test Corporation 1769028347 - Research Center,2024-08-21,email,Customer Team,Michael Rodriguez,Reference call completed successfully with prospect,positive
52008,E2E Full Test Corporation 1769028347 - Research Center,2024-08-08,email,Customer Team,Michael Rodriguez,Early adoption of new AI acceleration features,positive
52008,E2E Full Test Corporation 1769028347 - Research Center,2024-08-30,meeting,Dr. Brown,Michael Rodriguez,Monthly business review conducted,neutral
52008,E2E Full Test Corporation 1769028347 - Research Center,2024-09-12,email,Customer Team,Michael Rodriguez,Executive sponsor praised team collaboration,positive
52008,E2E Full Test Corporation 1769028347 - Research Center,2024-09-19,email,Dr. Brown,Michael Rodriguez,Documentation review and updates,neutral
52008,E2E Full Test Corporation 1769028347 - Research Center,2024-08-28,meeting,Dr. Brown,Michael Rodriguez,Quarterly capacity planning review,neutral
52008,E2E Full Test Corporation 1769028347 - Research Center,2024-09-23,meeting,Customer Team,Michael Rodriguez,Quarterly capacity planning review,neutral
52008,E2E Full Test Corporation 1769028347 - Research Center,2024-09-23,email,Dr. Brown,Michael Rodriguez,Reference call completed successfully with prospect,positive
52008,E2E Full Test Corporation 1769028347 - Research Center,2024-10-10,meeting,Dr. Brown,Michael Rodriguez,Monthly business review conducted,neutral
52008,E2E Full Test Corporation 1769028347 - Research Center,2024-10-12,escalation,Dr. Brown,Michael Rodriguez,Unexpected system downtime reported,negative
52008,E2E Full Test Corporation 1769028347 - Research Center,2024-10-22,email,Customer Team,Michael Rodriguez,Support ticket unresolved >48 hours,negative
52008,E2E Full Test Corporation 1769028347 - Research Center,2024-10-20,email,Customer Team,Michael Rodriguez,Regular operational status update provided,neutral
52008,E2E Full Test Corporation 1769028347 - Research Center,2024-10-22,meeting,Customer Team,Michael Rodriguez,Successful QBR with expansion discussion initiated,positive
52008,E2E Full Test Corporation 1769028347 - Research Center,2024-09-29,email,Dr. Brown,Michael Rodriguez,Regular operational status update provided,neutral
52008,E2E Full Test Corporation 1769028347 - Research Center,2024-11-07,email,Customer Team,Michael Rodriguez,Documentation review and updates,neutral
52008,E2E Full Test Corporation 1769028347 - Research Center,2024-11-23,meeting,Customer Team,Michael Rodriguez,Quarterly capacity planning review,neutral
52008,E2E Full Test Corporation 1769028347 - Research Center,2024-11-16,email,Dr. Brown,Michael Rodriguez,Reference call completed successfully with prospect,positive
52008,E2E Full Test Corporation 1769028347 - Research Center,2024-10-28,meeting,Customer Team,Michael Rodriguez,System health check completed,neutral
52008,E2E Full Test Corporation 1769028347 - Research Center,2024-11-14,meeting,Customer Team,Michael Rodriguez,Documentation review and updates,neutral
52008,E2E Full Test Corporation 1769028347 - Research Center,2024-11-18,email,Dr. Brown,Michael Rodriguez,Scheduled maintenance window executed,neutral
52008,E2E Full Test Corporation 1769028347 - Research Center,2024-12-06,meeting,Dr. Brown,Michael Rodriguez,Successfully deployed new workload ahead of schedule,positive
52008,E2E Full Test Corporation 1769028347 - Research Center,2024-12-16,email,Customer Team,Michael Rodriguez,Monthly business review conducted,neutral
52008,E2E Full Test Corporation 1769028347 - Research Center,2024-11-29,email,Customer Team,Michael Rodriguez,Executive sponsor praised team collaboration,positive
52008,E2E Full Test Corporation 1769028347 - Research Center,2024-12-16,meeting,Dr. Brown,Michael Rodriguez,Reference call completed successfully with prospect,positive
52008,E2E Full Test Corporation 1769028347 - Research Center,2024-11-26,meeting,Dr. Brown,Michael Rodriguez,Monthly business review conducted,neutral
52008,E2E Full Test Corporation 1769028347 - Research Center,2024-12-06,email,Customer Team,Michael Rodriguez,Exceeded performance benchmarks this quarter,positive
52009,E2E Full Test Corporation 1769028347 - Data Center West,2024-01-07,email,Dr. Johnson,Rachel Martinez,Scheduled maintenance window executed,neutral
52009,E2E Full Test Corporation 1769028347 - Data Center West,2024-01-12,email,Customer Team,Rachel Martinez,Documentation review and updates,neutral
52009,E2E Full Test Corporation 1769028347 - Data Center West,2024-01-08,meeting,Dr. Johnson,Rachel Martinez,Budget concerns raised during planning meeting,negative
52009,E2E Full Test Corporation 1769028347 - Data Center West,2024-01-18,email,Dr. Johnson,Rachel Martinez,Support ticket unresolved >48 hours,negative
52009,E2E Full Test Corporation 1769028347 - Data Center West,2024-01-19,escalation,Customer Team,Rachel Martinez,Security compliance audit findings,negative
52009,E2E Full Test Corporation 1769028347 - Data Center West,2024-01-04,escalation,Dr. Johnson,Rachel Martinez,Concerns about cooling efficiency raised,negative
52009,E2E Full Test Corporation 1769028347 - Data Center West,2024-01-08,email,Customer Team,Rachel Martinez,Regular operational status update provided,neutral
52009,E2E Full Test Corporation 1769028347 - Data Center West,2024-01-23,escalation,Dr. Johnson,Rachel Martinez,Escalation from operations team regarding performance,negative
52009,E2E Full Test Corporation 1769028347 - Data Center West,2024-02-27,email,Customer Team,Rachel Martinez,Scheduled maintenance window executed,neutral
52009,E2E Full Test Corporation 1769028347 - Data Center West,2024-02-18,email,Customer Team,Rachel Martinez,Unexpected system downtime reported,negative
52009,E2E Full Test Corporation 1769028347 - Data Center West,2024-02-18,email,Customer Team,Rachel Martinez,Integration challenges with existing systems,negative
52009,E2E Full Test Corporation 1769028347 - Data Center West,2024-02-12,email,Customer Team,Rachel Martinez,Scheduled maintenance window executed,neutral
52009,E2E Full Test Corporation 1769028347 - Data Center West,2024-02-16,email,Dr. Johnson,Rachel Martinez,Exceeded performance benchmarks this quarter,positive
52009,E2E Full Test Corporation 1769028347 - Data Center West,2024-02-17,email,Dr. Johnson,Rachel Martinez,Project milestone delayed due to resource constraints,negative
52009,E2E Full Test Corporation 1769028347 - Data Center West,2024-02-04,meeting,Dr. Johnson,Rachel Martinez,Executive sponsor praised team collaboration,positive
52009,E2E Full Test Corporation 1769028347 - Data Center West,2024-02-17,escalation,Customer Team,Rachel Martinez,Integration challenges with existing systems,negative
52009,E2E Full Test Corporation 1769028347 - Data Center West,2024-03-12,email,Dr. Johnson,Rachel Martinez,Escalation from operations team regarding performance,negative
52009,E2E Full Test Corporation 1769028347 - Data Center West,2024-03-26,email,Customer Team,Rachel Martinez,Documentation review and updates,neutral
52009,E2E Full Test Corporation 1769028347 - Data Center West,2024-03-11,email,Dr. Johnson,Rachel Martinez,Exceeded performance benchmarks this quarter,positive
52009,E2E Full Test Corporation 1769028347 - Data Center West,2024-03-01,escalation,Dr. Johnson,Rachel Martinez,Budget concerns raised during planning meeting,negative
52009,E2E Full Test Corporation 1769028347 - Data Center West,2024-03-16,meeting,Customer Team,Rachel Martinez,Integration challenges with existing systems,negative
52009,E2E Full Test Corporation 1769028347 - Data Center West,2024-03-06,meeting,Customer Team,Rachel Martinez,Successfully deployed new workload ahead of schedule,positive
52009,E2E Full Test Corporation 1769028347 - Data Center West,2024-03-20,escalation,Customer Team,Rachel Martinez,Concerns about cooling efficiency raised,negative
52009,E2E Full Test Corporation 1769028347 - Data Center West,2024-03-21,meeting,Customer Team,Rachel Martinez,Scheduled maintenance window executed,neutral
52009,E2E Full Test Corporation 1769028347 - Data Center West,2024-04-11,email,Customer Team,Rachel Martinez,Regular operational status update provided,neutral
52009,E2E Full Test Corporation 1769028347 - Data Center West,2024-04-24,meeting,Customer Team,Rachel Martinez,Concerns about cooling efficiency raised,negative
52009,E2E Full Test Corporation 1769028347 - Data Center West,2024-04-01,meeting,Customer Team,Rachel Martinez,Security compliance audit findings,negative
52009,E2E Full Test Corporation 1769028347 - Data Center West,2024-04-19,email,Dr. Johnson,Rachel Martinez,Monthly business review conducted,neutral
52009,E2E Full Test Corporation 1769028347 - Data Center West,2024-04-24,escalation,Customer Team,Rachel Martinez,Project milestone delayed due to resource constraints,negative
52009,E2E Full Test Corporation 1769028347 - Data Center West,2024-04-17,email,Customer Team,Rachel Martinez,Unexpected system downtime reported,negative
52009,E2E Full Test Corporation 1769028347 - Data Center West,2024-04-11,escalation,Dr. Johnson,Rachel Martinez,Unexpected system downtime reported,negative
52009,E2E Full Test Corporation 1769028347 - Data Center West,2024-04-27,meeting,Dr. Johnson,Rachel Martinez,Escalation from operations team regarding performance,negative
52009,E2E Full Test Corporation 1769028347 - Data Center West,2024-05-21,email,Customer Team,Rachel Martinez,Escalation from operations team regarding performance,negative
52009,E2E Full Test Corporation 1769028347 - Data Center West,2024-05-26,email,Customer Team,Rachel Martinez,Training session on new features delivered,neutral
52009,E2E Full Test Corporation 1769028347 - Data Center West,2024-05-19,email,Dr. Johnson,Rachel Martinez,Project milestone delayed due to resource constraints,negative
52009,E2E Full Test Corporation 1769028347 - Data Center West,2024-05-10,email,Customer Team,Rachel Martinez,Project milestone delayed due to resource constraints,negative
52009,E2E Full Test Corporation 1769028347 - Data Center West,2024-05-06,email,Dr. Johnson,Rachel Martinez,Concerns about cooling efficiency raised,negative
52009,E2E Full Test Corporation 1769028347 - Data Center West,2024-05-04,email,Customer Team,Rachel Martinez,Monthly business review conducted,neutral
52009,E2E Full Test Corporation 1769028347 - Data Center West,2024-05-15,meeting,Customer Team,Rachel Martinez,Successfully deployed new workload ahead of schedule,positive
52009,E2E Full Test Corporation 1769028347 - Data Center West,2024-05-14,email,Customer Team,Rachel Martinez,Routine technical sync meeting completed,neutral
52009,E2E Full Test Corporation 1769028347 - Data Center West,2024-06-13,meeting,Customer Team,Rachel Martinez,Scheduled maintenance window executed,neutral
52009,E2E Full Test Corporation 1769028347 - Data Center West,2024-06-11,email,Dr. Johnson,Rachel Martinez,Budget concerns raised during planning meeting,negative
52009,E2E Full Test Corporation 1769028347 - Data Center West,2024-06-15,email,Customer Team,Rachel Martinez,Escalation from operations team regarding performance,negative
52009,E2E Full Test Corporation 1769028347 - Data Center West,2024-06-05,meeting,Dr. Johnson,Rachel Martinez,Unexpected system downtime reported,negative
52009,E2E Full Test Corporation 1769028347 - Data Center West,2024-06-21,email,Dr. Johnson,Rachel Martinez,Training session on new features delivered,neutral
52009,E2E Full Test Corporation 1769028347 - Data Center West,2024-06-16,email,Customer Team,Rachel Martinez,Team member completed advanced certification,positive
52009,E2E Full Test Corporation 1769028347 - Data Center West,2024-06-19,meeting,Customer Team,Rachel Martinez,Project milestone delayed due to resource constraints,negative
52009,E2E Full Test Corporation 1769028347 - Data Center West,2024-06-19,email,Dr. Johnson,Rachel Martinez,Scheduled maintenance window executed,neutral
52009,E2E Full Test Corporation 1769028347 - Data Center West,2024-07-07,meeting,Dr. Johnson,Rachel Martinez,Monthly business review conducted,neutral
52009,E2E Full Test Corporation 1769028347 - Data Center West,2024-07-24,email,Customer Team,Rachel Martinez,Regular operational status update provided,neutral
52009,E2E Full Test Corporation 1769028347 - Data Center West,2024-07-02,email,Dr. Johnson,Rachel Martinez,Early adoption of new AI acceleration features,positive
52009,E2E Full Test Corporation 1769028347 - Data Center West,2024-06-30,email,Customer Team,Rachel Martinez,Executive sponsor praised team collaboration,positive
52009,E2E Full Test Corporation 1769028347 - Data Center West,2024-07-25,email,Dr. Johnson,Rachel Martinez,Routine technical sync meeting completed,neutral
52009,E2E Full Test Corporation 1769028347 - Data Center West,2024-07-08,email,Customer Team,Rachel Martinez,Escalation from operations team regarding performance,negative
52009,E2E Full Test Corporation 1769028347 - Data Center West,2024-08-15,email,Customer Team,Rachel Martinez,Documentation review and updates,neutral
52009,E2E Full Test Corporation 1769028347 - Data Center West,2024-08-10,email,Customer Team,Rachel Martinez,Successful QBR with expansion discussion initiated,positive
52009,E2E Full Test Corporation 1769028347 - Data Center West,2024-08-02,meeting,Customer Team,Rachel Martinez,Reference call completed successfully with prospect,positive
52009,E2E Full Test Corporation 1769028347 - Data Center West,2024-08-10,meeting,Customer Team,Rachel Martinez,Positive feedback on recent infrastructure upgrade,positive
52009,E2E Full Test Corporation 1769028347 - Data Center West,2024-07-31,meeting,Customer Team,Rachel Martinez,Escalation from operations team regarding performance,negative
52009,E2E Full Test Corporation 1769028347 - Data Center West,2024-08-17,email,Customer Team,Rachel Martinez,Team member completed advanced certification,positive
52009,E2E Full Test Corporation 1769028347 - Data Center West,2024-09-14,meeting,Dr. Johnson,Rachel Martinez,Scheduled maintenance window executed,neutral
52009,E2E Full Test Corporation 1769028347 - Data Center West,2024-09-13,email,Dr. Johnson,Rachel Martinez,Regular operational status update provided,neutral
52009,E2E Full Test Corporation 1769028347 - Data Center West,2024-09-14,email,Customer Team,Rachel Martinez,Scheduled maintenance window executed,neutral
52009,E2E Full Test Corporation 1769028347 - Data Center West,2024-09-11,meeting,Dr. Johnson,Rachel Martinez,Routine technical sync meeting completed,neutral
52009,E2E Full Test Corporation 1769028347 - Data Center West,2024-09-02,email,Dr. Johnson,Rachel Martinez,Executive sponsor praised team collaboration,positive
52009,E2E Full Test Corporation 1769028347 - Data Center West,2024-09-14,meeting,Customer Team,Rachel Martinez,Positive feedback on recent infrastructure upgrade,positive
52009,E2E Full Test Corporation 1769028347 - Data Center West,2024-10-09,email,Customer Team,Rachel Martinez,Team member completed advanced certification,positive
52009,E2E Full Test Corporation 1769028347 - Data Center West,2024-10-08,meeting,Dr. Johnson,Rachel Martinez,Successfully deployed new workload ahead of schedule,positive
52009,E2E Full Test Corporation 1769028347 - Data Center West,2024-10-13,email,Customer Team,Rachel Martinez,Team member completed advanced certification,positive
52009,E2E Full Test Corporation 1769028347 - Data Center West,2024-10-18,email,Dr. Johnson,Rachel Martinez,Exceeded performance benchmarks this quarter,positive
52009,E2E Full Test Corporation 1769028347 - Data Center West,2024-10-13,meeting,Dr. Johnson,Rachel Martinez,Exceeded performance benchmarks this quarter,positive
52009,E2E Full Test Corporation 1769028347 - Data Center West,2024-10-19,meeting,Customer Team,Rachel Martinez,Routine technical sync meeting completed,neutral
52009,E2E Full Test Corporation 1769028347 - Data Center West,2024-10-27,email,Customer Team,Rachel Martinez,Quarterly capacity planning review,neutral
52009,E2E Full Test Corporation 1769028347 - Data Center West,2024-11-20,email,Customer Team,Rachel Martinez,Training session on new features delivered,neutral
52009,E2E Full Test Corporation 1769028347 - Data Center West,2024-11-21,email,Dr. Johnson,Rachel Martinez,Regular operational status update provided,neutral
52009,E2E Full Test Corporation 1769028347 - Data Center West,2024-11-17,meeting,Customer Team,Rachel Martinez,Routine technical sync meeting completed,neutral
52009,E2E Full Test Corporation 1769028347 - Data Center West,2024-11-10,email,Customer Team,Rachel Martinez,Documentation review and updates,neutral
52009,E2E Full Test Corporation 1769028347 - Data Center West,2024-11-02,email,Dr. Johnson,Rachel Martinez,Team member completed advanced certification,positive
52009,E2E Full Test Corporation 1769028347 - Data Center West,2024-11-27,email,Customer Team,Rachel Martinez,Reference call completed successfully with prospect,positive
52009,E2E Full Test Corporation 1769028347 - Data Center West,2024-12-08,email,Customer Team,Rachel Martinez,Routine technical sync meeting completed,neutral
52009,E2E Full Test Corporation 1769028347 - Data Center West,2024-12-14,email,Dr. Johnson,Rachel Martinez,Quarterly capacity planning review,neutral
52009,E2E Full Test Corporation 1769028347 - Data Center West,2024-12-10,email,Customer Team,Rachel Martinez,Quarterly capacity planning review,neutral
52009,E2E Full Test Corporation 1769028347 - Data Center West,2024-12-15,email,Dr. Johnson,Rachel Martinez,Routine technical sync meeting completed,neutral
52009,E2E Full Test Corporation 1769028347 - Data Center West,2024-12-06,email,Customer Team,Rachel Martinez,Successful QBR with expansion discussion initiated,positive
52009,E2E Full Test Corporation 1769028347 - Data Center West,2024-11-27,meeting,Dr. Johnson,Rachel Martinez,Successfully deployed new workload ahead of schedule,positive
52009,E2E Full Test Corporation 1769028347 - Data Center West,2024-12-11,meeting,Dr. Johnson,Rachel Martinez,Reference call completed successfully with prospect,positive
52009,E2E Full Test Corporation 1769028347 - Data Center West,2024-12-17,email,Dr. Johnson,Rachel Martinez,Team member completed advanced certification,positive
52009,E2E Full Test Corporation 1769028347 - Data Center West,2024-12-13,email,Dr. Johnson,Rachel Martinez,Documentation review and updates,neutral
52010,E2E Full Test Corporation 1769028347 - Infrastructure,2024-01-02,email,Customer Team,Michael Rodriguez,Successfully deployed new workload ahead of schedule,positive
52010,E2E Full Test Corporation 1769028347 - Infrastructure,2024-01-23,email,Customer Team,Michael Rodriguez,Regular operational status update provided,neutral
52010,E2E Full Test Corporation 1769028347 - Infrastructure,2024-01-10,email,Customer Team,Michael Rodriguez,Executive sponsor praised team collaboration,positive
52010,E2E Full Test Corporation 1769028347 - Infrastructure,2024-01-20,meeting,Customer Team,Michael Rodriguez,Security compliance audit findings,negative
52010,E2E Full Test Corporation 1769028347 - Infrastructure,2024-01-15,email,Dr. Johnson,Michael Rodriguez,Exceeded performance benchmarks this quarter,positive
52010,E2E Full Test Corporation 1769028347 - Infrastructure,2024-01-09,email,Dr. Johnson,Michael Rodriguez,Monthly business review conducted,neutral
52010,E2E Full Test Corporation 1769028347 - Infrastructure,2024-01-15,email,Customer Team,Michael Rodriguez,Quarterly capacity planning review,neutral
52010,E2E Full Test Corporation 1769028347 - Infrastructure,2024-01-25,meeting,Customer Team,Michael Rodriguez,Budget concerns raised during planning meeting,negative
52010,E2E Full Test Corporation 1769028347 - Infrastructure,2024-01-26,meeting,Dr. Johnson,Michael Rodriguez,Executive sponsor praised team collaboration,positive
52010,E2E Full Test Corporation 1769028347 - Infrastructure,2024-01-03,meeting,Customer Team,Michael Rodriguez,Positive feedback on recent infrastructure upgrade,positive
52010,E2E Full Test Corporation 1769028347 - Infrastructure,2024-02-09,email,Customer Team,Michael Rodriguez,Successfully deployed new workload ahead of schedule,positive
52010,E2E Full Test Corporation 1769028347 - Infrastructure,2024-02-01,email,Dr. Johnson,Michael Rodriguez,Executive sponsor praised team collaboration,positive
52010,E2E Full Test Corporation 1769028347 - Infrastructure,2024-02-18,email,Customer Team,Michael Rodriguez,Exceeded performance benchmarks this quarter,positive
52010,E2E Full Test Corporation 1769028347 - Infrastructure,2024-02-06,email,Dr. Johnson,Michael Rodriguez,Team member completed advanced certification,positive
52010,E2E Full Test Corporation 1769028347 - Infrastructure,2024-02-15,meeting,Dr. Johnson,Michael Rodriguez,Monthly business review conducted,neutral
52010,E2E Full Test Corporation 1769028347 - Infrastructure,2024-02-05,meeting,Customer Team,Michael Rodriguez,Successful QBR with expansion discussion initiated,positive
52010,E2E Full Test Corporation 1769028347 - Infrastructure,2024-02-09,meeting,Dr. Johnson,Michael Rodriguez,Reference call completed successfully with prospect,positive
52010,E2E Full Test Corporation 1769028347 - Infrastructure,2024-02-13,meeting,Dr. Johnson,Michael Rodriguez,Positive feedback on recent infrastructure upgrade,positive
52010,E2E Full Test Corporation 1769028347 - Infrastructure,2024-02-11,meeting,Customer Team,Michael Rodriguez,Monthly business review conducted,neutral
52010,E2E Full Test Corporation 1769028347 - Infrastructure,2024-02-12,email,Dr. Johnson,Michael Rodriguez,Successfully deployed new workload ahead of schedule,positive
52010,E2E Full Test Corporation 1769028347 - Infrastructure,2024-03-02,escalation,Customer Team,Michael Rodriguez,Budget concerns raised during planning meeting,negative
52010,E2E Full Test Corporation 1769028347 - Infrastructure,2024-03-06,meeting,Dr. Johnson,Michael Rodriguez,Exceeded performance benchmarks this quarter,positive
52010,E2E Full Test Corporation 1769028347 - Infrastructure,2024-03-07,email,Dr. Johnson,Michael Rodriguez,Exceeded performance benchmarks this quarter,positive
52010,E2E Full Test Corporation 1769028347 - Infrastructure,2024-03-28,email,Dr. Johnson,Michael Rodriguez,Successfully deployed new workload ahead of schedule,positive
52010,E2E Full Test Corporation 1769028347 - Infrastructure,2024-03-29,email,Customer Team,Michael Rodriguez,Unexpected system downtime reported,negative
52010,E2E Full Test Corporation 1769028347 - Infrastructure,2024-03-06,meeting,Customer Team,Michael Rodriguez,Successful QBR with expansion discussion initiated,positive
52010,E2E Full Test Corporation 1769028347 - Infrastructure,2024-03-22,email,Customer Team,Michael Rodriguez,Successful QBR with expansion discussion initiated,positive
52010,E2E Full Test Corporation 1769028347 - Infrastructure,2024-03-29,email,Customer Team,Michael Rodriguez,Successfully deployed new workload ahead of schedule,positive
52010,E2E Full Test Corporation 1769028347 - Infrastructure,2024-03-22,meeting,Customer Team,Michael Rodriguez,Monthly business review conducted,neutral
52010,E2E Full Test Corporation 1769028347 - Infrastructure,2024-03-12,meeting,Customer Team,Michael Rodriguez,Monthly business review conducted,neutral
52010,E2E Full Test Corporation 1769028347 - Infrastructure,2024-04-22,email,Dr. Johnson,Michael Rodriguez,Documentation review and updates,neutral
52010,E2E Full Test Corporation 1769028347 - Infrastructure,2024-04-22,meeting,Customer Team,Michael Rodriguez,Monthly business review conducted,neutral
52010,E2E Full Test Corporation 1769028347 - Infrastructure,2024-04-28,meeting,Dr. Johnson,Michael Rodriguez,Reference call completed successfully with prospect,positive
52010,E2E Full Test Corporation 1769028347 - Infrastructure,2024-04-25,email,Dr. Johnson,Michael Rodriguez,Executive sponsor praised team collaboration,positive
52010,E2E Full Test Corporation 1769028347 - Infrastructure,2024-04-24,email,Customer Team,Michael Rodriguez,Reference call completed successfully with prospect,positive
52010,E2E Full Test Corporation 1769028347 - Infrastructure,2024-04-09,email,Customer Team,Michael Rodriguez,Reference call completed successfully with prospect,positive
52010,E2E Full Test Corporation 1769028347 - Infrastructure,2024-05-26,email,Customer Team,Michael Rodriguez,Training session on new features delivered,neutral
52010,E2E Full Test Corporation 1769028347 - Infrastructure,2024-05-21,email,Dr. Johnson,Michael Rodriguez,Scheduled maintenance window executed,neutral
52010,E2E Full Test Corporation 1769028347 - Infrastructure,2024-05-28,meeting,Customer Team,Michael Rodriguez,Regular operational status update provided,neutral
52010,E2E Full Test Corporation 1769028347 - Infrastructure,2024-05-20,email,Dr. Johnson,Michael Rodriguez,Successful QBR with expansion discussion initiated,positive
52010,E2E Full Test Corporation 1769028347 - Infrastructure,2024-05-27,email,Dr. Johnson,Michael Rodriguez,Early adoption of new AI acceleration features,positive
52010,E2E Full Test Corporation 1769028347 - Infrastructure,2024-05-08,meeting,Dr. Johnson,Michael Rodriguez,Monthly business review conducted,neutral
52010,E2E Full Test Corporation 1769028347 - Infrastructure,2024-06-21,email,Customer Team,Michael Rodriguez,Quarterly capacity planning review,neutral
52010,E2E Full Test Corporation 1769028347 - Infrastructure,2024-06-19,meeting,Customer Team,Michael Rodriguez,Team member completed advanced certification,positive
52010,E2E Full Test Corporation 1769028347 - Infrastructure,2024-06-24,email,Dr. Johnson,Michael Rodriguez,Project milestone delayed due to resource constraints,negative
52010,E2E Full Test Corporation 1769028347 - Infrastructure,2024-06-20,email,Dr. Johnson,Michael Rodriguez,Documentation review and updates,neutral
52010,E2E Full Test Corporation 1769028347 - Infrastructure,2024-06-03,email,Dr. Johnson,Michael Rodriguez,Team member completed advanced certification,positive
52010,E2E Full Test Corporation 1769028347 - Infrastructure,2024-06-11,meeting,Customer Team,Michael Rodriguez,Successful QBR with expansion discussion initiated,positive
52010,E2E Full Test Corporation 1769028347 - Infrastructure,2024-07-11,email,Customer Team,Michael Rodriguez,Executive sponsor praised team collaboration,positive
52010,E2E Full Test Corporation 1769028347 - Infrastructure,2024-07-24,meeting,Customer Team,Michael Rodriguez,Documentation review and updates,neutral
52010,E2E Full Test Corporation 1769028347 - Infrastructure,2024-06-29,email,Customer Team,Michael Rodriguez,Team member completed advanced certification,positive
52010,E2E Full Test Corporation 1769028347 - Infrastructure,2024-07-10,meeting,Dr. Johnson,Michael Rodriguez,Regular operational status update provided,neutral
52010,E2E Full Test Corporation 1769028347 - Infrastructure,2024-07-13,email,Dr. Johnson,Michael Rodriguez,System health check completed,neutral
52010,E2E Full Test Corporation 1769028347 - Infrastructure,2024-07-14,email,Dr. Johnson,Michael Rodriguez,Reference call completed successfully with prospect,positive
52010,E2E Full Test Corporation 1769028347 - Infrastructure,2024-08-07,meeting,Dr. Johnson,Michael Rodriguez,System health check completed,neutral
52010,E2E Full Test Corporation 1769028347 - Infrastructure,2024-08-10,meeting,Customer Team,Michael Rodriguez,Team member completed advanced certification,positive
52010,E2E Full Test Corporation 1769028347 - Infrastructure,2024-08-04,meeting,Dr. Johnson,Michael Rodriguez,Quarterly capacity planning review,neutral
52010,E2E Full Test Corporation 1769028347 - Infrastructure,2024-08-19,meeting,Dr. Johnson,Michael Rodriguez,Training session on new features delivered,neutral
52010,E2E Full Test Corporation 1769028347 - Infrastructure,2024-08-17,meeting,Dr. Johnson,Michael Rodriguez,Reference call completed successfully with prospect,positive
52010,E2E Full Test Corporation 1769028347 - Infrastructure,2024-08-26,meeting,Customer Team,Michael Rodriguez,Team member completed advanced certification,positive
52010,E2E Full Test Corporation 1769028347 - Infrastructure,2024-09-18,email,Customer Team,Michael Rodriguez,Early adoption of new AI acceleration features,positive
52010,E2E Full Test Corporation 1769028347 - Infrastructure,2024-09-13,meeting,Dr. Johnson,Michael Rodriguez,Team member completed advanced certification,positive
52010,E2E Full Test Corporation 1769028347 - Infrastructure,2024-09-13,meeting,Dr. Johnson,Michael Rodriguez,Successfully deployed new workload ahead of schedule,positive
52010,E2E Full Test Corporation 1769028347 - Infrastructure,2024-09-15,meeting,Customer Team,Michael Rodriguez,Early adoption of new AI acceleration features,positive
52010,E2E Full Test Corporation 1769028347 - Infrastructure,2024-09-13,email,Dr. Johnson,Michael Rodriguez,Regular operational status update provided,neutral
52010,E2E Full Test Corporation 1769028347 - Infrastructure,2024-09-17,email,Dr. Johnson,Michael Rodriguez,Reference call completed successfully with prospect,positive
52010,E2E Full Test Corporation 1769028347 - Infrastructure,2024-09-29,meeting,Dr. Johnson,Michael Rodriguez,Security compliance audit findings,negative
52010,E2E Full Test Corporation 1769028347 - Infrastructure,2024-10-01,email,Customer Team,Michael Rodriguez,Scheduled maintenance window executed,neutral
52010,E2E Full Test Corporation 1769028347 - Infrastructure,2024-10-12,email,Customer Team,Michael Rodriguez,Routine technical sync meeting completed,neutral
52010,E2E Full Test Corporation 1769028347 - Infrastructure,2024-09-27,meeting,Customer Team,Michael Rodriguez,Budget concerns raised during planning meeting,negative
52010,E2E Full Test Corporation 1769028347 - Infrastructure,2024-10-02,email,Dr. Johnson,Michael Rodriguez,Monthly business review conducted,neutral
52010,E2E Full Test Corporation 1769028347 - Infrastructure,2024-10-08,meeting,Customer Team,Michael Rodriguez,Training session on new features delivered,neutral
52010,E2E Full Test Corporation 1769028347 - Infrastructure,2024-10-07,email,Customer Team,Michael Rodriguez,Team member completed advanced certification,positive
52010,E2E Full Test Corporation 1769028347 - Infrastructure,2024-09-27,email,Dr. Johnson,Michael Rodriguez,Escalation from operations team regarding performance,negative
52010,E2E Full Test Corporation 1769028347 - Infrastructure,2024-11-01,escalation,Customer Team,Michael Rodriguez,Escalation from operations team regarding performance,negative
52010,E2E Full Test Corporation 1769028347 - Infrastructure,2024-11-11,meeting,Dr. Johnson,Michael Rodriguez,Support ticket unresolved >48 hours,negative
52010,E2E Full Test Corporation 1769028347 - Infrastructure,2024-10-29,meeting,Dr. Johnson,Michael Rodriguez,Unexpected system downtime reported,negative
52010,E2E Full Test Corporation 1769028347 - Infrastructure,2024-10-27,email,Dr. Johnson,Michael Rodriguez,Documentation review and updates,neutral
52010,E2E Full Test Corporation 1769028347 - Infrastructure,2024-11-19,meeting,Customer Team,Michael Rodriguez,Quarterly capacity planning review,neutral
52010,E2E Full Test Corporation 1769028347 - Infrastructure,2024-11-22,escalation,Customer Team,Michael Rodriguez,Unexpected system downtime reported,negative
52010,E2E Full Test Corporation 1769028347 - Infrastructure,2024-11-11,meeting,Customer Team,Michael Rodriguez,Security compliance audit findings,negative
52010,E2E Full Test Corporation 1769028347 - Infrastructure,2024-10-28,meeting,Dr. Johnson,Michael Rodriguez,System health check completed,neutral
52010,E2E Full Test Corporation 1769028347 - Infrastructure,2024-11-30,email,Dr. Johnson,Michael Rodriguez,Integration challenges with existing systems,negative
52010,E2E Full Test Corporation 1769028347 - Infrastructure,2024-12-16,meeting,Dr. Johnson,Michael Rodriguez,Security compliance audit findings,negative
52010,E2E Full Test Corporation 1769028347 - Infrastructure,2024-12-09,meeting,Customer Team,Michael Rodriguez,System health check completed,neutral
52010,E2E Full Test Corporation 1769028347 - Infrastructure,2024-12-01,meeting,Customer Team,Michael Rodriguez,System health check completed,neutral
52010,E2E Full Test Corporation 1769028347 - Infrastructure,2024-12-01,meeting,Customer Team,Michael Rodriguez,System health check completed,neutral
52010,E2E Full Test Corporation 1769028347 - Infrastructure,2024-12-18,meeting,Customer Team,Michael Rodriguez,Budget concerns raised during planning meeting,negative
52010,E2E Full Test Corporation 1769028347 - Infrastructure,2024-12-16,email,Dr. Johnson,Michael Rodriguez,Budget concerns raised during planning meeting,negative
52010,E2E Full Test Corporation 1769028347 - Infrastructure,2024-12-02,email,Dr. Johnson,Michael Rodriguez,Security compliance audit findings,negative
