account_id,account_name,date,kpi_code,kpi_name,pillar,value,target,operator,unit
55001,E2E Full Test Corporation 1769028736 - Datacenter East,2024-01-01,P1-KPI1,System Uptime,P1,100.0,99.9,>,%
55001,E2E Full Test Corporation 1769028736 - Datacenter East,2024-01-31,P1-KPI1,System Uptime,P1,98.0,99.9,>,%
55001,E2E Full Test Corporation 1769028736 - Datacenter East,2024-03-01,P1-KPI1,System Uptime,P1,100.0,99.9,>,%
55001,E2E Full Test Corporation 1769028736 - Datacenter East,2024-03-31,P1-KPI1,System Uptime,P1,100.0,99.9,>,%
55001,E2E Full Test Corporation 1769028736 - Datacenter East,2024-04-30,P1-KPI1,System Uptime,P1,100.0,99.9,>,%
55001,E2E Full Test Corporation 1769028736 - Datacenter East,2024-05-30,P1-KPI1,System Uptime,P1,100.0,99.9,>,%
55001,E2E Full Test Corporation 1769028736 - Datacenter East,2024-06-29,P1-KPI1,System Uptime,P1,100.0,99.9,>,%
55001,E2E Full Test Corporation 1769028736 - Datacenter East,2024-07-29,P1-KPI1,System Uptime,P1,98.0,99.9,>,%
55001,E2E Full Test Corporation 1769028736 - Datacenter East,2024-08-28,P1-KPI1,System Uptime,P1,98.78,99.9,>,%
55001,E2E Full Test Corporation 1769028736 - Datacenter East,2024-09-27,P1-KPI1,System Uptime,P1,100.0,99.9,>,%
55001,E2E Full Test Corporation 1769028736 - Datacenter East,2024-10-27,P1-KPI1,System Uptime,P1,98.0,99.9,>,%
55001,E2E Full Test Corporation 1769028736 - Datacenter East,2024-11-26,P1-KPI1,System Uptime,P1,100.0,99.9,>,%
55001,E2E Full Test Corporation 1769028736 - Datacenter East,2024-01-01,P1-KPI2,Mean Time to Resolution,P1,4.64,2.0,<,hours
55001,E2E Full Test Corporation 1769028736 - Datacenter East,2024-01-31,P1-KPI2,Mean Time to Resolution,P1,4.73,2.0,<,hours
55001,E2E Full Test Corporation 1769028736 - Datacenter East,2024-03-01,P1-KPI2,Mean Time to Resolution,P1,4.87,2.0,<,hours
55001,E2E Full Test Corporation 1769028736 - Datacenter East,2024-03-31,P1-KPI2,Mean Time to Resolution,P1,4.88,2.0,<,hours
55001,E2E Full Test Corporation 1769028736 - Datacenter East,2024-04-30,P1-KPI2,Mean Time to Resolution,P1,4.86,2.0,<,hours
55001,E2E Full Test Corporation 1769028736 - Datacenter East,2024-05-30,P1-KPI2,Mean Time to Resolution,P1,4.61,2.0,<,hours
55001,E2E Full Test Corporation 1769028736 - Datacenter East,2024-06-29,P1-KPI2,Mean Time to Resolution,P1,3.71,2.0,<,hours
55001,E2E Full Test Corporation 1769028736 - Datacenter East,2024-07-29,P1-KPI2,Mean Time to Resolution,P1,3.73,2.0,<,hours
55001,E2E Full Test Corporation 1769028736 - Datacenter East,2024-08-28,P1-KPI2,Mean Time to Resolution,P1,3.99,2.0,<,hours
55001,E2E Full Test Corporation 1769028736 - Datacenter East,2024-09-27,P1-KPI2,Mean Time to Resolution,P1,3.63,2.0,<,hours
55001,E2E Full Test Corporation 1769028736 - Datacenter East,2024-10-27,P1-KPI2,Mean Time to Resolution,P1,3.98,2.0,<,hours
55001,E2E Full Test Corporation 1769028736 - Datacenter East,2024-11-26,P1-KPI2,Mean Time to Resolution,P1,2.95,2.0,<,hours
55001,E2E Full Test Corporation 1769028736 - Datacenter East,2024-01-01,P1-KPI3,GPU Utilization,P1,74.28,85.0,>,%
55001,E2E Full Test Corporation 1769028736 - Datacenter East,2024-01-31,P1-KPI3,GPU Utilization,P1,75.72,85.0,>,%
55001,E2E Full Test Corporation 1769028736 - Datacenter East,2024-03-01,P1-KPI3,GPU Utilization,P1,74.26,85.0,>,%
55001,E2E Full Test Corporation 1769028736 - Datacenter East,2024-03-31,P1-KPI3,GPU Utilization,P1,76.45,85.0,>,%
55001,E2E Full Test Corporation 1769028736 - Datacenter East,2024-04-30,P1-KPI3,GPU Utilization,P1,70.8,85.0,>,%
55001,E2E Full Test Corporation 1769028736 - Datacenter East,2024-05-30,P1-KPI3,GPU Utilization,P1,74.44,85.0,>,%
55001,E2E Full Test Corporation 1769028736 - Datacenter East,2024-06-29,P1-KPI3,GPU Utilization,P1,75.81,85.0,>,%
55001,E2E Full Test Corporation 1769028736 - Datacenter East,2024-07-29,P1-KPI3,GPU Utilization,P1,76.35,85.0,>,%
55001,E2E Full Test Corporation 1769028736 - Datacenter East,2024-08-28,P1-KPI3,GPU Utilization,P1,73.68,85.0,>,%
55001,E2E Full Test Corporation 1769028736 - Datacenter East,2024-09-27,P1-KPI3,GPU Utilization,P1,81.33,85.0,>,%
55001,E2E Full Test Corporation 1769028736 - Datacenter East,2024-10-27,P1-KPI3,GPU Utilization,P1,77.88,85.0,>,%
55001,E2E Full Test Corporation 1769028736 - Datacenter East,2024-11-26,P1-KPI3,GPU Utilization,P1,82.9,85.0,>,%
55001,E2E Full Test Corporation 1769028736 - Datacenter East,2024-01-01,P1-KPI4,Network Latency,P1,28.39,10.0,<,ms
55001,E2E Full Test Corporation 1769028736 - Datacenter East,2024-01-31,P1-KPI4,Network Latency,P1,27.99,10.0,<,ms
55001,E2E Full Test Corporation 1769028736 - Datacenter East,2024-03-01,P1-KPI4,Network Latency,P1,26.88,10.0,<,ms
55001,E2E Full Test Corporation 1769028736 - Datacenter East,2024-03-31,P1-KPI4,Network Latency,P1,26.71,10.0,<,ms
55001,E2E Full Test Corporation 1769028736 - Datacenter East,2024-04-30,P1-KPI4,Network Latency,P1,27.7,10.0,<,ms
55001,E2E Full Test Corporation 1769028736 - Datacenter East,2024-05-30,P1-KPI4,Network Latency,P1,27.34,10.0,<,ms
55001,E2E Full Test Corporation 1769028736 - Datacenter East,2024-06-29,P1-KPI4,Network Latency,P1,21.89,10.0,<,ms
55001,E2E Full Test Corporation 1769028736 - Datacenter East,2024-07-29,P1-KPI4,Network Latency,P1,21.82,10.0,<,ms
55001,E2E Full Test Corporation 1769028736 - Datacenter East,2024-08-28,P1-KPI4,Network Latency,P1,22.12,10.0,<,ms
55001,E2E Full Test Corporation 1769028736 - Datacenter East,2024-09-27,P1-KPI4,Network Latency,P1,22.22,10.0,<,ms
55001,E2E Full Test Corporation 1769028736 - Datacenter East,2024-10-27,P1-KPI4,Network Latency,P1,22.92,10.0,<,ms
55001,E2E Full Test Corporation 1769028736 - Datacenter East,2024-11-26,P1-KPI4,Network Latency,P1,16.25,10.0,<,ms
55001,E2E Full Test Corporation 1769028736 - Datacenter East,2024-01-01,P1-KPI5,Storage Performance,P1,76073.13,100000.0,>,IOPS
55001,E2E Full Test Corporation 1769028736 - Datacenter East,2024-01-31,P1-KPI5,Storage Performance,P1,74155.44,100000.0,>,IOPS
55001,E2E Full Test Corporation 1769028736 - Datacenter East,2024-03-01,P1-KPI5,Storage Performance,P1,81305.14,100000.0,>,IOPS
55001,E2E Full Test Corporation 1769028736 - Datacenter East,2024-03-31,P1-KPI5,Storage Performance,P1,76885.68,100000.0,>,IOPS
55001,E2E Full Test Corporation 1769028736 - Datacenter East,2024-04-30,P1-KPI5,Storage Performance,P1,76000.76,100000.0,>,IOPS
55001,E2E Full Test Corporation 1769028736 - Datacenter East,2024-05-30,P1-KPI5,Storage Performance,P1,81211.89,100000.0,>,IOPS
55001,E2E Full Test Corporation 1769028736 - Datacenter East,2024-06-29,P1-KPI5,Storage Performance,P1,88162.93,100000.0,>,IOPS
55001,E2E Full Test Corporation 1769028736 - Datacenter East,2024-07-29,P1-KPI5,Storage Performance,P1,85911.4,100000.0,>,IOPS
55001,E2E Full Test Corporation 1769028736 - Datacenter East,2024-08-28,P1-KPI5,Storage Performance,P1,83612.44,100000.0,>,IOPS
55001,E2E Full Test Corporation 1769028736 - Datacenter East,2024-09-27,P1-KPI5,Storage Performance,P1,87962.66,100000.0,>,IOPS
55001,E2E Full Test Corporation 1769028736 - Datacenter East,2024-10-27,P1-KPI5,Storage Performance,P1,88647.86,100000.0,>,IOPS
55001,E2E Full Test Corporation 1769028736 - Datacenter East,2024-11-26,P1-KPI5,Storage Performance,P1,94397.89,100000.0,>,IOPS
55001,E2E Full Test Corporation 1769028736 - Datacenter East,2024-01-01,P1-KPI6,Cooling Efficiency,P1,1.51,1.3,<,PUE
55001,E2E Full Test Corporation 1769028736 - Datacenter East,2024-01-31,P1-KPI6,Cooling Efficiency,P1,1.51,1.3,<,PUE
55001,E2E Full Test Corporation 1769028736 - Datacenter East,2024-03-01,P1-KPI6,Cooling Efficiency,P1,1.48,1.3,<,PUE
55001,E2E Full Test Corporation 1769028736 - Datacenter East,2024-03-31,P1-KPI6,Cooling Efficiency,P1,1.55,1.3,<,PUE
55001,E2E Full Test Corporation 1769028736 - Datacenter East,2024-04-30,P1-KPI6,Cooling Efficiency,P1,1.52,1.3,<,PUE
55001,E2E Full Test Corporation 1769028736 - Datacenter East,2024-05-30,P1-KPI6,Cooling Efficiency,P1,1.45,1.3,<,PUE
55001,E2E Full Test Corporation 1769028736 - Datacenter East,2024-06-29,P1-KPI6,Cooling Efficiency,P1,1.41,1.3,<,PUE
55001,E2E Full Test Corporation 1769028736 - Datacenter East,2024-07-29,P1-KPI6,Cooling Efficiency,P1,1.5,1.3,<,PUE
55001,E2E Full Test Corporation 1769028736 - Datacenter East,2024-08-28,P1-KPI6,Cooling Efficiency,P1,1.49,1.3,<,PUE
55001,E2E Full Test Corporation 1769028736 - Datacenter East,2024-09-27,P1-KPI6,Cooling Efficiency,P1,1.43,1.3,<,PUE
55001,E2E Full Test Corporation 1769028736 - Datacenter East,2024-10-27,P1-KPI6,Cooling Efficiency,P1,1.42,1.3,<,PUE
55001,E2E Full Test Corporation 1769028736 - Datacenter East,2024-11-26,P1-KPI6,Cooling Efficiency,P1,1.39,1.3,<,PUE
55001,E2E Full Test Corporation 1769028736 - Datacenter East,2024-01-01,P1-KPI7,Power Usage,P1,663.63,500.0,<,kW
55001,E2E Full Test Corporation 1769028736 - Datacenter East,2024-01-31,P1-KPI7,Power Usage,P1,649.16,500.0,<,kW
55001,E2E Full Test Corporation 1769028736 - Datacenter East,2024-03-01,P1-KPI7,Power Usage,P1,646.18,500.0,<,kW
55001,E2E Full Test Corporation 1769028736 - Datacenter East,2024-03-31,P1-KPI7,Power Usage,P1,666.73,500.0,<,kW
55001,E2E Full Test Corporation 1769028736 - Datacenter East,2024-04-30,P1-KPI7,Power Usage,P1,654.0,500.0,<,kW
55001,E2E Full Test Corporation 1769028736 - Datacenter East,2024-05-30,P1-KPI7,Power Usage,P1,631.74,500.0,<,kW
55001,E2E Full Test Corporation 1769028736 - Datacenter East,2024-06-29,P1-KPI7,Power Usage,P1,614.54,500.0,<,kW
55001,E2E Full Test Corporation 1769028736 - Datacenter East,2024-07-29,P1-KPI7,Power Usage,P1,609.78,500.0,<,kW
55001,E2E Full Test Corporation 1769028736 - Datacenter East,2024-08-28,P1-KPI7,Power Usage,P1,583.79,500.0,<,kW
55001,E2E Full Test Corporation 1769028736 - Datacenter East,2024-09-27,P1-KPI7,Power Usage,P1,576.35,500.0,<,kW
55001,E2E Full Test Corporation 1769028736 - Datacenter East,2024-10-27,P1-KPI7,Power Usage,P1,618.66,500.0,<,kW
55001,E2E Full Test Corporation 1769028736 - Datacenter East,2024-11-26,P1-KPI7,Power Usage,P1,534.2,500.0,<,kW
55001,E2E Full Test Corporation 1769028736 - Datacenter East,2024-01-01,P1-KPI8,Thermal Management,P1,30.12,25.0,<,°C
55001,E2E Full Test Corporation 1769028736 - Datacenter East,2024-01-31,P1-KPI8,Thermal Management,P1,30.44,25.0,<,°C
55001,E2E Full Test Corporation 1769028736 - Datacenter East,2024-03-01,P1-KPI8,Thermal Management,P1,30.89,25.0,<,°C
55001,E2E Full Test Corporation 1769028736 - Datacenter East,2024-03-31,P1-KPI8,Thermal Management,P1,28.37,25.0,<,°C
55001,E2E Full Test Corporation 1769028736 - Datacenter East,2024-04-30,P1-KPI8,Thermal Management,P1,30.11,25.0,<,°C
55001,E2E Full Test Corporation 1769028736 - Datacenter East,2024-05-30,P1-KPI8,Thermal Management,P1,28.91,25.0,<,°C
55001,E2E Full Test Corporation 1769028736 - Datacenter East,2024-06-29,P1-KPI8,Thermal Management,P1,29.19,25.0,<,°C
55001,E2E Full Test Corporation 1769028736 - Datacenter East,2024-07-29,P1-KPI8,Thermal Management,P1,29.18,25.0,<,°C
55001,E2E Full Test Corporation 1769028736 - Datacenter East,2024-08-28,P1-KPI8,Thermal Management,P1,29.39,25.0,<,°C
55001,E2E Full Test Corporation 1769028736 - Datacenter East,2024-09-27,P1-KPI8,Thermal Management,P1,28.88,25.0,<,°C
55001,E2E Full Test Corporation 1769028736 - Datacenter East,2024-10-27,P1-KPI8,Thermal Management,P1,28.6,25.0,<,°C
55001,E2E Full Test Corporation 1769028736 - Datacenter East,2024-11-26,P1-KPI8,Thermal Management,P1,25.4,25.0,<,°C
55001,E2E Full Test Corporation 1769028736 - Datacenter East,2024-01-01,P2-KPI1,SLA Compliance,P2,100.0,99.0,>,%
55001,E2E Full Test Corporation 1769028736 - Datacenter East,2024-01-31,P2-KPI1,SLA Compliance,P2,100.0,99.0,>,%
55001,E2E Full Test Corporation 1769028736 - Datacenter East,2024-03-01,P2-KPI1,SLA Compliance,P2,95.0,99.0,>,%
55001,E2E Full Test Corporation 1769028736 - Datacenter East,2024-03-31,P2-KPI1,SLA Compliance,P2,95.82,99.0,>,%
55001,E2E Full Test Corporation 1769028736 - Datacenter East,2024-04-30,P2-KPI1,SLA Compliance,P2,95.13,99.0,>,%
55001,E2E Full Test Corporation 1769028736 - Datacenter East,2024-05-30,P2-KPI1,SLA Compliance,P2,98.5,99.0,>,%
55001,E2E Full Test Corporation 1769028736 - Datacenter East,2024-06-29,P2-KPI1,SLA Compliance,P2,95.66,99.0,>,%
55001,E2E Full Test Corporation 1769028736 - Datacenter East,2024-07-29,P2-KPI1,SLA Compliance,P2,95.0,99.0,>,%
55001,E2E Full Test Corporation 1769028736 - Datacenter East,2024-08-28,P2-KPI1,SLA Compliance,P2,95.0,99.0,>,%
55001,E2E Full Test Corporation 1769028736 - Datacenter East,2024-09-27,P2-KPI1,SLA Compliance,P2,100.0,99.0,>,%
55001,E2E Full Test Corporation 1769028736 - Datacenter East,2024-10-27,P2-KPI1,SLA Compliance,P2,96.49,99.0,>,%
55001,E2E Full Test Corporation 1769028736 - Datacenter East,2024-11-26,P2-KPI1,SLA Compliance,P2,95.0,99.0,>,%
55001,E2E Full Test Corporation 1769028736 - Datacenter East,2024-01-01,P2-KPI2,Incident Response Time,P2,33.62,15.0,<,minutes
55001,E2E Full Test Corporation 1769028736 - Datacenter East,2024-01-31,P2-KPI2,Incident Response Time,P2,36.19,15.0,<,minutes
55001,E2E Full Test Corporation 1769028736 - Datacenter East,2024-03-01,P2-KPI2,Incident Response Time,P2,33.93,15.0,<,minutes
55001,E2E Full Test Corporation 1769028736 - Datacenter East,2024-03-31,P2-KPI2,Incident Response Time,P2,34.22,15.0,<,minutes
55001,E2E Full Test Corporation 1769028736 - Datacenter East,2024-04-30,P2-KPI2,Incident Response Time,P2,34.04,15.0,<,minutes
55001,E2E Full Test Corporation 1769028736 - Datacenter East,2024-05-30,P2-KPI2,Incident Response Time,P2,36.76,15.0,<,minutes
55001,E2E Full Test Corporation 1769028736 - Datacenter East,2024-06-29,P2-KPI2,Incident Response Time,P2,28.6,15.0,<,minutes
55001,E2E Full Test Corporation 1769028736 - Datacenter East,2024-07-29,P2-KPI2,Incident Response Time,P2,28.42,15.0,<,minutes
55001,E2E Full Test Corporation 1769028736 - Datacenter East,2024-08-28,P2-KPI2,Incident Response Time,P2,28.64,15.0,<,minutes
55001,E2E Full Test Corporation 1769028736 - Datacenter East,2024-09-27,P2-KPI2,Incident Response Time,P2,27.19,15.0,<,minutes
55001,E2E Full Test Corporation 1769028736 - Datacenter East,2024-10-27,P2-KPI2,Incident Response Time,P2,29.89,15.0,<,minutes
55001,E2E Full Test Corporation 1769028736 - Datacenter East,2024-11-26,P2-KPI2,Incident Response Time,P2,22.45,15.0,<,minutes
55001,E2E Full Test Corporation 1769028736 - Datacenter East,2024-01-01,P2-KPI3,Change Success Rate,P2,92.11,98.0,>,%
55001,E2E Full Test Corporation 1769028736 - Datacenter East,2024-01-31,P2-KPI3,Change Success Rate,P2,91.77,98.0,>,%
55001,E2E Full Test Corporation 1769028736 - Datacenter East,2024-03-01,P2-KPI3,Change Success Rate,P2,96.33,98.0,>,%
55001,E2E Full Test Corporation 1769028736 - Datacenter East,2024-03-31,P2-KPI3,Change Success Rate,P2,90.68,98.0,>,%
55001,E2E Full Test Corporation 1769028736 - Datacenter East,2024-04-30,P2-KPI3,Change Success Rate,P2,91.58,98.0,>,%
55001,E2E Full Test Corporation 1769028736 - Datacenter East,2024-05-30,P2-KPI3,Change Success Rate,P2,91.58,98.0,>,%
55001,E2E Full Test Corporation 1769028736 - Datacenter East,2024-06-29,P2-KPI3,Change Success Rate,P2,97.03,98.0,>,%
55001,E2E Full Test Corporation 1769028736 - Datacenter East,2024-07-29,P2-KPI3,Change Success Rate,P2,100.0,98.0,>,%
55001,E2E Full Test Corporation 1769028736 - Datacenter East,2024-08-28,P2-KPI3,Change Success Rate,P2,100.0,98.0,>,%
55001,E2E Full Test Corporation 1769028736 - Datacenter East,2024-09-27,P2-KPI3,Change Success Rate,P2,97.21,98.0,>,%
55001,E2E Full Test Corporation 1769028736 - Datacenter East,2024-10-27,P2-KPI3,Change Success Rate,P2,95.24,98.0,>,%
55001,E2E Full Test Corporation 1769028736 - Datacenter East,2024-11-26,P2-KPI3,Change Success Rate,P2,100.0,98.0,>,%
55001,E2E Full Test Corporation 1769028736 - Datacenter East,2024-01-01,P2-KPI4,Backup Success Rate,P2,100.0,100.0,>,%
55001,E2E Full Test Corporation 1769028736 - Datacenter East,2024-01-31,P2-KPI4,Backup Success Rate,P2,95.0,100.0,>,%
55001,E2E Full Test Corporation 1769028736 - Datacenter East,2024-03-01,P2-KPI4,Backup Success Rate,P2,95.0,100.0,>,%
55001,E2E Full Test Corporation 1769028736 - Datacenter East,2024-03-31,P2-KPI4,Backup Success Rate,P2,95.0,100.0,>,%
55001,E2E Full Test Corporation 1769028736 - Datacenter East,2024-04-30,P2-KPI4,Backup Success Rate,P2,99.19,100.0,>,%
55001,E2E Full Test Corporation 1769028736 - Datacenter East,2024-05-30,P2-KPI4,Backup Success Rate,P2,100.0,100.0,>,%
55001,E2E Full Test Corporation 1769028736 - Datacenter East,2024-06-29,P2-KPI4,Backup Success Rate,P2,97.42,100.0,>,%
55001,E2E Full Test Corporation 1769028736 - Datacenter East,2024-07-29,P2-KPI4,Backup Success Rate,P2,100.0,100.0,>,%
55001,E2E Full Test Corporation 1769028736 - Datacenter East,2024-08-28,P2-KPI4,Backup Success Rate,P2,95.0,100.0,>,%
55001,E2E Full Test Corporation 1769028736 - Datacenter East,2024-09-27,P2-KPI4,Backup Success Rate,P2,95.0,100.0,>,%
55001,E2E Full Test Corporation 1769028736 - Datacenter East,2024-10-27,P2-KPI4,Backup Success Rate,P2,99.42,100.0,>,%
55001,E2E Full Test Corporation 1769028736 - Datacenter East,2024-11-26,P2-KPI4,Backup Success Rate,P2,95.08,100.0,>,%
55001,E2E Full Test Corporation 1769028736 - Datacenter East,2024-01-01,P2-KPI5,Patch Compliance,P2,90.28,95.0,>,%
55001,E2E Full Test Corporation 1769028736 - Datacenter East,2024-01-31,P2-KPI5,Patch Compliance,P2,86.13,95.0,>,%
55001,E2E Full Test Corporation 1769028736 - Datacenter East,2024-03-01,P2-KPI5,Patch Compliance,P2,84.58,95.0,>,%
55001,E2E Full Test Corporation 1769028736 - Datacenter East,2024-03-31,P2-KPI5,Patch Compliance,P2,91.13,95.0,>,%
55001,E2E Full Test Corporation 1769028736 - Datacenter East,2024-04-30,P2-KPI5,Patch Compliance,P2,89.6,95.0,>,%
55001,E2E Full Test Corporation 1769028736 - Datacenter East,2024-05-30,P2-KPI5,Patch Compliance,P2,85.05,95.0,>,%
55001,E2E Full Test Corporation 1769028736 - Datacenter East,2024-06-29,P2-KPI5,Patch Compliance,P2,92.61,95.0,>,%
55001,E2E Full Test Corporation 1769028736 - Datacenter East,2024-07-29,P2-KPI5,Patch Compliance,P2,90.2,95.0,>,%
55001,E2E Full Test Corporation 1769028736 - Datacenter East,2024-08-28,P2-KPI5,Patch Compliance,P2,94.42,95.0,>,%
55001,E2E Full Test Corporation 1769028736 - Datacenter East,2024-09-27,P2-KPI5,Patch Compliance,P2,88.39,95.0,>,%
55001,E2E Full Test Corporation 1769028736 - Datacenter East,2024-10-27,P2-KPI5,Patch Compliance,P2,88.59,95.0,>,%
55001,E2E Full Test Corporation 1769028736 - Datacenter East,2024-11-26,P2-KPI5,Patch Compliance,P2,93.98,95.0,>,%
55001,E2E Full Test Corporation 1769028736 - Datacenter East,2024-01-01,P2-KPI6,Service Request Fulfillment,P2,6.45,3.0,<,days
55001,E2E Full Test Corporation 1769028736 - Datacenter East,2024-01-31,P2-KPI6,Service Request Fulfillment,P2,6.31,3.0,<,days
55001,E2E Full Test Corporation 1769028736 - Datacenter East,2024-03-01,P2-KPI6,Service Request Fulfillment,P2,6.24,3.0,<,days
55001,E2E Full Test Corporation 1769028736 - Datacenter East,2024-03-31,P2-KPI6,Service Request Fulfillment,P2,5.99,3.0,<,days
55001,E2E Full Test Corporation 1769028736 - Datacenter East,2024-04-30,P2-KPI6,Service Request Fulfillment,P2,6.34,3.0,<,days
55001,E2E Full Test Corporation 1769028736 - Datacenter East,2024-05-30,P2-KPI6,Service Request Fulfillment,P2,6.37,3.0,<,days
55001,E2E Full Test Corporation 1769028736 - Datacenter East,2024-06-29,P2-KPI6,Service Request Fulfillment,P2,4.95,3.0,<,days
55001,E2E Full Test Corporation 1769028736 - Datacenter East,2024-07-29,P2-KPI6,Service Request Fulfillment,P2,4.89,3.0,<,days
55001,E2E Full Test Corporation 1769028736 - Datacenter East,2024-08-28,P2-KPI6,Service Request Fulfillment,P2,4.87,3.0,<,days
55001,E2E Full Test Corporation 1769028736 - Datacenter East,2024-09-27,P2-KPI6,Service Request Fulfillment,P2,5.32,3.0,<,days
55001,E2E Full Test Corporation 1769028736 - Datacenter East,2024-10-27,P2-KPI6,Service Request Fulfillment,P2,5.08,3.0,<,days
55001,E2E Full Test Corporation 1769028736 - Datacenter East,2024-11-26,P2-KPI6,Service Request Fulfillment,P2,3.92,3.0,<,days
55001,E2E Full Test Corporation 1769028736 - Datacenter East,2024-01-01,P2-KPI7,Capacity Planning Accuracy,P2,77.53,90.0,>,%
55001,E2E Full Test Corporation 1769028736 - Datacenter East,2024-01-31,P2-KPI7,Capacity Planning Accuracy,P2,83.13,90.0,>,%
55001,E2E Full Test Corporation 1769028736 - Datacenter East,2024-03-01,P2-KPI7,Capacity Planning Accuracy,P2,82.17,90.0,>,%
55001,E2E Full Test Corporation 1769028736 - Datacenter East,2024-03-31,P2-KPI7,Capacity Planning Accuracy,P2,79.06,90.0,>,%
55001,E2E Full Test Corporation 1769028736 - Datacenter East,2024-04-30,P2-KPI7,Capacity Planning Accuracy,P2,82.74,90.0,>,%
55001,E2E Full Test Corporation 1769028736 - Datacenter East,2024-05-30,P2-KPI7,Capacity Planning Accuracy,P2,82.4,90.0,>,%
55001,E2E Full Test Corporation 1769028736 - Datacenter East,2024-06-29,P2-KPI7,Capacity Planning Accuracy,P2,82.93,90.0,>,%
55001,E2E Full Test Corporation 1769028736 - Datacenter East,2024-07-29,P2-KPI7,Capacity Planning Accuracy,P2,84.46,90.0,>,%
55001,E2E Full Test Corporation 1769028736 - Datacenter East,2024-08-28,P2-KPI7,Capacity Planning Accuracy,P2,83.58,90.0,>,%
55001,E2E Full Test Corporation 1769028736 - Datacenter East,2024-09-27,P2-KPI7,Capacity Planning Accuracy,P2,85.29,90.0,>,%
55001,E2E Full Test Corporation 1769028736 - Datacenter East,2024-10-27,P2-KPI7,Capacity Planning Accuracy,P2,79.89,90.0,>,%
55001,E2E Full Test Corporation 1769028736 - Datacenter East,2024-11-26,P2-KPI7,Capacity Planning Accuracy,P2,86.82,90.0,>,%
55001,E2E Full Test Corporation 1769028736 - Datacenter East,2024-01-01,P2-KPI8,Documentation Quality,P2,70.34,85.0,>,score
55001,E2E Full Test Corporation 1769028736 - Datacenter East,2024-01-31,P2-KPI8,Documentation Quality,P2,76.75,85.0,>,score
55001,E2E Full Test Corporation 1769028736 - Datacenter East,2024-03-01,P2-KPI8,Documentation Quality,P2,74.43,85.0,>,score
55001,E2E Full Test Corporation 1769028736 - Datacenter East,2024-03-31,P2-KPI8,Documentation Quality,P2,71.14,85.0,>,score
55001,E2E Full Test Corporation 1769028736 - Datacenter East,2024-04-30,P2-KPI8,Documentation Quality,P2,70.86,85.0,>,score
55001,E2E Full Test Corporation 1769028736 - Datacenter East,2024-05-30,P2-KPI8,Documentation Quality,P2,76.21,85.0,>,score
55001,E2E Full Test Corporation 1769028736 - Datacenter East,2024-06-29,P2-KPI8,Documentation Quality,P2,76.76,85.0,>,score
55001,E2E Full Test Corporation 1769028736 - Datacenter East,2024-07-29,P2-KPI8,Documentation Quality,P2,73.69,85.0,>,score
55001,E2E Full Test Corporation 1769028736 - Datacenter East,2024-08-28,P2-KPI8,Documentation Quality,P2,77.16,85.0,>,score
55001,E2E Full Test Corporation 1769028736 - Datacenter East,2024-09-27,P2-KPI8,Documentation Quality,P2,77.9,85.0,>,score
55001,E2E Full Test Corporation 1769028736 - Datacenter East,2024-10-27,P2-KPI8,Documentation Quality,P2,80.69,85.0,>,score
55001,E2E Full Test Corporation 1769028736 - Datacenter East,2024-11-26,P2-KPI8,Documentation Quality,P2,77.34,85.0,>,score
55001,E2E Full Test Corporation 1769028736 - Datacenter East,2024-01-01,P3-KPI1,CSAT Score,P3,3.87,4.5,>,score
55001,E2E Full Test Corporation 1769028736 - Datacenter East,2024-01-31,P3-KPI1,CSAT Score,P3,3.77,4.5,>,score
55001,E2E Full Test Corporation 1769028736 - Datacenter East,2024-03-01,P3-KPI1,CSAT Score,P3,4.0,4.5,>,score
55001,E2E Full Test Corporation 1769028736 - Datacenter East,2024-03-31,P3-KPI1,CSAT Score,P3,3.86,4.5,>,score
55001,E2E Full Test Corporation 1769028736 - Datacenter East,2024-04-30,P3-KPI1,CSAT Score,P3,3.75,4.5,>,score
55001,E2E Full Test Corporation 1769028736 - Datacenter East,2024-05-30,P3-KPI1,CSAT Score,P3,4.0,4.5,>,score
55001,E2E Full Test Corporation 1769028736 - Datacenter East,2024-06-29,P3-KPI1,CSAT Score,P3,4.22,4.5,>,score
55001,E2E Full Test Corporation 1769028736 - Datacenter East,2024-07-29,P3-KPI1,CSAT Score,P3,3.92,4.5,>,score
55001,E2E Full Test Corporation 1769028736 - Datacenter East,2024-08-28,P3-KPI1,CSAT Score,P3,4.14,4.5,>,score
55001,E2E Full Test Corporation 1769028736 - Datacenter East,2024-09-27,P3-KPI1,CSAT Score,P3,4.18,4.5,>,score
55001,E2E Full Test Corporation 1769028736 - Datacenter East,2024-10-27,P3-KPI1,CSAT Score,P3,3.95,4.5,>,score
55001,E2E Full Test Corporation 1769028736 - Datacenter East,2024-11-26,P3-KPI1,CSAT Score,P3,4.32,4.5,>,score
55001,E2E Full Test Corporation 1769028736 - Datacenter East,2024-01-01,P3-KPI2,Support Ticket Volume,P3,54.66,20.0,<,tickets
55001,E2E Full Test Corporation 1769028736 - Datacenter East,2024-01-31,P3-KPI2,Support Ticket Volume,P3,54.66,20.0,<,tickets
55001,E2E Full Test Corporation 1769028736 - Datacenter East,2024-03-01,P3-KPI2,Support Ticket Volume,P3,54.22,20.0,<,tickets
55001,E2E Full Test Corporation 1769028736 - Datacenter East,2024-03-31,P3-KPI2,Support Ticket Volume,P3,58.22,20.0,<,tickets
55001,E2E Full Test Corporation 1769028736 - Datacenter East,2024-04-30,P3-KPI2,Support Ticket Volume,P3,56.52,20.0,<,tickets
55001,E2E Full Test Corporation 1769028736 - Datacenter East,2024-05-30,P3-KPI2,Support Ticket Volume,P3,56.63,20.0,<,tickets
55001,E2E Full Test Corporation 1769028736 - Datacenter East,2024-06-29,P3-KPI2,Support Ticket Volume,P3,45.69,20.0,<,tickets
55001,E2E Full Test Corporation 1769028736 - Datacenter East,2024-07-29,P3-KPI2,Support Ticket Volume,P3,42.66,20.0,<,tickets
55001,E2E Full Test Corporation 1769028736 - Datacenter East,2024-08-28,P3-KPI2,Support Ticket Volume,P3,44.71,20.0,<,tickets
55001,E2E Full Test Corporation 1769028736 - Datacenter East,2024-09-27,P3-KPI2,Support Ticket Volume,P3,41.94,20.0,<,tickets
55001,E2E Full Test Corporation 1769028736 - Datacenter East,2024-10-27,P3-KPI2,Support Ticket Volume,P3,45.64,20.0,<,tickets
55001,E2E Full Test Corporation 1769028736 - Datacenter East,2024-11-26,P3-KPI2,Support Ticket Volume,P3,31.17,20.0,<,tickets
55001,E2E Full Test Corporation 1769028736 - Datacenter East,2024-01-01,P3-KPI3,First Contact Resolution,P3,62.05,75.0,>,%
55001,E2E Full Test Corporation 1769028736 - Datacenter East,2024-01-31,P3-KPI3,First Contact Resolution,P3,65.92,75.0,>,%
55001,E2E Full Test Corporation 1769028736 - Datacenter East,2024-03-01,P3-KPI3,First Contact Resolution,P3,63.04,75.0,>,%
55001,E2E Full Test Corporation 1769028736 - Datacenter East,2024-03-31,P3-KPI3,First Contact Resolution,P3,66.66,75.0,>,%
55001,E2E Full Test Corporation 1769028736 - Datacenter East,2024-04-30,P3-KPI3,First Contact Resolution,P3,64.72,75.0,>,%
55001,E2E Full Test Corporation 1769028736 - Datacenter East,2024-05-30,P3-KPI3,First Contact Resolution,P3,65.73,75.0,>,%
55001,E2E Full Test Corporation 1769028736 - Datacenter East,2024-06-29,P3-KPI3,First Contact Resolution,P3,69.25,75.0,>,%
55001,E2E Full Test Corporation 1769028736 - Datacenter East,2024-07-29,P3-KPI3,First Contact Resolution,P3,65.48,75.0,>,%
55001,E2E Full Test Corporation 1769028736 - Datacenter East,2024-08-28,P3-KPI3,First Contact Resolution,P3,66.36,75.0,>,%
55001,E2E Full Test Corporation 1769028736 - Datacenter East,2024-09-27,P3-KPI3,First Contact Resolution,P3,69.85,75.0,>,%
55001,E2E Full Test Corporation 1769028736 - Datacenter East,2024-10-27,P3-KPI3,First Contact Resolution,P3,68.97,75.0,>,%
55001,E2E Full Test Corporation 1769028736 - Datacenter East,2024-11-26,P3-KPI3,First Contact Resolution,P3,74.58,75.0,>,%
55001,E2E Full Test Corporation 1769028736 - Datacenter East,2024-01-01,P3-KPI4,Training Completion,P3,79.02,90.0,>,%
55001,E2E Full Test Corporation 1769028736 - Datacenter East,2024-01-31,P3-KPI4,Training Completion,P3,76.8,90.0,>,%
55001,E2E Full Test Corporation 1769028736 - Datacenter East,2024-03-01,P3-KPI4,Training Completion,P3,74.42,90.0,>,%
55001,E2E Full Test Corporation 1769028736 - Datacenter East,2024-03-31,P3-KPI4,Training Completion,P3,79.03,90.0,>,%
55001,E2E Full Test Corporation 1769028736 - Datacenter East,2024-04-30,P3-KPI4,Training Completion,P3,74.8,90.0,>,%
55001,E2E Full Test Corporation 1769028736 - Datacenter East,2024-05-30,P3-KPI4,Training Completion,P3,74.72,90.0,>,%
55001,E2E Full Test Corporation 1769028736 - Datacenter East,2024-06-29,P3-KPI4,Training Completion,P3,77.92,90.0,>,%
55001,E2E Full Test Corporation 1769028736 - Datacenter East,2024-07-29,P3-KPI4,Training Completion,P3,83.27,90.0,>,%
55001,E2E Full Test Corporation 1769028736 - Datacenter East,2024-08-28,P3-KPI4,Training Completion,P3,85.02,90.0,>,%
55001,E2E Full Test Corporation 1769028736 - Datacenter East,2024-09-27,P3-KPI4,Training Completion,P3,83.76,90.0,>,%
55001,E2E Full Test Corporation 1769028736 - Datacenter East,2024-10-27,P3-KPI4,Training Completion,P3,82.11,90.0,>,%
55001,E2E Full Test Corporation 1769028736 - Datacenter East,2024-11-26,P3-KPI4,Training Completion,P3,84.53,90.0,>,%
55001,E2E Full Test Corporation 1769028736 - Datacenter East,2024-01-01,P3-KPI5,User Adoption Rate,P3,64.59,80.0,>,%
55001,E2E Full Test Corporation 1769028736 - Datacenter East,2024-01-31,P3-KPI5,User Adoption Rate,P3,69.58,80.0,>,%
55001,E2E Full Test Corporation 1769028736 - Datacenter East,2024-03-01,P3-KPI5,User Adoption Rate,P3,67.53,80.0,>,%
55001,E2E Full Test Corporation 1769028736 - Datacenter East,2024-03-31,P3-KPI5,User Adoption Rate,P3,64.73,80.0,>,%
55001,E2E Full Test Corporation 1769028736 - Datacenter East,2024-04-30,P3-KPI5,User Adoption Rate,P3,63.62,80.0,>,%
55001,E2E Full Test Corporation 1769028736 - Datacenter East,2024-05-30,P3-KPI5,User Adoption Rate,P3,63.52,80.0,>,%
55001,E2E Full Test Corporation 1769028736 - Datacenter East,2024-06-29,P3-KPI5,User Adoption Rate,P3,68.73,80.0,>,%
55001,E2E Full Test Corporation 1769028736 - Datacenter East,2024-07-29,P3-KPI5,User Adoption Rate,P3,72.87,80.0,>,%
55001,E2E Full Test Corporation 1769028736 - Datacenter East,2024-08-28,P3-KPI5,User Adoption Rate,P3,70.31,80.0,>,%
55001,E2E Full Test Corporation 1769028736 - Datacenter East,2024-09-27,P3-KPI5,User Adoption Rate,P3,68.0,80.0,>,%
55001,E2E Full Test Corporation 1769028736 - Datacenter East,2024-10-27,P3-KPI5,User Adoption Rate,P3,70.14,80.0,>,%
55001,E2E Full Test Corporation 1769028736 - Datacenter East,2024-11-26,P3-KPI5,User Adoption Rate,P3,72.97,80.0,>,%
55001,E2E Full Test Corporation 1769028736 - Datacenter East,2024-01-01,P3-KPI6,Executive Engagement,P3,3.19,4.0,>,meetings/quarter
55001,E2E Full Test Corporation 1769028736 - Datacenter East,2024-01-31,P3-KPI6,Executive Engagement,P3,2.98,4.0,>,meetings/quarter
55001,E2E Full Test Corporation 1769028736 - Datacenter East,2024-03-01,P3-KPI6,Executive Engagement,P3,3.0,4.0,>,meetings/quarter
55001,E2E Full Test Corporation 1769028736 - Datacenter East,2024-03-31,P3-KPI6,Executive Engagement,P3,3.12,4.0,>,meetings/quarter
55001,E2E Full Test Corporation 1769028736 - Datacenter East,2024-04-30,P3-KPI6,Executive Engagement,P3,3.03,4.0,>,meetings/quarter
55001,E2E Full Test Corporation 1769028736 - Datacenter East,2024-05-30,P3-KPI6,Executive Engagement,P3,3.0,4.0,>,meetings/quarter
55001,E2E Full Test Corporation 1769028736 - Datacenter East,2024-06-29,P3-KPI6,Executive Engagement,P3,3.31,4.0,>,meetings/quarter
55001,E2E Full Test Corporation 1769028736 - Datacenter East,2024-07-29,P3-KPI6,Executive Engagement,P3,3.25,4.0,>,meetings/quarter
55001,E2E Full Test Corporation 1769028736 - Datacenter East,2024-08-28,P3-KPI6,Executive Engagement,P3,3.36,4.0,>,meetings/quarter
55001,E2E Full Test Corporation 1769028736 - Datacenter East,2024-09-27,P3-KPI6,Executive Engagement,P3,3.27,4.0,>,meetings/quarter
55001,E2E Full Test Corporation 1769028736 - Datacenter East,2024-10-27,P3-KPI6,Executive Engagement,P3,3.36,4.0,>,meetings/quarter
55001,E2E Full Test Corporation 1769028736 - Datacenter East,2024-11-26,P3-KPI6,Executive Engagement,P3,3.52,4.0,>,meetings/quarter
55001,E2E Full Test Corporation 1769028736 - Datacenter East,2024-01-01,P3-KPI7,Response Time SLA,P3,67.34,30.0,<,minutes
55001,E2E Full Test Corporation 1769028736 - Datacenter East,2024-01-31,P3-KPI7,Response Time SLA,P3,72.64,30.0,<,minutes
55001,E2E Full Test Corporation 1769028736 - Datacenter East,2024-03-01,P3-KPI7,Response Time SLA,P3,70.81,30.0,<,minutes
55001,E2E Full Test Corporation 1769028736 - Datacenter East,2024-03-31,P3-KPI7,Response Time SLA,P3,69.27,30.0,<,minutes
55001,E2E Full Test Corporation 1769028736 - Datacenter East,2024-04-30,P3-KPI7,Response Time SLA,P3,67.54,30.0,<,minutes
55001,E2E Full Test Corporation 1769028736 - Datacenter East,2024-05-30,P3-KPI7,Response Time SLA,P3,71.29,30.0,<,minutes
55001,E2E Full Test Corporation 1769028736 - Datacenter East,2024-06-29,P3-KPI7,Response Time SLA,P3,57.69,30.0,<,minutes
55001,E2E Full Test Corporation 1769028736 - Datacenter East,2024-07-29,P3-KPI7,Response Time SLA,P3,55.9,30.0,<,minutes
55001,E2E Full Test Corporation 1769028736 - Datacenter East,2024-08-28,P3-KPI7,Response Time SLA,P3,55.61,30.0,<,minutes
55001,E2E Full Test Corporation 1769028736 - Datacenter East,2024-09-27,P3-KPI7,Response Time SLA,P3,56.14,30.0,<,minutes
55001,E2E Full Test Corporation 1769028736 - Datacenter East,2024-10-27,P3-KPI7,Response Time SLA,P3,57.76,30.0,<,minutes
55001,E2E Full Test Corporation 1769028736 - Datacenter East,2024-11-26,P3-KPI7,Response Time SLA,P3,42.68,30.0,<,minutes
55001,E2E Full Test Corporation 1769028736 - Datacenter East,2024-01-01,P4-KPI1,ROI Achievement,P4,131.89,150.0,>,%
55001,E2E Full Test Corporation 1769028736 - Datacenter East,2024-01-31,P4-KPI1,ROI Achievement,P4,126.49,150.0,>,%
55001,E2E Full Test Corporation 1769028736 - Datacenter East,2024-03-01,P4-KPI1,ROI Achievement,P4,124.8,150.0,>,%
55001,E2E Full Test Corporation 1769028736 - Datacenter East,2024-03-31,P4-KPI1,ROI Achievement,P4,127.01,150.0,>,%
55001,E2E Full Test Corporation 1769028736 - Datacenter East,2024-04-30,P4-KPI1,ROI Achievement,P4,127.18,150.0,>,%
55001,E2E Full Test Corporation 1769028736 - Datacenter East,2024-05-30,P4-KPI1,ROI Achievement,P4,131.37,150.0,>,%
55001,E2E Full Test Corporation 1769028736 - Datacenter East,2024-06-29,P4-KPI1,ROI Achievement,P4,132.8,150.0,>,%
55001,E2E Full Test Corporation 1769028736 - Datacenter East,2024-07-29,P4-KPI1,ROI Achievement,P4,130.89,150.0,>,%
55001,E2E Full Test Corporation 1769028736 - Datacenter East,2024-08-28,P4-KPI1,ROI Achievement,P4,134.57,150.0,>,%
55001,E2E Full Test Corporation 1769028736 - Datacenter East,2024-09-27,P4-KPI1,ROI Achievement,P4,137.94,150.0,>,%
55001,E2E Full Test Corporation 1769028736 - Datacenter East,2024-10-27,P4-KPI1,ROI Achievement,P4,131.78,150.0,>,%
55001,E2E Full Test Corporation 1769028736 - Datacenter East,2024-11-26,P4-KPI1,ROI Achievement,P4,137.78,150.0,>,%
55001,E2E Full Test Corporation 1769028736 - Datacenter East,2024-01-01,P4-KPI2,Cost Reduction,P4,11.04,20.0,>,%
55001,E2E Full Test Corporation 1769028736 - Datacenter East,2024-01-31,P4-KPI2,Cost Reduction,P4,11.38,20.0,>,%
55001,E2E Full Test Corporation 1769028736 - Datacenter East,2024-03-01,P4-KPI2,Cost Reduction,P4,10.83,20.0,>,%
55001,E2E Full Test Corporation 1769028736 - Datacenter East,2024-03-31,P4-KPI2,Cost Reduction,P4,11.21,20.0,>,%
55001,E2E Full Test Corporation 1769028736 - Datacenter East,2024-04-30,P4-KPI2,Cost Reduction,P4,11.31,20.0,>,%
55001,E2E Full Test Corporation 1769028736 - Datacenter East,2024-05-30,P4-KPI2,Cost Reduction,P4,10.87,20.0,>,%
55001,E2E Full Test Corporation 1769028736 - Datacenter East,2024-06-29,P4-KPI2,Cost Reduction,P4,14.14,20.0,>,%
55001,E2E Full Test Corporation 1769028736 - Datacenter East,2024-07-29,P4-KPI2,Cost Reduction,P4,14.58,20.0,>,%
55001,E2E Full Test Corporation 1769028736 - Datacenter East,2024-08-28,P4-KPI2,Cost Reduction,P4,13.38,20.0,>,%
55001,E2E Full Test Corporation 1769028736 - Datacenter East,2024-09-27,P4-KPI2,Cost Reduction,P4,14.4,20.0,>,%
55001,E2E Full Test Corporation 1769028736 - Datacenter East,2024-10-27,P4-KPI2,Cost Reduction,P4,14.19,20.0,>,%
55001,E2E Full Test Corporation 1769028736 - Datacenter East,2024-11-26,P4-KPI2,Cost Reduction,P4,16.93,20.0,>,%
55001,E2E Full Test Corporation 1769028736 - Datacenter East,2024-01-01,P4-KPI3,Time to Value,P4,131.38,90.0,<,days
55001,E2E Full Test Corporation 1769028736 - Datacenter East,2024-01-31,P4-KPI3,Time to Value,P4,130.28,90.0,<,days
55001,E2E Full Test Corporation 1769028736 - Datacenter East,2024-03-01,P4-KPI3,Time to Value,P4,134.8,90.0,<,days
55001,E2E Full Test Corporation 1769028736 - Datacenter East,2024-03-31,P4-KPI3,Time to Value,P4,127.2,90.0,<,days
55001,E2E Full Test Corporation 1769028736 - Datacenter East,2024-04-30,P4-KPI3,Time to Value,P4,132.05,90.0,<,days
55001,E2E Full Test Corporation 1769028736 - Datacenter East,2024-05-30,P4-KPI3,Time to Value,P4,124.87,90.0,<,days
55001,E2E Full Test Corporation 1769028736 - Datacenter East,2024-06-29,P4-KPI3,Time to Value,P4,121.44,90.0,<,days
55001,E2E Full Test Corporation 1769028736 - Datacenter East,2024-07-29,P4-KPI3,Time to Value,P4,111.97,90.0,<,days
55001,E2E Full Test Corporation 1769028736 - Datacenter East,2024-08-28,P4-KPI3,Time to Value,P4,119.69,90.0,<,days
55001,E2E Full Test Corporation 1769028736 - Datacenter East,2024-09-27,P4-KPI3,Time to Value,P4,112.12,90.0,<,days
55001,E2E Full Test Corporation 1769028736 - Datacenter East,2024-10-27,P4-KPI3,Time to Value,P4,117.49,90.0,<,days
55001,E2E Full Test Corporation 1769028736 - Datacenter East,2024-11-26,P4-KPI3,Time to Value,P4,104.8,90.0,<,days
55001,E2E Full Test Corporation 1769028736 - Datacenter East,2024-01-01,P4-KPI4,Revenue Enablement,P4,3.06,5.0,>,$M
55001,E2E Full Test Corporation 1769028736 - Datacenter East,2024-01-31,P4-KPI4,Revenue Enablement,P4,3.11,5.0,>,$M
55001,E2E Full Test Corporation 1769028736 - Datacenter East,2024-03-01,P4-KPI4,Revenue Enablement,P4,3.3,5.0,>,$M
55001,E2E Full Test Corporation 1769028736 - Datacenter East,2024-03-31,P4-KPI4,Revenue Enablement,P4,3.3,5.0,>,$M
55001,E2E Full Test Corporation 1769028736 - Datacenter East,2024-04-30,P4-KPI4,Revenue Enablement,P4,3.14,5.0,>,$M
55001,E2E Full Test Corporation 1769028736 - Datacenter East,2024-05-30,P4-KPI4,Revenue Enablement,P4,3.11,5.0,>,$M
55001,E2E Full Test Corporation 1769028736 - Datacenter East,2024-06-29,P4-KPI4,Revenue Enablement,P4,3.88,5.0,>,$M
55001,E2E Full Test Corporation 1769028736 - Datacenter East,2024-07-29,P4-KPI4,Revenue Enablement,P4,3.61,5.0,>,$M
55001,E2E Full Test Corporation 1769028736 - Datacenter East,2024-08-28,P4-KPI4,Revenue Enablement,P4,3.64,5.0,>,$M
55001,E2E Full Test Corporation 1769028736 - Datacenter East,2024-09-27,P4-KPI4,Revenue Enablement,P4,3.76,5.0,>,$M
55001,E2E Full Test Corporation 1769028736 - Datacenter East,2024-10-27,P4-KPI4,Revenue Enablement,P4,3.81,5.0,>,$M
55001,E2E Full Test Corporation 1769028736 - Datacenter East,2024-11-26,P4-KPI4,Revenue Enablement,P4,4.53,5.0,>,$M
55001,E2E Full Test Corporation 1769028736 - Datacenter East,2024-01-01,P4-KPI5,Operational Efficiency,P4,76.49,85.0,>,%
55001,E2E Full Test Corporation 1769028736 - Datacenter East,2024-01-31,P4-KPI5,Operational Efficiency,P4,75.85,85.0,>,%
55001,E2E Full Test Corporation 1769028736 - Datacenter East,2024-03-01,P4-KPI5,Operational Efficiency,P4,71.05,85.0,>,%
55001,E2E Full Test Corporation 1769028736 - Datacenter East,2024-03-31,P4-KPI5,Operational Efficiency,P4,72.08,85.0,>,%
55001,E2E Full Test Corporation 1769028736 - Datacenter East,2024-04-30,P4-KPI5,Operational Efficiency,P4,77.07,85.0,>,%
55001,E2E Full Test Corporation 1769028736 - Datacenter East,2024-05-30,P4-KPI5,Operational Efficiency,P4,71.75,85.0,>,%
55001,E2E Full Test Corporation 1769028736 - Datacenter East,2024-06-29,P4-KPI5,Operational Efficiency,P4,75.03,85.0,>,%
55001,E2E Full Test Corporation 1769028736 - Datacenter East,2024-07-29,P4-KPI5,Operational Efficiency,P4,80.17,85.0,>,%
55001,E2E Full Test Corporation 1769028736 - Datacenter East,2024-08-28,P4-KPI5,Operational Efficiency,P4,80.35,85.0,>,%
55001,E2E Full Test Corporation 1769028736 - Datacenter East,2024-09-27,P4-KPI5,Operational Efficiency,P4,76.5,85.0,>,%
55001,E2E Full Test Corporation 1769028736 - Datacenter East,2024-10-27,P4-KPI5,Operational Efficiency,P4,76.0,85.0,>,%
55001,E2E Full Test Corporation 1769028736 - Datacenter East,2024-11-26,P4-KPI5,Operational Efficiency,P4,77.76,85.0,>,%
55001,E2E Full Test Corporation 1769028736 - Datacenter East,2024-01-01,P4-KPI6,Innovation Projects,P4,2.19,3.0,>,count
55001,E2E Full Test Corporation 1769028736 - Datacenter East,2024-01-31,P4-KPI6,Innovation Projects,P4,2.01,3.0,>,count
55001,E2E Full Test Corporation 1769028736 - Datacenter East,2024-03-01,P4-KPI6,Innovation Projects,P4,2.03,3.0,>,count
55001,E2E Full Test Corporation 1769028736 - Datacenter East,2024-03-31,P4-KPI6,Innovation Projects,P4,2.02,3.0,>,count
55001,E2E Full Test Corporation 1769028736 - Datacenter East,2024-04-30,P4-KPI6,Innovation Projects,P4,2.18,3.0,>,count
55001,E2E Full Test Corporation 1769028736 - Datacenter East,2024-05-30,P4-KPI6,Innovation Projects,P4,2.01,3.0,>,count
55001,E2E Full Test Corporation 1769028736 - Datacenter East,2024-06-29,P4-KPI6,Innovation Projects,P4,2.44,3.0,>,count
55001,E2E Full Test Corporation 1769028736 - Datacenter East,2024-07-29,P4-KPI6,Innovation Projects,P4,2.39,3.0,>,count
55001,E2E Full Test Corporation 1769028736 - Datacenter East,2024-08-28,P4-KPI6,Innovation Projects,P4,2.43,3.0,>,count
55001,E2E Full Test Corporation 1769028736 - Datacenter East,2024-09-27,P4-KPI6,Innovation Projects,P4,2.49,3.0,>,count
55001,E2E Full Test Corporation 1769028736 - Datacenter East,2024-10-27,P4-KPI6,Innovation Projects,P4,2.41,3.0,>,count
55001,E2E Full Test Corporation 1769028736 - Datacenter East,2024-11-26,P4-KPI6,Innovation Projects,P4,2.6,3.0,>,count
55001,E2E Full Test Corporation 1769028736 - Datacenter East,2024-01-01,P4-KPI7,Business Case Validation,P4,84.46,90.0,>,%
55001,E2E Full Test Corporation 1769028736 - Datacenter East,2024-01-31,P4-KPI7,Business Case Validation,P4,80.43,90.0,>,%
55001,E2E Full Test Corporation 1769028736 - Datacenter East,2024-03-01,P4-KPI7,Business Case Validation,P4,84.51,90.0,>,%
55001,E2E Full Test Corporation 1769028736 - Datacenter East,2024-03-31,P4-KPI7,Business Case Validation,P4,83.42,90.0,>,%
55001,E2E Full Test Corporation 1769028736 - Datacenter East,2024-04-30,P4-KPI7,Business Case Validation,P4,80.09,90.0,>,%
55001,E2E Full Test Corporation 1769028736 - Datacenter East,2024-05-30,P4-KPI7,Business Case Validation,P4,83.65,90.0,>,%
55001,E2E Full Test Corporation 1769028736 - Datacenter East,2024-06-29,P4-KPI7,Business Case Validation,P4,82.52,90.0,>,%
55001,E2E Full Test Corporation 1769028736 - Datacenter East,2024-07-29,P4-KPI7,Business Case Validation,P4,84.68,90.0,>,%
55001,E2E Full Test Corporation 1769028736 - Datacenter East,2024-08-28,P4-KPI7,Business Case Validation,P4,86.52,90.0,>,%
55001,E2E Full Test Corporation 1769028736 - Datacenter East,2024-09-27,P4-KPI7,Business Case Validation,P4,84.64,90.0,>,%
55001,E2E Full Test Corporation 1769028736 - Datacenter East,2024-10-27,P4-KPI7,Business Case Validation,P4,81.64,90.0,>,%
55001,E2E Full Test Corporation 1769028736 - Datacenter East,2024-11-26,P4-KPI7,Business Case Validation,P4,90.26,90.0,>,%
55001,E2E Full Test Corporation 1769028736 - Datacenter East,2024-01-01,P5-KPI1,Executive Sponsorship,P5,3.86,4.5,>,score
55001,E2E Full Test Corporation 1769028736 - Datacenter East,2024-01-31,P5-KPI1,Executive Sponsorship,P5,3.66,4.5,>,score
55001,E2E Full Test Corporation 1769028736 - Datacenter East,2024-03-01,P5-KPI1,Executive Sponsorship,P5,3.63,4.5,>,score
55001,E2E Full Test Corporation 1769028736 - Datacenter East,2024-03-31,P5-KPI1,Executive Sponsorship,P5,3.86,4.5,>,score
55001,E2E Full Test Corporation 1769028736 - Datacenter East,2024-04-30,P5-KPI1,Executive Sponsorship,P5,3.64,4.5,>,score
55001,E2E Full Test Corporation 1769028736 - Datacenter East,2024-05-30,P5-KPI1,Executive Sponsorship,P5,3.68,4.5,>,score
55001,E2E Full Test Corporation 1769028736 - Datacenter East,2024-06-29,P5-KPI1,Executive Sponsorship,P5,4.01,4.5,>,score
55001,E2E Full Test Corporation 1769028736 - Datacenter East,2024-07-29,P5-KPI1,Executive Sponsorship,P5,4.21,4.5,>,score
55001,E2E Full Test Corporation 1769028736 - Datacenter East,2024-08-28,P5-KPI1,Executive Sponsorship,P5,4.02,4.5,>,score
55001,E2E Full Test Corporation 1769028736 - Datacenter East,2024-09-27,P5-KPI1,Executive Sponsorship,P5,4.0,4.5,>,score
55001,E2E Full Test Corporation 1769028736 - Datacenter East,2024-10-27,P5-KPI1,Executive Sponsorship,P5,4.21,4.5,>,score
55001,E2E Full Test Corporation 1769028736 - Datacenter East,2024-11-26,P5-KPI1,Executive Sponsorship,P5,4.24,4.5,>,score
55001,E2E Full Test Corporation 1769028736 - Datacenter East,2024-01-01,P5-KPI2,Renewal Likelihood,P5,80.81,95.0,>,%
55001,E2E Full Test Corporation 1769028736 - Datacenter East,2024-01-31,P5-KPI2,Renewal Likelihood,P5,86.53,95.0,>,%
55001,E2E Full Test Corporation 1769028736 - Datacenter East,2024-03-01,P5-KPI2,Renewal Likelihood,P5,82.77,95.0,>,%
55001,E2E Full Test Corporation 1769028736 - Datacenter East,2024-03-31,P5-KPI2,Renewal Likelihood,P5,80.69,95.0,>,%
55001,E2E Full Test Corporation 1769028736 - Datacenter East,2024-04-30,P5-KPI2,Renewal Likelihood,P5,83.44,95.0,>,%
55001,E2E Full Test Corporation 1769028736 - Datacenter East,2024-05-30,P5-KPI2,Renewal Likelihood,P5,82.9,95.0,>,%
55001,E2E Full Test Corporation 1769028736 - Datacenter East,2024-06-29,P5-KPI2,Renewal Likelihood,P5,88.82,95.0,>,%
55001,E2E Full Test Corporation 1769028736 - Datacenter East,2024-07-29,P5-KPI2,Renewal Likelihood,P5,85.86,95.0,>,%
55001,E2E Full Test Corporation 1769028736 - Datacenter East,2024-08-28,P5-KPI2,Renewal Likelihood,P5,85.75,95.0,>,%
55001,E2E Full Test Corporation 1769028736 - Datacenter East,2024-09-27,P5-KPI2,Renewal Likelihood,P5,84.72,95.0,>,%
55001,E2E Full Test Corporation 1769028736 - Datacenter East,2024-10-27,P5-KPI2,Renewal Likelihood,P5,89.98,95.0,>,%
55001,E2E Full Test Corporation 1769028736 - Datacenter East,2024-11-26,P5-KPI2,Renewal Likelihood,P5,93.36,95.0,>,%
55001,E2E Full Test Corporation 1769028736 - Datacenter East,2024-01-01,P5-KPI3,Expansion Pipeline,P5,1.37,2.0,>,$M
55001,E2E Full Test Corporation 1769028736 - Datacenter East,2024-01-31,P5-KPI3,Expansion Pipeline,P5,1.32,2.0,>,$M
55001,E2E Full Test Corporation 1769028736 - Datacenter East,2024-03-01,P5-KPI3,Expansion Pipeline,P5,1.35,2.0,>,$M
55001,E2E Full Test Corporation 1769028736 - Datacenter East,2024-03-31,P5-KPI3,Expansion Pipeline,P5,1.3,2.0,>,$M
55001,E2E Full Test Corporation 1769028736 - Datacenter East,2024-04-30,P5-KPI3,Expansion Pipeline,P5,1.27,2.0,>,$M
55001,E2E Full Test Corporation 1769028736 - Datacenter East,2024-05-30,P5-KPI3,Expansion Pipeline,P5,1.37,2.0,>,$M
55001,E2E Full Test Corporation 1769028736 - Datacenter East,2024-06-29,P5-KPI3,Expansion Pipeline,P5,1.55,2.0,>,$M
55001,E2E Full Test Corporation 1769028736 - Datacenter East,2024-07-29,P5-KPI3,Expansion Pipeline,P5,1.51,2.0,>,$M
55001,E2E Full Test Corporation 1769028736 - Datacenter East,2024-08-28,P5-KPI3,Expansion Pipeline,P5,1.47,2.0,>,$M
55001,E2E Full Test Corporation 1769028736 - Datacenter East,2024-09-27,P5-KPI3,Expansion Pipeline,P5,1.58,2.0,>,$M
55001,E2E Full Test Corporation 1769028736 - Datacenter East,2024-10-27,P5-KPI3,Expansion Pipeline,P5,1.58,2.0,>,$M
55001,E2E Full Test Corporation 1769028736 - Datacenter East,2024-11-26,P5-KPI3,Expansion Pipeline,P5,1.82,2.0,>,$M
55001,E2E Full Test Corporation 1769028736 - Datacenter East,2024-01-01,P5-KPI4,Reference Willingness,P5,3.15,4.0,>,score
55001,E2E Full Test Corporation 1769028736 - Datacenter East,2024-01-31,P5-KPI4,Reference Willingness,P5,3.19,4.0,>,score
55001,E2E Full Test Corporation 1769028736 - Datacenter East,2024-03-01,P5-KPI4,Reference Willingness,P5,3.0,4.0,>,score
55001,E2E Full Test Corporation 1769028736 - Datacenter East,2024-03-31,P5-KPI4,Reference Willingness,P5,3.12,4.0,>,score
55001,E2E Full Test Corporation 1769028736 - Datacenter East,2024-04-30,P5-KPI4,Reference Willingness,P5,3.13,4.0,>,score
55001,E2E Full Test Corporation 1769028736 - Datacenter East,2024-05-30,P5-KPI4,Reference Willingness,P5,3.1,4.0,>,score
55001,E2E Full Test Corporation 1769028736 - Datacenter East,2024-06-29,P5-KPI4,Reference Willingness,P5,3.5,4.0,>,score
55001,E2E Full Test Corporation 1769028736 - Datacenter East,2024-07-29,P5-KPI4,Reference Willingness,P5,3.43,4.0,>,score
55001,E2E Full Test Corporation 1769028736 - Datacenter East,2024-08-28,P5-KPI4,Reference Willingness,P5,3.56,4.0,>,score
55001,E2E Full Test Corporation 1769028736 - Datacenter East,2024-09-27,P5-KPI4,Reference Willingness,P5,3.43,4.0,>,score
55001,E2E Full Test Corporation 1769028736 - Datacenter East,2024-10-27,P5-KPI4,Reference Willingness,P5,3.3,4.0,>,score
55001,E2E Full Test Corporation 1769028736 - Datacenter East,2024-11-26,P5-KPI4,Reference Willingness,P5,3.76,4.0,>,score
55001,E2E Full Test Corporation 1769028736 - Datacenter East,2024-01-01,P5-KPI5,Strategic Alignment,P5,76.79,85.0,>,score
55001,E2E Full Test Corporation 1769028736 - Datacenter East,2024-01-31,P5-KPI5,Strategic Alignment,P5,70.55,85.0,>,score
55001,E2E Full Test Corporation 1769028736 - Datacenter East,2024-03-01,P5-KPI5,Strategic Alignment,P5,73.5,85.0,>,score
55001,E2E Full Test Corporation 1769028736 - Datacenter East,2024-03-31,P5-KPI5,Strategic Alignment,P5,74.16,85.0,>,score
55001,E2E Full Test Corporation 1769028736 - Datacenter East,2024-04-30,P5-KPI5,Strategic Alignment,P5,73.56,85.0,>,score
55001,E2E Full Test Corporation 1769028736 - Datacenter East,2024-05-30,P5-KPI5,Strategic Alignment,P5,74.9,85.0,>,score
55001,E2E Full Test Corporation 1769028736 - Datacenter East,2024-06-29,P5-KPI5,Strategic Alignment,P5,79.95,85.0,>,score
55001,E2E Full Test Corporation 1769028736 - Datacenter East,2024-07-29,P5-KPI5,Strategic Alignment,P5,78.64,85.0,>,score
55001,E2E Full Test Corporation 1769028736 - Datacenter East,2024-08-28,P5-KPI5,Strategic Alignment,P5,74.07,85.0,>,score
55001,E2E Full Test Corporation 1769028736 - Datacenter East,2024-09-27,P5-KPI5,Strategic Alignment,P5,76.39,85.0,>,score
55001,E2E Full Test Corporation 1769028736 - Datacenter East,2024-10-27,P5-KPI5,Strategic Alignment,P5,77.75,85.0,>,score
55001,E2E Full Test Corporation 1769028736 - Datacenter East,2024-11-26,P5-KPI5,Strategic Alignment,P5,78.94,85.0,>,score
55001,E2E Full Test Corporation 1769028736 - Datacenter East,2024-01-01,P5-KPI6,Partnership Depth,P5,68.26,80.0,>,score
55001,E2E Full Test Corporation 1769028736 - Datacenter East,2024-01-31,P5-KPI6,Partnership Depth,P5,64.75,80.0,>,score
55001,E2E Full Test Corporation 1769028736 - Datacenter East,2024-03-01,P5-KPI6,Partnership Depth,P5,64.38,80.0,>,score
55001,E2E Full Test Corporation 1769028736 - Datacenter East,2024-03-31,P5-KPI6,Partnership Depth,P5,66.5,80.0,>,score
55001,E2E Full Test Corporation 1769028736 - Datacenter East,2024-04-30,P5-KPI6,Partnership Depth,P5,69.79,80.0,>,score
55001,E2E Full Test Corporation 1769028736 - Datacenter East,2024-05-30,P5-KPI6,Partnership Depth,P5,67.05,80.0,>,score
55001,E2E Full Test Corporation 1769028736 - Datacenter East,2024-06-29,P5-KPI6,Partnership Depth,P5,70.1,80.0,>,score
55001,E2E Full Test Corporation 1769028736 - Datacenter East,2024-07-29,P5-KPI6,Partnership Depth,P5,72.63,80.0,>,score
55001,E2E Full Test Corporation 1769028736 - Datacenter East,2024-08-28,P5-KPI6,Partnership Depth,P5,72.38,80.0,>,score
55001,E2E Full Test Corporation 1769028736 - Datacenter East,2024-09-27,P5-KPI6,Partnership Depth,P5,67.74,80.0,>,score
55001,E2E Full Test Corporation 1769028736 - Datacenter East,2024-10-27,P5-KPI6,Partnership Depth,P5,73.17,80.0,>,score
55001,E2E Full Test Corporation 1769028736 - Datacenter East,2024-11-26,P5-KPI6,Partnership Depth,P5,73.24,80.0,>,score
55001,E2E Full Test Corporation 1769028736 - Datacenter East,2024-01-01,P5-KPI7,NPS Score,P5,58.52,70.0,>,score
55001,E2E Full Test Corporation 1769028736 - Datacenter East,2024-01-31,P5-KPI7,NPS Score,P5,55.32,70.0,>,score
55001,E2E Full Test Corporation 1769028736 - Datacenter East,2024-03-01,P5-KPI7,NPS Score,P5,53.86,70.0,>,score
55001,E2E Full Test Corporation 1769028736 - Datacenter East,2024-03-31,P5-KPI7,NPS Score,P5,55.76,70.0,>,score
55001,E2E Full Test Corporation 1769028736 - Datacenter East,2024-04-30,P5-KPI7,NPS Score,P5,57.86,70.0,>,score
55001,E2E Full Test Corporation 1769028736 - Datacenter East,2024-05-30,P5-KPI7,NPS Score,P5,56.01,70.0,>,score
55001,E2E Full Test Corporation 1769028736 - Datacenter East,2024-06-29,P5-KPI7,NPS Score,P5,62.38,70.0,>,score
55001,E2E Full Test Corporation 1769028736 - Datacenter East,2024-07-29,P5-KPI7,NPS Score,P5,61.39,70.0,>,score
55001,E2E Full Test Corporation 1769028736 - Datacenter East,2024-08-28,P5-KPI7,NPS Score,P5,59.49,70.0,>,score
55001,E2E Full Test Corporation 1769028736 - Datacenter East,2024-09-27,P5-KPI7,NPS Score,P5,60.59,70.0,>,score
55001,E2E Full Test Corporation 1769028736 - Datacenter East,2024-10-27,P5-KPI7,NPS Score,P5,60.76,70.0,>,score
55001,E2E Full Test Corporation 1769028736 - Datacenter East,2024-11-26,P5-KPI7,NPS Score,P5,67.87,70.0,>,score
55002,E2E Full Test Corporation 1769028736 - Cloud Ops,2024-01-01,P1-KPI1,System Uptime,P1,100.0,99.9,>,%
55002,E2E Full Test Corporation 1769028736 - Cloud Ops,2024-01-31,P1-KPI1,System Uptime,P1,98.0,99.9,>,%
55002,E2E Full Test Corporation 1769028736 - Cloud Ops,2024-03-01,P1-KPI1,System Uptime,P1,98.0,99.9,>,%
55002,E2E Full Test Corporation 1769028736 - Cloud Ops,2024-03-31,P1-KPI1,System Uptime,P1,100.0,99.9,>,%
55002,E2E Full Test Corporation 1769028736 - Cloud Ops,2024-04-30,P1-KPI1,System Uptime,P1,98.0,99.9,>,%
55002,E2E Full Test Corporation 1769028736 - Cloud Ops,2024-05-30,P1-KPI1,System Uptime,P1,98.0,99.9,>,%
55002,E2E Full Test Corporation 1769028736 - Cloud Ops,2024-06-29,P1-KPI1,System Uptime,P1,98.0,99.9,>,%
55002,E2E Full Test Corporation 1769028736 - Cloud Ops,2024-07-29,P1-KPI1,System Uptime,P1,99.68,99.9,>,%
55002,E2E Full Test Corporation 1769028736 - Cloud Ops,2024-08-28,P1-KPI1,System Uptime,P1,98.0,99.9,>,%
55002,E2E Full Test Corporation 1769028736 - Cloud Ops,2024-09-27,P1-KPI1,System Uptime,P1,100.0,99.9,>,%
55002,E2E Full Test Corporation 1769028736 - Cloud Ops,2024-10-27,P1-KPI1,System Uptime,P1,100.0,99.9,>,%
55002,E2E Full Test Corporation 1769028736 - Cloud Ops,2024-11-26,P1-KPI1,System Uptime,P1,100.0,99.9,>,%
55002,E2E Full Test Corporation 1769028736 - Cloud Ops,2024-01-01,P1-KPI2,Mean Time to Resolution,P1,2.93,2.0,<,hours
55002,E2E Full Test Corporation 1769028736 - Cloud Ops,2024-01-31,P1-KPI2,Mean Time to Resolution,P1,2.97,2.0,<,hours
55002,E2E Full Test Corporation 1769028736 - Cloud Ops,2024-03-01,P1-KPI2,Mean Time to Resolution,P1,2.86,2.0,<,hours
55002,E2E Full Test Corporation 1769028736 - Cloud Ops,2024-03-31,P1-KPI2,Mean Time to Resolution,P1,3.98,2.0,<,hours
55002,E2E Full Test Corporation 1769028736 - Cloud Ops,2024-04-30,P1-KPI2,Mean Time to Resolution,P1,3.99,2.0,<,hours
55002,E2E Full Test Corporation 1769028736 - Cloud Ops,2024-05-30,P1-KPI2,Mean Time to Resolution,P1,3.62,2.0,<,hours
55002,E2E Full Test Corporation 1769028736 - Cloud Ops,2024-06-29,P1-KPI2,Mean Time to Resolution,P1,3.91,2.0,<,hours
55002,E2E Full Test Corporation 1769028736 - Cloud Ops,2024-07-29,P1-KPI2,Mean Time to Resolution,P1,3.61,2.0,<,hours
55002,E2E Full Test Corporation 1769028736 - Cloud Ops,2024-08-28,P1-KPI2,Mean Time to Resolution,P1,3.84,2.0,<,hours
55002,E2E Full Test Corporation 1769028736 - Cloud Ops,2024-09-27,P1-KPI2,Mean Time to Resolution,P1,4.72,2.0,<,hours
55002,E2E Full Test Corporation 1769028736 - Cloud Ops,2024-10-27,P1-KPI2,Mean Time to Resolution,P1,4.87,2.0,<,hours
55002,E2E Full Test Corporation 1769028736 - Cloud Ops,2024-11-26,P1-KPI2,Mean Time to Resolution,P1,4.56,2.0,<,hours
55002,E2E Full Test Corporation 1769028736 - Cloud Ops,2024-01-01,P1-KPI3,GPU Utilization,P1,78.76,85.0,>,%
55002,E2E Full Test Corporation 1769028736 - Cloud Ops,2024-01-31,P1-KPI3,GPU Utilization,P1,81.82,85.0,>,%
55002,E2E Full Test Corporation 1769028736 - Cloud Ops,2024-03-01,P1-KPI3,GPU Utilization,P1,83.02,85.0,>,%
55002,E2E Full Test Corporation 1769028736 - Cloud Ops,2024-03-31,P1-KPI3,GPU Utilization,P1,76.42,85.0,>,%
55002,E2E Full Test Corporation 1769028736 - Cloud Ops,2024-04-30,P1-KPI3,GPU Utilization,P1,74.21,85.0,>,%
55002,E2E Full Test Corporation 1769028736 - Cloud Ops,2024-05-30,P1-KPI3,GPU Utilization,P1,78.79,85.0,>,%
55002,E2E Full Test Corporation 1769028736 - Cloud Ops,2024-06-29,P1-KPI3,GPU Utilization,P1,73.98,85.0,>,%
55002,E2E Full Test Corporation 1769028736 - Cloud Ops,2024-07-29,P1-KPI3,GPU Utilization,P1,75.54,85.0,>,%
55002,E2E Full Test Corporation 1769028736 - Cloud Ops,2024-08-28,P1-KPI3,GPU Utilization,P1,77.95,85.0,>,%
55002,E2E Full Test Corporation 1769028736 - Cloud Ops,2024-09-27,P1-KPI3,GPU Utilization,P1,74.54,85.0,>,%
55002,E2E Full Test Corporation 1769028736 - Cloud Ops,2024-10-27,P1-KPI3,GPU Utilization,P1,70.56,85.0,>,%
55002,E2E Full Test Corporation 1769028736 - Cloud Ops,2024-11-26,P1-KPI3,GPU Utilization,P1,75.86,85.0,>,%
55002,E2E Full Test Corporation 1769028736 - Cloud Ops,2024-01-01,P1-KPI4,Network Latency,P1,16.31,10.0,<,ms
55002,E2E Full Test Corporation 1769028736 - Cloud Ops,2024-01-31,P1-KPI4,Network Latency,P1,16.36,10.0,<,ms
55002,E2E Full Test Corporation 1769028736 - Cloud Ops,2024-03-01,P1-KPI4,Network Latency,P1,15.25,10.0,<,ms
55002,E2E Full Test Corporation 1769028736 - Cloud Ops,2024-03-31,P1-KPI4,Network Latency,P1,20.96,10.0,<,ms
55002,E2E Full Test Corporation 1769028736 - Cloud Ops,2024-04-30,P1-KPI4,Network Latency,P1,22.5,10.0,<,ms
55002,E2E Full Test Corporation 1769028736 - Cloud Ops,2024-05-30,P1-KPI4,Network Latency,P1,21.65,10.0,<,ms
55002,E2E Full Test Corporation 1769028736 - Cloud Ops,2024-06-29,P1-KPI4,Network Latency,P1,21.61,10.0,<,ms
55002,E2E Full Test Corporation 1769028736 - Cloud Ops,2024-07-29,P1-KPI4,Network Latency,P1,21.7,10.0,<,ms
55002,E2E Full Test Corporation 1769028736 - Cloud Ops,2024-08-28,P1-KPI4,Network Latency,P1,22.77,10.0,<,ms
55002,E2E Full Test Corporation 1769028736 - Cloud Ops,2024-09-27,P1-KPI4,Network Latency,P1,28.01,10.0,<,ms
55002,E2E Full Test Corporation 1769028736 - Cloud Ops,2024-10-27,P1-KPI4,Network Latency,P1,26.83,10.0,<,ms
55002,E2E Full Test Corporation 1769028736 - Cloud Ops,2024-11-26,P1-KPI4,Network Latency,P1,28.89,10.0,<,ms
55002,E2E Full Test Corporation 1769028736 - Cloud Ops,2024-01-01,P1-KPI5,Storage Performance,P1,96706.33,100000.0,>,IOPS
55002,E2E Full Test Corporation 1769028736 - Cloud Ops,2024-01-31,P1-KPI5,Storage Performance,P1,89723.03,100000.0,>,IOPS
55002,E2E Full Test Corporation 1769028736 - Cloud Ops,2024-03-01,P1-KPI5,Storage Performance,P1,89269.28,100000.0,>,IOPS
55002,E2E Full Test Corporation 1769028736 - Cloud Ops,2024-03-31,P1-KPI5,Storage Performance,P1,86285.11,100000.0,>,IOPS
55002,E2E Full Test Corporation 1769028736 - Cloud Ops,2024-04-30,P1-KPI5,Storage Performance,P1,82057.45,100000.0,>,IOPS
55002,E2E Full Test Corporation 1769028736 - Cloud Ops,2024-05-30,P1-KPI5,Storage Performance,P1,85253.51,100000.0,>,IOPS
55002,E2E Full Test Corporation 1769028736 - Cloud Ops,2024-06-29,P1-KPI5,Storage Performance,P1,80827.23,100000.0,>,IOPS
55002,E2E Full Test Corporation 1769028736 - Cloud Ops,2024-07-29,P1-KPI5,Storage Performance,P1,86148.79,100000.0,>,IOPS
55002,E2E Full Test Corporation 1769028736 - Cloud Ops,2024-08-28,P1-KPI5,Storage Performance,P1,83073.15,100000.0,>,IOPS
55002,E2E Full Test Corporation 1769028736 - Cloud Ops,2024-09-27,P1-KPI5,Storage Performance,P1,76784.58,100000.0,>,IOPS
55002,E2E Full Test Corporation 1769028736 - Cloud Ops,2024-10-27,P1-KPI5,Storage Performance,P1,75975.11,100000.0,>,IOPS
55002,E2E Full Test Corporation 1769028736 - Cloud Ops,2024-11-26,P1-KPI5,Storage Performance,P1,76937.26,100000.0,>,IOPS
55002,E2E Full Test Corporation 1769028736 - Cloud Ops,2024-01-01,P1-KPI6,Cooling Efficiency,P1,1.38,1.3,<,PUE
55002,E2E Full Test Corporation 1769028736 - Cloud Ops,2024-01-31,P1-KPI6,Cooling Efficiency,P1,1.4,1.3,<,PUE
55002,E2E Full Test Corporation 1769028736 - Cloud Ops,2024-03-01,P1-KPI6,Cooling Efficiency,P1,1.41,1.3,<,PUE
55002,E2E Full Test Corporation 1769028736 - Cloud Ops,2024-03-31,P1-KPI6,Cooling Efficiency,P1,1.44,1.3,<,PUE
55002,E2E Full Test Corporation 1769028736 - Cloud Ops,2024-04-30,P1-KPI6,Cooling Efficiency,P1,1.5,1.3,<,PUE
55002,E2E Full Test Corporation 1769028736 - Cloud Ops,2024-05-30,P1-KPI6,Cooling Efficiency,P1,1.46,1.3,<,PUE
55002,E2E Full Test Corporation 1769028736 - Cloud Ops,2024-06-29,P1-KPI6,Cooling Efficiency,P1,1.5,1.3,<,PUE
55002,E2E Full Test Corporation 1769028736 - Cloud Ops,2024-07-29,P1-KPI6,Cooling Efficiency,P1,1.48,1.3,<,PUE
55002,E2E Full Test Corporation 1769028736 - Cloud Ops,2024-08-28,P1-KPI6,Cooling Efficiency,P1,1.44,1.3,<,PUE
55002,E2E Full Test Corporation 1769028736 - Cloud Ops,2024-09-27,P1-KPI6,Cooling Efficiency,P1,1.54,1.3,<,PUE
55002,E2E Full Test Corporation 1769028736 - Cloud Ops,2024-10-27,P1-KPI6,Cooling Efficiency,P1,1.56,1.3,<,PUE
55002,E2E Full Test Corporation 1769028736 - Cloud Ops,2024-11-26,P1-KPI6,Cooling Efficiency,P1,1.59,1.3,<,PUE
55002,E2E Full Test Corporation 1769028736 - Cloud Ops,2024-01-01,P1-KPI7,Power Usage,P1,555.91,500.0,<,kW
55002,E2E Full Test Corporation 1769028736 - Cloud Ops,2024-01-31,P1-KPI7,Power Usage,P1,525.3,500.0,<,kW
55002,E2E Full Test Corporation 1769028736 - Cloud Ops,2024-03-01,P1-KPI7,Power Usage,P1,532.55,500.0,<,kW
55002,E2E Full Test Corporation 1769028736 - Cloud Ops,2024-03-31,P1-KPI7,Power Usage,P1,611.79,500.0,<,kW
55002,E2E Full Test Corporation 1769028736 - Cloud Ops,2024-04-30,P1-KPI7,Power Usage,P1,592.48,500.0,<,kW
55002,E2E Full Test Corporation 1769028736 - Cloud Ops,2024-05-30,P1-KPI7,Power Usage,P1,563.11,500.0,<,kW
55002,E2E Full Test Corporation 1769028736 - Cloud Ops,2024-06-29,P1-KPI7,Power Usage,P1,576.89,500.0,<,kW
55002,E2E Full Test Corporation 1769028736 - Cloud Ops,2024-07-29,P1-KPI7,Power Usage,P1,609.68,500.0,<,kW
55002,E2E Full Test Corporation 1769028736 - Cloud Ops,2024-08-28,P1-KPI7,Power Usage,P1,601.93,500.0,<,kW
55002,E2E Full Test Corporation 1769028736 - Cloud Ops,2024-09-27,P1-KPI7,Power Usage,P1,623.06,500.0,<,kW
55002,E2E Full Test Corporation 1769028736 - Cloud Ops,2024-10-27,P1-KPI7,Power Usage,P1,651.04,500.0,<,kW
55002,E2E Full Test Corporation 1769028736 - Cloud Ops,2024-11-26,P1-KPI7,Power Usage,P1,662.13,500.0,<,kW
55002,E2E Full Test Corporation 1769028736 - Cloud Ops,2024-01-01,P1-KPI8,Thermal Management,P1,26.45,25.0,<,°C
55002,E2E Full Test Corporation 1769028736 - Cloud Ops,2024-01-31,P1-KPI8,Thermal Management,P1,27.2,25.0,<,°C
55002,E2E Full Test Corporation 1769028736 - Cloud Ops,2024-03-01,P1-KPI8,Thermal Management,P1,26.69,25.0,<,°C
55002,E2E Full Test Corporation 1769028736 - Cloud Ops,2024-03-31,P1-KPI8,Thermal Management,P1,28.74,25.0,<,°C
55002,E2E Full Test Corporation 1769028736 - Cloud Ops,2024-04-30,P1-KPI8,Thermal Management,P1,28.87,25.0,<,°C
55002,E2E Full Test Corporation 1769028736 - Cloud Ops,2024-05-30,P1-KPI8,Thermal Management,P1,29.1,25.0,<,°C
55002,E2E Full Test Corporation 1769028736 - Cloud Ops,2024-06-29,P1-KPI8,Thermal Management,P1,26.79,25.0,<,°C
55002,E2E Full Test Corporation 1769028736 - Cloud Ops,2024-07-29,P1-KPI8,Thermal Management,P1,29.27,25.0,<,°C
55002,E2E Full Test Corporation 1769028736 - Cloud Ops,2024-08-28,P1-KPI8,Thermal Management,P1,29.37,25.0,<,°C
55002,E2E Full Test Corporation 1769028736 - Cloud Ops,2024-09-27,P1-KPI8,Thermal Management,P1,30.91,25.0,<,°C
55002,E2E Full Test Corporation 1769028736 - Cloud Ops,2024-10-27,P1-KPI8,Thermal Management,P1,29.19,25.0,<,°C
55002,E2E Full Test Corporation 1769028736 - Cloud Ops,2024-11-26,P1-KPI8,Thermal Management,P1,29.79,25.0,<,°C
55002,E2E Full Test Corporation 1769028736 - Cloud Ops,2024-01-01,P2-KPI1,SLA Compliance,P2,95.55,99.0,>,%
55002,E2E Full Test Corporation 1769028736 - Cloud Ops,2024-01-31,P2-KPI1,SLA Compliance,P2,100.0,99.0,>,%
55002,E2E Full Test Corporation 1769028736 - Cloud Ops,2024-03-01,P2-KPI1,SLA Compliance,P2,100.0,99.0,>,%
55002,E2E Full Test Corporation 1769028736 - Cloud Ops,2024-03-31,P2-KPI1,SLA Compliance,P2,100.0,99.0,>,%
55002,E2E Full Test Corporation 1769028736 - Cloud Ops,2024-04-30,P2-KPI1,SLA Compliance,P2,100.0,99.0,>,%
55002,E2E Full Test Corporation 1769028736 - Cloud Ops,2024-05-30,P2-KPI1,SLA Compliance,P2,95.0,99.0,>,%
55002,E2E Full Test Corporation 1769028736 - Cloud Ops,2024-06-29,P2-KPI1,SLA Compliance,P2,95.0,99.0,>,%
55002,E2E Full Test Corporation 1769028736 - Cloud Ops,2024-07-29,P2-KPI1,SLA Compliance,P2,100.0,99.0,>,%
55002,E2E Full Test Corporation 1769028736 - Cloud Ops,2024-08-28,P2-KPI1,SLA Compliance,P2,97.56,99.0,>,%
55002,E2E Full Test Corporation 1769028736 - Cloud Ops,2024-09-27,P2-KPI1,SLA Compliance,P2,95.0,99.0,>,%
55002,E2E Full Test Corporation 1769028736 - Cloud Ops,2024-10-27,P2-KPI1,SLA Compliance,P2,98.3,99.0,>,%
55002,E2E Full Test Corporation 1769028736 - Cloud Ops,2024-11-26,P2-KPI1,SLA Compliance,P2,96.01,99.0,>,%
55002,E2E Full Test Corporation 1769028736 - Cloud Ops,2024-01-01,P2-KPI2,Incident Response Time,P2,22.49,15.0,<,minutes
55002,E2E Full Test Corporation 1769028736 - Cloud Ops,2024-01-31,P2-KPI2,Incident Response Time,P2,22.51,15.0,<,minutes
55002,E2E Full Test Corporation 1769028736 - Cloud Ops,2024-03-01,P2-KPI2,Incident Response Time,P2,22.36,15.0,<,minutes
55002,E2E Full Test Corporation 1769028736 - Cloud Ops,2024-03-31,P2-KPI2,Incident Response Time,P2,27.1,15.0,<,minutes
55002,E2E Full Test Corporation 1769028736 - Cloud Ops,2024-04-30,P2-KPI2,Incident Response Time,P2,28.85,15.0,<,minutes
55002,E2E Full Test Corporation 1769028736 - Cloud Ops,2024-05-30,P2-KPI2,Incident Response Time,P2,27.15,15.0,<,minutes
55002,E2E Full Test Corporation 1769028736 - Cloud Ops,2024-06-29,P2-KPI2,Incident Response Time,P2,29.82,15.0,<,minutes
55002,E2E Full Test Corporation 1769028736 - Cloud Ops,2024-07-29,P2-KPI2,Incident Response Time,P2,29.35,15.0,<,minutes
55002,E2E Full Test Corporation 1769028736 - Cloud Ops,2024-08-28,P2-KPI2,Incident Response Time,P2,27.73,15.0,<,minutes
55002,E2E Full Test Corporation 1769028736 - Cloud Ops,2024-09-27,P2-KPI2,Incident Response Time,P2,36.02,15.0,<,minutes
55002,E2E Full Test Corporation 1769028736 - Cloud Ops,2024-10-27,P2-KPI2,Incident Response Time,P2,36.57,15.0,<,minutes
55002,E2E Full Test Corporation 1769028736 - Cloud Ops,2024-11-26,P2-KPI2,Incident Response Time,P2,35.25,15.0,<,minutes
55002,E2E Full Test Corporation 1769028736 - Cloud Ops,2024-01-01,P2-KPI3,Change Success Rate,P2,93.32,98.0,>,%
55002,E2E Full Test Corporation 1769028736 - Cloud Ops,2024-01-31,P2-KPI3,Change Success Rate,P2,97.29,98.0,>,%
55002,E2E Full Test Corporation 1769028736 - Cloud Ops,2024-03-01,P2-KPI3,Change Success Rate,P2,100.0,98.0,>,%
55002,E2E Full Test Corporation 1769028736 - Cloud Ops,2024-03-31,P2-KPI3,Change Success Rate,P2,94.06,98.0,>,%
55002,E2E Full Test Corporation 1769028736 - Cloud Ops,2024-04-30,P2-KPI3,Change Success Rate,P2,98.13,98.0,>,%
55002,E2E Full Test Corporation 1769028736 - Cloud Ops,2024-05-30,P2-KPI3,Change Success Rate,P2,92.9,98.0,>,%
55002,E2E Full Test Corporation 1769028736 - Cloud Ops,2024-06-29,P2-KPI3,Change Success Rate,P2,99.94,98.0,>,%
55002,E2E Full Test Corporation 1769028736 - Cloud Ops,2024-07-29,P2-KPI3,Change Success Rate,P2,96.28,98.0,>,%
55002,E2E Full Test Corporation 1769028736 - Cloud Ops,2024-08-28,P2-KPI3,Change Success Rate,P2,91.83,98.0,>,%
55002,E2E Full Test Corporation 1769028736 - Cloud Ops,2024-09-27,P2-KPI3,Change Success Rate,P2,90.87,98.0,>,%
55002,E2E Full Test Corporation 1769028736 - Cloud Ops,2024-10-27,P2-KPI3,Change Success Rate,P2,90.0,98.0,>,%
55002,E2E Full Test Corporation 1769028736 - Cloud Ops,2024-11-26,P2-KPI3,Change Success Rate,P2,96.99,98.0,>,%
55002,E2E Full Test Corporation 1769028736 - Cloud Ops,2024-01-01,P2-KPI4,Backup Success Rate,P2,100.0,100.0,>,%
55002,E2E Full Test Corporation 1769028736 - Cloud Ops,2024-01-31,P2-KPI4,Backup Success Rate,P2,98.71,100.0,>,%
55002,E2E Full Test Corporation 1769028736 - Cloud Ops,2024-03-01,P2-KPI4,Backup Success Rate,P2,100.0,100.0,>,%
55002,E2E Full Test Corporation 1769028736 - Cloud Ops,2024-03-31,P2-KPI4,Backup Success Rate,P2,96.39,100.0,>,%
55002,E2E Full Test Corporation 1769028736 - Cloud Ops,2024-04-30,P2-KPI4,Backup Success Rate,P2,98.11,100.0,>,%
55002,E2E Full Test Corporation 1769028736 - Cloud Ops,2024-05-30,P2-KPI4,Backup Success Rate,P2,99.63,100.0,>,%
55002,E2E Full Test Corporation 1769028736 - Cloud Ops,2024-06-29,P2-KPI4,Backup Success Rate,P2,100.0,100.0,>,%
55002,E2E Full Test Corporation 1769028736 - Cloud Ops,2024-07-29,P2-KPI4,Backup Success Rate,P2,97.13,100.0,>,%
55002,E2E Full Test Corporation 1769028736 - Cloud Ops,2024-08-28,P2-KPI4,Backup Success Rate,P2,100.0,100.0,>,%
55002,E2E Full Test Corporation 1769028736 - Cloud Ops,2024-09-27,P2-KPI4,Backup Success Rate,P2,95.94,100.0,>,%
55002,E2E Full Test Corporation 1769028736 - Cloud Ops,2024-10-27,P2-KPI4,Backup Success Rate,P2,96.18,100.0,>,%
55002,E2E Full Test Corporation 1769028736 - Cloud Ops,2024-11-26,P2-KPI4,Backup Success Rate,P2,100.0,100.0,>,%
55002,E2E Full Test Corporation 1769028736 - Cloud Ops,2024-01-01,P2-KPI5,Patch Compliance,P2,91.7,95.0,>,%
55002,E2E Full Test Corporation 1769028736 - Cloud Ops,2024-01-31,P2-KPI5,Patch Compliance,P2,95.34,95.0,>,%
55002,E2E Full Test Corporation 1769028736 - Cloud Ops,2024-03-01,P2-KPI5,Patch Compliance,P2,96.71,95.0,>,%
55002,E2E Full Test Corporation 1769028736 - Cloud Ops,2024-03-31,P2-KPI5,Patch Compliance,P2,90.07,95.0,>,%
55002,E2E Full Test Corporation 1769028736 - Cloud Ops,2024-04-30,P2-KPI5,Patch Compliance,P2,89.87,95.0,>,%
55002,E2E Full Test Corporation 1769028736 - Cloud Ops,2024-05-30,P2-KPI5,Patch Compliance,P2,94.89,95.0,>,%
55002,E2E Full Test Corporation 1769028736 - Cloud Ops,2024-06-29,P2-KPI5,Patch Compliance,P2,92.57,95.0,>,%
55002,E2E Full Test Corporation 1769028736 - Cloud Ops,2024-07-29,P2-KPI5,Patch Compliance,P2,89.21,95.0,>,%
55002,E2E Full Test Corporation 1769028736 - Cloud Ops,2024-08-28,P2-KPI5,Patch Compliance,P2,86.53,95.0,>,%
55002,E2E Full Test Corporation 1769028736 - Cloud Ops,2024-09-27,P2-KPI5,Patch Compliance,P2,88.56,95.0,>,%
55002,E2E Full Test Corporation 1769028736 - Cloud Ops,2024-10-27,P2-KPI5,Patch Compliance,P2,84.94,95.0,>,%
55002,E2E Full Test Corporation 1769028736 - Cloud Ops,2024-11-26,P2-KPI5,Patch Compliance,P2,89.28,95.0,>,%
55002,E2E Full Test Corporation 1769028736 - Cloud Ops,2024-01-01,P2-KPI6,Service Request Fulfillment,P2,4.18,3.0,<,days
55002,E2E Full Test Corporation 1769028736 - Cloud Ops,2024-01-31,P2-KPI6,Service Request Fulfillment,P2,3.98,3.0,<,days
55002,E2E Full Test Corporation 1769028736 - Cloud Ops,2024-03-01,P2-KPI6,Service Request Fulfillment,P2,4.04,3.0,<,days
55002,E2E Full Test Corporation 1769028736 - Cloud Ops,2024-03-31,P2-KPI6,Service Request Fulfillment,P2,5.09,3.0,<,days
55002,E2E Full Test Corporation 1769028736 - Cloud Ops,2024-04-30,P2-KPI6,Service Request Fulfillment,P2,5.24,3.0,<,days
55002,E2E Full Test Corporation 1769028736 - Cloud Ops,2024-05-30,P2-KPI6,Service Request Fulfillment,P2,5.22,3.0,<,days
55002,E2E Full Test Corporation 1769028736 - Cloud Ops,2024-06-29,P2-KPI6,Service Request Fulfillment,P2,4.96,3.0,<,days
55002,E2E Full Test Corporation 1769028736 - Cloud Ops,2024-07-29,P2-KPI6,Service Request Fulfillment,P2,4.87,3.0,<,days
55002,E2E Full Test Corporation 1769028736 - Cloud Ops,2024-08-28,P2-KPI6,Service Request Fulfillment,P2,5.27,3.0,<,days
55002,E2E Full Test Corporation 1769028736 - Cloud Ops,2024-09-27,P2-KPI6,Service Request Fulfillment,P2,5.87,3.0,<,days
55002,E2E Full Test Corporation 1769028736 - Cloud Ops,2024-10-27,P2-KPI6,Service Request Fulfillment,P2,6.04,3.0,<,days
55002,E2E Full Test Corporation 1769028736 - Cloud Ops,2024-11-26,P2-KPI6,Service Request Fulfillment,P2,5.9,3.0,<,days
55002,E2E Full Test Corporation 1769028736 - Cloud Ops,2024-01-01,P2-KPI7,Capacity Planning Accuracy,P2,87.99,90.0,>,%
55002,E2E Full Test Corporation 1769028736 - Cloud Ops,2024-01-31,P2-KPI7,Capacity Planning Accuracy,P2,90.85,90.0,>,%
55002,E2E Full Test Corporation 1769028736 - Cloud Ops,2024-03-01,P2-KPI7,Capacity Planning Accuracy,P2,89.84,90.0,>,%
55002,E2E Full Test Corporation 1769028736 - Cloud Ops,2024-03-31,P2-KPI7,Capacity Planning Accuracy,P2,81.78,90.0,>,%
55002,E2E Full Test Corporation 1769028736 - Cloud Ops,2024-04-30,P2-KPI7,Capacity Planning Accuracy,P2,87.16,90.0,>,%
55002,E2E Full Test Corporation 1769028736 - Cloud Ops,2024-05-30,P2-KPI7,Capacity Planning Accuracy,P2,80.71,90.0,>,%
55002,E2E Full Test Corporation 1769028736 - Cloud Ops,2024-06-29,P2-KPI7,Capacity Planning Accuracy,P2,82.9,90.0,>,%
55002,E2E Full Test Corporation 1769028736 - Cloud Ops,2024-07-29,P2-KPI7,Capacity Planning Accuracy,P2,80.38,90.0,>,%
55002,E2E Full Test Corporation 1769028736 - Cloud Ops,2024-08-28,P2-KPI7,Capacity Planning Accuracy,P2,84.39,90.0,>,%
55002,E2E Full Test Corporation 1769028736 - Cloud Ops,2024-09-27,P2-KPI7,Capacity Planning Accuracy,P2,82.15,90.0,>,%
55002,E2E Full Test Corporation 1769028736 - Cloud Ops,2024-10-27,P2-KPI7,Capacity Planning Accuracy,P2,81.5,90.0,>,%
55002,E2E Full Test Corporation 1769028736 - Cloud Ops,2024-11-26,P2-KPI7,Capacity Planning Accuracy,P2,80.3,90.0,>,%
55002,E2E Full Test Corporation 1769028736 - Cloud Ops,2024-01-01,P2-KPI8,Documentation Quality,P2,82.4,85.0,>,score
55002,E2E Full Test Corporation 1769028736 - Cloud Ops,2024-01-31,P2-KPI8,Documentation Quality,P2,85.07,85.0,>,score
55002,E2E Full Test Corporation 1769028736 - Cloud Ops,2024-03-01,P2-KPI8,Documentation Quality,P2,80.79,85.0,>,score
55002,E2E Full Test Corporation 1769028736 - Cloud Ops,2024-03-31,P2-KPI8,Documentation Quality,P2,74.66,85.0,>,score
55002,E2E Full Test Corporation 1769028736 - Cloud Ops,2024-04-30,P2-KPI8,Documentation Quality,P2,73.65,85.0,>,score
55002,E2E Full Test Corporation 1769028736 - Cloud Ops,2024-05-30,P2-KPI8,Documentation Quality,P2,79.83,85.0,>,score
55002,E2E Full Test Corporation 1769028736 - Cloud Ops,2024-06-29,P2-KPI8,Documentation Quality,P2,80.71,85.0,>,score
55002,E2E Full Test Corporation 1769028736 - Cloud Ops,2024-07-29,P2-KPI8,Documentation Quality,P2,78.13,85.0,>,score
55002,E2E Full Test Corporation 1769028736 - Cloud Ops,2024-08-28,P2-KPI8,Documentation Quality,P2,77.11,85.0,>,score
55002,E2E Full Test Corporation 1769028736 - Cloud Ops,2024-09-27,P2-KPI8,Documentation Quality,P2,75.97,85.0,>,score
55002,E2E Full Test Corporation 1769028736 - Cloud Ops,2024-10-27,P2-KPI8,Documentation Quality,P2,75.31,85.0,>,score
55002,E2E Full Test Corporation 1769028736 - Cloud Ops,2024-11-26,P2-KPI8,Documentation Quality,P2,76.52,85.0,>,score
55002,E2E Full Test Corporation 1769028736 - Cloud Ops,2024-01-01,P3-KPI1,CSAT Score,P3,4.16,4.5,>,score
55002,E2E Full Test Corporation 1769028736 - Cloud Ops,2024-01-31,P3-KPI1,CSAT Score,P3,4.16,4.5,>,score
55002,E2E Full Test Corporation 1769028736 - Cloud Ops,2024-03-01,P3-KPI1,CSAT Score,P3,4.35,4.5,>,score
55002,E2E Full Test Corporation 1769028736 - Cloud Ops,2024-03-31,P3-KPI1,CSAT Score,P3,4.02,4.5,>,score
55002,E2E Full Test Corporation 1769028736 - Cloud Ops,2024-04-30,P3-KPI1,CSAT Score,P3,3.89,4.5,>,score
55002,E2E Full Test Corporation 1769028736 - Cloud Ops,2024-05-30,P3-KPI1,CSAT Score,P3,3.91,4.5,>,score
55002,E2E Full Test Corporation 1769028736 - Cloud Ops,2024-06-29,P3-KPI1,CSAT Score,P3,4.15,4.5,>,score
55002,E2E Full Test Corporation 1769028736 - Cloud Ops,2024-07-29,P3-KPI1,CSAT Score,P3,4.09,4.5,>,score
55002,E2E Full Test Corporation 1769028736 - Cloud Ops,2024-08-28,P3-KPI1,CSAT Score,P3,3.87,4.5,>,score
55002,E2E Full Test Corporation 1769028736 - Cloud Ops,2024-09-27,P3-KPI1,CSAT Score,P3,3.67,4.5,>,score
55002,E2E Full Test Corporation 1769028736 - Cloud Ops,2024-10-27,P3-KPI1,CSAT Score,P3,3.83,4.5,>,score
55002,E2E Full Test Corporation 1769028736 - Cloud Ops,2024-11-26,P3-KPI1,CSAT Score,P3,3.93,4.5,>,score
55002,E2E Full Test Corporation 1769028736 - Cloud Ops,2024-01-01,P3-KPI2,Support Ticket Volume,P3,33.02,20.0,<,tickets
55002,E2E Full Test Corporation 1769028736 - Cloud Ops,2024-01-31,P3-KPI2,Support Ticket Volume,P3,30.55,20.0,<,tickets
55002,E2E Full Test Corporation 1769028736 - Cloud Ops,2024-03-01,P3-KPI2,Support Ticket Volume,P3,32.57,20.0,<,tickets
55002,E2E Full Test Corporation 1769028736 - Cloud Ops,2024-03-31,P3-KPI2,Support Ticket Volume,P3,44.05,20.0,<,tickets
55002,E2E Full Test Corporation 1769028736 - Cloud Ops,2024-04-30,P3-KPI2,Support Ticket Volume,P3,45.73,20.0,<,tickets
55002,E2E Full Test Corporation 1769028736 - Cloud Ops,2024-05-30,P3-KPI2,Support Ticket Volume,P3,41.83,20.0,<,tickets
55002,E2E Full Test Corporation 1769028736 - Cloud Ops,2024-06-29,P3-KPI2,Support Ticket Volume,P3,42.28,20.0,<,tickets
55002,E2E Full Test Corporation 1769028736 - Cloud Ops,2024-07-29,P3-KPI2,Support Ticket Volume,P3,42.78,20.0,<,tickets
55002,E2E Full Test Corporation 1769028736 - Cloud Ops,2024-08-28,P3-KPI2,Support Ticket Volume,P3,43.37,20.0,<,tickets
55002,E2E Full Test Corporation 1769028736 - Cloud Ops,2024-09-27,P3-KPI2,Support Ticket Volume,P3,55.35,20.0,<,tickets
55002,E2E Full Test Corporation 1769028736 - Cloud Ops,2024-10-27,P3-KPI2,Support Ticket Volume,P3,56.75,20.0,<,tickets
55002,E2E Full Test Corporation 1769028736 - Cloud Ops,2024-11-26,P3-KPI2,Support Ticket Volume,P3,56.96,20.0,<,tickets
55002,E2E Full Test Corporation 1769028736 - Cloud Ops,2024-01-01,P3-KPI3,First Contact Resolution,P3,71.68,75.0,>,%
55002,E2E Full Test Corporation 1769028736 - Cloud Ops,2024-01-31,P3-KPI3,First Contact Resolution,P3,71.67,75.0,>,%
55002,E2E Full Test Corporation 1769028736 - Cloud Ops,2024-03-01,P3-KPI3,First Contact Resolution,P3,74.37,75.0,>,%
55002,E2E Full Test Corporation 1769028736 - Cloud Ops,2024-03-31,P3-KPI3,First Contact Resolution,P3,66.49,75.0,>,%
55002,E2E Full Test Corporation 1769028736 - Cloud Ops,2024-04-30,P3-KPI3,First Contact Resolution,P3,68.72,75.0,>,%
55002,E2E Full Test Corporation 1769028736 - Cloud Ops,2024-05-30,P3-KPI3,First Contact Resolution,P3,64.28,75.0,>,%
55002,E2E Full Test Corporation 1769028736 - Cloud Ops,2024-06-29,P3-KPI3,First Contact Resolution,P3,66.34,75.0,>,%
55002,E2E Full Test Corporation 1769028736 - Cloud Ops,2024-07-29,P3-KPI3,First Contact Resolution,P3,67.36,75.0,>,%
55002,E2E Full Test Corporation 1769028736 - Cloud Ops,2024-08-28,P3-KPI3,First Contact Resolution,P3,68.44,75.0,>,%
55002,E2E Full Test Corporation 1769028736 - Cloud Ops,2024-09-27,P3-KPI3,First Contact Resolution,P3,63.0,75.0,>,%
55002,E2E Full Test Corporation 1769028736 - Cloud Ops,2024-10-27,P3-KPI3,First Contact Resolution,P3,65.0,75.0,>,%
55002,E2E Full Test Corporation 1769028736 - Cloud Ops,2024-11-26,P3-KPI3,First Contact Resolution,P3,62.97,75.0,>,%
55002,E2E Full Test Corporation 1769028736 - Cloud Ops,2024-01-01,P3-KPI4,Training Completion,P3,83.37,90.0,>,%
55002,E2E Full Test Corporation 1769028736 - Cloud Ops,2024-01-31,P3-KPI4,Training Completion,P3,89.08,90.0,>,%
55002,E2E Full Test Corporation 1769028736 - Cloud Ops,2024-03-01,P3-KPI4,Training Completion,P3,89.02,90.0,>,%
55002,E2E Full Test Corporation 1769028736 - Cloud Ops,2024-03-31,P3-KPI4,Training Completion,P3,81.47,90.0,>,%
55002,E2E Full Test Corporation 1769028736 - Cloud Ops,2024-04-30,P3-KPI4,Training Completion,P3,77.99,90.0,>,%
55002,E2E Full Test Corporation 1769028736 - Cloud Ops,2024-05-30,P3-KPI4,Training Completion,P3,81.69,90.0,>,%
55002,E2E Full Test Corporation 1769028736 - Cloud Ops,2024-06-29,P3-KPI4,Training Completion,P3,78.89,90.0,>,%
55002,E2E Full Test Corporation 1769028736 - Cloud Ops,2024-07-29,P3-KPI4,Training Completion,P3,77.2,90.0,>,%
55002,E2E Full Test Corporation 1769028736 - Cloud Ops,2024-08-28,P3-KPI4,Training Completion,P3,78.37,90.0,>,%
55002,E2E Full Test Corporation 1769028736 - Cloud Ops,2024-09-27,P3-KPI4,Training Completion,P3,80.05,90.0,>,%
55002,E2E Full Test Corporation 1769028736 - Cloud Ops,2024-10-27,P3-KPI4,Training Completion,P3,78.57,90.0,>,%
55002,E2E Full Test Corporation 1769028736 - Cloud Ops,2024-11-26,P3-KPI4,Training Completion,P3,75.37,90.0,>,%
55002,E2E Full Test Corporation 1769028736 - Cloud Ops,2024-01-01,P3-KPI5,User Adoption Rate,P3,73.49,80.0,>,%
55002,E2E Full Test Corporation 1769028736 - Cloud Ops,2024-01-31,P3-KPI5,User Adoption Rate,P3,77.36,80.0,>,%
55002,E2E Full Test Corporation 1769028736 - Cloud Ops,2024-03-01,P3-KPI5,User Adoption Rate,P3,75.9,80.0,>,%
55002,E2E Full Test Corporation 1769028736 - Cloud Ops,2024-03-31,P3-KPI5,User Adoption Rate,P3,73.25,80.0,>,%
55002,E2E Full Test Corporation 1769028736 - Cloud Ops,2024-04-30,P3-KPI5,User Adoption Rate,P3,67.53,80.0,>,%
55002,E2E Full Test Corporation 1769028736 - Cloud Ops,2024-05-30,P3-KPI5,User Adoption Rate,P3,67.94,80.0,>,%
55002,E2E Full Test Corporation 1769028736 - Cloud Ops,2024-06-29,P3-KPI5,User Adoption Rate,P3,74.4,80.0,>,%
55002,E2E Full Test Corporation 1769028736 - Cloud Ops,2024-07-29,P3-KPI5,User Adoption Rate,P3,67.53,80.0,>,%
55002,E2E Full Test Corporation 1769028736 - Cloud Ops,2024-08-28,P3-KPI5,User Adoption Rate,P3,73.47,80.0,>,%
55002,E2E Full Test Corporation 1769028736 - Cloud Ops,2024-09-27,P3-KPI5,User Adoption Rate,P3,65.77,80.0,>,%
55002,E2E Full Test Corporation 1769028736 - Cloud Ops,2024-10-27,P3-KPI5,User Adoption Rate,P3,64.13,80.0,>,%
55002,E2E Full Test Corporation 1769028736 - Cloud Ops,2024-11-26,P3-KPI5,User Adoption Rate,P3,69.62,80.0,>,%
55002,E2E Full Test Corporation 1769028736 - Cloud Ops,2024-01-01,P3-KPI6,Executive Engagement,P3,3.85,4.0,>,meetings/quarter
55002,E2E Full Test Corporation 1769028736 - Cloud Ops,2024-01-31,P3-KPI6,Executive Engagement,P3,3.78,4.0,>,meetings/quarter
55002,E2E Full Test Corporation 1769028736 - Cloud Ops,2024-03-01,P3-KPI6,Executive Engagement,P3,3.56,4.0,>,meetings/quarter
55002,E2E Full Test Corporation 1769028736 - Cloud Ops,2024-03-31,P3-KPI6,Executive Engagement,P3,3.45,4.0,>,meetings/quarter
55002,E2E Full Test Corporation 1769028736 - Cloud Ops,2024-04-30,P3-KPI6,Executive Engagement,P3,3.49,4.0,>,meetings/quarter
55002,E2E Full Test Corporation 1769028736 - Cloud Ops,2024-05-30,P3-KPI6,Executive Engagement,P3,3.28,4.0,>,meetings/quarter
55002,E2E Full Test Corporation 1769028736 - Cloud Ops,2024-06-29,P3-KPI6,Executive Engagement,P3,3.42,4.0,>,meetings/quarter
55002,E2E Full Test Corporation 1769028736 - Cloud Ops,2024-07-29,P3-KPI6,Executive Engagement,P3,3.54,4.0,>,meetings/quarter
55002,E2E Full Test Corporation 1769028736 - Cloud Ops,2024-08-28,P3-KPI6,Executive Engagement,P3,3.4,4.0,>,meetings/quarter
55002,E2E Full Test Corporation 1769028736 - Cloud Ops,2024-09-27,P3-KPI6,Executive Engagement,P3,3.04,4.0,>,meetings/quarter
55002,E2E Full Test Corporation 1769028736 - Cloud Ops,2024-10-27,P3-KPI6,Executive Engagement,P3,3.13,4.0,>,meetings/quarter
55002,E2E Full Test Corporation 1769028736 - Cloud Ops,2024-11-26,P3-KPI6,Executive Engagement,P3,3.0,4.0,>,meetings/quarter
55002,E2E Full Test Corporation 1769028736 - Cloud Ops,2024-01-01,P3-KPI7,Response Time SLA,P3,41.89,30.0,<,minutes
55002,E2E Full Test Corporation 1769028736 - Cloud Ops,2024-01-31,P3-KPI7,Response Time SLA,P3,43.11,30.0,<,minutes
55002,E2E Full Test Corporation 1769028736 - Cloud Ops,2024-03-01,P3-KPI7,Response Time SLA,P3,41.92,30.0,<,minutes
55002,E2E Full Test Corporation 1769028736 - Cloud Ops,2024-03-31,P3-KPI7,Response Time SLA,P3,54.34,30.0,<,minutes
55002,E2E Full Test Corporation 1769028736 - Cloud Ops,2024-04-30,P3-KPI7,Response Time SLA,P3,59.18,30.0,<,minutes
55002,E2E Full Test Corporation 1769028736 - Cloud Ops,2024-05-30,P3-KPI7,Response Time SLA,P3,57.74,30.0,<,minutes
55002,E2E Full Test Corporation 1769028736 - Cloud Ops,2024-06-29,P3-KPI7,Response Time SLA,P3,54.67,30.0,<,minutes
55002,E2E Full Test Corporation 1769028736 - Cloud Ops,2024-07-29,P3-KPI7,Response Time SLA,P3,57.3,30.0,<,minutes
55002,E2E Full Test Corporation 1769028736 - Cloud Ops,2024-08-28,P3-KPI7,Response Time SLA,P3,57.44,30.0,<,minutes
55002,E2E Full Test Corporation 1769028736 - Cloud Ops,2024-09-27,P3-KPI7,Response Time SLA,P3,71.93,30.0,<,minutes
55002,E2E Full Test Corporation 1769028736 - Cloud Ops,2024-10-27,P3-KPI7,Response Time SLA,P3,69.23,30.0,<,minutes
55002,E2E Full Test Corporation 1769028736 - Cloud Ops,2024-11-26,P3-KPI7,Response Time SLA,P3,67.14,30.0,<,minutes
55002,E2E Full Test Corporation 1769028736 - Cloud Ops,2024-01-01,P4-KPI1,ROI Achievement,P4,140.8,150.0,>,%
55002,E2E Full Test Corporation 1769028736 - Cloud Ops,2024-01-31,P4-KPI1,ROI Achievement,P4,139.64,150.0,>,%
55002,E2E Full Test Corporation 1769028736 - Cloud Ops,2024-03-01,P4-KPI1,ROI Achievement,P4,145.16,150.0,>,%
55002,E2E Full Test Corporation 1769028736 - Cloud Ops,2024-03-31,P4-KPI1,ROI Achievement,P4,138.73,150.0,>,%
55002,E2E Full Test Corporation 1769028736 - Cloud Ops,2024-04-30,P4-KPI1,ROI Achievement,P4,134.78,150.0,>,%
55002,E2E Full Test Corporation 1769028736 - Cloud Ops,2024-05-30,P4-KPI1,ROI Achievement,P4,132.79,150.0,>,%
55002,E2E Full Test Corporation 1769028736 - Cloud Ops,2024-06-29,P4-KPI1,ROI Achievement,P4,138.08,150.0,>,%
55002,E2E Full Test Corporation 1769028736 - Cloud Ops,2024-07-29,P4-KPI1,ROI Achievement,P4,141.1,150.0,>,%
55002,E2E Full Test Corporation 1769028736 - Cloud Ops,2024-08-28,P4-KPI1,ROI Achievement,P4,135.68,150.0,>,%
55002,E2E Full Test Corporation 1769028736 - Cloud Ops,2024-09-27,P4-KPI1,ROI Achievement,P4,122.88,150.0,>,%
55002,E2E Full Test Corporation 1769028736 - Cloud Ops,2024-10-27,P4-KPI1,ROI Achievement,P4,128.24,150.0,>,%
55002,E2E Full Test Corporation 1769028736 - Cloud Ops,2024-11-26,P4-KPI1,ROI Achievement,P4,125.47,150.0,>,%
55002,E2E Full Test Corporation 1769028736 - Cloud Ops,2024-01-01,P4-KPI2,Cost Reduction,P4,17.66,20.0,>,%
55002,E2E Full Test Corporation 1769028736 - Cloud Ops,2024-01-31,P4-KPI2,Cost Reduction,P4,17.09,20.0,>,%
55002,E2E Full Test Corporation 1769028736 - Cloud Ops,2024-03-01,P4-KPI2,Cost Reduction,P4,16.77,20.0,>,%
55002,E2E Full Test Corporation 1769028736 - Cloud Ops,2024-03-31,P4-KPI2,Cost Reduction,P4,13.93,20.0,>,%
55002,E2E Full Test Corporation 1769028736 - Cloud Ops,2024-04-30,P4-KPI2,Cost Reduction,P4,14.62,20.0,>,%
55002,E2E Full Test Corporation 1769028736 - Cloud Ops,2024-05-30,P4-KPI2,Cost Reduction,P4,14.14,20.0,>,%
55002,E2E Full Test Corporation 1769028736 - Cloud Ops,2024-06-29,P4-KPI2,Cost Reduction,P4,14.63,20.0,>,%
55002,E2E Full Test Corporation 1769028736 - Cloud Ops,2024-07-29,P4-KPI2,Cost Reduction,P4,14.15,20.0,>,%
55002,E2E Full Test Corporation 1769028736 - Cloud Ops,2024-08-28,P4-KPI2,Cost Reduction,P4,14.16,20.0,>,%
55002,E2E Full Test Corporation 1769028736 - Cloud Ops,2024-09-27,P4-KPI2,Cost Reduction,P4,11.54,20.0,>,%
55002,E2E Full Test Corporation 1769028736 - Cloud Ops,2024-10-27,P4-KPI2,Cost Reduction,P4,10.46,20.0,>,%
55002,E2E Full Test Corporation 1769028736 - Cloud Ops,2024-11-26,P4-KPI2,Cost Reduction,P4,10.65,20.0,>,%
55002,E2E Full Test Corporation 1769028736 - Cloud Ops,2024-01-01,P4-KPI3,Time to Value,P4,105.75,90.0,<,days
55002,E2E Full Test Corporation 1769028736 - Cloud Ops,2024-01-31,P4-KPI3,Time to Value,P4,98.48,90.0,<,days
55002,E2E Full Test Corporation 1769028736 - Cloud Ops,2024-03-01,P4-KPI3,Time to Value,P4,104.23,90.0,<,days
55002,E2E Full Test Corporation 1769028736 - Cloud Ops,2024-03-31,P4-KPI3,Time to Value,P4,119.32,90.0,<,days
55002,E2E Full Test Corporation 1769028736 - Cloud Ops,2024-04-30,P4-KPI3,Time to Value,P4,120.9,90.0,<,days
55002,E2E Full Test Corporation 1769028736 - Cloud Ops,2024-05-30,P4-KPI3,Time to Value,P4,113.84,90.0,<,days
55002,E2E Full Test Corporation 1769028736 - Cloud Ops,2024-06-29,P4-KPI3,Time to Value,P4,120.04,90.0,<,days
55002,E2E Full Test Corporation 1769028736 - Cloud Ops,2024-07-29,P4-KPI3,Time to Value,P4,119.61,90.0,<,days
55002,E2E Full Test Corporation 1769028736 - Cloud Ops,2024-08-28,P4-KPI3,Time to Value,P4,115.45,90.0,<,days
55002,E2E Full Test Corporation 1769028736 - Cloud Ops,2024-09-27,P4-KPI3,Time to Value,P4,131.98,90.0,<,days
55002,E2E Full Test Corporation 1769028736 - Cloud Ops,2024-10-27,P4-KPI3,Time to Value,P4,133.13,90.0,<,days
55002,E2E Full Test Corporation 1769028736 - Cloud Ops,2024-11-26,P4-KPI3,Time to Value,P4,125.13,90.0,<,days
55002,E2E Full Test Corporation 1769028736 - Cloud Ops,2024-01-01,P4-KPI4,Revenue Enablement,P4,4.31,5.0,>,$M
55002,E2E Full Test Corporation 1769028736 - Cloud Ops,2024-01-31,P4-KPI4,Revenue Enablement,P4,4.51,5.0,>,$M
55002,E2E Full Test Corporation 1769028736 - Cloud Ops,2024-03-01,P4-KPI4,Revenue Enablement,P4,4.28,5.0,>,$M
55002,E2E Full Test Corporation 1769028736 - Cloud Ops,2024-03-31,P4-KPI4,Revenue Enablement,P4,3.92,5.0,>,$M
55002,E2E Full Test Corporation 1769028736 - Cloud Ops,2024-04-30,P4-KPI4,Revenue Enablement,P4,3.93,5.0,>,$M
55002,E2E Full Test Corporation 1769028736 - Cloud Ops,2024-05-30,P4-KPI4,Revenue Enablement,P4,3.83,5.0,>,$M
55002,E2E Full Test Corporation 1769028736 - Cloud Ops,2024-06-29,P4-KPI4,Revenue Enablement,P4,3.64,5.0,>,$M
55002,E2E Full Test Corporation 1769028736 - Cloud Ops,2024-07-29,P4-KPI4,Revenue Enablement,P4,3.96,5.0,>,$M
55002,E2E Full Test Corporation 1769028736 - Cloud Ops,2024-08-28,P4-KPI4,Revenue Enablement,P4,3.78,5.0,>,$M
55002,E2E Full Test Corporation 1769028736 - Cloud Ops,2024-09-27,P4-KPI4,Revenue Enablement,P4,3.24,5.0,>,$M
55002,E2E Full Test Corporation 1769028736 - Cloud Ops,2024-10-27,P4-KPI4,Revenue Enablement,P4,3.35,5.0,>,$M
55002,E2E Full Test Corporation 1769028736 - Cloud Ops,2024-11-26,P4-KPI4,Revenue Enablement,P4,3.08,5.0,>,$M
55002,E2E Full Test Corporation 1769028736 - Cloud Ops,2024-01-01,P4-KPI5,Operational Efficiency,P4,81.09,85.0,>,%
55002,E2E Full Test Corporation 1769028736 - Cloud Ops,2024-01-31,P4-KPI5,Operational Efficiency,P4,82.99,85.0,>,%
55002,E2E Full Test Corporation 1769028736 - Cloud Ops,2024-03-01,P4-KPI5,Operational Efficiency,P4,81.41,85.0,>,%
55002,E2E Full Test Corporation 1769028736 - Cloud Ops,2024-03-31,P4-KPI5,Operational Efficiency,P4,77.75,85.0,>,%
55002,E2E Full Test Corporation 1769028736 - Cloud Ops,2024-04-30,P4-KPI5,Operational Efficiency,P4,80.37,85.0,>,%
55002,E2E Full Test Corporation 1769028736 - Cloud Ops,2024-05-30,P4-KPI5,Operational Efficiency,P4,81.05,85.0,>,%
55002,E2E Full Test Corporation 1769028736 - Cloud Ops,2024-06-29,P4-KPI5,Operational Efficiency,P4,74.18,85.0,>,%
55002,E2E Full Test Corporation 1769028736 - Cloud Ops,2024-07-29,P4-KPI5,Operational Efficiency,P4,73.74,85.0,>,%
55002,E2E Full Test Corporation 1769028736 - Cloud Ops,2024-08-28,P4-KPI5,Operational Efficiency,P4,80.15,85.0,>,%
55002,E2E Full Test Corporation 1769028736 - Cloud Ops,2024-09-27,P4-KPI5,Operational Efficiency,P4,70.73,85.0,>,%
55002,E2E Full Test Corporation 1769028736 - Cloud Ops,2024-10-27,P4-KPI5,Operational Efficiency,P4,70.47,85.0,>,%
55002,E2E Full Test Corporation 1769028736 - Cloud Ops,2024-11-26,P4-KPI5,Operational Efficiency,P4,74.32,85.0,>,%
55002,E2E Full Test Corporation 1769028736 - Cloud Ops,2024-01-01,P4-KPI6,Innovation Projects,P4,2.57,3.0,>,count
55002,E2E Full Test Corporation 1769028736 - Cloud Ops,2024-01-31,P4-KPI6,Innovation Projects,P4,2.64,3.0,>,count
55002,E2E Full Test Corporation 1769028736 - Cloud Ops,2024-03-01,P4-KPI6,Innovation Projects,P4,2.65,3.0,>,count
55002,E2E Full Test Corporation 1769028736 - Cloud Ops,2024-03-31,P4-KPI6,Innovation Projects,P4,2.39,3.0,>,count
55002,E2E Full Test Corporation 1769028736 - Cloud Ops,2024-04-30,P4-KPI6,Innovation Projects,P4,2.42,3.0,>,count
55002,E2E Full Test Corporation 1769028736 - Cloud Ops,2024-05-30,P4-KPI6,Innovation Projects,P4,2.31,3.0,>,count
55002,E2E Full Test Corporation 1769028736 - Cloud Ops,2024-06-29,P4-KPI6,Innovation Projects,P4,2.45,3.0,>,count
55002,E2E Full Test Corporation 1769028736 - Cloud Ops,2024-07-29,P4-KPI6,Innovation Projects,P4,2.44,3.0,>,count
55002,E2E Full Test Corporation 1769028736 - Cloud Ops,2024-08-28,P4-KPI6,Innovation Projects,P4,2.45,3.0,>,count
55002,E2E Full Test Corporation 1769028736 - Cloud Ops,2024-09-27,P4-KPI6,Innovation Projects,P4,2.05,3.0,>,count
55002,E2E Full Test Corporation 1769028736 - Cloud Ops,2024-10-27,P4-KPI6,Innovation Projects,P4,2.09,3.0,>,count
55002,E2E Full Test Corporation 1769028736 - Cloud Ops,2024-11-26,P4-KPI6,Innovation Projects,P4,2.14,3.0,>,count
55002,E2E Full Test Corporation 1769028736 - Cloud Ops,2024-01-01,P4-KPI7,Business Case Validation,P4,82.71,90.0,>,%
55002,E2E Full Test Corporation 1769028736 - Cloud Ops,2024-01-31,P4-KPI7,Business Case Validation,P4,88.76,90.0,>,%
55002,E2E Full Test Corporation 1769028736 - Cloud Ops,2024-03-01,P4-KPI7,Business Case Validation,P4,86.81,90.0,>,%
55002,E2E Full Test Corporation 1769028736 - Cloud Ops,2024-03-31,P4-KPI7,Business Case Validation,P4,87.1,90.0,>,%
55002,E2E Full Test Corporation 1769028736 - Cloud Ops,2024-04-30,P4-KPI7,Business Case Validation,P4,83.29,90.0,>,%
55002,E2E Full Test Corporation 1769028736 - Cloud Ops,2024-05-30,P4-KPI7,Business Case Validation,P4,80.74,90.0,>,%
55002,E2E Full Test Corporation 1769028736 - Cloud Ops,2024-06-29,P4-KPI7,Business Case Validation,P4,84.71,90.0,>,%
55002,E2E Full Test Corporation 1769028736 - Cloud Ops,2024-07-29,P4-KPI7,Business Case Validation,P4,83.47,90.0,>,%
55002,E2E Full Test Corporation 1769028736 - Cloud Ops,2024-08-28,P4-KPI7,Business Case Validation,P4,88.11,90.0,>,%
55002,E2E Full Test Corporation 1769028736 - Cloud Ops,2024-09-27,P4-KPI7,Business Case Validation,P4,77.04,90.0,>,%
55002,E2E Full Test Corporation 1769028736 - Cloud Ops,2024-10-27,P4-KPI7,Business Case Validation,P4,81.7,90.0,>,%
55002,E2E Full Test Corporation 1769028736 - Cloud Ops,2024-11-26,P4-KPI7,Business Case Validation,P4,78.37,90.0,>,%
55002,E2E Full Test Corporation 1769028736 - Cloud Ops,2024-01-01,P5-KPI1,Executive Sponsorship,P5,4.07,4.5,>,score
55002,E2E Full Test Corporation 1769028736 - Cloud Ops,2024-01-31,P5-KPI1,Executive Sponsorship,P5,4.46,4.5,>,score
55002,E2E Full Test Corporation 1769028736 - Cloud Ops,2024-03-01,P5-KPI1,Executive Sponsorship,P5,4.07,4.5,>,score
55002,E2E Full Test Corporation 1769028736 - Cloud Ops,2024-03-31,P5-KPI1,Executive Sponsorship,P5,4.06,4.5,>,score
55002,E2E Full Test Corporation 1769028736 - Cloud Ops,2024-04-30,P5-KPI1,Executive Sponsorship,P5,3.95,4.5,>,score
55002,E2E Full Test Corporation 1769028736 - Cloud Ops,2024-05-30,P5-KPI1,Executive Sponsorship,P5,4.18,4.5,>,score
55002,E2E Full Test Corporation 1769028736 - Cloud Ops,2024-06-29,P5-KPI1,Executive Sponsorship,P5,4.03,4.5,>,score
55002,E2E Full Test Corporation 1769028736 - Cloud Ops,2024-07-29,P5-KPI1,Executive Sponsorship,P5,3.89,4.5,>,score
55002,E2E Full Test Corporation 1769028736 - Cloud Ops,2024-08-28,P5-KPI1,Executive Sponsorship,P5,4.13,4.5,>,score
55002,E2E Full Test Corporation 1769028736 - Cloud Ops,2024-09-27,P5-KPI1,Executive Sponsorship,P5,3.81,4.5,>,score
55002,E2E Full Test Corporation 1769028736 - Cloud Ops,2024-10-27,P5-KPI1,Executive Sponsorship,P5,3.89,4.5,>,score
55002,E2E Full Test Corporation 1769028736 - Cloud Ops,2024-11-26,P5-KPI1,Executive Sponsorship,P5,4.0,4.5,>,score
55002,E2E Full Test Corporation 1769028736 - Cloud Ops,2024-01-01,P5-KPI2,Renewal Likelihood,P5,87.6,95.0,>,%
55002,E2E Full Test Corporation 1769028736 - Cloud Ops,2024-01-31,P5-KPI2,Renewal Likelihood,P5,95.54,95.0,>,%
55002,E2E Full Test Corporation 1769028736 - Cloud Ops,2024-03-01,P5-KPI2,Renewal Likelihood,P5,95.52,95.0,>,%
55002,E2E Full Test Corporation 1769028736 - Cloud Ops,2024-03-31,P5-KPI2,Renewal Likelihood,P5,89.63,95.0,>,%
55002,E2E Full Test Corporation 1769028736 - Cloud Ops,2024-04-30,P5-KPI2,Renewal Likelihood,P5,85.65,95.0,>,%
55002,E2E Full Test Corporation 1769028736 - Cloud Ops,2024-05-30,P5-KPI2,Renewal Likelihood,P5,85.0,95.0,>,%
55002,E2E Full Test Corporation 1769028736 - Cloud Ops,2024-06-29,P5-KPI2,Renewal Likelihood,P5,83.35,95.0,>,%
55002,E2E Full Test Corporation 1769028736 - Cloud Ops,2024-07-29,P5-KPI2,Renewal Likelihood,P5,85.5,95.0,>,%
55002,E2E Full Test Corporation 1769028736 - Cloud Ops,2024-08-28,P5-KPI2,Renewal Likelihood,P5,86.42,95.0,>,%
55002,E2E Full Test Corporation 1769028736 - Cloud Ops,2024-09-27,P5-KPI2,Renewal Likelihood,P5,80.3,95.0,>,%
55002,E2E Full Test Corporation 1769028736 - Cloud Ops,2024-10-27,P5-KPI2,Renewal Likelihood,P5,86.92,95.0,>,%
55002,E2E Full Test Corporation 1769028736 - Cloud Ops,2024-11-26,P5-KPI2,Renewal Likelihood,P5,85.87,95.0,>,%
55002,E2E Full Test Corporation 1769028736 - Cloud Ops,2024-01-01,P5-KPI3,Expansion Pipeline,P5,1.71,2.0,>,$M
55002,E2E Full Test Corporation 1769028736 - Cloud Ops,2024-01-31,P5-KPI3,Expansion Pipeline,P5,1.76,2.0,>,$M
55002,E2E Full Test Corporation 1769028736 - Cloud Ops,2024-03-01,P5-KPI3,Expansion Pipeline,P5,1.81,2.0,>,$M
55002,E2E Full Test Corporation 1769028736 - Cloud Ops,2024-03-31,P5-KPI3,Expansion Pipeline,P5,1.54,2.0,>,$M
55002,E2E Full Test Corporation 1769028736 - Cloud Ops,2024-04-30,P5-KPI3,Expansion Pipeline,P5,1.52,2.0,>,$M
55002,E2E Full Test Corporation 1769028736 - Cloud Ops,2024-05-30,P5-KPI3,Expansion Pipeline,P5,1.5,2.0,>,$M
55002,E2E Full Test Corporation 1769028736 - Cloud Ops,2024-06-29,P5-KPI3,Expansion Pipeline,P5,1.61,2.0,>,$M
55002,E2E Full Test Corporation 1769028736 - Cloud Ops,2024-07-29,P5-KPI3,Expansion Pipeline,P5,1.49,2.0,>,$M
55002,E2E Full Test Corporation 1769028736 - Cloud Ops,2024-08-28,P5-KPI3,Expansion Pipeline,P5,1.56,2.0,>,$M
55002,E2E Full Test Corporation 1769028736 - Cloud Ops,2024-09-27,P5-KPI3,Expansion Pipeline,P5,1.28,2.0,>,$M
55002,E2E Full Test Corporation 1769028736 - Cloud Ops,2024-10-27,P5-KPI3,Expansion Pipeline,P5,1.3,2.0,>,$M
55002,E2E Full Test Corporation 1769028736 - Cloud Ops,2024-11-26,P5-KPI3,Expansion Pipeline,P5,1.28,2.0,>,$M
55002,E2E Full Test Corporation 1769028736 - Cloud Ops,2024-01-01,P5-KPI4,Reference Willingness,P5,3.69,4.0,>,score
55002,E2E Full Test Corporation 1769028736 - Cloud Ops,2024-01-31,P5-KPI4,Reference Willingness,P5,3.55,4.0,>,score
55002,E2E Full Test Corporation 1769028736 - Cloud Ops,2024-03-01,P5-KPI4,Reference Willingness,P5,3.82,4.0,>,score
55002,E2E Full Test Corporation 1769028736 - Cloud Ops,2024-03-31,P5-KPI4,Reference Willingness,P5,3.51,4.0,>,score
55002,E2E Full Test Corporation 1769028736 - Cloud Ops,2024-04-30,P5-KPI4,Reference Willingness,P5,3.48,4.0,>,score
55002,E2E Full Test Corporation 1769028736 - Cloud Ops,2024-05-30,P5-KPI4,Reference Willingness,P5,3.37,4.0,>,score
55002,E2E Full Test Corporation 1769028736 - Cloud Ops,2024-06-29,P5-KPI4,Reference Willingness,P5,3.3,4.0,>,score
55002,E2E Full Test Corporation 1769028736 - Cloud Ops,2024-07-29,P5-KPI4,Reference Willingness,P5,3.42,4.0,>,score
55002,E2E Full Test Corporation 1769028736 - Cloud Ops,2024-08-28,P5-KPI4,Reference Willingness,P5,3.36,4.0,>,score
55002,E2E Full Test Corporation 1769028736 - Cloud Ops,2024-09-27,P5-KPI4,Reference Willingness,P5,3.17,4.0,>,score
55002,E2E Full Test Corporation 1769028736 - Cloud Ops,2024-10-27,P5-KPI4,Reference Willingness,P5,3.1,4.0,>,score
55002,E2E Full Test Corporation 1769028736 - Cloud Ops,2024-11-26,P5-KPI4,Reference Willingness,P5,3.04,4.0,>,score
55002,E2E Full Test Corporation 1769028736 - Cloud Ops,2024-01-01,P5-KPI5,Strategic Alignment,P5,81.77,85.0,>,score
55002,E2E Full Test Corporation 1769028736 - Cloud Ops,2024-01-31,P5-KPI5,Strategic Alignment,P5,78.75,85.0,>,score
55002,E2E Full Test Corporation 1769028736 - Cloud Ops,2024-03-01,P5-KPI5,Strategic Alignment,P5,81.98,85.0,>,score
55002,E2E Full Test Corporation 1769028736 - Cloud Ops,2024-03-31,P5-KPI5,Strategic Alignment,P5,73.87,85.0,>,score
55002,E2E Full Test Corporation 1769028736 - Cloud Ops,2024-04-30,P5-KPI5,Strategic Alignment,P5,73.76,85.0,>,score
55002,E2E Full Test Corporation 1769028736 - Cloud Ops,2024-05-30,P5-KPI5,Strategic Alignment,P5,78.02,85.0,>,score
55002,E2E Full Test Corporation 1769028736 - Cloud Ops,2024-06-29,P5-KPI5,Strategic Alignment,P5,77.28,85.0,>,score
55002,E2E Full Test Corporation 1769028736 - Cloud Ops,2024-07-29,P5-KPI5,Strategic Alignment,P5,78.41,85.0,>,score
55002,E2E Full Test Corporation 1769028736 - Cloud Ops,2024-08-28,P5-KPI5,Strategic Alignment,P5,75.53,85.0,>,score
55002,E2E Full Test Corporation 1769028736 - Cloud Ops,2024-09-27,P5-KPI5,Strategic Alignment,P5,76.92,85.0,>,score
55002,E2E Full Test Corporation 1769028736 - Cloud Ops,2024-10-27,P5-KPI5,Strategic Alignment,P5,73.18,85.0,>,score
55002,E2E Full Test Corporation 1769028736 - Cloud Ops,2024-11-26,P5-KPI5,Strategic Alignment,P5,73.07,85.0,>,score
55002,E2E Full Test Corporation 1769028736 - Cloud Ops,2024-01-01,P5-KPI6,Partnership Depth,P5,73.03,80.0,>,score
55002,E2E Full Test Corporation 1769028736 - Cloud Ops,2024-01-31,P5-KPI6,Partnership Depth,P5,72.01,80.0,>,score
55002,E2E Full Test Corporation 1769028736 - Cloud Ops,2024-03-01,P5-KPI6,Partnership Depth,P5,78.15,80.0,>,score
55002,E2E Full Test Corporation 1769028736 - Cloud Ops,2024-03-31,P5-KPI6,Partnership Depth,P5,71.44,80.0,>,score
55002,E2E Full Test Corporation 1769028736 - Cloud Ops,2024-04-30,P5-KPI6,Partnership Depth,P5,71.4,80.0,>,score
55002,E2E Full Test Corporation 1769028736 - Cloud Ops,2024-05-30,P5-KPI6,Partnership Depth,P5,69.98,80.0,>,score
55002,E2E Full Test Corporation 1769028736 - Cloud Ops,2024-06-29,P5-KPI6,Partnership Depth,P5,74.34,80.0,>,score
55002,E2E Full Test Corporation 1769028736 - Cloud Ops,2024-07-29,P5-KPI6,Partnership Depth,P5,68.86,80.0,>,score
55002,E2E Full Test Corporation 1769028736 - Cloud Ops,2024-08-28,P5-KPI6,Partnership Depth,P5,72.01,80.0,>,score
55002,E2E Full Test Corporation 1769028736 - Cloud Ops,2024-09-27,P5-KPI6,Partnership Depth,P5,68.53,80.0,>,score
55002,E2E Full Test Corporation 1769028736 - Cloud Ops,2024-10-27,P5-KPI6,Partnership Depth,P5,66.98,80.0,>,score
55002,E2E Full Test Corporation 1769028736 - Cloud Ops,2024-11-26,P5-KPI6,Partnership Depth,P5,67.4,80.0,>,score
55002,E2E Full Test Corporation 1769028736 - Cloud Ops,2024-01-01,P5-KPI7,NPS Score,P5,62.33,70.0,>,score
55002,E2E Full Test Corporation 1769028736 - Cloud Ops,2024-01-31,P5-KPI7,NPS Score,P5,66.4,70.0,>,score
55002,E2E Full Test Corporation 1769028736 - Cloud Ops,2024-03-01,P5-KPI7,NPS Score,P5,66.42,70.0,>,score
55002,E2E Full Test Corporation 1769028736 - Cloud Ops,2024-03-31,P5-KPI7,NPS Score,P5,60.29,70.0,>,score
55002,E2E Full Test Corporation 1769028736 - Cloud Ops,2024-04-30,P5-KPI7,NPS Score,P5,63.2,70.0,>,score
55002,E2E Full Test Corporation 1769028736 - Cloud Ops,2024-05-30,P5-KPI7,NPS Score,P5,63.69,70.0,>,score
55002,E2E Full Test Corporation 1769028736 - Cloud Ops,2024-06-29,P5-KPI7,NPS Score,P5,62.99,70.0,>,score
55002,E2E Full Test Corporation 1769028736 - Cloud Ops,2024-07-29,P5-KPI7,NPS Score,P5,60.31,70.0,>,score
55002,E2E Full Test Corporation 1769028736 - Cloud Ops,2024-08-28,P5-KPI7,NPS Score,P5,61.9,70.0,>,score
55002,E2E Full Test Corporation 1769028736 - Cloud Ops,2024-09-27,P5-KPI7,NPS Score,P5,54.57,70.0,>,score
55002,E2E Full Test Corporation 1769028736 - Cloud Ops,2024-10-27,P5-KPI7,NPS Score,P5,58.18,70.0,>,score
55002,E2E Full Test Corporation 1769028736 - Cloud Ops,2024-11-26,P5-KPI7,NPS Score,P5,56.33,70.0,>,score
55003,E2E Full Test Corporation 1769028736 - AI Lab,2024-01-01,P1-KPI1,System Uptime,P1,98.0,99.9,>,%
55003,E2E Full Test Corporation 1769028736 - AI Lab,2024-01-31,P1-KPI1,System Uptime,P1,98.0,99.9,>,%
55003,E2E Full Test Corporation 1769028736 - AI Lab,2024-03-01,P1-KPI1,System Uptime,P1,98.0,99.9,>,%
55003,E2E Full Test Corporation 1769028736 - AI Lab,2024-03-31,P1-KPI1,System Uptime,P1,98.0,99.9,>,%
55003,E2E Full Test Corporation 1769028736 - AI Lab,2024-04-30,P1-KPI1,System Uptime,P1,98.92,99.9,>,%
55003,E2E Full Test Corporation 1769028736 - AI Lab,2024-05-30,P1-KPI1,System Uptime,P1,99.2,99.9,>,%
55003,E2E Full Test Corporation 1769028736 - AI Lab,2024-06-29,P1-KPI1,System Uptime,P1,98.0,99.9,>,%
55003,E2E Full Test Corporation 1769028736 - AI Lab,2024-07-29,P1-KPI1,System Uptime,P1,98.0,99.9,>,%
55003,E2E Full Test Corporation 1769028736 - AI Lab,2024-08-28,P1-KPI1,System Uptime,P1,99.6,99.9,>,%
55003,E2E Full Test Corporation 1769028736 - AI Lab,2024-09-27,P1-KPI1,System Uptime,P1,100.0,99.9,>,%
55003,E2E Full Test Corporation 1769028736 - AI Lab,2024-10-27,P1-KPI1,System Uptime,P1,98.0,99.9,>,%
55003,E2E Full Test Corporation 1769028736 - AI Lab,2024-11-26,P1-KPI1,System Uptime,P1,100.0,99.9,>,%
55003,E2E Full Test Corporation 1769028736 - AI Lab,2024-01-01,P1-KPI2,Mean Time to Resolution,P1,3.04,2.0,<,hours
55003,E2E Full Test Corporation 1769028736 - AI Lab,2024-01-31,P1-KPI2,Mean Time to Resolution,P1,2.97,2.0,<,hours
55003,E2E Full Test Corporation 1769028736 - AI Lab,2024-03-01,P1-KPI2,Mean Time to Resolution,P1,2.82,2.0,<,hours
55003,E2E Full Test Corporation 1769028736 - AI Lab,2024-03-31,P1-KPI2,Mean Time to Resolution,P1,2.91,2.0,<,hours
55003,E2E Full Test Corporation 1769028736 - AI Lab,2024-04-30,P1-KPI2,Mean Time to Resolution,P1,2.97,2.0,<,hours
55003,E2E Full Test Corporation 1769028736 - AI Lab,2024-05-30,P1-KPI2,Mean Time to Resolution,P1,2.77,2.0,<,hours
55003,E2E Full Test Corporation 1769028736 - AI Lab,2024-06-29,P1-KPI2,Mean Time to Resolution,P1,3.04,2.0,<,hours
55003,E2E Full Test Corporation 1769028736 - AI Lab,2024-07-29,P1-KPI2,Mean Time to Resolution,P1,2.93,2.0,<,hours
55003,E2E Full Test Corporation 1769028736 - AI Lab,2024-08-28,P1-KPI2,Mean Time to Resolution,P1,2.97,2.0,<,hours
55003,E2E Full Test Corporation 1769028736 - AI Lab,2024-09-27,P1-KPI2,Mean Time to Resolution,P1,3.03,2.0,<,hours
55003,E2E Full Test Corporation 1769028736 - AI Lab,2024-10-27,P1-KPI2,Mean Time to Resolution,P1,2.94,2.0,<,hours
55003,E2E Full Test Corporation 1769028736 - AI Lab,2024-11-26,P1-KPI2,Mean Time to Resolution,P1,2.85,2.0,<,hours
55003,E2E Full Test Corporation 1769028736 - AI Lab,2024-01-01,P1-KPI3,GPU Utilization,P1,83.29,85.0,>,%
55003,E2E Full Test Corporation 1769028736 - AI Lab,2024-01-31,P1-KPI3,GPU Utilization,P1,83.87,85.0,>,%
55003,E2E Full Test Corporation 1769028736 - AI Lab,2024-03-01,P1-KPI3,GPU Utilization,P1,80.21,85.0,>,%
55003,E2E Full Test Corporation 1769028736 - AI Lab,2024-03-31,P1-KPI3,GPU Utilization,P1,77.31,85.0,>,%
55003,E2E Full Test Corporation 1769028736 - AI Lab,2024-04-30,P1-KPI3,GPU Utilization,P1,83.55,85.0,>,%
55003,E2E Full Test Corporation 1769028736 - AI Lab,2024-05-30,P1-KPI3,GPU Utilization,P1,81.9,85.0,>,%
55003,E2E Full Test Corporation 1769028736 - AI Lab,2024-06-29,P1-KPI3,GPU Utilization,P1,84.09,85.0,>,%
55003,E2E Full Test Corporation 1769028736 - AI Lab,2024-07-29,P1-KPI3,GPU Utilization,P1,82.78,85.0,>,%
55003,E2E Full Test Corporation 1769028736 - AI Lab,2024-08-28,P1-KPI3,GPU Utilization,P1,77.74,85.0,>,%
55003,E2E Full Test Corporation 1769028736 - AI Lab,2024-09-27,P1-KPI3,GPU Utilization,P1,77.84,85.0,>,%
55003,E2E Full Test Corporation 1769028736 - AI Lab,2024-10-27,P1-KPI3,GPU Utilization,P1,82.28,85.0,>,%
55003,E2E Full Test Corporation 1769028736 - AI Lab,2024-11-26,P1-KPI3,GPU Utilization,P1,78.16,85.0,>,%
55003,E2E Full Test Corporation 1769028736 - AI Lab,2024-01-01,P1-KPI4,Network Latency,P1,15.46,10.0,<,ms
55003,E2E Full Test Corporation 1769028736 - AI Lab,2024-01-31,P1-KPI4,Network Latency,P1,16.17,10.0,<,ms
55003,E2E Full Test Corporation 1769028736 - AI Lab,2024-03-01,P1-KPI4,Network Latency,P1,16.72,10.0,<,ms
55003,E2E Full Test Corporation 1769028736 - AI Lab,2024-03-31,P1-KPI4,Network Latency,P1,15.67,10.0,<,ms
55003,E2E Full Test Corporation 1769028736 - AI Lab,2024-04-30,P1-KPI4,Network Latency,P1,15.53,10.0,<,ms
55003,E2E Full Test Corporation 1769028736 - AI Lab,2024-05-30,P1-KPI4,Network Latency,P1,15.35,10.0,<,ms
55003,E2E Full Test Corporation 1769028736 - AI Lab,2024-06-29,P1-KPI4,Network Latency,P1,16.67,10.0,<,ms
55003,E2E Full Test Corporation 1769028736 - AI Lab,2024-07-29,P1-KPI4,Network Latency,P1,15.58,10.0,<,ms
55003,E2E Full Test Corporation 1769028736 - AI Lab,2024-08-28,P1-KPI4,Network Latency,P1,16.21,10.0,<,ms
55003,E2E Full Test Corporation 1769028736 - AI Lab,2024-09-27,P1-KPI4,Network Latency,P1,16.19,10.0,<,ms
55003,E2E Full Test Corporation 1769028736 - AI Lab,2024-10-27,P1-KPI4,Network Latency,P1,15.94,10.0,<,ms
55003,E2E Full Test Corporation 1769028736 - AI Lab,2024-11-26,P1-KPI4,Network Latency,P1,16.69,10.0,<,ms
55003,E2E Full Test Corporation 1769028736 - AI Lab,2024-01-01,P1-KPI5,Storage Performance,P1,96462.1,100000.0,>,IOPS
55003,E2E Full Test Corporation 1769028736 - AI Lab,2024-01-31,P1-KPI5,Storage Performance,P1,89494.91,100000.0,>,IOPS
55003,E2E Full Test Corporation 1769028736 - AI Lab,2024-03-01,P1-KPI5,Storage Performance,P1,95910.44,100000.0,>,IOPS
55003,E2E Full Test Corporation 1769028736 - AI Lab,2024-03-31,P1-KPI5,Storage Performance,P1,90682.36,100000.0,>,IOPS
55003,E2E Full Test Corporation 1769028736 - AI Lab,2024-04-30,P1-KPI5,Storage Performance,P1,95386.92,100000.0,>,IOPS
55003,E2E Full Test Corporation 1769028736 - AI Lab,2024-05-30,P1-KPI5,Storage Performance,P1,90057.35,100000.0,>,IOPS
55003,E2E Full Test Corporation 1769028736 - AI Lab,2024-06-29,P1-KPI5,Storage Performance,P1,95946.35,100000.0,>,IOPS
55003,E2E Full Test Corporation 1769028736 - AI Lab,2024-07-29,P1-KPI5,Storage Performance,P1,92846.73,100000.0,>,IOPS
55003,E2E Full Test Corporation 1769028736 - AI Lab,2024-08-28,P1-KPI5,Storage Performance,P1,96751.54,100000.0,>,IOPS
55003,E2E Full Test Corporation 1769028736 - AI Lab,2024-09-27,P1-KPI5,Storage Performance,P1,93835.83,100000.0,>,IOPS
55003,E2E Full Test Corporation 1769028736 - AI Lab,2024-10-27,P1-KPI5,Storage Performance,P1,90612.37,100000.0,>,IOPS
55003,E2E Full Test Corporation 1769028736 - AI Lab,2024-11-26,P1-KPI5,Storage Performance,P1,89467.45,100000.0,>,IOPS
55003,E2E Full Test Corporation 1769028736 - AI Lab,2024-01-01,P1-KPI6,Cooling Efficiency,P1,1.38,1.3,<,PUE
55003,E2E Full Test Corporation 1769028736 - AI Lab,2024-01-31,P1-KPI6,Cooling Efficiency,P1,1.4,1.3,<,PUE
55003,E2E Full Test Corporation 1769028736 - AI Lab,2024-03-01,P1-KPI6,Cooling Efficiency,P1,1.41,1.3,<,PUE
55003,E2E Full Test Corporation 1769028736 - AI Lab,2024-03-31,P1-KPI6,Cooling Efficiency,P1,1.38,1.3,<,PUE
55003,E2E Full Test Corporation 1769028736 - AI Lab,2024-04-30,P1-KPI6,Cooling Efficiency,P1,1.34,1.3,<,PUE
55003,E2E Full Test Corporation 1769028736 - AI Lab,2024-05-30,P1-KPI6,Cooling Efficiency,P1,1.41,1.3,<,PUE
55003,E2E Full Test Corporation 1769028736 - AI Lab,2024-06-29,P1-KPI6,Cooling Efficiency,P1,1.41,1.3,<,PUE
55003,E2E Full Test Corporation 1769028736 - AI Lab,2024-07-29,P1-KPI6,Cooling Efficiency,P1,1.35,1.3,<,PUE
55003,E2E Full Test Corporation 1769028736 - AI Lab,2024-08-28,P1-KPI6,Cooling Efficiency,P1,1.33,1.3,<,PUE
55003,E2E Full Test Corporation 1769028736 - AI Lab,2024-09-27,P1-KPI6,Cooling Efficiency,P1,1.36,1.3,<,PUE
55003,E2E Full Test Corporation 1769028736 - AI Lab,2024-10-27,P1-KPI6,Cooling Efficiency,P1,1.32,1.3,<,PUE
55003,E2E Full Test Corporation 1769028736 - AI Lab,2024-11-26,P1-KPI6,Cooling Efficiency,P1,1.42,1.3,<,PUE
55003,E2E Full Test Corporation 1769028736 - AI Lab,2024-01-01,P1-KPI7,Power Usage,P1,558.96,500.0,<,kW
55003,E2E Full Test Corporation 1769028736 - AI Lab,2024-01-31,P1-KPI7,Power Usage,P1,524.0,500.0,<,kW
55003,E2E Full Test Corporation 1769028736 - AI Lab,2024-03-01,P1-KPI7,Power Usage,P1,519.86,500.0,<,kW
55003,E2E Full Test Corporation 1769028736 - AI Lab,2024-03-31,P1-KPI7,Power Usage,P1,532.6,500.0,<,kW
55003,E2E Full Test Corporation 1769028736 - AI Lab,2024-04-30,P1-KPI7,Power Usage,P1,542.26,500.0,<,kW
55003,E2E Full Test Corporation 1769028736 - AI Lab,2024-05-30,P1-KPI7,Power Usage,P1,534.98,500.0,<,kW
55003,E2E Full Test Corporation 1769028736 - AI Lab,2024-06-29,P1-KPI7,Power Usage,P1,559.76,500.0,<,kW
55003,E2E Full Test Corporation 1769028736 - AI Lab,2024-07-29,P1-KPI7,Power Usage,P1,529.23,500.0,<,kW
55003,E2E Full Test Corporation 1769028736 - AI Lab,2024-08-28,P1-KPI7,Power Usage,P1,571.61,500.0,<,kW
55003,E2E Full Test Corporation 1769028736 - AI Lab,2024-09-27,P1-KPI7,Power Usage,P1,530.88,500.0,<,kW
55003,E2E Full Test Corporation 1769028736 - AI Lab,2024-10-27,P1-KPI7,Power Usage,P1,541.11,500.0,<,kW
55003,E2E Full Test Corporation 1769028736 - AI Lab,2024-11-26,P1-KPI7,Power Usage,P1,530.42,500.0,<,kW
55003,E2E Full Test Corporation 1769028736 - AI Lab,2024-01-01,P1-KPI8,Thermal Management,P1,27.56,25.0,<,°C
55003,E2E Full Test Corporation 1769028736 - AI Lab,2024-01-31,P1-KPI8,Thermal Management,P1,25.67,25.0,<,°C
55003,E2E Full Test Corporation 1769028736 - AI Lab,2024-03-01,P1-KPI8,Thermal Management,P1,27.16,25.0,<,°C
55003,E2E Full Test Corporation 1769028736 - AI Lab,2024-03-31,P1-KPI8,Thermal Management,P1,25.31,25.0,<,°C
55003,E2E Full Test Corporation 1769028736 - AI Lab,2024-04-30,P1-KPI8,Thermal Management,P1,26.03,25.0,<,°C
55003,E2E Full Test Corporation 1769028736 - AI Lab,2024-05-30,P1-KPI8,Thermal Management,P1,25.81,25.0,<,°C
55003,E2E Full Test Corporation 1769028736 - AI Lab,2024-06-29,P1-KPI8,Thermal Management,P1,27.41,25.0,<,°C
55003,E2E Full Test Corporation 1769028736 - AI Lab,2024-07-29,P1-KPI8,Thermal Management,P1,26.58,25.0,<,°C
55003,E2E Full Test Corporation 1769028736 - AI Lab,2024-08-28,P1-KPI8,Thermal Management,P1,27.13,25.0,<,°C
55003,E2E Full Test Corporation 1769028736 - AI Lab,2024-09-27,P1-KPI8,Thermal Management,P1,26.02,25.0,<,°C
55003,E2E Full Test Corporation 1769028736 - AI Lab,2024-10-27,P1-KPI8,Thermal Management,P1,25.28,25.0,<,°C
55003,E2E Full Test Corporation 1769028736 - AI Lab,2024-11-26,P1-KPI8,Thermal Management,P1,27.11,25.0,<,°C
55003,E2E Full Test Corporation 1769028736 - AI Lab,2024-01-01,P2-KPI1,SLA Compliance,P2,98.37,99.0,>,%
55003,E2E Full Test Corporation 1769028736 - AI Lab,2024-01-31,P2-KPI1,SLA Compliance,P2,100.0,99.0,>,%
55003,E2E Full Test Corporation 1769028736 - AI Lab,2024-03-01,P2-KPI1,SLA Compliance,P2,98.75,99.0,>,%
55003,E2E Full Test Corporation 1769028736 - AI Lab,2024-03-31,P2-KPI1,SLA Compliance,P2,95.0,99.0,>,%
55003,E2E Full Test Corporation 1769028736 - AI Lab,2024-04-30,P2-KPI1,SLA Compliance,P2,100.0,99.0,>,%
55003,E2E Full Test Corporation 1769028736 - AI Lab,2024-05-30,P2-KPI1,SLA Compliance,P2,95.0,99.0,>,%
55003,E2E Full Test Corporation 1769028736 - AI Lab,2024-06-29,P2-KPI1,SLA Compliance,P2,96.35,99.0,>,%
55003,E2E Full Test Corporation 1769028736 - AI Lab,2024-07-29,P2-KPI1,SLA Compliance,P2,100.0,99.0,>,%
55003,E2E Full Test Corporation 1769028736 - AI Lab,2024-08-28,P2-KPI1,SLA Compliance,P2,99.5,99.0,>,%
55003,E2E Full Test Corporation 1769028736 - AI Lab,2024-09-27,P2-KPI1,SLA Compliance,P2,95.17,99.0,>,%
55003,E2E Full Test Corporation 1769028736 - AI Lab,2024-10-27,P2-KPI1,SLA Compliance,P2,96.28,99.0,>,%
55003,E2E Full Test Corporation 1769028736 - AI Lab,2024-11-26,P2-KPI1,SLA Compliance,P2,100.0,99.0,>,%
55003,E2E Full Test Corporation 1769028736 - AI Lab,2024-01-01,P2-KPI2,Incident Response Time,P2,22.68,15.0,<,minutes
55003,E2E Full Test Corporation 1769028736 - AI Lab,2024-01-31,P2-KPI2,Incident Response Time,P2,20.71,15.0,<,minutes
55003,E2E Full Test Corporation 1769028736 - AI Lab,2024-03-01,P2-KPI2,Incident Response Time,P2,21.89,15.0,<,minutes
55003,E2E Full Test Corporation 1769028736 - AI Lab,2024-03-31,P2-KPI2,Incident Response Time,P2,22.47,15.0,<,minutes
55003,E2E Full Test Corporation 1769028736 - AI Lab,2024-04-30,P2-KPI2,Incident Response Time,P2,22.65,15.0,<,minutes
55003,E2E Full Test Corporation 1769028736 - AI Lab,2024-05-30,P2-KPI2,Incident Response Time,P2,20.81,15.0,<,minutes
55003,E2E Full Test Corporation 1769028736 - AI Lab,2024-06-29,P2-KPI2,Incident Response Time,P2,21.46,15.0,<,minutes
55003,E2E Full Test Corporation 1769028736 - AI Lab,2024-07-29,P2-KPI2,Incident Response Time,P2,22.57,15.0,<,minutes
55003,E2E Full Test Corporation 1769028736 - AI Lab,2024-08-28,P2-KPI2,Incident Response Time,P2,22.26,15.0,<,minutes
55003,E2E Full Test Corporation 1769028736 - AI Lab,2024-09-27,P2-KPI2,Incident Response Time,P2,21.14,15.0,<,minutes
55003,E2E Full Test Corporation 1769028736 - AI Lab,2024-10-27,P2-KPI2,Incident Response Time,P2,21.63,15.0,<,minutes
55003,E2E Full Test Corporation 1769028736 - AI Lab,2024-11-26,P2-KPI2,Incident Response Time,P2,22.1,15.0,<,minutes
55003,E2E Full Test Corporation 1769028736 - AI Lab,2024-01-01,P2-KPI3,Change Success Rate,P2,95.93,98.0,>,%
55003,E2E Full Test Corporation 1769028736 - AI Lab,2024-01-31,P2-KPI3,Change Success Rate,P2,92.2,98.0,>,%
55003,E2E Full Test Corporation 1769028736 - AI Lab,2024-03-01,P2-KPI3,Change Success Rate,P2,99.33,98.0,>,%
55003,E2E Full Test Corporation 1769028736 - AI Lab,2024-03-31,P2-KPI3,Change Success Rate,P2,96.68,98.0,>,%
55003,E2E Full Test Corporation 1769028736 - AI Lab,2024-04-30,P2-KPI3,Change Success Rate,P2,95.33,98.0,>,%
55003,E2E Full Test Corporation 1769028736 - AI Lab,2024-05-30,P2-KPI3,Change Success Rate,P2,99.13,98.0,>,%
55003,E2E Full Test Corporation 1769028736 - AI Lab,2024-06-29,P2-KPI3,Change Success Rate,P2,98.16,98.0,>,%
55003,E2E Full Test Corporation 1769028736 - AI Lab,2024-07-29,P2-KPI3,Change Success Rate,P2,100.0,98.0,>,%
55003,E2E Full Test Corporation 1769028736 - AI Lab,2024-08-28,P2-KPI3,Change Success Rate,P2,98.46,98.0,>,%
55003,E2E Full Test Corporation 1769028736 - AI Lab,2024-09-27,P2-KPI3,Change Success Rate,P2,97.96,98.0,>,%
55003,E2E Full Test Corporation 1769028736 - AI Lab,2024-10-27,P2-KPI3,Change Success Rate,P2,100.0,98.0,>,%
55003,E2E Full Test Corporation 1769028736 - AI Lab,2024-11-26,P2-KPI3,Change Success Rate,P2,97.6,98.0,>,%
55003,E2E Full Test Corporation 1769028736 - AI Lab,2024-01-01,P2-KPI4,Backup Success Rate,P2,96.8,100.0,>,%
55003,E2E Full Test Corporation 1769028736 - AI Lab,2024-01-31,P2-KPI4,Backup Success Rate,P2,100.0,100.0,>,%
55003,E2E Full Test Corporation 1769028736 - AI Lab,2024-03-01,P2-KPI4,Backup Success Rate,P2,100.0,100.0,>,%
55003,E2E Full Test Corporation 1769028736 - AI Lab,2024-03-31,P2-KPI4,Backup Success Rate,P2,95.12,100.0,>,%
55003,E2E Full Test Corporation 1769028736 - AI Lab,2024-04-30,P2-KPI4,Backup Success Rate,P2,100.0,100.0,>,%
55003,E2E Full Test Corporation 1769028736 - AI Lab,2024-05-30,P2-KPI4,Backup Success Rate,P2,100.0,100.0,>,%
55003,E2E Full Test Corporation 1769028736 - AI Lab,2024-06-29,P2-KPI4,Backup Success Rate,P2,100.0,100.0,>,%
55003,E2E Full Test Corporation 1769028736 - AI Lab,2024-07-29,P2-KPI4,Backup Success Rate,P2,95.0,100.0,>,%
55003,E2E Full Test Corporation 1769028736 - AI Lab,2024-08-28,P2-KPI4,Backup Success Rate,P2,97.01,100.0,>,%
55003,E2E Full Test Corporation 1769028736 - AI Lab,2024-09-27,P2-KPI4,Backup Success Rate,P2,96.02,100.0,>,%
55003,E2E Full Test Corporation 1769028736 - AI Lab,2024-10-27,P2-KPI4,Backup Success Rate,P2,96.3,100.0,>,%
55003,E2E Full Test Corporation 1769028736 - AI Lab,2024-11-26,P2-KPI4,Backup Success Rate,P2,99.03,100.0,>,%
55003,E2E Full Test Corporation 1769028736 - AI Lab,2024-01-01,P2-KPI5,Patch Compliance,P2,94.36,95.0,>,%
55003,E2E Full Test Corporation 1769028736 - AI Lab,2024-01-31,P2-KPI5,Patch Compliance,P2,91.63,95.0,>,%
55003,E2E Full Test Corporation 1769028736 - AI Lab,2024-03-01,P2-KPI5,Patch Compliance,P2,90.69,95.0,>,%
55003,E2E Full Test Corporation 1769028736 - AI Lab,2024-03-31,P2-KPI5,Patch Compliance,P2,89.5,95.0,>,%
55003,E2E Full Test Corporation 1769028736 - AI Lab,2024-04-30,P2-KPI5,Patch Compliance,P2,95.74,95.0,>,%
55003,E2E Full Test Corporation 1769028736 - AI Lab,2024-05-30,P2-KPI5,Patch Compliance,P2,96.1,95.0,>,%
55003,E2E Full Test Corporation 1769028736 - AI Lab,2024-06-29,P2-KPI5,Patch Compliance,P2,96.85,95.0,>,%
55003,E2E Full Test Corporation 1769028736 - AI Lab,2024-07-29,P2-KPI5,Patch Compliance,P2,89.49,95.0,>,%
55003,E2E Full Test Corporation 1769028736 - AI Lab,2024-08-28,P2-KPI5,Patch Compliance,P2,91.94,95.0,>,%
55003,E2E Full Test Corporation 1769028736 - AI Lab,2024-09-27,P2-KPI5,Patch Compliance,P2,88.91,95.0,>,%
55003,E2E Full Test Corporation 1769028736 - AI Lab,2024-10-27,P2-KPI5,Patch Compliance,P2,94.99,95.0,>,%
55003,E2E Full Test Corporation 1769028736 - AI Lab,2024-11-26,P2-KPI5,Patch Compliance,P2,95.83,95.0,>,%
55003,E2E Full Test Corporation 1769028736 - AI Lab,2024-01-01,P2-KPI6,Service Request Fulfillment,P2,3.91,3.0,<,days
55003,E2E Full Test Corporation 1769028736 - AI Lab,2024-01-31,P2-KPI6,Service Request Fulfillment,P2,4.23,3.0,<,days
55003,E2E Full Test Corporation 1769028736 - AI Lab,2024-03-01,P2-KPI6,Service Request Fulfillment,P2,3.87,3.0,<,days
55003,E2E Full Test Corporation 1769028736 - AI Lab,2024-03-31,P2-KPI6,Service Request Fulfillment,P2,3.87,3.0,<,days
55003,E2E Full Test Corporation 1769028736 - AI Lab,2024-04-30,P2-KPI6,Service Request Fulfillment,P2,3.92,3.0,<,days
55003,E2E Full Test Corporation 1769028736 - AI Lab,2024-05-30,P2-KPI6,Service Request Fulfillment,P2,4.12,3.0,<,days
55003,E2E Full Test Corporation 1769028736 - AI Lab,2024-06-29,P2-KPI6,Service Request Fulfillment,P2,4.08,3.0,<,days
55003,E2E Full Test Corporation 1769028736 - AI Lab,2024-07-29,P2-KPI6,Service Request Fulfillment,P2,3.97,3.0,<,days
55003,E2E Full Test Corporation 1769028736 - AI Lab,2024-08-28,P2-KPI6,Service Request Fulfillment,P2,4.01,3.0,<,days
55003,E2E Full Test Corporation 1769028736 - AI Lab,2024-09-27,P2-KPI6,Service Request Fulfillment,P2,4.22,3.0,<,days
55003,E2E Full Test Corporation 1769028736 - AI Lab,2024-10-27,P2-KPI6,Service Request Fulfillment,P2,4.15,3.0,<,days
55003,E2E Full Test Corporation 1769028736 - AI Lab,2024-11-26,P2-KPI6,Service Request Fulfillment,P2,4.22,3.0,<,days
55003,E2E Full Test Corporation 1769028736 - AI Lab,2024-01-01,P2-KPI7,Capacity Planning Accuracy,P2,90.33,90.0,>,%
55003,E2E Full Test Corporation 1769028736 - AI Lab,2024-01-31,P2-KPI7,Capacity Planning Accuracy,P2,86.27,90.0,>,%
55003,E2E Full Test Corporation 1769028736 - AI Lab,2024-03-01,P2-KPI7,Capacity Planning Accuracy,P2,85.66,90.0,>,%
55003,E2E Full Test Corporation 1769028736 - AI Lab,2024-03-31,P2-KPI7,Capacity Planning Accuracy,P2,86.51,90.0,>,%
55003,E2E Full Test Corporation 1769028736 - AI Lab,2024-04-30,P2-KPI7,Capacity Planning Accuracy,P2,89.92,90.0,>,%
55003,E2E Full Test Corporation 1769028736 - AI Lab,2024-05-30,P2-KPI7,Capacity Planning Accuracy,P2,86.83,90.0,>,%
55003,E2E Full Test Corporation 1769028736 - AI Lab,2024-06-29,P2-KPI7,Capacity Planning Accuracy,P2,84.45,90.0,>,%
55003,E2E Full Test Corporation 1769028736 - AI Lab,2024-07-29,P2-KPI7,Capacity Planning Accuracy,P2,87.7,90.0,>,%
55003,E2E Full Test Corporation 1769028736 - AI Lab,2024-08-28,P2-KPI7,Capacity Planning Accuracy,P2,83.45,90.0,>,%
55003,E2E Full Test Corporation 1769028736 - AI Lab,2024-09-27,P2-KPI7,Capacity Planning Accuracy,P2,85.21,90.0,>,%
55003,E2E Full Test Corporation 1769028736 - AI Lab,2024-10-27,P2-KPI7,Capacity Planning Accuracy,P2,85.23,90.0,>,%
55003,E2E Full Test Corporation 1769028736 - AI Lab,2024-11-26,P2-KPI7,Capacity Planning Accuracy,P2,84.03,90.0,>,%
55003,E2E Full Test Corporation 1769028736 - AI Lab,2024-01-01,P2-KPI8,Documentation Quality,P2,79.59,85.0,>,score
55003,E2E Full Test Corporation 1769028736 - AI Lab,2024-01-31,P2-KPI8,Documentation Quality,P2,83.82,85.0,>,score
55003,E2E Full Test Corporation 1769028736 - AI Lab,2024-03-01,P2-KPI8,Documentation Quality,P2,78.97,85.0,>,score
55003,E2E Full Test Corporation 1769028736 - AI Lab,2024-03-31,P2-KPI8,Documentation Quality,P2,83.35,85.0,>,score
55003,E2E Full Test Corporation 1769028736 - AI Lab,2024-04-30,P2-KPI8,Documentation Quality,P2,81.85,85.0,>,score
55003,E2E Full Test Corporation 1769028736 - AI Lab,2024-05-30,P2-KPI8,Documentation Quality,P2,81.65,85.0,>,score
55003,E2E Full Test Corporation 1769028736 - AI Lab,2024-06-29,P2-KPI8,Documentation Quality,P2,84.45,85.0,>,score
55003,E2E Full Test Corporation 1769028736 - AI Lab,2024-07-29,P2-KPI8,Documentation Quality,P2,83.43,85.0,>,score
55003,E2E Full Test Corporation 1769028736 - AI Lab,2024-08-28,P2-KPI8,Documentation Quality,P2,85.29,85.0,>,score
55003,E2E Full Test Corporation 1769028736 - AI Lab,2024-09-27,P2-KPI8,Documentation Quality,P2,83.57,85.0,>,score
55003,E2E Full Test Corporation 1769028736 - AI Lab,2024-10-27,P2-KPI8,Documentation Quality,P2,81.35,85.0,>,score
55003,E2E Full Test Corporation 1769028736 - AI Lab,2024-11-26,P2-KPI8,Documentation Quality,P2,85.24,85.0,>,score
55003,E2E Full Test Corporation 1769028736 - AI Lab,2024-01-01,P3-KPI1,CSAT Score,P3,4.27,4.5,>,score
55003,E2E Full Test Corporation 1769028736 - AI Lab,2024-01-31,P3-KPI1,CSAT Score,P3,4.45,4.5,>,score
55003,E2E Full Test Corporation 1769028736 - AI Lab,2024-03-01,P3-KPI1,CSAT Score,P3,4.1,4.5,>,score
55003,E2E Full Test Corporation 1769028736 - AI Lab,2024-03-31,P3-KPI1,CSAT Score,P3,4.14,4.5,>,score
55003,E2E Full Test Corporation 1769028736 - AI Lab,2024-04-30,P3-KPI1,CSAT Score,P3,4.32,4.5,>,score
55003,E2E Full Test Corporation 1769028736 - AI Lab,2024-05-30,P3-KPI1,CSAT Score,P3,4.42,4.5,>,score
55003,E2E Full Test Corporation 1769028736 - AI Lab,2024-06-29,P3-KPI1,CSAT Score,P3,4.24,4.5,>,score
55003,E2E Full Test Corporation 1769028736 - AI Lab,2024-07-29,P3-KPI1,CSAT Score,P3,4.44,4.5,>,score
55003,E2E Full Test Corporation 1769028736 - AI Lab,2024-08-28,P3-KPI1,CSAT Score,P3,4.48,4.5,>,score
55003,E2E Full Test Corporation 1769028736 - AI Lab,2024-09-27,P3-KPI1,CSAT Score,P3,4.1,4.5,>,score
55003,E2E Full Test Corporation 1769028736 - AI Lab,2024-10-27,P3-KPI1,CSAT Score,P3,4.29,4.5,>,score
55003,E2E Full Test Corporation 1769028736 - AI Lab,2024-11-26,P3-KPI1,CSAT Score,P3,4.4,4.5,>,score
55003,E2E Full Test Corporation 1769028736 - AI Lab,2024-01-01,P3-KPI2,Support Ticket Volume,P3,30.55,20.0,<,tickets
55003,E2E Full Test Corporation 1769028736 - AI Lab,2024-01-31,P3-KPI2,Support Ticket Volume,P3,31.07,20.0,<,tickets
55003,E2E Full Test Corporation 1769028736 - AI Lab,2024-03-01,P3-KPI2,Support Ticket Volume,P3,33.55,20.0,<,tickets
55003,E2E Full Test Corporation 1769028736 - AI Lab,2024-03-31,P3-KPI2,Support Ticket Volume,P3,31.34,20.0,<,tickets
55003,E2E Full Test Corporation 1769028736 - AI Lab,2024-04-30,P3-KPI2,Support Ticket Volume,P3,32.02,20.0,<,tickets
55003,E2E Full Test Corporation 1769028736 - AI Lab,2024-05-30,P3-KPI2,Support Ticket Volume,P3,31.63,20.0,<,tickets
55003,E2E Full Test Corporation 1769028736 - AI Lab,2024-06-29,P3-KPI2,Support Ticket Volume,P3,30.58,20.0,<,tickets
55003,E2E Full Test Corporation 1769028736 - AI Lab,2024-07-29,P3-KPI2,Support Ticket Volume,P3,30.57,20.0,<,tickets
55003,E2E Full Test Corporation 1769028736 - AI Lab,2024-08-28,P3-KPI2,Support Ticket Volume,P3,33.31,20.0,<,tickets
55003,E2E Full Test Corporation 1769028736 - AI Lab,2024-09-27,P3-KPI2,Support Ticket Volume,P3,31.12,20.0,<,tickets
55003,E2E Full Test Corporation 1769028736 - AI Lab,2024-10-27,P3-KPI2,Support Ticket Volume,P3,33.04,20.0,<,tickets
55003,E2E Full Test Corporation 1769028736 - AI Lab,2024-11-26,P3-KPI2,Support Ticket Volume,P3,32.39,20.0,<,tickets
55003,E2E Full Test Corporation 1769028736 - AI Lab,2024-01-01,P3-KPI3,First Contact Resolution,P3,73.22,75.0,>,%
55003,E2E Full Test Corporation 1769028736 - AI Lab,2024-01-31,P3-KPI3,First Contact Resolution,P3,68.63,75.0,>,%
55003,E2E Full Test Corporation 1769028736 - AI Lab,2024-03-01,P3-KPI3,First Contact Resolution,P3,68.77,75.0,>,%
55003,E2E Full Test Corporation 1769028736 - AI Lab,2024-03-31,P3-KPI3,First Contact Resolution,P3,71.48,75.0,>,%
55003,E2E Full Test Corporation 1769028736 - AI Lab,2024-04-30,P3-KPI3,First Contact Resolution,P3,70.61,75.0,>,%
55003,E2E Full Test Corporation 1769028736 - AI Lab,2024-05-30,P3-KPI3,First Contact Resolution,P3,70.0,75.0,>,%
55003,E2E Full Test Corporation 1769028736 - AI Lab,2024-06-29,P3-KPI3,First Contact Resolution,P3,72.5,75.0,>,%
55003,E2E Full Test Corporation 1769028736 - AI Lab,2024-07-29,P3-KPI3,First Contact Resolution,P3,70.95,75.0,>,%
55003,E2E Full Test Corporation 1769028736 - AI Lab,2024-08-28,P3-KPI3,First Contact Resolution,P3,72.02,75.0,>,%
55003,E2E Full Test Corporation 1769028736 - AI Lab,2024-09-27,P3-KPI3,First Contact Resolution,P3,68.42,75.0,>,%
55003,E2E Full Test Corporation 1769028736 - AI Lab,2024-10-27,P3-KPI3,First Contact Resolution,P3,73.59,75.0,>,%
55003,E2E Full Test Corporation 1769028736 - AI Lab,2024-11-26,P3-KPI3,First Contact Resolution,P3,72.56,75.0,>,%
55003,E2E Full Test Corporation 1769028736 - AI Lab,2024-01-01,P3-KPI4,Training Completion,P3,81.43,90.0,>,%
55003,E2E Full Test Corporation 1769028736 - AI Lab,2024-01-31,P3-KPI4,Training Completion,P3,86.21,90.0,>,%
55003,E2E Full Test Corporation 1769028736 - AI Lab,2024-03-01,P3-KPI4,Training Completion,P3,89.43,90.0,>,%
55003,E2E Full Test Corporation 1769028736 - AI Lab,2024-03-31,P3-KPI4,Training Completion,P3,89.61,90.0,>,%
55003,E2E Full Test Corporation 1769028736 - AI Lab,2024-04-30,P3-KPI4,Training Completion,P3,89.16,90.0,>,%
55003,E2E Full Test Corporation 1769028736 - AI Lab,2024-05-30,P3-KPI4,Training Completion,P3,88.86,90.0,>,%
55003,E2E Full Test Corporation 1769028736 - AI Lab,2024-06-29,P3-KPI4,Training Completion,P3,82.12,90.0,>,%
55003,E2E Full Test Corporation 1769028736 - AI Lab,2024-07-29,P3-KPI4,Training Completion,P3,89.4,90.0,>,%
55003,E2E Full Test Corporation 1769028736 - AI Lab,2024-08-28,P3-KPI4,Training Completion,P3,84.09,90.0,>,%
55003,E2E Full Test Corporation 1769028736 - AI Lab,2024-09-27,P3-KPI4,Training Completion,P3,85.48,90.0,>,%
55003,E2E Full Test Corporation 1769028736 - AI Lab,2024-10-27,P3-KPI4,Training Completion,P3,82.62,90.0,>,%
55003,E2E Full Test Corporation 1769028736 - AI Lab,2024-11-26,P3-KPI4,Training Completion,P3,84.84,90.0,>,%
55003,E2E Full Test Corporation 1769028736 - AI Lab,2024-01-01,P3-KPI5,User Adoption Rate,P3,72.45,80.0,>,%
55003,E2E Full Test Corporation 1769028736 - AI Lab,2024-01-31,P3-KPI5,User Adoption Rate,P3,74.82,80.0,>,%
55003,E2E Full Test Corporation 1769028736 - AI Lab,2024-03-01,P3-KPI5,User Adoption Rate,P3,76.6,80.0,>,%
55003,E2E Full Test Corporation 1769028736 - AI Lab,2024-03-31,P3-KPI5,User Adoption Rate,P3,71.9,80.0,>,%
55003,E2E Full Test Corporation 1769028736 - AI Lab,2024-04-30,P3-KPI5,User Adoption Rate,P3,76.01,80.0,>,%
55003,E2E Full Test Corporation 1769028736 - AI Lab,2024-05-30,P3-KPI5,User Adoption Rate,P3,77.44,80.0,>,%
55003,E2E Full Test Corporation 1769028736 - AI Lab,2024-06-29,P3-KPI5,User Adoption Rate,P3,76.58,80.0,>,%
55003,E2E Full Test Corporation 1769028736 - AI Lab,2024-07-29,P3-KPI5,User Adoption Rate,P3,78.81,80.0,>,%
55003,E2E Full Test Corporation 1769028736 - AI Lab,2024-08-28,P3-KPI5,User Adoption Rate,P3,78.38,80.0,>,%
55003,E2E Full Test Corporation 1769028736 - AI Lab,2024-09-27,P3-KPI5,User Adoption Rate,P3,72.27,80.0,>,%
55003,E2E Full Test Corporation 1769028736 - AI Lab,2024-10-27,P3-KPI5,User Adoption Rate,P3,74.62,80.0,>,%
55003,E2E Full Test Corporation 1769028736 - AI Lab,2024-11-26,P3-KPI5,User Adoption Rate,P3,77.86,80.0,>,%
55003,E2E Full Test Corporation 1769028736 - AI Lab,2024-01-01,P3-KPI6,Executive Engagement,P3,3.87,4.0,>,meetings/quarter
55003,E2E Full Test Corporation 1769028736 - AI Lab,2024-01-31,P3-KPI6,Executive Engagement,P3,3.61,4.0,>,meetings/quarter
55003,E2E Full Test Corporation 1769028736 - AI Lab,2024-03-01,P3-KPI6,Executive Engagement,P3,3.84,4.0,>,meetings/quarter
55003,E2E Full Test Corporation 1769028736 - AI Lab,2024-03-31,P3-KPI6,Executive Engagement,P3,3.81,4.0,>,meetings/quarter
55003,E2E Full Test Corporation 1769028736 - AI Lab,2024-04-30,P3-KPI6,Executive Engagement,P3,3.6,4.0,>,meetings/quarter
55003,E2E Full Test Corporation 1769028736 - AI Lab,2024-05-30,P3-KPI6,Executive Engagement,P3,3.85,4.0,>,meetings/quarter
55003,E2E Full Test Corporation 1769028736 - AI Lab,2024-06-29,P3-KPI6,Executive Engagement,P3,3.67,4.0,>,meetings/quarter
55003,E2E Full Test Corporation 1769028736 - AI Lab,2024-07-29,P3-KPI6,Executive Engagement,P3,3.69,4.0,>,meetings/quarter
55003,E2E Full Test Corporation 1769028736 - AI Lab,2024-08-28,P3-KPI6,Executive Engagement,P3,3.76,4.0,>,meetings/quarter
55003,E2E Full Test Corporation 1769028736 - AI Lab,2024-09-27,P3-KPI6,Executive Engagement,P3,3.73,4.0,>,meetings/quarter
55003,E2E Full Test Corporation 1769028736 - AI Lab,2024-10-27,P3-KPI6,Executive Engagement,P3,3.88,4.0,>,meetings/quarter
55003,E2E Full Test Corporation 1769028736 - AI Lab,2024-11-26,P3-KPI6,Executive Engagement,P3,3.87,4.0,>,meetings/quarter
55003,E2E Full Test Corporation 1769028736 - AI Lab,2024-01-01,P3-KPI7,Response Time SLA,P3,41.64,30.0,<,minutes
55003,E2E Full Test Corporation 1769028736 - AI Lab,2024-01-31,P3-KPI7,Response Time SLA,P3,43.17,30.0,<,minutes
55003,E2E Full Test Corporation 1769028736 - AI Lab,2024-03-01,P3-KPI7,Response Time SLA,P3,44.27,30.0,<,minutes
55003,E2E Full Test Corporation 1769028736 - AI Lab,2024-03-31,P3-KPI7,Response Time SLA,P3,41.81,30.0,<,minutes
55003,E2E Full Test Corporation 1769028736 - AI Lab,2024-04-30,P3-KPI7,Response Time SLA,P3,45.67,30.0,<,minutes
55003,E2E Full Test Corporation 1769028736 - AI Lab,2024-05-30,P3-KPI7,Response Time SLA,P3,43.72,30.0,<,minutes
55003,E2E Full Test Corporation 1769028736 - AI Lab,2024-06-29,P3-KPI7,Response Time SLA,P3,45.52,30.0,<,minutes
55003,E2E Full Test Corporation 1769028736 - AI Lab,2024-07-29,P3-KPI7,Response Time SLA,P3,45.1,30.0,<,minutes
55003,E2E Full Test Corporation 1769028736 - AI Lab,2024-08-28,P3-KPI7,Response Time SLA,P3,41.79,30.0,<,minutes
55003,E2E Full Test Corporation 1769028736 - AI Lab,2024-09-27,P3-KPI7,Response Time SLA,P3,41.94,30.0,<,minutes
55003,E2E Full Test Corporation 1769028736 - AI Lab,2024-10-27,P3-KPI7,Response Time SLA,P3,41.41,30.0,<,minutes
55003,E2E Full Test Corporation 1769028736 - AI Lab,2024-11-26,P3-KPI7,Response Time SLA,P3,41.53,30.0,<,minutes
55003,E2E Full Test Corporation 1769028736 - AI Lab,2024-01-01,P4-KPI1,ROI Achievement,P4,141.76,150.0,>,%
55003,E2E Full Test Corporation 1769028736 - AI Lab,2024-01-31,P4-KPI1,ROI Achievement,P4,145.7,150.0,>,%
55003,E2E Full Test Corporation 1769028736 - AI Lab,2024-03-01,P4-KPI1,ROI Achievement,P4,135.59,150.0,>,%
55003,E2E Full Test Corporation 1769028736 - AI Lab,2024-03-31,P4-KPI1,ROI Achievement,P4,136.94,150.0,>,%
55003,E2E Full Test Corporation 1769028736 - AI Lab,2024-04-30,P4-KPI1,ROI Achievement,P4,139.37,150.0,>,%
55003,E2E Full Test Corporation 1769028736 - AI Lab,2024-05-30,P4-KPI1,ROI Achievement,P4,142.65,150.0,>,%
55003,E2E Full Test Corporation 1769028736 - AI Lab,2024-06-29,P4-KPI1,ROI Achievement,P4,147.33,150.0,>,%
55003,E2E Full Test Corporation 1769028736 - AI Lab,2024-07-29,P4-KPI1,ROI Achievement,P4,138.5,150.0,>,%
55003,E2E Full Test Corporation 1769028736 - AI Lab,2024-08-28,P4-KPI1,ROI Achievement,P4,138.71,150.0,>,%
55003,E2E Full Test Corporation 1769028736 - AI Lab,2024-09-27,P4-KPI1,ROI Achievement,P4,144.5,150.0,>,%
55003,E2E Full Test Corporation 1769028736 - AI Lab,2024-10-27,P4-KPI1,ROI Achievement,P4,142.1,150.0,>,%
55003,E2E Full Test Corporation 1769028736 - AI Lab,2024-11-26,P4-KPI1,ROI Achievement,P4,140.84,150.0,>,%
55003,E2E Full Test Corporation 1769028736 - AI Lab,2024-01-01,P4-KPI2,Cost Reduction,P4,16.68,20.0,>,%
55003,E2E Full Test Corporation 1769028736 - AI Lab,2024-01-31,P4-KPI2,Cost Reduction,P4,16.47,20.0,>,%
55003,E2E Full Test Corporation 1769028736 - AI Lab,2024-03-01,P4-KPI2,Cost Reduction,P4,16.88,20.0,>,%
55003,E2E Full Test Corporation 1769028736 - AI Lab,2024-03-31,P4-KPI2,Cost Reduction,P4,16.79,20.0,>,%
55003,E2E Full Test Corporation 1769028736 - AI Lab,2024-04-30,P4-KPI2,Cost Reduction,P4,17.7,20.0,>,%
55003,E2E Full Test Corporation 1769028736 - AI Lab,2024-05-30,P4-KPI2,Cost Reduction,P4,16.94,20.0,>,%
55003,E2E Full Test Corporation 1769028736 - AI Lab,2024-06-29,P4-KPI2,Cost Reduction,P4,16.32,20.0,>,%
55003,E2E Full Test Corporation 1769028736 - AI Lab,2024-07-29,P4-KPI2,Cost Reduction,P4,17.02,20.0,>,%
55003,E2E Full Test Corporation 1769028736 - AI Lab,2024-08-28,P4-KPI2,Cost Reduction,P4,16.66,20.0,>,%
55003,E2E Full Test Corporation 1769028736 - AI Lab,2024-09-27,P4-KPI2,Cost Reduction,P4,17.76,20.0,>,%
55003,E2E Full Test Corporation 1769028736 - AI Lab,2024-10-27,P4-KPI2,Cost Reduction,P4,17.42,20.0,>,%
55003,E2E Full Test Corporation 1769028736 - AI Lab,2024-11-26,P4-KPI2,Cost Reduction,P4,16.51,20.0,>,%
55003,E2E Full Test Corporation 1769028736 - AI Lab,2024-01-01,P4-KPI3,Time to Value,P4,98.91,90.0,<,days
55003,E2E Full Test Corporation 1769028736 - AI Lab,2024-01-31,P4-KPI3,Time to Value,P4,101.42,90.0,<,days
55003,E2E Full Test Corporation 1769028736 - AI Lab,2024-03-01,P4-KPI3,Time to Value,P4,99.63,90.0,<,days
55003,E2E Full Test Corporation 1769028736 - AI Lab,2024-03-31,P4-KPI3,Time to Value,P4,100.04,90.0,<,days
55003,E2E Full Test Corporation 1769028736 - AI Lab,2024-04-30,P4-KPI3,Time to Value,P4,104.01,90.0,<,days
55003,E2E Full Test Corporation 1769028736 - AI Lab,2024-05-30,P4-KPI3,Time to Value,P4,108.15,90.0,<,days
55003,E2E Full Test Corporation 1769028736 - AI Lab,2024-06-29,P4-KPI3,Time to Value,P4,105.35,90.0,<,days
55003,E2E Full Test Corporation 1769028736 - AI Lab,2024-07-29,P4-KPI3,Time to Value,P4,102.98,90.0,<,days
55003,E2E Full Test Corporation 1769028736 - AI Lab,2024-08-28,P4-KPI3,Time to Value,P4,105.36,90.0,<,days
55003,E2E Full Test Corporation 1769028736 - AI Lab,2024-09-27,P4-KPI3,Time to Value,P4,102.97,90.0,<,days
55003,E2E Full Test Corporation 1769028736 - AI Lab,2024-10-27,P4-KPI3,Time to Value,P4,107.44,90.0,<,days
55003,E2E Full Test Corporation 1769028736 - AI Lab,2024-11-26,P4-KPI3,Time to Value,P4,105.23,90.0,<,days
55003,E2E Full Test Corporation 1769028736 - AI Lab,2024-01-01,P4-KPI4,Revenue Enablement,P4,4.41,5.0,>,$M
55003,E2E Full Test Corporation 1769028736 - AI Lab,2024-01-31,P4-KPI4,Revenue Enablement,P4,4.4,5.0,>,$M
55003,E2E Full Test Corporation 1769028736 - AI Lab,2024-03-01,P4-KPI4,Revenue Enablement,P4,4.49,5.0,>,$M
55003,E2E Full Test Corporation 1769028736 - AI Lab,2024-03-31,P4-KPI4,Revenue Enablement,P4,4.42,5.0,>,$M
55003,E2E Full Test Corporation 1769028736 - AI Lab,2024-04-30,P4-KPI4,Revenue Enablement,P4,4.36,5.0,>,$M
55003,E2E Full Test Corporation 1769028736 - AI Lab,2024-05-30,P4-KPI4,Revenue Enablement,P4,4.32,5.0,>,$M
55003,E2E Full Test Corporation 1769028736 - AI Lab,2024-06-29,P4-KPI4,Revenue Enablement,P4,4.55,5.0,>,$M
55003,E2E Full Test Corporation 1769028736 - AI Lab,2024-07-29,P4-KPI4,Revenue Enablement,P4,4.61,5.0,>,$M
55003,E2E Full Test Corporation 1769028736 - AI Lab,2024-08-28,P4-KPI4,Revenue Enablement,P4,4.54,5.0,>,$M
55003,E2E Full Test Corporation 1769028736 - AI Lab,2024-09-27,P4-KPI4,Revenue Enablement,P4,4.56,5.0,>,$M
55003,E2E Full Test Corporation 1769028736 - AI Lab,2024-10-27,P4-KPI4,Revenue Enablement,P4,4.55,5.0,>,$M
55003,E2E Full Test Corporation 1769028736 - AI Lab,2024-11-26,P4-KPI4,Revenue Enablement,P4,4.46,5.0,>,$M
55003,E2E Full Test Corporation 1769028736 - AI Lab,2024-01-01,P4-KPI5,Operational Efficiency,P4,81.46,85.0,>,%
55003,E2E Full Test Corporation 1769028736 - AI Lab,2024-01-31,P4-KPI5,Operational Efficiency,P4,78.3,85.0,>,%
55003,E2E Full Test Corporation 1769028736 - AI Lab,2024-03-01,P4-KPI5,Operational Efficiency,P4,83.79,85.0,>,%
55003,E2E Full Test Corporation 1769028736 - AI Lab,2024-03-31,P4-KPI5,Operational Efficiency,P4,77.51,85.0,>,%
55003,E2E Full Test Corporation 1769028736 - AI Lab,2024-04-30,P4-KPI5,Operational Efficiency,P4,78.92,85.0,>,%
55003,E2E Full Test Corporation 1769028736 - AI Lab,2024-05-30,P4-KPI5,Operational Efficiency,P4,79.6,85.0,>,%
55003,E2E Full Test Corporation 1769028736 - AI Lab,2024-06-29,P4-KPI5,Operational Efficiency,P4,84.25,85.0,>,%
55003,E2E Full Test Corporation 1769028736 - AI Lab,2024-07-29,P4-KPI5,Operational Efficiency,P4,77.99,85.0,>,%
55003,E2E Full Test Corporation 1769028736 - AI Lab,2024-08-28,P4-KPI5,Operational Efficiency,P4,78.11,85.0,>,%
55003,E2E Full Test Corporation 1769028736 - AI Lab,2024-09-27,P4-KPI5,Operational Efficiency,P4,85.27,85.0,>,%
55003,E2E Full Test Corporation 1769028736 - AI Lab,2024-10-27,P4-KPI5,Operational Efficiency,P4,80.49,85.0,>,%
55003,E2E Full Test Corporation 1769028736 - AI Lab,2024-11-26,P4-KPI5,Operational Efficiency,P4,82.93,85.0,>,%
55003,E2E Full Test Corporation 1769028736 - AI Lab,2024-01-01,P4-KPI6,Innovation Projects,P4,2.61,3.0,>,count
55003,E2E Full Test Corporation 1769028736 - AI Lab,2024-01-31,P4-KPI6,Innovation Projects,P4,2.8,3.0,>,count
55003,E2E Full Test Corporation 1769028736 - AI Lab,2024-03-01,P4-KPI6,Innovation Projects,P4,2.75,3.0,>,count
55003,E2E Full Test Corporation 1769028736 - AI Lab,2024-03-31,P4-KPI6,Innovation Projects,P4,2.64,3.0,>,count
55003,E2E Full Test Corporation 1769028736 - AI Lab,2024-04-30,P4-KPI6,Innovation Projects,P4,2.64,3.0,>,count
55003,E2E Full Test Corporation 1769028736 - AI Lab,2024-05-30,P4-KPI6,Innovation Projects,P4,2.66,3.0,>,count
55003,E2E Full Test Corporation 1769028736 - AI Lab,2024-06-29,P4-KPI6,Innovation Projects,P4,2.72,3.0,>,count
55003,E2E Full Test Corporation 1769028736 - AI Lab,2024-07-29,P4-KPI6,Innovation Projects,P4,2.81,3.0,>,count
55003,E2E Full Test Corporation 1769028736 - AI Lab,2024-08-28,P4-KPI6,Innovation Projects,P4,2.69,3.0,>,count
55003,E2E Full Test Corporation 1769028736 - AI Lab,2024-09-27,P4-KPI6,Innovation Projects,P4,2.73,3.0,>,count
55003,E2E Full Test Corporation 1769028736 - AI Lab,2024-10-27,P4-KPI6,Innovation Projects,P4,2.8,3.0,>,count
55003,E2E Full Test Corporation 1769028736 - AI Lab,2024-11-26,P4-KPI6,Innovation Projects,P4,2.61,3.0,>,count
55003,E2E Full Test Corporation 1769028736 - AI Lab,2024-01-01,P4-KPI7,Business Case Validation,P4,89.75,90.0,>,%
55003,E2E Full Test Corporation 1769028736 - AI Lab,2024-01-31,P4-KPI7,Business Case Validation,P4,85.39,90.0,>,%
55003,E2E Full Test Corporation 1769028736 - AI Lab,2024-03-01,P4-KPI7,Business Case Validation,P4,88.39,90.0,>,%
55003,E2E Full Test Corporation 1769028736 - AI Lab,2024-03-31,P4-KPI7,Business Case Validation,P4,87.48,90.0,>,%
55003,E2E Full Test Corporation 1769028736 - AI Lab,2024-04-30,P4-KPI7,Business Case Validation,P4,87.73,90.0,>,%
55003,E2E Full Test Corporation 1769028736 - AI Lab,2024-05-30,P4-KPI7,Business Case Validation,P4,89.85,90.0,>,%
55003,E2E Full Test Corporation 1769028736 - AI Lab,2024-06-29,P4-KPI7,Business Case Validation,P4,90.45,90.0,>,%
55003,E2E Full Test Corporation 1769028736 - AI Lab,2024-07-29,P4-KPI7,Business Case Validation,P4,84.89,90.0,>,%
55003,E2E Full Test Corporation 1769028736 - AI Lab,2024-08-28,P4-KPI7,Business Case Validation,P4,89.47,90.0,>,%
55003,E2E Full Test Corporation 1769028736 - AI Lab,2024-09-27,P4-KPI7,Business Case Validation,P4,86.24,90.0,>,%
55003,E2E Full Test Corporation 1769028736 - AI Lab,2024-10-27,P4-KPI7,Business Case Validation,P4,89.37,90.0,>,%
55003,E2E Full Test Corporation 1769028736 - AI Lab,2024-11-26,P4-KPI7,Business Case Validation,P4,87.64,90.0,>,%
55003,E2E Full Test Corporation 1769028736 - AI Lab,2024-01-01,P5-KPI1,Executive Sponsorship,P5,4.35,4.5,>,score
55003,E2E Full Test Corporation 1769028736 - AI Lab,2024-01-31,P5-KPI1,Executive Sponsorship,P5,4.1,4.5,>,score
55003,E2E Full Test Corporation 1769028736 - AI Lab,2024-03-01,P5-KPI1,Executive Sponsorship,P5,4.16,4.5,>,score
55003,E2E Full Test Corporation 1769028736 - AI Lab,2024-03-31,P5-KPI1,Executive Sponsorship,P5,4.16,4.5,>,score
55003,E2E Full Test Corporation 1769028736 - AI Lab,2024-04-30,P5-KPI1,Executive Sponsorship,P5,4.49,4.5,>,score
55003,E2E Full Test Corporation 1769028736 - AI Lab,2024-05-30,P5-KPI1,Executive Sponsorship,P5,4.15,4.5,>,score
55003,E2E Full Test Corporation 1769028736 - AI Lab,2024-06-29,P5-KPI1,Executive Sponsorship,P5,4.44,4.5,>,score
55003,E2E Full Test Corporation 1769028736 - AI Lab,2024-07-29,P5-KPI1,Executive Sponsorship,P5,4.4,4.5,>,score
55003,E2E Full Test Corporation 1769028736 - AI Lab,2024-08-28,P5-KPI1,Executive Sponsorship,P5,4.26,4.5,>,score
55003,E2E Full Test Corporation 1769028736 - AI Lab,2024-09-27,P5-KPI1,Executive Sponsorship,P5,4.22,4.5,>,score
55003,E2E Full Test Corporation 1769028736 - AI Lab,2024-10-27,P5-KPI1,Executive Sponsorship,P5,4.44,4.5,>,score
55003,E2E Full Test Corporation 1769028736 - AI Lab,2024-11-26,P5-KPI1,Executive Sponsorship,P5,4.46,4.5,>,score
55003,E2E Full Test Corporation 1769028736 - AI Lab,2024-01-01,P5-KPI2,Renewal Likelihood,P5,91.62,95.0,>,%
55003,E2E Full Test Corporation 1769028736 - AI Lab,2024-01-31,P5-KPI2,Renewal Likelihood,P5,94.67,95.0,>,%
55003,E2E Full Test Corporation 1769028736 - AI Lab,2024-03-01,P5-KPI2,Renewal Likelihood,P5,92.87,95.0,>,%
55003,E2E Full Test Corporation 1769028736 - AI Lab,2024-03-31,P5-KPI2,Renewal Likelihood,P5,87.77,95.0,>,%
55003,E2E Full Test Corporation 1769028736 - AI Lab,2024-04-30,P5-KPI2,Renewal Likelihood,P5,95.03,95.0,>,%
55003,E2E Full Test Corporation 1769028736 - AI Lab,2024-05-30,P5-KPI2,Renewal Likelihood,P5,88.5,95.0,>,%
55003,E2E Full Test Corporation 1769028736 - AI Lab,2024-06-29,P5-KPI2,Renewal Likelihood,P5,87.96,95.0,>,%
55003,E2E Full Test Corporation 1769028736 - AI Lab,2024-07-29,P5-KPI2,Renewal Likelihood,P5,95.16,95.0,>,%
55003,E2E Full Test Corporation 1769028736 - AI Lab,2024-08-28,P5-KPI2,Renewal Likelihood,P5,86.72,95.0,>,%
55003,E2E Full Test Corporation 1769028736 - AI Lab,2024-09-27,P5-KPI2,Renewal Likelihood,P5,90.4,95.0,>,%
55003,E2E Full Test Corporation 1769028736 - AI Lab,2024-10-27,P5-KPI2,Renewal Likelihood,P5,93.71,95.0,>,%
55003,E2E Full Test Corporation 1769028736 - AI Lab,2024-11-26,P5-KPI2,Renewal Likelihood,P5,94.89,95.0,>,%
55003,E2E Full Test Corporation 1769028736 - AI Lab,2024-01-01,P5-KPI3,Expansion Pipeline,P5,1.82,2.0,>,$M
55003,E2E Full Test Corporation 1769028736 - AI Lab,2024-01-31,P5-KPI3,Expansion Pipeline,P5,1.81,2.0,>,$M
55003,E2E Full Test Corporation 1769028736 - AI Lab,2024-03-01,P5-KPI3,Expansion Pipeline,P5,1.82,2.0,>,$M
55003,E2E Full Test Corporation 1769028736 - AI Lab,2024-03-31,P5-KPI3,Expansion Pipeline,P5,1.69,2.0,>,$M
55003,E2E Full Test Corporation 1769028736 - AI Lab,2024-04-30,P5-KPI3,Expansion Pipeline,P5,1.77,2.0,>,$M
55003,E2E Full Test Corporation 1769028736 - AI Lab,2024-05-30,P5-KPI3,Expansion Pipeline,P5,1.69,2.0,>,$M
55003,E2E Full Test Corporation 1769028736 - AI Lab,2024-06-29,P5-KPI3,Expansion Pipeline,P5,1.79,2.0,>,$M
55003,E2E Full Test Corporation 1769028736 - AI Lab,2024-07-29,P5-KPI3,Expansion Pipeline,P5,1.7,2.0,>,$M
55003,E2E Full Test Corporation 1769028736 - AI Lab,2024-08-28,P5-KPI3,Expansion Pipeline,P5,1.79,2.0,>,$M
55003,E2E Full Test Corporation 1769028736 - AI Lab,2024-09-27,P5-KPI3,Expansion Pipeline,P5,1.79,2.0,>,$M
55003,E2E Full Test Corporation 1769028736 - AI Lab,2024-10-27,P5-KPI3,Expansion Pipeline,P5,1.86,2.0,>,$M
55003,E2E Full Test Corporation 1769028736 - AI Lab,2024-11-26,P5-KPI3,Expansion Pipeline,P5,1.72,2.0,>,$M
55003,E2E Full Test Corporation 1769028736 - AI Lab,2024-01-01,P5-KPI4,Reference Willingness,P5,3.54,4.0,>,score
55003,E2E Full Test Corporation 1769028736 - AI Lab,2024-01-31,P5-KPI4,Reference Willingness,P5,3.65,4.0,>,score
55003,E2E Full Test Corporation 1769028736 - AI Lab,2024-03-01,P5-KPI4,Reference Willingness,P5,3.83,4.0,>,score
55003,E2E Full Test Corporation 1769028736 - AI Lab,2024-03-31,P5-KPI4,Reference Willingness,P5,3.58,4.0,>,score
55003,E2E Full Test Corporation 1769028736 - AI Lab,2024-04-30,P5-KPI4,Reference Willingness,P5,3.55,4.0,>,score
55003,E2E Full Test Corporation 1769028736 - AI Lab,2024-05-30,P5-KPI4,Reference Willingness,P5,3.86,4.0,>,score
55003,E2E Full Test Corporation 1769028736 - AI Lab,2024-06-29,P5-KPI4,Reference Willingness,P5,3.67,4.0,>,score
55003,E2E Full Test Corporation 1769028736 - AI Lab,2024-07-29,P5-KPI4,Reference Willingness,P5,3.81,4.0,>,score
55003,E2E Full Test Corporation 1769028736 - AI Lab,2024-08-28,P5-KPI4,Reference Willingness,P5,3.63,4.0,>,score
55003,E2E Full Test Corporation 1769028736 - AI Lab,2024-09-27,P5-KPI4,Reference Willingness,P5,3.74,4.0,>,score
55003,E2E Full Test Corporation 1769028736 - AI Lab,2024-10-27,P5-KPI4,Reference Willingness,P5,3.6,4.0,>,score
55003,E2E Full Test Corporation 1769028736 - AI Lab,2024-11-26,P5-KPI4,Reference Willingness,P5,3.85,4.0,>,score
55003,E2E Full Test Corporation 1769028736 - AI Lab,2024-01-01,P5-KPI5,Strategic Alignment,P5,83.46,85.0,>,score
55003,E2E Full Test Corporation 1769028736 - AI Lab,2024-01-31,P5-KPI5,Strategic Alignment,P5,80.26,85.0,>,score
55003,E2E Full Test Corporation 1769028736 - AI Lab,2024-03-01,P5-KPI5,Strategic Alignment,P5,79.66,85.0,>,score
55003,E2E Full Test Corporation 1769028736 - AI Lab,2024-03-31,P5-KPI5,Strategic Alignment,P5,82.3,85.0,>,score
55003,E2E Full Test Corporation 1769028736 - AI Lab,2024-04-30,P5-KPI5,Strategic Alignment,P5,84.65,85.0,>,score
55003,E2E Full Test Corporation 1769028736 - AI Lab,2024-05-30,P5-KPI5,Strategic Alignment,P5,79.26,85.0,>,score
55003,E2E Full Test Corporation 1769028736 - AI Lab,2024-06-29,P5-KPI5,Strategic Alignment,P5,84.36,85.0,>,score
55003,E2E Full Test Corporation 1769028736 - AI Lab,2024-07-29,P5-KPI5,Strategic Alignment,P5,82.22,85.0,>,score
55003,E2E Full Test Corporation 1769028736 - AI Lab,2024-08-28,P5-KPI5,Strategic Alignment,P5,85.07,85.0,>,score
55003,E2E Full Test Corporation 1769028736 - AI Lab,2024-09-27,P5-KPI5,Strategic Alignment,P5,82.21,85.0,>,score
55003,E2E Full Test Corporation 1769028736 - AI Lab,2024-10-27,P5-KPI5,Strategic Alignment,P5,78.79,85.0,>,score
55003,E2E Full Test Corporation 1769028736 - AI Lab,2024-11-26,P5-KPI5,Strategic Alignment,P5,84.06,85.0,>,score
55003,E2E Full Test Corporation 1769028736 - AI Lab,2024-01-01,P5-KPI6,Partnership Depth,P5,72.91,80.0,>,score
55003,E2E Full Test Corporation 1769028736 - AI Lab,2024-01-31,P5-KPI6,Partnership Depth,P5,72.23,80.0,>,score
55003,E2E Full Test Corporation 1769028736 - AI Lab,2024-03-01,P5-KPI6,Partnership Depth,P5,76.14,80.0,>,score
55003,E2E Full Test Corporation 1769028736 - AI Lab,2024-03-31,P5-KPI6,Partnership Depth,P5,73.13,80.0,>,score
55003,E2E Full Test Corporation 1769028736 - AI Lab,2024-04-30,P5-KPI6,Partnership Depth,P5,73.04,80.0,>,score
55003,E2E Full Test Corporation 1769028736 - AI Lab,2024-05-30,P5-KPI6,Partnership Depth,P5,72.7,80.0,>,score
55003,E2E Full Test Corporation 1769028736 - AI Lab,2024-06-29,P5-KPI6,Partnership Depth,P5,76.07,80.0,>,score
55003,E2E Full Test Corporation 1769028736 - AI Lab,2024-07-29,P5-KPI6,Partnership Depth,P5,74.59,80.0,>,score
55003,E2E Full Test Corporation 1769028736 - AI Lab,2024-08-28,P5-KPI6,Partnership Depth,P5,77.42,80.0,>,score
55003,E2E Full Test Corporation 1769028736 - AI Lab,2024-09-27,P5-KPI6,Partnership Depth,P5,79.03,80.0,>,score
55003,E2E Full Test Corporation 1769028736 - AI Lab,2024-10-27,P5-KPI6,Partnership Depth,P5,75.9,80.0,>,score
55003,E2E Full Test Corporation 1769028736 - AI Lab,2024-11-26,P5-KPI6,Partnership Depth,P5,76.06,80.0,>,score
55003,E2E Full Test Corporation 1769028736 - AI Lab,2024-01-01,P5-KPI7,NPS Score,P5,66.81,70.0,>,score
55003,E2E Full Test Corporation 1769028736 - AI Lab,2024-01-31,P5-KPI7,NPS Score,P5,67.1,70.0,>,score
55003,E2E Full Test Corporation 1769028736 - AI Lab,2024-03-01,P5-KPI7,NPS Score,P5,66.82,70.0,>,score
55003,E2E Full Test Corporation 1769028736 - AI Lab,2024-03-31,P5-KPI7,NPS Score,P5,62.78,70.0,>,score
55003,E2E Full Test Corporation 1769028736 - AI Lab,2024-04-30,P5-KPI7,NPS Score,P5,64.05,70.0,>,score
55003,E2E Full Test Corporation 1769028736 - AI Lab,2024-05-30,P5-KPI7,NPS Score,P5,66.4,70.0,>,score
55003,E2E Full Test Corporation 1769028736 - AI Lab,2024-06-29,P5-KPI7,NPS Score,P5,64.04,70.0,>,score
55003,E2E Full Test Corporation 1769028736 - AI Lab,2024-07-29,P5-KPI7,NPS Score,P5,68.28,70.0,>,score
55003,E2E Full Test Corporation 1769028736 - AI Lab,2024-08-28,P5-KPI7,NPS Score,P5,68.28,70.0,>,score
55003,E2E Full Test Corporation 1769028736 - AI Lab,2024-09-27,P5-KPI7,NPS Score,P5,68.65,70.0,>,score
55003,E2E Full Test Corporation 1769028736 - AI Lab,2024-10-27,P5-KPI7,NPS Score,P5,63.35,70.0,>,score
55003,E2E Full Test Corporation 1769028736 - AI Lab,2024-11-26,P5-KPI7,NPS Score,P5,62.8,70.0,>,score
55004,E2E Full Test Corporation 1769028736 - Production,2024-01-01,P1-KPI1,System Uptime,P1,100.0,99.9,>,%
55004,E2E Full Test Corporation 1769028736 - Production,2024-01-31,P1-KPI1,System Uptime,P1,98.41,99.9,>,%
55004,E2E Full Test Corporation 1769028736 - Production,2024-03-01,P1-KPI1,System Uptime,P1,98.14,99.9,>,%
55004,E2E Full Test Corporation 1769028736 - Production,2024-03-31,P1-KPI1,System Uptime,P1,98.0,99.9,>,%
55004,E2E Full Test Corporation 1769028736 - Production,2024-04-30,P1-KPI1,System Uptime,P1,100.0,99.9,>,%
55004,E2E Full Test Corporation 1769028736 - Production,2024-05-30,P1-KPI1,System Uptime,P1,98.0,99.9,>,%
55004,E2E Full Test Corporation 1769028736 - Production,2024-06-29,P1-KPI1,System Uptime,P1,98.15,99.9,>,%
55004,E2E Full Test Corporation 1769028736 - Production,2024-07-29,P1-KPI1,System Uptime,P1,98.0,99.9,>,%
55004,E2E Full Test Corporation 1769028736 - Production,2024-08-28,P1-KPI1,System Uptime,P1,98.0,99.9,>,%
55004,E2E Full Test Corporation 1769028736 - Production,2024-09-27,P1-KPI1,System Uptime,P1,100.0,99.9,>,%
55004,E2E Full Test Corporation 1769028736 - Production,2024-10-27,P1-KPI1,System Uptime,P1,100.0,99.9,>,%
55004,E2E Full Test Corporation 1769028736 - Production,2024-11-26,P1-KPI1,System Uptime,P1,100.0,99.9,>,%
55004,E2E Full Test Corporation 1769028736 - Production,2024-01-01,P1-KPI2,Mean Time to Resolution,P1,3.66,2.0,<,hours
55004,E2E Full Test Corporation 1769028736 - Production,2024-01-31,P1-KPI2,Mean Time to Resolution,P1,3.91,2.0,<,hours
55004,E2E Full Test Corporation 1769028736 - Production,2024-03-01,P1-KPI2,Mean Time to Resolution,P1,3.96,2.0,<,hours
55004,E2E Full Test Corporation 1769028736 - Production,2024-03-31,P1-KPI2,Mean Time to Resolution,P1,3.76,2.0,<,hours
55004,E2E Full Test Corporation 1769028736 - Production,2024-04-30,P1-KPI2,Mean Time to Resolution,P1,3.92,2.0,<,hours
55004,E2E Full Test Corporation 1769028736 - Production,2024-05-30,P1-KPI2,Mean Time to Resolution,P1,4.49,2.0,<,hours
55004,E2E Full Test Corporation 1769028736 - Production,2024-06-29,P1-KPI2,Mean Time to Resolution,P1,4.66,2.0,<,hours
55004,E2E Full Test Corporation 1769028736 - Production,2024-07-29,P1-KPI2,Mean Time to Resolution,P1,4.74,2.0,<,hours
55004,E2E Full Test Corporation 1769028736 - Production,2024-08-28,P1-KPI2,Mean Time to Resolution,P1,3.85,2.0,<,hours
55004,E2E Full Test Corporation 1769028736 - Production,2024-09-27,P1-KPI2,Mean Time to Resolution,P1,3.68,2.0,<,hours
55004,E2E Full Test Corporation 1769028736 - Production,2024-10-27,P1-KPI2,Mean Time to Resolution,P1,3.94,2.0,<,hours
55004,E2E Full Test Corporation 1769028736 - Production,2024-11-26,P1-KPI2,Mean Time to Resolution,P1,3.99,2.0,<,hours
55004,E2E Full Test Corporation 1769028736 - Production,2024-01-01,P1-KPI3,GPU Utilization,P1,78.99,85.0,>,%
55004,E2E Full Test Corporation 1769028736 - Production,2024-01-31,P1-KPI3,GPU Utilization,P1,78.74,85.0,>,%
55004,E2E Full Test Corporation 1769028736 - Production,2024-03-01,P1-KPI3,GPU Utilization,P1,76.59,85.0,>,%
55004,E2E Full Test Corporation 1769028736 - Production,2024-03-31,P1-KPI3,GPU Utilization,P1,76.42,85.0,>,%
55004,E2E Full Test Corporation 1769028736 - Production,2024-04-30,P1-KPI3,GPU Utilization,P1,77.44,85.0,>,%
55004,E2E Full Test Corporation 1769028736 - Production,2024-05-30,P1-KPI3,GPU Utilization,P1,76.73,85.0,>,%
55004,E2E Full Test Corporation 1769028736 - Production,2024-06-29,P1-KPI3,GPU Utilization,P1,72.92,85.0,>,%
55004,E2E Full Test Corporation 1769028736 - Production,2024-07-29,P1-KPI3,GPU Utilization,P1,70.59,85.0,>,%
55004,E2E Full Test Corporation 1769028736 - Production,2024-08-28,P1-KPI3,GPU Utilization,P1,77.68,85.0,>,%
55004,E2E Full Test Corporation 1769028736 - Production,2024-09-27,P1-KPI3,GPU Utilization,P1,80.2,85.0,>,%
55004,E2E Full Test Corporation 1769028736 - Production,2024-10-27,P1-KPI3,GPU Utilization,P1,79.19,85.0,>,%
55004,E2E Full Test Corporation 1769028736 - Production,2024-11-26,P1-KPI3,GPU Utilization,P1,79.59,85.0,>,%
55004,E2E Full Test Corporation 1769028736 - Production,2024-01-01,P1-KPI4,Network Latency,P1,22.26,10.0,<,ms
55004,E2E Full Test Corporation 1769028736 - Production,2024-01-31,P1-KPI4,Network Latency,P1,22.77,10.0,<,ms
55004,E2E Full Test Corporation 1769028736 - Production,2024-03-01,P1-KPI4,Network Latency,P1,22.53,10.0,<,ms
55004,E2E Full Test Corporation 1769028736 - Production,2024-03-31,P1-KPI4,Network Latency,P1,22.32,10.0,<,ms
55004,E2E Full Test Corporation 1769028736 - Production,2024-04-30,P1-KPI4,Network Latency,P1,21.08,10.0,<,ms
55004,E2E Full Test Corporation 1769028736 - Production,2024-05-30,P1-KPI4,Network Latency,P1,28.03,10.0,<,ms
55004,E2E Full Test Corporation 1769028736 - Production,2024-06-29,P1-KPI4,Network Latency,P1,27.32,10.0,<,ms
55004,E2E Full Test Corporation 1769028736 - Production,2024-07-29,P1-KPI4,Network Latency,P1,29.36,10.0,<,ms
55004,E2E Full Test Corporation 1769028736 - Production,2024-08-28,P1-KPI4,Network Latency,P1,22.51,10.0,<,ms
55004,E2E Full Test Corporation 1769028736 - Production,2024-09-27,P1-KPI4,Network Latency,P1,22.22,10.0,<,ms
55004,E2E Full Test Corporation 1769028736 - Production,2024-10-27,P1-KPI4,Network Latency,P1,21.79,10.0,<,ms
55004,E2E Full Test Corporation 1769028736 - Production,2024-11-26,P1-KPI4,Network Latency,P1,23.05,10.0,<,ms
55004,E2E Full Test Corporation 1769028736 - Production,2024-01-01,P1-KPI5,Storage Performance,P1,83298.41,100000.0,>,IOPS
55004,E2E Full Test Corporation 1769028736 - Production,2024-01-31,P1-KPI5,Storage Performance,P1,83294.52,100000.0,>,IOPS
55004,E2E Full Test Corporation 1769028736 - Production,2024-03-01,P1-KPI5,Storage Performance,P1,84709.91,100000.0,>,IOPS
55004,E2E Full Test Corporation 1769028736 - Production,2024-03-31,P1-KPI5,Storage Performance,P1,84961.82,100000.0,>,IOPS
55004,E2E Full Test Corporation 1769028736 - Production,2024-04-30,P1-KPI5,Storage Performance,P1,88058.59,100000.0,>,IOPS
55004,E2E Full Test Corporation 1769028736 - Production,2024-05-30,P1-KPI5,Storage Performance,P1,79644.35,100000.0,>,IOPS
55004,E2E Full Test Corporation 1769028736 - Production,2024-06-29,P1-KPI5,Storage Performance,P1,75168.23,100000.0,>,IOPS
55004,E2E Full Test Corporation 1769028736 - Production,2024-07-29,P1-KPI5,Storage Performance,P1,81049.46,100000.0,>,IOPS
55004,E2E Full Test Corporation 1769028736 - Production,2024-08-28,P1-KPI5,Storage Performance,P1,81554.49,100000.0,>,IOPS
55004,E2E Full Test Corporation 1769028736 - Production,2024-09-27,P1-KPI5,Storage Performance,P1,80792.26,100000.0,>,IOPS
55004,E2E Full Test Corporation 1769028736 - Production,2024-10-27,P1-KPI5,Storage Performance,P1,82255.34,100000.0,>,IOPS
55004,E2E Full Test Corporation 1769028736 - Production,2024-11-26,P1-KPI5,Storage Performance,P1,84096.66,100000.0,>,IOPS
55004,E2E Full Test Corporation 1769028736 - Production,2024-01-01,P1-KPI6,Cooling Efficiency,P1,1.43,1.3,<,PUE
55004,E2E Full Test Corporation 1769028736 - Production,2024-01-31,P1-KPI6,Cooling Efficiency,P1,1.45,1.3,<,PUE
55004,E2E Full Test Corporation 1769028736 - Production,2024-03-01,P1-KPI6,Cooling Efficiency,P1,1.52,1.3,<,PUE
55004,E2E Full Test Corporation 1769028736 - Production,2024-03-31,P1-KPI6,Cooling Efficiency,P1,1.49,1.3,<,PUE
55004,E2E Full Test Corporation 1769028736 - Production,2024-04-30,P1-KPI6,Cooling Efficiency,P1,1.38,1.3,<,PUE
55004,E2E Full Test Corporation 1769028736 - Production,2024-05-30,P1-KPI6,Cooling Efficiency,P1,1.48,1.3,<,PUE
55004,E2E Full Test Corporation 1769028736 - Production,2024-06-29,P1-KPI6,Cooling Efficiency,P1,1.57,1.3,<,PUE
55004,E2E Full Test Corporation 1769028736 - Production,2024-07-29,P1-KPI6,Cooling Efficiency,P1,1.5,1.3,<,PUE
55004,E2E Full Test Corporation 1769028736 - Production,2024-08-28,P1-KPI6,Cooling Efficiency,P1,1.47,1.3,<,PUE
55004,E2E Full Test Corporation 1769028736 - Production,2024-09-27,P1-KPI6,Cooling Efficiency,P1,1.4,1.3,<,PUE
55004,E2E Full Test Corporation 1769028736 - Production,2024-10-27,P1-KPI6,Cooling Efficiency,P1,1.4,1.3,<,PUE
55004,E2E Full Test Corporation 1769028736 - Production,2024-11-26,P1-KPI6,Cooling Efficiency,P1,1.46,1.3,<,PUE
55004,E2E Full Test Corporation 1769028736 - Production,2024-01-01,P1-KPI7,Power Usage,P1,597.19,500.0,<,kW
55004,E2E Full Test Corporation 1769028736 - Production,2024-01-31,P1-KPI7,Power Usage,P1,577.25,500.0,<,kW
55004,E2E Full Test Corporation 1769028736 - Production,2024-03-01,P1-KPI7,Power Usage,P1,568.56,500.0,<,kW
55004,E2E Full Test Corporation 1769028736 - Production,2024-03-31,P1-KPI7,Power Usage,P1,593.49,500.0,<,kW
55004,E2E Full Test Corporation 1769028736 - Production,2024-04-30,P1-KPI7,Power Usage,P1,568.02,500.0,<,kW
55004,E2E Full Test Corporation 1769028736 - Production,2024-05-30,P1-KPI7,Power Usage,P1,606.21,500.0,<,kW
55004,E2E Full Test Corporation 1769028736 - Production,2024-06-29,P1-KPI7,Power Usage,P1,606.45,500.0,<,kW
55004,E2E Full Test Corporation 1769028736 - Production,2024-07-29,P1-KPI7,Power Usage,P1,606.61,500.0,<,kW
55004,E2E Full Test Corporation 1769028736 - Production,2024-08-28,P1-KPI7,Power Usage,P1,599.1,500.0,<,kW
55004,E2E Full Test Corporation 1769028736 - Production,2024-09-27,P1-KPI7,Power Usage,P1,582.53,500.0,<,kW
55004,E2E Full Test Corporation 1769028736 - Production,2024-10-27,P1-KPI7,Power Usage,P1,575.56,500.0,<,kW
55004,E2E Full Test Corporation 1769028736 - Production,2024-11-26,P1-KPI7,Power Usage,P1,581.58,500.0,<,kW
55004,E2E Full Test Corporation 1769028736 - Production,2024-01-01,P1-KPI8,Thermal Management,P1,29.12,25.0,<,°C
55004,E2E Full Test Corporation 1769028736 - Production,2024-01-31,P1-KPI8,Thermal Management,P1,27.3,25.0,<,°C
55004,E2E Full Test Corporation 1769028736 - Production,2024-03-01,P1-KPI8,Thermal Management,P1,27.59,25.0,<,°C
55004,E2E Full Test Corporation 1769028736 - Production,2024-03-31,P1-KPI8,Thermal Management,P1,28.37,25.0,<,°C
55004,E2E Full Test Corporation 1769028736 - Production,2024-04-30,P1-KPI8,Thermal Management,P1,26.63,25.0,<,°C
55004,E2E Full Test Corporation 1769028736 - Production,2024-05-30,P1-KPI8,Thermal Management,P1,29.28,25.0,<,°C
55004,E2E Full Test Corporation 1769028736 - Production,2024-06-29,P1-KPI8,Thermal Management,P1,30.95,25.0,<,°C
55004,E2E Full Test Corporation 1769028736 - Production,2024-07-29,P1-KPI8,Thermal Management,P1,30.24,25.0,<,°C
55004,E2E Full Test Corporation 1769028736 - Production,2024-08-28,P1-KPI8,Thermal Management,P1,28.41,25.0,<,°C
55004,E2E Full Test Corporation 1769028736 - Production,2024-09-27,P1-KPI8,Thermal Management,P1,27.45,25.0,<,°C
55004,E2E Full Test Corporation 1769028736 - Production,2024-10-27,P1-KPI8,Thermal Management,P1,26.74,25.0,<,°C
55004,E2E Full Test Corporation 1769028736 - Production,2024-11-26,P1-KPI8,Thermal Management,P1,27.81,25.0,<,°C
55004,E2E Full Test Corporation 1769028736 - Production,2024-01-01,P2-KPI1,SLA Compliance,P2,100.0,99.0,>,%
55004,E2E Full Test Corporation 1769028736 - Production,2024-01-31,P2-KPI1,SLA Compliance,P2,97.11,99.0,>,%
55004,E2E Full Test Corporation 1769028736 - Production,2024-03-01,P2-KPI1,SLA Compliance,P2,100.0,99.0,>,%
55004,E2E Full Test Corporation 1769028736 - Production,2024-03-31,P2-KPI1,SLA Compliance,P2,97.39,99.0,>,%
55004,E2E Full Test Corporation 1769028736 - Production,2024-04-30,P2-KPI1,SLA Compliance,P2,97.41,99.0,>,%
55004,E2E Full Test Corporation 1769028736 - Production,2024-05-30,P2-KPI1,SLA Compliance,P2,95.28,99.0,>,%
55004,E2E Full Test Corporation 1769028736 - Production,2024-06-29,P2-KPI1,SLA Compliance,P2,95.76,99.0,>,%
55004,E2E Full Test Corporation 1769028736 - Production,2024-07-29,P2-KPI1,SLA Compliance,P2,96.17,99.0,>,%
55004,E2E Full Test Corporation 1769028736 - Production,2024-08-28,P2-KPI1,SLA Compliance,P2,99.14,99.0,>,%
55004,E2E Full Test Corporation 1769028736 - Production,2024-09-27,P2-KPI1,SLA Compliance,P2,100.0,99.0,>,%
55004,E2E Full Test Corporation 1769028736 - Production,2024-10-27,P2-KPI1,SLA Compliance,P2,95.37,99.0,>,%
55004,E2E Full Test Corporation 1769028736 - Production,2024-11-26,P2-KPI1,SLA Compliance,P2,99.37,99.0,>,%
55004,E2E Full Test Corporation 1769028736 - Production,2024-01-01,P2-KPI2,Incident Response Time,P2,27.39,15.0,<,minutes
55004,E2E Full Test Corporation 1769028736 - Production,2024-01-31,P2-KPI2,Incident Response Time,P2,27.48,15.0,<,minutes
55004,E2E Full Test Corporation 1769028736 - Production,2024-03-01,P2-KPI2,Incident Response Time,P2,28.3,15.0,<,minutes
55004,E2E Full Test Corporation 1769028736 - Production,2024-03-31,P2-KPI2,Incident Response Time,P2,29.19,15.0,<,minutes
55004,E2E Full Test Corporation 1769028736 - Production,2024-04-30,P2-KPI2,Incident Response Time,P2,29.8,15.0,<,minutes
55004,E2E Full Test Corporation 1769028736 - Production,2024-05-30,P2-KPI2,Incident Response Time,P2,35.74,15.0,<,minutes
55004,E2E Full Test Corporation 1769028736 - Production,2024-06-29,P2-KPI2,Incident Response Time,P2,36.12,15.0,<,minutes
55004,E2E Full Test Corporation 1769028736 - Production,2024-07-29,P2-KPI2,Incident Response Time,P2,35.42,15.0,<,minutes
55004,E2E Full Test Corporation 1769028736 - Production,2024-08-28,P2-KPI2,Incident Response Time,P2,28.58,15.0,<,minutes
55004,E2E Full Test Corporation 1769028736 - Production,2024-09-27,P2-KPI2,Incident Response Time,P2,29.33,15.0,<,minutes
55004,E2E Full Test Corporation 1769028736 - Production,2024-10-27,P2-KPI2,Incident Response Time,P2,27.23,15.0,<,minutes
55004,E2E Full Test Corporation 1769028736 - Production,2024-11-26,P2-KPI2,Incident Response Time,P2,27.48,15.0,<,minutes
55004,E2E Full Test Corporation 1769028736 - Production,2024-01-01,P2-KPI3,Change Success Rate,P2,94.21,98.0,>,%
55004,E2E Full Test Corporation 1769028736 - Production,2024-01-31,P2-KPI3,Change Success Rate,P2,93.88,98.0,>,%
55004,E2E Full Test Corporation 1769028736 - Production,2024-03-01,P2-KPI3,Change Success Rate,P2,99.42,98.0,>,%
55004,E2E Full Test Corporation 1769028736 - Production,2024-03-31,P2-KPI3,Change Success Rate,P2,94.54,98.0,>,%
55004,E2E Full Test Corporation 1769028736 - Production,2024-04-30,P2-KPI3,Change Success Rate,P2,95.94,98.0,>,%
55004,E2E Full Test Corporation 1769028736 - Production,2024-05-30,P2-KPI3,Change Success Rate,P2,98.44,98.0,>,%
55004,E2E Full Test Corporation 1769028736 - Production,2024-06-29,P2-KPI3,Change Success Rate,P2,93.27,98.0,>,%
55004,E2E Full Test Corporation 1769028736 - Production,2024-07-29,P2-KPI3,Change Success Rate,P2,95.23,98.0,>,%
55004,E2E Full Test Corporation 1769028736 - Production,2024-08-28,P2-KPI3,Change Success Rate,P2,94.08,98.0,>,%
55004,E2E Full Test Corporation 1769028736 - Production,2024-09-27,P2-KPI3,Change Success Rate,P2,91.87,98.0,>,%
55004,E2E Full Test Corporation 1769028736 - Production,2024-10-27,P2-KPI3,Change Success Rate,P2,99.06,98.0,>,%
55004,E2E Full Test Corporation 1769028736 - Production,2024-11-26,P2-KPI3,Change Success Rate,P2,91.54,98.0,>,%
55004,E2E Full Test Corporation 1769028736 - Production,2024-01-01,P2-KPI4,Backup Success Rate,P2,100.0,100.0,>,%
55004,E2E Full Test Corporation 1769028736 - Production,2024-01-31,P2-KPI4,Backup Success Rate,P2,96.55,100.0,>,%
55004,E2E Full Test Corporation 1769028736 - Production,2024-03-01,P2-KPI4,Backup Success Rate,P2,96.04,100.0,>,%
55004,E2E Full Test Corporation 1769028736 - Production,2024-03-31,P2-KPI4,Backup Success Rate,P2,100.0,100.0,>,%
55004,E2E Full Test Corporation 1769028736 - Production,2024-04-30,P2-KPI4,Backup Success Rate,P2,97.1,100.0,>,%
55004,E2E Full Test Corporation 1769028736 - Production,2024-05-30,P2-KPI4,Backup Success Rate,P2,100.0,100.0,>,%
55004,E2E Full Test Corporation 1769028736 - Production,2024-06-29,P2-KPI4,Backup Success Rate,P2,98.5,100.0,>,%
55004,E2E Full Test Corporation 1769028736 - Production,2024-07-29,P2-KPI4,Backup Success Rate,P2,99.34,100.0,>,%
55004,E2E Full Test Corporation 1769028736 - Production,2024-08-28,P2-KPI4,Backup Success Rate,P2,95.0,100.0,>,%
55004,E2E Full Test Corporation 1769028736 - Production,2024-09-27,P2-KPI4,Backup Success Rate,P2,96.65,100.0,>,%
55004,E2E Full Test Corporation 1769028736 - Production,2024-10-27,P2-KPI4,Backup Success Rate,P2,100.0,100.0,>,%
55004,E2E Full Test Corporation 1769028736 - Production,2024-11-26,P2-KPI4,Backup Success Rate,P2,97.57,100.0,>,%
55004,E2E Full Test Corporation 1769028736 - Production,2024-01-01,P2-KPI5,Patch Compliance,P2,89.82,95.0,>,%
55004,E2E Full Test Corporation 1769028736 - Production,2024-01-31,P2-KPI5,Patch Compliance,P2,93.78,95.0,>,%
55004,E2E Full Test Corporation 1769028736 - Production,2024-03-01,P2-KPI5,Patch Compliance,P2,94.57,95.0,>,%
55004,E2E Full Test Corporation 1769028736 - Production,2024-03-31,P2-KPI5,Patch Compliance,P2,85.98,95.0,>,%
55004,E2E Full Test Corporation 1769028736 - Production,2024-04-30,P2-KPI5,Patch Compliance,P2,87.44,95.0,>,%
55004,E2E Full Test Corporation 1769028736 - Production,2024-05-30,P2-KPI5,Patch Compliance,P2,87.04,95.0,>,%
55004,E2E Full Test Corporation 1769028736 - Production,2024-06-29,P2-KPI5,Patch Compliance,P2,90.52,95.0,>,%
55004,E2E Full Test Corporation 1769028736 - Production,2024-07-29,P2-KPI5,Patch Compliance,P2,88.69,95.0,>,%
55004,E2E Full Test Corporation 1769028736 - Production,2024-08-28,P2-KPI5,Patch Compliance,P2,86.4,95.0,>,%
55004,E2E Full Test Corporation 1769028736 - Production,2024-09-27,P2-KPI5,Patch Compliance,P2,94.32,95.0,>,%
55004,E2E Full Test Corporation 1769028736 - Production,2024-10-27,P2-KPI5,Patch Compliance,P2,94.42,95.0,>,%
55004,E2E Full Test Corporation 1769028736 - Production,2024-11-26,P2-KPI5,Patch Compliance,P2,93.73,95.0,>,%
55004,E2E Full Test Corporation 1769028736 - Production,2024-01-01,P2-KPI6,Service Request Fulfillment,P2,4.88,3.0,<,days
55004,E2E Full Test Corporation 1769028736 - Production,2024-01-31,P2-KPI6,Service Request Fulfillment,P2,5.29,3.0,<,days
55004,E2E Full Test Corporation 1769028736 - Production,2024-03-01,P2-KPI6,Service Request Fulfillment,P2,4.88,3.0,<,days
55004,E2E Full Test Corporation 1769028736 - Production,2024-03-31,P2-KPI6,Service Request Fulfillment,P2,5.24,3.0,<,days
55004,E2E Full Test Corporation 1769028736 - Production,2024-04-30,P2-KPI6,Service Request Fulfillment,P2,4.95,3.0,<,days
55004,E2E Full Test Corporation 1769028736 - Production,2024-05-30,P2-KPI6,Service Request Fulfillment,P2,6.06,3.0,<,days
55004,E2E Full Test Corporation 1769028736 - Production,2024-06-29,P2-KPI6,Service Request Fulfillment,P2,5.98,3.0,<,days
55004,E2E Full Test Corporation 1769028736 - Production,2024-07-29,P2-KPI6,Service Request Fulfillment,P2,5.91,3.0,<,days
55004,E2E Full Test Corporation 1769028736 - Production,2024-08-28,P2-KPI6,Service Request Fulfillment,P2,4.92,3.0,<,days
55004,E2E Full Test Corporation 1769028736 - Production,2024-09-27,P2-KPI6,Service Request Fulfillment,P2,5.13,3.0,<,days
55004,E2E Full Test Corporation 1769028736 - Production,2024-10-27,P2-KPI6,Service Request Fulfillment,P2,4.93,3.0,<,days
55004,E2E Full Test Corporation 1769028736 - Production,2024-11-26,P2-KPI6,Service Request Fulfillment,P2,5.26,3.0,<,days
55004,E2E Full Test Corporation 1769028736 - Production,2024-01-01,P2-KPI7,Capacity Planning Accuracy,P2,79.84,90.0,>,%
55004,E2E Full Test Corporation 1769028736 - Production,2024-01-31,P2-KPI7,Capacity Planning Accuracy,P2,85.02,90.0,>,%
55004,E2E Full Test Corporation 1769028736 - Production,2024-03-01,P2-KPI7,Capacity Planning Accuracy,P2,87.3,90.0,>,%
55004,E2E Full Test Corporation 1769028736 - Production,2024-03-31,P2-KPI7,Capacity Planning Accuracy,P2,87.58,90.0,>,%
55004,E2E Full Test Corporation 1769028736 - Production,2024-04-30,P2-KPI7,Capacity Planning Accuracy,P2,79.84,90.0,>,%
55004,E2E Full Test Corporation 1769028736 - Production,2024-05-30,P2-KPI7,Capacity Planning Accuracy,P2,78.79,90.0,>,%
55004,E2E Full Test Corporation 1769028736 - Production,2024-06-29,P2-KPI7,Capacity Planning Accuracy,P2,78.96,90.0,>,%
55004,E2E Full Test Corporation 1769028736 - Production,2024-07-29,P2-KPI7,Capacity Planning Accuracy,P2,84.72,90.0,>,%
55004,E2E Full Test Corporation 1769028736 - Production,2024-08-28,P2-KPI7,Capacity Planning Accuracy,P2,81.2,90.0,>,%
55004,E2E Full Test Corporation 1769028736 - Production,2024-09-27,P2-KPI7,Capacity Planning Accuracy,P2,80.6,90.0,>,%
55004,E2E Full Test Corporation 1769028736 - Production,2024-10-27,P2-KPI7,Capacity Planning Accuracy,P2,84.87,90.0,>,%
55004,E2E Full Test Corporation 1769028736 - Production,2024-11-26,P2-KPI7,Capacity Planning Accuracy,P2,83.02,90.0,>,%
55004,E2E Full Test Corporation 1769028736 - Production,2024-01-01,P2-KPI8,Documentation Quality,P2,81.06,85.0,>,score
55004,E2E Full Test Corporation 1769028736 - Production,2024-01-31,P2-KPI8,Documentation Quality,P2,75.05,85.0,>,score
55004,E2E Full Test Corporation 1769028736 - Production,2024-03-01,P2-KPI8,Documentation Quality,P2,75.28,85.0,>,score
55004,E2E Full Test Corporation 1769028736 - Production,2024-03-31,P2-KPI8,Documentation Quality,P2,77.31,85.0,>,score
55004,E2E Full Test Corporation 1769028736 - Production,2024-04-30,P2-KPI8,Documentation Quality,P2,77.53,85.0,>,score
55004,E2E Full Test Corporation 1769028736 - Production,2024-05-30,P2-KPI8,Documentation Quality,P2,74.8,85.0,>,score
55004,E2E Full Test Corporation 1769028736 - Production,2024-06-29,P2-KPI8,Documentation Quality,P2,74.53,85.0,>,score
55004,E2E Full Test Corporation 1769028736 - Production,2024-07-29,P2-KPI8,Documentation Quality,P2,75.72,85.0,>,score
55004,E2E Full Test Corporation 1769028736 - Production,2024-08-28,P2-KPI8,Documentation Quality,P2,81.27,85.0,>,score
55004,E2E Full Test Corporation 1769028736 - Production,2024-09-27,P2-KPI8,Documentation Quality,P2,81.05,85.0,>,score
55004,E2E Full Test Corporation 1769028736 - Production,2024-10-27,P2-KPI8,Documentation Quality,P2,73.74,85.0,>,score
55004,E2E Full Test Corporation 1769028736 - Production,2024-11-26,P2-KPI8,Documentation Quality,P2,76.49,85.0,>,score
55004,E2E Full Test Corporation 1769028736 - Production,2024-01-01,P3-KPI1,CSAT Score,P3,3.92,4.5,>,score
55004,E2E Full Test Corporation 1769028736 - Production,2024-01-31,P3-KPI1,CSAT Score,P3,4.22,4.5,>,score
55004,E2E Full Test Corporation 1769028736 - Production,2024-03-01,P3-KPI1,CSAT Score,P3,4.05,4.5,>,score
55004,E2E Full Test Corporation 1769028736 - Production,2024-03-31,P3-KPI1,CSAT Score,P3,4.04,4.5,>,score
55004,E2E Full Test Corporation 1769028736 - Production,2024-04-30,P3-KPI1,CSAT Score,P3,4.19,4.5,>,score
55004,E2E Full Test Corporation 1769028736 - Production,2024-05-30,P3-KPI1,CSAT Score,P3,3.72,4.5,>,score
55004,E2E Full Test Corporation 1769028736 - Production,2024-06-29,P3-KPI1,CSAT Score,P3,3.64,4.5,>,score
55004,E2E Full Test Corporation 1769028736 - Production,2024-07-29,P3-KPI1,CSAT Score,P3,3.79,4.5,>,score
55004,E2E Full Test Corporation 1769028736 - Production,2024-08-28,P3-KPI1,CSAT Score,P3,4.1,4.5,>,score
55004,E2E Full Test Corporation 1769028736 - Production,2024-09-27,P3-KPI1,CSAT Score,P3,3.85,4.5,>,score
55004,E2E Full Test Corporation 1769028736 - Production,2024-10-27,P3-KPI1,CSAT Score,P3,3.85,4.5,>,score
55004,E2E Full Test Corporation 1769028736 - Production,2024-11-26,P3-KPI1,CSAT Score,P3,4.09,4.5,>,score
55004,E2E Full Test Corporation 1769028736 - Production,2024-01-01,P3-KPI2,Support Ticket Volume,P3,41.89,20.0,<,tickets
55004,E2E Full Test Corporation 1769028736 - Production,2024-01-31,P3-KPI2,Support Ticket Volume,P3,43.01,20.0,<,tickets
55004,E2E Full Test Corporation 1769028736 - Production,2024-03-01,P3-KPI2,Support Ticket Volume,P3,42.11,20.0,<,tickets
55004,E2E Full Test Corporation 1769028736 - Production,2024-03-31,P3-KPI2,Support Ticket Volume,P3,44.3,20.0,<,tickets
55004,E2E Full Test Corporation 1769028736 - Production,2024-04-30,P3-KPI2,Support Ticket Volume,P3,44.34,20.0,<,tickets
55004,E2E Full Test Corporation 1769028736 - Production,2024-05-30,P3-KPI2,Support Ticket Volume,P3,53.35,20.0,<,tickets
55004,E2E Full Test Corporation 1769028736 - Production,2024-06-29,P3-KPI2,Support Ticket Volume,P3,54.64,20.0,<,tickets
55004,E2E Full Test Corporation 1769028736 - Production,2024-07-29,P3-KPI2,Support Ticket Volume,P3,57.24,20.0,<,tickets
55004,E2E Full Test Corporation 1769028736 - Production,2024-08-28,P3-KPI2,Support Ticket Volume,P3,44.01,20.0,<,tickets
55004,E2E Full Test Corporation 1769028736 - Production,2024-09-27,P3-KPI2,Support Ticket Volume,P3,43.73,20.0,<,tickets
55004,E2E Full Test Corporation 1769028736 - Production,2024-10-27,P3-KPI2,Support Ticket Volume,P3,45.64,20.0,<,tickets
55004,E2E Full Test Corporation 1769028736 - Production,2024-11-26,P3-KPI2,Support Ticket Volume,P3,45.68,20.0,<,tickets
55004,E2E Full Test Corporation 1769028736 - Production,2024-01-01,P3-KPI3,First Contact Resolution,P3,67.53,75.0,>,%
55004,E2E Full Test Corporation 1769028736 - Production,2024-01-31,P3-KPI3,First Contact Resolution,P3,67.33,75.0,>,%
55004,E2E Full Test Corporation 1769028736 - Production,2024-03-01,P3-KPI3,First Contact Resolution,P3,64.86,75.0,>,%
55004,E2E Full Test Corporation 1769028736 - Production,2024-03-31,P3-KPI3,First Contact Resolution,P3,65.45,75.0,>,%
55004,E2E Full Test Corporation 1769028736 - Production,2024-04-30,P3-KPI3,First Contact Resolution,P3,70.32,75.0,>,%
55004,E2E Full Test Corporation 1769028736 - Production,2024-05-30,P3-KPI3,First Contact Resolution,P3,64.92,75.0,>,%
55004,E2E Full Test Corporation 1769028736 - Production,2024-06-29,P3-KPI3,First Contact Resolution,P3,66.17,75.0,>,%
55004,E2E Full Test Corporation 1769028736 - Production,2024-07-29,P3-KPI3,First Contact Resolution,P3,60.63,75.0,>,%
55004,E2E Full Test Corporation 1769028736 - Production,2024-08-28,P3-KPI3,First Contact Resolution,P3,68.05,75.0,>,%
55004,E2E Full Test Corporation 1769028736 - Production,2024-09-27,P3-KPI3,First Contact Resolution,P3,65.98,75.0,>,%
55004,E2E Full Test Corporation 1769028736 - Production,2024-10-27,P3-KPI3,First Contact Resolution,P3,66.98,75.0,>,%
55004,E2E Full Test Corporation 1769028736 - Production,2024-11-26,P3-KPI3,First Contact Resolution,P3,69.12,75.0,>,%
55004,E2E Full Test Corporation 1769028736 - Production,2024-01-01,P3-KPI4,Training Completion,P3,82.23,90.0,>,%
55004,E2E Full Test Corporation 1769028736 - Production,2024-01-31,P3-KPI4,Training Completion,P3,77.47,90.0,>,%
55004,E2E Full Test Corporation 1769028736 - Production,2024-03-01,P3-KPI4,Training Completion,P3,77.61,90.0,>,%
55004,E2E Full Test Corporation 1769028736 - Production,2024-03-31,P3-KPI4,Training Completion,P3,81.36,90.0,>,%
55004,E2E Full Test Corporation 1769028736 - Production,2024-04-30,P3-KPI4,Training Completion,P3,81.04,90.0,>,%
55004,E2E Full Test Corporation 1769028736 - Production,2024-05-30,P3-KPI4,Training Completion,P3,80.24,90.0,>,%
55004,E2E Full Test Corporation 1769028736 - Production,2024-06-29,P3-KPI4,Training Completion,P3,75.1,90.0,>,%
55004,E2E Full Test Corporation 1769028736 - Production,2024-07-29,P3-KPI4,Training Completion,P3,73.09,90.0,>,%
55004,E2E Full Test Corporation 1769028736 - Production,2024-08-28,P3-KPI4,Training Completion,P3,82.62,90.0,>,%
55004,E2E Full Test Corporation 1769028736 - Production,2024-09-27,P3-KPI4,Training Completion,P3,81.5,90.0,>,%
55004,E2E Full Test Corporation 1769028736 - Production,2024-10-27,P3-KPI4,Training Completion,P3,79.67,90.0,>,%
55004,E2E Full Test Corporation 1769028736 - Production,2024-11-26,P3-KPI4,Training Completion,P3,78.62,90.0,>,%
55004,E2E Full Test Corporation 1769028736 - Production,2024-01-01,P3-KPI5,User Adoption Rate,P3,69.83,80.0,>,%
55004,E2E Full Test Corporation 1769028736 - Production,2024-01-31,P3-KPI5,User Adoption Rate,P3,71.17,80.0,>,%
55004,E2E Full Test Corporation 1769028736 - Production,2024-03-01,P3-KPI5,User Adoption Rate,P3,72.39,80.0,>,%
55004,E2E Full Test Corporation 1769028736 - Production,2024-03-31,P3-KPI5,User Adoption Rate,P3,69.21,80.0,>,%
55004,E2E Full Test Corporation 1769028736 - Production,2024-04-30,P3-KPI5,User Adoption Rate,P3,70.21,80.0,>,%
55004,E2E Full Test Corporation 1769028736 - Production,2024-05-30,P3-KPI5,User Adoption Rate,P3,63.4,80.0,>,%
55004,E2E Full Test Corporation 1769028736 - Production,2024-06-29,P3-KPI5,User Adoption Rate,P3,64.46,80.0,>,%
55004,E2E Full Test Corporation 1769028736 - Production,2024-07-29,P3-KPI5,User Adoption Rate,P3,65.08,80.0,>,%
55004,E2E Full Test Corporation 1769028736 - Production,2024-08-28,P3-KPI5,User Adoption Rate,P3,71.64,80.0,>,%
55004,E2E Full Test Corporation 1769028736 - Production,2024-09-27,P3-KPI5,User Adoption Rate,P3,71.13,80.0,>,%
55004,E2E Full Test Corporation 1769028736 - Production,2024-10-27,P3-KPI5,User Adoption Rate,P3,73.68,80.0,>,%
55004,E2E Full Test Corporation 1769028736 - Production,2024-11-26,P3-KPI5,User Adoption Rate,P3,69.74,80.0,>,%
55004,E2E Full Test Corporation 1769028736 - Production,2024-01-01,P3-KPI6,Executive Engagement,P3,3.39,4.0,>,meetings/quarter
55004,E2E Full Test Corporation 1769028736 - Production,2024-01-31,P3-KPI6,Executive Engagement,P3,3.49,4.0,>,meetings/quarter
55004,E2E Full Test Corporation 1769028736 - Production,2024-03-01,P3-KPI6,Executive Engagement,P3,3.44,4.0,>,meetings/quarter
55004,E2E Full Test Corporation 1769028736 - Production,2024-03-31,P3-KPI6,Executive Engagement,P3,3.31,4.0,>,meetings/quarter
55004,E2E Full Test Corporation 1769028736 - Production,2024-04-30,P3-KPI6,Executive Engagement,P3,3.49,4.0,>,meetings/quarter
55004,E2E Full Test Corporation 1769028736 - Production,2024-05-30,P3-KPI6,Executive Engagement,P3,3.04,4.0,>,meetings/quarter
55004,E2E Full Test Corporation 1769028736 - Production,2024-06-29,P3-KPI6,Executive Engagement,P3,3.2,4.0,>,meetings/quarter
55004,E2E Full Test Corporation 1769028736 - Production,2024-07-29,P3-KPI6,Executive Engagement,P3,3.17,4.0,>,meetings/quarter
55004,E2E Full Test Corporation 1769028736 - Production,2024-08-28,P3-KPI6,Executive Engagement,P3,3.42,4.0,>,meetings/quarter
55004,E2E Full Test Corporation 1769028736 - Production,2024-09-27,P3-KPI6,Executive Engagement,P3,3.25,4.0,>,meetings/quarter
55004,E2E Full Test Corporation 1769028736 - Production,2024-10-27,P3-KPI6,Executive Engagement,P3,3.35,4.0,>,meetings/quarter
55004,E2E Full Test Corporation 1769028736 - Production,2024-11-26,P3-KPI6,Executive Engagement,P3,3.43,4.0,>,meetings/quarter
55004,E2E Full Test Corporation 1769028736 - Production,2024-01-01,P3-KPI7,Response Time SLA,P3,57.06,30.0,<,minutes
55004,E2E Full Test Corporation 1769028736 - Production,2024-01-31,P3-KPI7,Response Time SLA,P3,58.97,30.0,<,minutes
55004,E2E Full Test Corporation 1769028736 - Production,2024-03-01,P3-KPI7,Response Time SLA,P3,56.62,30.0,<,minutes
55004,E2E Full Test Corporation 1769028736 - Production,2024-03-31,P3-KPI7,Response Time SLA,P3,55.65,30.0,<,minutes
55004,E2E Full Test Corporation 1769028736 - Production,2024-04-30,P3-KPI7,Response Time SLA,P3,56.17,30.0,<,minutes
55004,E2E Full Test Corporation 1769028736 - Production,2024-05-30,P3-KPI7,Response Time SLA,P3,69.79,30.0,<,minutes
55004,E2E Full Test Corporation 1769028736 - Production,2024-06-29,P3-KPI7,Response Time SLA,P3,72.63,30.0,<,minutes
55004,E2E Full Test Corporation 1769028736 - Production,2024-07-29,P3-KPI7,Response Time SLA,P3,72.46,30.0,<,minutes
55004,E2E Full Test Corporation 1769028736 - Production,2024-08-28,P3-KPI7,Response Time SLA,P3,57.63,30.0,<,minutes
55004,E2E Full Test Corporation 1769028736 - Production,2024-09-27,P3-KPI7,Response Time SLA,P3,59.39,30.0,<,minutes
55004,E2E Full Test Corporation 1769028736 - Production,2024-10-27,P3-KPI7,Response Time SLA,P3,55.91,30.0,<,minutes
55004,E2E Full Test Corporation 1769028736 - Production,2024-11-26,P3-KPI7,Response Time SLA,P3,58.86,30.0,<,minutes
55004,E2E Full Test Corporation 1769028736 - Production,2024-01-01,P4-KPI1,ROI Achievement,P4,131.45,150.0,>,%
55004,E2E Full Test Corporation 1769028736 - Production,2024-01-31,P4-KPI1,ROI Achievement,P4,138.79,150.0,>,%
55004,E2E Full Test Corporation 1769028736 - Production,2024-03-01,P4-KPI1,ROI Achievement,P4,140.37,150.0,>,%
55004,E2E Full Test Corporation 1769028736 - Production,2024-03-31,P4-KPI1,ROI Achievement,P4,134.88,150.0,>,%
55004,E2E Full Test Corporation 1769028736 - Production,2024-04-30,P4-KPI1,ROI Achievement,P4,137.66,150.0,>,%
55004,E2E Full Test Corporation 1769028736 - Production,2024-05-30,P4-KPI1,ROI Achievement,P4,123.71,150.0,>,%
55004,E2E Full Test Corporation 1769028736 - Production,2024-06-29,P4-KPI1,ROI Achievement,P4,131.83,150.0,>,%
55004,E2E Full Test Corporation 1769028736 - Production,2024-07-29,P4-KPI1,ROI Achievement,P4,124.88,150.0,>,%
55004,E2E Full Test Corporation 1769028736 - Production,2024-08-28,P4-KPI1,ROI Achievement,P4,140.8,150.0,>,%
55004,E2E Full Test Corporation 1769028736 - Production,2024-09-27,P4-KPI1,ROI Achievement,P4,128.92,150.0,>,%
55004,E2E Full Test Corporation 1769028736 - Production,2024-10-27,P4-KPI1,ROI Achievement,P4,139.51,150.0,>,%
55004,E2E Full Test Corporation 1769028736 - Production,2024-11-26,P4-KPI1,ROI Achievement,P4,133.87,150.0,>,%
55004,E2E Full Test Corporation 1769028736 - Production,2024-01-01,P4-KPI2,Cost Reduction,P4,14.21,20.0,>,%
55004,E2E Full Test Corporation 1769028736 - Production,2024-01-31,P4-KPI2,Cost Reduction,P4,14.07,20.0,>,%
55004,E2E Full Test Corporation 1769028736 - Production,2024-03-01,P4-KPI2,Cost Reduction,P4,13.93,20.0,>,%
55004,E2E Full Test Corporation 1769028736 - Production,2024-03-31,P4-KPI2,Cost Reduction,P4,13.82,20.0,>,%
55004,E2E Full Test Corporation 1769028736 - Production,2024-04-30,P4-KPI2,Cost Reduction,P4,14.51,20.0,>,%
55004,E2E Full Test Corporation 1769028736 - Production,2024-05-30,P4-KPI2,Cost Reduction,P4,11.43,20.0,>,%
55004,E2E Full Test Corporation 1769028736 - Production,2024-06-29,P4-KPI2,Cost Reduction,P4,11.37,20.0,>,%
55004,E2E Full Test Corporation 1769028736 - Production,2024-07-29,P4-KPI2,Cost Reduction,P4,10.48,20.0,>,%
55004,E2E Full Test Corporation 1769028736 - Production,2024-08-28,P4-KPI2,Cost Reduction,P4,13.6,20.0,>,%
55004,E2E Full Test Corporation 1769028736 - Production,2024-09-27,P4-KPI2,Cost Reduction,P4,13.57,20.0,>,%
55004,E2E Full Test Corporation 1769028736 - Production,2024-10-27,P4-KPI2,Cost Reduction,P4,14.28,20.0,>,%
55004,E2E Full Test Corporation 1769028736 - Production,2024-11-26,P4-KPI2,Cost Reduction,P4,13.41,20.0,>,%
55004,E2E Full Test Corporation 1769028736 - Production,2024-01-01,P4-KPI3,Time to Value,P4,122.61,90.0,<,days
55004,E2E Full Test Corporation 1769028736 - Production,2024-01-31,P4-KPI3,Time to Value,P4,111.99,90.0,<,days
55004,E2E Full Test Corporation 1769028736 - Production,2024-03-01,P4-KPI3,Time to Value,P4,119.56,90.0,<,days
55004,E2E Full Test Corporation 1769028736 - Production,2024-03-31,P4-KPI3,Time to Value,P4,113.59,90.0,<,days
55004,E2E Full Test Corporation 1769028736 - Production,2024-04-30,P4-KPI3,Time to Value,P4,122.08,90.0,<,days
55004,E2E Full Test Corporation 1769028736 - Production,2024-05-30,P4-KPI3,Time to Value,P4,135.47,90.0,<,days
55004,E2E Full Test Corporation 1769028736 - Production,2024-06-29,P4-KPI3,Time to Value,P4,127.55,90.0,<,days
55004,E2E Full Test Corporation 1769028736 - Production,2024-07-29,P4-KPI3,Time to Value,P4,124.8,90.0,<,days
55004,E2E Full Test Corporation 1769028736 - Production,2024-08-28,P4-KPI3,Time to Value,P4,116.57,90.0,<,days
55004,E2E Full Test Corporation 1769028736 - Production,2024-09-27,P4-KPI3,Time to Value,P4,114.36,90.0,<,days
55004,E2E Full Test Corporation 1769028736 - Production,2024-10-27,P4-KPI3,Time to Value,P4,121.66,90.0,<,days
55004,E2E Full Test Corporation 1769028736 - Production,2024-11-26,P4-KPI3,Time to Value,P4,117.83,90.0,<,days
55004,E2E Full Test Corporation 1769028736 - Production,2024-01-01,P4-KPI4,Revenue Enablement,P4,3.87,5.0,>,$M
55004,E2E Full Test Corporation 1769028736 - Production,2024-01-31,P4-KPI4,Revenue Enablement,P4,3.77,5.0,>,$M
55004,E2E Full Test Corporation 1769028736 - Production,2024-03-01,P4-KPI4,Revenue Enablement,P4,3.63,5.0,>,$M
55004,E2E Full Test Corporation 1769028736 - Production,2024-03-31,P4-KPI4,Revenue Enablement,P4,3.65,5.0,>,$M
55004,E2E Full Test Corporation 1769028736 - Production,2024-04-30,P4-KPI4,Revenue Enablement,P4,3.96,5.0,>,$M
55004,E2E Full Test Corporation 1769028736 - Production,2024-05-30,P4-KPI4,Revenue Enablement,P4,3.27,5.0,>,$M
55004,E2E Full Test Corporation 1769028736 - Production,2024-06-29,P4-KPI4,Revenue Enablement,P4,3.04,5.0,>,$M
55004,E2E Full Test Corporation 1769028736 - Production,2024-07-29,P4-KPI4,Revenue Enablement,P4,3.13,5.0,>,$M
55004,E2E Full Test Corporation 1769028736 - Production,2024-08-28,P4-KPI4,Revenue Enablement,P4,3.97,5.0,>,$M
55004,E2E Full Test Corporation 1769028736 - Production,2024-09-27,P4-KPI4,Revenue Enablement,P4,3.73,5.0,>,$M
55004,E2E Full Test Corporation 1769028736 - Production,2024-10-27,P4-KPI4,Revenue Enablement,P4,3.89,5.0,>,$M
55004,E2E Full Test Corporation 1769028736 - Production,2024-11-26,P4-KPI4,Revenue Enablement,P4,3.79,5.0,>,$M
55004,E2E Full Test Corporation 1769028736 - Production,2024-01-01,P4-KPI5,Operational Efficiency,P4,75.03,85.0,>,%
55004,E2E Full Test Corporation 1769028736 - Production,2024-01-31,P4-KPI5,Operational Efficiency,P4,75.25,85.0,>,%
55004,E2E Full Test Corporation 1769028736 - Production,2024-03-01,P4-KPI5,Operational Efficiency,P4,73.68,85.0,>,%
55004,E2E Full Test Corporation 1769028736 - Production,2024-03-31,P4-KPI5,Operational Efficiency,P4,78.91,85.0,>,%
55004,E2E Full Test Corporation 1769028736 - Production,2024-04-30,P4-KPI5,Operational Efficiency,P4,77.0,85.0,>,%
55004,E2E Full Test Corporation 1769028736 - Production,2024-05-30,P4-KPI5,Operational Efficiency,P4,76.81,85.0,>,%
55004,E2E Full Test Corporation 1769028736 - Production,2024-06-29,P4-KPI5,Operational Efficiency,P4,74.16,85.0,>,%
55004,E2E Full Test Corporation 1769028736 - Production,2024-07-29,P4-KPI5,Operational Efficiency,P4,71.94,85.0,>,%
55004,E2E Full Test Corporation 1769028736 - Production,2024-08-28,P4-KPI5,Operational Efficiency,P4,79.11,85.0,>,%
55004,E2E Full Test Corporation 1769028736 - Production,2024-09-27,P4-KPI5,Operational Efficiency,P4,79.32,85.0,>,%
55004,E2E Full Test Corporation 1769028736 - Production,2024-10-27,P4-KPI5,Operational Efficiency,P4,76.04,85.0,>,%
55004,E2E Full Test Corporation 1769028736 - Production,2024-11-26,P4-KPI5,Operational Efficiency,P4,76.05,85.0,>,%
55004,E2E Full Test Corporation 1769028736 - Production,2024-01-01,P4-KPI6,Innovation Projects,P4,2.29,3.0,>,count
55004,E2E Full Test Corporation 1769028736 - Production,2024-01-31,P4-KPI6,Innovation Projects,P4,2.38,3.0,>,count
55004,E2E Full Test Corporation 1769028736 - Production,2024-03-01,P4-KPI6,Innovation Projects,P4,2.29,3.0,>,count
55004,E2E Full Test Corporation 1769028736 - Production,2024-03-31,P4-KPI6,Innovation Projects,P4,2.4,3.0,>,count
55004,E2E Full Test Corporation 1769028736 - Production,2024-04-30,P4-KPI6,Innovation Projects,P4,2.37,3.0,>,count
55004,E2E Full Test Corporation 1769028736 - Production,2024-05-30,P4-KPI6,Innovation Projects,P4,2.1,3.0,>,count
55004,E2E Full Test Corporation 1769028736 - Production,2024-06-29,P4-KPI6,Innovation Projects,P4,2.13,3.0,>,count
55004,E2E Full Test Corporation 1769028736 - Production,2024-07-29,P4-KPI6,Innovation Projects,P4,2.2,3.0,>,count
55004,E2E Full Test Corporation 1769028736 - Production,2024-08-28,P4-KPI6,Innovation Projects,P4,2.38,3.0,>,count
55004,E2E Full Test Corporation 1769028736 - Production,2024-09-27,P4-KPI6,Innovation Projects,P4,2.35,3.0,>,count
55004,E2E Full Test Corporation 1769028736 - Production,2024-10-27,P4-KPI6,Innovation Projects,P4,2.43,3.0,>,count
55004,E2E Full Test Corporation 1769028736 - Production,2024-11-26,P4-KPI6,Innovation Projects,P4,2.4,3.0,>,count
55004,E2E Full Test Corporation 1769028736 - Production,2024-01-01,P4-KPI7,Business Case Validation,P4,87.58,90.0,>,%
55004,E2E Full Test Corporation 1769028736 - Production,2024-01-31,P4-KPI7,Business Case Validation,P4,83.23,90.0,>,%
55004,E2E Full Test Corporation 1769028736 - Production,2024-03-01,P4-KPI7,Business Case Validation,P4,86.74,90.0,>,%
55004,E2E Full Test Corporation 1769028736 - Production,2024-03-31,P4-KPI7,Business Case Validation,P4,81.51,90.0,>,%
55004,E2E Full Test Corporation 1769028736 - Production,2024-04-30,P4-KPI7,Business Case Validation,P4,82.1,90.0,>,%
55004,E2E Full Test Corporation 1769028736 - Production,2024-05-30,P4-KPI7,Business Case Validation,P4,77.73,90.0,>,%
55004,E2E Full Test Corporation 1769028736 - Production,2024-06-29,P4-KPI7,Business Case Validation,P4,83.41,90.0,>,%
55004,E2E Full Test Corporation 1769028736 - Production,2024-07-29,P4-KPI7,Business Case Validation,P4,79.81,90.0,>,%
55004,E2E Full Test Corporation 1769028736 - Production,2024-08-28,P4-KPI7,Business Case Validation,P4,85.02,90.0,>,%
55004,E2E Full Test Corporation 1769028736 - Production,2024-09-27,P4-KPI7,Business Case Validation,P4,82.21,90.0,>,%
55004,E2E Full Test Corporation 1769028736 - Production,2024-10-27,P4-KPI7,Business Case Validation,P4,80.72,90.0,>,%
55004,E2E Full Test Corporation 1769028736 - Production,2024-11-26,P4-KPI7,Business Case Validation,P4,81.86,90.0,>,%
55004,E2E Full Test Corporation 1769028736 - Production,2024-01-01,P5-KPI1,Executive Sponsorship,P5,4.06,4.5,>,score
55004,E2E Full Test Corporation 1769028736 - Production,2024-01-31,P5-KPI1,Executive Sponsorship,P5,4.13,4.5,>,score
55004,E2E Full Test Corporation 1769028736 - Production,2024-03-01,P5-KPI1,Executive Sponsorship,P5,4.14,4.5,>,score
55004,E2E Full Test Corporation 1769028736 - Production,2024-03-31,P5-KPI1,Executive Sponsorship,P5,4.16,4.5,>,score
55004,E2E Full Test Corporation 1769028736 - Production,2024-04-30,P5-KPI1,Executive Sponsorship,P5,4.13,4.5,>,score
55004,E2E Full Test Corporation 1769028736 - Production,2024-05-30,P5-KPI1,Executive Sponsorship,P5,3.85,4.5,>,score
55004,E2E Full Test Corporation 1769028736 - Production,2024-06-29,P5-KPI1,Executive Sponsorship,P5,3.72,4.5,>,score
55004,E2E Full Test Corporation 1769028736 - Production,2024-07-29,P5-KPI1,Executive Sponsorship,P5,3.92,4.5,>,score
55004,E2E Full Test Corporation 1769028736 - Production,2024-08-28,P5-KPI1,Executive Sponsorship,P5,3.98,4.5,>,score
55004,E2E Full Test Corporation 1769028736 - Production,2024-09-27,P5-KPI1,Executive Sponsorship,P5,3.97,4.5,>,score
55004,E2E Full Test Corporation 1769028736 - Production,2024-10-27,P5-KPI1,Executive Sponsorship,P5,3.94,4.5,>,score
55004,E2E Full Test Corporation 1769028736 - Production,2024-11-26,P5-KPI1,Executive Sponsorship,P5,4.23,4.5,>,score
55004,E2E Full Test Corporation 1769028736 - Production,2024-01-01,P5-KPI2,Renewal Likelihood,P5,85.97,95.0,>,%
55004,E2E Full Test Corporation 1769028736 - Production,2024-01-31,P5-KPI2,Renewal Likelihood,P5,83.61,95.0,>,%
55004,E2E Full Test Corporation 1769028736 - Production,2024-03-01,P5-KPI2,Renewal Likelihood,P5,84.89,95.0,>,%
55004,E2E Full Test Corporation 1769028736 - Production,2024-03-31,P5-KPI2,Renewal Likelihood,P5,83.44,95.0,>,%
55004,E2E Full Test Corporation 1769028736 - Production,2024-04-30,P5-KPI2,Renewal Likelihood,P5,87.7,95.0,>,%
55004,E2E Full Test Corporation 1769028736 - Production,2024-05-30,P5-KPI2,Renewal Likelihood,P5,84.66,95.0,>,%
55004,E2E Full Test Corporation 1769028736 - Production,2024-06-29,P5-KPI2,Renewal Likelihood,P5,85.24,95.0,>,%
55004,E2E Full Test Corporation 1769028736 - Production,2024-07-29,P5-KPI2,Renewal Likelihood,P5,81.14,95.0,>,%
55004,E2E Full Test Corporation 1769028736 - Production,2024-08-28,P5-KPI2,Renewal Likelihood,P5,88.86,95.0,>,%
55004,E2E Full Test Corporation 1769028736 - Production,2024-09-27,P5-KPI2,Renewal Likelihood,P5,89.82,95.0,>,%
55004,E2E Full Test Corporation 1769028736 - Production,2024-10-27,P5-KPI2,Renewal Likelihood,P5,86.65,95.0,>,%
55004,E2E Full Test Corporation 1769028736 - Production,2024-11-26,P5-KPI2,Renewal Likelihood,P5,84.1,95.0,>,%
55004,E2E Full Test Corporation 1769028736 - Production,2024-01-01,P5-KPI3,Expansion Pipeline,P5,1.58,2.0,>,$M
55004,E2E Full Test Corporation 1769028736 - Production,2024-01-31,P5-KPI3,Expansion Pipeline,P5,1.55,2.0,>,$M
55004,E2E Full Test Corporation 1769028736 - Production,2024-03-01,P5-KPI3,Expansion Pipeline,P5,1.63,2.0,>,$M
55004,E2E Full Test Corporation 1769028736 - Production,2024-03-31,P5-KPI3,Expansion Pipeline,P5,1.52,2.0,>,$M
55004,E2E Full Test Corporation 1769028736 - Production,2024-04-30,P5-KPI3,Expansion Pipeline,P5,1.59,2.0,>,$M
55004,E2E Full Test Corporation 1769028736 - Production,2024-05-30,P5-KPI3,Expansion Pipeline,P5,1.38,2.0,>,$M
55004,E2E Full Test Corporation 1769028736 - Production,2024-06-29,P5-KPI3,Expansion Pipeline,P5,1.3,2.0,>,$M
55004,E2E Full Test Corporation 1769028736 - Production,2024-07-29,P5-KPI3,Expansion Pipeline,P5,1.31,2.0,>,$M
55004,E2E Full Test Corporation 1769028736 - Production,2024-08-28,P5-KPI3,Expansion Pipeline,P5,1.57,2.0,>,$M
55004,E2E Full Test Corporation 1769028736 - Production,2024-09-27,P5-KPI3,Expansion Pipeline,P5,1.58,2.0,>,$M
55004,E2E Full Test Corporation 1769028736 - Production,2024-10-27,P5-KPI3,Expansion Pipeline,P5,1.56,2.0,>,$M
55004,E2E Full Test Corporation 1769028736 - Production,2024-11-26,P5-KPI3,Expansion Pipeline,P5,1.53,2.0,>,$M
55004,E2E Full Test Corporation 1769028736 - Production,2024-01-01,P5-KPI4,Reference Willingness,P5,3.24,4.0,>,score
55004,E2E Full Test Corporation 1769028736 - Production,2024-01-31,P5-KPI4,Reference Willingness,P5,3.5,4.0,>,score
55004,E2E Full Test Corporation 1769028736 - Production,2024-03-01,P5-KPI4,Reference Willingness,P5,3.31,4.0,>,score
55004,E2E Full Test Corporation 1769028736 - Production,2024-03-31,P5-KPI4,Reference Willingness,P5,3.28,4.0,>,score
55004,E2E Full Test Corporation 1769028736 - Production,2024-04-30,P5-KPI4,Reference Willingness,P5,3.29,4.0,>,score
55004,E2E Full Test Corporation 1769028736 - Production,2024-05-30,P5-KPI4,Reference Willingness,P5,3.17,4.0,>,score
55004,E2E Full Test Corporation 1769028736 - Production,2024-06-29,P5-KPI4,Reference Willingness,P5,3.23,4.0,>,score
55004,E2E Full Test Corporation 1769028736 - Production,2024-07-29,P5-KPI4,Reference Willingness,P5,3.09,4.0,>,score
55004,E2E Full Test Corporation 1769028736 - Production,2024-08-28,P5-KPI4,Reference Willingness,P5,3.31,4.0,>,score
55004,E2E Full Test Corporation 1769028736 - Production,2024-09-27,P5-KPI4,Reference Willingness,P5,3.32,4.0,>,score
55004,E2E Full Test Corporation 1769028736 - Production,2024-10-27,P5-KPI4,Reference Willingness,P5,3.51,4.0,>,score
55004,E2E Full Test Corporation 1769028736 - Production,2024-11-26,P5-KPI4,Reference Willingness,P5,3.23,4.0,>,score
55004,E2E Full Test Corporation 1769028736 - Production,2024-01-01,P5-KPI5,Strategic Alignment,P5,77.84,85.0,>,score
55004,E2E Full Test Corporation 1769028736 - Production,2024-01-31,P5-KPI5,Strategic Alignment,P5,80.4,85.0,>,score
55004,E2E Full Test Corporation 1769028736 - Production,2024-03-01,P5-KPI5,Strategic Alignment,P5,76.51,85.0,>,score
55004,E2E Full Test Corporation 1769028736 - Production,2024-03-31,P5-KPI5,Strategic Alignment,P5,78.22,85.0,>,score
55004,E2E Full Test Corporation 1769028736 - Production,2024-04-30,P5-KPI5,Strategic Alignment,P5,77.42,85.0,>,score
55004,E2E Full Test Corporation 1769028736 - Production,2024-05-30,P5-KPI5,Strategic Alignment,P5,70.41,85.0,>,score
55004,E2E Full Test Corporation 1769028736 - Production,2024-06-29,P5-KPI5,Strategic Alignment,P5,73.09,85.0,>,score
55004,E2E Full Test Corporation 1769028736 - Production,2024-07-29,P5-KPI5,Strategic Alignment,P5,76.88,85.0,>,score
55004,E2E Full Test Corporation 1769028736 - Production,2024-08-28,P5-KPI5,Strategic Alignment,P5,76.47,85.0,>,score
55004,E2E Full Test Corporation 1769028736 - Production,2024-09-27,P5-KPI5,Strategic Alignment,P5,76.62,85.0,>,score
55004,E2E Full Test Corporation 1769028736 - Production,2024-10-27,P5-KPI5,Strategic Alignment,P5,75.44,85.0,>,score
55004,E2E Full Test Corporation 1769028736 - Production,2024-11-26,P5-KPI5,Strategic Alignment,P5,76.93,85.0,>,score
55004,E2E Full Test Corporation 1769028736 - Production,2024-01-01,P5-KPI6,Partnership Depth,P5,68.45,80.0,>,score
55004,E2E Full Test Corporation 1769028736 - Production,2024-01-31,P5-KPI6,Partnership Depth,P5,68.05,80.0,>,score
55004,E2E Full Test Corporation 1769028736 - Production,2024-03-01,P5-KPI6,Partnership Depth,P5,71.34,80.0,>,score
55004,E2E Full Test Corporation 1769028736 - Production,2024-03-31,P5-KPI6,Partnership Depth,P5,68.35,80.0,>,score
55004,E2E Full Test Corporation 1769028736 - Production,2024-04-30,P5-KPI6,Partnership Depth,P5,71.95,80.0,>,score
55004,E2E Full Test Corporation 1769028736 - Production,2024-05-30,P5-KPI6,Partnership Depth,P5,66.34,80.0,>,score
55004,E2E Full Test Corporation 1769028736 - Production,2024-06-29,P5-KPI6,Partnership Depth,P5,67.98,80.0,>,score
55004,E2E Full Test Corporation 1769028736 - Production,2024-07-29,P5-KPI6,Partnership Depth,P5,68.96,80.0,>,score
55004,E2E Full Test Corporation 1769028736 - Production,2024-08-28,P5-KPI6,Partnership Depth,P5,71.49,80.0,>,score
55004,E2E Full Test Corporation 1769028736 - Production,2024-09-27,P5-KPI6,Partnership Depth,P5,70.48,80.0,>,score
55004,E2E Full Test Corporation 1769028736 - Production,2024-10-27,P5-KPI6,Partnership Depth,P5,73.06,80.0,>,score
55004,E2E Full Test Corporation 1769028736 - Production,2024-11-26,P5-KPI6,Partnership Depth,P5,68.15,80.0,>,score
55004,E2E Full Test Corporation 1769028736 - Production,2024-01-01,P5-KPI7,NPS Score,P5,62.44,70.0,>,score
55004,E2E Full Test Corporation 1769028736 - Production,2024-01-31,P5-KPI7,NPS Score,P5,61.34,70.0,>,score
55004,E2E Full Test Corporation 1769028736 - Production,2024-03-01,P5-KPI7,NPS Score,P5,60.47,70.0,>,score
55004,E2E Full Test Corporation 1769028736 - Production,2024-03-31,P5-KPI7,NPS Score,P5,60.19,70.0,>,score
55004,E2E Full Test Corporation 1769028736 - Production,2024-04-30,P5-KPI7,NPS Score,P5,61.91,70.0,>,score
55004,E2E Full Test Corporation 1769028736 - Production,2024-05-30,P5-KPI7,NPS Score,P5,53.94,70.0,>,score
55004,E2E Full Test Corporation 1769028736 - Production,2024-06-29,P5-KPI7,NPS Score,P5,57.13,70.0,>,score
55004,E2E Full Test Corporation 1769028736 - Production,2024-07-29,P5-KPI7,NPS Score,P5,54.82,70.0,>,score
55004,E2E Full Test Corporation 1769028736 - Production,2024-08-28,P5-KPI7,NPS Score,P5,63.9,70.0,>,score
55004,E2E Full Test Corporation 1769028736 - Production,2024-09-27,P5-KPI7,NPS Score,P5,63.4,70.0,>,score
55004,E2E Full Test Corporation 1769028736 - Production,2024-10-27,P5-KPI7,NPS Score,P5,59.52,70.0,>,score
55004,E2E Full Test Corporation 1769028736 - Production,2024-11-26,P5-KPI7,NPS Score,P5,59.17,70.0,>,score
55005,E2E Full Test Corporation 1769028736 - Development,2024-01-01,P1-KPI1,System Uptime,P1,98.0,99.9,>,%
55005,E2E Full Test Corporation 1769028736 - Development,2024-01-31,P1-KPI1,System Uptime,P1,100.0,99.9,>,%
55005,E2E Full Test Corporation 1769028736 - Development,2024-03-01,P1-KPI1,System Uptime,P1,100.0,99.9,>,%
55005,E2E Full Test Corporation 1769028736 - Development,2024-03-31,P1-KPI1,System Uptime,P1,100.0,99.9,>,%
55005,E2E Full Test Corporation 1769028736 - Development,2024-04-30,P1-KPI1,System Uptime,P1,98.0,99.9,>,%
55005,E2E Full Test Corporation 1769028736 - Development,2024-05-30,P1-KPI1,System Uptime,P1,100.0,99.9,>,%
55005,E2E Full Test Corporation 1769028736 - Development,2024-06-29,P1-KPI1,System Uptime,P1,98.0,99.9,>,%
55005,E2E Full Test Corporation 1769028736 - Development,2024-07-29,P1-KPI1,System Uptime,P1,100.0,99.9,>,%
55005,E2E Full Test Corporation 1769028736 - Development,2024-08-28,P1-KPI1,System Uptime,P1,100.0,99.9,>,%
55005,E2E Full Test Corporation 1769028736 - Development,2024-09-27,P1-KPI1,System Uptime,P1,100.0,99.9,>,%
55005,E2E Full Test Corporation 1769028736 - Development,2024-10-27,P1-KPI1,System Uptime,P1,100.0,99.9,>,%
55005,E2E Full Test Corporation 1769028736 - Development,2024-11-26,P1-KPI1,System Uptime,P1,98.03,99.9,>,%
55005,E2E Full Test Corporation 1769028736 - Development,2024-01-01,P1-KPI2,Mean Time to Resolution,P1,4.18,2.0,<,hours
55005,E2E Full Test Corporation 1769028736 - Development,2024-01-31,P1-KPI2,Mean Time to Resolution,P1,2.99,2.0,<,hours
55005,E2E Full Test Corporation 1769028736 - Development,2024-03-01,P1-KPI2,Mean Time to Resolution,P1,2.49,2.0,<,hours
55005,E2E Full Test Corporation 1769028736 - Development,2024-03-31,P1-KPI2,Mean Time to Resolution,P1,4.28,2.0,<,hours
55005,E2E Full Test Corporation 1769028736 - Development,2024-04-30,P1-KPI2,Mean Time to Resolution,P1,4.63,2.0,<,hours
55005,E2E Full Test Corporation 1769028736 - Development,2024-05-30,P1-KPI2,Mean Time to Resolution,P1,4.03,2.0,<,hours
55005,E2E Full Test Corporation 1769028736 - Development,2024-06-29,P1-KPI2,Mean Time to Resolution,P1,3.36,2.0,<,hours
55005,E2E Full Test Corporation 1769028736 - Development,2024-07-29,P1-KPI2,Mean Time to Resolution,P1,2.88,2.0,<,hours
55005,E2E Full Test Corporation 1769028736 - Development,2024-08-28,P1-KPI2,Mean Time to Resolution,P1,3.02,2.0,<,hours
55005,E2E Full Test Corporation 1769028736 - Development,2024-09-27,P1-KPI2,Mean Time to Resolution,P1,3.47,2.0,<,hours
55005,E2E Full Test Corporation 1769028736 - Development,2024-10-27,P1-KPI2,Mean Time to Resolution,P1,4.09,2.0,<,hours
55005,E2E Full Test Corporation 1769028736 - Development,2024-11-26,P1-KPI2,Mean Time to Resolution,P1,5.07,2.0,<,hours
55005,E2E Full Test Corporation 1769028736 - Development,2024-01-01,P1-KPI3,GPU Utilization,P1,89.0,85.0,>,%
55005,E2E Full Test Corporation 1769028736 - Development,2024-01-31,P1-KPI3,GPU Utilization,P1,89.52,85.0,>,%
55005,E2E Full Test Corporation 1769028736 - Development,2024-03-01,P1-KPI3,GPU Utilization,P1,76.42,85.0,>,%
55005,E2E Full Test Corporation 1769028736 - Development,2024-03-31,P1-KPI3,GPU Utilization,P1,68.83,85.0,>,%
55005,E2E Full Test Corporation 1769028736 - Development,2024-04-30,P1-KPI3,GPU Utilization,P1,76.66,85.0,>,%
55005,E2E Full Test Corporation 1769028736 - Development,2024-05-30,P1-KPI3,GPU Utilization,P1,66.75,85.0,>,%
55005,E2E Full Test Corporation 1769028736 - Development,2024-06-29,P1-KPI3,GPU Utilization,P1,67.91,85.0,>,%
55005,E2E Full Test Corporation 1769028736 - Development,2024-07-29,P1-KPI3,GPU Utilization,P1,80.36,85.0,>,%
55005,E2E Full Test Corporation 1769028736 - Development,2024-08-28,P1-KPI3,GPU Utilization,P1,71.43,85.0,>,%
55005,E2E Full Test Corporation 1769028736 - Development,2024-09-27,P1-KPI3,GPU Utilization,P1,67.9,85.0,>,%
55005,E2E Full Test Corporation 1769028736 - Development,2024-10-27,P1-KPI3,GPU Utilization,P1,68.46,85.0,>,%
55005,E2E Full Test Corporation 1769028736 - Development,2024-11-26,P1-KPI3,GPU Utilization,P1,79.07,85.0,>,%
55005,E2E Full Test Corporation 1769028736 - Development,2024-01-01,P1-KPI4,Network Latency,P1,21.0,10.0,<,ms
55005,E2E Full Test Corporation 1769028736 - Development,2024-01-31,P1-KPI4,Network Latency,P1,15.73,10.0,<,ms
55005,E2E Full Test Corporation 1769028736 - Development,2024-03-01,P1-KPI4,Network Latency,P1,14.8,10.0,<,ms
55005,E2E Full Test Corporation 1769028736 - Development,2024-03-31,P1-KPI4,Network Latency,P1,20.8,10.0,<,ms
55005,E2E Full Test Corporation 1769028736 - Development,2024-04-30,P1-KPI4,Network Latency,P1,30.39,10.0,<,ms
55005,E2E Full Test Corporation 1769028736 - Development,2024-05-30,P1-KPI4,Network Latency,P1,26.19,10.0,<,ms
55005,E2E Full Test Corporation 1769028736 - Development,2024-06-29,P1-KPI4,Network Latency,P1,22.4,10.0,<,ms
55005,E2E Full Test Corporation 1769028736 - Development,2024-07-29,P1-KPI4,Network Latency,P1,18.26,10.0,<,ms
55005,E2E Full Test Corporation 1769028736 - Development,2024-08-28,P1-KPI4,Network Latency,P1,14.45,10.0,<,ms
55005,E2E Full Test Corporation 1769028736 - Development,2024-09-27,P1-KPI4,Network Latency,P1,21.44,10.0,<,ms
55005,E2E Full Test Corporation 1769028736 - Development,2024-10-27,P1-KPI4,Network Latency,P1,27.44,10.0,<,ms
55005,E2E Full Test Corporation 1769028736 - Development,2024-11-26,P1-KPI4,Network Latency,P1,26.53,10.0,<,ms
55005,E2E Full Test Corporation 1769028736 - Development,2024-01-01,P1-KPI5,Storage Performance,P1,86224.03,100000.0,>,IOPS
55005,E2E Full Test Corporation 1769028736 - Development,2024-01-31,P1-KPI5,Storage Performance,P1,88744.18,100000.0,>,IOPS
55005,E2E Full Test Corporation 1769028736 - Development,2024-03-01,P1-KPI5,Storage Performance,P1,88934.39,100000.0,>,IOPS
55005,E2E Full Test Corporation 1769028736 - Development,2024-03-31,P1-KPI5,Storage Performance,P1,95692.94,100000.0,>,IOPS
55005,E2E Full Test Corporation 1769028736 - Development,2024-04-30,P1-KPI5,Storage Performance,P1,82123.61,100000.0,>,IOPS
55005,E2E Full Test Corporation 1769028736 - Development,2024-05-30,P1-KPI5,Storage Performance,P1,66981.34,100000.0,>,IOPS
55005,E2E Full Test Corporation 1769028736 - Development,2024-06-29,P1-KPI5,Storage Performance,P1,81350.92,100000.0,>,IOPS
55005,E2E Full Test Corporation 1769028736 - Development,2024-07-29,P1-KPI5,Storage Performance,P1,91175.4,100000.0,>,IOPS
55005,E2E Full Test Corporation 1769028736 - Development,2024-08-28,P1-KPI5,Storage Performance,P1,79295.56,100000.0,>,IOPS
55005,E2E Full Test Corporation 1769028736 - Development,2024-09-27,P1-KPI5,Storage Performance,P1,82756.08,100000.0,>,IOPS
55005,E2E Full Test Corporation 1769028736 - Development,2024-10-27,P1-KPI5,Storage Performance,P1,71599.59,100000.0,>,IOPS
55005,E2E Full Test Corporation 1769028736 - Development,2024-11-26,P1-KPI5,Storage Performance,P1,66089.49,100000.0,>,IOPS
55005,E2E Full Test Corporation 1769028736 - Development,2024-01-01,P1-KPI6,Cooling Efficiency,P1,1.38,1.3,<,PUE
55005,E2E Full Test Corporation 1769028736 - Development,2024-01-31,P1-KPI6,Cooling Efficiency,P1,1.32,1.3,<,PUE
55005,E2E Full Test Corporation 1769028736 - Development,2024-03-01,P1-KPI6,Cooling Efficiency,P1,1.35,1.3,<,PUE
55005,E2E Full Test Corporation 1769028736 - Development,2024-03-31,P1-KPI6,Cooling Efficiency,P1,1.42,1.3,<,PUE
55005,E2E Full Test Corporation 1769028736 - Development,2024-04-30,P1-KPI6,Cooling Efficiency,P1,1.66,1.3,<,PUE
55005,E2E Full Test Corporation 1769028736 - Development,2024-05-30,P1-KPI6,Cooling Efficiency,P1,1.3,1.3,<,PUE
55005,E2E Full Test Corporation 1769028736 - Development,2024-06-29,P1-KPI6,Cooling Efficiency,P1,1.29,1.3,<,PUE
55005,E2E Full Test Corporation 1769028736 - Development,2024-07-29,P1-KPI6,Cooling Efficiency,P1,1.19,1.3,<,PUE
55005,E2E Full Test Corporation 1769028736 - Development,2024-08-28,P1-KPI6,Cooling Efficiency,P1,1.17,1.3,<,PUE
55005,E2E Full Test Corporation 1769028736 - Development,2024-09-27,P1-KPI6,Cooling Efficiency,P1,1.56,1.3,<,PUE
55005,E2E Full Test Corporation 1769028736 - Development,2024-10-27,P1-KPI6,Cooling Efficiency,P1,1.67,1.3,<,PUE
55005,E2E Full Test Corporation 1769028736 - Development,2024-11-26,P1-KPI6,Cooling Efficiency,P1,1.59,1.3,<,PUE
55005,E2E Full Test Corporation 1769028736 - Development,2024-01-01,P1-KPI7,Power Usage,P1,512.39,500.0,<,kW
55005,E2E Full Test Corporation 1769028736 - Development,2024-01-31,P1-KPI7,Power Usage,P1,535.57,500.0,<,kW
55005,E2E Full Test Corporation 1769028736 - Development,2024-03-01,P1-KPI7,Power Usage,P1,606.87,500.0,<,kW
55005,E2E Full Test Corporation 1769028736 - Development,2024-03-31,P1-KPI7,Power Usage,P1,655.73,500.0,<,kW
55005,E2E Full Test Corporation 1769028736 - Development,2024-04-30,P1-KPI7,Power Usage,P1,542.44,500.0,<,kW
55005,E2E Full Test Corporation 1769028736 - Development,2024-05-30,P1-KPI7,Power Usage,P1,689.06,500.0,<,kW
55005,E2E Full Test Corporation 1769028736 - Development,2024-06-29,P1-KPI7,Power Usage,P1,677.24,500.0,<,kW
55005,E2E Full Test Corporation 1769028736 - Development,2024-07-29,P1-KPI7,Power Usage,P1,467.38,500.0,<,kW
55005,E2E Full Test Corporation 1769028736 - Development,2024-08-28,P1-KPI7,Power Usage,P1,597.42,500.0,<,kW
55005,E2E Full Test Corporation 1769028736 - Development,2024-09-27,P1-KPI7,Power Usage,P1,634.24,500.0,<,kW
55005,E2E Full Test Corporation 1769028736 - Development,2024-10-27,P1-KPI7,Power Usage,P1,605.38,500.0,<,kW
55005,E2E Full Test Corporation 1769028736 - Development,2024-11-26,P1-KPI7,Power Usage,P1,540.35,500.0,<,kW
55005,E2E Full Test Corporation 1769028736 - Development,2024-01-01,P1-KPI8,Thermal Management,P1,24.0,25.0,<,°C
55005,E2E Full Test Corporation 1769028736 - Development,2024-01-31,P1-KPI8,Thermal Management,P1,24.97,25.0,<,°C
55005,E2E Full Test Corporation 1769028736 - Development,2024-03-01,P1-KPI8,Thermal Management,P1,26.81,25.0,<,°C
55005,E2E Full Test Corporation 1769028736 - Development,2024-03-31,P1-KPI8,Thermal Management,P1,27.07,25.0,<,°C
55005,E2E Full Test Corporation 1769028736 - Development,2024-04-30,P1-KPI8,Thermal Management,P1,33.9,25.0,<,°C
55005,E2E Full Test Corporation 1769028736 - Development,2024-05-30,P1-KPI8,Thermal Management,P1,27.54,25.0,<,°C
55005,E2E Full Test Corporation 1769028736 - Development,2024-06-29,P1-KPI8,Thermal Management,P1,28.71,25.0,<,°C
55005,E2E Full Test Corporation 1769028736 - Development,2024-07-29,P1-KPI8,Thermal Management,P1,28.35,25.0,<,°C
55005,E2E Full Test Corporation 1769028736 - Development,2024-08-28,P1-KPI8,Thermal Management,P1,28.43,25.0,<,°C
55005,E2E Full Test Corporation 1769028736 - Development,2024-09-27,P1-KPI8,Thermal Management,P1,27.16,25.0,<,°C
55005,E2E Full Test Corporation 1769028736 - Development,2024-10-27,P1-KPI8,Thermal Management,P1,33.39,25.0,<,°C
55005,E2E Full Test Corporation 1769028736 - Development,2024-11-26,P1-KPI8,Thermal Management,P1,28.73,25.0,<,°C
55005,E2E Full Test Corporation 1769028736 - Development,2024-01-01,P2-KPI1,SLA Compliance,P2,95.0,99.0,>,%
55005,E2E Full Test Corporation 1769028736 - Development,2024-01-31,P2-KPI1,SLA Compliance,P2,95.0,99.0,>,%
55005,E2E Full Test Corporation 1769028736 - Development,2024-03-01,P2-KPI1,SLA Compliance,P2,100.0,99.0,>,%
55005,E2E Full Test Corporation 1769028736 - Development,2024-03-31,P2-KPI1,SLA Compliance,P2,100.0,99.0,>,%
55005,E2E Full Test Corporation 1769028736 - Development,2024-04-30,P2-KPI1,SLA Compliance,P2,100.0,99.0,>,%
55005,E2E Full Test Corporation 1769028736 - Development,2024-05-30,P2-KPI1,SLA Compliance,P2,95.0,99.0,>,%
55005,E2E Full Test Corporation 1769028736 - Development,2024-06-29,P2-KPI1,SLA Compliance,P2,100.0,99.0,>,%
55005,E2E Full Test Corporation 1769028736 - Development,2024-07-29,P2-KPI1,SLA Compliance,P2,95.0,99.0,>,%
55005,E2E Full Test Corporation 1769028736 - Development,2024-08-28,P2-KPI1,SLA Compliance,P2,95.0,99.0,>,%
55005,E2E Full Test Corporation 1769028736 - Development,2024-09-27,P2-KPI1,SLA Compliance,P2,100.0,99.0,>,%
55005,E2E Full Test Corporation 1769028736 - Development,2024-10-27,P2-KPI1,SLA Compliance,P2,100.0,99.0,>,%
55005,E2E Full Test Corporation 1769028736 - Development,2024-11-26,P2-KPI1,SLA Compliance,P2,95.0,99.0,>,%
55005,E2E Full Test Corporation 1769028736 - Development,2024-01-01,P2-KPI2,Incident Response Time,P2,26.48,15.0,<,minutes
55005,E2E Full Test Corporation 1769028736 - Development,2024-01-31,P2-KPI2,Incident Response Time,P2,20.06,15.0,<,minutes
55005,E2E Full Test Corporation 1769028736 - Development,2024-03-01,P2-KPI2,Incident Response Time,P2,21.63,15.0,<,minutes
55005,E2E Full Test Corporation 1769028736 - Development,2024-03-31,P2-KPI2,Incident Response Time,P2,30.63,15.0,<,minutes
55005,E2E Full Test Corporation 1769028736 - Development,2024-04-30,P2-KPI2,Incident Response Time,P2,32.58,15.0,<,minutes
55005,E2E Full Test Corporation 1769028736 - Development,2024-05-30,P2-KPI2,Incident Response Time,P2,30.35,15.0,<,minutes
55005,E2E Full Test Corporation 1769028736 - Development,2024-06-29,P2-KPI2,Incident Response Time,P2,32.13,15.0,<,minutes
55005,E2E Full Test Corporation 1769028736 - Development,2024-07-29,P2-KPI2,Incident Response Time,P2,24.78,15.0,<,minutes
55005,E2E Full Test Corporation 1769028736 - Development,2024-08-28,P2-KPI2,Incident Response Time,P2,18.8,15.0,<,minutes
55005,E2E Full Test Corporation 1769028736 - Development,2024-09-27,P2-KPI2,Incident Response Time,P2,25.65,15.0,<,minutes
55005,E2E Full Test Corporation 1769028736 - Development,2024-10-27,P2-KPI2,Incident Response Time,P2,34.04,15.0,<,minutes
55005,E2E Full Test Corporation 1769028736 - Development,2024-11-26,P2-KPI2,Incident Response Time,P2,40.16,15.0,<,minutes
55005,E2E Full Test Corporation 1769028736 - Development,2024-01-01,P2-KPI3,Change Success Rate,P2,99.62,98.0,>,%
55005,E2E Full Test Corporation 1769028736 - Development,2024-01-31,P2-KPI3,Change Success Rate,P2,90.0,98.0,>,%
55005,E2E Full Test Corporation 1769028736 - Development,2024-03-01,P2-KPI3,Change Success Rate,P2,91.65,98.0,>,%
55005,E2E Full Test Corporation 1769028736 - Development,2024-03-31,P2-KPI3,Change Success Rate,P2,90.13,98.0,>,%
55005,E2E Full Test Corporation 1769028736 - Development,2024-04-30,P2-KPI3,Change Success Rate,P2,93.65,98.0,>,%
55005,E2E Full Test Corporation 1769028736 - Development,2024-05-30,P2-KPI3,Change Success Rate,P2,91.07,98.0,>,%
55005,E2E Full Test Corporation 1769028736 - Development,2024-06-29,P2-KPI3,Change Success Rate,P2,100.0,98.0,>,%
55005,E2E Full Test Corporation 1769028736 - Development,2024-07-29,P2-KPI3,Change Success Rate,P2,90.0,98.0,>,%
55005,E2E Full Test Corporation 1769028736 - Development,2024-08-28,P2-KPI3,Change Success Rate,P2,100.0,98.0,>,%
55005,E2E Full Test Corporation 1769028736 - Development,2024-09-27,P2-KPI3,Change Success Rate,P2,90.0,98.0,>,%
55005,E2E Full Test Corporation 1769028736 - Development,2024-10-27,P2-KPI3,Change Success Rate,P2,90.0,98.0,>,%
55005,E2E Full Test Corporation 1769028736 - Development,2024-11-26,P2-KPI3,Change Success Rate,P2,97.22,98.0,>,%
55005,E2E Full Test Corporation 1769028736 - Development,2024-01-01,P2-KPI4,Backup Success Rate,P2,100.0,100.0,>,%
55005,E2E Full Test Corporation 1769028736 - Development,2024-01-31,P2-KPI4,Backup Success Rate,P2,100.0,100.0,>,%
55005,E2E Full Test Corporation 1769028736 - Development,2024-03-01,P2-KPI4,Backup Success Rate,P2,95.0,100.0,>,%
55005,E2E Full Test Corporation 1769028736 - Development,2024-03-31,P2-KPI4,Backup Success Rate,P2,95.0,100.0,>,%
55005,E2E Full Test Corporation 1769028736 - Development,2024-04-30,P2-KPI4,Backup Success Rate,P2,100.0,100.0,>,%
55005,E2E Full Test Corporation 1769028736 - Development,2024-05-30,P2-KPI4,Backup Success Rate,P2,95.0,100.0,>,%
55005,E2E Full Test Corporation 1769028736 - Development,2024-06-29,P2-KPI4,Backup Success Rate,P2,95.0,100.0,>,%
55005,E2E Full Test Corporation 1769028736 - Development,2024-07-29,P2-KPI4,Backup Success Rate,P2,95.0,100.0,>,%
55005,E2E Full Test Corporation 1769028736 - Development,2024-08-28,P2-KPI4,Backup Success Rate,P2,97.2,100.0,>,%
55005,E2E Full Test Corporation 1769028736 - Development,2024-09-27,P2-KPI4,Backup Success Rate,P2,99.3,100.0,>,%
55005,E2E Full Test Corporation 1769028736 - Development,2024-10-27,P2-KPI4,Backup Success Rate,P2,97.04,100.0,>,%
55005,E2E Full Test Corporation 1769028736 - Development,2024-11-26,P2-KPI4,Backup Success Rate,P2,96.58,100.0,>,%
55005,E2E Full Test Corporation 1769028736 - Development,2024-01-01,P2-KPI5,Patch Compliance,P2,84.29,95.0,>,%
55005,E2E Full Test Corporation 1769028736 - Development,2024-01-31,P2-KPI5,Patch Compliance,P2,100.0,95.0,>,%
55005,E2E Full Test Corporation 1769028736 - Development,2024-03-01,P2-KPI5,Patch Compliance,P2,93.89,95.0,>,%
55005,E2E Full Test Corporation 1769028736 - Development,2024-03-31,P2-KPI5,Patch Compliance,P2,100.0,95.0,>,%
55005,E2E Full Test Corporation 1769028736 - Development,2024-04-30,P2-KPI5,Patch Compliance,P2,80.0,95.0,>,%
55005,E2E Full Test Corporation 1769028736 - Development,2024-05-30,P2-KPI5,Patch Compliance,P2,85.34,95.0,>,%
55005,E2E Full Test Corporation 1769028736 - Development,2024-06-29,P2-KPI5,Patch Compliance,P2,100.0,95.0,>,%
55005,E2E Full Test Corporation 1769028736 - Development,2024-07-29,P2-KPI5,Patch Compliance,P2,86.1,95.0,>,%
55005,E2E Full Test Corporation 1769028736 - Development,2024-08-28,P2-KPI5,Patch Compliance,P2,100.0,95.0,>,%
55005,E2E Full Test Corporation 1769028736 - Development,2024-09-27,P2-KPI5,Patch Compliance,P2,99.86,95.0,>,%
55005,E2E Full Test Corporation 1769028736 - Development,2024-10-27,P2-KPI5,Patch Compliance,P2,82.07,95.0,>,%
55005,E2E Full Test Corporation 1769028736 - Development,2024-11-26,P2-KPI5,Patch Compliance,P2,84.57,95.0,>,%
55005,E2E Full Test Corporation 1769028736 - Development,2024-01-01,P2-KPI6,Service Request Fulfillment,P2,4.55,3.0,<,days
55005,E2E Full Test Corporation 1769028736 - Development,2024-01-31,P2-KPI6,Service Request Fulfillment,P2,4.64,3.0,<,days
55005,E2E Full Test Corporation 1769028736 - Development,2024-03-01,P2-KPI6,Service Request Fulfillment,P2,3.76,3.0,<,days
55005,E2E Full Test Corporation 1769028736 - Development,2024-03-31,P2-KPI6,Service Request Fulfillment,P2,5.49,3.0,<,days
55005,E2E Full Test Corporation 1769028736 - Development,2024-04-30,P2-KPI6,Service Request Fulfillment,P2,6.14,3.0,<,days
55005,E2E Full Test Corporation 1769028736 - Development,2024-05-30,P2-KPI6,Service Request Fulfillment,P2,6.83,3.0,<,days
55005,E2E Full Test Corporation 1769028736 - Development,2024-06-29,P2-KPI6,Service Request Fulfillment,P2,4.89,3.0,<,days
55005,E2E Full Test Corporation 1769028736 - Development,2024-07-29,P2-KPI6,Service Request Fulfillment,P2,4.19,3.0,<,days
55005,E2E Full Test Corporation 1769028736 - Development,2024-08-28,P2-KPI6,Service Request Fulfillment,P2,4.58,3.0,<,days
55005,E2E Full Test Corporation 1769028736 - Development,2024-09-27,P2-KPI6,Service Request Fulfillment,P2,5.51,3.0,<,days
55005,E2E Full Test Corporation 1769028736 - Development,2024-10-27,P2-KPI6,Service Request Fulfillment,P2,5.77,3.0,<,days
55005,E2E Full Test Corporation 1769028736 - Development,2024-11-26,P2-KPI6,Service Request Fulfillment,P2,6.83,3.0,<,days
55005,E2E Full Test Corporation 1769028736 - Development,2024-01-01,P2-KPI7,Capacity Planning Accuracy,P2,92.39,90.0,>,%
55005,E2E Full Test Corporation 1769028736 - Development,2024-01-31,P2-KPI7,Capacity Planning Accuracy,P2,93.29,90.0,>,%
55005,E2E Full Test Corporation 1769028736 - Development,2024-03-01,P2-KPI7,Capacity Planning Accuracy,P2,99.46,90.0,>,%
55005,E2E Full Test Corporation 1769028736 - Development,2024-03-31,P2-KPI7,Capacity Planning Accuracy,P2,80.68,90.0,>,%
55005,E2E Full Test Corporation 1769028736 - Development,2024-04-30,P2-KPI7,Capacity Planning Accuracy,P2,81.14,90.0,>,%
55005,E2E Full Test Corporation 1769028736 - Development,2024-05-30,P2-KPI7,Capacity Planning Accuracy,P2,78.29,90.0,>,%
55005,E2E Full Test Corporation 1769028736 - Development,2024-06-29,P2-KPI7,Capacity Planning Accuracy,P2,81.24,90.0,>,%
55005,E2E Full Test Corporation 1769028736 - Development,2024-07-29,P2-KPI7,Capacity Planning Accuracy,P2,87.26,90.0,>,%
55005,E2E Full Test Corporation 1769028736 - Development,2024-08-28,P2-KPI7,Capacity Planning Accuracy,P2,81.98,90.0,>,%
55005,E2E Full Test Corporation 1769028736 - Development,2024-09-27,P2-KPI7,Capacity Planning Accuracy,P2,90.12,90.0,>,%
55005,E2E Full Test Corporation 1769028736 - Development,2024-10-27,P2-KPI7,Capacity Planning Accuracy,P2,75.81,90.0,>,%
55005,E2E Full Test Corporation 1769028736 - Development,2024-11-26,P2-KPI7,Capacity Planning Accuracy,P2,78.85,90.0,>,%
55005,E2E Full Test Corporation 1769028736 - Development,2024-01-01,P2-KPI8,Documentation Quality,P2,77.6,85.0,>,score
55005,E2E Full Test Corporation 1769028736 - Development,2024-01-31,P2-KPI8,Documentation Quality,P2,69.88,85.0,>,score
55005,E2E Full Test Corporation 1769028736 - Development,2024-03-01,P2-KPI8,Documentation Quality,P2,87.39,85.0,>,score
55005,E2E Full Test Corporation 1769028736 - Development,2024-03-31,P2-KPI8,Documentation Quality,P2,76.67,85.0,>,score
55005,E2E Full Test Corporation 1769028736 - Development,2024-04-30,P2-KPI8,Documentation Quality,P2,67.86,85.0,>,score
55005,E2E Full Test Corporation 1769028736 - Development,2024-05-30,P2-KPI8,Documentation Quality,P2,72.28,85.0,>,score
55005,E2E Full Test Corporation 1769028736 - Development,2024-06-29,P2-KPI8,Documentation Quality,P2,76.39,85.0,>,score
55005,E2E Full Test Corporation 1769028736 - Development,2024-07-29,P2-KPI8,Documentation Quality,P2,89.81,85.0,>,score
55005,E2E Full Test Corporation 1769028736 - Development,2024-08-28,P2-KPI8,Documentation Quality,P2,78.29,85.0,>,score
55005,E2E Full Test Corporation 1769028736 - Development,2024-09-27,P2-KPI8,Documentation Quality,P2,69.63,85.0,>,score
55005,E2E Full Test Corporation 1769028736 - Development,2024-10-27,P2-KPI8,Documentation Quality,P2,66.5,85.0,>,score
55005,E2E Full Test Corporation 1769028736 - Development,2024-11-26,P2-KPI8,Documentation Quality,P2,78.23,85.0,>,score
55005,E2E Full Test Corporation 1769028736 - Development,2024-01-01,P3-KPI1,CSAT Score,P3,3.69,4.5,>,score
55005,E2E Full Test Corporation 1769028736 - Development,2024-01-31,P3-KPI1,CSAT Score,P3,4.64,4.5,>,score
55005,E2E Full Test Corporation 1769028736 - Development,2024-03-01,P3-KPI1,CSAT Score,P3,4.13,4.5,>,score
55005,E2E Full Test Corporation 1769028736 - Development,2024-03-31,P3-KPI1,CSAT Score,P3,3.52,4.5,>,score
55005,E2E Full Test Corporation 1769028736 - Development,2024-04-30,P3-KPI1,CSAT Score,P3,3.48,4.5,>,score
55005,E2E Full Test Corporation 1769028736 - Development,2024-05-30,P3-KPI1,CSAT Score,P3,3.9,4.5,>,score
55005,E2E Full Test Corporation 1769028736 - Development,2024-06-29,P3-KPI1,CSAT Score,P3,3.71,4.5,>,score
55005,E2E Full Test Corporation 1769028736 - Development,2024-07-29,P3-KPI1,CSAT Score,P3,3.76,4.5,>,score
55005,E2E Full Test Corporation 1769028736 - Development,2024-08-28,P3-KPI1,CSAT Score,P3,3.93,4.5,>,score
55005,E2E Full Test Corporation 1769028736 - Development,2024-09-27,P3-KPI1,CSAT Score,P3,4.06,4.5,>,score
55005,E2E Full Test Corporation 1769028736 - Development,2024-10-27,P3-KPI1,CSAT Score,P3,3.64,4.5,>,score
55005,E2E Full Test Corporation 1769028736 - Development,2024-11-26,P3-KPI1,CSAT Score,P3,3.64,4.5,>,score
55005,E2E Full Test Corporation 1769028736 - Development,2024-01-01,P3-KPI2,Support Ticket Volume,P3,41.01,20.0,<,tickets
55005,E2E Full Test Corporation 1769028736 - Development,2024-01-31,P3-KPI2,Support Ticket Volume,P3,36.35,20.0,<,tickets
55005,E2E Full Test Corporation 1769028736 - Development,2024-03-01,P3-KPI2,Support Ticket Volume,P3,32.96,20.0,<,tickets
55005,E2E Full Test Corporation 1769028736 - Development,2024-03-31,P3-KPI2,Support Ticket Volume,P3,37.94,20.0,<,tickets
55005,E2E Full Test Corporation 1769028736 - Development,2024-04-30,P3-KPI2,Support Ticket Volume,P3,60.55,20.0,<,tickets
55005,E2E Full Test Corporation 1769028736 - Development,2024-05-30,P3-KPI2,Support Ticket Volume,P3,55.43,20.0,<,tickets
55005,E2E Full Test Corporation 1769028736 - Development,2024-06-29,P3-KPI2,Support Ticket Volume,P3,48.73,20.0,<,tickets
55005,E2E Full Test Corporation 1769028736 - Development,2024-07-29,P3-KPI2,Support Ticket Volume,P3,33.79,20.0,<,tickets
55005,E2E Full Test Corporation 1769028736 - Development,2024-08-28,P3-KPI2,Support Ticket Volume,P3,27.48,20.0,<,tickets
55005,E2E Full Test Corporation 1769028736 - Development,2024-09-27,P3-KPI2,Support Ticket Volume,P3,41.19,20.0,<,tickets
55005,E2E Full Test Corporation 1769028736 - Development,2024-10-27,P3-KPI2,Support Ticket Volume,P3,57.59,20.0,<,tickets
55005,E2E Full Test Corporation 1769028736 - Development,2024-11-26,P3-KPI2,Support Ticket Volume,P3,62.8,20.0,<,tickets
55005,E2E Full Test Corporation 1769028736 - Development,2024-01-01,P3-KPI3,First Contact Resolution,P3,74.99,75.0,>,%
55005,E2E Full Test Corporation 1769028736 - Development,2024-01-31,P3-KPI3,First Contact Resolution,P3,72.52,75.0,>,%
55005,E2E Full Test Corporation 1769028736 - Development,2024-03-01,P3-KPI3,First Contact Resolution,P3,79.91,75.0,>,%
55005,E2E Full Test Corporation 1769028736 - Development,2024-03-31,P3-KPI3,First Contact Resolution,P3,67.49,75.0,>,%
55005,E2E Full Test Corporation 1769028736 - Development,2024-04-30,P3-KPI3,First Contact Resolution,P3,59.22,75.0,>,%
55005,E2E Full Test Corporation 1769028736 - Development,2024-05-30,P3-KPI3,First Contact Resolution,P3,70.19,75.0,>,%
55005,E2E Full Test Corporation 1769028736 - Development,2024-06-29,P3-KPI3,First Contact Resolution,P3,58.94,75.0,>,%
55005,E2E Full Test Corporation 1769028736 - Development,2024-07-29,P3-KPI3,First Contact Resolution,P3,80.51,75.0,>,%
55005,E2E Full Test Corporation 1769028736 - Development,2024-08-28,P3-KPI3,First Contact Resolution,P3,61.19,75.0,>,%
55005,E2E Full Test Corporation 1769028736 - Development,2024-09-27,P3-KPI3,First Contact Resolution,P3,63.55,75.0,>,%
55005,E2E Full Test Corporation 1769028736 - Development,2024-10-27,P3-KPI3,First Contact Resolution,P3,56.22,75.0,>,%
55005,E2E Full Test Corporation 1769028736 - Development,2024-11-26,P3-KPI3,First Contact Resolution,P3,67.02,75.0,>,%
55005,E2E Full Test Corporation 1769028736 - Development,2024-01-01,P3-KPI4,Training Completion,P3,88.92,90.0,>,%
55005,E2E Full Test Corporation 1769028736 - Development,2024-01-31,P3-KPI4,Training Completion,P3,86.17,90.0,>,%
55005,E2E Full Test Corporation 1769028736 - Development,2024-03-01,P3-KPI4,Training Completion,P3,72.87,90.0,>,%
55005,E2E Full Test Corporation 1769028736 - Development,2024-03-31,P3-KPI4,Training Completion,P3,88.81,90.0,>,%
55005,E2E Full Test Corporation 1769028736 - Development,2024-04-30,P3-KPI4,Training Completion,P3,70.64,90.0,>,%
55005,E2E Full Test Corporation 1769028736 - Development,2024-05-30,P3-KPI4,Training Completion,P3,66.11,90.0,>,%
55005,E2E Full Test Corporation 1769028736 - Development,2024-06-29,P3-KPI4,Training Completion,P3,91.13,90.0,>,%
55005,E2E Full Test Corporation 1769028736 - Development,2024-07-29,P3-KPI4,Training Completion,P3,81.02,90.0,>,%
55005,E2E Full Test Corporation 1769028736 - Development,2024-08-28,P3-KPI4,Training Completion,P3,77.29,90.0,>,%
55005,E2E Full Test Corporation 1769028736 - Development,2024-09-27,P3-KPI4,Training Completion,P3,83.3,90.0,>,%
55005,E2E Full Test Corporation 1769028736 - Development,2024-10-27,P3-KPI4,Training Completion,P3,68.1,90.0,>,%
55005,E2E Full Test Corporation 1769028736 - Development,2024-11-26,P3-KPI4,Training Completion,P3,83.89,90.0,>,%
55005,E2E Full Test Corporation 1769028736 - Development,2024-01-01,P3-KPI5,User Adoption Rate,P3,61.31,80.0,>,%
55005,E2E Full Test Corporation 1769028736 - Development,2024-01-31,P3-KPI5,User Adoption Rate,P3,69.29,80.0,>,%
55005,E2E Full Test Corporation 1769028736 - Development,2024-03-01,P3-KPI5,User Adoption Rate,P3,77.09,80.0,>,%
55005,E2E Full Test Corporation 1769028736 - Development,2024-03-31,P3-KPI5,User Adoption Rate,P3,60.43,80.0,>,%
55005,E2E Full Test Corporation 1769028736 - Development,2024-04-30,P3-KPI5,User Adoption Rate,P3,72.21,80.0,>,%
55005,E2E Full Test Corporation 1769028736 - Development,2024-05-30,P3-KPI5,User Adoption Rate,P3,73.3,80.0,>,%
55005,E2E Full Test Corporation 1769028736 - Development,2024-06-29,P3-KPI5,User Adoption Rate,P3,67.48,80.0,>,%
55005,E2E Full Test Corporation 1769028736 - Development,2024-07-29,P3-KPI5,User Adoption Rate,P3,73.27,80.0,>,%
55005,E2E Full Test Corporation 1769028736 - Development,2024-08-28,P3-KPI5,User Adoption Rate,P3,65.0,80.0,>,%
55005,E2E Full Test Corporation 1769028736 - Development,2024-09-27,P3-KPI5,User Adoption Rate,P3,77.86,80.0,>,%
55005,E2E Full Test Corporation 1769028736 - Development,2024-10-27,P3-KPI5,User Adoption Rate,P3,75.18,80.0,>,%
55005,E2E Full Test Corporation 1769028736 - Development,2024-11-26,P3-KPI5,User Adoption Rate,P3,56.99,80.0,>,%
55005,E2E Full Test Corporation 1769028736 - Development,2024-01-01,P3-KPI6,Executive Engagement,P3,3.02,4.0,>,meetings/quarter
55005,E2E Full Test Corporation 1769028736 - Development,2024-01-31,P3-KPI6,Executive Engagement,P3,3.57,4.0,>,meetings/quarter
55005,E2E Full Test Corporation 1769028736 - Development,2024-03-01,P3-KPI6,Executive Engagement,P3,3.53,4.0,>,meetings/quarter
55005,E2E Full Test Corporation 1769028736 - Development,2024-03-31,P3-KPI6,Executive Engagement,P3,3.8,4.0,>,meetings/quarter
55005,E2E Full Test Corporation 1769028736 - Development,2024-04-30,P3-KPI6,Executive Engagement,P3,3.09,4.0,>,meetings/quarter
55005,E2E Full Test Corporation 1769028736 - Development,2024-05-30,P3-KPI6,Executive Engagement,P3,2.8,4.0,>,meetings/quarter
55005,E2E Full Test Corporation 1769028736 - Development,2024-06-29,P3-KPI6,Executive Engagement,P3,3.46,4.0,>,meetings/quarter
55005,E2E Full Test Corporation 1769028736 - Development,2024-07-29,P3-KPI6,Executive Engagement,P3,3.98,4.0,>,meetings/quarter
55005,E2E Full Test Corporation 1769028736 - Development,2024-08-28,P3-KPI6,Executive Engagement,P3,3.48,4.0,>,meetings/quarter
55005,E2E Full Test Corporation 1769028736 - Development,2024-09-27,P3-KPI6,Executive Engagement,P3,3.79,4.0,>,meetings/quarter
55005,E2E Full Test Corporation 1769028736 - Development,2024-10-27,P3-KPI6,Executive Engagement,P3,3.03,4.0,>,meetings/quarter
55005,E2E Full Test Corporation 1769028736 - Development,2024-11-26,P3-KPI6,Executive Engagement,P3,3.39,4.0,>,meetings/quarter
55005,E2E Full Test Corporation 1769028736 - Development,2024-01-01,P3-KPI7,Response Time SLA,P3,51.53,30.0,<,minutes
55005,E2E Full Test Corporation 1769028736 - Development,2024-01-31,P3-KPI7,Response Time SLA,P3,46.26,30.0,<,minutes
55005,E2E Full Test Corporation 1769028736 - Development,2024-03-01,P3-KPI7,Response Time SLA,P3,39.89,30.0,<,minutes
55005,E2E Full Test Corporation 1769028736 - Development,2024-03-31,P3-KPI7,Response Time SLA,P3,60.32,30.0,<,minutes
55005,E2E Full Test Corporation 1769028736 - Development,2024-04-30,P3-KPI7,Response Time SLA,P3,74.23,30.0,<,minutes
55005,E2E Full Test Corporation 1769028736 - Development,2024-05-30,P3-KPI7,Response Time SLA,P3,72.94,30.0,<,minutes
55005,E2E Full Test Corporation 1769028736 - Development,2024-06-29,P3-KPI7,Response Time SLA,P3,56.94,30.0,<,minutes
55005,E2E Full Test Corporation 1769028736 - Development,2024-07-29,P3-KPI7,Response Time SLA,P3,42.35,30.0,<,minutes
55005,E2E Full Test Corporation 1769028736 - Development,2024-08-28,P3-KPI7,Response Time SLA,P3,48.44,30.0,<,minutes
55005,E2E Full Test Corporation 1769028736 - Development,2024-09-27,P3-KPI7,Response Time SLA,P3,61.07,30.0,<,minutes
55005,E2E Full Test Corporation 1769028736 - Development,2024-10-27,P3-KPI7,Response Time SLA,P3,65.3,30.0,<,minutes
55005,E2E Full Test Corporation 1769028736 - Development,2024-11-26,P3-KPI7,Response Time SLA,P3,63.0,30.0,<,minutes
55005,E2E Full Test Corporation 1769028736 - Development,2024-01-01,P4-KPI1,ROI Achievement,P4,149.48,150.0,>,%
55005,E2E Full Test Corporation 1769028736 - Development,2024-01-31,P4-KPI1,ROI Achievement,P4,131.95,150.0,>,%
55005,E2E Full Test Corporation 1769028736 - Development,2024-03-01,P4-KPI1,ROI Achievement,P4,144.3,150.0,>,%
55005,E2E Full Test Corporation 1769028736 - Development,2024-03-31,P4-KPI1,ROI Achievement,P4,129.86,150.0,>,%
55005,E2E Full Test Corporation 1769028736 - Development,2024-04-30,P4-KPI1,ROI Achievement,P4,114.49,150.0,>,%
55005,E2E Full Test Corporation 1769028736 - Development,2024-05-30,P4-KPI1,ROI Achievement,P4,116.6,150.0,>,%
55005,E2E Full Test Corporation 1769028736 - Development,2024-06-29,P4-KPI1,ROI Achievement,P4,134.11,150.0,>,%
55005,E2E Full Test Corporation 1769028736 - Development,2024-07-29,P4-KPI1,ROI Achievement,P4,153.93,150.0,>,%
55005,E2E Full Test Corporation 1769028736 - Development,2024-08-28,P4-KPI1,ROI Achievement,P4,141.42,150.0,>,%
55005,E2E Full Test Corporation 1769028736 - Development,2024-09-27,P4-KPI1,ROI Achievement,P4,148.88,150.0,>,%
55005,E2E Full Test Corporation 1769028736 - Development,2024-10-27,P4-KPI1,ROI Achievement,P4,140.74,150.0,>,%
55005,E2E Full Test Corporation 1769028736 - Development,2024-11-26,P4-KPI1,ROI Achievement,P4,140.89,150.0,>,%
55005,E2E Full Test Corporation 1769028736 - Development,2024-01-01,P4-KPI2,Cost Reduction,P4,15.14,20.0,>,%
55005,E2E Full Test Corporation 1769028736 - Development,2024-01-31,P4-KPI2,Cost Reduction,P4,17.84,20.0,>,%
55005,E2E Full Test Corporation 1769028736 - Development,2024-03-01,P4-KPI2,Cost Reduction,P4,15.97,20.0,>,%
55005,E2E Full Test Corporation 1769028736 - Development,2024-03-31,P4-KPI2,Cost Reduction,P4,15.88,20.0,>,%
55005,E2E Full Test Corporation 1769028736 - Development,2024-04-30,P4-KPI2,Cost Reduction,P4,10.44,20.0,>,%
55005,E2E Full Test Corporation 1769028736 - Development,2024-05-30,P4-KPI2,Cost Reduction,P4,10.73,20.0,>,%
55005,E2E Full Test Corporation 1769028736 - Development,2024-06-29,P4-KPI2,Cost Reduction,P4,13.88,20.0,>,%
55005,E2E Full Test Corporation 1769028736 - Development,2024-07-29,P4-KPI2,Cost Reduction,P4,16.63,20.0,>,%
55005,E2E Full Test Corporation 1769028736 - Development,2024-08-28,P4-KPI2,Cost Reduction,P4,17.88,20.0,>,%
55005,E2E Full Test Corporation 1769028736 - Development,2024-09-27,P4-KPI2,Cost Reduction,P4,13.45,20.0,>,%
55005,E2E Full Test Corporation 1769028736 - Development,2024-10-27,P4-KPI2,Cost Reduction,P4,9.41,20.0,>,%
55005,E2E Full Test Corporation 1769028736 - Development,2024-11-26,P4-KPI2,Cost Reduction,P4,10.79,20.0,>,%
55005,E2E Full Test Corporation 1769028736 - Development,2024-01-01,P4-KPI3,Time to Value,P4,108.38,90.0,<,days
55005,E2E Full Test Corporation 1769028736 - Development,2024-01-31,P4-KPI3,Time to Value,P4,96.64,90.0,<,days
55005,E2E Full Test Corporation 1769028736 - Development,2024-03-01,P4-KPI3,Time to Value,P4,101.04,90.0,<,days
55005,E2E Full Test Corporation 1769028736 - Development,2024-03-31,P4-KPI3,Time to Value,P4,132.87,90.0,<,days
55005,E2E Full Test Corporation 1769028736 - Development,2024-04-30,P4-KPI3,Time to Value,P4,116.46,90.0,<,days
55005,E2E Full Test Corporation 1769028736 - Development,2024-05-30,P4-KPI3,Time to Value,P4,139.65,90.0,<,days
55005,E2E Full Test Corporation 1769028736 - Development,2024-06-29,P4-KPI3,Time to Value,P4,126.85,90.0,<,days
55005,E2E Full Test Corporation 1769028736 - Development,2024-07-29,P4-KPI3,Time to Value,P4,116.16,90.0,<,days
55005,E2E Full Test Corporation 1769028736 - Development,2024-08-28,P4-KPI3,Time to Value,P4,112.3,90.0,<,days
55005,E2E Full Test Corporation 1769028736 - Development,2024-09-27,P4-KPI3,Time to Value,P4,125.88,90.0,<,days
55005,E2E Full Test Corporation 1769028736 - Development,2024-10-27,P4-KPI3,Time to Value,P4,114.68,90.0,<,days
55005,E2E Full Test Corporation 1769028736 - Development,2024-11-26,P4-KPI3,Time to Value,P4,123.91,90.0,<,days
55005,E2E Full Test Corporation 1769028736 - Development,2024-01-01,P4-KPI4,Revenue Enablement,P4,3.84,5.0,>,$M
55005,E2E Full Test Corporation 1769028736 - Development,2024-01-31,P4-KPI4,Revenue Enablement,P4,4.13,5.0,>,$M
55005,E2E Full Test Corporation 1769028736 - Development,2024-03-01,P4-KPI4,Revenue Enablement,P4,4.97,5.0,>,$M
55005,E2E Full Test Corporation 1769028736 - Development,2024-03-31,P4-KPI4,Revenue Enablement,P4,3.43,5.0,>,$M
55005,E2E Full Test Corporation 1769028736 - Development,2024-04-30,P4-KPI4,Revenue Enablement,P4,3.07,5.0,>,$M
55005,E2E Full Test Corporation 1769028736 - Development,2024-05-30,P4-KPI4,Revenue Enablement,P4,3.05,5.0,>,$M
55005,E2E Full Test Corporation 1769028736 - Development,2024-06-29,P4-KPI4,Revenue Enablement,P4,3.97,5.0,>,$M
55005,E2E Full Test Corporation 1769028736 - Development,2024-07-29,P4-KPI4,Revenue Enablement,P4,4.17,5.0,>,$M
55005,E2E Full Test Corporation 1769028736 - Development,2024-08-28,P4-KPI4,Revenue Enablement,P4,4.75,5.0,>,$M
55005,E2E Full Test Corporation 1769028736 - Development,2024-09-27,P4-KPI4,Revenue Enablement,P4,3.63,5.0,>,$M
55005,E2E Full Test Corporation 1769028736 - Development,2024-10-27,P4-KPI4,Revenue Enablement,P4,3.62,5.0,>,$M
55005,E2E Full Test Corporation 1769028736 - Development,2024-11-26,P4-KPI4,Revenue Enablement,P4,2.75,5.0,>,$M
55005,E2E Full Test Corporation 1769028736 - Development,2024-01-01,P4-KPI5,Operational Efficiency,P4,69.76,85.0,>,%
55005,E2E Full Test Corporation 1769028736 - Development,2024-01-31,P4-KPI5,Operational Efficiency,P4,84.71,85.0,>,%
55005,E2E Full Test Corporation 1769028736 - Development,2024-03-01,P4-KPI5,Operational Efficiency,P4,78.27,85.0,>,%
55005,E2E Full Test Corporation 1769028736 - Development,2024-03-31,P4-KPI5,Operational Efficiency,P4,70.41,85.0,>,%
55005,E2E Full Test Corporation 1769028736 - Development,2024-04-30,P4-KPI5,Operational Efficiency,P4,82.84,85.0,>,%
55005,E2E Full Test Corporation 1769028736 - Development,2024-05-30,P4-KPI5,Operational Efficiency,P4,66.51,85.0,>,%
55005,E2E Full Test Corporation 1769028736 - Development,2024-06-29,P4-KPI5,Operational Efficiency,P4,78.86,85.0,>,%
55005,E2E Full Test Corporation 1769028736 - Development,2024-07-29,P4-KPI5,Operational Efficiency,P4,91.34,85.0,>,%
55005,E2E Full Test Corporation 1769028736 - Development,2024-08-28,P4-KPI5,Operational Efficiency,P4,71.76,85.0,>,%
55005,E2E Full Test Corporation 1769028736 - Development,2024-09-27,P4-KPI5,Operational Efficiency,P4,83.89,85.0,>,%
55005,E2E Full Test Corporation 1769028736 - Development,2024-10-27,P4-KPI5,Operational Efficiency,P4,74.75,85.0,>,%
55005,E2E Full Test Corporation 1769028736 - Development,2024-11-26,P4-KPI5,Operational Efficiency,P4,82.47,85.0,>,%
55005,E2E Full Test Corporation 1769028736 - Development,2024-01-01,P4-KPI6,Innovation Projects,P4,2.45,3.0,>,count
55005,E2E Full Test Corporation 1769028736 - Development,2024-01-31,P4-KPI6,Innovation Projects,P4,2.85,3.0,>,count
55005,E2E Full Test Corporation 1769028736 - Development,2024-03-01,P4-KPI6,Innovation Projects,P4,2.44,3.0,>,count
55005,E2E Full Test Corporation 1769028736 - Development,2024-03-31,P4-KPI6,Innovation Projects,P4,2.33,3.0,>,count
55005,E2E Full Test Corporation 1769028736 - Development,2024-04-30,P4-KPI6,Innovation Projects,P4,2.41,3.0,>,count
55005,E2E Full Test Corporation 1769028736 - Development,2024-05-30,P4-KPI6,Innovation Projects,P4,2.3,3.0,>,count
55005,E2E Full Test Corporation 1769028736 - Development,2024-06-29,P4-KPI6,Innovation Projects,P4,2.53,3.0,>,count
55005,E2E Full Test Corporation 1769028736 - Development,2024-07-29,P4-KPI6,Innovation Projects,P4,2.44,3.0,>,count
55005,E2E Full Test Corporation 1769028736 - Development,2024-08-28,P4-KPI6,Innovation Projects,P4,2.7,3.0,>,count
55005,E2E Full Test Corporation 1769028736 - Development,2024-09-27,P4-KPI6,Innovation Projects,P4,2.13,3.0,>,count
55005,E2E Full Test Corporation 1769028736 - Development,2024-10-27,P4-KPI6,Innovation Projects,P4,2.39,3.0,>,count
55005,E2E Full Test Corporation 1769028736 - Development,2024-11-26,P4-KPI6,Innovation Projects,P4,2.23,3.0,>,count
55005,E2E Full Test Corporation 1769028736 - Development,2024-01-01,P4-KPI7,Business Case Validation,P4,78.3,90.0,>,%
55005,E2E Full Test Corporation 1769028736 - Development,2024-01-31,P4-KPI7,Business Case Validation,P4,79.93,90.0,>,%
55005,E2E Full Test Corporation 1769028736 - Development,2024-03-01,P4-KPI7,Business Case Validation,P4,78.21,90.0,>,%
55005,E2E Full Test Corporation 1769028736 - Development,2024-03-31,P4-KPI7,Business Case Validation,P4,74.33,90.0,>,%
55005,E2E Full Test Corporation 1769028736 - Development,2024-04-30,P4-KPI7,Business Case Validation,P4,79.06,90.0,>,%
55005,E2E Full Test Corporation 1769028736 - Development,2024-05-30,P4-KPI7,Business Case Validation,P4,76.71,90.0,>,%
55005,E2E Full Test Corporation 1769028736 - Development,2024-06-29,P4-KPI7,Business Case Validation,P4,74.11,90.0,>,%
55005,E2E Full Test Corporation 1769028736 - Development,2024-07-29,P4-KPI7,Business Case Validation,P4,86.24,90.0,>,%
55005,E2E Full Test Corporation 1769028736 - Development,2024-08-28,P4-KPI7,Business Case Validation,P4,96.69,90.0,>,%
55005,E2E Full Test Corporation 1769028736 - Development,2024-09-27,P4-KPI7,Business Case Validation,P4,90.43,90.0,>,%
55005,E2E Full Test Corporation 1769028736 - Development,2024-10-27,P4-KPI7,Business Case Validation,P4,79.71,90.0,>,%
55005,E2E Full Test Corporation 1769028736 - Development,2024-11-26,P4-KPI7,Business Case Validation,P4,88.98,90.0,>,%
55005,E2E Full Test Corporation 1769028736 - Development,2024-01-01,P5-KPI1,Executive Sponsorship,P5,3.95,4.5,>,score
55005,E2E Full Test Corporation 1769028736 - Development,2024-01-31,P5-KPI1,Executive Sponsorship,P5,4.82,4.5,>,score
55005,E2E Full Test Corporation 1769028736 - Development,2024-03-01,P5-KPI1,Executive Sponsorship,P5,3.66,4.5,>,score
55005,E2E Full Test Corporation 1769028736 - Development,2024-03-31,P5-KPI1,Executive Sponsorship,P5,3.72,4.5,>,score
55005,E2E Full Test Corporation 1769028736 - Development,2024-04-30,P5-KPI1,Executive Sponsorship,P5,3.42,4.5,>,score
55005,E2E Full Test Corporation 1769028736 - Development,2024-05-30,P5-KPI1,Executive Sponsorship,P5,4.1,4.5,>,score
55005,E2E Full Test Corporation 1769028736 - Development,2024-06-29,P5-KPI1,Executive Sponsorship,P5,3.83,4.5,>,score
55005,E2E Full Test Corporation 1769028736 - Development,2024-07-29,P5-KPI1,Executive Sponsorship,P5,4.58,4.5,>,score
55005,E2E Full Test Corporation 1769028736 - Development,2024-08-28,P5-KPI1,Executive Sponsorship,P5,3.83,4.5,>,score
55005,E2E Full Test Corporation 1769028736 - Development,2024-09-27,P5-KPI1,Executive Sponsorship,P5,3.76,4.5,>,score
55005,E2E Full Test Corporation 1769028736 - Development,2024-10-27,P5-KPI1,Executive Sponsorship,P5,4.32,4.5,>,score
55005,E2E Full Test Corporation 1769028736 - Development,2024-11-26,P5-KPI1,Executive Sponsorship,P5,4.21,4.5,>,score
55005,E2E Full Test Corporation 1769028736 - Development,2024-01-01,P5-KPI2,Renewal Likelihood,P5,88.17,95.0,>,%
55005,E2E Full Test Corporation 1769028736 - Development,2024-01-31,P5-KPI2,Renewal Likelihood,P5,94.88,95.0,>,%
55005,E2E Full Test Corporation 1769028736 - Development,2024-03-01,P5-KPI2,Renewal Likelihood,P5,100.0,95.0,>,%
55005,E2E Full Test Corporation 1769028736 - Development,2024-03-31,P5-KPI2,Renewal Likelihood,P5,93.56,95.0,>,%
55005,E2E Full Test Corporation 1769028736 - Development,2024-04-30,P5-KPI2,Renewal Likelihood,P5,75.27,95.0,>,%
55005,E2E Full Test Corporation 1769028736 - Development,2024-05-30,P5-KPI2,Renewal Likelihood,P5,76.46,95.0,>,%
55005,E2E Full Test Corporation 1769028736 - Development,2024-06-29,P5-KPI2,Renewal Likelihood,P5,86.18,95.0,>,%
55005,E2E Full Test Corporation 1769028736 - Development,2024-07-29,P5-KPI2,Renewal Likelihood,P5,81.5,95.0,>,%
55005,E2E Full Test Corporation 1769028736 - Development,2024-08-28,P5-KPI2,Renewal Likelihood,P5,100.0,95.0,>,%
55005,E2E Full Test Corporation 1769028736 - Development,2024-09-27,P5-KPI2,Renewal Likelihood,P5,89.49,95.0,>,%
55005,E2E Full Test Corporation 1769028736 - Development,2024-10-27,P5-KPI2,Renewal Likelihood,P5,92.17,95.0,>,%
55005,E2E Full Test Corporation 1769028736 - Development,2024-11-26,P5-KPI2,Renewal Likelihood,P5,79.37,95.0,>,%
55005,E2E Full Test Corporation 1769028736 - Development,2024-01-01,P5-KPI3,Expansion Pipeline,P5,1.76,2.0,>,$M
55005,E2E Full Test Corporation 1769028736 - Development,2024-01-31,P5-KPI3,Expansion Pipeline,P5,1.62,2.0,>,$M
55005,E2E Full Test Corporation 1769028736 - Development,2024-03-01,P5-KPI3,Expansion Pipeline,P5,1.68,2.0,>,$M
55005,E2E Full Test Corporation 1769028736 - Development,2024-03-31,P5-KPI3,Expansion Pipeline,P5,1.76,2.0,>,$M
55005,E2E Full Test Corporation 1769028736 - Development,2024-04-30,P5-KPI3,Expansion Pipeline,P5,1.47,2.0,>,$M
55005,E2E Full Test Corporation 1769028736 - Development,2024-05-30,P5-KPI3,Expansion Pipeline,P5,1.52,2.0,>,$M
55005,E2E Full Test Corporation 1769028736 - Development,2024-06-29,P5-KPI3,Expansion Pipeline,P5,1.35,2.0,>,$M
55005,E2E Full Test Corporation 1769028736 - Development,2024-07-29,P5-KPI3,Expansion Pipeline,P5,1.69,2.0,>,$M
55005,E2E Full Test Corporation 1769028736 - Development,2024-08-28,P5-KPI3,Expansion Pipeline,P5,2.0,2.0,>,$M
55005,E2E Full Test Corporation 1769028736 - Development,2024-09-27,P5-KPI3,Expansion Pipeline,P5,1.63,2.0,>,$M
55005,E2E Full Test Corporation 1769028736 - Development,2024-10-27,P5-KPI3,Expansion Pipeline,P5,1.37,2.0,>,$M
55005,E2E Full Test Corporation 1769028736 - Development,2024-11-26,P5-KPI3,Expansion Pipeline,P5,1.24,2.0,>,$M
55005,E2E Full Test Corporation 1769028736 - Development,2024-01-01,P5-KPI4,Reference Willingness,P5,3.66,4.0,>,score
55005,E2E Full Test Corporation 1769028736 - Development,2024-01-31,P5-KPI4,Reference Willingness,P5,3.98,4.0,>,score
55005,E2E Full Test Corporation 1769028736 - Development,2024-03-01,P5-KPI4,Reference Willingness,P5,3.89,4.0,>,score
55005,E2E Full Test Corporation 1769028736 - Development,2024-03-31,P5-KPI4,Reference Willingness,P5,3.11,4.0,>,score
55005,E2E Full Test Corporation 1769028736 - Development,2024-04-30,P5-KPI4,Reference Willingness,P5,3.41,4.0,>,score
55005,E2E Full Test Corporation 1769028736 - Development,2024-05-30,P5-KPI4,Reference Willingness,P5,3.07,4.0,>,score
55005,E2E Full Test Corporation 1769028736 - Development,2024-06-29,P5-KPI4,Reference Willingness,P5,3.47,4.0,>,score
55005,E2E Full Test Corporation 1769028736 - Development,2024-07-29,P5-KPI4,Reference Willingness,P5,3.55,4.0,>,score
55005,E2E Full Test Corporation 1769028736 - Development,2024-08-28,P5-KPI4,Reference Willingness,P5,3.71,4.0,>,score
55005,E2E Full Test Corporation 1769028736 - Development,2024-09-27,P5-KPI4,Reference Willingness,P5,3.62,4.0,>,score
55005,E2E Full Test Corporation 1769028736 - Development,2024-10-27,P5-KPI4,Reference Willingness,P5,3.48,4.0,>,score
55005,E2E Full Test Corporation 1769028736 - Development,2024-11-26,P5-KPI4,Reference Willingness,P5,2.8,4.0,>,score
55005,E2E Full Test Corporation 1769028736 - Development,2024-01-01,P5-KPI5,Strategic Alignment,P5,71.39,85.0,>,score
55005,E2E Full Test Corporation 1769028736 - Development,2024-01-31,P5-KPI5,Strategic Alignment,P5,71.91,85.0,>,score
55005,E2E Full Test Corporation 1769028736 - Development,2024-03-01,P5-KPI5,Strategic Alignment,P5,77.52,85.0,>,score
55005,E2E Full Test Corporation 1769028736 - Development,2024-03-31,P5-KPI5,Strategic Alignment,P5,84.89,85.0,>,score
55005,E2E Full Test Corporation 1769028736 - Development,2024-04-30,P5-KPI5,Strategic Alignment,P5,71.11,85.0,>,score
55005,E2E Full Test Corporation 1769028736 - Development,2024-05-30,P5-KPI5,Strategic Alignment,P5,79.74,85.0,>,score
55005,E2E Full Test Corporation 1769028736 - Development,2024-06-29,P5-KPI5,Strategic Alignment,P5,72.89,85.0,>,score
55005,E2E Full Test Corporation 1769028736 - Development,2024-07-29,P5-KPI5,Strategic Alignment,P5,84.89,85.0,>,score
55005,E2E Full Test Corporation 1769028736 - Development,2024-08-28,P5-KPI5,Strategic Alignment,P5,71.82,85.0,>,score
55005,E2E Full Test Corporation 1769028736 - Development,2024-09-27,P5-KPI5,Strategic Alignment,P5,84.69,85.0,>,score
55005,E2E Full Test Corporation 1769028736 - Development,2024-10-27,P5-KPI5,Strategic Alignment,P5,79.62,85.0,>,score
55005,E2E Full Test Corporation 1769028736 - Development,2024-11-26,P5-KPI5,Strategic Alignment,P5,71.74,85.0,>,score
55005,E2E Full Test Corporation 1769028736 - Development,2024-01-01,P5-KPI6,Partnership Depth,P5,74.13,80.0,>,score
55005,E2E Full Test Corporation 1769028736 - Development,2024-01-31,P5-KPI6,Partnership Depth,P5,75.02,80.0,>,score
55005,E2E Full Test Corporation 1769028736 - Development,2024-03-01,P5-KPI6,Partnership Depth,P5,65.84,80.0,>,score
55005,E2E Full Test Corporation 1769028736 - Development,2024-03-31,P5-KPI6,Partnership Depth,P5,67.8,80.0,>,score
55005,E2E Full Test Corporation 1769028736 - Development,2024-04-30,P5-KPI6,Partnership Depth,P5,61.5,80.0,>,score
55005,E2E Full Test Corporation 1769028736 - Development,2024-05-30,P5-KPI6,Partnership Depth,P5,58.4,80.0,>,score
55005,E2E Full Test Corporation 1769028736 - Development,2024-06-29,P5-KPI6,Partnership Depth,P5,67.62,80.0,>,score
55005,E2E Full Test Corporation 1769028736 - Development,2024-07-29,P5-KPI6,Partnership Depth,P5,69.63,80.0,>,score
55005,E2E Full Test Corporation 1769028736 - Development,2024-08-28,P5-KPI6,Partnership Depth,P5,69.16,80.0,>,score
55005,E2E Full Test Corporation 1769028736 - Development,2024-09-27,P5-KPI6,Partnership Depth,P5,74.67,80.0,>,score
55005,E2E Full Test Corporation 1769028736 - Development,2024-10-27,P5-KPI6,Partnership Depth,P5,71.51,80.0,>,score
55005,E2E Full Test Corporation 1769028736 - Development,2024-11-26,P5-KPI6,Partnership Depth,P5,58.89,80.0,>,score
55005,E2E Full Test Corporation 1769028736 - Development,2024-01-01,P5-KPI7,NPS Score,P5,52.93,70.0,>,score
55005,E2E Full Test Corporation 1769028736 - Development,2024-01-31,P5-KPI7,NPS Score,P5,67.53,70.0,>,score
55005,E2E Full Test Corporation 1769028736 - Development,2024-03-01,P5-KPI7,NPS Score,P5,67.05,70.0,>,score
55005,E2E Full Test Corporation 1769028736 - Development,2024-03-31,P5-KPI7,NPS Score,P5,64.99,70.0,>,score
55005,E2E Full Test Corporation 1769028736 - Development,2024-04-30,P5-KPI7,NPS Score,P5,53.09,70.0,>,score
55005,E2E Full Test Corporation 1769028736 - Development,2024-05-30,P5-KPI7,NPS Score,P5,56.05,70.0,>,score
55005,E2E Full Test Corporation 1769028736 - Development,2024-06-29,P5-KPI7,NPS Score,P5,51.93,70.0,>,score
55005,E2E Full Test Corporation 1769028736 - Development,2024-07-29,P5-KPI7,NPS Score,P5,67.12,70.0,>,score
55005,E2E Full Test Corporation 1769028736 - Development,2024-08-28,P5-KPI7,NPS Score,P5,74.3,70.0,>,score
55005,E2E Full Test Corporation 1769028736 - Development,2024-09-27,P5-KPI7,NPS Score,P5,60.07,70.0,>,score
55005,E2E Full Test Corporation 1769028736 - Development,2024-10-27,P5-KPI7,NPS Score,P5,48.94,70.0,>,score
55005,E2E Full Test Corporation 1769028736 - Development,2024-11-26,P5-KPI7,NPS Score,P5,57.33,70.0,>,score
55006,E2E Full Test Corporation 1769028736 - HQ Operations,2024-01-01,P1-KPI1,System Uptime,P1,98.26,99.9,>,%
55006,E2E Full Test Corporation 1769028736 - HQ Operations,2024-01-31,P1-KPI1,System Uptime,P1,98.0,99.9,>,%
55006,E2E Full Test Corporation 1769028736 - HQ Operations,2024-03-01,P1-KPI1,System Uptime,P1,100.0,99.9,>,%
55006,E2E Full Test Corporation 1769028736 - HQ Operations,2024-03-31,P1-KPI1,System Uptime,P1,100.0,99.9,>,%
55006,E2E Full Test Corporation 1769028736 - HQ Operations,2024-04-30,P1-KPI1,System Uptime,P1,100.0,99.9,>,%
55006,E2E Full Test Corporation 1769028736 - HQ Operations,2024-05-30,P1-KPI1,System Uptime,P1,98.0,99.9,>,%
55006,E2E Full Test Corporation 1769028736 - HQ Operations,2024-06-29,P1-KPI1,System Uptime,P1,100.0,99.9,>,%
55006,E2E Full Test Corporation 1769028736 - HQ Operations,2024-07-29,P1-KPI1,System Uptime,P1,98.0,99.9,>,%
55006,E2E Full Test Corporation 1769028736 - HQ Operations,2024-08-28,P1-KPI1,System Uptime,P1,98.0,99.9,>,%
55006,E2E Full Test Corporation 1769028736 - HQ Operations,2024-09-27,P1-KPI1,System Uptime,P1,98.0,99.9,>,%
55006,E2E Full Test Corporation 1769028736 - HQ Operations,2024-10-27,P1-KPI1,System Uptime,P1,98.0,99.9,>,%
55006,E2E Full Test Corporation 1769028736 - HQ Operations,2024-11-26,P1-KPI1,System Uptime,P1,100.0,99.9,>,%
55006,E2E Full Test Corporation 1769028736 - HQ Operations,2024-01-01,P1-KPI2,Mean Time to Resolution,P1,3.96,2.0,<,hours
55006,E2E Full Test Corporation 1769028736 - HQ Operations,2024-01-31,P1-KPI2,Mean Time to Resolution,P1,3.82,2.0,<,hours
55006,E2E Full Test Corporation 1769028736 - HQ Operations,2024-03-01,P1-KPI2,Mean Time to Resolution,P1,4.5,2.0,<,hours
55006,E2E Full Test Corporation 1769028736 - HQ Operations,2024-03-31,P1-KPI2,Mean Time to Resolution,P1,3.64,2.0,<,hours
55006,E2E Full Test Corporation 1769028736 - HQ Operations,2024-04-30,P1-KPI2,Mean Time to Resolution,P1,4.67,2.0,<,hours
55006,E2E Full Test Corporation 1769028736 - HQ Operations,2024-05-30,P1-KPI2,Mean Time to Resolution,P1,3.84,2.0,<,hours
55006,E2E Full Test Corporation 1769028736 - HQ Operations,2024-06-29,P1-KPI2,Mean Time to Resolution,P1,3.67,2.0,<,hours
55006,E2E Full Test Corporation 1769028736 - HQ Operations,2024-07-29,P1-KPI2,Mean Time to Resolution,P1,3.82,2.0,<,hours
55006,E2E Full Test Corporation 1769028736 - HQ Operations,2024-08-28,P1-KPI2,Mean Time to Resolution,P1,3.77,2.0,<,hours
55006,E2E Full Test Corporation 1769028736 - HQ Operations,2024-09-27,P1-KPI2,Mean Time to Resolution,P1,3.69,2.0,<,hours
55006,E2E Full Test Corporation 1769028736 - HQ Operations,2024-10-27,P1-KPI2,Mean Time to Resolution,P1,3.96,2.0,<,hours
55006,E2E Full Test Corporation 1769028736 - HQ Operations,2024-11-26,P1-KPI2,Mean Time to Resolution,P1,3.85,2.0,<,hours
55006,E2E Full Test Corporation 1769028736 - HQ Operations,2024-01-01,P1-KPI3,GPU Utilization,P1,81.01,85.0,>,%
55006,E2E Full Test Corporation 1769028736 - HQ Operations,2024-01-31,P1-KPI3,GPU Utilization,P1,74.8,85.0,>,%
55006,E2E Full Test Corporation 1769028736 - HQ Operations,2024-03-01,P1-KPI3,GPU Utilization,P1,80.16,85.0,>,%
55006,E2E Full Test Corporation 1769028736 - HQ Operations,2024-03-31,P1-KPI3,GPU Utilization,P1,73.71,85.0,>,%
55006,E2E Full Test Corporation 1769028736 - HQ Operations,2024-04-30,P1-KPI3,GPU Utilization,P1,80.57,85.0,>,%
55006,E2E Full Test Corporation 1769028736 - HQ Operations,2024-05-30,P1-KPI3,GPU Utilization,P1,70.55,85.0,>,%
55006,E2E Full Test Corporation 1769028736 - HQ Operations,2024-06-29,P1-KPI3,GPU Utilization,P1,77.72,85.0,>,%
55006,E2E Full Test Corporation 1769028736 - HQ Operations,2024-07-29,P1-KPI3,GPU Utilization,P1,73.64,85.0,>,%
55006,E2E Full Test Corporation 1769028736 - HQ Operations,2024-08-28,P1-KPI3,GPU Utilization,P1,76.53,85.0,>,%
55006,E2E Full Test Corporation 1769028736 - HQ Operations,2024-09-27,P1-KPI3,GPU Utilization,P1,80.93,85.0,>,%
55006,E2E Full Test Corporation 1769028736 - HQ Operations,2024-10-27,P1-KPI3,GPU Utilization,P1,76.54,85.0,>,%
55006,E2E Full Test Corporation 1769028736 - HQ Operations,2024-11-26,P1-KPI3,GPU Utilization,P1,75.16,85.0,>,%
55006,E2E Full Test Corporation 1769028736 - HQ Operations,2024-01-01,P1-KPI4,Network Latency,P1,21.04,10.0,<,ms
55006,E2E Full Test Corporation 1769028736 - HQ Operations,2024-01-31,P1-KPI4,Network Latency,P1,28.42,10.0,<,ms
55006,E2E Full Test Corporation 1769028736 - HQ Operations,2024-03-01,P1-KPI4,Network Latency,P1,21.2,10.0,<,ms
55006,E2E Full Test Corporation 1769028736 - HQ Operations,2024-03-31,P1-KPI4,Network Latency,P1,27.47,10.0,<,ms
55006,E2E Full Test Corporation 1769028736 - HQ Operations,2024-04-30,P1-KPI4,Network Latency,P1,21.12,10.0,<,ms
55006,E2E Full Test Corporation 1769028736 - HQ Operations,2024-05-30,P1-KPI4,Network Latency,P1,20.92,10.0,<,ms
55006,E2E Full Test Corporation 1769028736 - HQ Operations,2024-06-29,P1-KPI4,Network Latency,P1,21.27,10.0,<,ms
55006,E2E Full Test Corporation 1769028736 - HQ Operations,2024-07-29,P1-KPI4,Network Latency,P1,21.09,10.0,<,ms
55006,E2E Full Test Corporation 1769028736 - HQ Operations,2024-08-28,P1-KPI4,Network Latency,P1,22.34,10.0,<,ms
55006,E2E Full Test Corporation 1769028736 - HQ Operations,2024-09-27,P1-KPI4,Network Latency,P1,22.93,10.0,<,ms
55006,E2E Full Test Corporation 1769028736 - HQ Operations,2024-10-27,P1-KPI4,Network Latency,P1,22.06,10.0,<,ms
55006,E2E Full Test Corporation 1769028736 - HQ Operations,2024-11-26,P1-KPI4,Network Latency,P1,22.27,10.0,<,ms
55006,E2E Full Test Corporation 1769028736 - HQ Operations,2024-01-01,P1-KPI5,Storage Performance,P1,82978.04,100000.0,>,IOPS
55006,E2E Full Test Corporation 1769028736 - HQ Operations,2024-01-31,P1-KPI5,Storage Performance,P1,79826.22,100000.0,>,IOPS
55006,E2E Full Test Corporation 1769028736 - HQ Operations,2024-03-01,P1-KPI5,Storage Performance,P1,73922.66,100000.0,>,IOPS
55006,E2E Full Test Corporation 1769028736 - HQ Operations,2024-03-31,P1-KPI5,Storage Performance,P1,75504.05,100000.0,>,IOPS
55006,E2E Full Test Corporation 1769028736 - HQ Operations,2024-04-30,P1-KPI5,Storage Performance,P1,76696.32,100000.0,>,IOPS
55006,E2E Full Test Corporation 1769028736 - HQ Operations,2024-05-30,P1-KPI5,Storage Performance,P1,76073.47,100000.0,>,IOPS
55006,E2E Full Test Corporation 1769028736 - HQ Operations,2024-06-29,P1-KPI5,Storage Performance,P1,84441.1,100000.0,>,IOPS
55006,E2E Full Test Corporation 1769028736 - HQ Operations,2024-07-29,P1-KPI5,Storage Performance,P1,82880.83,100000.0,>,IOPS
55006,E2E Full Test Corporation 1769028736 - HQ Operations,2024-08-28,P1-KPI5,Storage Performance,P1,86871.77,100000.0,>,IOPS
55006,E2E Full Test Corporation 1769028736 - HQ Operations,2024-09-27,P1-KPI5,Storage Performance,P1,84742.48,100000.0,>,IOPS
55006,E2E Full Test Corporation 1769028736 - HQ Operations,2024-10-27,P1-KPI5,Storage Performance,P1,83770.66,100000.0,>,IOPS
55006,E2E Full Test Corporation 1769028736 - HQ Operations,2024-11-26,P1-KPI5,Storage Performance,P1,85992.26,100000.0,>,IOPS
55006,E2E Full Test Corporation 1769028736 - HQ Operations,2024-01-01,P1-KPI6,Cooling Efficiency,P1,1.54,1.3,<,PUE
55006,E2E Full Test Corporation 1769028736 - HQ Operations,2024-01-31,P1-KPI6,Cooling Efficiency,P1,1.46,1.3,<,PUE
55006,E2E Full Test Corporation 1769028736 - HQ Operations,2024-03-01,P1-KPI6,Cooling Efficiency,P1,1.43,1.3,<,PUE
55006,E2E Full Test Corporation 1769028736 - HQ Operations,2024-03-31,P1-KPI6,Cooling Efficiency,P1,1.57,1.3,<,PUE
55006,E2E Full Test Corporation 1769028736 - HQ Operations,2024-04-30,P1-KPI6,Cooling Efficiency,P1,1.5,1.3,<,PUE
55006,E2E Full Test Corporation 1769028736 - HQ Operations,2024-05-30,P1-KPI6,Cooling Efficiency,P1,1.42,1.3,<,PUE
55006,E2E Full Test Corporation 1769028736 - HQ Operations,2024-06-29,P1-KPI6,Cooling Efficiency,P1,1.41,1.3,<,PUE
55006,E2E Full Test Corporation 1769028736 - HQ Operations,2024-07-29,P1-KPI6,Cooling Efficiency,P1,1.44,1.3,<,PUE
55006,E2E Full Test Corporation 1769028736 - HQ Operations,2024-08-28,P1-KPI6,Cooling Efficiency,P1,1.48,1.3,<,PUE
55006,E2E Full Test Corporation 1769028736 - HQ Operations,2024-09-27,P1-KPI6,Cooling Efficiency,P1,1.5,1.3,<,PUE
55006,E2E Full Test Corporation 1769028736 - HQ Operations,2024-10-27,P1-KPI6,Cooling Efficiency,P1,1.46,1.3,<,PUE
55006,E2E Full Test Corporation 1769028736 - HQ Operations,2024-11-26,P1-KPI6,Cooling Efficiency,P1,1.46,1.3,<,PUE
55006,E2E Full Test Corporation 1769028736 - HQ Operations,2024-01-01,P1-KPI7,Power Usage,P1,613.78,500.0,<,kW
55006,E2E Full Test Corporation 1769028736 - HQ Operations,2024-01-31,P1-KPI7,Power Usage,P1,603.59,500.0,<,kW
55006,E2E Full Test Corporation 1769028736 - HQ Operations,2024-03-01,P1-KPI7,Power Usage,P1,649.01,500.0,<,kW
55006,E2E Full Test Corporation 1769028736 - HQ Operations,2024-03-31,P1-KPI7,Power Usage,P1,568.68,500.0,<,kW
55006,E2E Full Test Corporation 1769028736 - HQ Operations,2024-04-30,P1-KPI7,Power Usage,P1,582.5,500.0,<,kW
55006,E2E Full Test Corporation 1769028736 - HQ Operations,2024-05-30,P1-KPI7,Power Usage,P1,648.71,500.0,<,kW
55006,E2E Full Test Corporation 1769028736 - HQ Operations,2024-06-29,P1-KPI7,Power Usage,P1,584.32,500.0,<,kW
55006,E2E Full Test Corporation 1769028736 - HQ Operations,2024-07-29,P1-KPI7,Power Usage,P1,576.07,500.0,<,kW
55006,E2E Full Test Corporation 1769028736 - HQ Operations,2024-08-28,P1-KPI7,Power Usage,P1,576.7,500.0,<,kW
55006,E2E Full Test Corporation 1769028736 - HQ Operations,2024-09-27,P1-KPI7,Power Usage,P1,608.53,500.0,<,kW
55006,E2E Full Test Corporation 1769028736 - HQ Operations,2024-10-27,P1-KPI7,Power Usage,P1,566.08,500.0,<,kW
55006,E2E Full Test Corporation 1769028736 - HQ Operations,2024-11-26,P1-KPI7,Power Usage,P1,594.32,500.0,<,kW
55006,E2E Full Test Corporation 1769028736 - HQ Operations,2024-01-01,P1-KPI8,Thermal Management,P1,27.04,25.0,<,°C
55006,E2E Full Test Corporation 1769028736 - HQ Operations,2024-01-31,P1-KPI8,Thermal Management,P1,29.35,25.0,<,°C
55006,E2E Full Test Corporation 1769028736 - HQ Operations,2024-03-01,P1-KPI8,Thermal Management,P1,29.97,25.0,<,°C
55006,E2E Full Test Corporation 1769028736 - HQ Operations,2024-03-31,P1-KPI8,Thermal Management,P1,30.08,25.0,<,°C
55006,E2E Full Test Corporation 1769028736 - HQ Operations,2024-04-30,P1-KPI8,Thermal Management,P1,28.92,25.0,<,°C
55006,E2E Full Test Corporation 1769028736 - HQ Operations,2024-05-30,P1-KPI8,Thermal Management,P1,29.02,25.0,<,°C
55006,E2E Full Test Corporation 1769028736 - HQ Operations,2024-06-29,P1-KPI8,Thermal Management,P1,27.65,25.0,<,°C
55006,E2E Full Test Corporation 1769028736 - HQ Operations,2024-07-29,P1-KPI8,Thermal Management,P1,29.01,25.0,<,°C
55006,E2E Full Test Corporation 1769028736 - HQ Operations,2024-08-28,P1-KPI8,Thermal Management,P1,27.87,25.0,<,°C
55006,E2E Full Test Corporation 1769028736 - HQ Operations,2024-09-27,P1-KPI8,Thermal Management,P1,27.11,25.0,<,°C
55006,E2E Full Test Corporation 1769028736 - HQ Operations,2024-10-27,P1-KPI8,Thermal Management,P1,27.15,25.0,<,°C
55006,E2E Full Test Corporation 1769028736 - HQ Operations,2024-11-26,P1-KPI8,Thermal Management,P1,27.8,25.0,<,°C
55006,E2E Full Test Corporation 1769028736 - HQ Operations,2024-01-01,P2-KPI1,SLA Compliance,P2,99.85,99.0,>,%
55006,E2E Full Test Corporation 1769028736 - HQ Operations,2024-01-31,P2-KPI1,SLA Compliance,P2,100.0,99.0,>,%
55006,E2E Full Test Corporation 1769028736 - HQ Operations,2024-03-01,P2-KPI1,SLA Compliance,P2,96.27,99.0,>,%
55006,E2E Full Test Corporation 1769028736 - HQ Operations,2024-03-31,P2-KPI1,SLA Compliance,P2,100.0,99.0,>,%
55006,E2E Full Test Corporation 1769028736 - HQ Operations,2024-04-30,P2-KPI1,SLA Compliance,P2,95.0,99.0,>,%
55006,E2E Full Test Corporation 1769028736 - HQ Operations,2024-05-30,P2-KPI1,SLA Compliance,P2,99.92,99.0,>,%
55006,E2E Full Test Corporation 1769028736 - HQ Operations,2024-06-29,P2-KPI1,SLA Compliance,P2,95.0,99.0,>,%
55006,E2E Full Test Corporation 1769028736 - HQ Operations,2024-07-29,P2-KPI1,SLA Compliance,P2,95.0,99.0,>,%
55006,E2E Full Test Corporation 1769028736 - HQ Operations,2024-08-28,P2-KPI1,SLA Compliance,P2,100.0,99.0,>,%
55006,E2E Full Test Corporation 1769028736 - HQ Operations,2024-09-27,P2-KPI1,SLA Compliance,P2,98.51,99.0,>,%
55006,E2E Full Test Corporation 1769028736 - HQ Operations,2024-10-27,P2-KPI1,SLA Compliance,P2,96.01,99.0,>,%
55006,E2E Full Test Corporation 1769028736 - HQ Operations,2024-11-26,P2-KPI1,SLA Compliance,P2,96.45,99.0,>,%
55006,E2E Full Test Corporation 1769028736 - HQ Operations,2024-01-01,P2-KPI2,Incident Response Time,P2,36.48,15.0,<,minutes
55006,E2E Full Test Corporation 1769028736 - HQ Operations,2024-01-31,P2-KPI2,Incident Response Time,P2,27.22,15.0,<,minutes
55006,E2E Full Test Corporation 1769028736 - HQ Operations,2024-03-01,P2-KPI2,Incident Response Time,P2,35.86,15.0,<,minutes
55006,E2E Full Test Corporation 1769028736 - HQ Operations,2024-03-31,P2-KPI2,Incident Response Time,P2,35.15,15.0,<,minutes
55006,E2E Full Test Corporation 1769028736 - HQ Operations,2024-04-30,P2-KPI2,Incident Response Time,P2,35.86,15.0,<,minutes
55006,E2E Full Test Corporation 1769028736 - HQ Operations,2024-05-30,P2-KPI2,Incident Response Time,P2,27.84,15.0,<,minutes
55006,E2E Full Test Corporation 1769028736 - HQ Operations,2024-06-29,P2-KPI2,Incident Response Time,P2,27.52,15.0,<,minutes
55006,E2E Full Test Corporation 1769028736 - HQ Operations,2024-07-29,P2-KPI2,Incident Response Time,P2,28.81,15.0,<,minutes
55006,E2E Full Test Corporation 1769028736 - HQ Operations,2024-08-28,P2-KPI2,Incident Response Time,P2,27.85,15.0,<,minutes
55006,E2E Full Test Corporation 1769028736 - HQ Operations,2024-09-27,P2-KPI2,Incident Response Time,P2,27.69,15.0,<,minutes
55006,E2E Full Test Corporation 1769028736 - HQ Operations,2024-10-27,P2-KPI2,Incident Response Time,P2,28.11,15.0,<,minutes
55006,E2E Full Test Corporation 1769028736 - HQ Operations,2024-11-26,P2-KPI2,Incident Response Time,P2,28.47,15.0,<,minutes
55006,E2E Full Test Corporation 1769028736 - HQ Operations,2024-01-01,P2-KPI3,Change Success Rate,P2,91.3,98.0,>,%
55006,E2E Full Test Corporation 1769028736 - HQ Operations,2024-01-31,P2-KPI3,Change Success Rate,P2,92.56,98.0,>,%
55006,E2E Full Test Corporation 1769028736 - HQ Operations,2024-03-01,P2-KPI3,Change Success Rate,P2,99.51,98.0,>,%
55006,E2E Full Test Corporation 1769028736 - HQ Operations,2024-03-31,P2-KPI3,Change Success Rate,P2,92.75,98.0,>,%
55006,E2E Full Test Corporation 1769028736 - HQ Operations,2024-04-30,P2-KPI3,Change Success Rate,P2,98.74,98.0,>,%
55006,E2E Full Test Corporation 1769028736 - HQ Operations,2024-05-30,P2-KPI3,Change Success Rate,P2,98.21,98.0,>,%
55006,E2E Full Test Corporation 1769028736 - HQ Operations,2024-06-29,P2-KPI3,Change Success Rate,P2,94.05,98.0,>,%
55006,E2E Full Test Corporation 1769028736 - HQ Operations,2024-07-29,P2-KPI3,Change Success Rate,P2,92.57,98.0,>,%
55006,E2E Full Test Corporation 1769028736 - HQ Operations,2024-08-28,P2-KPI3,Change Success Rate,P2,96.14,98.0,>,%
55006,E2E Full Test Corporation 1769028736 - HQ Operations,2024-09-27,P2-KPI3,Change Success Rate,P2,95.34,98.0,>,%
55006,E2E Full Test Corporation 1769028736 - HQ Operations,2024-10-27,P2-KPI3,Change Success Rate,P2,91.88,98.0,>,%
55006,E2E Full Test Corporation 1769028736 - HQ Operations,2024-11-26,P2-KPI3,Change Success Rate,P2,96.31,98.0,>,%
55006,E2E Full Test Corporation 1769028736 - HQ Operations,2024-01-01,P2-KPI4,Backup Success Rate,P2,99.7,100.0,>,%
55006,E2E Full Test Corporation 1769028736 - HQ Operations,2024-01-31,P2-KPI4,Backup Success Rate,P2,100.0,100.0,>,%
55006,E2E Full Test Corporation 1769028736 - HQ Operations,2024-03-01,P2-KPI4,Backup Success Rate,P2,100.0,100.0,>,%
55006,E2E Full Test Corporation 1769028736 - HQ Operations,2024-03-31,P2-KPI4,Backup Success Rate,P2,96.43,100.0,>,%
55006,E2E Full Test Corporation 1769028736 - HQ Operations,2024-04-30,P2-KPI4,Backup Success Rate,P2,96.31,100.0,>,%
55006,E2E Full Test Corporation 1769028736 - HQ Operations,2024-05-30,P2-KPI4,Backup Success Rate,P2,95.0,100.0,>,%
55006,E2E Full Test Corporation 1769028736 - HQ Operations,2024-06-29,P2-KPI4,Backup Success Rate,P2,98.69,100.0,>,%
55006,E2E Full Test Corporation 1769028736 - HQ Operations,2024-07-29,P2-KPI4,Backup Success Rate,P2,100.0,100.0,>,%
55006,E2E Full Test Corporation 1769028736 - HQ Operations,2024-08-28,P2-KPI4,Backup Success Rate,P2,97.12,100.0,>,%
55006,E2E Full Test Corporation 1769028736 - HQ Operations,2024-09-27,P2-KPI4,Backup Success Rate,P2,100.0,100.0,>,%
55006,E2E Full Test Corporation 1769028736 - HQ Operations,2024-10-27,P2-KPI4,Backup Success Rate,P2,97.66,100.0,>,%
55006,E2E Full Test Corporation 1769028736 - HQ Operations,2024-11-26,P2-KPI4,Backup Success Rate,P2,97.93,100.0,>,%
55006,E2E Full Test Corporation 1769028736 - HQ Operations,2024-01-01,P2-KPI5,Patch Compliance,P2,86.19,95.0,>,%
55006,E2E Full Test Corporation 1769028736 - HQ Operations,2024-01-31,P2-KPI5,Patch Compliance,P2,91.51,95.0,>,%
55006,E2E Full Test Corporation 1769028736 - HQ Operations,2024-03-01,P2-KPI5,Patch Compliance,P2,90.78,95.0,>,%
55006,E2E Full Test Corporation 1769028736 - HQ Operations,2024-03-31,P2-KPI5,Patch Compliance,P2,86.45,95.0,>,%
55006,E2E Full Test Corporation 1769028736 - HQ Operations,2024-04-30,P2-KPI5,Patch Compliance,P2,89.82,95.0,>,%
55006,E2E Full Test Corporation 1769028736 - HQ Operations,2024-05-30,P2-KPI5,Patch Compliance,P2,92.09,95.0,>,%
55006,E2E Full Test Corporation 1769028736 - HQ Operations,2024-06-29,P2-KPI5,Patch Compliance,P2,87.01,95.0,>,%
55006,E2E Full Test Corporation 1769028736 - HQ Operations,2024-07-29,P2-KPI5,Patch Compliance,P2,86.36,95.0,>,%
55006,E2E Full Test Corporation 1769028736 - HQ Operations,2024-08-28,P2-KPI5,Patch Compliance,P2,91.22,95.0,>,%
55006,E2E Full Test Corporation 1769028736 - HQ Operations,2024-09-27,P2-KPI5,Patch Compliance,P2,89.95,95.0,>,%
55006,E2E Full Test Corporation 1769028736 - HQ Operations,2024-10-27,P2-KPI5,Patch Compliance,P2,90.01,95.0,>,%
55006,E2E Full Test Corporation 1769028736 - HQ Operations,2024-11-26,P2-KPI5,Patch Compliance,P2,92.82,95.0,>,%
55006,E2E Full Test Corporation 1769028736 - HQ Operations,2024-01-01,P2-KPI6,Service Request Fulfillment,P2,5.3,3.0,<,days
55006,E2E Full Test Corporation 1769028736 - HQ Operations,2024-01-31,P2-KPI6,Service Request Fulfillment,P2,5.03,3.0,<,days
55006,E2E Full Test Corporation 1769028736 - HQ Operations,2024-03-01,P2-KPI6,Service Request Fulfillment,P2,5.21,3.0,<,days
55006,E2E Full Test Corporation 1769028736 - HQ Operations,2024-03-31,P2-KPI6,Service Request Fulfillment,P2,6.17,3.0,<,days
55006,E2E Full Test Corporation 1769028736 - HQ Operations,2024-04-30,P2-KPI6,Service Request Fulfillment,P2,6.03,3.0,<,days
55006,E2E Full Test Corporation 1769028736 - HQ Operations,2024-05-30,P2-KPI6,Service Request Fulfillment,P2,6.28,3.0,<,days
55006,E2E Full Test Corporation 1769028736 - HQ Operations,2024-06-29,P2-KPI6,Service Request Fulfillment,P2,4.94,3.0,<,days
55006,E2E Full Test Corporation 1769028736 - HQ Operations,2024-07-29,P2-KPI6,Service Request Fulfillment,P2,5.02,3.0,<,days
55006,E2E Full Test Corporation 1769028736 - HQ Operations,2024-08-28,P2-KPI6,Service Request Fulfillment,P2,4.98,3.0,<,days
55006,E2E Full Test Corporation 1769028736 - HQ Operations,2024-09-27,P2-KPI6,Service Request Fulfillment,P2,5.23,3.0,<,days
55006,E2E Full Test Corporation 1769028736 - HQ Operations,2024-10-27,P2-KPI6,Service Request Fulfillment,P2,5.15,3.0,<,days
55006,E2E Full Test Corporation 1769028736 - HQ Operations,2024-11-26,P2-KPI6,Service Request Fulfillment,P2,4.97,3.0,<,days
55006,E2E Full Test Corporation 1769028736 - HQ Operations,2024-01-01,P2-KPI7,Capacity Planning Accuracy,P2,81.7,90.0,>,%
55006,E2E Full Test Corporation 1769028736 - HQ Operations,2024-01-31,P2-KPI7,Capacity Planning Accuracy,P2,78.89,90.0,>,%
55006,E2E Full Test Corporation 1769028736 - HQ Operations,2024-03-01,P2-KPI7,Capacity Planning Accuracy,P2,81.29,90.0,>,%
55006,E2E Full Test Corporation 1769028736 - HQ Operations,2024-03-31,P2-KPI7,Capacity Planning Accuracy,P2,79.76,90.0,>,%
55006,E2E Full Test Corporation 1769028736 - HQ Operations,2024-04-30,P2-KPI7,Capacity Planning Accuracy,P2,81.91,90.0,>,%
55006,E2E Full Test Corporation 1769028736 - HQ Operations,2024-05-30,P2-KPI7,Capacity Planning Accuracy,P2,80.2,90.0,>,%
55006,E2E Full Test Corporation 1769028736 - HQ Operations,2024-06-29,P2-KPI7,Capacity Planning Accuracy,P2,80.55,90.0,>,%
55006,E2E Full Test Corporation 1769028736 - HQ Operations,2024-07-29,P2-KPI7,Capacity Planning Accuracy,P2,87.55,90.0,>,%
55006,E2E Full Test Corporation 1769028736 - HQ Operations,2024-08-28,P2-KPI7,Capacity Planning Accuracy,P2,83.8,90.0,>,%
55006,E2E Full Test Corporation 1769028736 - HQ Operations,2024-09-27,P2-KPI7,Capacity Planning Accuracy,P2,86.6,90.0,>,%
55006,E2E Full Test Corporation 1769028736 - HQ Operations,2024-10-27,P2-KPI7,Capacity Planning Accuracy,P2,79.88,90.0,>,%
55006,E2E Full Test Corporation 1769028736 - HQ Operations,2024-11-26,P2-KPI7,Capacity Planning Accuracy,P2,87.13,90.0,>,%
55006,E2E Full Test Corporation 1769028736 - HQ Operations,2024-01-01,P2-KPI8,Documentation Quality,P2,77.67,85.0,>,score
55006,E2E Full Test Corporation 1769028736 - HQ Operations,2024-01-31,P2-KPI8,Documentation Quality,P2,73.67,85.0,>,score
55006,E2E Full Test Corporation 1769028736 - HQ Operations,2024-03-01,P2-KPI8,Documentation Quality,P2,75.68,85.0,>,score
55006,E2E Full Test Corporation 1769028736 - HQ Operations,2024-03-31,P2-KPI8,Documentation Quality,P2,74.37,85.0,>,score
55006,E2E Full Test Corporation 1769028736 - HQ Operations,2024-04-30,P2-KPI8,Documentation Quality,P2,75.57,85.0,>,score
55006,E2E Full Test Corporation 1769028736 - HQ Operations,2024-05-30,P2-KPI8,Documentation Quality,P2,70.59,85.0,>,score
55006,E2E Full Test Corporation 1769028736 - HQ Operations,2024-06-29,P2-KPI8,Documentation Quality,P2,76.16,85.0,>,score
55006,E2E Full Test Corporation 1769028736 - HQ Operations,2024-07-29,P2-KPI8,Documentation Quality,P2,79.26,85.0,>,score
55006,E2E Full Test Corporation 1769028736 - HQ Operations,2024-08-28,P2-KPI8,Documentation Quality,P2,81.13,85.0,>,score
55006,E2E Full Test Corporation 1769028736 - HQ Operations,2024-09-27,P2-KPI8,Documentation Quality,P2,76.22,85.0,>,score
55006,E2E Full Test Corporation 1769028736 - HQ Operations,2024-10-27,P2-KPI8,Documentation Quality,P2,77.65,85.0,>,score
55006,E2E Full Test Corporation 1769028736 - HQ Operations,2024-11-26,P2-KPI8,Documentation Quality,P2,77.67,85.0,>,score
55006,E2E Full Test Corporation 1769028736 - HQ Operations,2024-01-01,P3-KPI1,CSAT Score,P3,3.92,4.5,>,score
55006,E2E Full Test Corporation 1769028736 - HQ Operations,2024-01-31,P3-KPI1,CSAT Score,P3,4.2,4.5,>,score
55006,E2E Full Test Corporation 1769028736 - HQ Operations,2024-03-01,P3-KPI1,CSAT Score,P3,3.91,4.5,>,score
55006,E2E Full Test Corporation 1769028736 - HQ Operations,2024-03-31,P3-KPI1,CSAT Score,P3,3.93,4.5,>,score
55006,E2E Full Test Corporation 1769028736 - HQ Operations,2024-04-30,P3-KPI1,CSAT Score,P3,4.18,4.5,>,score
55006,E2E Full Test Corporation 1769028736 - HQ Operations,2024-05-30,P3-KPI1,CSAT Score,P3,4.25,4.5,>,score
55006,E2E Full Test Corporation 1769028736 - HQ Operations,2024-06-29,P3-KPI1,CSAT Score,P3,3.87,4.5,>,score
55006,E2E Full Test Corporation 1769028736 - HQ Operations,2024-07-29,P3-KPI1,CSAT Score,P3,4.15,4.5,>,score
55006,E2E Full Test Corporation 1769028736 - HQ Operations,2024-08-28,P3-KPI1,CSAT Score,P3,4.09,4.5,>,score
55006,E2E Full Test Corporation 1769028736 - HQ Operations,2024-09-27,P3-KPI1,CSAT Score,P3,4.03,4.5,>,score
55006,E2E Full Test Corporation 1769028736 - HQ Operations,2024-10-27,P3-KPI1,CSAT Score,P3,4.19,4.5,>,score
55006,E2E Full Test Corporation 1769028736 - HQ Operations,2024-11-26,P3-KPI1,CSAT Score,P3,4.08,4.5,>,score
55006,E2E Full Test Corporation 1769028736 - HQ Operations,2024-01-01,P3-KPI2,Support Ticket Volume,P3,58.41,20.0,<,tickets
55006,E2E Full Test Corporation 1769028736 - HQ Operations,2024-01-31,P3-KPI2,Support Ticket Volume,P3,56.62,20.0,<,tickets
55006,E2E Full Test Corporation 1769028736 - HQ Operations,2024-03-01,P3-KPI2,Support Ticket Volume,P3,44.24,20.0,<,tickets
55006,E2E Full Test Corporation 1769028736 - HQ Operations,2024-03-31,P3-KPI2,Support Ticket Volume,P3,57.85,20.0,<,tickets
55006,E2E Full Test Corporation 1769028736 - HQ Operations,2024-04-30,P3-KPI2,Support Ticket Volume,P3,54.61,20.0,<,tickets
55006,E2E Full Test Corporation 1769028736 - HQ Operations,2024-05-30,P3-KPI2,Support Ticket Volume,P3,45.87,20.0,<,tickets
55006,E2E Full Test Corporation 1769028736 - HQ Operations,2024-06-29,P3-KPI2,Support Ticket Volume,P3,45.41,20.0,<,tickets
55006,E2E Full Test Corporation 1769028736 - HQ Operations,2024-07-29,P3-KPI2,Support Ticket Volume,P3,41.96,20.0,<,tickets
55006,E2E Full Test Corporation 1769028736 - HQ Operations,2024-08-28,P3-KPI2,Support Ticket Volume,P3,46.06,20.0,<,tickets
55006,E2E Full Test Corporation 1769028736 - HQ Operations,2024-09-27,P3-KPI2,Support Ticket Volume,P3,43.55,20.0,<,tickets
55006,E2E Full Test Corporation 1769028736 - HQ Operations,2024-10-27,P3-KPI2,Support Ticket Volume,P3,42.85,20.0,<,tickets
55006,E2E Full Test Corporation 1769028736 - HQ Operations,2024-11-26,P3-KPI2,Support Ticket Volume,P3,43.11,20.0,<,tickets
55006,E2E Full Test Corporation 1769028736 - HQ Operations,2024-01-01,P3-KPI3,First Contact Resolution,P3,64.58,75.0,>,%
55006,E2E Full Test Corporation 1769028736 - HQ Operations,2024-01-31,P3-KPI3,First Contact Resolution,P3,65.5,75.0,>,%
55006,E2E Full Test Corporation 1769028736 - HQ Operations,2024-03-01,P3-KPI3,First Contact Resolution,P3,68.22,75.0,>,%
55006,E2E Full Test Corporation 1769028736 - HQ Operations,2024-03-31,P3-KPI3,First Contact Resolution,P3,68.04,75.0,>,%
55006,E2E Full Test Corporation 1769028736 - HQ Operations,2024-04-30,P3-KPI3,First Contact Resolution,P3,69.12,75.0,>,%
55006,E2E Full Test Corporation 1769028736 - HQ Operations,2024-05-30,P3-KPI3,First Contact Resolution,P3,65.26,75.0,>,%
55006,E2E Full Test Corporation 1769028736 - HQ Operations,2024-06-29,P3-KPI3,First Contact Resolution,P3,69.75,75.0,>,%
55006,E2E Full Test Corporation 1769028736 - HQ Operations,2024-07-29,P3-KPI3,First Contact Resolution,P3,68.79,75.0,>,%
55006,E2E Full Test Corporation 1769028736 - HQ Operations,2024-08-28,P3-KPI3,First Contact Resolution,P3,64.52,75.0,>,%
55006,E2E Full Test Corporation 1769028736 - HQ Operations,2024-09-27,P3-KPI3,First Contact Resolution,P3,65.8,75.0,>,%
55006,E2E Full Test Corporation 1769028736 - HQ Operations,2024-10-27,P3-KPI3,First Contact Resolution,P3,70.13,75.0,>,%
55006,E2E Full Test Corporation 1769028736 - HQ Operations,2024-11-26,P3-KPI3,First Contact Resolution,P3,64.71,75.0,>,%
55006,E2E Full Test Corporation 1769028736 - HQ Operations,2024-01-01,P3-KPI4,Training Completion,P3,80.25,90.0,>,%
55006,E2E Full Test Corporation 1769028736 - HQ Operations,2024-01-31,P3-KPI4,Training Completion,P3,80.28,90.0,>,%
55006,E2E Full Test Corporation 1769028736 - HQ Operations,2024-03-01,P3-KPI4,Training Completion,P3,83.67,90.0,>,%
55006,E2E Full Test Corporation 1769028736 - HQ Operations,2024-03-31,P3-KPI4,Training Completion,P3,82.27,90.0,>,%
55006,E2E Full Test Corporation 1769028736 - HQ Operations,2024-04-30,P3-KPI4,Training Completion,P3,79.82,90.0,>,%
55006,E2E Full Test Corporation 1769028736 - HQ Operations,2024-05-30,P3-KPI4,Training Completion,P3,74.85,90.0,>,%
55006,E2E Full Test Corporation 1769028736 - HQ Operations,2024-06-29,P3-KPI4,Training Completion,P3,81.36,90.0,>,%
55006,E2E Full Test Corporation 1769028736 - HQ Operations,2024-07-29,P3-KPI4,Training Completion,P3,82.49,90.0,>,%
55006,E2E Full Test Corporation 1769028736 - HQ Operations,2024-08-28,P3-KPI4,Training Completion,P3,76.95,90.0,>,%
55006,E2E Full Test Corporation 1769028736 - HQ Operations,2024-09-27,P3-KPI4,Training Completion,P3,83.54,90.0,>,%
55006,E2E Full Test Corporation 1769028736 - HQ Operations,2024-10-27,P3-KPI4,Training Completion,P3,77.42,90.0,>,%
55006,E2E Full Test Corporation 1769028736 - HQ Operations,2024-11-26,P3-KPI4,Training Completion,P3,83.82,90.0,>,%
55006,E2E Full Test Corporation 1769028736 - HQ Operations,2024-01-01,P3-KPI5,User Adoption Rate,P3,66.57,80.0,>,%
55006,E2E Full Test Corporation 1769028736 - HQ Operations,2024-01-31,P3-KPI5,User Adoption Rate,P3,67.32,80.0,>,%
55006,E2E Full Test Corporation 1769028736 - HQ Operations,2024-03-01,P3-KPI5,User Adoption Rate,P3,64.84,80.0,>,%
55006,E2E Full Test Corporation 1769028736 - HQ Operations,2024-03-31,P3-KPI5,User Adoption Rate,P3,68.22,80.0,>,%
55006,E2E Full Test Corporation 1769028736 - HQ Operations,2024-04-30,P3-KPI5,User Adoption Rate,P3,64.33,80.0,>,%
55006,E2E Full Test Corporation 1769028736 - HQ Operations,2024-05-30,P3-KPI5,User Adoption Rate,P3,70.34,80.0,>,%
55006,E2E Full Test Corporation 1769028736 - HQ Operations,2024-06-29,P3-KPI5,User Adoption Rate,P3,68.77,80.0,>,%
55006,E2E Full Test Corporation 1769028736 - HQ Operations,2024-07-29,P3-KPI5,User Adoption Rate,P3,71.85,80.0,>,%
55006,E2E Full Test Corporation 1769028736 - HQ Operations,2024-08-28,P3-KPI5,User Adoption Rate,P3,70.96,80.0,>,%
55006,E2E Full Test Corporation 1769028736 - HQ Operations,2024-09-27,P3-KPI5,User Adoption Rate,P3,71.25,80.0,>,%
55006,E2E Full Test Corporation 1769028736 - HQ Operations,2024-10-27,P3-KPI5,User Adoption Rate,P3,73.47,80.0,>,%
55006,E2E Full Test Corporation 1769028736 - HQ Operations,2024-11-26,P3-KPI5,User Adoption Rate,P3,73.77,80.0,>,%
55006,E2E Full Test Corporation 1769028736 - HQ Operations,2024-01-01,P3-KPI6,Executive Engagement,P3,2.99,4.0,>,meetings/quarter
55006,E2E Full Test Corporation 1769028736 - HQ Operations,2024-01-31,P3-KPI6,Executive Engagement,P3,3.55,4.0,>,meetings/quarter
55006,E2E Full Test Corporation 1769028736 - HQ Operations,2024-03-01,P3-KPI6,Executive Engagement,P3,3.06,4.0,>,meetings/quarter
55006,E2E Full Test Corporation 1769028736 - HQ Operations,2024-03-31,P3-KPI6,Executive Engagement,P3,3.51,4.0,>,meetings/quarter
55006,E2E Full Test Corporation 1769028736 - HQ Operations,2024-04-30,P3-KPI6,Executive Engagement,P3,3.28,4.0,>,meetings/quarter
55006,E2E Full Test Corporation 1769028736 - HQ Operations,2024-05-30,P3-KPI6,Executive Engagement,P3,3.24,4.0,>,meetings/quarter
55006,E2E Full Test Corporation 1769028736 - HQ Operations,2024-06-29,P3-KPI6,Executive Engagement,P3,3.36,4.0,>,meetings/quarter
55006,E2E Full Test Corporation 1769028736 - HQ Operations,2024-07-29,P3-KPI6,Executive Engagement,P3,3.53,4.0,>,meetings/quarter
55006,E2E Full Test Corporation 1769028736 - HQ Operations,2024-08-28,P3-KPI6,Executive Engagement,P3,3.46,4.0,>,meetings/quarter
55006,E2E Full Test Corporation 1769028736 - HQ Operations,2024-09-27,P3-KPI6,Executive Engagement,P3,3.34,4.0,>,meetings/quarter
55006,E2E Full Test Corporation 1769028736 - HQ Operations,2024-10-27,P3-KPI6,Executive Engagement,P3,3.46,4.0,>,meetings/quarter
55006,E2E Full Test Corporation 1769028736 - HQ Operations,2024-11-26,P3-KPI6,Executive Engagement,P3,3.49,4.0,>,meetings/quarter
55006,E2E Full Test Corporation 1769028736 - HQ Operations,2024-01-01,P3-KPI7,Response Time SLA,P3,73.87,30.0,<,minutes
55006,E2E Full Test Corporation 1769028736 - HQ Operations,2024-01-31,P3-KPI7,Response Time SLA,P3,59.53,30.0,<,minutes
55006,E2E Full Test Corporation 1769028736 - HQ Operations,2024-03-01,P3-KPI7,Response Time SLA,P3,68.42,30.0,<,minutes
55006,E2E Full Test Corporation 1769028736 - HQ Operations,2024-03-31,P3-KPI7,Response Time SLA,P3,67.66,30.0,<,minutes
55006,E2E Full Test Corporation 1769028736 - HQ Operations,2024-04-30,P3-KPI7,Response Time SLA,P3,54.67,30.0,<,minutes
55006,E2E Full Test Corporation 1769028736 - HQ Operations,2024-05-30,P3-KPI7,Response Time SLA,P3,70.36,30.0,<,minutes
55006,E2E Full Test Corporation 1769028736 - HQ Operations,2024-06-29,P3-KPI7,Response Time SLA,P3,58.7,30.0,<,minutes
55006,E2E Full Test Corporation 1769028736 - HQ Operations,2024-07-29,P3-KPI7,Response Time SLA,P3,54.19,30.0,<,minutes
55006,E2E Full Test Corporation 1769028736 - HQ Operations,2024-08-28,P3-KPI7,Response Time SLA,P3,59.53,30.0,<,minutes
55006,E2E Full Test Corporation 1769028736 - HQ Operations,2024-09-27,P3-KPI7,Response Time SLA,P3,57.98,30.0,<,minutes
55006,E2E Full Test Corporation 1769028736 - HQ Operations,2024-10-27,P3-KPI7,Response Time SLA,P3,54.24,30.0,<,minutes
55006,E2E Full Test Corporation 1769028736 - HQ Operations,2024-11-26,P3-KPI7,Response Time SLA,P3,54.93,30.0,<,minutes
55006,E2E Full Test Corporation 1769028736 - HQ Operations,2024-01-01,P4-KPI1,ROI Achievement,P4,132.52,150.0,>,%
55006,E2E Full Test Corporation 1769028736 - HQ Operations,2024-01-31,P4-KPI1,ROI Achievement,P4,129.33,150.0,>,%
55006,E2E Full Test Corporation 1769028736 - HQ Operations,2024-03-01,P4-KPI1,ROI Achievement,P4,136.7,150.0,>,%
55006,E2E Full Test Corporation 1769028736 - HQ Operations,2024-03-31,P4-KPI1,ROI Achievement,P4,140.96,150.0,>,%
55006,E2E Full Test Corporation 1769028736 - HQ Operations,2024-04-30,P4-KPI1,ROI Achievement,P4,130.78,150.0,>,%
55006,E2E Full Test Corporation 1769028736 - HQ Operations,2024-05-30,P4-KPI1,ROI Achievement,P4,129.69,150.0,>,%
55006,E2E Full Test Corporation 1769028736 - HQ Operations,2024-06-29,P4-KPI1,ROI Achievement,P4,135.76,150.0,>,%
55006,E2E Full Test Corporation 1769028736 - HQ Operations,2024-07-29,P4-KPI1,ROI Achievement,P4,135.46,150.0,>,%
55006,E2E Full Test Corporation 1769028736 - HQ Operations,2024-08-28,P4-KPI1,ROI Achievement,P4,133.41,150.0,>,%
55006,E2E Full Test Corporation 1769028736 - HQ Operations,2024-09-27,P4-KPI1,ROI Achievement,P4,130.64,150.0,>,%
55006,E2E Full Test Corporation 1769028736 - HQ Operations,2024-10-27,P4-KPI1,ROI Achievement,P4,129.56,150.0,>,%
55006,E2E Full Test Corporation 1769028736 - HQ Operations,2024-11-26,P4-KPI1,ROI Achievement,P4,139.11,150.0,>,%
55006,E2E Full Test Corporation 1769028736 - HQ Operations,2024-01-01,P4-KPI2,Cost Reduction,P4,13.4,20.0,>,%
55006,E2E Full Test Corporation 1769028736 - HQ Operations,2024-01-31,P4-KPI2,Cost Reduction,P4,11.2,20.0,>,%
55006,E2E Full Test Corporation 1769028736 - HQ Operations,2024-03-01,P4-KPI2,Cost Reduction,P4,10.65,20.0,>,%
55006,E2E Full Test Corporation 1769028736 - HQ Operations,2024-03-31,P4-KPI2,Cost Reduction,P4,14.13,20.0,>,%
55006,E2E Full Test Corporation 1769028736 - HQ Operations,2024-04-30,P4-KPI2,Cost Reduction,P4,10.93,20.0,>,%
55006,E2E Full Test Corporation 1769028736 - HQ Operations,2024-05-30,P4-KPI2,Cost Reduction,P4,14.7,20.0,>,%
55006,E2E Full Test Corporation 1769028736 - HQ Operations,2024-06-29,P4-KPI2,Cost Reduction,P4,13.51,20.0,>,%
55006,E2E Full Test Corporation 1769028736 - HQ Operations,2024-07-29,P4-KPI2,Cost Reduction,P4,13.86,20.0,>,%
55006,E2E Full Test Corporation 1769028736 - HQ Operations,2024-08-28,P4-KPI2,Cost Reduction,P4,14.36,20.0,>,%
55006,E2E Full Test Corporation 1769028736 - HQ Operations,2024-09-27,P4-KPI2,Cost Reduction,P4,14.29,20.0,>,%
55006,E2E Full Test Corporation 1769028736 - HQ Operations,2024-10-27,P4-KPI2,Cost Reduction,P4,13.9,20.0,>,%
55006,E2E Full Test Corporation 1769028736 - HQ Operations,2024-11-26,P4-KPI2,Cost Reduction,P4,14.54,20.0,>,%
55006,E2E Full Test Corporation 1769028736 - HQ Operations,2024-01-01,P4-KPI3,Time to Value,P4,120.73,90.0,<,days
55006,E2E Full Test Corporation 1769028736 - HQ Operations,2024-01-31,P4-KPI3,Time to Value,P4,117.47,90.0,<,days
55006,E2E Full Test Corporation 1769028736 - HQ Operations,2024-03-01,P4-KPI3,Time to Value,P4,122.62,90.0,<,days
55006,E2E Full Test Corporation 1769028736 - HQ Operations,2024-03-31,P4-KPI3,Time to Value,P4,128.58,90.0,<,days
55006,E2E Full Test Corporation 1769028736 - HQ Operations,2024-04-30,P4-KPI3,Time to Value,P4,118.59,90.0,<,days
55006,E2E Full Test Corporation 1769028736 - HQ Operations,2024-05-30,P4-KPI3,Time to Value,P4,129.13,90.0,<,days
55006,E2E Full Test Corporation 1769028736 - HQ Operations,2024-06-29,P4-KPI3,Time to Value,P4,115.22,90.0,<,days
55006,E2E Full Test Corporation 1769028736 - HQ Operations,2024-07-29,P4-KPI3,Time to Value,P4,116.38,90.0,<,days
55006,E2E Full Test Corporation 1769028736 - HQ Operations,2024-08-28,P4-KPI3,Time to Value,P4,122.7,90.0,<,days
55006,E2E Full Test Corporation 1769028736 - HQ Operations,2024-09-27,P4-KPI3,Time to Value,P4,120.76,90.0,<,days
55006,E2E Full Test Corporation 1769028736 - HQ Operations,2024-10-27,P4-KPI3,Time to Value,P4,117.81,90.0,<,days
55006,E2E Full Test Corporation 1769028736 - HQ Operations,2024-11-26,P4-KPI3,Time to Value,P4,112.01,90.0,<,days
55006,E2E Full Test Corporation 1769028736 - HQ Operations,2024-01-01,P4-KPI4,Revenue Enablement,P4,3.33,5.0,>,$M
55006,E2E Full Test Corporation 1769028736 - HQ Operations,2024-01-31,P4-KPI4,Revenue Enablement,P4,3.92,5.0,>,$M
55006,E2E Full Test Corporation 1769028736 - HQ Operations,2024-03-01,P4-KPI4,Revenue Enablement,P4,3.12,5.0,>,$M
55006,E2E Full Test Corporation 1769028736 - HQ Operations,2024-03-31,P4-KPI4,Revenue Enablement,P4,3.95,5.0,>,$M
55006,E2E Full Test Corporation 1769028736 - HQ Operations,2024-04-30,P4-KPI4,Revenue Enablement,P4,3.31,5.0,>,$M
55006,E2E Full Test Corporation 1769028736 - HQ Operations,2024-05-30,P4-KPI4,Revenue Enablement,P4,3.22,5.0,>,$M
55006,E2E Full Test Corporation 1769028736 - HQ Operations,2024-06-29,P4-KPI4,Revenue Enablement,P4,3.89,5.0,>,$M
55006,E2E Full Test Corporation 1769028736 - HQ Operations,2024-07-29,P4-KPI4,Revenue Enablement,P4,3.72,5.0,>,$M
55006,E2E Full Test Corporation 1769028736 - HQ Operations,2024-08-28,P4-KPI4,Revenue Enablement,P4,3.75,5.0,>,$M
55006,E2E Full Test Corporation 1769028736 - HQ Operations,2024-09-27,P4-KPI4,Revenue Enablement,P4,3.89,5.0,>,$M
55006,E2E Full Test Corporation 1769028736 - HQ Operations,2024-10-27,P4-KPI4,Revenue Enablement,P4,3.9,5.0,>,$M
55006,E2E Full Test Corporation 1769028736 - HQ Operations,2024-11-26,P4-KPI4,Revenue Enablement,P4,3.89,5.0,>,$M
55006,E2E Full Test Corporation 1769028736 - HQ Operations,2024-01-01,P4-KPI5,Operational Efficiency,P4,80.07,85.0,>,%
55006,E2E Full Test Corporation 1769028736 - HQ Operations,2024-01-31,P4-KPI5,Operational Efficiency,P4,77.14,85.0,>,%
55006,E2E Full Test Corporation 1769028736 - HQ Operations,2024-03-01,P4-KPI5,Operational Efficiency,P4,73.45,85.0,>,%
55006,E2E Full Test Corporation 1769028736 - HQ Operations,2024-03-31,P4-KPI5,Operational Efficiency,P4,71.72,85.0,>,%
55006,E2E Full Test Corporation 1769028736 - HQ Operations,2024-04-30,P4-KPI5,Operational Efficiency,P4,81.04,85.0,>,%
55006,E2E Full Test Corporation 1769028736 - HQ Operations,2024-05-30,P4-KPI5,Operational Efficiency,P4,76.81,85.0,>,%
55006,E2E Full Test Corporation 1769028736 - HQ Operations,2024-06-29,P4-KPI5,Operational Efficiency,P4,73.85,85.0,>,%
55006,E2E Full Test Corporation 1769028736 - HQ Operations,2024-07-29,P4-KPI5,Operational Efficiency,P4,79.3,85.0,>,%
55006,E2E Full Test Corporation 1769028736 - HQ Operations,2024-08-28,P4-KPI5,Operational Efficiency,P4,77.13,85.0,>,%
55006,E2E Full Test Corporation 1769028736 - HQ Operations,2024-09-27,P4-KPI5,Operational Efficiency,P4,78.62,85.0,>,%
55006,E2E Full Test Corporation 1769028736 - HQ Operations,2024-10-27,P4-KPI5,Operational Efficiency,P4,74.01,85.0,>,%
55006,E2E Full Test Corporation 1769028736 - HQ Operations,2024-11-26,P4-KPI5,Operational Efficiency,P4,76.03,85.0,>,%
55006,E2E Full Test Corporation 1769028736 - HQ Operations,2024-01-01,P4-KPI6,Innovation Projects,P4,2.17,3.0,>,count
55006,E2E Full Test Corporation 1769028736 - HQ Operations,2024-01-31,P4-KPI6,Innovation Projects,P4,2.17,3.0,>,count
55006,E2E Full Test Corporation 1769028736 - HQ Operations,2024-03-01,P4-KPI6,Innovation Projects,P4,2.33,3.0,>,count
55006,E2E Full Test Corporation 1769028736 - HQ Operations,2024-03-31,P4-KPI6,Innovation Projects,P4,2.07,3.0,>,count
55006,E2E Full Test Corporation 1769028736 - HQ Operations,2024-04-30,P4-KPI6,Innovation Projects,P4,2.1,3.0,>,count
55006,E2E Full Test Corporation 1769028736 - HQ Operations,2024-05-30,P4-KPI6,Innovation Projects,P4,2.01,3.0,>,count
55006,E2E Full Test Corporation 1769028736 - HQ Operations,2024-06-29,P4-KPI6,Innovation Projects,P4,2.51,3.0,>,count
55006,E2E Full Test Corporation 1769028736 - HQ Operations,2024-07-29,P4-KPI6,Innovation Projects,P4,2.36,3.0,>,count
55006,E2E Full Test Corporation 1769028736 - HQ Operations,2024-08-28,P4-KPI6,Innovation Projects,P4,2.47,3.0,>,count
55006,E2E Full Test Corporation 1769028736 - HQ Operations,2024-09-27,P4-KPI6,Innovation Projects,P4,2.43,3.0,>,count
55006,E2E Full Test Corporation 1769028736 - HQ Operations,2024-10-27,P4-KPI6,Innovation Projects,P4,2.3,3.0,>,count
55006,E2E Full Test Corporation 1769028736 - HQ Operations,2024-11-26,P4-KPI6,Innovation Projects,P4,2.35,3.0,>,count
55006,E2E Full Test Corporation 1769028736 - HQ Operations,2024-01-01,P4-KPI7,Business Case Validation,P4,82.84,90.0,>,%
55006,E2E Full Test Corporation 1769028736 - HQ Operations,2024-01-31,P4-KPI7,Business Case Validation,P4,80.44,90.0,>,%
55006,E2E Full Test Corporation 1769028736 - HQ Operations,2024-03-01,P4-KPI7,Business Case Validation,P4,84.97,90.0,>,%
55006,E2E Full Test Corporation 1769028736 - HQ Operations,2024-03-31,P4-KPI7,Business Case Validation,P4,82.82,90.0,>,%
55006,E2E Full Test Corporation 1769028736 - HQ Operations,2024-04-30,P4-KPI7,Business Case Validation,P4,84.93,90.0,>,%
55006,E2E Full Test Corporation 1769028736 - HQ Operations,2024-05-30,P4-KPI7,Business Case Validation,P4,83.51,90.0,>,%
55006,E2E Full Test Corporation 1769028736 - HQ Operations,2024-06-29,P4-KPI7,Business Case Validation,P4,81.54,90.0,>,%
55006,E2E Full Test Corporation 1769028736 - HQ Operations,2024-07-29,P4-KPI7,Business Case Validation,P4,83.5,90.0,>,%
55006,E2E Full Test Corporation 1769028736 - HQ Operations,2024-08-28,P4-KPI7,Business Case Validation,P4,81.58,90.0,>,%
55006,E2E Full Test Corporation 1769028736 - HQ Operations,2024-09-27,P4-KPI7,Business Case Validation,P4,82.75,90.0,>,%
55006,E2E Full Test Corporation 1769028736 - HQ Operations,2024-10-27,P4-KPI7,Business Case Validation,P4,82.24,90.0,>,%
55006,E2E Full Test Corporation 1769028736 - HQ Operations,2024-11-26,P4-KPI7,Business Case Validation,P4,87.77,90.0,>,%
55006,E2E Full Test Corporation 1769028736 - HQ Operations,2024-01-01,P5-KPI1,Executive Sponsorship,P5,3.99,4.5,>,score
55006,E2E Full Test Corporation 1769028736 - HQ Operations,2024-01-31,P5-KPI1,Executive Sponsorship,P5,3.84,4.5,>,score
55006,E2E Full Test Corporation 1769028736 - HQ Operations,2024-03-01,P5-KPI1,Executive Sponsorship,P5,3.97,4.5,>,score
55006,E2E Full Test Corporation 1769028736 - HQ Operations,2024-03-31,P5-KPI1,Executive Sponsorship,P5,4.19,4.5,>,score
55006,E2E Full Test Corporation 1769028736 - HQ Operations,2024-04-30,P5-KPI1,Executive Sponsorship,P5,4.13,4.5,>,score
55006,E2E Full Test Corporation 1769028736 - HQ Operations,2024-05-30,P5-KPI1,Executive Sponsorship,P5,3.81,4.5,>,score
55006,E2E Full Test Corporation 1769028736 - HQ Operations,2024-06-29,P5-KPI1,Executive Sponsorship,P5,4.09,4.5,>,score
55006,E2E Full Test Corporation 1769028736 - HQ Operations,2024-07-29,P5-KPI1,Executive Sponsorship,P5,3.87,4.5,>,score
55006,E2E Full Test Corporation 1769028736 - HQ Operations,2024-08-28,P5-KPI1,Executive Sponsorship,P5,3.96,4.5,>,score
55006,E2E Full Test Corporation 1769028736 - HQ Operations,2024-09-27,P5-KPI1,Executive Sponsorship,P5,4.03,4.5,>,score
55006,E2E Full Test Corporation 1769028736 - HQ Operations,2024-10-27,P5-KPI1,Executive Sponsorship,P5,4.13,4.5,>,score
55006,E2E Full Test Corporation 1769028736 - HQ Operations,2024-11-26,P5-KPI1,Executive Sponsorship,P5,4.0,4.5,>,score
55006,E2E Full Test Corporation 1769028736 - HQ Operations,2024-01-01,P5-KPI2,Renewal Likelihood,P5,82.96,95.0,>,%
55006,E2E Full Test Corporation 1769028736 - HQ Operations,2024-01-31,P5-KPI2,Renewal Likelihood,P5,86.38,95.0,>,%
55006,E2E Full Test Corporation 1769028736 - HQ Operations,2024-03-01,P5-KPI2,Renewal Likelihood,P5,85.57,95.0,>,%
55006,E2E Full Test Corporation 1769028736 - HQ Operations,2024-03-31,P5-KPI2,Renewal Likelihood,P5,87.15,95.0,>,%
55006,E2E Full Test Corporation 1769028736 - HQ Operations,2024-04-30,P5-KPI2,Renewal Likelihood,P5,86.68,95.0,>,%
55006,E2E Full Test Corporation 1769028736 - HQ Operations,2024-05-30,P5-KPI2,Renewal Likelihood,P5,87.15,95.0,>,%
55006,E2E Full Test Corporation 1769028736 - HQ Operations,2024-06-29,P5-KPI2,Renewal Likelihood,P5,87.76,95.0,>,%
55006,E2E Full Test Corporation 1769028736 - HQ Operations,2024-07-29,P5-KPI2,Renewal Likelihood,P5,90.92,95.0,>,%
55006,E2E Full Test Corporation 1769028736 - HQ Operations,2024-08-28,P5-KPI2,Renewal Likelihood,P5,86.0,95.0,>,%
55006,E2E Full Test Corporation 1769028736 - HQ Operations,2024-09-27,P5-KPI2,Renewal Likelihood,P5,84.36,95.0,>,%
55006,E2E Full Test Corporation 1769028736 - HQ Operations,2024-10-27,P5-KPI2,Renewal Likelihood,P5,85.46,95.0,>,%
55006,E2E Full Test Corporation 1769028736 - HQ Operations,2024-11-26,P5-KPI2,Renewal Likelihood,P5,90.04,95.0,>,%
55006,E2E Full Test Corporation 1769028736 - HQ Operations,2024-01-01,P5-KPI3,Expansion Pipeline,P5,1.49,2.0,>,$M
55006,E2E Full Test Corporation 1769028736 - HQ Operations,2024-01-31,P5-KPI3,Expansion Pipeline,P5,1.62,2.0,>,$M
55006,E2E Full Test Corporation 1769028736 - HQ Operations,2024-03-01,P5-KPI3,Expansion Pipeline,P5,1.6,2.0,>,$M
55006,E2E Full Test Corporation 1769028736 - HQ Operations,2024-03-31,P5-KPI3,Expansion Pipeline,P5,1.59,2.0,>,$M
55006,E2E Full Test Corporation 1769028736 - HQ Operations,2024-04-30,P5-KPI3,Expansion Pipeline,P5,1.52,2.0,>,$M
55006,E2E Full Test Corporation 1769028736 - HQ Operations,2024-05-30,P5-KPI3,Expansion Pipeline,P5,1.5,2.0,>,$M
55006,E2E Full Test Corporation 1769028736 - HQ Operations,2024-06-29,P5-KPI3,Expansion Pipeline,P5,1.58,2.0,>,$M
55006,E2E Full Test Corporation 1769028736 - HQ Operations,2024-07-29,P5-KPI3,Expansion Pipeline,P5,1.63,2.0,>,$M
55006,E2E Full Test Corporation 1769028736 - HQ Operations,2024-08-28,P5-KPI3,Expansion Pipeline,P5,1.48,2.0,>,$M
55006,E2E Full Test Corporation 1769028736 - HQ Operations,2024-09-27,P5-KPI3,Expansion Pipeline,P5,1.55,2.0,>,$M
55006,E2E Full Test Corporation 1769028736 - HQ Operations,2024-10-27,P5-KPI3,Expansion Pipeline,P5,1.59,2.0,>,$M
55006,E2E Full Test Corporation 1769028736 - HQ Operations,2024-11-26,P5-KPI3,Expansion Pipeline,P5,1.5,2.0,>,$M
55006,E2E Full Test Corporation 1769028736 - HQ Operations,2024-01-01,P5-KPI4,Reference Willingness,P5,3.35,4.0,>,score
55006,E2E Full Test Corporation 1769028736 - HQ Operations,2024-01-31,P5-KPI4,Reference Willingness,P5,3.52,4.0,>,score
55006,E2E Full Test Corporation 1769028736 - HQ Operations,2024-03-01,P5-KPI4,Reference Willingness,P5,3.0,4.0,>,score
55006,E2E Full Test Corporation 1769028736 - HQ Operations,2024-03-31,P5-KPI4,Reference Willingness,P5,3.46,4.0,>,score
55006,E2E Full Test Corporation 1769028736 - HQ Operations,2024-04-30,P5-KPI4,Reference Willingness,P5,3.21,4.0,>,score
55006,E2E Full Test Corporation 1769028736 - HQ Operations,2024-05-30,P5-KPI4,Reference Willingness,P5,3.5,4.0,>,score
55006,E2E Full Test Corporation 1769028736 - HQ Operations,2024-06-29,P5-KPI4,Reference Willingness,P5,3.41,4.0,>,score
55006,E2E Full Test Corporation 1769028736 - HQ Operations,2024-07-29,P5-KPI4,Reference Willingness,P5,3.27,4.0,>,score
55006,E2E Full Test Corporation 1769028736 - HQ Operations,2024-08-28,P5-KPI4,Reference Willingness,P5,3.38,4.0,>,score
55006,E2E Full Test Corporation 1769028736 - HQ Operations,2024-09-27,P5-KPI4,Reference Willingness,P5,3.41,4.0,>,score
55006,E2E Full Test Corporation 1769028736 - HQ Operations,2024-10-27,P5-KPI4,Reference Willingness,P5,3.38,4.0,>,score
55006,E2E Full Test Corporation 1769028736 - HQ Operations,2024-11-26,P5-KPI4,Reference Willingness,P5,3.34,4.0,>,score
55006,E2E Full Test Corporation 1769028736 - HQ Operations,2024-01-01,P5-KPI5,Strategic Alignment,P5,75.96,85.0,>,score
55006,E2E Full Test Corporation 1769028736 - HQ Operations,2024-01-31,P5-KPI5,Strategic Alignment,P5,77.17,85.0,>,score
55006,E2E Full Test Corporation 1769028736 - HQ Operations,2024-03-01,P5-KPI5,Strategic Alignment,P5,74.82,85.0,>,score
55006,E2E Full Test Corporation 1769028736 - HQ Operations,2024-03-31,P5-KPI5,Strategic Alignment,P5,74.3,85.0,>,score
55006,E2E Full Test Corporation 1769028736 - HQ Operations,2024-04-30,P5-KPI5,Strategic Alignment,P5,78.87,85.0,>,score
55006,E2E Full Test Corporation 1769028736 - HQ Operations,2024-05-30,P5-KPI5,Strategic Alignment,P5,75.82,85.0,>,score
55006,E2E Full Test Corporation 1769028736 - HQ Operations,2024-06-29,P5-KPI5,Strategic Alignment,P5,77.22,85.0,>,score
55006,E2E Full Test Corporation 1769028736 - HQ Operations,2024-07-29,P5-KPI5,Strategic Alignment,P5,78.0,85.0,>,score
55006,E2E Full Test Corporation 1769028736 - HQ Operations,2024-08-28,P5-KPI5,Strategic Alignment,P5,76.98,85.0,>,score
55006,E2E Full Test Corporation 1769028736 - HQ Operations,2024-09-27,P5-KPI5,Strategic Alignment,P5,73.83,85.0,>,score
55006,E2E Full Test Corporation 1769028736 - HQ Operations,2024-10-27,P5-KPI5,Strategic Alignment,P5,76.65,85.0,>,score
55006,E2E Full Test Corporation 1769028736 - HQ Operations,2024-11-26,P5-KPI5,Strategic Alignment,P5,75.51,85.0,>,score
55006,E2E Full Test Corporation 1769028736 - HQ Operations,2024-01-01,P5-KPI6,Partnership Depth,P5,67.8,80.0,>,score
55006,E2E Full Test Corporation 1769028736 - HQ Operations,2024-01-31,P5-KPI6,Partnership Depth,P5,73.39,80.0,>,score
55006,E2E Full Test Corporation 1769028736 - HQ Operations,2024-03-01,P5-KPI6,Partnership Depth,P5,69.08,80.0,>,score
55006,E2E Full Test Corporation 1769028736 - HQ Operations,2024-03-31,P5-KPI6,Partnership Depth,P5,69.38,80.0,>,score
55006,E2E Full Test Corporation 1769028736 - HQ Operations,2024-04-30,P5-KPI6,Partnership Depth,P5,73.05,80.0,>,score
55006,E2E Full Test Corporation 1769028736 - HQ Operations,2024-05-30,P5-KPI6,Partnership Depth,P5,69.69,80.0,>,score
55006,E2E Full Test Corporation 1769028736 - HQ Operations,2024-06-29,P5-KPI6,Partnership Depth,P5,70.79,80.0,>,score
55006,E2E Full Test Corporation 1769028736 - HQ Operations,2024-07-29,P5-KPI6,Partnership Depth,P5,69.08,80.0,>,score
55006,E2E Full Test Corporation 1769028736 - HQ Operations,2024-08-28,P5-KPI6,Partnership Depth,P5,69.19,80.0,>,score
55006,E2E Full Test Corporation 1769028736 - HQ Operations,2024-09-27,P5-KPI6,Partnership Depth,P5,70.68,80.0,>,score
55006,E2E Full Test Corporation 1769028736 - HQ Operations,2024-10-27,P5-KPI6,Partnership Depth,P5,68.67,80.0,>,score
55006,E2E Full Test Corporation 1769028736 - HQ Operations,2024-11-26,P5-KPI6,Partnership Depth,P5,69.19,80.0,>,score
55006,E2E Full Test Corporation 1769028736 - HQ Operations,2024-01-01,P5-KPI7,NPS Score,P5,57.52,70.0,>,score
55006,E2E Full Test Corporation 1769028736 - HQ Operations,2024-01-31,P5-KPI7,NPS Score,P5,56.41,70.0,>,score
55006,E2E Full Test Corporation 1769028736 - HQ Operations,2024-03-01,P5-KPI7,NPS Score,P5,55.22,70.0,>,score
55006,E2E Full Test Corporation 1769028736 - HQ Operations,2024-03-31,P5-KPI7,NPS Score,P5,54.61,70.0,>,score
55006,E2E Full Test Corporation 1769028736 - HQ Operations,2024-04-30,P5-KPI7,NPS Score,P5,58.96,70.0,>,score
55006,E2E Full Test Corporation 1769028736 - HQ Operations,2024-05-30,P5-KPI7,NPS Score,P5,55.69,70.0,>,score
55006,E2E Full Test Corporation 1769028736 - HQ Operations,2024-06-29,P5-KPI7,NPS Score,P5,63.72,70.0,>,score
55006,E2E Full Test Corporation 1769028736 - HQ Operations,2024-07-29,P5-KPI7,NPS Score,P5,62.99,70.0,>,score
55006,E2E Full Test Corporation 1769028736 - HQ Operations,2024-08-28,P5-KPI7,NPS Score,P5,62.32,70.0,>,score
55006,E2E Full Test Corporation 1769028736 - HQ Operations,2024-09-27,P5-KPI7,NPS Score,P5,63.93,70.0,>,score
55006,E2E Full Test Corporation 1769028736 - HQ Operations,2024-10-27,P5-KPI7,NPS Score,P5,63.32,70.0,>,score
55006,E2E Full Test Corporation 1769028736 - HQ Operations,2024-11-26,P5-KPI7,NPS Score,P5,58.31,70.0,>,score
55007,E2E Full Test Corporation 1769028736 - Regional Office,2024-01-01,P1-KPI1,System Uptime,P1,98.0,99.9,>,%
55007,E2E Full Test Corporation 1769028736 - Regional Office,2024-01-31,P1-KPI1,System Uptime,P1,98.0,99.9,>,%
55007,E2E Full Test Corporation 1769028736 - Regional Office,2024-03-01,P1-KPI1,System Uptime,P1,100.0,99.9,>,%
55007,E2E Full Test Corporation 1769028736 - Regional Office,2024-03-31,P1-KPI1,System Uptime,P1,98.0,99.9,>,%
55007,E2E Full Test Corporation 1769028736 - Regional Office,2024-04-30,P1-KPI1,System Uptime,P1,98.58,99.9,>,%
55007,E2E Full Test Corporation 1769028736 - Regional Office,2024-05-30,P1-KPI1,System Uptime,P1,98.34,99.9,>,%
55007,E2E Full Test Corporation 1769028736 - Regional Office,2024-06-29,P1-KPI1,System Uptime,P1,98.0,99.9,>,%
55007,E2E Full Test Corporation 1769028736 - Regional Office,2024-07-29,P1-KPI1,System Uptime,P1,100.0,99.9,>,%
55007,E2E Full Test Corporation 1769028736 - Regional Office,2024-08-28,P1-KPI1,System Uptime,P1,98.0,99.9,>,%
55007,E2E Full Test Corporation 1769028736 - Regional Office,2024-09-27,P1-KPI1,System Uptime,P1,100.0,99.9,>,%
55007,E2E Full Test Corporation 1769028736 - Regional Office,2024-10-27,P1-KPI1,System Uptime,P1,99.03,99.9,>,%
55007,E2E Full Test Corporation 1769028736 - Regional Office,2024-11-26,P1-KPI1,System Uptime,P1,100.0,99.9,>,%
55007,E2E Full Test Corporation 1769028736 - Regional Office,2024-01-01,P1-KPI2,Mean Time to Resolution,P1,4.87,2.0,<,hours
55007,E2E Full Test Corporation 1769028736 - Regional Office,2024-01-31,P1-KPI2,Mean Time to Resolution,P1,4.47,2.0,<,hours
55007,E2E Full Test Corporation 1769028736 - Regional Office,2024-03-01,P1-KPI2,Mean Time to Resolution,P1,4.68,2.0,<,hours
55007,E2E Full Test Corporation 1769028736 - Regional Office,2024-03-31,P1-KPI2,Mean Time to Resolution,P1,4.79,2.0,<,hours
55007,E2E Full Test Corporation 1769028736 - Regional Office,2024-04-30,P1-KPI2,Mean Time to Resolution,P1,4.61,2.0,<,hours
55007,E2E Full Test Corporation 1769028736 - Regional Office,2024-05-30,P1-KPI2,Mean Time to Resolution,P1,4.7,2.0,<,hours
55007,E2E Full Test Corporation 1769028736 - Regional Office,2024-06-29,P1-KPI2,Mean Time to Resolution,P1,4.77,2.0,<,hours
55007,E2E Full Test Corporation 1769028736 - Regional Office,2024-07-29,P1-KPI2,Mean Time to Resolution,P1,4.52,2.0,<,hours
55007,E2E Full Test Corporation 1769028736 - Regional Office,2024-08-28,P1-KPI2,Mean Time to Resolution,P1,4.92,2.0,<,hours
55007,E2E Full Test Corporation 1769028736 - Regional Office,2024-09-27,P1-KPI2,Mean Time to Resolution,P1,4.64,2.0,<,hours
55007,E2E Full Test Corporation 1769028736 - Regional Office,2024-10-27,P1-KPI2,Mean Time to Resolution,P1,4.76,2.0,<,hours
55007,E2E Full Test Corporation 1769028736 - Regional Office,2024-11-26,P1-KPI2,Mean Time to Resolution,P1,4.55,2.0,<,hours
55007,E2E Full Test Corporation 1769028736 - Regional Office,2024-01-01,P1-KPI3,GPU Utilization,P1,75.61,85.0,>,%
55007,E2E Full Test Corporation 1769028736 - Regional Office,2024-01-31,P1-KPI3,GPU Utilization,P1,71.94,85.0,>,%
55007,E2E Full Test Corporation 1769028736 - Regional Office,2024-03-01,P1-KPI3,GPU Utilization,P1,71.35,85.0,>,%
55007,E2E Full Test Corporation 1769028736 - Regional Office,2024-03-31,P1-KPI3,GPU Utilization,P1,75.38,85.0,>,%
55007,E2E Full Test Corporation 1769028736 - Regional Office,2024-04-30,P1-KPI3,GPU Utilization,P1,73.86,85.0,>,%
55007,E2E Full Test Corporation 1769028736 - Regional Office,2024-05-30,P1-KPI3,GPU Utilization,P1,70.61,85.0,>,%
55007,E2E Full Test Corporation 1769028736 - Regional Office,2024-06-29,P1-KPI3,GPU Utilization,P1,71.16,85.0,>,%
55007,E2E Full Test Corporation 1769028736 - Regional Office,2024-07-29,P1-KPI3,GPU Utilization,P1,72.84,85.0,>,%
55007,E2E Full Test Corporation 1769028736 - Regional Office,2024-08-28,P1-KPI3,GPU Utilization,P1,70.83,85.0,>,%
55007,E2E Full Test Corporation 1769028736 - Regional Office,2024-09-27,P1-KPI3,GPU Utilization,P1,70.08,85.0,>,%
55007,E2E Full Test Corporation 1769028736 - Regional Office,2024-10-27,P1-KPI3,GPU Utilization,P1,76.82,85.0,>,%
55007,E2E Full Test Corporation 1769028736 - Regional Office,2024-11-26,P1-KPI3,GPU Utilization,P1,73.99,85.0,>,%
55007,E2E Full Test Corporation 1769028736 - Regional Office,2024-01-01,P1-KPI4,Network Latency,P1,28.47,10.0,<,ms
55007,E2E Full Test Corporation 1769028736 - Regional Office,2024-01-31,P1-KPI4,Network Latency,P1,27.48,10.0,<,ms
55007,E2E Full Test Corporation 1769028736 - Regional Office,2024-03-01,P1-KPI4,Network Latency,P1,28.04,10.0,<,ms
55007,E2E Full Test Corporation 1769028736 - Regional Office,2024-03-31,P1-KPI4,Network Latency,P1,27.27,10.0,<,ms
55007,E2E Full Test Corporation 1769028736 - Regional Office,2024-04-30,P1-KPI4,Network Latency,P1,28.3,10.0,<,ms
55007,E2E Full Test Corporation 1769028736 - Regional Office,2024-05-30,P1-KPI4,Network Latency,P1,29.11,10.0,<,ms
55007,E2E Full Test Corporation 1769028736 - Regional Office,2024-06-29,P1-KPI4,Network Latency,P1,27.87,10.0,<,ms
55007,E2E Full Test Corporation 1769028736 - Regional Office,2024-07-29,P1-KPI4,Network Latency,P1,26.61,10.0,<,ms
55007,E2E Full Test Corporation 1769028736 - Regional Office,2024-08-28,P1-KPI4,Network Latency,P1,27.07,10.0,<,ms
55007,E2E Full Test Corporation 1769028736 - Regional Office,2024-09-27,P1-KPI4,Network Latency,P1,27.83,10.0,<,ms
55007,E2E Full Test Corporation 1769028736 - Regional Office,2024-10-27,P1-KPI4,Network Latency,P1,29.37,10.0,<,ms
55007,E2E Full Test Corporation 1769028736 - Regional Office,2024-11-26,P1-KPI4,Network Latency,P1,29.23,10.0,<,ms
55007,E2E Full Test Corporation 1769028736 - Regional Office,2024-01-01,P1-KPI5,Storage Performance,P1,80753.32,100000.0,>,IOPS
55007,E2E Full Test Corporation 1769028736 - Regional Office,2024-01-31,P1-KPI5,Storage Performance,P1,81047.21,100000.0,>,IOPS
55007,E2E Full Test Corporation 1769028736 - Regional Office,2024-03-01,P1-KPI5,Storage Performance,P1,73993.82,100000.0,>,IOPS
55007,E2E Full Test Corporation 1769028736 - Regional Office,2024-03-31,P1-KPI5,Storage Performance,P1,81077.98,100000.0,>,IOPS
55007,E2E Full Test Corporation 1769028736 - Regional Office,2024-04-30,P1-KPI5,Storage Performance,P1,80595.78,100000.0,>,IOPS
55007,E2E Full Test Corporation 1769028736 - Regional Office,2024-05-30,P1-KPI5,Storage Performance,P1,80929.94,100000.0,>,IOPS
55007,E2E Full Test Corporation 1769028736 - Regional Office,2024-06-29,P1-KPI5,Storage Performance,P1,80050.64,100000.0,>,IOPS
55007,E2E Full Test Corporation 1769028736 - Regional Office,2024-07-29,P1-KPI5,Storage Performance,P1,74607.4,100000.0,>,IOPS
55007,E2E Full Test Corporation 1769028736 - Regional Office,2024-08-28,P1-KPI5,Storage Performance,P1,75783.59,100000.0,>,IOPS
55007,E2E Full Test Corporation 1769028736 - Regional Office,2024-09-27,P1-KPI5,Storage Performance,P1,74089.66,100000.0,>,IOPS
55007,E2E Full Test Corporation 1769028736 - Regional Office,2024-10-27,P1-KPI5,Storage Performance,P1,77970.4,100000.0,>,IOPS
55007,E2E Full Test Corporation 1769028736 - Regional Office,2024-11-26,P1-KPI5,Storage Performance,P1,80005.19,100000.0,>,IOPS
55007,E2E Full Test Corporation 1769028736 - Regional Office,2024-01-01,P1-KPI6,Cooling Efficiency,P1,1.58,1.3,<,PUE
55007,E2E Full Test Corporation 1769028736 - Regional Office,2024-01-31,P1-KPI6,Cooling Efficiency,P1,1.58,1.3,<,PUE
55007,E2E Full Test Corporation 1769028736 - Regional Office,2024-03-01,P1-KPI6,Cooling Efficiency,P1,1.58,1.3,<,PUE
55007,E2E Full Test Corporation 1769028736 - Regional Office,2024-03-31,P1-KPI6,Cooling Efficiency,P1,1.57,1.3,<,PUE
55007,E2E Full Test Corporation 1769028736 - Regional Office,2024-04-30,P1-KPI6,Cooling Efficiency,P1,1.56,1.3,<,PUE
55007,E2E Full Test Corporation 1769028736 - Regional Office,2024-05-30,P1-KPI6,Cooling Efficiency,P1,1.53,1.3,<,PUE
55007,E2E Full Test Corporation 1769028736 - Regional Office,2024-06-29,P1-KPI6,Cooling Efficiency,P1,1.48,1.3,<,PUE
55007,E2E Full Test Corporation 1769028736 - Regional Office,2024-07-29,P1-KPI6,Cooling Efficiency,P1,1.58,1.3,<,PUE
55007,E2E Full Test Corporation 1769028736 - Regional Office,2024-08-28,P1-KPI6,Cooling Efficiency,P1,1.51,1.3,<,PUE
55007,E2E Full Test Corporation 1769028736 - Regional Office,2024-09-27,P1-KPI6,Cooling Efficiency,P1,1.55,1.3,<,PUE
55007,E2E Full Test Corporation 1769028736 - Regional Office,2024-10-27,P1-KPI6,Cooling Efficiency,P1,1.52,1.3,<,PUE
55007,E2E Full Test Corporation 1769028736 - Regional Office,2024-11-26,P1-KPI6,Cooling Efficiency,P1,1.57,1.3,<,PUE
55007,E2E Full Test Corporation 1769028736 - Regional Office,2024-01-01,P1-KPI7,Power Usage,P1,656.86,500.0,<,kW
55007,E2E Full Test Corporation 1769028736 - Regional Office,2024-01-31,P1-KPI7,Power Usage,P1,666.0,500.0,<,kW
55007,E2E Full Test Corporation 1769028736 - Regional Office,2024-03-01,P1-KPI7,Power Usage,P1,655.29,500.0,<,kW
55007,E2E Full Test Corporation 1769028736 - Regional Office,2024-03-31,P1-KPI7,Power Usage,P1,635.58,500.0,<,kW
55007,E2E Full Test Corporation 1769028736 - Regional Office,2024-04-30,P1-KPI7,Power Usage,P1,644.5,500.0,<,kW
55007,E2E Full Test Corporation 1769028736 - Regional Office,2024-05-30,P1-KPI7,Power Usage,P1,663.51,500.0,<,kW
55007,E2E Full Test Corporation 1769028736 - Regional Office,2024-06-29,P1-KPI7,Power Usage,P1,662.85,500.0,<,kW
55007,E2E Full Test Corporation 1769028736 - Regional Office,2024-07-29,P1-KPI7,Power Usage,P1,641.17,500.0,<,kW
55007,E2E Full Test Corporation 1769028736 - Regional Office,2024-08-28,P1-KPI7,Power Usage,P1,615.47,500.0,<,kW
55007,E2E Full Test Corporation 1769028736 - Regional Office,2024-09-27,P1-KPI7,Power Usage,P1,649.63,500.0,<,kW
55007,E2E Full Test Corporation 1769028736 - Regional Office,2024-10-27,P1-KPI7,Power Usage,P1,615.96,500.0,<,kW
55007,E2E Full Test Corporation 1769028736 - Regional Office,2024-11-26,P1-KPI7,Power Usage,P1,645.48,500.0,<,kW
55007,E2E Full Test Corporation 1769028736 - Regional Office,2024-01-01,P1-KPI8,Thermal Management,P1,29.28,25.0,<,°C
55007,E2E Full Test Corporation 1769028736 - Regional Office,2024-01-31,P1-KPI8,Thermal Management,P1,29.5,25.0,<,°C
55007,E2E Full Test Corporation 1769028736 - Regional Office,2024-03-01,P1-KPI8,Thermal Management,P1,30.31,25.0,<,°C
55007,E2E Full Test Corporation 1769028736 - Regional Office,2024-03-31,P1-KPI8,Thermal Management,P1,29.33,25.0,<,°C
55007,E2E Full Test Corporation 1769028736 - Regional Office,2024-04-30,P1-KPI8,Thermal Management,P1,28.95,25.0,<,°C
55007,E2E Full Test Corporation 1769028736 - Regional Office,2024-05-30,P1-KPI8,Thermal Management,P1,30.0,25.0,<,°C
55007,E2E Full Test Corporation 1769028736 - Regional Office,2024-06-29,P1-KPI8,Thermal Management,P1,28.62,25.0,<,°C
55007,E2E Full Test Corporation 1769028736 - Regional Office,2024-07-29,P1-KPI8,Thermal Management,P1,28.73,25.0,<,°C
55007,E2E Full Test Corporation 1769028736 - Regional Office,2024-08-28,P1-KPI8,Thermal Management,P1,30.04,25.0,<,°C
55007,E2E Full Test Corporation 1769028736 - Regional Office,2024-09-27,P1-KPI8,Thermal Management,P1,30.36,25.0,<,°C
55007,E2E Full Test Corporation 1769028736 - Regional Office,2024-10-27,P1-KPI8,Thermal Management,P1,28.72,25.0,<,°C
55007,E2E Full Test Corporation 1769028736 - Regional Office,2024-11-26,P1-KPI8,Thermal Management,P1,29.32,25.0,<,°C
55007,E2E Full Test Corporation 1769028736 - Regional Office,2024-01-01,P2-KPI1,SLA Compliance,P2,95.58,99.0,>,%
55007,E2E Full Test Corporation 1769028736 - Regional Office,2024-01-31,P2-KPI1,SLA Compliance,P2,100.0,99.0,>,%
55007,E2E Full Test Corporation 1769028736 - Regional Office,2024-03-01,P2-KPI1,SLA Compliance,P2,95.0,99.0,>,%
55007,E2E Full Test Corporation 1769028736 - Regional Office,2024-03-31,P2-KPI1,SLA Compliance,P2,98.14,99.0,>,%
55007,E2E Full Test Corporation 1769028736 - Regional Office,2024-04-30,P2-KPI1,SLA Compliance,P2,98.9,99.0,>,%
55007,E2E Full Test Corporation 1769028736 - Regional Office,2024-05-30,P2-KPI1,SLA Compliance,P2,95.24,99.0,>,%
55007,E2E Full Test Corporation 1769028736 - Regional Office,2024-06-29,P2-KPI1,SLA Compliance,P2,98.81,99.0,>,%
55007,E2E Full Test Corporation 1769028736 - Regional Office,2024-07-29,P2-KPI1,SLA Compliance,P2,99.57,99.0,>,%
55007,E2E Full Test Corporation 1769028736 - Regional Office,2024-08-28,P2-KPI1,SLA Compliance,P2,96.67,99.0,>,%
55007,E2E Full Test Corporation 1769028736 - Regional Office,2024-09-27,P2-KPI1,SLA Compliance,P2,98.59,99.0,>,%
55007,E2E Full Test Corporation 1769028736 - Regional Office,2024-10-27,P2-KPI1,SLA Compliance,P2,97.37,99.0,>,%
55007,E2E Full Test Corporation 1769028736 - Regional Office,2024-11-26,P2-KPI1,SLA Compliance,P2,97.58,99.0,>,%
55007,E2E Full Test Corporation 1769028736 - Regional Office,2024-01-01,P2-KPI2,Incident Response Time,P2,35.61,15.0,<,minutes
55007,E2E Full Test Corporation 1769028736 - Regional Office,2024-01-31,P2-KPI2,Incident Response Time,P2,36.32,15.0,<,minutes
55007,E2E Full Test Corporation 1769028736 - Regional Office,2024-03-01,P2-KPI2,Incident Response Time,P2,36.38,15.0,<,minutes
55007,E2E Full Test Corporation 1769028736 - Regional Office,2024-03-31,P2-KPI2,Incident Response Time,P2,34.1,15.0,<,minutes
55007,E2E Full Test Corporation 1769028736 - Regional Office,2024-04-30,P2-KPI2,Incident Response Time,P2,36.04,15.0,<,minutes
55007,E2E Full Test Corporation 1769028736 - Regional Office,2024-05-30,P2-KPI2,Incident Response Time,P2,36.12,15.0,<,minutes
55007,E2E Full Test Corporation 1769028736 - Regional Office,2024-06-29,P2-KPI2,Incident Response Time,P2,36.76,15.0,<,minutes
55007,E2E Full Test Corporation 1769028736 - Regional Office,2024-07-29,P2-KPI2,Incident Response Time,P2,34.31,15.0,<,minutes
55007,E2E Full Test Corporation 1769028736 - Regional Office,2024-08-28,P2-KPI2,Incident Response Time,P2,33.5,15.0,<,minutes
55007,E2E Full Test Corporation 1769028736 - Regional Office,2024-09-27,P2-KPI2,Incident Response Time,P2,34.94,15.0,<,minutes
55007,E2E Full Test Corporation 1769028736 - Regional Office,2024-10-27,P2-KPI2,Incident Response Time,P2,34.99,15.0,<,minutes
55007,E2E Full Test Corporation 1769028736 - Regional Office,2024-11-26,P2-KPI2,Incident Response Time,P2,34.26,15.0,<,minutes
55007,E2E Full Test Corporation 1769028736 - Regional Office,2024-01-01,P2-KPI3,Change Success Rate,P2,93.34,98.0,>,%
55007,E2E Full Test Corporation 1769028736 - Regional Office,2024-01-31,P2-KPI3,Change Success Rate,P2,90.09,98.0,>,%
55007,E2E Full Test Corporation 1769028736 - Regional Office,2024-03-01,P2-KPI3,Change Success Rate,P2,92.69,98.0,>,%
55007,E2E Full Test Corporation 1769028736 - Regional Office,2024-03-31,P2-KPI3,Change Success Rate,P2,93.83,98.0,>,%
55007,E2E Full Test Corporation 1769028736 - Regional Office,2024-04-30,P2-KPI3,Change Success Rate,P2,93.12,98.0,>,%
55007,E2E Full Test Corporation 1769028736 - Regional Office,2024-05-30,P2-KPI3,Change Success Rate,P2,92.5,98.0,>,%
55007,E2E Full Test Corporation 1769028736 - Regional Office,2024-06-29,P2-KPI3,Change Success Rate,P2,96.47,98.0,>,%
55007,E2E Full Test Corporation 1769028736 - Regional Office,2024-07-29,P2-KPI3,Change Success Rate,P2,95.74,98.0,>,%
55007,E2E Full Test Corporation 1769028736 - Regional Office,2024-08-28,P2-KPI3,Change Success Rate,P2,91.27,98.0,>,%
55007,E2E Full Test Corporation 1769028736 - Regional Office,2024-09-27,P2-KPI3,Change Success Rate,P2,90.87,98.0,>,%
55007,E2E Full Test Corporation 1769028736 - Regional Office,2024-10-27,P2-KPI3,Change Success Rate,P2,94.1,98.0,>,%
55007,E2E Full Test Corporation 1769028736 - Regional Office,2024-11-26,P2-KPI3,Change Success Rate,P2,91.25,98.0,>,%
55007,E2E Full Test Corporation 1769028736 - Regional Office,2024-01-01,P2-KPI4,Backup Success Rate,P2,95.0,100.0,>,%
55007,E2E Full Test Corporation 1769028736 - Regional Office,2024-01-31,P2-KPI4,Backup Success Rate,P2,100.0,100.0,>,%
55007,E2E Full Test Corporation 1769028736 - Regional Office,2024-03-01,P2-KPI4,Backup Success Rate,P2,100.0,100.0,>,%
55007,E2E Full Test Corporation 1769028736 - Regional Office,2024-03-31,P2-KPI4,Backup Success Rate,P2,96.79,100.0,>,%
55007,E2E Full Test Corporation 1769028736 - Regional Office,2024-04-30,P2-KPI4,Backup Success Rate,P2,95.0,100.0,>,%
55007,E2E Full Test Corporation 1769028736 - Regional Office,2024-05-30,P2-KPI4,Backup Success Rate,P2,100.0,100.0,>,%
55007,E2E Full Test Corporation 1769028736 - Regional Office,2024-06-29,P2-KPI4,Backup Success Rate,P2,100.0,100.0,>,%
55007,E2E Full Test Corporation 1769028736 - Regional Office,2024-07-29,P2-KPI4,Backup Success Rate,P2,95.05,100.0,>,%
55007,E2E Full Test Corporation 1769028736 - Regional Office,2024-08-28,P2-KPI4,Backup Success Rate,P2,100.0,100.0,>,%
55007,E2E Full Test Corporation 1769028736 - Regional Office,2024-09-27,P2-KPI4,Backup Success Rate,P2,100.0,100.0,>,%
55007,E2E Full Test Corporation 1769028736 - Regional Office,2024-10-27,P2-KPI4,Backup Success Rate,P2,95.0,100.0,>,%
55007,E2E Full Test Corporation 1769028736 - Regional Office,2024-11-26,P2-KPI4,Backup Success Rate,P2,98.1,100.0,>,%
55007,E2E Full Test Corporation 1769028736 - Regional Office,2024-01-01,P2-KPI5,Patch Compliance,P2,90.29,95.0,>,%
55007,E2E Full Test Corporation 1769028736 - Regional Office,2024-01-31,P2-KPI5,Patch Compliance,P2,89.99,95.0,>,%
55007,E2E Full Test Corporation 1769028736 - Regional Office,2024-03-01,P2-KPI5,Patch Compliance,P2,83.91,95.0,>,%
55007,E2E Full Test Corporation 1769028736 - Regional Office,2024-03-31,P2-KPI5,Patch Compliance,P2,91.63,95.0,>,%
55007,E2E Full Test Corporation 1769028736 - Regional Office,2024-04-30,P2-KPI5,Patch Compliance,P2,90.32,95.0,>,%
55007,E2E Full Test Corporation 1769028736 - Regional Office,2024-05-30,P2-KPI5,Patch Compliance,P2,91.98,95.0,>,%
55007,E2E Full Test Corporation 1769028736 - Regional Office,2024-06-29,P2-KPI5,Patch Compliance,P2,85.12,95.0,>,%
55007,E2E Full Test Corporation 1769028736 - Regional Office,2024-07-29,P2-KPI5,Patch Compliance,P2,84.26,95.0,>,%
55007,E2E Full Test Corporation 1769028736 - Regional Office,2024-08-28,P2-KPI5,Patch Compliance,P2,86.79,95.0,>,%
55007,E2E Full Test Corporation 1769028736 - Regional Office,2024-09-27,P2-KPI5,Patch Compliance,P2,89.31,95.0,>,%
55007,E2E Full Test Corporation 1769028736 - Regional Office,2024-10-27,P2-KPI5,Patch Compliance,P2,90.98,95.0,>,%
55007,E2E Full Test Corporation 1769028736 - Regional Office,2024-11-26,P2-KPI5,Patch Compliance,P2,89.77,95.0,>,%
55007,E2E Full Test Corporation 1769028736 - Regional Office,2024-01-01,P2-KPI6,Service Request Fulfillment,P2,6.13,3.0,<,days
55007,E2E Full Test Corporation 1769028736 - Regional Office,2024-01-31,P2-KPI6,Service Request Fulfillment,P2,6.21,3.0,<,days
55007,E2E Full Test Corporation 1769028736 - Regional Office,2024-03-01,P2-KPI6,Service Request Fulfillment,P2,6.41,3.0,<,days
55007,E2E Full Test Corporation 1769028736 - Regional Office,2024-03-31,P2-KPI6,Service Request Fulfillment,P2,5.97,3.0,<,days
55007,E2E Full Test Corporation 1769028736 - Regional Office,2024-04-30,P2-KPI6,Service Request Fulfillment,P2,5.9,3.0,<,days
55007,E2E Full Test Corporation 1769028736 - Regional Office,2024-05-30,P2-KPI6,Service Request Fulfillment,P2,5.92,3.0,<,days
55007,E2E Full Test Corporation 1769028736 - Regional Office,2024-06-29,P2-KPI6,Service Request Fulfillment,P2,6.06,3.0,<,days
55007,E2E Full Test Corporation 1769028736 - Regional Office,2024-07-29,P2-KPI6,Service Request Fulfillment,P2,5.9,3.0,<,days
55007,E2E Full Test Corporation 1769028736 - Regional Office,2024-08-28,P2-KPI6,Service Request Fulfillment,P2,6.43,3.0,<,days
55007,E2E Full Test Corporation 1769028736 - Regional Office,2024-09-27,P2-KPI6,Service Request Fulfillment,P2,6.12,3.0,<,days
55007,E2E Full Test Corporation 1769028736 - Regional Office,2024-10-27,P2-KPI6,Service Request Fulfillment,P2,5.91,3.0,<,days
55007,E2E Full Test Corporation 1769028736 - Regional Office,2024-11-26,P2-KPI6,Service Request Fulfillment,P2,6.17,3.0,<,days
55007,E2E Full Test Corporation 1769028736 - Regional Office,2024-01-01,P2-KPI7,Capacity Planning Accuracy,P2,82.14,90.0,>,%
55007,E2E Full Test Corporation 1769028736 - Regional Office,2024-01-31,P2-KPI7,Capacity Planning Accuracy,P2,79.81,90.0,>,%
55007,E2E Full Test Corporation 1769028736 - Regional Office,2024-03-01,P2-KPI7,Capacity Planning Accuracy,P2,79.75,90.0,>,%
55007,E2E Full Test Corporation 1769028736 - Regional Office,2024-03-31,P2-KPI7,Capacity Planning Accuracy,P2,80.75,90.0,>,%
55007,E2E Full Test Corporation 1769028736 - Regional Office,2024-04-30,P2-KPI7,Capacity Planning Accuracy,P2,79.87,90.0,>,%
55007,E2E Full Test Corporation 1769028736 - Regional Office,2024-05-30,P2-KPI7,Capacity Planning Accuracy,P2,82.38,90.0,>,%
55007,E2E Full Test Corporation 1769028736 - Regional Office,2024-06-29,P2-KPI7,Capacity Planning Accuracy,P2,78.6,90.0,>,%
55007,E2E Full Test Corporation 1769028736 - Regional Office,2024-07-29,P2-KPI7,Capacity Planning Accuracy,P2,78.31,90.0,>,%
55007,E2E Full Test Corporation 1769028736 - Regional Office,2024-08-28,P2-KPI7,Capacity Planning Accuracy,P2,81.03,90.0,>,%
55007,E2E Full Test Corporation 1769028736 - Regional Office,2024-09-27,P2-KPI7,Capacity Planning Accuracy,P2,81.28,90.0,>,%
55007,E2E Full Test Corporation 1769028736 - Regional Office,2024-10-27,P2-KPI7,Capacity Planning Accuracy,P2,78.85,90.0,>,%
55007,E2E Full Test Corporation 1769028736 - Regional Office,2024-11-26,P2-KPI7,Capacity Planning Accuracy,P2,80.46,90.0,>,%
55007,E2E Full Test Corporation 1769028736 - Regional Office,2024-01-01,P2-KPI8,Documentation Quality,P2,74.21,85.0,>,score
55007,E2E Full Test Corporation 1769028736 - Regional Office,2024-01-31,P2-KPI8,Documentation Quality,P2,76.76,85.0,>,score
55007,E2E Full Test Corporation 1769028736 - Regional Office,2024-03-01,P2-KPI8,Documentation Quality,P2,75.27,85.0,>,score
55007,E2E Full Test Corporation 1769028736 - Regional Office,2024-03-31,P2-KPI8,Documentation Quality,P2,73.29,85.0,>,score
55007,E2E Full Test Corporation 1769028736 - Regional Office,2024-04-30,P2-KPI8,Documentation Quality,P2,72.83,85.0,>,score
55007,E2E Full Test Corporation 1769028736 - Regional Office,2024-05-30,P2-KPI8,Documentation Quality,P2,77.27,85.0,>,score
55007,E2E Full Test Corporation 1769028736 - Regional Office,2024-06-29,P2-KPI8,Documentation Quality,P2,77.39,85.0,>,score
55007,E2E Full Test Corporation 1769028736 - Regional Office,2024-07-29,P2-KPI8,Documentation Quality,P2,70.13,85.0,>,score
55007,E2E Full Test Corporation 1769028736 - Regional Office,2024-08-28,P2-KPI8,Documentation Quality,P2,70.78,85.0,>,score
55007,E2E Full Test Corporation 1769028736 - Regional Office,2024-09-27,P2-KPI8,Documentation Quality,P2,71.99,85.0,>,score
55007,E2E Full Test Corporation 1769028736 - Regional Office,2024-10-27,P2-KPI8,Documentation Quality,P2,74.12,85.0,>,score
55007,E2E Full Test Corporation 1769028736 - Regional Office,2024-11-26,P2-KPI8,Documentation Quality,P2,70.32,85.0,>,score
55007,E2E Full Test Corporation 1769028736 - Regional Office,2024-01-01,P3-KPI1,CSAT Score,P3,3.78,4.5,>,score
55007,E2E Full Test Corporation 1769028736 - Regional Office,2024-01-31,P3-KPI1,CSAT Score,P3,3.85,4.5,>,score
55007,E2E Full Test Corporation 1769028736 - Regional Office,2024-03-01,P3-KPI1,CSAT Score,P3,3.8,4.5,>,score
55007,E2E Full Test Corporation 1769028736 - Regional Office,2024-03-31,P3-KPI1,CSAT Score,P3,3.91,4.5,>,score
55007,E2E Full Test Corporation 1769028736 - Regional Office,2024-04-30,P3-KPI1,CSAT Score,P3,3.8,4.5,>,score
55007,E2E Full Test Corporation 1769028736 - Regional Office,2024-05-30,P3-KPI1,CSAT Score,P3,3.76,4.5,>,score
55007,E2E Full Test Corporation 1769028736 - Regional Office,2024-06-29,P3-KPI1,CSAT Score,P3,3.71,4.5,>,score
55007,E2E Full Test Corporation 1769028736 - Regional Office,2024-07-29,P3-KPI1,CSAT Score,P3,3.74,4.5,>,score
55007,E2E Full Test Corporation 1769028736 - Regional Office,2024-08-28,P3-KPI1,CSAT Score,P3,3.73,4.5,>,score
55007,E2E Full Test Corporation 1769028736 - Regional Office,2024-09-27,P3-KPI1,CSAT Score,P3,3.95,4.5,>,score
55007,E2E Full Test Corporation 1769028736 - Regional Office,2024-10-27,P3-KPI1,CSAT Score,P3,3.93,4.5,>,score
55007,E2E Full Test Corporation 1769028736 - Regional Office,2024-11-26,P3-KPI1,CSAT Score,P3,3.85,4.5,>,score
55007,E2E Full Test Corporation 1769028736 - Regional Office,2024-01-01,P3-KPI2,Support Ticket Volume,P3,54.11,20.0,<,tickets
55007,E2E Full Test Corporation 1769028736 - Regional Office,2024-01-31,P3-KPI2,Support Ticket Volume,P3,55.54,20.0,<,tickets
55007,E2E Full Test Corporation 1769028736 - Regional Office,2024-03-01,P3-KPI2,Support Ticket Volume,P3,58.51,20.0,<,tickets
55007,E2E Full Test Corporation 1769028736 - Regional Office,2024-03-31,P3-KPI2,Support Ticket Volume,P3,53.85,20.0,<,tickets
55007,E2E Full Test Corporation 1769028736 - Regional Office,2024-04-30,P3-KPI2,Support Ticket Volume,P3,57.78,20.0,<,tickets
55007,E2E Full Test Corporation 1769028736 - Regional Office,2024-05-30,P3-KPI2,Support Ticket Volume,P3,53.84,20.0,<,tickets
55007,E2E Full Test Corporation 1769028736 - Regional Office,2024-06-29,P3-KPI2,Support Ticket Volume,P3,54.72,20.0,<,tickets
55007,E2E Full Test Corporation 1769028736 - Regional Office,2024-07-29,P3-KPI2,Support Ticket Volume,P3,53.72,20.0,<,tickets
55007,E2E Full Test Corporation 1769028736 - Regional Office,2024-08-28,P3-KPI2,Support Ticket Volume,P3,58.14,20.0,<,tickets
55007,E2E Full Test Corporation 1769028736 - Regional Office,2024-09-27,P3-KPI2,Support Ticket Volume,P3,55.83,20.0,<,tickets
55007,E2E Full Test Corporation 1769028736 - Regional Office,2024-10-27,P3-KPI2,Support Ticket Volume,P3,54.63,20.0,<,tickets
55007,E2E Full Test Corporation 1769028736 - Regional Office,2024-11-26,P3-KPI2,Support Ticket Volume,P3,56.59,20.0,<,tickets
55007,E2E Full Test Corporation 1769028736 - Regional Office,2024-01-01,P3-KPI3,First Contact Resolution,P3,65.33,75.0,>,%
55007,E2E Full Test Corporation 1769028736 - Regional Office,2024-01-31,P3-KPI3,First Contact Resolution,P3,65.17,75.0,>,%
55007,E2E Full Test Corporation 1769028736 - Regional Office,2024-03-01,P3-KPI3,First Contact Resolution,P3,61.21,75.0,>,%
55007,E2E Full Test Corporation 1769028736 - Regional Office,2024-03-31,P3-KPI3,First Contact Resolution,P3,66.43,75.0,>,%
55007,E2E Full Test Corporation 1769028736 - Regional Office,2024-04-30,P3-KPI3,First Contact Resolution,P3,62.61,75.0,>,%
55007,E2E Full Test Corporation 1769028736 - Regional Office,2024-05-30,P3-KPI3,First Contact Resolution,P3,65.46,75.0,>,%
55007,E2E Full Test Corporation 1769028736 - Regional Office,2024-06-29,P3-KPI3,First Contact Resolution,P3,66.79,75.0,>,%
55007,E2E Full Test Corporation 1769028736 - Regional Office,2024-07-29,P3-KPI3,First Contact Resolution,P3,62.69,75.0,>,%
55007,E2E Full Test Corporation 1769028736 - Regional Office,2024-08-28,P3-KPI3,First Contact Resolution,P3,63.29,75.0,>,%
55007,E2E Full Test Corporation 1769028736 - Regional Office,2024-09-27,P3-KPI3,First Contact Resolution,P3,66.03,75.0,>,%
55007,E2E Full Test Corporation 1769028736 - Regional Office,2024-10-27,P3-KPI3,First Contact Resolution,P3,65.63,75.0,>,%
55007,E2E Full Test Corporation 1769028736 - Regional Office,2024-11-26,P3-KPI3,First Contact Resolution,P3,66.35,75.0,>,%
55007,E2E Full Test Corporation 1769028736 - Regional Office,2024-01-01,P3-KPI4,Training Completion,P3,73.76,90.0,>,%
55007,E2E Full Test Corporation 1769028736 - Regional Office,2024-01-31,P3-KPI4,Training Completion,P3,74.74,90.0,>,%
55007,E2E Full Test Corporation 1769028736 - Regional Office,2024-03-01,P3-KPI4,Training Completion,P3,75.09,90.0,>,%
55007,E2E Full Test Corporation 1769028736 - Regional Office,2024-03-31,P3-KPI4,Training Completion,P3,78.11,90.0,>,%
55007,E2E Full Test Corporation 1769028736 - Regional Office,2024-04-30,P3-KPI4,Training Completion,P3,75.26,90.0,>,%
55007,E2E Full Test Corporation 1769028736 - Regional Office,2024-05-30,P3-KPI4,Training Completion,P3,79.18,90.0,>,%
55007,E2E Full Test Corporation 1769028736 - Regional Office,2024-06-29,P3-KPI4,Training Completion,P3,75.76,90.0,>,%
55007,E2E Full Test Corporation 1769028736 - Regional Office,2024-07-29,P3-KPI4,Training Completion,P3,72.9,90.0,>,%
55007,E2E Full Test Corporation 1769028736 - Regional Office,2024-08-28,P3-KPI4,Training Completion,P3,74.22,90.0,>,%
55007,E2E Full Test Corporation 1769028736 - Regional Office,2024-09-27,P3-KPI4,Training Completion,P3,75.32,90.0,>,%
55007,E2E Full Test Corporation 1769028736 - Regional Office,2024-10-27,P3-KPI4,Training Completion,P3,75.91,90.0,>,%
55007,E2E Full Test Corporation 1769028736 - Regional Office,2024-11-26,P3-KPI4,Training Completion,P3,75.93,90.0,>,%
55007,E2E Full Test Corporation 1769028736 - Regional Office,2024-01-01,P3-KPI5,User Adoption Rate,P3,67.22,80.0,>,%
55007,E2E Full Test Corporation 1769028736 - Regional Office,2024-01-31,P3-KPI5,User Adoption Rate,P3,67.19,80.0,>,%
55007,E2E Full Test Corporation 1769028736 - Regional Office,2024-03-01,P3-KPI5,User Adoption Rate,P3,69.61,80.0,>,%
55007,E2E Full Test Corporation 1769028736 - Regional Office,2024-03-31,P3-KPI5,User Adoption Rate,P3,63.21,80.0,>,%
55007,E2E Full Test Corporation 1769028736 - Regional Office,2024-04-30,P3-KPI5,User Adoption Rate,P3,68.18,80.0,>,%
55007,E2E Full Test Corporation 1769028736 - Regional Office,2024-05-30,P3-KPI5,User Adoption Rate,P3,63.6,80.0,>,%
55007,E2E Full Test Corporation 1769028736 - Regional Office,2024-06-29,P3-KPI5,User Adoption Rate,P3,67.84,80.0,>,%
55007,E2E Full Test Corporation 1769028736 - Regional Office,2024-07-29,P3-KPI5,User Adoption Rate,P3,65.89,80.0,>,%
55007,E2E Full Test Corporation 1769028736 - Regional Office,2024-08-28,P3-KPI5,User Adoption Rate,P3,65.4,80.0,>,%
55007,E2E Full Test Corporation 1769028736 - Regional Office,2024-09-27,P3-KPI5,User Adoption Rate,P3,64.48,80.0,>,%
55007,E2E Full Test Corporation 1769028736 - Regional Office,2024-10-27,P3-KPI5,User Adoption Rate,P3,65.09,80.0,>,%
55007,E2E Full Test Corporation 1769028736 - Regional Office,2024-11-26,P3-KPI5,User Adoption Rate,P3,66.58,80.0,>,%
55007,E2E Full Test Corporation 1769028736 - Regional Office,2024-01-01,P3-KPI6,Executive Engagement,P3,3.06,4.0,>,meetings/quarter
55007,E2E Full Test Corporation 1769028736 - Regional Office,2024-01-31,P3-KPI6,Executive Engagement,P3,3.24,4.0,>,meetings/quarter
55007,E2E Full Test Corporation 1769028736 - Regional Office,2024-03-01,P3-KPI6,Executive Engagement,P3,2.95,4.0,>,meetings/quarter
55007,E2E Full Test Corporation 1769028736 - Regional Office,2024-03-31,P3-KPI6,Executive Engagement,P3,3.24,4.0,>,meetings/quarter
55007,E2E Full Test Corporation 1769028736 - Regional Office,2024-04-30,P3-KPI6,Executive Engagement,P3,2.95,4.0,>,meetings/quarter
55007,E2E Full Test Corporation 1769028736 - Regional Office,2024-05-30,P3-KPI6,Executive Engagement,P3,3.11,4.0,>,meetings/quarter
55007,E2E Full Test Corporation 1769028736 - Regional Office,2024-06-29,P3-KPI6,Executive Engagement,P3,3.18,4.0,>,meetings/quarter
55007,E2E Full Test Corporation 1769028736 - Regional Office,2024-07-29,P3-KPI6,Executive Engagement,P3,3.01,4.0,>,meetings/quarter
55007,E2E Full Test Corporation 1769028736 - Regional Office,2024-08-28,P3-KPI6,Executive Engagement,P3,3.06,4.0,>,meetings/quarter
55007,E2E Full Test Corporation 1769028736 - Regional Office,2024-09-27,P3-KPI6,Executive Engagement,P3,3.17,4.0,>,meetings/quarter
55007,E2E Full Test Corporation 1769028736 - Regional Office,2024-10-27,P3-KPI6,Executive Engagement,P3,3.04,4.0,>,meetings/quarter
55007,E2E Full Test Corporation 1769028736 - Regional Office,2024-11-26,P3-KPI6,Executive Engagement,P3,3.12,4.0,>,meetings/quarter
55007,E2E Full Test Corporation 1769028736 - Regional Office,2024-01-01,P3-KPI7,Response Time SLA,P3,70.67,30.0,<,minutes
55007,E2E Full Test Corporation 1769028736 - Regional Office,2024-01-31,P3-KPI7,Response Time SLA,P3,71.53,30.0,<,minutes
55007,E2E Full Test Corporation 1769028736 - Regional Office,2024-03-01,P3-KPI7,Response Time SLA,P3,73.98,30.0,<,minutes
55007,E2E Full Test Corporation 1769028736 - Regional Office,2024-03-31,P3-KPI7,Response Time SLA,P3,68.79,30.0,<,minutes
55007,E2E Full Test Corporation 1769028736 - Regional Office,2024-04-30,P3-KPI7,Response Time SLA,P3,68.89,30.0,<,minutes
55007,E2E Full Test Corporation 1769028736 - Regional Office,2024-05-30,P3-KPI7,Response Time SLA,P3,68.21,30.0,<,minutes
55007,E2E Full Test Corporation 1769028736 - Regional Office,2024-06-29,P3-KPI7,Response Time SLA,P3,71.33,30.0,<,minutes
55007,E2E Full Test Corporation 1769028736 - Regional Office,2024-07-29,P3-KPI7,Response Time SLA,P3,67.8,30.0,<,minutes
55007,E2E Full Test Corporation 1769028736 - Regional Office,2024-08-28,P3-KPI7,Response Time SLA,P3,70.76,30.0,<,minutes
55007,E2E Full Test Corporation 1769028736 - Regional Office,2024-09-27,P3-KPI7,Response Time SLA,P3,70.02,30.0,<,minutes
55007,E2E Full Test Corporation 1769028736 - Regional Office,2024-10-27,P3-KPI7,Response Time SLA,P3,69.99,30.0,<,minutes
55007,E2E Full Test Corporation 1769028736 - Regional Office,2024-11-26,P3-KPI7,Response Time SLA,P3,69.14,30.0,<,minutes
55007,E2E Full Test Corporation 1769028736 - Regional Office,2024-01-01,P4-KPI1,ROI Achievement,P4,127.87,150.0,>,%
55007,E2E Full Test Corporation 1769028736 - Regional Office,2024-01-31,P4-KPI1,ROI Achievement,P4,121.92,150.0,>,%
55007,E2E Full Test Corporation 1769028736 - Regional Office,2024-03-01,P4-KPI1,ROI Achievement,P4,127.84,150.0,>,%
55007,E2E Full Test Corporation 1769028736 - Regional Office,2024-03-31,P4-KPI1,ROI Achievement,P4,121.33,150.0,>,%
55007,E2E Full Test Corporation 1769028736 - Regional Office,2024-04-30,P4-KPI1,ROI Achievement,P4,127.88,150.0,>,%
55007,E2E Full Test Corporation 1769028736 - Regional Office,2024-05-30,P4-KPI1,ROI Achievement,P4,127.99,150.0,>,%
55007,E2E Full Test Corporation 1769028736 - Regional Office,2024-06-29,P4-KPI1,ROI Achievement,P4,121.87,150.0,>,%
55007,E2E Full Test Corporation 1769028736 - Regional Office,2024-07-29,P4-KPI1,ROI Achievement,P4,123.1,150.0,>,%
55007,E2E Full Test Corporation 1769028736 - Regional Office,2024-08-28,P4-KPI1,ROI Achievement,P4,124.85,150.0,>,%
55007,E2E Full Test Corporation 1769028736 - Regional Office,2024-09-27,P4-KPI1,ROI Achievement,P4,127.96,150.0,>,%
55007,E2E Full Test Corporation 1769028736 - Regional Office,2024-10-27,P4-KPI1,ROI Achievement,P4,131.54,150.0,>,%
55007,E2E Full Test Corporation 1769028736 - Regional Office,2024-11-26,P4-KPI1,ROI Achievement,P4,128.02,150.0,>,%
55007,E2E Full Test Corporation 1769028736 - Regional Office,2024-01-01,P4-KPI2,Cost Reduction,P4,11.53,20.0,>,%
55007,E2E Full Test Corporation 1769028736 - Regional Office,2024-01-31,P4-KPI2,Cost Reduction,P4,10.55,20.0,>,%
55007,E2E Full Test Corporation 1769028736 - Regional Office,2024-03-01,P4-KPI2,Cost Reduction,P4,11.08,20.0,>,%
55007,E2E Full Test Corporation 1769028736 - Regional Office,2024-03-31,P4-KPI2,Cost Reduction,P4,11.27,20.0,>,%
55007,E2E Full Test Corporation 1769028736 - Regional Office,2024-04-30,P4-KPI2,Cost Reduction,P4,11.53,20.0,>,%
55007,E2E Full Test Corporation 1769028736 - Regional Office,2024-05-30,P4-KPI2,Cost Reduction,P4,10.57,20.0,>,%
55007,E2E Full Test Corporation 1769028736 - Regional Office,2024-06-29,P4-KPI2,Cost Reduction,P4,10.79,20.0,>,%
55007,E2E Full Test Corporation 1769028736 - Regional Office,2024-07-29,P4-KPI2,Cost Reduction,P4,11.41,20.0,>,%
55007,E2E Full Test Corporation 1769028736 - Regional Office,2024-08-28,P4-KPI2,Cost Reduction,P4,10.62,20.0,>,%
55007,E2E Full Test Corporation 1769028736 - Regional Office,2024-09-27,P4-KPI2,Cost Reduction,P4,11.16,20.0,>,%
55007,E2E Full Test Corporation 1769028736 - Regional Office,2024-10-27,P4-KPI2,Cost Reduction,P4,10.8,20.0,>,%
55007,E2E Full Test Corporation 1769028736 - Regional Office,2024-11-26,P4-KPI2,Cost Reduction,P4,11.11,20.0,>,%
55007,E2E Full Test Corporation 1769028736 - Regional Office,2024-01-01,P4-KPI3,Time to Value,P4,132.88,90.0,<,days
55007,E2E Full Test Corporation 1769028736 - Regional Office,2024-01-31,P4-KPI3,Time to Value,P4,126.31,90.0,<,days
55007,E2E Full Test Corporation 1769028736 - Regional Office,2024-03-01,P4-KPI3,Time to Value,P4,132.17,90.0,<,days
55007,E2E Full Test Corporation 1769028736 - Regional Office,2024-03-31,P4-KPI3,Time to Value,P4,124.39,90.0,<,days
55007,E2E Full Test Corporation 1769028736 - Regional Office,2024-04-30,P4-KPI3,Time to Value,P4,124.76,90.0,<,days
55007,E2E Full Test Corporation 1769028736 - Regional Office,2024-05-30,P4-KPI3,Time to Value,P4,126.98,90.0,<,days
55007,E2E Full Test Corporation 1769028736 - Regional Office,2024-06-29,P4-KPI3,Time to Value,P4,129.74,90.0,<,days
55007,E2E Full Test Corporation 1769028736 - Regional Office,2024-07-29,P4-KPI3,Time to Value,P4,128.01,90.0,<,days
55007,E2E Full Test Corporation 1769028736 - Regional Office,2024-08-28,P4-KPI3,Time to Value,P4,126.0,90.0,<,days
55007,E2E Full Test Corporation 1769028736 - Regional Office,2024-09-27,P4-KPI3,Time to Value,P4,133.03,90.0,<,days
55007,E2E Full Test Corporation 1769028736 - Regional Office,2024-10-27,P4-KPI3,Time to Value,P4,136.48,90.0,<,days
55007,E2E Full Test Corporation 1769028736 - Regional Office,2024-11-26,P4-KPI3,Time to Value,P4,124.34,90.0,<,days
55007,E2E Full Test Corporation 1769028736 - Regional Office,2024-01-01,P4-KPI4,Revenue Enablement,P4,3.12,5.0,>,$M
55007,E2E Full Test Corporation 1769028736 - Regional Office,2024-01-31,P4-KPI4,Revenue Enablement,P4,3.27,5.0,>,$M
55007,E2E Full Test Corporation 1769028736 - Regional Office,2024-03-01,P4-KPI4,Revenue Enablement,P4,3.34,5.0,>,$M
55007,E2E Full Test Corporation 1769028736 - Regional Office,2024-03-31,P4-KPI4,Revenue Enablement,P4,3.12,5.0,>,$M
55007,E2E Full Test Corporation 1769028736 - Regional Office,2024-04-30,P4-KPI4,Revenue Enablement,P4,3.2,5.0,>,$M
55007,E2E Full Test Corporation 1769028736 - Regional Office,2024-05-30,P4-KPI4,Revenue Enablement,P4,3.13,5.0,>,$M
55007,E2E Full Test Corporation 1769028736 - Regional Office,2024-06-29,P4-KPI4,Revenue Enablement,P4,3.23,5.0,>,$M
55007,E2E Full Test Corporation 1769028736 - Regional Office,2024-07-29,P4-KPI4,Revenue Enablement,P4,3.11,5.0,>,$M
55007,E2E Full Test Corporation 1769028736 - Regional Office,2024-08-28,P4-KPI4,Revenue Enablement,P4,3.29,5.0,>,$M
55007,E2E Full Test Corporation 1769028736 - Regional Office,2024-09-27,P4-KPI4,Revenue Enablement,P4,3.04,5.0,>,$M
55007,E2E Full Test Corporation 1769028736 - Regional Office,2024-10-27,P4-KPI4,Revenue Enablement,P4,3.1,5.0,>,$M
55007,E2E Full Test Corporation 1769028736 - Regional Office,2024-11-26,P4-KPI4,Revenue Enablement,P4,3.15,5.0,>,$M
55007,E2E Full Test Corporation 1769028736 - Regional Office,2024-01-01,P4-KPI5,Operational Efficiency,P4,75.52,85.0,>,%
55007,E2E Full Test Corporation 1769028736 - Regional Office,2024-01-31,P4-KPI5,Operational Efficiency,P4,70.75,85.0,>,%
55007,E2E Full Test Corporation 1769028736 - Regional Office,2024-03-01,P4-KPI5,Operational Efficiency,P4,71.28,85.0,>,%
55007,E2E Full Test Corporation 1769028736 - Regional Office,2024-03-31,P4-KPI5,Operational Efficiency,P4,75.16,85.0,>,%
55007,E2E Full Test Corporation 1769028736 - Regional Office,2024-04-30,P4-KPI5,Operational Efficiency,P4,71.54,85.0,>,%
55007,E2E Full Test Corporation 1769028736 - Regional Office,2024-05-30,P4-KPI5,Operational Efficiency,P4,72.29,85.0,>,%
55007,E2E Full Test Corporation 1769028736 - Regional Office,2024-06-29,P4-KPI5,Operational Efficiency,P4,77.16,85.0,>,%
55007,E2E Full Test Corporation 1769028736 - Regional Office,2024-07-29,P4-KPI5,Operational Efficiency,P4,70.42,85.0,>,%
55007,E2E Full Test Corporation 1769028736 - Regional Office,2024-08-28,P4-KPI5,Operational Efficiency,P4,72.03,85.0,>,%
55007,E2E Full Test Corporation 1769028736 - Regional Office,2024-09-27,P4-KPI5,Operational Efficiency,P4,75.17,85.0,>,%
55007,E2E Full Test Corporation 1769028736 - Regional Office,2024-10-27,P4-KPI5,Operational Efficiency,P4,76.95,85.0,>,%
55007,E2E Full Test Corporation 1769028736 - Regional Office,2024-11-26,P4-KPI5,Operational Efficiency,P4,74.87,85.0,>,%
55007,E2E Full Test Corporation 1769028736 - Regional Office,2024-01-01,P4-KPI6,Innovation Projects,P4,2.11,3.0,>,count
55007,E2E Full Test Corporation 1769028736 - Regional Office,2024-01-31,P4-KPI6,Innovation Projects,P4,2.03,3.0,>,count
55007,E2E Full Test Corporation 1769028736 - Regional Office,2024-03-01,P4-KPI6,Innovation Projects,P4,2.16,3.0,>,count
55007,E2E Full Test Corporation 1769028736 - Regional Office,2024-03-31,P4-KPI6,Innovation Projects,P4,2.17,3.0,>,count
55007,E2E Full Test Corporation 1769028736 - Regional Office,2024-04-30,P4-KPI6,Innovation Projects,P4,2.11,3.0,>,count
55007,E2E Full Test Corporation 1769028736 - Regional Office,2024-05-30,P4-KPI6,Innovation Projects,P4,2.01,3.0,>,count
55007,E2E Full Test Corporation 1769028736 - Regional Office,2024-06-29,P4-KPI6,Innovation Projects,P4,2.12,3.0,>,count
55007,E2E Full Test Corporation 1769028736 - Regional Office,2024-07-29,P4-KPI6,Innovation Projects,P4,2.06,3.0,>,count
55007,E2E Full Test Corporation 1769028736 - Regional Office,2024-08-28,P4-KPI6,Innovation Projects,P4,2.17,3.0,>,count
55007,E2E Full Test Corporation 1769028736 - Regional Office,2024-09-27,P4-KPI6,Innovation Projects,P4,2.07,3.0,>,count
55007,E2E Full Test Corporation 1769028736 - Regional Office,2024-10-27,P4-KPI6,Innovation Projects,P4,2.15,3.0,>,count
55007,E2E Full Test Corporation 1769028736 - Regional Office,2024-11-26,P4-KPI6,Innovation Projects,P4,2.12,3.0,>,count
55007,E2E Full Test Corporation 1769028736 - Regional Office,2024-01-01,P4-KPI7,Business Case Validation,P4,79.17,90.0,>,%
55007,E2E Full Test Corporation 1769028736 - Regional Office,2024-01-31,P4-KPI7,Business Case Validation,P4,83.85,90.0,>,%
55007,E2E Full Test Corporation 1769028736 - Regional Office,2024-03-01,P4-KPI7,Business Case Validation,P4,81.07,90.0,>,%
55007,E2E Full Test Corporation 1769028736 - Regional Office,2024-03-31,P4-KPI7,Business Case Validation,P4,81.92,90.0,>,%
55007,E2E Full Test Corporation 1769028736 - Regional Office,2024-04-30,P4-KPI7,Business Case Validation,P4,79.68,90.0,>,%
55007,E2E Full Test Corporation 1769028736 - Regional Office,2024-05-30,P4-KPI7,Business Case Validation,P4,77.66,90.0,>,%
55007,E2E Full Test Corporation 1769028736 - Regional Office,2024-06-29,P4-KPI7,Business Case Validation,P4,79.7,90.0,>,%
55007,E2E Full Test Corporation 1769028736 - Regional Office,2024-07-29,P4-KPI7,Business Case Validation,P4,80.13,90.0,>,%
55007,E2E Full Test Corporation 1769028736 - Regional Office,2024-08-28,P4-KPI7,Business Case Validation,P4,81.92,90.0,>,%
55007,E2E Full Test Corporation 1769028736 - Regional Office,2024-09-27,P4-KPI7,Business Case Validation,P4,84.06,90.0,>,%
55007,E2E Full Test Corporation 1769028736 - Regional Office,2024-10-27,P4-KPI7,Business Case Validation,P4,84.55,90.0,>,%
55007,E2E Full Test Corporation 1769028736 - Regional Office,2024-11-26,P4-KPI7,Business Case Validation,P4,78.42,90.0,>,%
55007,E2E Full Test Corporation 1769028736 - Regional Office,2024-01-01,P5-KPI1,Executive Sponsorship,P5,3.68,4.5,>,score
55007,E2E Full Test Corporation 1769028736 - Regional Office,2024-01-31,P5-KPI1,Executive Sponsorship,P5,3.77,4.5,>,score
55007,E2E Full Test Corporation 1769028736 - Regional Office,2024-03-01,P5-KPI1,Executive Sponsorship,P5,3.86,4.5,>,score
55007,E2E Full Test Corporation 1769028736 - Regional Office,2024-03-31,P5-KPI1,Executive Sponsorship,P5,3.74,4.5,>,score
55007,E2E Full Test Corporation 1769028736 - Regional Office,2024-04-30,P5-KPI1,Executive Sponsorship,P5,3.82,4.5,>,score
55007,E2E Full Test Corporation 1769028736 - Regional Office,2024-05-30,P5-KPI1,Executive Sponsorship,P5,3.75,4.5,>,score
55007,E2E Full Test Corporation 1769028736 - Regional Office,2024-06-29,P5-KPI1,Executive Sponsorship,P5,4.01,4.5,>,score
55007,E2E Full Test Corporation 1769028736 - Regional Office,2024-07-29,P5-KPI1,Executive Sponsorship,P5,3.66,4.5,>,score
55007,E2E Full Test Corporation 1769028736 - Regional Office,2024-08-28,P5-KPI1,Executive Sponsorship,P5,3.72,4.5,>,score
55007,E2E Full Test Corporation 1769028736 - Regional Office,2024-09-27,P5-KPI1,Executive Sponsorship,P5,3.82,4.5,>,score
55007,E2E Full Test Corporation 1769028736 - Regional Office,2024-10-27,P5-KPI1,Executive Sponsorship,P5,3.76,4.5,>,score
55007,E2E Full Test Corporation 1769028736 - Regional Office,2024-11-26,P5-KPI1,Executive Sponsorship,P5,3.78,4.5,>,score
55007,E2E Full Test Corporation 1769028736 - Regional Office,2024-01-01,P5-KPI2,Renewal Likelihood,P5,82.42,95.0,>,%
55007,E2E Full Test Corporation 1769028736 - Regional Office,2024-01-31,P5-KPI2,Renewal Likelihood,P5,79.8,95.0,>,%
55007,E2E Full Test Corporation 1769028736 - Regional Office,2024-03-01,P5-KPI2,Renewal Likelihood,P5,81.32,95.0,>,%
55007,E2E Full Test Corporation 1769028736 - Regional Office,2024-03-31,P5-KPI2,Renewal Likelihood,P5,87.01,95.0,>,%
55007,E2E Full Test Corporation 1769028736 - Regional Office,2024-04-30,P5-KPI2,Renewal Likelihood,P5,82.47,95.0,>,%
55007,E2E Full Test Corporation 1769028736 - Regional Office,2024-05-30,P5-KPI2,Renewal Likelihood,P5,80.71,95.0,>,%
55007,E2E Full Test Corporation 1769028736 - Regional Office,2024-06-29,P5-KPI2,Renewal Likelihood,P5,84.19,95.0,>,%
55007,E2E Full Test Corporation 1769028736 - Regional Office,2024-07-29,P5-KPI2,Renewal Likelihood,P5,80.45,95.0,>,%
55007,E2E Full Test Corporation 1769028736 - Regional Office,2024-08-28,P5-KPI2,Renewal Likelihood,P5,86.73,95.0,>,%
55007,E2E Full Test Corporation 1769028736 - Regional Office,2024-09-27,P5-KPI2,Renewal Likelihood,P5,82.17,95.0,>,%
55007,E2E Full Test Corporation 1769028736 - Regional Office,2024-10-27,P5-KPI2,Renewal Likelihood,P5,84.13,95.0,>,%
55007,E2E Full Test Corporation 1769028736 - Regional Office,2024-11-26,P5-KPI2,Renewal Likelihood,P5,84.1,95.0,>,%
55007,E2E Full Test Corporation 1769028736 - Regional Office,2024-01-01,P5-KPI3,Expansion Pipeline,P5,1.37,2.0,>,$M
55007,E2E Full Test Corporation 1769028736 - Regional Office,2024-01-31,P5-KPI3,Expansion Pipeline,P5,1.26,2.0,>,$M
55007,E2E Full Test Corporation 1769028736 - Regional Office,2024-03-01,P5-KPI3,Expansion Pipeline,P5,1.31,2.0,>,$M
55007,E2E Full Test Corporation 1769028736 - Regional Office,2024-03-31,P5-KPI3,Expansion Pipeline,P5,1.3,2.0,>,$M
55007,E2E Full Test Corporation 1769028736 - Regional Office,2024-04-30,P5-KPI3,Expansion Pipeline,P5,1.36,2.0,>,$M
55007,E2E Full Test Corporation 1769028736 - Regional Office,2024-05-30,P5-KPI3,Expansion Pipeline,P5,1.32,2.0,>,$M
55007,E2E Full Test Corporation 1769028736 - Regional Office,2024-06-29,P5-KPI3,Expansion Pipeline,P5,1.34,2.0,>,$M
55007,E2E Full Test Corporation 1769028736 - Regional Office,2024-07-29,P5-KPI3,Expansion Pipeline,P5,1.32,2.0,>,$M
55007,E2E Full Test Corporation 1769028736 - Regional Office,2024-08-28,P5-KPI3,Expansion Pipeline,P5,1.29,2.0,>,$M
55007,E2E Full Test Corporation 1769028736 - Regional Office,2024-09-27,P5-KPI3,Expansion Pipeline,P5,1.26,2.0,>,$M
55007,E2E Full Test Corporation 1769028736 - Regional Office,2024-10-27,P5-KPI3,Expansion Pipeline,P5,1.26,2.0,>,$M
55007,E2E Full Test Corporation 1769028736 - Regional Office,2024-11-26,P5-KPI3,Expansion Pipeline,P5,1.28,2.0,>,$M
55007,E2E Full Test Corporation 1769028736 - Regional Office,2024-01-01,P5-KPI4,Reference Willingness,P5,3.21,4.0,>,score
55007,E2E Full Test Corporation 1769028736 - Regional Office,2024-01-31,P5-KPI4,Reference Willingness,P5,3.18,4.0,>,score
55007,E2E Full Test Corporation 1769028736 - Regional Office,2024-03-01,P5-KPI4,Reference Willingness,P5,3.03,4.0,>,score
55007,E2E Full Test Corporation 1769028736 - Regional Office,2024-03-31,P5-KPI4,Reference Willingness,P5,3.06,4.0,>,score
55007,E2E Full Test Corporation 1769028736 - Regional Office,2024-04-30,P5-KPI4,Reference Willingness,P5,3.0,4.0,>,score
55007,E2E Full Test Corporation 1769028736 - Regional Office,2024-05-30,P5-KPI4,Reference Willingness,P5,2.99,4.0,>,score
55007,E2E Full Test Corporation 1769028736 - Regional Office,2024-06-29,P5-KPI4,Reference Willingness,P5,2.96,4.0,>,score
55007,E2E Full Test Corporation 1769028736 - Regional Office,2024-07-29,P5-KPI4,Reference Willingness,P5,2.96,4.0,>,score
55007,E2E Full Test Corporation 1769028736 - Regional Office,2024-08-28,P5-KPI4,Reference Willingness,P5,3.21,4.0,>,score
55007,E2E Full Test Corporation 1769028736 - Regional Office,2024-09-27,P5-KPI4,Reference Willingness,P5,3.24,4.0,>,score
55007,E2E Full Test Corporation 1769028736 - Regional Office,2024-10-27,P5-KPI4,Reference Willingness,P5,3.16,4.0,>,score
55007,E2E Full Test Corporation 1769028736 - Regional Office,2024-11-26,P5-KPI4,Reference Willingness,P5,3.04,4.0,>,score
55007,E2E Full Test Corporation 1769028736 - Regional Office,2024-01-01,P5-KPI5,Strategic Alignment,P5,74.9,85.0,>,score
55007,E2E Full Test Corporation 1769028736 - Regional Office,2024-01-31,P5-KPI5,Strategic Alignment,P5,74.74,85.0,>,score
55007,E2E Full Test Corporation 1769028736 - Regional Office,2024-03-01,P5-KPI5,Strategic Alignment,P5,77.36,85.0,>,score
55007,E2E Full Test Corporation 1769028736 - Regional Office,2024-03-31,P5-KPI5,Strategic Alignment,P5,72.97,85.0,>,score
55007,E2E Full Test Corporation 1769028736 - Regional Office,2024-04-30,P5-KPI5,Strategic Alignment,P5,75.45,85.0,>,score
55007,E2E Full Test Corporation 1769028736 - Regional Office,2024-05-30,P5-KPI5,Strategic Alignment,P5,75.84,85.0,>,score
55007,E2E Full Test Corporation 1769028736 - Regional Office,2024-06-29,P5-KPI5,Strategic Alignment,P5,73.34,85.0,>,score
55007,E2E Full Test Corporation 1769028736 - Regional Office,2024-07-29,P5-KPI5,Strategic Alignment,P5,71.44,85.0,>,score
55007,E2E Full Test Corporation 1769028736 - Regional Office,2024-08-28,P5-KPI5,Strategic Alignment,P5,73.75,85.0,>,score
55007,E2E Full Test Corporation 1769028736 - Regional Office,2024-09-27,P5-KPI5,Strategic Alignment,P5,75.26,85.0,>,score
55007,E2E Full Test Corporation 1769028736 - Regional Office,2024-10-27,P5-KPI5,Strategic Alignment,P5,75.98,85.0,>,score
55007,E2E Full Test Corporation 1769028736 - Regional Office,2024-11-26,P5-KPI5,Strategic Alignment,P5,73.78,85.0,>,score
55007,E2E Full Test Corporation 1769028736 - Regional Office,2024-01-01,P5-KPI6,Partnership Depth,P5,64.87,80.0,>,score
55007,E2E Full Test Corporation 1769028736 - Regional Office,2024-01-31,P5-KPI6,Partnership Depth,P5,68.36,80.0,>,score
55007,E2E Full Test Corporation 1769028736 - Regional Office,2024-03-01,P5-KPI6,Partnership Depth,P5,63.2,80.0,>,score
55007,E2E Full Test Corporation 1769028736 - Regional Office,2024-03-31,P5-KPI6,Partnership Depth,P5,63.29,80.0,>,score
55007,E2E Full Test Corporation 1769028736 - Regional Office,2024-04-30,P5-KPI6,Partnership Depth,P5,67.92,80.0,>,score
55007,E2E Full Test Corporation 1769028736 - Regional Office,2024-05-30,P5-KPI6,Partnership Depth,P5,64.41,80.0,>,score
55007,E2E Full Test Corporation 1769028736 - Regional Office,2024-06-29,P5-KPI6,Partnership Depth,P5,63.73,80.0,>,score
55007,E2E Full Test Corporation 1769028736 - Regional Office,2024-07-29,P5-KPI6,Partnership Depth,P5,68.57,80.0,>,score
55007,E2E Full Test Corporation 1769028736 - Regional Office,2024-08-28,P5-KPI6,Partnership Depth,P5,69.15,80.0,>,score
55007,E2E Full Test Corporation 1769028736 - Regional Office,2024-09-27,P5-KPI6,Partnership Depth,P5,64.34,80.0,>,score
55007,E2E Full Test Corporation 1769028736 - Regional Office,2024-10-27,P5-KPI6,Partnership Depth,P5,65.31,80.0,>,score
55007,E2E Full Test Corporation 1769028736 - Regional Office,2024-11-26,P5-KPI6,Partnership Depth,P5,65.69,80.0,>,score
55007,E2E Full Test Corporation 1769028736 - Regional Office,2024-01-01,P5-KPI7,NPS Score,P5,54.68,70.0,>,score
55007,E2E Full Test Corporation 1769028736 - Regional Office,2024-01-31,P5-KPI7,NPS Score,P5,58.85,70.0,>,score
55007,E2E Full Test Corporation 1769028736 - Regional Office,2024-03-01,P5-KPI7,NPS Score,P5,55.73,70.0,>,score
55007,E2E Full Test Corporation 1769028736 - Regional Office,2024-03-31,P5-KPI7,NPS Score,P5,59.23,70.0,>,score
55007,E2E Full Test Corporation 1769028736 - Regional Office,2024-04-30,P5-KPI7,NPS Score,P5,57.53,70.0,>,score
55007,E2E Full Test Corporation 1769028736 - Regional Office,2024-05-30,P5-KPI7,NPS Score,P5,58.34,70.0,>,score
55007,E2E Full Test Corporation 1769028736 - Regional Office,2024-06-29,P5-KPI7,NPS Score,P5,54.86,70.0,>,score
55007,E2E Full Test Corporation 1769028736 - Regional Office,2024-07-29,P5-KPI7,NPS Score,P5,55.51,70.0,>,score
55007,E2E Full Test Corporation 1769028736 - Regional Office,2024-08-28,P5-KPI7,NPS Score,P5,55.16,70.0,>,score
55007,E2E Full Test Corporation 1769028736 - Regional Office,2024-09-27,P5-KPI7,NPS Score,P5,55.44,70.0,>,score
55007,E2E Full Test Corporation 1769028736 - Regional Office,2024-10-27,P5-KPI7,NPS Score,P5,54.88,70.0,>,score
55007,E2E Full Test Corporation 1769028736 - Regional Office,2024-11-26,P5-KPI7,NPS Score,P5,56.06,70.0,>,score
55008,E2E Full Test Corporation 1769028736 - Research Center,2024-01-01,P1-KPI1,System Uptime,P1,98.0,99.9,>,%
55008,E2E Full Test Corporation 1769028736 - Research Center,2024-01-31,P1-KPI1,System Uptime,P1,99.55,99.9,>,%
55008,E2E Full Test Corporation 1769028736 - Research Center,2024-03-01,P1-KPI1,System Uptime,P1,98.0,99.9,>,%
55008,E2E Full Test Corporation 1769028736 - Research Center,2024-03-31,P1-KPI1,System Uptime,P1,98.0,99.9,>,%
55008,E2E Full Test Corporation 1769028736 - Research Center,2024-04-30,P1-KPI1,System Uptime,P1,98.0,99.9,>,%
55008,E2E Full Test Corporation 1769028736 - Research Center,2024-05-30,P1-KPI1,System Uptime,P1,98.19,99.9,>,%
55008,E2E Full Test Corporation 1769028736 - Research Center,2024-06-29,P1-KPI1,System Uptime,P1,98.82,99.9,>,%
55008,E2E Full Test Corporation 1769028736 - Research Center,2024-07-29,P1-KPI1,System Uptime,P1,100.0,99.9,>,%
55008,E2E Full Test Corporation 1769028736 - Research Center,2024-08-28,P1-KPI1,System Uptime,P1,99.43,99.9,>,%
55008,E2E Full Test Corporation 1769028736 - Research Center,2024-09-27,P1-KPI1,System Uptime,P1,100.0,99.9,>,%
55008,E2E Full Test Corporation 1769028736 - Research Center,2024-10-27,P1-KPI1,System Uptime,P1,100.0,99.9,>,%
55008,E2E Full Test Corporation 1769028736 - Research Center,2024-11-26,P1-KPI1,System Uptime,P1,100.0,99.9,>,%
55008,E2E Full Test Corporation 1769028736 - Research Center,2024-01-01,P1-KPI2,Mean Time to Resolution,P1,4.7,2.0,<,hours
55008,E2E Full Test Corporation 1769028736 - Research Center,2024-01-31,P1-KPI2,Mean Time to Resolution,P1,4.91,2.0,<,hours
55008,E2E Full Test Corporation 1769028736 - Research Center,2024-03-01,P1-KPI2,Mean Time to Resolution,P1,4.6,2.0,<,hours
55008,E2E Full Test Corporation 1769028736 - Research Center,2024-03-31,P1-KPI2,Mean Time to Resolution,P1,4.83,2.0,<,hours
55008,E2E Full Test Corporation 1769028736 - Research Center,2024-04-30,P1-KPI2,Mean Time to Resolution,P1,4.74,2.0,<,hours
55008,E2E Full Test Corporation 1769028736 - Research Center,2024-05-30,P1-KPI2,Mean Time to Resolution,P1,4.55,2.0,<,hours
55008,E2E Full Test Corporation 1769028736 - Research Center,2024-06-29,P1-KPI2,Mean Time to Resolution,P1,3.9,2.0,<,hours
55008,E2E Full Test Corporation 1769028736 - Research Center,2024-07-29,P1-KPI2,Mean Time to Resolution,P1,3.78,2.0,<,hours
55008,E2E Full Test Corporation 1769028736 - Research Center,2024-08-28,P1-KPI2,Mean Time to Resolution,P1,3.75,2.0,<,hours
55008,E2E Full Test Corporation 1769028736 - Research Center,2024-09-27,P1-KPI2,Mean Time to Resolution,P1,3.82,2.0,<,hours
55008,E2E Full Test Corporation 1769028736 - Research Center,2024-10-27,P1-KPI2,Mean Time to Resolution,P1,3.69,2.0,<,hours
55008,E2E Full Test Corporation 1769028736 - Research Center,2024-11-26,P1-KPI2,Mean Time to Resolution,P1,3.96,2.0,<,hours
55008,E2E Full Test Corporation 1769028736 - Research Center,2024-01-01,P1-KPI3,GPU Utilization,P1,74.46,85.0,>,%
55008,E2E Full Test Corporation 1769028736 - Research Center,2024-01-31,P1-KPI3,GPU Utilization,P1,73.45,85.0,>,%
55008,E2E Full Test Corporation 1769028736 - Research Center,2024-03-01,P1-KPI3,GPU Utilization,P1,71.72,85.0,>,%
55008,E2E Full Test Corporation 1769028736 - Research Center,2024-03-31,P1-KPI3,GPU Utilization,P1,74.4,85.0,>,%
55008,E2E Full Test Corporation 1769028736 - Research Center,2024-04-30,P1-KPI3,GPU Utilization,P1,70.98,85.0,>,%
55008,E2E Full Test Corporation 1769028736 - Research Center,2024-05-30,P1-KPI3,GPU Utilization,P1,70.27,85.0,>,%
55008,E2E Full Test Corporation 1769028736 - Research Center,2024-06-29,P1-KPI3,GPU Utilization,P1,75.76,85.0,>,%
55008,E2E Full Test Corporation 1769028736 - Research Center,2024-07-29,P1-KPI3,GPU Utilization,P1,74.89,85.0,>,%
55008,E2E Full Test Corporation 1769028736 - Research Center,2024-08-28,P1-KPI3,GPU Utilization,P1,80.66,85.0,>,%
55008,E2E Full Test Corporation 1769028736 - Research Center,2024-09-27,P1-KPI3,GPU Utilization,P1,81.28,85.0,>,%
55008,E2E Full Test Corporation 1769028736 - Research Center,2024-10-27,P1-KPI3,GPU Utilization,P1,76.3,85.0,>,%
55008,E2E Full Test Corporation 1769028736 - Research Center,2024-11-26,P1-KPI3,GPU Utilization,P1,75.54,85.0,>,%
55008,E2E Full Test Corporation 1769028736 - Research Center,2024-01-01,P1-KPI4,Network Latency,P1,29.28,10.0,<,ms
55008,E2E Full Test Corporation 1769028736 - Research Center,2024-01-31,P1-KPI4,Network Latency,P1,26.76,10.0,<,ms
55008,E2E Full Test Corporation 1769028736 - Research Center,2024-03-01,P1-KPI4,Network Latency,P1,27.52,10.0,<,ms
55008,E2E Full Test Corporation 1769028736 - Research Center,2024-03-31,P1-KPI4,Network Latency,P1,28.74,10.0,<,ms
55008,E2E Full Test Corporation 1769028736 - Research Center,2024-04-30,P1-KPI4,Network Latency,P1,27.88,10.0,<,ms
55008,E2E Full Test Corporation 1769028736 - Research Center,2024-05-30,P1-KPI4,Network Latency,P1,27.04,10.0,<,ms
55008,E2E Full Test Corporation 1769028736 - Research Center,2024-06-29,P1-KPI4,Network Latency,P1,21.93,10.0,<,ms
55008,E2E Full Test Corporation 1769028736 - Research Center,2024-07-29,P1-KPI4,Network Latency,P1,21.75,10.0,<,ms
55008,E2E Full Test Corporation 1769028736 - Research Center,2024-08-28,P1-KPI4,Network Latency,P1,21.29,10.0,<,ms
55008,E2E Full Test Corporation 1769028736 - Research Center,2024-09-27,P1-KPI4,Network Latency,P1,23.04,10.0,<,ms
55008,E2E Full Test Corporation 1769028736 - Research Center,2024-10-27,P1-KPI4,Network Latency,P1,22.2,10.0,<,ms
55008,E2E Full Test Corporation 1769028736 - Research Center,2024-11-26,P1-KPI4,Network Latency,P1,21.23,10.0,<,ms
55008,E2E Full Test Corporation 1769028736 - Research Center,2024-01-01,P1-KPI5,Storage Performance,P1,79016.08,100000.0,>,IOPS
55008,E2E Full Test Corporation 1769028736 - Research Center,2024-01-31,P1-KPI5,Storage Performance,P1,78989.63,100000.0,>,IOPS
55008,E2E Full Test Corporation 1769028736 - Research Center,2024-03-01,P1-KPI5,Storage Performance,P1,78838.06,100000.0,>,IOPS
55008,E2E Full Test Corporation 1769028736 - Research Center,2024-03-31,P1-KPI5,Storage Performance,P1,77971.82,100000.0,>,IOPS
55008,E2E Full Test Corporation 1769028736 - Research Center,2024-04-30,P1-KPI5,Storage Performance,P1,78548.99,100000.0,>,IOPS
55008,E2E Full Test Corporation 1769028736 - Research Center,2024-05-30,P1-KPI5,Storage Performance,P1,78185.29,100000.0,>,IOPS
55008,E2E Full Test Corporation 1769028736 - Research Center,2024-06-29,P1-KPI5,Storage Performance,P1,89053.78,100000.0,>,IOPS
55008,E2E Full Test Corporation 1769028736 - Research Center,2024-07-29,P1-KPI5,Storage Performance,P1,87190.32,100000.0,>,IOPS
55008,E2E Full Test Corporation 1769028736 - Research Center,2024-08-28,P1-KPI5,Storage Performance,P1,86504.34,100000.0,>,IOPS
55008,E2E Full Test Corporation 1769028736 - Research Center,2024-09-27,P1-KPI5,Storage Performance,P1,85448.77,100000.0,>,IOPS
55008,E2E Full Test Corporation 1769028736 - Research Center,2024-10-27,P1-KPI5,Storage Performance,P1,89099.99,100000.0,>,IOPS
55008,E2E Full Test Corporation 1769028736 - Research Center,2024-11-26,P1-KPI5,Storage Performance,P1,81125.33,100000.0,>,IOPS
55008,E2E Full Test Corporation 1769028736 - Research Center,2024-01-01,P1-KPI6,Cooling Efficiency,P1,1.49,1.3,<,PUE
55008,E2E Full Test Corporation 1769028736 - Research Center,2024-01-31,P1-KPI6,Cooling Efficiency,P1,1.55,1.3,<,PUE
55008,E2E Full Test Corporation 1769028736 - Research Center,2024-03-01,P1-KPI6,Cooling Efficiency,P1,1.53,1.3,<,PUE
55008,E2E Full Test Corporation 1769028736 - Research Center,2024-03-31,P1-KPI6,Cooling Efficiency,P1,1.51,1.3,<,PUE
55008,E2E Full Test Corporation 1769028736 - Research Center,2024-04-30,P1-KPI6,Cooling Efficiency,P1,1.58,1.3,<,PUE
55008,E2E Full Test Corporation 1769028736 - Research Center,2024-05-30,P1-KPI6,Cooling Efficiency,P1,1.53,1.3,<,PUE
55008,E2E Full Test Corporation 1769028736 - Research Center,2024-06-29,P1-KPI6,Cooling Efficiency,P1,1.48,1.3,<,PUE
55008,E2E Full Test Corporation 1769028736 - Research Center,2024-07-29,P1-KPI6,Cooling Efficiency,P1,1.51,1.3,<,PUE
55008,E2E Full Test Corporation 1769028736 - Research Center,2024-08-28,P1-KPI6,Cooling Efficiency,P1,1.43,1.3,<,PUE
55008,E2E Full Test Corporation 1769028736 - Research Center,2024-09-27,P1-KPI6,Cooling Efficiency,P1,1.43,1.3,<,PUE
55008,E2E Full Test Corporation 1769028736 - Research Center,2024-10-27,P1-KPI6,Cooling Efficiency,P1,1.48,1.3,<,PUE
55008,E2E Full Test Corporation 1769028736 - Research Center,2024-11-26,P1-KPI6,Cooling Efficiency,P1,1.43,1.3,<,PUE
55008,E2E Full Test Corporation 1769028736 - Research Center,2024-01-01,P1-KPI7,Power Usage,P1,623.51,500.0,<,kW
55008,E2E Full Test Corporation 1769028736 - Research Center,2024-01-31,P1-KPI7,Power Usage,P1,653.45,500.0,<,kW
55008,E2E Full Test Corporation 1769028736 - Research Center,2024-03-01,P1-KPI7,Power Usage,P1,615.9,500.0,<,kW
55008,E2E Full Test Corporation 1769028736 - Research Center,2024-03-31,P1-KPI7,Power Usage,P1,664.93,500.0,<,kW
55008,E2E Full Test Corporation 1769028736 - Research Center,2024-04-30,P1-KPI7,Power Usage,P1,624.97,500.0,<,kW
55008,E2E Full Test Corporation 1769028736 - Research Center,2024-05-30,P1-KPI7,Power Usage,P1,624.02,500.0,<,kW
55008,E2E Full Test Corporation 1769028736 - Research Center,2024-06-29,P1-KPI7,Power Usage,P1,611.22,500.0,<,kW
55008,E2E Full Test Corporation 1769028736 - Research Center,2024-07-29,P1-KPI7,Power Usage,P1,596.14,500.0,<,kW
55008,E2E Full Test Corporation 1769028736 - Research Center,2024-08-28,P1-KPI7,Power Usage,P1,562.92,500.0,<,kW
55008,E2E Full Test Corporation 1769028736 - Research Center,2024-09-27,P1-KPI7,Power Usage,P1,614.35,500.0,<,kW
55008,E2E Full Test Corporation 1769028736 - Research Center,2024-10-27,P1-KPI7,Power Usage,P1,613.02,500.0,<,kW
55008,E2E Full Test Corporation 1769028736 - Research Center,2024-11-26,P1-KPI7,Power Usage,P1,586.06,500.0,<,kW
55008,E2E Full Test Corporation 1769028736 - Research Center,2024-01-01,P1-KPI8,Thermal Management,P1,28.19,25.0,<,°C
55008,E2E Full Test Corporation 1769028736 - Research Center,2024-01-31,P1-KPI8,Thermal Management,P1,29.65,25.0,<,°C
55008,E2E Full Test Corporation 1769028736 - Research Center,2024-03-01,P1-KPI8,Thermal Management,P1,30.31,25.0,<,°C
55008,E2E Full Test Corporation 1769028736 - Research Center,2024-03-31,P1-KPI8,Thermal Management,P1,30.54,25.0,<,°C
55008,E2E Full Test Corporation 1769028736 - Research Center,2024-04-30,P1-KPI8,Thermal Management,P1,28.58,25.0,<,°C
55008,E2E Full Test Corporation 1769028736 - Research Center,2024-05-30,P1-KPI8,Thermal Management,P1,29.71,25.0,<,°C
55008,E2E Full Test Corporation 1769028736 - Research Center,2024-06-29,P1-KPI8,Thermal Management,P1,29.3,25.0,<,°C
55008,E2E Full Test Corporation 1769028736 - Research Center,2024-07-29,P1-KPI8,Thermal Management,P1,28.8,25.0,<,°C
55008,E2E Full Test Corporation 1769028736 - Research Center,2024-08-28,P1-KPI8,Thermal Management,P1,28.21,25.0,<,°C
55008,E2E Full Test Corporation 1769028736 - Research Center,2024-09-27,P1-KPI8,Thermal Management,P1,28.55,25.0,<,°C
55008,E2E Full Test Corporation 1769028736 - Research Center,2024-10-27,P1-KPI8,Thermal Management,P1,27.17,25.0,<,°C
55008,E2E Full Test Corporation 1769028736 - Research Center,2024-11-26,P1-KPI8,Thermal Management,P1,28.23,25.0,<,°C
55008,E2E Full Test Corporation 1769028736 - Research Center,2024-01-01,P2-KPI1,SLA Compliance,P2,98.44,99.0,>,%
55008,E2E Full Test Corporation 1769028736 - Research Center,2024-01-31,P2-KPI1,SLA Compliance,P2,97.05,99.0,>,%
55008,E2E Full Test Corporation 1769028736 - Research Center,2024-03-01,P2-KPI1,SLA Compliance,P2,100.0,99.0,>,%
55008,E2E Full Test Corporation 1769028736 - Research Center,2024-03-31,P2-KPI1,SLA Compliance,P2,100.0,99.0,>,%
55008,E2E Full Test Corporation 1769028736 - Research Center,2024-04-30,P2-KPI1,SLA Compliance,P2,95.0,99.0,>,%
55008,E2E Full Test Corporation 1769028736 - Research Center,2024-05-30,P2-KPI1,SLA Compliance,P2,95.0,99.0,>,%
55008,E2E Full Test Corporation 1769028736 - Research Center,2024-06-29,P2-KPI1,SLA Compliance,P2,98.58,99.0,>,%
55008,E2E Full Test Corporation 1769028736 - Research Center,2024-07-29,P2-KPI1,SLA Compliance,P2,100.0,99.0,>,%
55008,E2E Full Test Corporation 1769028736 - Research Center,2024-08-28,P2-KPI1,SLA Compliance,P2,100.0,99.0,>,%
55008,E2E Full Test Corporation 1769028736 - Research Center,2024-09-27,P2-KPI1,SLA Compliance,P2,95.0,99.0,>,%
55008,E2E Full Test Corporation 1769028736 - Research Center,2024-10-27,P2-KPI1,SLA Compliance,P2,99.98,99.0,>,%
55008,E2E Full Test Corporation 1769028736 - Research Center,2024-11-26,P2-KPI1,SLA Compliance,P2,100.0,99.0,>,%
55008,E2E Full Test Corporation 1769028736 - Research Center,2024-01-01,P2-KPI2,Incident Response Time,P2,36.05,15.0,<,minutes
55008,E2E Full Test Corporation 1769028736 - Research Center,2024-01-31,P2-KPI2,Incident Response Time,P2,34.33,15.0,<,minutes
55008,E2E Full Test Corporation 1769028736 - Research Center,2024-03-01,P2-KPI2,Incident Response Time,P2,36.0,15.0,<,minutes
55008,E2E Full Test Corporation 1769028736 - Research Center,2024-03-31,P2-KPI2,Incident Response Time,P2,36.64,15.0,<,minutes
55008,E2E Full Test Corporation 1769028736 - Research Center,2024-04-30,P2-KPI2,Incident Response Time,P2,33.93,15.0,<,minutes
55008,E2E Full Test Corporation 1769028736 - Research Center,2024-05-30,P2-KPI2,Incident Response Time,P2,34.95,15.0,<,minutes
55008,E2E Full Test Corporation 1769028736 - Research Center,2024-06-29,P2-KPI2,Incident Response Time,P2,29.9,15.0,<,minutes
55008,E2E Full Test Corporation 1769028736 - Research Center,2024-07-29,P2-KPI2,Incident Response Time,P2,29.85,15.0,<,minutes
55008,E2E Full Test Corporation 1769028736 - Research Center,2024-08-28,P2-KPI2,Incident Response Time,P2,27.88,15.0,<,minutes
55008,E2E Full Test Corporation 1769028736 - Research Center,2024-09-27,P2-KPI2,Incident Response Time,P2,29.6,15.0,<,minutes
55008,E2E Full Test Corporation 1769028736 - Research Center,2024-10-27,P2-KPI2,Incident Response Time,P2,28.81,15.0,<,minutes
55008,E2E Full Test Corporation 1769028736 - Research Center,2024-11-26,P2-KPI2,Incident Response Time,P2,27.45,15.0,<,minutes
55008,E2E Full Test Corporation 1769028736 - Research Center,2024-01-01,P2-KPI3,Change Success Rate,P2,98.2,98.0,>,%
55008,E2E Full Test Corporation 1769028736 - Research Center,2024-01-31,P2-KPI3,Change Success Rate,P2,90.44,98.0,>,%
55008,E2E Full Test Corporation 1769028736 - Research Center,2024-03-01,P2-KPI3,Change Success Rate,P2,91.71,98.0,>,%
55008,E2E Full Test Corporation 1769028736 - Research Center,2024-03-31,P2-KPI3,Change Success Rate,P2,96.99,98.0,>,%
55008,E2E Full Test Corporation 1769028736 - Research Center,2024-04-30,P2-KPI3,Change Success Rate,P2,94.96,98.0,>,%
55008,E2E Full Test Corporation 1769028736 - Research Center,2024-05-30,P2-KPI3,Change Success Rate,P2,95.38,98.0,>,%
55008,E2E Full Test Corporation 1769028736 - Research Center,2024-06-29,P2-KPI3,Change Success Rate,P2,92.89,98.0,>,%
55008,E2E Full Test Corporation 1769028736 - Research Center,2024-07-29,P2-KPI3,Change Success Rate,P2,97.12,98.0,>,%
55008,E2E Full Test Corporation 1769028736 - Research Center,2024-08-28,P2-KPI3,Change Success Rate,P2,97.15,98.0,>,%
55008,E2E Full Test Corporation 1769028736 - Research Center,2024-09-27,P2-KPI3,Change Success Rate,P2,95.82,98.0,>,%
55008,E2E Full Test Corporation 1769028736 - Research Center,2024-10-27,P2-KPI3,Change Success Rate,P2,99.96,98.0,>,%
55008,E2E Full Test Corporation 1769028736 - Research Center,2024-11-26,P2-KPI3,Change Success Rate,P2,93.59,98.0,>,%
55008,E2E Full Test Corporation 1769028736 - Research Center,2024-01-01,P2-KPI4,Backup Success Rate,P2,98.73,100.0,>,%
55008,E2E Full Test Corporation 1769028736 - Research Center,2024-01-31,P2-KPI4,Backup Success Rate,P2,95.98,100.0,>,%
55008,E2E Full Test Corporation 1769028736 - Research Center,2024-03-01,P2-KPI4,Backup Success Rate,P2,96.3,100.0,>,%
55008,E2E Full Test Corporation 1769028736 - Research Center,2024-03-31,P2-KPI4,Backup Success Rate,P2,95.36,100.0,>,%
55008,E2E Full Test Corporation 1769028736 - Research Center,2024-04-30,P2-KPI4,Backup Success Rate,P2,95.9,100.0,>,%
55008,E2E Full Test Corporation 1769028736 - Research Center,2024-05-30,P2-KPI4,Backup Success Rate,P2,100.0,100.0,>,%
55008,E2E Full Test Corporation 1769028736 - Research Center,2024-06-29,P2-KPI4,Backup Success Rate,P2,95.0,100.0,>,%
55008,E2E Full Test Corporation 1769028736 - Research Center,2024-07-29,P2-KPI4,Backup Success Rate,P2,97.55,100.0,>,%
55008,E2E Full Test Corporation 1769028736 - Research Center,2024-08-28,P2-KPI4,Backup Success Rate,P2,95.0,100.0,>,%
55008,E2E Full Test Corporation 1769028736 - Research Center,2024-09-27,P2-KPI4,Backup Success Rate,P2,96.75,100.0,>,%
55008,E2E Full Test Corporation 1769028736 - Research Center,2024-10-27,P2-KPI4,Backup Success Rate,P2,98.19,100.0,>,%
55008,E2E Full Test Corporation 1769028736 - Research Center,2024-11-26,P2-KPI4,Backup Success Rate,P2,99.55,100.0,>,%
55008,E2E Full Test Corporation 1769028736 - Research Center,2024-01-01,P2-KPI5,Patch Compliance,P2,91.62,95.0,>,%
55008,E2E Full Test Corporation 1769028736 - Research Center,2024-01-31,P2-KPI5,Patch Compliance,P2,89.42,95.0,>,%
55008,E2E Full Test Corporation 1769028736 - Research Center,2024-03-01,P2-KPI5,Patch Compliance,P2,91.01,95.0,>,%
55008,E2E Full Test Corporation 1769028736 - Research Center,2024-03-31,P2-KPI5,Patch Compliance,P2,87.31,95.0,>,%
55008,E2E Full Test Corporation 1769028736 - Research Center,2024-04-30,P2-KPI5,Patch Compliance,P2,85.01,95.0,>,%
55008,E2E Full Test Corporation 1769028736 - Research Center,2024-05-30,P2-KPI5,Patch Compliance,P2,91.49,95.0,>,%
55008,E2E Full Test Corporation 1769028736 - Research Center,2024-06-29,P2-KPI5,Patch Compliance,P2,87.69,95.0,>,%
55008,E2E Full Test Corporation 1769028736 - Research Center,2024-07-29,P2-KPI5,Patch Compliance,P2,86.19,95.0,>,%
55008,E2E Full Test Corporation 1769028736 - Research Center,2024-08-28,P2-KPI5,Patch Compliance,P2,94.38,95.0,>,%
55008,E2E Full Test Corporation 1769028736 - Research Center,2024-09-27,P2-KPI5,Patch Compliance,P2,89.23,95.0,>,%
55008,E2E Full Test Corporation 1769028736 - Research Center,2024-10-27,P2-KPI5,Patch Compliance,P2,89.57,95.0,>,%
55008,E2E Full Test Corporation 1769028736 - Research Center,2024-11-26,P2-KPI5,Patch Compliance,P2,87.19,95.0,>,%
55008,E2E Full Test Corporation 1769028736 - Research Center,2024-01-01,P2-KPI6,Service Request Fulfillment,P2,5.87,3.0,<,days
55008,E2E Full Test Corporation 1769028736 - Research Center,2024-01-31,P2-KPI6,Service Request Fulfillment,P2,6.45,3.0,<,days
55008,E2E Full Test Corporation 1769028736 - Research Center,2024-03-01,P2-KPI6,Service Request Fulfillment,P2,6.4,3.0,<,days
55008,E2E Full Test Corporation 1769028736 - Research Center,2024-03-31,P2-KPI6,Service Request Fulfillment,P2,5.9,3.0,<,days
55008,E2E Full Test Corporation 1769028736 - Research Center,2024-04-30,P2-KPI6,Service Request Fulfillment,P2,6.3,3.0,<,days
55008,E2E Full Test Corporation 1769028736 - Research Center,2024-05-30,P2-KPI6,Service Request Fulfillment,P2,6.14,3.0,<,days
55008,E2E Full Test Corporation 1769028736 - Research Center,2024-06-29,P2-KPI6,Service Request Fulfillment,P2,4.95,3.0,<,days
55008,E2E Full Test Corporation 1769028736 - Research Center,2024-07-29,P2-KPI6,Service Request Fulfillment,P2,4.92,3.0,<,days
55008,E2E Full Test Corporation 1769028736 - Research Center,2024-08-28,P2-KPI6,Service Request Fulfillment,P2,5.15,3.0,<,days
55008,E2E Full Test Corporation 1769028736 - Research Center,2024-09-27,P2-KPI6,Service Request Fulfillment,P2,5.12,3.0,<,days
55008,E2E Full Test Corporation 1769028736 - Research Center,2024-10-27,P2-KPI6,Service Request Fulfillment,P2,5.01,3.0,<,days
55008,E2E Full Test Corporation 1769028736 - Research Center,2024-11-26,P2-KPI6,Service Request Fulfillment,P2,4.93,3.0,<,days
55008,E2E Full Test Corporation 1769028736 - Research Center,2024-01-01,P2-KPI7,Capacity Planning Accuracy,P2,77.8,90.0,>,%
55008,E2E Full Test Corporation 1769028736 - Research Center,2024-01-31,P2-KPI7,Capacity Planning Accuracy,P2,82.93,90.0,>,%
55008,E2E Full Test Corporation 1769028736 - Research Center,2024-03-01,P2-KPI7,Capacity Planning Accuracy,P2,77.0,90.0,>,%
55008,E2E Full Test Corporation 1769028736 - Research Center,2024-03-31,P2-KPI7,Capacity Planning Accuracy,P2,85.03,90.0,>,%
55008,E2E Full Test Corporation 1769028736 - Research Center,2024-04-30,P2-KPI7,Capacity Planning Accuracy,P2,77.15,90.0,>,%
55008,E2E Full Test Corporation 1769028736 - Research Center,2024-05-30,P2-KPI7,Capacity Planning Accuracy,P2,82.0,90.0,>,%
55008,E2E Full Test Corporation 1769028736 - Research Center,2024-06-29,P2-KPI7,Capacity Planning Accuracy,P2,81.55,90.0,>,%
55008,E2E Full Test Corporation 1769028736 - Research Center,2024-07-29,P2-KPI7,Capacity Planning Accuracy,P2,84.67,90.0,>,%
55008,E2E Full Test Corporation 1769028736 - Research Center,2024-08-28,P2-KPI7,Capacity Planning Accuracy,P2,80.31,90.0,>,%
55008,E2E Full Test Corporation 1769028736 - Research Center,2024-09-27,P2-KPI7,Capacity Planning Accuracy,P2,84.65,90.0,>,%
55008,E2E Full Test Corporation 1769028736 - Research Center,2024-10-27,P2-KPI7,Capacity Planning Accuracy,P2,82.97,90.0,>,%
55008,E2E Full Test Corporation 1769028736 - Research Center,2024-11-26,P2-KPI7,Capacity Planning Accuracy,P2,83.26,90.0,>,%
55008,E2E Full Test Corporation 1769028736 - Research Center,2024-01-01,P2-KPI8,Documentation Quality,P2,71.73,85.0,>,score
55008,E2E Full Test Corporation 1769028736 - Research Center,2024-01-31,P2-KPI8,Documentation Quality,P2,73.02,85.0,>,score
55008,E2E Full Test Corporation 1769028736 - Research Center,2024-03-01,P2-KPI8,Documentation Quality,P2,74.47,85.0,>,score
55008,E2E Full Test Corporation 1769028736 - Research Center,2024-03-31,P2-KPI8,Documentation Quality,P2,73.59,85.0,>,score
55008,E2E Full Test Corporation 1769028736 - Research Center,2024-04-30,P2-KPI8,Documentation Quality,P2,71.66,85.0,>,score
55008,E2E Full Test Corporation 1769028736 - Research Center,2024-05-30,P2-KPI8,Documentation Quality,P2,76.94,85.0,>,score
55008,E2E Full Test Corporation 1769028736 - Research Center,2024-06-29,P2-KPI8,Documentation Quality,P2,76.61,85.0,>,score
55008,E2E Full Test Corporation 1769028736 - Research Center,2024-07-29,P2-KPI8,Documentation Quality,P2,81.05,85.0,>,score
55008,E2E Full Test Corporation 1769028736 - Research Center,2024-08-28,P2-KPI8,Documentation Quality,P2,77.15,85.0,>,score
55008,E2E Full Test Corporation 1769028736 - Research Center,2024-09-27,P2-KPI8,Documentation Quality,P2,74.59,85.0,>,score
55008,E2E Full Test Corporation 1769028736 - Research Center,2024-10-27,P2-KPI8,Documentation Quality,P2,78.56,85.0,>,score
55008,E2E Full Test Corporation 1769028736 - Research Center,2024-11-26,P2-KPI8,Documentation Quality,P2,74.87,85.0,>,score
55008,E2E Full Test Corporation 1769028736 - Research Center,2024-01-01,P3-KPI1,CSAT Score,P3,3.82,4.5,>,score
55008,E2E Full Test Corporation 1769028736 - Research Center,2024-01-31,P3-KPI1,CSAT Score,P3,3.96,4.5,>,score
55008,E2E Full Test Corporation 1769028736 - Research Center,2024-03-01,P3-KPI1,CSAT Score,P3,3.73,4.5,>,score
55008,E2E Full Test Corporation 1769028736 - Research Center,2024-03-31,P3-KPI1,CSAT Score,P3,3.95,4.5,>,score
55008,E2E Full Test Corporation 1769028736 - Research Center,2024-04-30,P3-KPI1,CSAT Score,P3,3.8,4.5,>,score
55008,E2E Full Test Corporation 1769028736 - Research Center,2024-05-30,P3-KPI1,CSAT Score,P3,3.76,4.5,>,score
55008,E2E Full Test Corporation 1769028736 - Research Center,2024-06-29,P3-KPI1,CSAT Score,P3,4.16,4.5,>,score
55008,E2E Full Test Corporation 1769028736 - Research Center,2024-07-29,P3-KPI1,CSAT Score,P3,4.21,4.5,>,score
55008,E2E Full Test Corporation 1769028736 - Research Center,2024-08-28,P3-KPI1,CSAT Score,P3,4.16,4.5,>,score
55008,E2E Full Test Corporation 1769028736 - Research Center,2024-09-27,P3-KPI1,CSAT Score,P3,3.97,4.5,>,score
55008,E2E Full Test Corporation 1769028736 - Research Center,2024-10-27,P3-KPI1,CSAT Score,P3,3.88,4.5,>,score
55008,E2E Full Test Corporation 1769028736 - Research Center,2024-11-26,P3-KPI1,CSAT Score,P3,4.07,4.5,>,score
55008,E2E Full Test Corporation 1769028736 - Research Center,2024-01-01,P3-KPI2,Support Ticket Volume,P3,54.16,20.0,<,tickets
55008,E2E Full Test Corporation 1769028736 - Research Center,2024-01-31,P3-KPI2,Support Ticket Volume,P3,53.28,20.0,<,tickets
55008,E2E Full Test Corporation 1769028736 - Research Center,2024-03-01,P3-KPI2,Support Ticket Volume,P3,57.48,20.0,<,tickets
55008,E2E Full Test Corporation 1769028736 - Research Center,2024-03-31,P3-KPI2,Support Ticket Volume,P3,53.38,20.0,<,tickets
55008,E2E Full Test Corporation 1769028736 - Research Center,2024-04-30,P3-KPI2,Support Ticket Volume,P3,55.31,20.0,<,tickets
55008,E2E Full Test Corporation 1769028736 - Research Center,2024-05-30,P3-KPI2,Support Ticket Volume,P3,55.36,20.0,<,tickets
55008,E2E Full Test Corporation 1769028736 - Research Center,2024-06-29,P3-KPI2,Support Ticket Volume,P3,43.57,20.0,<,tickets
55008,E2E Full Test Corporation 1769028736 - Research Center,2024-07-29,P3-KPI2,Support Ticket Volume,P3,45.93,20.0,<,tickets
55008,E2E Full Test Corporation 1769028736 - Research Center,2024-08-28,P3-KPI2,Support Ticket Volume,P3,43.29,20.0,<,tickets
55008,E2E Full Test Corporation 1769028736 - Research Center,2024-09-27,P3-KPI2,Support Ticket Volume,P3,45.5,20.0,<,tickets
55008,E2E Full Test Corporation 1769028736 - Research Center,2024-10-27,P3-KPI2,Support Ticket Volume,P3,43.95,20.0,<,tickets
55008,E2E Full Test Corporation 1769028736 - Research Center,2024-11-26,P3-KPI2,Support Ticket Volume,P3,45.39,20.0,<,tickets
55008,E2E Full Test Corporation 1769028736 - Research Center,2024-01-01,P3-KPI3,First Contact Resolution,P3,62.1,75.0,>,%
55008,E2E Full Test Corporation 1769028736 - Research Center,2024-01-31,P3-KPI3,First Contact Resolution,P3,63.33,75.0,>,%
55008,E2E Full Test Corporation 1769028736 - Research Center,2024-03-01,P3-KPI3,First Contact Resolution,P3,61.89,75.0,>,%
55008,E2E Full Test Corporation 1769028736 - Research Center,2024-03-31,P3-KPI3,First Contact Resolution,P3,64.85,75.0,>,%
55008,E2E Full Test Corporation 1769028736 - Research Center,2024-04-30,P3-KPI3,First Contact Resolution,P3,64.24,75.0,>,%
55008,E2E Full Test Corporation 1769028736 - Research Center,2024-05-30,P3-KPI3,First Contact Resolution,P3,63.13,75.0,>,%
55008,E2E Full Test Corporation 1769028736 - Research Center,2024-06-29,P3-KPI3,First Contact Resolution,P3,68.76,75.0,>,%
55008,E2E Full Test Corporation 1769028736 - Research Center,2024-07-29,P3-KPI3,First Contact Resolution,P3,65.08,75.0,>,%
55008,E2E Full Test Corporation 1769028736 - Research Center,2024-08-28,P3-KPI3,First Contact Resolution,P3,65.6,75.0,>,%
55008,E2E Full Test Corporation 1769028736 - Research Center,2024-09-27,P3-KPI3,First Contact Resolution,P3,69.47,75.0,>,%
55008,E2E Full Test Corporation 1769028736 - Research Center,2024-10-27,P3-KPI3,First Contact Resolution,P3,65.98,75.0,>,%
55008,E2E Full Test Corporation 1769028736 - Research Center,2024-11-26,P3-KPI3,First Contact Resolution,P3,67.15,75.0,>,%
55008,E2E Full Test Corporation 1769028736 - Research Center,2024-01-01,P3-KPI4,Training Completion,P3,77.33,90.0,>,%
55008,E2E Full Test Corporation 1769028736 - Research Center,2024-01-31,P3-KPI4,Training Completion,P3,76.93,90.0,>,%
55008,E2E Full Test Corporation 1769028736 - Research Center,2024-03-01,P3-KPI4,Training Completion,P3,78.04,90.0,>,%
55008,E2E Full Test Corporation 1769028736 - Research Center,2024-03-31,P3-KPI4,Training Completion,P3,77.94,90.0,>,%
55008,E2E Full Test Corporation 1769028736 - Research Center,2024-04-30,P3-KPI4,Training Completion,P3,75.26,90.0,>,%
55008,E2E Full Test Corporation 1769028736 - Research Center,2024-05-30,P3-KPI4,Training Completion,P3,75.94,90.0,>,%
55008,E2E Full Test Corporation 1769028736 - Research Center,2024-06-29,P3-KPI4,Training Completion,P3,82.85,90.0,>,%
55008,E2E Full Test Corporation 1769028736 - Research Center,2024-07-29,P3-KPI4,Training Completion,P3,79.3,90.0,>,%
55008,E2E Full Test Corporation 1769028736 - Research Center,2024-08-28,P3-KPI4,Training Completion,P3,80.91,90.0,>,%
55008,E2E Full Test Corporation 1769028736 - Research Center,2024-09-27,P3-KPI4,Training Completion,P3,83.85,90.0,>,%
55008,E2E Full Test Corporation 1769028736 - Research Center,2024-10-27,P3-KPI4,Training Completion,P3,84.07,90.0,>,%
55008,E2E Full Test Corporation 1769028736 - Research Center,2024-11-26,P3-KPI4,Training Completion,P3,77.04,90.0,>,%
55008,E2E Full Test Corporation 1769028736 - Research Center,2024-01-01,P3-KPI5,User Adoption Rate,P3,67.83,80.0,>,%
55008,E2E Full Test Corporation 1769028736 - Research Center,2024-01-31,P3-KPI5,User Adoption Rate,P3,66.87,80.0,>,%
55008,E2E Full Test Corporation 1769028736 - Research Center,2024-03-01,P3-KPI5,User Adoption Rate,P3,66.85,80.0,>,%
55008,E2E Full Test Corporation 1769028736 - Research Center,2024-03-31,P3-KPI5,User Adoption Rate,P3,68.88,80.0,>,%
55008,E2E Full Test Corporation 1769028736 - Research Center,2024-04-30,P3-KPI5,User Adoption Rate,P3,66.18,80.0,>,%
55008,E2E Full Test Corporation 1769028736 - Research Center,2024-05-30,P3-KPI5,User Adoption Rate,P3,67.22,80.0,>,%
55008,E2E Full Test Corporation 1769028736 - Research Center,2024-06-29,P3-KPI5,User Adoption Rate,P3,71.97,80.0,>,%
55008,E2E Full Test Corporation 1769028736 - Research Center,2024-07-29,P3-KPI5,User Adoption Rate,P3,72.26,80.0,>,%
55008,E2E Full Test Corporation 1769028736 - Research Center,2024-08-28,P3-KPI5,User Adoption Rate,P3,69.6,80.0,>,%
55008,E2E Full Test Corporation 1769028736 - Research Center,2024-09-27,P3-KPI5,User Adoption Rate,P3,73.38,80.0,>,%
55008,E2E Full Test Corporation 1769028736 - Research Center,2024-10-27,P3-KPI5,User Adoption Rate,P3,70.43,80.0,>,%
55008,E2E Full Test Corporation 1769028736 - Research Center,2024-11-26,P3-KPI5,User Adoption Rate,P3,72.21,80.0,>,%
55008,E2E Full Test Corporation 1769028736 - Research Center,2024-01-01,P3-KPI6,Executive Engagement,P3,3.23,4.0,>,meetings/quarter
55008,E2E Full Test Corporation 1769028736 - Research Center,2024-01-31,P3-KPI6,Executive Engagement,P3,3.19,4.0,>,meetings/quarter
55008,E2E Full Test Corporation 1769028736 - Research Center,2024-03-01,P3-KPI6,Executive Engagement,P3,3.15,4.0,>,meetings/quarter
55008,E2E Full Test Corporation 1769028736 - Research Center,2024-03-31,P3-KPI6,Executive Engagement,P3,3.23,4.0,>,meetings/quarter
55008,E2E Full Test Corporation 1769028736 - Research Center,2024-04-30,P3-KPI6,Executive Engagement,P3,3.07,4.0,>,meetings/quarter
55008,E2E Full Test Corporation 1769028736 - Research Center,2024-05-30,P3-KPI6,Executive Engagement,P3,3.09,4.0,>,meetings/quarter
55008,E2E Full Test Corporation 1769028736 - Research Center,2024-06-29,P3-KPI6,Executive Engagement,P3,3.55,4.0,>,meetings/quarter
55008,E2E Full Test Corporation 1769028736 - Research Center,2024-07-29,P3-KPI6,Executive Engagement,P3,3.34,4.0,>,meetings/quarter
55008,E2E Full Test Corporation 1769028736 - Research Center,2024-08-28,P3-KPI6,Executive Engagement,P3,3.49,4.0,>,meetings/quarter
55008,E2E Full Test Corporation 1769028736 - Research Center,2024-09-27,P3-KPI6,Executive Engagement,P3,3.5,4.0,>,meetings/quarter
55008,E2E Full Test Corporation 1769028736 - Research Center,2024-10-27,P3-KPI6,Executive Engagement,P3,3.26,4.0,>,meetings/quarter
55008,E2E Full Test Corporation 1769028736 - Research Center,2024-11-26,P3-KPI6,Executive Engagement,P3,3.38,4.0,>,meetings/quarter
55008,E2E Full Test Corporation 1769028736 - Research Center,2024-01-01,P3-KPI7,Response Time SLA,P3,69.54,30.0,<,minutes
55008,E2E Full Test Corporation 1769028736 - Research Center,2024-01-31,P3-KPI7,Response Time SLA,P3,71.47,30.0,<,minutes
55008,E2E Full Test Corporation 1769028736 - Research Center,2024-03-01,P3-KPI7,Response Time SLA,P3,71.68,30.0,<,minutes
55008,E2E Full Test Corporation 1769028736 - Research Center,2024-03-31,P3-KPI7,Response Time SLA,P3,70.14,30.0,<,minutes
55008,E2E Full Test Corporation 1769028736 - Research Center,2024-04-30,P3-KPI7,Response Time SLA,P3,73.65,30.0,<,minutes
55008,E2E Full Test Corporation 1769028736 - Research Center,2024-05-30,P3-KPI7,Response Time SLA,P3,70.64,30.0,<,minutes
55008,E2E Full Test Corporation 1769028736 - Research Center,2024-06-29,P3-KPI7,Response Time SLA,P3,58.22,30.0,<,minutes
55008,E2E Full Test Corporation 1769028736 - Research Center,2024-07-29,P3-KPI7,Response Time SLA,P3,58.49,30.0,<,minutes
55008,E2E Full Test Corporation 1769028736 - Research Center,2024-08-28,P3-KPI7,Response Time SLA,P3,57.6,30.0,<,minutes
55008,E2E Full Test Corporation 1769028736 - Research Center,2024-09-27,P3-KPI7,Response Time SLA,P3,56.79,30.0,<,minutes
55008,E2E Full Test Corporation 1769028736 - Research Center,2024-10-27,P3-KPI7,Response Time SLA,P3,56.47,30.0,<,minutes
55008,E2E Full Test Corporation 1769028736 - Research Center,2024-11-26,P3-KPI7,Response Time SLA,P3,58.5,30.0,<,minutes
55008,E2E Full Test Corporation 1769028736 - Research Center,2024-01-01,P4-KPI1,ROI Achievement,P4,125.44,150.0,>,%
55008,E2E Full Test Corporation 1769028736 - Research Center,2024-01-31,P4-KPI1,ROI Achievement,P4,128.91,150.0,>,%
55008,E2E Full Test Corporation 1769028736 - Research Center,2024-03-01,P4-KPI1,ROI Achievement,P4,123.14,150.0,>,%
55008,E2E Full Test Corporation 1769028736 - Research Center,2024-03-31,P4-KPI1,ROI Achievement,P4,124.18,150.0,>,%
55008,E2E Full Test Corporation 1769028736 - Research Center,2024-04-30,P4-KPI1,ROI Achievement,P4,124.19,150.0,>,%
55008,E2E Full Test Corporation 1769028736 - Research Center,2024-05-30,P4-KPI1,ROI Achievement,P4,127.71,150.0,>,%
55008,E2E Full Test Corporation 1769028736 - Research Center,2024-06-29,P4-KPI1,ROI Achievement,P4,135.03,150.0,>,%
55008,E2E Full Test Corporation 1769028736 - Research Center,2024-07-29,P4-KPI1,ROI Achievement,P4,139.25,150.0,>,%
55008,E2E Full Test Corporation 1769028736 - Research Center,2024-08-28,P4-KPI1,ROI Achievement,P4,137.23,150.0,>,%
55008,E2E Full Test Corporation 1769028736 - Research Center,2024-09-27,P4-KPI1,ROI Achievement,P4,136.48,150.0,>,%
55008,E2E Full Test Corporation 1769028736 - Research Center,2024-10-27,P4-KPI1,ROI Achievement,P4,128.86,150.0,>,%
55008,E2E Full Test Corporation 1769028736 - Research Center,2024-11-26,P4-KPI1,ROI Achievement,P4,133.6,150.0,>,%
55008,E2E Full Test Corporation 1769028736 - Research Center,2024-01-01,P4-KPI2,Cost Reduction,P4,11.21,20.0,>,%
55008,E2E Full Test Corporation 1769028736 - Research Center,2024-01-31,P4-KPI2,Cost Reduction,P4,10.82,20.0,>,%
55008,E2E Full Test Corporation 1769028736 - Research Center,2024-03-01,P4-KPI2,Cost Reduction,P4,11.45,20.0,>,%
55008,E2E Full Test Corporation 1769028736 - Research Center,2024-03-31,P4-KPI2,Cost Reduction,P4,11.11,20.0,>,%
55008,E2E Full Test Corporation 1769028736 - Research Center,2024-04-30,P4-KPI2,Cost Reduction,P4,11.42,20.0,>,%
55008,E2E Full Test Corporation 1769028736 - Research Center,2024-05-30,P4-KPI2,Cost Reduction,P4,10.9,20.0,>,%
55008,E2E Full Test Corporation 1769028736 - Research Center,2024-06-29,P4-KPI2,Cost Reduction,P4,13.63,20.0,>,%
55008,E2E Full Test Corporation 1769028736 - Research Center,2024-07-29,P4-KPI2,Cost Reduction,P4,13.96,20.0,>,%
55008,E2E Full Test Corporation 1769028736 - Research Center,2024-08-28,P4-KPI2,Cost Reduction,P4,14.24,20.0,>,%
55008,E2E Full Test Corporation 1769028736 - Research Center,2024-09-27,P4-KPI2,Cost Reduction,P4,13.75,20.0,>,%
55008,E2E Full Test Corporation 1769028736 - Research Center,2024-10-27,P4-KPI2,Cost Reduction,P4,13.57,20.0,>,%
55008,E2E Full Test Corporation 1769028736 - Research Center,2024-11-26,P4-KPI2,Cost Reduction,P4,14.09,20.0,>,%
55008,E2E Full Test Corporation 1769028736 - Research Center,2024-01-01,P4-KPI3,Time to Value,P4,126.19,90.0,<,days
55008,E2E Full Test Corporation 1769028736 - Research Center,2024-01-31,P4-KPI3,Time to Value,P4,130.63,90.0,<,days
55008,E2E Full Test Corporation 1769028736 - Research Center,2024-03-01,P4-KPI3,Time to Value,P4,128.84,90.0,<,days
55008,E2E Full Test Corporation 1769028736 - Research Center,2024-03-31,P4-KPI3,Time to Value,P4,125.51,90.0,<,days
55008,E2E Full Test Corporation 1769028736 - Research Center,2024-04-30,P4-KPI3,Time to Value,P4,135.51,90.0,<,days
55008,E2E Full Test Corporation 1769028736 - Research Center,2024-05-30,P4-KPI3,Time to Value,P4,125.49,90.0,<,days
55008,E2E Full Test Corporation 1769028736 - Research Center,2024-06-29,P4-KPI3,Time to Value,P4,113.1,90.0,<,days
55008,E2E Full Test Corporation 1769028736 - Research Center,2024-07-29,P4-KPI3,Time to Value,P4,117.29,90.0,<,days
55008,E2E Full Test Corporation 1769028736 - Research Center,2024-08-28,P4-KPI3,Time to Value,P4,115.4,90.0,<,days
55008,E2E Full Test Corporation 1769028736 - Research Center,2024-09-27,P4-KPI3,Time to Value,P4,122.37,90.0,<,days
55008,E2E Full Test Corporation 1769028736 - Research Center,2024-10-27,P4-KPI3,Time to Value,P4,116.58,90.0,<,days
55008,E2E Full Test Corporation 1769028736 - Research Center,2024-11-26,P4-KPI3,Time to Value,P4,115.52,90.0,<,days
55008,E2E Full Test Corporation 1769028736 - Research Center,2024-01-01,P4-KPI4,Revenue Enablement,P4,3.19,5.0,>,$M
55008,E2E Full Test Corporation 1769028736 - Research Center,2024-01-31,P4-KPI4,Revenue Enablement,P4,3.34,5.0,>,$M
55008,E2E Full Test Corporation 1769028736 - Research Center,2024-03-01,P4-KPI4,Revenue Enablement,P4,3.16,5.0,>,$M
55008,E2E Full Test Corporation 1769028736 - Research Center,2024-03-31,P4-KPI4,Revenue Enablement,P4,3.06,5.0,>,$M
55008,E2E Full Test Corporation 1769028736 - Research Center,2024-04-30,P4-KPI4,Revenue Enablement,P4,3.17,5.0,>,$M
55008,E2E Full Test Corporation 1769028736 - Research Center,2024-05-30,P4-KPI4,Revenue Enablement,P4,3.26,5.0,>,$M
55008,E2E Full Test Corporation 1769028736 - Research Center,2024-06-29,P4-KPI4,Revenue Enablement,P4,3.92,5.0,>,$M
55008,E2E Full Test Corporation 1769028736 - Research Center,2024-07-29,P4-KPI4,Revenue Enablement,P4,3.98,5.0,>,$M
55008,E2E Full Test Corporation 1769028736 - Research Center,2024-08-28,P4-KPI4,Revenue Enablement,P4,3.88,5.0,>,$M
55008,E2E Full Test Corporation 1769028736 - Research Center,2024-09-27,P4-KPI4,Revenue Enablement,P4,3.86,5.0,>,$M
55008,E2E Full Test Corporation 1769028736 - Research Center,2024-10-27,P4-KPI4,Revenue Enablement,P4,3.66,5.0,>,$M
55008,E2E Full Test Corporation 1769028736 - Research Center,2024-11-26,P4-KPI4,Revenue Enablement,P4,3.61,5.0,>,$M
55008,E2E Full Test Corporation 1769028736 - Research Center,2024-01-01,P4-KPI5,Operational Efficiency,P4,75.83,85.0,>,%
55008,E2E Full Test Corporation 1769028736 - Research Center,2024-01-31,P4-KPI5,Operational Efficiency,P4,76.02,85.0,>,%
55008,E2E Full Test Corporation 1769028736 - Research Center,2024-03-01,P4-KPI5,Operational Efficiency,P4,71.79,85.0,>,%
55008,E2E Full Test Corporation 1769028736 - Research Center,2024-03-31,P4-KPI5,Operational Efficiency,P4,75.32,85.0,>,%
55008,E2E Full Test Corporation 1769028736 - Research Center,2024-04-30,P4-KPI5,Operational Efficiency,P4,75.59,85.0,>,%
55008,E2E Full Test Corporation 1769028736 - Research Center,2024-05-30,P4-KPI5,Operational Efficiency,P4,76.8,85.0,>,%
55008,E2E Full Test Corporation 1769028736 - Research Center,2024-06-29,P4-KPI5,Operational Efficiency,P4,74.25,85.0,>,%
55008,E2E Full Test Corporation 1769028736 - Research Center,2024-07-29,P4-KPI5,Operational Efficiency,P4,78.78,85.0,>,%
55008,E2E Full Test Corporation 1769028736 - Research Center,2024-08-28,P4-KPI5,Operational Efficiency,P4,76.64,85.0,>,%
55008,E2E Full Test Corporation 1769028736 - Research Center,2024-09-27,P4-KPI5,Operational Efficiency,P4,77.18,85.0,>,%
55008,E2E Full Test Corporation 1769028736 - Research Center,2024-10-27,P4-KPI5,Operational Efficiency,P4,81.17,85.0,>,%
55008,E2E Full Test Corporation 1769028736 - Research Center,2024-11-26,P4-KPI5,Operational Efficiency,P4,74.33,85.0,>,%
55008,E2E Full Test Corporation 1769028736 - Research Center,2024-01-01,P4-KPI6,Innovation Projects,P4,2.06,3.0,>,count
55008,E2E Full Test Corporation 1769028736 - Research Center,2024-01-31,P4-KPI6,Innovation Projects,P4,2.18,3.0,>,count
55008,E2E Full Test Corporation 1769028736 - Research Center,2024-03-01,P4-KPI6,Innovation Projects,P4,2.2,3.0,>,count
55008,E2E Full Test Corporation 1769028736 - Research Center,2024-03-31,P4-KPI6,Innovation Projects,P4,2.07,3.0,>,count
55008,E2E Full Test Corporation 1769028736 - Research Center,2024-04-30,P4-KPI6,Innovation Projects,P4,2.0,3.0,>,count
55008,E2E Full Test Corporation 1769028736 - Research Center,2024-05-30,P4-KPI6,Innovation Projects,P4,2.14,3.0,>,count
55008,E2E Full Test Corporation 1769028736 - Research Center,2024-06-29,P4-KPI6,Innovation Projects,P4,2.29,3.0,>,count
55008,E2E Full Test Corporation 1769028736 - Research Center,2024-07-29,P4-KPI6,Innovation Projects,P4,2.32,3.0,>,count
55008,E2E Full Test Corporation 1769028736 - Research Center,2024-08-28,P4-KPI6,Innovation Projects,P4,2.39,3.0,>,count
55008,E2E Full Test Corporation 1769028736 - Research Center,2024-09-27,P4-KPI6,Innovation Projects,P4,2.49,3.0,>,count
55008,E2E Full Test Corporation 1769028736 - Research Center,2024-10-27,P4-KPI6,Innovation Projects,P4,2.39,3.0,>,count
55008,E2E Full Test Corporation 1769028736 - Research Center,2024-11-26,P4-KPI6,Innovation Projects,P4,2.47,3.0,>,count
55008,E2E Full Test Corporation 1769028736 - Research Center,2024-01-01,P4-KPI7,Business Case Validation,P4,79.12,90.0,>,%
55008,E2E Full Test Corporation 1769028736 - Research Center,2024-01-31,P4-KPI7,Business Case Validation,P4,78.6,90.0,>,%
55008,E2E Full Test Corporation 1769028736 - Research Center,2024-03-01,P4-KPI7,Business Case Validation,P4,77.65,90.0,>,%
55008,E2E Full Test Corporation 1769028736 - Research Center,2024-03-31,P4-KPI7,Business Case Validation,P4,81.31,90.0,>,%
55008,E2E Full Test Corporation 1769028736 - Research Center,2024-04-30,P4-KPI7,Business Case Validation,P4,84.9,90.0,>,%
55008,E2E Full Test Corporation 1769028736 - Research Center,2024-05-30,P4-KPI7,Business Case Validation,P4,84.47,90.0,>,%
55008,E2E Full Test Corporation 1769028736 - Research Center,2024-06-29,P4-KPI7,Business Case Validation,P4,87.49,90.0,>,%
55008,E2E Full Test Corporation 1769028736 - Research Center,2024-07-29,P4-KPI7,Business Case Validation,P4,81.92,90.0,>,%
55008,E2E Full Test Corporation 1769028736 - Research Center,2024-08-28,P4-KPI7,Business Case Validation,P4,86.78,90.0,>,%
55008,E2E Full Test Corporation 1769028736 - Research Center,2024-09-27,P4-KPI7,Business Case Validation,P4,83.35,90.0,>,%
55008,E2E Full Test Corporation 1769028736 - Research Center,2024-10-27,P4-KPI7,Business Case Validation,P4,82.76,90.0,>,%
55008,E2E Full Test Corporation 1769028736 - Research Center,2024-11-26,P4-KPI7,Business Case Validation,P4,87.76,90.0,>,%
55008,E2E Full Test Corporation 1769028736 - Research Center,2024-01-01,P5-KPI1,Executive Sponsorship,P5,3.99,4.5,>,score
55008,E2E Full Test Corporation 1769028736 - Research Center,2024-01-31,P5-KPI1,Executive Sponsorship,P5,3.95,4.5,>,score
55008,E2E Full Test Corporation 1769028736 - Research Center,2024-03-01,P5-KPI1,Executive Sponsorship,P5,3.73,4.5,>,score
55008,E2E Full Test Corporation 1769028736 - Research Center,2024-03-31,P5-KPI1,Executive Sponsorship,P5,3.75,4.5,>,score
55008,E2E Full Test Corporation 1769028736 - Research Center,2024-04-30,P5-KPI1,Executive Sponsorship,P5,3.76,4.5,>,score
55008,E2E Full Test Corporation 1769028736 - Research Center,2024-05-30,P5-KPI1,Executive Sponsorship,P5,3.89,4.5,>,score
55008,E2E Full Test Corporation 1769028736 - Research Center,2024-06-29,P5-KPI1,Executive Sponsorship,P5,4.12,4.5,>,score
55008,E2E Full Test Corporation 1769028736 - Research Center,2024-07-29,P5-KPI1,Executive Sponsorship,P5,4.16,4.5,>,score
55008,E2E Full Test Corporation 1769028736 - Research Center,2024-08-28,P5-KPI1,Executive Sponsorship,P5,4.0,4.5,>,score
55008,E2E Full Test Corporation 1769028736 - Research Center,2024-09-27,P5-KPI1,Executive Sponsorship,P5,3.86,4.5,>,score
55008,E2E Full Test Corporation 1769028736 - Research Center,2024-10-27,P5-KPI1,Executive Sponsorship,P5,4.11,4.5,>,score
55008,E2E Full Test Corporation 1769028736 - Research Center,2024-11-26,P5-KPI1,Executive Sponsorship,P5,4.0,4.5,>,score
55008,E2E Full Test Corporation 1769028736 - Research Center,2024-01-01,P5-KPI2,Renewal Likelihood,P5,85.59,95.0,>,%
55008,E2E Full Test Corporation 1769028736 - Research Center,2024-01-31,P5-KPI2,Renewal Likelihood,P5,85.25,95.0,>,%
55008,E2E Full Test Corporation 1769028736 - Research Center,2024-03-01,P5-KPI2,Renewal Likelihood,P5,82.09,95.0,>,%
55008,E2E Full Test Corporation 1769028736 - Research Center,2024-03-31,P5-KPI2,Renewal Likelihood,P5,86.7,95.0,>,%
55008,E2E Full Test Corporation 1769028736 - Research Center,2024-04-30,P5-KPI2,Renewal Likelihood,P5,83.13,95.0,>,%
55008,E2E Full Test Corporation 1769028736 - Research Center,2024-05-30,P5-KPI2,Renewal Likelihood,P5,83.72,95.0,>,%
55008,E2E Full Test Corporation 1769028736 - Research Center,2024-06-29,P5-KPI2,Renewal Likelihood,P5,86.71,95.0,>,%
55008,E2E Full Test Corporation 1769028736 - Research Center,2024-07-29,P5-KPI2,Renewal Likelihood,P5,89.67,95.0,>,%
55008,E2E Full Test Corporation 1769028736 - Research Center,2024-08-28,P5-KPI2,Renewal Likelihood,P5,89.83,95.0,>,%
55008,E2E Full Test Corporation 1769028736 - Research Center,2024-09-27,P5-KPI2,Renewal Likelihood,P5,89.83,95.0,>,%
55008,E2E Full Test Corporation 1769028736 - Research Center,2024-10-27,P5-KPI2,Renewal Likelihood,P5,84.38,95.0,>,%
55008,E2E Full Test Corporation 1769028736 - Research Center,2024-11-26,P5-KPI2,Renewal Likelihood,P5,90.96,95.0,>,%
55008,E2E Full Test Corporation 1769028736 - Research Center,2024-01-01,P5-KPI3,Expansion Pipeline,P5,1.27,2.0,>,$M
55008,E2E Full Test Corporation 1769028736 - Research Center,2024-01-31,P5-KPI3,Expansion Pipeline,P5,1.36,2.0,>,$M
55008,E2E Full Test Corporation 1769028736 - Research Center,2024-03-01,P5-KPI3,Expansion Pipeline,P5,1.32,2.0,>,$M
55008,E2E Full Test Corporation 1769028736 - Research Center,2024-03-31,P5-KPI3,Expansion Pipeline,P5,1.26,2.0,>,$M
55008,E2E Full Test Corporation 1769028736 - Research Center,2024-04-30,P5-KPI3,Expansion Pipeline,P5,1.33,2.0,>,$M
55008,E2E Full Test Corporation 1769028736 - Research Center,2024-05-30,P5-KPI3,Expansion Pipeline,P5,1.39,2.0,>,$M
55008,E2E Full Test Corporation 1769028736 - Research Center,2024-06-29,P5-KPI3,Expansion Pipeline,P5,1.57,2.0,>,$M
55008,E2E Full Test Corporation 1769028736 - Research Center,2024-07-29,P5-KPI3,Expansion Pipeline,P5,1.48,2.0,>,$M
55008,E2E Full Test Corporation 1769028736 - Research Center,2024-08-28,P5-KPI3,Expansion Pipeline,P5,1.52,2.0,>,$M
55008,E2E Full Test Corporation 1769028736 - Research Center,2024-09-27,P5-KPI3,Expansion Pipeline,P5,1.56,2.0,>,$M
55008,E2E Full Test Corporation 1769028736 - Research Center,2024-10-27,P5-KPI3,Expansion Pipeline,P5,1.54,2.0,>,$M
55008,E2E Full Test Corporation 1769028736 - Research Center,2024-11-26,P5-KPI3,Expansion Pipeline,P5,1.54,2.0,>,$M
55008,E2E Full Test Corporation 1769028736 - Research Center,2024-01-01,P5-KPI4,Reference Willingness,P5,3.16,4.0,>,score
55008,E2E Full Test Corporation 1769028736 - Research Center,2024-01-31,P5-KPI4,Reference Willingness,P5,3.08,4.0,>,score
55008,E2E Full Test Corporation 1769028736 - Research Center,2024-03-01,P5-KPI4,Reference Willingness,P5,3.08,4.0,>,score
55008,E2E Full Test Corporation 1769028736 - Research Center,2024-03-31,P5-KPI4,Reference Willingness,P5,3.23,4.0,>,score
55008,E2E Full Test Corporation 1769028736 - Research Center,2024-04-30,P5-KPI4,Reference Willingness,P5,3.19,4.0,>,score
55008,E2E Full Test Corporation 1769028736 - Research Center,2024-05-30,P5-KPI4,Reference Willingness,P5,3.05,4.0,>,score
55008,E2E Full Test Corporation 1769028736 - Research Center,2024-06-29,P5-KPI4,Reference Willingness,P5,3.3,4.0,>,score
55008,E2E Full Test Corporation 1769028736 - Research Center,2024-07-29,P5-KPI4,Reference Willingness,P5,3.39,4.0,>,score
55008,E2E Full Test Corporation 1769028736 - Research Center,2024-08-28,P5-KPI4,Reference Willingness,P5,3.42,4.0,>,score
55008,E2E Full Test Corporation 1769028736 - Research Center,2024-09-27,P5-KPI4,Reference Willingness,P5,3.28,4.0,>,score
55008,E2E Full Test Corporation 1769028736 - Research Center,2024-10-27,P5-KPI4,Reference Willingness,P5,3.28,4.0,>,score
55008,E2E Full Test Corporation 1769028736 - Research Center,2024-11-26,P5-KPI4,Reference Willingness,P5,3.46,4.0,>,score
55008,E2E Full Test Corporation 1769028736 - Research Center,2024-01-01,P5-KPI5,Strategic Alignment,P5,75.6,85.0,>,score
55008,E2E Full Test Corporation 1769028736 - Research Center,2024-01-31,P5-KPI5,Strategic Alignment,P5,71.68,85.0,>,score
55008,E2E Full Test Corporation 1769028736 - Research Center,2024-03-01,P5-KPI5,Strategic Alignment,P5,74.16,85.0,>,score
55008,E2E Full Test Corporation 1769028736 - Research Center,2024-03-31,P5-KPI5,Strategic Alignment,P5,74.93,85.0,>,score
55008,E2E Full Test Corporation 1769028736 - Research Center,2024-04-30,P5-KPI5,Strategic Alignment,P5,70.4,85.0,>,score
55008,E2E Full Test Corporation 1769028736 - Research Center,2024-05-30,P5-KPI5,Strategic Alignment,P5,75.37,85.0,>,score
55008,E2E Full Test Corporation 1769028736 - Research Center,2024-06-29,P5-KPI5,Strategic Alignment,P5,77.9,85.0,>,score
55008,E2E Full Test Corporation 1769028736 - Research Center,2024-07-29,P5-KPI5,Strategic Alignment,P5,76.77,85.0,>,score
55008,E2E Full Test Corporation 1769028736 - Research Center,2024-08-28,P5-KPI5,Strategic Alignment,P5,75.93,85.0,>,score
55008,E2E Full Test Corporation 1769028736 - Research Center,2024-09-27,P5-KPI5,Strategic Alignment,P5,80.51,85.0,>,score
55008,E2E Full Test Corporation 1769028736 - Research Center,2024-10-27,P5-KPI5,Strategic Alignment,P5,78.22,85.0,>,score
55008,E2E Full Test Corporation 1769028736 - Research Center,2024-11-26,P5-KPI5,Strategic Alignment,P5,78.8,85.0,>,score
55008,E2E Full Test Corporation 1769028736 - Research Center,2024-01-01,P5-KPI6,Partnership Depth,P5,67.54,80.0,>,score
55008,E2E Full Test Corporation 1769028736 - Research Center,2024-01-31,P5-KPI6,Partnership Depth,P5,67.97,80.0,>,score
55008,E2E Full Test Corporation 1769028736 - Research Center,2024-03-01,P5-KPI6,Partnership Depth,P5,69.77,80.0,>,score
55008,E2E Full Test Corporation 1769028736 - Research Center,2024-03-31,P5-KPI6,Partnership Depth,P5,66.73,80.0,>,score
55008,E2E Full Test Corporation 1769028736 - Research Center,2024-04-30,P5-KPI6,Partnership Depth,P5,67.47,80.0,>,score
55008,E2E Full Test Corporation 1769028736 - Research Center,2024-05-30,P5-KPI6,Partnership Depth,P5,66.02,80.0,>,score
55008,E2E Full Test Corporation 1769028736 - Research Center,2024-06-29,P5-KPI6,Partnership Depth,P5,74.09,80.0,>,score
55008,E2E Full Test Corporation 1769028736 - Research Center,2024-07-29,P5-KPI6,Partnership Depth,P5,69.97,80.0,>,score
55008,E2E Full Test Corporation 1769028736 - Research Center,2024-08-28,P5-KPI6,Partnership Depth,P5,73.09,80.0,>,score
55008,E2E Full Test Corporation 1769028736 - Research Center,2024-09-27,P5-KPI6,Partnership Depth,P5,72.28,80.0,>,score
55008,E2E Full Test Corporation 1769028736 - Research Center,2024-10-27,P5-KPI6,Partnership Depth,P5,68.37,80.0,>,score
55008,E2E Full Test Corporation 1769028736 - Research Center,2024-11-26,P5-KPI6,Partnership Depth,P5,72.45,80.0,>,score
55008,E2E Full Test Corporation 1769028736 - Research Center,2024-01-01,P5-KPI7,NPS Score,P5,53.75,70.0,>,score
55008,E2E Full Test Corporation 1769028736 - Research Center,2024-01-31,P5-KPI7,NPS Score,P5,58.24,70.0,>,score
55008,E2E Full Test Corporation 1769028736 - Research Center,2024-03-01,P5-KPI7,NPS Score,P5,56.44,70.0,>,score
55008,E2E Full Test Corporation 1769028736 - Research Center,2024-03-31,P5-KPI7,NPS Score,P5,54.84,70.0,>,score
55008,E2E Full Test Corporation 1769028736 - Research Center,2024-04-30,P5-KPI7,NPS Score,P5,55.53,70.0,>,score
55008,E2E Full Test Corporation 1769028736 - Research Center,2024-05-30,P5-KPI7,NPS Score,P5,56.2,70.0,>,score
55008,E2E Full Test Corporation 1769028736 - Research Center,2024-06-29,P5-KPI7,NPS Score,P5,60.07,70.0,>,score
55008,E2E Full Test Corporation 1769028736 - Research Center,2024-07-29,P5-KPI7,NPS Score,P5,60.73,70.0,>,score
55008,E2E Full Test Corporation 1769028736 - Research Center,2024-08-28,P5-KPI7,NPS Score,P5,62.02,70.0,>,score
55008,E2E Full Test Corporation 1769028736 - Research Center,2024-09-27,P5-KPI7,NPS Score,P5,62.9,70.0,>,score
55008,E2E Full Test Corporation 1769028736 - Research Center,2024-10-27,P5-KPI7,NPS Score,P5,63.65,70.0,>,score
55008,E2E Full Test Corporation 1769028736 - Research Center,2024-11-26,P5-KPI7,NPS Score,P5,63.5,70.0,>,score
55009,E2E Full Test Corporation 1769028736 - Data Center West,2024-01-01,P1-KPI1,System Uptime,P1,98.33,99.9,>,%
55009,E2E Full Test Corporation 1769028736 - Data Center West,2024-01-31,P1-KPI1,System Uptime,P1,100.0,99.9,>,%
55009,E2E Full Test Corporation 1769028736 - Data Center West,2024-03-01,P1-KPI1,System Uptime,P1,99.45,99.9,>,%
55009,E2E Full Test Corporation 1769028736 - Data Center West,2024-03-31,P1-KPI1,System Uptime,P1,100.0,99.9,>,%
55009,E2E Full Test Corporation 1769028736 - Data Center West,2024-04-30,P1-KPI1,System Uptime,P1,100.0,99.9,>,%
55009,E2E Full Test Corporation 1769028736 - Data Center West,2024-05-30,P1-KPI1,System Uptime,P1,98.0,99.9,>,%
55009,E2E Full Test Corporation 1769028736 - Data Center West,2024-06-29,P1-KPI1,System Uptime,P1,100.0,99.9,>,%
55009,E2E Full Test Corporation 1769028736 - Data Center West,2024-07-29,P1-KPI1,System Uptime,P1,98.0,99.9,>,%
55009,E2E Full Test Corporation 1769028736 - Data Center West,2024-08-28,P1-KPI1,System Uptime,P1,98.4,99.9,>,%
55009,E2E Full Test Corporation 1769028736 - Data Center West,2024-09-27,P1-KPI1,System Uptime,P1,100.0,99.9,>,%
55009,E2E Full Test Corporation 1769028736 - Data Center West,2024-10-27,P1-KPI1,System Uptime,P1,100.0,99.9,>,%
55009,E2E Full Test Corporation 1769028736 - Data Center West,2024-11-26,P1-KPI1,System Uptime,P1,98.0,99.9,>,%
55009,E2E Full Test Corporation 1769028736 - Data Center West,2024-01-01,P1-KPI2,Mean Time to Resolution,P1,4.56,2.0,<,hours
55009,E2E Full Test Corporation 1769028736 - Data Center West,2024-01-31,P1-KPI2,Mean Time to Resolution,P1,4.81,2.0,<,hours
55009,E2E Full Test Corporation 1769028736 - Data Center West,2024-03-01,P1-KPI2,Mean Time to Resolution,P1,4.64,2.0,<,hours
55009,E2E Full Test Corporation 1769028736 - Data Center West,2024-03-31,P1-KPI2,Mean Time to Resolution,P1,4.85,2.0,<,hours
55009,E2E Full Test Corporation 1769028736 - Data Center West,2024-04-30,P1-KPI2,Mean Time to Resolution,P1,4.48,2.0,<,hours
55009,E2E Full Test Corporation 1769028736 - Data Center West,2024-05-30,P1-KPI2,Mean Time to Resolution,P1,4.6,2.0,<,hours
55009,E2E Full Test Corporation 1769028736 - Data Center West,2024-06-29,P1-KPI2,Mean Time to Resolution,P1,3.7,2.0,<,hours
55009,E2E Full Test Corporation 1769028736 - Data Center West,2024-07-29,P1-KPI2,Mean Time to Resolution,P1,3.65,2.0,<,hours
55009,E2E Full Test Corporation 1769028736 - Data Center West,2024-08-28,P1-KPI2,Mean Time to Resolution,P1,3.78,2.0,<,hours
55009,E2E Full Test Corporation 1769028736 - Data Center West,2024-09-27,P1-KPI2,Mean Time to Resolution,P1,3.93,2.0,<,hours
55009,E2E Full Test Corporation 1769028736 - Data Center West,2024-10-27,P1-KPI2,Mean Time to Resolution,P1,3.62,2.0,<,hours
55009,E2E Full Test Corporation 1769028736 - Data Center West,2024-11-26,P1-KPI2,Mean Time to Resolution,P1,2.94,2.0,<,hours
55009,E2E Full Test Corporation 1769028736 - Data Center West,2024-01-01,P1-KPI3,GPU Utilization,P1,71.08,85.0,>,%
55009,E2E Full Test Corporation 1769028736 - Data Center West,2024-01-31,P1-KPI3,GPU Utilization,P1,71.28,85.0,>,%
55009,E2E Full Test Corporation 1769028736 - Data Center West,2024-03-01,P1-KPI3,GPU Utilization,P1,72.82,85.0,>,%
55009,E2E Full Test Corporation 1769028736 - Data Center West,2024-03-31,P1-KPI3,GPU Utilization,P1,76.07,85.0,>,%
55009,E2E Full Test Corporation 1769028736 - Data Center West,2024-04-30,P1-KPI3,GPU Utilization,P1,75.81,85.0,>,%
55009,E2E Full Test Corporation 1769028736 - Data Center West,2024-05-30,P1-KPI3,GPU Utilization,P1,75.82,85.0,>,%
55009,E2E Full Test Corporation 1769028736 - Data Center West,2024-06-29,P1-KPI3,GPU Utilization,P1,74.21,85.0,>,%
55009,E2E Full Test Corporation 1769028736 - Data Center West,2024-07-29,P1-KPI3,GPU Utilization,P1,80.53,85.0,>,%
55009,E2E Full Test Corporation 1769028736 - Data Center West,2024-08-28,P1-KPI3,GPU Utilization,P1,74.76,85.0,>,%
55009,E2E Full Test Corporation 1769028736 - Data Center West,2024-09-27,P1-KPI3,GPU Utilization,P1,76.01,85.0,>,%
55009,E2E Full Test Corporation 1769028736 - Data Center West,2024-10-27,P1-KPI3,GPU Utilization,P1,75.71,85.0,>,%
55009,E2E Full Test Corporation 1769028736 - Data Center West,2024-11-26,P1-KPI3,GPU Utilization,P1,81.81,85.0,>,%
55009,E2E Full Test Corporation 1769028736 - Data Center West,2024-01-01,P1-KPI4,Network Latency,P1,27.91,10.0,<,ms
55009,E2E Full Test Corporation 1769028736 - Data Center West,2024-01-31,P1-KPI4,Network Latency,P1,28.18,10.0,<,ms
55009,E2E Full Test Corporation 1769028736 - Data Center West,2024-03-01,P1-KPI4,Network Latency,P1,28.96,10.0,<,ms
55009,E2E Full Test Corporation 1769028736 - Data Center West,2024-03-31,P1-KPI4,Network Latency,P1,27.55,10.0,<,ms
55009,E2E Full Test Corporation 1769028736 - Data Center West,2024-04-30,P1-KPI4,Network Latency,P1,27.06,10.0,<,ms
55009,E2E Full Test Corporation 1769028736 - Data Center West,2024-05-30,P1-KPI4,Network Latency,P1,29.36,10.0,<,ms
55009,E2E Full Test Corporation 1769028736 - Data Center West,2024-06-29,P1-KPI4,Network Latency,P1,21.96,10.0,<,ms
55009,E2E Full Test Corporation 1769028736 - Data Center West,2024-07-29,P1-KPI4,Network Latency,P1,21.99,10.0,<,ms
55009,E2E Full Test Corporation 1769028736 - Data Center West,2024-08-28,P1-KPI4,Network Latency,P1,21.47,10.0,<,ms
55009,E2E Full Test Corporation 1769028736 - Data Center West,2024-09-27,P1-KPI4,Network Latency,P1,23.06,10.0,<,ms
55009,E2E Full Test Corporation 1769028736 - Data Center West,2024-10-27,P1-KPI4,Network Latency,P1,21.82,10.0,<,ms
55009,E2E Full Test Corporation 1769028736 - Data Center West,2024-11-26,P1-KPI4,Network Latency,P1,15.76,10.0,<,ms
55009,E2E Full Test Corporation 1769028736 - Data Center West,2024-01-01,P1-KPI5,Storage Performance,P1,78899.74,100000.0,>,IOPS
55009,E2E Full Test Corporation 1769028736 - Data Center West,2024-01-31,P1-KPI5,Storage Performance,P1,78021.17,100000.0,>,IOPS
55009,E2E Full Test Corporation 1769028736 - Data Center West,2024-03-01,P1-KPI5,Storage Performance,P1,74832.04,100000.0,>,IOPS
55009,E2E Full Test Corporation 1769028736 - Data Center West,2024-03-31,P1-KPI5,Storage Performance,P1,80622.95,100000.0,>,IOPS
55009,E2E Full Test Corporation 1769028736 - Data Center West,2024-04-30,P1-KPI5,Storage Performance,P1,77602.12,100000.0,>,IOPS
55009,E2E Full Test Corporation 1769028736 - Data Center West,2024-05-30,P1-KPI5,Storage Performance,P1,74239.06,100000.0,>,IOPS
55009,E2E Full Test Corporation 1769028736 - Data Center West,2024-06-29,P1-KPI5,Storage Performance,P1,87832.94,100000.0,>,IOPS
55009,E2E Full Test Corporation 1769028736 - Data Center West,2024-07-29,P1-KPI5,Storage Performance,P1,86722.24,100000.0,>,IOPS
55009,E2E Full Test Corporation 1769028736 - Data Center West,2024-08-28,P1-KPI5,Storage Performance,P1,88445.29,100000.0,>,IOPS
55009,E2E Full Test Corporation 1769028736 - Data Center West,2024-09-27,P1-KPI5,Storage Performance,P1,88810.82,100000.0,>,IOPS
55009,E2E Full Test Corporation 1769028736 - Data Center West,2024-10-27,P1-KPI5,Storage Performance,P1,82667.9,100000.0,>,IOPS
55009,E2E Full Test Corporation 1769028736 - Data Center West,2024-11-26,P1-KPI5,Storage Performance,P1,92914.72,100000.0,>,IOPS
55009,E2E Full Test Corporation 1769028736 - Data Center West,2024-01-01,P1-KPI6,Cooling Efficiency,P1,1.57,1.3,<,PUE
55009,E2E Full Test Corporation 1769028736 - Data Center West,2024-01-31,P1-KPI6,Cooling Efficiency,P1,1.57,1.3,<,PUE
55009,E2E Full Test Corporation 1769028736 - Data Center West,2024-03-01,P1-KPI6,Cooling Efficiency,P1,1.5,1.3,<,PUE
55009,E2E Full Test Corporation 1769028736 - Data Center West,2024-03-31,P1-KPI6,Cooling Efficiency,P1,1.51,1.3,<,PUE
55009,E2E Full Test Corporation 1769028736 - Data Center West,2024-04-30,P1-KPI6,Cooling Efficiency,P1,1.57,1.3,<,PUE
55009,E2E Full Test Corporation 1769028736 - Data Center West,2024-05-30,P1-KPI6,Cooling Efficiency,P1,1.56,1.3,<,PUE
55009,E2E Full Test Corporation 1769028736 - Data Center West,2024-06-29,P1-KPI6,Cooling Efficiency,P1,1.5,1.3,<,PUE
55009,E2E Full Test Corporation 1769028736 - Data Center West,2024-07-29,P1-KPI6,Cooling Efficiency,P1,1.39,1.3,<,PUE
55009,E2E Full Test Corporation 1769028736 - Data Center West,2024-08-28,P1-KPI6,Cooling Efficiency,P1,1.47,1.3,<,PUE
55009,E2E Full Test Corporation 1769028736 - Data Center West,2024-09-27,P1-KPI6,Cooling Efficiency,P1,1.43,1.3,<,PUE
55009,E2E Full Test Corporation 1769028736 - Data Center West,2024-10-27,P1-KPI6,Cooling Efficiency,P1,1.5,1.3,<,PUE
55009,E2E Full Test Corporation 1769028736 - Data Center West,2024-11-26,P1-KPI6,Cooling Efficiency,P1,1.38,1.3,<,PUE
55009,E2E Full Test Corporation 1769028736 - Data Center West,2024-01-01,P1-KPI7,Power Usage,P1,666.55,500.0,<,kW
55009,E2E Full Test Corporation 1769028736 - Data Center West,2024-01-31,P1-KPI7,Power Usage,P1,663.14,500.0,<,kW
55009,E2E Full Test Corporation 1769028736 - Data Center West,2024-03-01,P1-KPI7,Power Usage,P1,639.82,500.0,<,kW
55009,E2E Full Test Corporation 1769028736 - Data Center West,2024-03-31,P1-KPI7,Power Usage,P1,630.99,500.0,<,kW
55009,E2E Full Test Corporation 1769028736 - Data Center West,2024-04-30,P1-KPI7,Power Usage,P1,652.43,500.0,<,kW
55009,E2E Full Test Corporation 1769028736 - Data Center West,2024-05-30,P1-KPI7,Power Usage,P1,647.43,500.0,<,kW
55009,E2E Full Test Corporation 1769028736 - Data Center West,2024-06-29,P1-KPI7,Power Usage,P1,596.72,500.0,<,kW
55009,E2E Full Test Corporation 1769028736 - Data Center West,2024-07-29,P1-KPI7,Power Usage,P1,617.7,500.0,<,kW
55009,E2E Full Test Corporation 1769028736 - Data Center West,2024-08-28,P1-KPI7,Power Usage,P1,572.31,500.0,<,kW
55009,E2E Full Test Corporation 1769028736 - Data Center West,2024-09-27,P1-KPI7,Power Usage,P1,562.05,500.0,<,kW
55009,E2E Full Test Corporation 1769028736 - Data Center West,2024-10-27,P1-KPI7,Power Usage,P1,601.69,500.0,<,kW
55009,E2E Full Test Corporation 1769028736 - Data Center West,2024-11-26,P1-KPI7,Power Usage,P1,544.32,500.0,<,kW
55009,E2E Full Test Corporation 1769028736 - Data Center West,2024-01-01,P1-KPI8,Thermal Management,P1,30.29,25.0,<,°C
55009,E2E Full Test Corporation 1769028736 - Data Center West,2024-01-31,P1-KPI8,Thermal Management,P1,28.4,25.0,<,°C
55009,E2E Full Test Corporation 1769028736 - Data Center West,2024-03-01,P1-KPI8,Thermal Management,P1,28.3,25.0,<,°C
55009,E2E Full Test Corporation 1769028736 - Data Center West,2024-03-31,P1-KPI8,Thermal Management,P1,29.01,25.0,<,°C
55009,E2E Full Test Corporation 1769028736 - Data Center West,2024-04-30,P1-KPI8,Thermal Management,P1,29.55,25.0,<,°C
55009,E2E Full Test Corporation 1769028736 - Data Center West,2024-05-30,P1-KPI8,Thermal Management,P1,29.22,25.0,<,°C
55009,E2E Full Test Corporation 1769028736 - Data Center West,2024-06-29,P1-KPI8,Thermal Management,P1,27.08,25.0,<,°C
55009,E2E Full Test Corporation 1769028736 - Data Center West,2024-07-29,P1-KPI8,Thermal Management,P1,28.47,25.0,<,°C
55009,E2E Full Test Corporation 1769028736 - Data Center West,2024-08-28,P1-KPI8,Thermal Management,P1,26.65,25.0,<,°C
55009,E2E Full Test Corporation 1769028736 - Data Center West,2024-09-27,P1-KPI8,Thermal Management,P1,29.22,25.0,<,°C
55009,E2E Full Test Corporation 1769028736 - Data Center West,2024-10-27,P1-KPI8,Thermal Management,P1,27.83,25.0,<,°C
55009,E2E Full Test Corporation 1769028736 - Data Center West,2024-11-26,P1-KPI8,Thermal Management,P1,27.65,25.0,<,°C
55009,E2E Full Test Corporation 1769028736 - Data Center West,2024-01-01,P2-KPI1,SLA Compliance,P2,97.04,99.0,>,%
55009,E2E Full Test Corporation 1769028736 - Data Center West,2024-01-31,P2-KPI1,SLA Compliance,P2,95.0,99.0,>,%
55009,E2E Full Test Corporation 1769028736 - Data Center West,2024-03-01,P2-KPI1,SLA Compliance,P2,96.91,99.0,>,%
55009,E2E Full Test Corporation 1769028736 - Data Center West,2024-03-31,P2-KPI1,SLA Compliance,P2,95.99,99.0,>,%
55009,E2E Full Test Corporation 1769028736 - Data Center West,2024-04-30,P2-KPI1,SLA Compliance,P2,98.59,99.0,>,%
55009,E2E Full Test Corporation 1769028736 - Data Center West,2024-05-30,P2-KPI1,SLA Compliance,P2,100.0,99.0,>,%
55009,E2E Full Test Corporation 1769028736 - Data Center West,2024-06-29,P2-KPI1,SLA Compliance,P2,98.45,99.0,>,%
55009,E2E Full Test Corporation 1769028736 - Data Center West,2024-07-29,P2-KPI1,SLA Compliance,P2,98.73,99.0,>,%
55009,E2E Full Test Corporation 1769028736 - Data Center West,2024-08-28,P2-KPI1,SLA Compliance,P2,98.06,99.0,>,%
55009,E2E Full Test Corporation 1769028736 - Data Center West,2024-09-27,P2-KPI1,SLA Compliance,P2,97.71,99.0,>,%
55009,E2E Full Test Corporation 1769028736 - Data Center West,2024-10-27,P2-KPI1,SLA Compliance,P2,97.75,99.0,>,%
55009,E2E Full Test Corporation 1769028736 - Data Center West,2024-11-26,P2-KPI1,SLA Compliance,P2,97.14,99.0,>,%
55009,E2E Full Test Corporation 1769028736 - Data Center West,2024-01-01,P2-KPI2,Incident Response Time,P2,36.68,15.0,<,minutes
55009,E2E Full Test Corporation 1769028736 - Data Center West,2024-01-31,P2-KPI2,Incident Response Time,P2,34.04,15.0,<,minutes
55009,E2E Full Test Corporation 1769028736 - Data Center West,2024-03-01,P2-KPI2,Incident Response Time,P2,36.06,15.0,<,minutes
55009,E2E Full Test Corporation 1769028736 - Data Center West,2024-03-31,P2-KPI2,Incident Response Time,P2,35.94,15.0,<,minutes
55009,E2E Full Test Corporation 1769028736 - Data Center West,2024-04-30,P2-KPI2,Incident Response Time,P2,33.89,15.0,<,minutes
55009,E2E Full Test Corporation 1769028736 - Data Center West,2024-05-30,P2-KPI2,Incident Response Time,P2,34.64,15.0,<,minutes
55009,E2E Full Test Corporation 1769028736 - Data Center West,2024-06-29,P2-KPI2,Incident Response Time,P2,28.89,15.0,<,minutes
55009,E2E Full Test Corporation 1769028736 - Data Center West,2024-07-29,P2-KPI2,Incident Response Time,P2,27.97,15.0,<,minutes
55009,E2E Full Test Corporation 1769028736 - Data Center West,2024-08-28,P2-KPI2,Incident Response Time,P2,28.15,15.0,<,minutes
55009,E2E Full Test Corporation 1769028736 - Data Center West,2024-09-27,P2-KPI2,Incident Response Time,P2,27.39,15.0,<,minutes
55009,E2E Full Test Corporation 1769028736 - Data Center West,2024-10-27,P2-KPI2,Incident Response Time,P2,29.39,15.0,<,minutes
55009,E2E Full Test Corporation 1769028736 - Data Center West,2024-11-26,P2-KPI2,Incident Response Time,P2,21.22,15.0,<,minutes
55009,E2E Full Test Corporation 1769028736 - Data Center West,2024-01-01,P2-KPI3,Change Success Rate,P2,90.03,98.0,>,%
55009,E2E Full Test Corporation 1769028736 - Data Center West,2024-01-31,P2-KPI3,Change Success Rate,P2,95.02,98.0,>,%
55009,E2E Full Test Corporation 1769028736 - Data Center West,2024-03-01,P2-KPI3,Change Success Rate,P2,97.37,98.0,>,%
55009,E2E Full Test Corporation 1769028736 - Data Center West,2024-03-31,P2-KPI3,Change Success Rate,P2,92.32,98.0,>,%
55009,E2E Full Test Corporation 1769028736 - Data Center West,2024-04-30,P2-KPI3,Change Success Rate,P2,98.4,98.0,>,%
55009,E2E Full Test Corporation 1769028736 - Data Center West,2024-05-30,P2-KPI3,Change Success Rate,P2,93.81,98.0,>,%
55009,E2E Full Test Corporation 1769028736 - Data Center West,2024-06-29,P2-KPI3,Change Success Rate,P2,100.0,98.0,>,%
55009,E2E Full Test Corporation 1769028736 - Data Center West,2024-07-29,P2-KPI3,Change Success Rate,P2,94.56,98.0,>,%
55009,E2E Full Test Corporation 1769028736 - Data Center West,2024-08-28,P2-KPI3,Change Success Rate,P2,91.29,98.0,>,%
55009,E2E Full Test Corporation 1769028736 - Data Center West,2024-09-27,P2-KPI3,Change Success Rate,P2,91.51,98.0,>,%
55009,E2E Full Test Corporation 1769028736 - Data Center West,2024-10-27,P2-KPI3,Change Success Rate,P2,95.32,98.0,>,%
55009,E2E Full Test Corporation 1769028736 - Data Center West,2024-11-26,P2-KPI3,Change Success Rate,P2,98.04,98.0,>,%
55009,E2E Full Test Corporation 1769028736 - Data Center West,2024-01-01,P2-KPI4,Backup Success Rate,P2,95.0,100.0,>,%
55009,E2E Full Test Corporation 1769028736 - Data Center West,2024-01-31,P2-KPI4,Backup Success Rate,P2,98.83,100.0,>,%
55009,E2E Full Test Corporation 1769028736 - Data Center West,2024-03-01,P2-KPI4,Backup Success Rate,P2,97.21,100.0,>,%
55009,E2E Full Test Corporation 1769028736 - Data Center West,2024-03-31,P2-KPI4,Backup Success Rate,P2,98.69,100.0,>,%
55009,E2E Full Test Corporation 1769028736 - Data Center West,2024-04-30,P2-KPI4,Backup Success Rate,P2,100.0,100.0,>,%
55009,E2E Full Test Corporation 1769028736 - Data Center West,2024-05-30,P2-KPI4,Backup Success Rate,P2,99.89,100.0,>,%
55009,E2E Full Test Corporation 1769028736 - Data Center West,2024-06-29,P2-KPI4,Backup Success Rate,P2,95.95,100.0,>,%
55009,E2E Full Test Corporation 1769028736 - Data Center West,2024-07-29,P2-KPI4,Backup Success Rate,P2,95.16,100.0,>,%
55009,E2E Full Test Corporation 1769028736 - Data Center West,2024-08-28,P2-KPI4,Backup Success Rate,P2,95.0,100.0,>,%
55009,E2E Full Test Corporation 1769028736 - Data Center West,2024-09-27,P2-KPI4,Backup Success Rate,P2,95.48,100.0,>,%
55009,E2E Full Test Corporation 1769028736 - Data Center West,2024-10-27,P2-KPI4,Backup Success Rate,P2,99.88,100.0,>,%
55009,E2E Full Test Corporation 1769028736 - Data Center West,2024-11-26,P2-KPI4,Backup Success Rate,P2,100.0,100.0,>,%
55009,E2E Full Test Corporation 1769028736 - Data Center West,2024-01-01,P2-KPI5,Patch Compliance,P2,89.98,95.0,>,%
55009,E2E Full Test Corporation 1769028736 - Data Center West,2024-01-31,P2-KPI5,Patch Compliance,P2,91.71,95.0,>,%
55009,E2E Full Test Corporation 1769028736 - Data Center West,2024-03-01,P2-KPI5,Patch Compliance,P2,85.24,95.0,>,%
55009,E2E Full Test Corporation 1769028736 - Data Center West,2024-03-31,P2-KPI5,Patch Compliance,P2,86.46,95.0,>,%
55009,E2E Full Test Corporation 1769028736 - Data Center West,2024-04-30,P2-KPI5,Patch Compliance,P2,91.43,95.0,>,%
55009,E2E Full Test Corporation 1769028736 - Data Center West,2024-05-30,P2-KPI5,Patch Compliance,P2,87.53,95.0,>,%
55009,E2E Full Test Corporation 1769028736 - Data Center West,2024-06-29,P2-KPI5,Patch Compliance,P2,91.83,95.0,>,%
55009,E2E Full Test Corporation 1769028736 - Data Center West,2024-07-29,P2-KPI5,Patch Compliance,P2,90.31,95.0,>,%
55009,E2E Full Test Corporation 1769028736 - Data Center West,2024-08-28,P2-KPI5,Patch Compliance,P2,90.59,95.0,>,%
55009,E2E Full Test Corporation 1769028736 - Data Center West,2024-09-27,P2-KPI5,Patch Compliance,P2,92.69,95.0,>,%
55009,E2E Full Test Corporation 1769028736 - Data Center West,2024-10-27,P2-KPI5,Patch Compliance,P2,87.67,95.0,>,%
55009,E2E Full Test Corporation 1769028736 - Data Center West,2024-11-26,P2-KPI5,Patch Compliance,P2,88.46,95.0,>,%
55009,E2E Full Test Corporation 1769028736 - Data Center West,2024-01-01,P2-KPI6,Service Request Fulfillment,P2,6.45,3.0,<,days
55009,E2E Full Test Corporation 1769028736 - Data Center West,2024-01-31,P2-KPI6,Service Request Fulfillment,P2,5.87,3.0,<,days
55009,E2E Full Test Corporation 1769028736 - Data Center West,2024-03-01,P2-KPI6,Service Request Fulfillment,P2,6.07,3.0,<,days
55009,E2E Full Test Corporation 1769028736 - Data Center West,2024-03-31,P2-KPI6,Service Request Fulfillment,P2,6.05,3.0,<,days
55009,E2E Full Test Corporation 1769028736 - Data Center West,2024-04-30,P2-KPI6,Service Request Fulfillment,P2,6.15,3.0,<,days
55009,E2E Full Test Corporation 1769028736 - Data Center West,2024-05-30,P2-KPI6,Service Request Fulfillment,P2,6.24,3.0,<,days
55009,E2E Full Test Corporation 1769028736 - Data Center West,2024-06-29,P2-KPI6,Service Request Fulfillment,P2,5.29,3.0,<,days
55009,E2E Full Test Corporation 1769028736 - Data Center West,2024-07-29,P2-KPI6,Service Request Fulfillment,P2,5.07,3.0,<,days
55009,E2E Full Test Corporation 1769028736 - Data Center West,2024-08-28,P2-KPI6,Service Request Fulfillment,P2,5.16,3.0,<,days
55009,E2E Full Test Corporation 1769028736 - Data Center West,2024-09-27,P2-KPI6,Service Request Fulfillment,P2,4.89,3.0,<,days
55009,E2E Full Test Corporation 1769028736 - Data Center West,2024-10-27,P2-KPI6,Service Request Fulfillment,P2,5.21,3.0,<,days
55009,E2E Full Test Corporation 1769028736 - Data Center West,2024-11-26,P2-KPI6,Service Request Fulfillment,P2,3.86,3.0,<,days
55009,E2E Full Test Corporation 1769028736 - Data Center West,2024-01-01,P2-KPI7,Capacity Planning Accuracy,P2,82.88,90.0,>,%
55009,E2E Full Test Corporation 1769028736 - Data Center West,2024-01-31,P2-KPI7,Capacity Planning Accuracy,P2,84.13,90.0,>,%
55009,E2E Full Test Corporation 1769028736 - Data Center West,2024-03-01,P2-KPI7,Capacity Planning Accuracy,P2,77.34,90.0,>,%
55009,E2E Full Test Corporation 1769028736 - Data Center West,2024-03-31,P2-KPI7,Capacity Planning Accuracy,P2,83.71,90.0,>,%
55009,E2E Full Test Corporation 1769028736 - Data Center West,2024-04-30,P2-KPI7,Capacity Planning Accuracy,P2,81.21,90.0,>,%
55009,E2E Full Test Corporation 1769028736 - Data Center West,2024-05-30,P2-KPI7,Capacity Planning Accuracy,P2,82.05,90.0,>,%
55009,E2E Full Test Corporation 1769028736 - Data Center West,2024-06-29,P2-KPI7,Capacity Planning Accuracy,P2,82.47,90.0,>,%
55009,E2E Full Test Corporation 1769028736 - Data Center West,2024-07-29,P2-KPI7,Capacity Planning Accuracy,P2,84.92,90.0,>,%
55009,E2E Full Test Corporation 1769028736 - Data Center West,2024-08-28,P2-KPI7,Capacity Planning Accuracy,P2,85.07,90.0,>,%
55009,E2E Full Test Corporation 1769028736 - Data Center West,2024-09-27,P2-KPI7,Capacity Planning Accuracy,P2,82.73,90.0,>,%
55009,E2E Full Test Corporation 1769028736 - Data Center West,2024-10-27,P2-KPI7,Capacity Planning Accuracy,P2,82.67,90.0,>,%
55009,E2E Full Test Corporation 1769028736 - Data Center West,2024-11-26,P2-KPI7,Capacity Planning Accuracy,P2,87.41,90.0,>,%
55009,E2E Full Test Corporation 1769028736 - Data Center West,2024-01-01,P2-KPI8,Documentation Quality,P2,72.98,85.0,>,score
55009,E2E Full Test Corporation 1769028736 - Data Center West,2024-01-31,P2-KPI8,Documentation Quality,P2,76.68,85.0,>,score
55009,E2E Full Test Corporation 1769028736 - Data Center West,2024-03-01,P2-KPI8,Documentation Quality,P2,71.74,85.0,>,score
55009,E2E Full Test Corporation 1769028736 - Data Center West,2024-03-31,P2-KPI8,Documentation Quality,P2,75.56,85.0,>,score
55009,E2E Full Test Corporation 1769028736 - Data Center West,2024-04-30,P2-KPI8,Documentation Quality,P2,71.03,85.0,>,score
55009,E2E Full Test Corporation 1769028736 - Data Center West,2024-05-30,P2-KPI8,Documentation Quality,P2,73.0,85.0,>,score
55009,E2E Full Test Corporation 1769028736 - Data Center West,2024-06-29,P2-KPI8,Documentation Quality,P2,73.89,85.0,>,score
55009,E2E Full Test Corporation 1769028736 - Data Center West,2024-07-29,P2-KPI8,Documentation Quality,P2,81.1,85.0,>,score
55009,E2E Full Test Corporation 1769028736 - Data Center West,2024-08-28,P2-KPI8,Documentation Quality,P2,77.7,85.0,>,score
55009,E2E Full Test Corporation 1769028736 - Data Center West,2024-09-27,P2-KPI8,Documentation Quality,P2,74.11,85.0,>,score
55009,E2E Full Test Corporation 1769028736 - Data Center West,2024-10-27,P2-KPI8,Documentation Quality,P2,77.37,85.0,>,score
55009,E2E Full Test Corporation 1769028736 - Data Center West,2024-11-26,P2-KPI8,Documentation Quality,P2,80.48,85.0,>,score
55009,E2E Full Test Corporation 1769028736 - Data Center West,2024-01-01,P3-KPI1,CSAT Score,P3,3.81,4.5,>,score
55009,E2E Full Test Corporation 1769028736 - Data Center West,2024-01-31,P3-KPI1,CSAT Score,P3,3.89,4.5,>,score
55009,E2E Full Test Corporation 1769028736 - Data Center West,2024-03-01,P3-KPI1,CSAT Score,P3,3.84,4.5,>,score
55009,E2E Full Test Corporation 1769028736 - Data Center West,2024-03-31,P3-KPI1,CSAT Score,P3,3.96,4.5,>,score
55009,E2E Full Test Corporation 1769028736 - Data Center West,2024-04-30,P3-KPI1,CSAT Score,P3,3.71,4.5,>,score
55009,E2E Full Test Corporation 1769028736 - Data Center West,2024-05-30,P3-KPI1,CSAT Score,P3,3.71,4.5,>,score
55009,E2E Full Test Corporation 1769028736 - Data Center West,2024-06-29,P3-KPI1,CSAT Score,P3,4.25,4.5,>,score
55009,E2E Full Test Corporation 1769028736 - Data Center West,2024-07-29,P3-KPI1,CSAT Score,P3,4.0,4.5,>,score
55009,E2E Full Test Corporation 1769028736 - Data Center West,2024-08-28,P3-KPI1,CSAT Score,P3,3.92,4.5,>,score
55009,E2E Full Test Corporation 1769028736 - Data Center West,2024-09-27,P3-KPI1,CSAT Score,P3,3.85,4.5,>,score
55009,E2E Full Test Corporation 1769028736 - Data Center West,2024-10-27,P3-KPI1,CSAT Score,P3,3.89,4.5,>,score
55009,E2E Full Test Corporation 1769028736 - Data Center West,2024-11-26,P3-KPI1,CSAT Score,P3,4.15,4.5,>,score
55009,E2E Full Test Corporation 1769028736 - Data Center West,2024-01-01,P3-KPI2,Support Ticket Volume,P3,54.7,20.0,<,tickets
55009,E2E Full Test Corporation 1769028736 - Data Center West,2024-01-31,P3-KPI2,Support Ticket Volume,P3,54.03,20.0,<,tickets
55009,E2E Full Test Corporation 1769028736 - Data Center West,2024-03-01,P3-KPI2,Support Ticket Volume,P3,55.6,20.0,<,tickets
55009,E2E Full Test Corporation 1769028736 - Data Center West,2024-03-31,P3-KPI2,Support Ticket Volume,P3,55.88,20.0,<,tickets
55009,E2E Full Test Corporation 1769028736 - Data Center West,2024-04-30,P3-KPI2,Support Ticket Volume,P3,58.27,20.0,<,tickets
55009,E2E Full Test Corporation 1769028736 - Data Center West,2024-05-30,P3-KPI2,Support Ticket Volume,P3,53.33,20.0,<,tickets
55009,E2E Full Test Corporation 1769028736 - Data Center West,2024-06-29,P3-KPI2,Support Ticket Volume,P3,45.71,20.0,<,tickets
55009,E2E Full Test Corporation 1769028736 - Data Center West,2024-07-29,P3-KPI2,Support Ticket Volume,P3,44.61,20.0,<,tickets
55009,E2E Full Test Corporation 1769028736 - Data Center West,2024-08-28,P3-KPI2,Support Ticket Volume,P3,42.29,20.0,<,tickets
55009,E2E Full Test Corporation 1769028736 - Data Center West,2024-09-27,P3-KPI2,Support Ticket Volume,P3,42.13,20.0,<,tickets
55009,E2E Full Test Corporation 1769028736 - Data Center West,2024-10-27,P3-KPI2,Support Ticket Volume,P3,45.63,20.0,<,tickets
55009,E2E Full Test Corporation 1769028736 - Data Center West,2024-11-26,P3-KPI2,Support Ticket Volume,P3,31.05,20.0,<,tickets
55009,E2E Full Test Corporation 1769028736 - Data Center West,2024-01-01,P3-KPI3,First Contact Resolution,P3,60.6,75.0,>,%
55009,E2E Full Test Corporation 1769028736 - Data Center West,2024-01-31,P3-KPI3,First Contact Resolution,P3,62.86,75.0,>,%
55009,E2E Full Test Corporation 1769028736 - Data Center West,2024-03-01,P3-KPI3,First Contact Resolution,P3,65.31,75.0,>,%
55009,E2E Full Test Corporation 1769028736 - Data Center West,2024-03-31,P3-KPI3,First Contact Resolution,P3,65.56,75.0,>,%
55009,E2E Full Test Corporation 1769028736 - Data Center West,2024-04-30,P3-KPI3,First Contact Resolution,P3,63.58,75.0,>,%
55009,E2E Full Test Corporation 1769028736 - Data Center West,2024-05-30,P3-KPI3,First Contact Resolution,P3,60.87,75.0,>,%
55009,E2E Full Test Corporation 1769028736 - Data Center West,2024-06-29,P3-KPI3,First Contact Resolution,P3,68.13,75.0,>,%
55009,E2E Full Test Corporation 1769028736 - Data Center West,2024-07-29,P3-KPI3,First Contact Resolution,P3,69.68,75.0,>,%
55009,E2E Full Test Corporation 1769028736 - Data Center West,2024-08-28,P3-KPI3,First Contact Resolution,P3,64.22,75.0,>,%
55009,E2E Full Test Corporation 1769028736 - Data Center West,2024-09-27,P3-KPI3,First Contact Resolution,P3,69.88,75.0,>,%
55009,E2E Full Test Corporation 1769028736 - Data Center West,2024-10-27,P3-KPI3,First Contact Resolution,P3,65.15,75.0,>,%
55009,E2E Full Test Corporation 1769028736 - Data Center West,2024-11-26,P3-KPI3,First Contact Resolution,P3,68.69,75.0,>,%
55009,E2E Full Test Corporation 1769028736 - Data Center West,2024-01-01,P3-KPI4,Training Completion,P3,77.64,90.0,>,%
55009,E2E Full Test Corporation 1769028736 - Data Center West,2024-01-31,P3-KPI4,Training Completion,P3,73.99,90.0,>,%
55009,E2E Full Test Corporation 1769028736 - Data Center West,2024-03-01,P3-KPI4,Training Completion,P3,72.77,90.0,>,%
55009,E2E Full Test Corporation 1769028736 - Data Center West,2024-03-31,P3-KPI4,Training Completion,P3,77.05,90.0,>,%
55009,E2E Full Test Corporation 1769028736 - Data Center West,2024-04-30,P3-KPI4,Training Completion,P3,76.79,90.0,>,%
55009,E2E Full Test Corporation 1769028736 - Data Center West,2024-05-30,P3-KPI4,Training Completion,P3,80.02,90.0,>,%
55009,E2E Full Test Corporation 1769028736 - Data Center West,2024-06-29,P3-KPI4,Training Completion,P3,80.76,90.0,>,%
55009,E2E Full Test Corporation 1769028736 - Data Center West,2024-07-29,P3-KPI4,Training Completion,P3,82.69,90.0,>,%
55009,E2E Full Test Corporation 1769028736 - Data Center West,2024-08-28,P3-KPI4,Training Completion,P3,77.24,90.0,>,%
55009,E2E Full Test Corporation 1769028736 - Data Center West,2024-09-27,P3-KPI4,Training Completion,P3,82.22,90.0,>,%
55009,E2E Full Test Corporation 1769028736 - Data Center West,2024-10-27,P3-KPI4,Training Completion,P3,83.16,90.0,>,%
55009,E2E Full Test Corporation 1769028736 - Data Center West,2024-11-26,P3-KPI4,Training Completion,P3,84.0,90.0,>,%
55009,E2E Full Test Corporation 1769028736 - Data Center West,2024-01-01,P3-KPI5,User Adoption Rate,P3,65.14,80.0,>,%
55009,E2E Full Test Corporation 1769028736 - Data Center West,2024-01-31,P3-KPI5,User Adoption Rate,P3,64.16,80.0,>,%
55009,E2E Full Test Corporation 1769028736 - Data Center West,2024-03-01,P3-KPI5,User Adoption Rate,P3,68.91,80.0,>,%
55009,E2E Full Test Corporation 1769028736 - Data Center West,2024-03-31,P3-KPI5,User Adoption Rate,P3,67.2,80.0,>,%
55009,E2E Full Test Corporation 1769028736 - Data Center West,2024-04-30,P3-KPI5,User Adoption Rate,P3,66.72,80.0,>,%
55009,E2E Full Test Corporation 1769028736 - Data Center West,2024-05-30,P3-KPI5,User Adoption Rate,P3,69.72,80.0,>,%
55009,E2E Full Test Corporation 1769028736 - Data Center West,2024-06-29,P3-KPI5,User Adoption Rate,P3,67.87,80.0,>,%
55009,E2E Full Test Corporation 1769028736 - Data Center West,2024-07-29,P3-KPI5,User Adoption Rate,P3,70.52,80.0,>,%
55009,E2E Full Test Corporation 1769028736 - Data Center West,2024-08-28,P3-KPI5,User Adoption Rate,P3,68.99,80.0,>,%
55009,E2E Full Test Corporation 1769028736 - Data Center West,2024-09-27,P3-KPI5,User Adoption Rate,P3,70.35,80.0,>,%
55009,E2E Full Test Corporation 1769028736 - Data Center West,2024-10-27,P3-KPI5,User Adoption Rate,P3,74.33,80.0,>,%
55009,E2E Full Test Corporation 1769028736 - Data Center West,2024-11-26,P3-KPI5,User Adoption Rate,P3,74.61,80.0,>,%
55009,E2E Full Test Corporation 1769028736 - Data Center West,2024-01-01,P3-KPI6,Executive Engagement,P3,3.03,4.0,>,meetings/quarter
55009,E2E Full Test Corporation 1769028736 - Data Center West,2024-01-31,P3-KPI6,Executive Engagement,P3,3.09,4.0,>,meetings/quarter
55009,E2E Full Test Corporation 1769028736 - Data Center West,2024-03-01,P3-KPI6,Executive Engagement,P3,3.14,4.0,>,meetings/quarter
55009,E2E Full Test Corporation 1769028736 - Data Center West,2024-03-31,P3-KPI6,Executive Engagement,P3,3.07,4.0,>,meetings/quarter
55009,E2E Full Test Corporation 1769028736 - Data Center West,2024-04-30,P3-KPI6,Executive Engagement,P3,3.09,4.0,>,meetings/quarter
55009,E2E Full Test Corporation 1769028736 - Data Center West,2024-05-30,P3-KPI6,Executive Engagement,P3,2.98,4.0,>,meetings/quarter
55009,E2E Full Test Corporation 1769028736 - Data Center West,2024-06-29,P3-KPI6,Executive Engagement,P3,3.38,4.0,>,meetings/quarter
55009,E2E Full Test Corporation 1769028736 - Data Center West,2024-07-29,P3-KPI6,Executive Engagement,P3,3.54,4.0,>,meetings/quarter
55009,E2E Full Test Corporation 1769028736 - Data Center West,2024-08-28,P3-KPI6,Executive Engagement,P3,3.35,4.0,>,meetings/quarter
55009,E2E Full Test Corporation 1769028736 - Data Center West,2024-09-27,P3-KPI6,Executive Engagement,P3,3.28,4.0,>,meetings/quarter
55009,E2E Full Test Corporation 1769028736 - Data Center West,2024-10-27,P3-KPI6,Executive Engagement,P3,3.39,4.0,>,meetings/quarter
55009,E2E Full Test Corporation 1769028736 - Data Center West,2024-11-26,P3-KPI6,Executive Engagement,P3,3.85,4.0,>,meetings/quarter
55009,E2E Full Test Corporation 1769028736 - Data Center West,2024-01-01,P3-KPI7,Response Time SLA,P3,72.55,30.0,<,minutes
55009,E2E Full Test Corporation 1769028736 - Data Center West,2024-01-31,P3-KPI7,Response Time SLA,P3,71.9,30.0,<,minutes
55009,E2E Full Test Corporation 1769028736 - Data Center West,2024-03-01,P3-KPI7,Response Time SLA,P3,73.59,30.0,<,minutes
55009,E2E Full Test Corporation 1769028736 - Data Center West,2024-03-31,P3-KPI7,Response Time SLA,P3,74.01,30.0,<,minutes
55009,E2E Full Test Corporation 1769028736 - Data Center West,2024-04-30,P3-KPI7,Response Time SLA,P3,72.63,30.0,<,minutes
55009,E2E Full Test Corporation 1769028736 - Data Center West,2024-05-30,P3-KPI7,Response Time SLA,P3,70.46,30.0,<,minutes
55009,E2E Full Test Corporation 1769028736 - Data Center West,2024-06-29,P3-KPI7,Response Time SLA,P3,58.33,30.0,<,minutes
55009,E2E Full Test Corporation 1769028736 - Data Center West,2024-07-29,P3-KPI7,Response Time SLA,P3,58.81,30.0,<,minutes
55009,E2E Full Test Corporation 1769028736 - Data Center West,2024-08-28,P3-KPI7,Response Time SLA,P3,57.11,30.0,<,minutes
55009,E2E Full Test Corporation 1769028736 - Data Center West,2024-09-27,P3-KPI7,Response Time SLA,P3,57.38,30.0,<,minutes
55009,E2E Full Test Corporation 1769028736 - Data Center West,2024-10-27,P3-KPI7,Response Time SLA,P3,58.5,30.0,<,minutes
55009,E2E Full Test Corporation 1769028736 - Data Center West,2024-11-26,P3-KPI7,Response Time SLA,P3,41.93,30.0,<,minutes
55009,E2E Full Test Corporation 1769028736 - Data Center West,2024-01-01,P4-KPI1,ROI Achievement,P4,123.95,150.0,>,%
55009,E2E Full Test Corporation 1769028736 - Data Center West,2024-01-31,P4-KPI1,ROI Achievement,P4,125.58,150.0,>,%
55009,E2E Full Test Corporation 1769028736 - Data Center West,2024-03-01,P4-KPI1,ROI Achievement,P4,127.07,150.0,>,%
55009,E2E Full Test Corporation 1769028736 - Data Center West,2024-03-31,P4-KPI1,ROI Achievement,P4,126.1,150.0,>,%
55009,E2E Full Test Corporation 1769028736 - Data Center West,2024-04-30,P4-KPI1,ROI Achievement,P4,124.66,150.0,>,%
55009,E2E Full Test Corporation 1769028736 - Data Center West,2024-05-30,P4-KPI1,ROI Achievement,P4,125.39,150.0,>,%
55009,E2E Full Test Corporation 1769028736 - Data Center West,2024-06-29,P4-KPI1,ROI Achievement,P4,134.87,150.0,>,%
55009,E2E Full Test Corporation 1769028736 - Data Center West,2024-07-29,P4-KPI1,ROI Achievement,P4,138.19,150.0,>,%
55009,E2E Full Test Corporation 1769028736 - Data Center West,2024-08-28,P4-KPI1,ROI Achievement,P4,134.51,150.0,>,%
55009,E2E Full Test Corporation 1769028736 - Data Center West,2024-09-27,P4-KPI1,ROI Achievement,P4,136.22,150.0,>,%
55009,E2E Full Test Corporation 1769028736 - Data Center West,2024-10-27,P4-KPI1,ROI Achievement,P4,130.27,150.0,>,%
55009,E2E Full Test Corporation 1769028736 - Data Center West,2024-11-26,P4-KPI1,ROI Achievement,P4,148.38,150.0,>,%
55009,E2E Full Test Corporation 1769028736 - Data Center West,2024-01-01,P4-KPI2,Cost Reduction,P4,11.27,20.0,>,%
55009,E2E Full Test Corporation 1769028736 - Data Center West,2024-01-31,P4-KPI2,Cost Reduction,P4,10.58,20.0,>,%
55009,E2E Full Test Corporation 1769028736 - Data Center West,2024-03-01,P4-KPI2,Cost Reduction,P4,11.0,20.0,>,%
55009,E2E Full Test Corporation 1769028736 - Data Center West,2024-03-31,P4-KPI2,Cost Reduction,P4,11.38,20.0,>,%
55009,E2E Full Test Corporation 1769028736 - Data Center West,2024-04-30,P4-KPI2,Cost Reduction,P4,11.14,20.0,>,%
55009,E2E Full Test Corporation 1769028736 - Data Center West,2024-05-30,P4-KPI2,Cost Reduction,P4,10.5,20.0,>,%
55009,E2E Full Test Corporation 1769028736 - Data Center West,2024-06-29,P4-KPI2,Cost Reduction,P4,14.65,20.0,>,%
55009,E2E Full Test Corporation 1769028736 - Data Center West,2024-07-29,P4-KPI2,Cost Reduction,P4,14.14,20.0,>,%
55009,E2E Full Test Corporation 1769028736 - Data Center West,2024-08-28,P4-KPI2,Cost Reduction,P4,13.55,20.0,>,%
55009,E2E Full Test Corporation 1769028736 - Data Center West,2024-09-27,P4-KPI2,Cost Reduction,P4,13.72,20.0,>,%
55009,E2E Full Test Corporation 1769028736 - Data Center West,2024-10-27,P4-KPI2,Cost Reduction,P4,14.55,20.0,>,%
55009,E2E Full Test Corporation 1769028736 - Data Center West,2024-11-26,P4-KPI2,Cost Reduction,P4,16.47,20.0,>,%
55009,E2E Full Test Corporation 1769028736 - Data Center West,2024-01-01,P4-KPI3,Time to Value,P4,132.74,90.0,<,days
55009,E2E Full Test Corporation 1769028736 - Data Center West,2024-01-31,P4-KPI3,Time to Value,P4,126.31,90.0,<,days
55009,E2E Full Test Corporation 1769028736 - Data Center West,2024-03-01,P4-KPI3,Time to Value,P4,126.51,90.0,<,days
55009,E2E Full Test Corporation 1769028736 - Data Center West,2024-03-31,P4-KPI3,Time to Value,P4,134.12,90.0,<,days
55009,E2E Full Test Corporation 1769028736 - Data Center West,2024-04-30,P4-KPI3,Time to Value,P4,133.31,90.0,<,days
55009,E2E Full Test Corporation 1769028736 - Data Center West,2024-05-30,P4-KPI3,Time to Value,P4,127.81,90.0,<,days
55009,E2E Full Test Corporation 1769028736 - Data Center West,2024-06-29,P4-KPI3,Time to Value,P4,115.25,90.0,<,days
55009,E2E Full Test Corporation 1769028736 - Data Center West,2024-07-29,P4-KPI3,Time to Value,P4,118.68,90.0,<,days
55009,E2E Full Test Corporation 1769028736 - Data Center West,2024-08-28,P4-KPI3,Time to Value,P4,121.99,90.0,<,days
55009,E2E Full Test Corporation 1769028736 - Data Center West,2024-09-27,P4-KPI3,Time to Value,P4,117.84,90.0,<,days
55009,E2E Full Test Corporation 1769028736 - Data Center West,2024-10-27,P4-KPI3,Time to Value,P4,121.7,90.0,<,days
55009,E2E Full Test Corporation 1769028736 - Data Center West,2024-11-26,P4-KPI3,Time to Value,P4,99.31,90.0,<,days
55009,E2E Full Test Corporation 1769028736 - Data Center West,2024-01-01,P4-KPI4,Revenue Enablement,P4,3.16,5.0,>,$M
55009,E2E Full Test Corporation 1769028736 - Data Center West,2024-01-31,P4-KPI4,Revenue Enablement,P4,3.22,5.0,>,$M
55009,E2E Full Test Corporation 1769028736 - Data Center West,2024-03-01,P4-KPI4,Revenue Enablement,P4,3.28,5.0,>,$M
55009,E2E Full Test Corporation 1769028736 - Data Center West,2024-03-31,P4-KPI4,Revenue Enablement,P4,3.18,5.0,>,$M
55009,E2E Full Test Corporation 1769028736 - Data Center West,2024-04-30,P4-KPI4,Revenue Enablement,P4,3.31,5.0,>,$M
55009,E2E Full Test Corporation 1769028736 - Data Center West,2024-05-30,P4-KPI4,Revenue Enablement,P4,3.26,5.0,>,$M
55009,E2E Full Test Corporation 1769028736 - Data Center West,2024-06-29,P4-KPI4,Revenue Enablement,P4,3.84,5.0,>,$M
55009,E2E Full Test Corporation 1769028736 - Data Center West,2024-07-29,P4-KPI4,Revenue Enablement,P4,3.87,5.0,>,$M
55009,E2E Full Test Corporation 1769028736 - Data Center West,2024-08-28,P4-KPI4,Revenue Enablement,P4,3.7,5.0,>,$M
55009,E2E Full Test Corporation 1769028736 - Data Center West,2024-09-27,P4-KPI4,Revenue Enablement,P4,3.72,5.0,>,$M
55009,E2E Full Test Corporation 1769028736 - Data Center West,2024-10-27,P4-KPI4,Revenue Enablement,P4,3.85,5.0,>,$M
55009,E2E Full Test Corporation 1769028736 - Data Center West,2024-11-26,P4-KPI4,Revenue Enablement,P4,4.29,5.0,>,$M
55009,E2E Full Test Corporation 1769028736 - Data Center West,2024-01-01,P4-KPI5,Operational Efficiency,P4,72.89,85.0,>,%
55009,E2E Full Test Corporation 1769028736 - Data Center West,2024-01-31,P4-KPI5,Operational Efficiency,P4,73.96,85.0,>,%
55009,E2E Full Test Corporation 1769028736 - Data Center West,2024-03-01,P4-KPI5,Operational Efficiency,P4,74.55,85.0,>,%
55009,E2E Full Test Corporation 1769028736 - Data Center West,2024-03-31,P4-KPI5,Operational Efficiency,P4,77.16,85.0,>,%
55009,E2E Full Test Corporation 1769028736 - Data Center West,2024-04-30,P4-KPI5,Operational Efficiency,P4,76.81,85.0,>,%
55009,E2E Full Test Corporation 1769028736 - Data Center West,2024-05-30,P4-KPI5,Operational Efficiency,P4,71.56,85.0,>,%
55009,E2E Full Test Corporation 1769028736 - Data Center West,2024-06-29,P4-KPI5,Operational Efficiency,P4,74.45,85.0,>,%
55009,E2E Full Test Corporation 1769028736 - Data Center West,2024-07-29,P4-KPI5,Operational Efficiency,P4,76.55,85.0,>,%
55009,E2E Full Test Corporation 1769028736 - Data Center West,2024-08-28,P4-KPI5,Operational Efficiency,P4,80.45,85.0,>,%
55009,E2E Full Test Corporation 1769028736 - Data Center West,2024-09-27,P4-KPI5,Operational Efficiency,P4,76.37,85.0,>,%
55009,E2E Full Test Corporation 1769028736 - Data Center West,2024-10-27,P4-KPI5,Operational Efficiency,P4,74.36,85.0,>,%
55009,E2E Full Test Corporation 1769028736 - Data Center West,2024-11-26,P4-KPI5,Operational Efficiency,P4,81.41,85.0,>,%
55009,E2E Full Test Corporation 1769028736 - Data Center West,2024-01-01,P4-KPI6,Innovation Projects,P4,2.02,3.0,>,count
55009,E2E Full Test Corporation 1769028736 - Data Center West,2024-01-31,P4-KPI6,Innovation Projects,P4,2.06,3.0,>,count
55009,E2E Full Test Corporation 1769028736 - Data Center West,2024-03-01,P4-KPI6,Innovation Projects,P4,2.15,3.0,>,count
55009,E2E Full Test Corporation 1769028736 - Data Center West,2024-03-31,P4-KPI6,Innovation Projects,P4,2.17,3.0,>,count
55009,E2E Full Test Corporation 1769028736 - Data Center West,2024-04-30,P4-KPI6,Innovation Projects,P4,2.18,3.0,>,count
55009,E2E Full Test Corporation 1769028736 - Data Center West,2024-05-30,P4-KPI6,Innovation Projects,P4,2.09,3.0,>,count
55009,E2E Full Test Corporation 1769028736 - Data Center West,2024-06-29,P4-KPI6,Innovation Projects,P4,2.31,3.0,>,count
55009,E2E Full Test Corporation 1769028736 - Data Center West,2024-07-29,P4-KPI6,Innovation Projects,P4,2.49,3.0,>,count
55009,E2E Full Test Corporation 1769028736 - Data Center West,2024-08-28,P4-KPI6,Innovation Projects,P4,2.32,3.0,>,count
55009,E2E Full Test Corporation 1769028736 - Data Center West,2024-09-27,P4-KPI6,Innovation Projects,P4,2.43,3.0,>,count
55009,E2E Full Test Corporation 1769028736 - Data Center West,2024-10-27,P4-KPI6,Innovation Projects,P4,2.38,3.0,>,count
55009,E2E Full Test Corporation 1769028736 - Data Center West,2024-11-26,P4-KPI6,Innovation Projects,P4,2.64,3.0,>,count
55009,E2E Full Test Corporation 1769028736 - Data Center West,2024-01-01,P4-KPI7,Business Case Validation,P4,77.17,90.0,>,%
55009,E2E Full Test Corporation 1769028736 - Data Center West,2024-01-31,P4-KPI7,Business Case Validation,P4,82.02,90.0,>,%
55009,E2E Full Test Corporation 1769028736 - Data Center West,2024-03-01,P4-KPI7,Business Case Validation,P4,83.35,90.0,>,%
55009,E2E Full Test Corporation 1769028736 - Data Center West,2024-03-31,P4-KPI7,Business Case Validation,P4,80.88,90.0,>,%
55009,E2E Full Test Corporation 1769028736 - Data Center West,2024-04-30,P4-KPI7,Business Case Validation,P4,83.85,90.0,>,%
55009,E2E Full Test Corporation 1769028736 - Data Center West,2024-05-30,P4-KPI7,Business Case Validation,P4,84.69,90.0,>,%
55009,E2E Full Test Corporation 1769028736 - Data Center West,2024-06-29,P4-KPI7,Business Case Validation,P4,85.51,90.0,>,%
55009,E2E Full Test Corporation 1769028736 - Data Center West,2024-07-29,P4-KPI7,Business Case Validation,P4,80.94,90.0,>,%
55009,E2E Full Test Corporation 1769028736 - Data Center West,2024-08-28,P4-KPI7,Business Case Validation,P4,85.06,90.0,>,%
55009,E2E Full Test Corporation 1769028736 - Data Center West,2024-09-27,P4-KPI7,Business Case Validation,P4,85.06,90.0,>,%
55009,E2E Full Test Corporation 1769028736 - Data Center West,2024-10-27,P4-KPI7,Business Case Validation,P4,80.91,90.0,>,%
55009,E2E Full Test Corporation 1769028736 - Data Center West,2024-11-26,P4-KPI7,Business Case Validation,P4,84.57,90.0,>,%
55009,E2E Full Test Corporation 1769028736 - Data Center West,2024-01-01,P5-KPI1,Executive Sponsorship,P5,3.95,4.5,>,score
55009,E2E Full Test Corporation 1769028736 - Data Center West,2024-01-31,P5-KPI1,Executive Sponsorship,P5,3.96,4.5,>,score
55009,E2E Full Test Corporation 1769028736 - Data Center West,2024-03-01,P5-KPI1,Executive Sponsorship,P5,3.83,4.5,>,score
55009,E2E Full Test Corporation 1769028736 - Data Center West,2024-03-31,P5-KPI1,Executive Sponsorship,P5,3.81,4.5,>,score
55009,E2E Full Test Corporation 1769028736 - Data Center West,2024-04-30,P5-KPI1,Executive Sponsorship,P5,3.99,4.5,>,score
55009,E2E Full Test Corporation 1769028736 - Data Center West,2024-05-30,P5-KPI1,Executive Sponsorship,P5,3.91,4.5,>,score
55009,E2E Full Test Corporation 1769028736 - Data Center West,2024-06-29,P5-KPI1,Executive Sponsorship,P5,3.89,4.5,>,score
55009,E2E Full Test Corporation 1769028736 - Data Center West,2024-07-29,P5-KPI1,Executive Sponsorship,P5,3.99,4.5,>,score
55009,E2E Full Test Corporation 1769028736 - Data Center West,2024-08-28,P5-KPI1,Executive Sponsorship,P5,4.13,4.5,>,score
55009,E2E Full Test Corporation 1769028736 - Data Center West,2024-09-27,P5-KPI1,Executive Sponsorship,P5,3.85,4.5,>,score
55009,E2E Full Test Corporation 1769028736 - Data Center West,2024-10-27,P5-KPI1,Executive Sponsorship,P5,4.04,4.5,>,score
55009,E2E Full Test Corporation 1769028736 - Data Center West,2024-11-26,P5-KPI1,Executive Sponsorship,P5,4.49,4.5,>,score
55009,E2E Full Test Corporation 1769028736 - Data Center West,2024-01-01,P5-KPI2,Renewal Likelihood,P5,87.57,95.0,>,%
55009,E2E Full Test Corporation 1769028736 - Data Center West,2024-01-31,P5-KPI2,Renewal Likelihood,P5,85.47,95.0,>,%
55009,E2E Full Test Corporation 1769028736 - Data Center West,2024-03-01,P5-KPI2,Renewal Likelihood,P5,83.51,95.0,>,%
55009,E2E Full Test Corporation 1769028736 - Data Center West,2024-03-31,P5-KPI2,Renewal Likelihood,P5,80.82,95.0,>,%
55009,E2E Full Test Corporation 1769028736 - Data Center West,2024-04-30,P5-KPI2,Renewal Likelihood,P5,80.6,95.0,>,%
55009,E2E Full Test Corporation 1769028736 - Data Center West,2024-05-30,P5-KPI2,Renewal Likelihood,P5,82.97,95.0,>,%
55009,E2E Full Test Corporation 1769028736 - Data Center West,2024-06-29,P5-KPI2,Renewal Likelihood,P5,86.64,95.0,>,%
55009,E2E Full Test Corporation 1769028736 - Data Center West,2024-07-29,P5-KPI2,Renewal Likelihood,P5,89.42,95.0,>,%
55009,E2E Full Test Corporation 1769028736 - Data Center West,2024-08-28,P5-KPI2,Renewal Likelihood,P5,91.51,95.0,>,%
55009,E2E Full Test Corporation 1769028736 - Data Center West,2024-09-27,P5-KPI2,Renewal Likelihood,P5,87.46,95.0,>,%
55009,E2E Full Test Corporation 1769028736 - Data Center West,2024-10-27,P5-KPI2,Renewal Likelihood,P5,89.14,95.0,>,%
55009,E2E Full Test Corporation 1769028736 - Data Center West,2024-11-26,P5-KPI2,Renewal Likelihood,P5,92.7,95.0,>,%
55009,E2E Full Test Corporation 1769028736 - Data Center West,2024-01-01,P5-KPI3,Expansion Pipeline,P5,1.34,2.0,>,$M
55009,E2E Full Test Corporation 1769028736 - Data Center West,2024-01-31,P5-KPI3,Expansion Pipeline,P5,1.33,2.0,>,$M
55009,E2E Full Test Corporation 1769028736 - Data Center West,2024-03-01,P5-KPI3,Expansion Pipeline,P5,1.39,2.0,>,$M
55009,E2E Full Test Corporation 1769028736 - Data Center West,2024-03-31,P5-KPI3,Expansion Pipeline,P5,1.31,2.0,>,$M
55009,E2E Full Test Corporation 1769028736 - Data Center West,2024-04-30,P5-KPI3,Expansion Pipeline,P5,1.29,2.0,>,$M
55009,E2E Full Test Corporation 1769028736 - Data Center West,2024-05-30,P5-KPI3,Expansion Pipeline,P5,1.34,2.0,>,$M
55009,E2E Full Test Corporation 1769028736 - Data Center West,2024-06-29,P5-KPI3,Expansion Pipeline,P5,1.57,2.0,>,$M
55009,E2E Full Test Corporation 1769028736 - Data Center West,2024-07-29,P5-KPI3,Expansion Pipeline,P5,1.56,2.0,>,$M
55009,E2E Full Test Corporation 1769028736 - Data Center West,2024-08-28,P5-KPI3,Expansion Pipeline,P5,1.54,2.0,>,$M
55009,E2E Full Test Corporation 1769028736 - Data Center West,2024-09-27,P5-KPI3,Expansion Pipeline,P5,1.62,2.0,>,$M
55009,E2E Full Test Corporation 1769028736 - Data Center West,2024-10-27,P5-KPI3,Expansion Pipeline,P5,1.5,2.0,>,$M
55009,E2E Full Test Corporation 1769028736 - Data Center West,2024-11-26,P5-KPI3,Expansion Pipeline,P5,1.79,2.0,>,$M
55009,E2E Full Test Corporation 1769028736 - Data Center West,2024-01-01,P5-KPI4,Reference Willingness,P5,3.21,4.0,>,score
55009,E2E Full Test Corporation 1769028736 - Data Center West,2024-01-31,P5-KPI4,Reference Willingness,P5,3.06,4.0,>,score
55009,E2E Full Test Corporation 1769028736 - Data Center West,2024-03-01,P5-KPI4,Reference Willingness,P5,3.02,4.0,>,score
55009,E2E Full Test Corporation 1769028736 - Data Center West,2024-03-31,P5-KPI4,Reference Willingness,P5,3.23,4.0,>,score
55009,E2E Full Test Corporation 1769028736 - Data Center West,2024-04-30,P5-KPI4,Reference Willingness,P5,3.09,4.0,>,score
55009,E2E Full Test Corporation 1769028736 - Data Center West,2024-05-30,P5-KPI4,Reference Willingness,P5,3.09,4.0,>,score
55009,E2E Full Test Corporation 1769028736 - Data Center West,2024-06-29,P5-KPI4,Reference Willingness,P5,3.37,4.0,>,score
55009,E2E Full Test Corporation 1769028736 - Data Center West,2024-07-29,P5-KPI4,Reference Willingness,P5,3.28,4.0,>,score
55009,E2E Full Test Corporation 1769028736 - Data Center West,2024-08-28,P5-KPI4,Reference Willingness,P5,3.57,4.0,>,score
55009,E2E Full Test Corporation 1769028736 - Data Center West,2024-09-27,P5-KPI4,Reference Willingness,P5,3.32,4.0,>,score
55009,E2E Full Test Corporation 1769028736 - Data Center West,2024-10-27,P5-KPI4,Reference Willingness,P5,3.44,4.0,>,score
55009,E2E Full Test Corporation 1769028736 - Data Center West,2024-11-26,P5-KPI4,Reference Willingness,P5,3.71,4.0,>,score
55009,E2E Full Test Corporation 1769028736 - Data Center West,2024-01-01,P5-KPI5,Strategic Alignment,P5,73.55,85.0,>,score
55009,E2E Full Test Corporation 1769028736 - Data Center West,2024-01-31,P5-KPI5,Strategic Alignment,P5,70.51,85.0,>,score
55009,E2E Full Test Corporation 1769028736 - Data Center West,2024-03-01,P5-KPI5,Strategic Alignment,P5,73.14,85.0,>,score
55009,E2E Full Test Corporation 1769028736 - Data Center West,2024-03-31,P5-KPI5,Strategic Alignment,P5,76.38,85.0,>,score
55009,E2E Full Test Corporation 1769028736 - Data Center West,2024-04-30,P5-KPI5,Strategic Alignment,P5,70.9,85.0,>,score
55009,E2E Full Test Corporation 1769028736 - Data Center West,2024-05-30,P5-KPI5,Strategic Alignment,P5,75.08,85.0,>,score
55009,E2E Full Test Corporation 1769028736 - Data Center West,2024-06-29,P5-KPI5,Strategic Alignment,P5,77.66,85.0,>,score
55009,E2E Full Test Corporation 1769028736 - Data Center West,2024-07-29,P5-KPI5,Strategic Alignment,P5,78.58,85.0,>,score
55009,E2E Full Test Corporation 1769028736 - Data Center West,2024-08-28,P5-KPI5,Strategic Alignment,P5,78.4,85.0,>,score
55009,E2E Full Test Corporation 1769028736 - Data Center West,2024-09-27,P5-KPI5,Strategic Alignment,P5,77.9,85.0,>,score
55009,E2E Full Test Corporation 1769028736 - Data Center West,2024-10-27,P5-KPI5,Strategic Alignment,P5,76.59,85.0,>,score
55009,E2E Full Test Corporation 1769028736 - Data Center West,2024-11-26,P5-KPI5,Strategic Alignment,P5,78.57,85.0,>,score
55009,E2E Full Test Corporation 1769028736 - Data Center West,2024-01-01,P5-KPI6,Partnership Depth,P5,64.14,80.0,>,score
55009,E2E Full Test Corporation 1769028736 - Data Center West,2024-01-31,P5-KPI6,Partnership Depth,P5,66.33,80.0,>,score
55009,E2E Full Test Corporation 1769028736 - Data Center West,2024-03-01,P5-KPI6,Partnership Depth,P5,64.38,80.0,>,score
55009,E2E Full Test Corporation 1769028736 - Data Center West,2024-03-31,P5-KPI6,Partnership Depth,P5,68.84,80.0,>,score
55009,E2E Full Test Corporation 1769028736 - Data Center West,2024-04-30,P5-KPI6,Partnership Depth,P5,68.83,80.0,>,score
55009,E2E Full Test Corporation 1769028736 - Data Center West,2024-05-30,P5-KPI6,Partnership Depth,P5,65.1,80.0,>,score
55009,E2E Full Test Corporation 1769028736 - Data Center West,2024-06-29,P5-KPI6,Partnership Depth,P5,71.74,80.0,>,score
55009,E2E Full Test Corporation 1769028736 - Data Center West,2024-07-29,P5-KPI6,Partnership Depth,P5,70.37,80.0,>,score
55009,E2E Full Test Corporation 1769028736 - Data Center West,2024-08-28,P5-KPI6,Partnership Depth,P5,68.16,80.0,>,score
55009,E2E Full Test Corporation 1769028736 - Data Center West,2024-09-27,P5-KPI6,Partnership Depth,P5,73.69,80.0,>,score
55009,E2E Full Test Corporation 1769028736 - Data Center West,2024-10-27,P5-KPI6,Partnership Depth,P5,70.5,80.0,>,score
55009,E2E Full Test Corporation 1769028736 - Data Center West,2024-11-26,P5-KPI6,Partnership Depth,P5,73.37,80.0,>,score
55009,E2E Full Test Corporation 1769028736 - Data Center West,2024-01-01,P5-KPI7,NPS Score,P5,59.11,70.0,>,score
55009,E2E Full Test Corporation 1769028736 - Data Center West,2024-01-31,P5-KPI7,NPS Score,P5,57.53,70.0,>,score
55009,E2E Full Test Corporation 1769028736 - Data Center West,2024-03-01,P5-KPI7,NPS Score,P5,56.16,70.0,>,score
55009,E2E Full Test Corporation 1769028736 - Data Center West,2024-03-31,P5-KPI7,NPS Score,P5,57.13,70.0,>,score
55009,E2E Full Test Corporation 1769028736 - Data Center West,2024-04-30,P5-KPI7,NPS Score,P5,58.29,70.0,>,score
55009,E2E Full Test Corporation 1769028736 - Data Center West,2024-05-30,P5-KPI7,NPS Score,P5,54.61,70.0,>,score
55009,E2E Full Test Corporation 1769028736 - Data Center West,2024-06-29,P5-KPI7,NPS Score,P5,59.5,70.0,>,score
55009,E2E Full Test Corporation 1769028736 - Data Center West,2024-07-29,P5-KPI7,NPS Score,P5,62.18,70.0,>,score
55009,E2E Full Test Corporation 1769028736 - Data Center West,2024-08-28,P5-KPI7,NPS Score,P5,63.53,70.0,>,score
55009,E2E Full Test Corporation 1769028736 - Data Center West,2024-09-27,P5-KPI7,NPS Score,P5,59.44,70.0,>,score
55009,E2E Full Test Corporation 1769028736 - Data Center West,2024-10-27,P5-KPI7,NPS Score,P5,63.57,70.0,>,score
55009,E2E Full Test Corporation 1769028736 - Data Center West,2024-11-26,P5-KPI7,NPS Score,P5,63.22,70.0,>,score
55010,E2E Full Test Corporation 1769028736 - Infrastructure,2024-01-01,P1-KPI1,System Uptime,P1,100.0,99.9,>,%
55010,E2E Full Test Corporation 1769028736 - Infrastructure,2024-01-31,P1-KPI1,System Uptime,P1,98.0,99.9,>,%
55010,E2E Full Test Corporation 1769028736 - Infrastructure,2024-03-01,P1-KPI1,System Uptime,P1,100.0,99.9,>,%
55010,E2E Full Test Corporation 1769028736 - Infrastructure,2024-03-31,P1-KPI1,System Uptime,P1,100.0,99.9,>,%
55010,E2E Full Test Corporation 1769028736 - Infrastructure,2024-04-30,P1-KPI1,System Uptime,P1,98.0,99.9,>,%
55010,E2E Full Test Corporation 1769028736 - Infrastructure,2024-05-30,P1-KPI1,System Uptime,P1,98.0,99.9,>,%
55010,E2E Full Test Corporation 1769028736 - Infrastructure,2024-06-29,P1-KPI1,System Uptime,P1,100.0,99.9,>,%
55010,E2E Full Test Corporation 1769028736 - Infrastructure,2024-07-29,P1-KPI1,System Uptime,P1,99.94,99.9,>,%
55010,E2E Full Test Corporation 1769028736 - Infrastructure,2024-08-28,P1-KPI1,System Uptime,P1,100.0,99.9,>,%
55010,E2E Full Test Corporation 1769028736 - Infrastructure,2024-09-27,P1-KPI1,System Uptime,P1,100.0,99.9,>,%
55010,E2E Full Test Corporation 1769028736 - Infrastructure,2024-10-27,P1-KPI1,System Uptime,P1,100.0,99.9,>,%
55010,E2E Full Test Corporation 1769028736 - Infrastructure,2024-11-26,P1-KPI1,System Uptime,P1,100.0,99.9,>,%
55010,E2E Full Test Corporation 1769028736 - Infrastructure,2024-01-01,P1-KPI2,Mean Time to Resolution,P1,3.03,2.0,<,hours
55010,E2E Full Test Corporation 1769028736 - Infrastructure,2024-01-31,P1-KPI2,Mean Time to Resolution,P1,2.88,2.0,<,hours
55010,E2E Full Test Corporation 1769028736 - Infrastructure,2024-03-01,P1-KPI2,Mean Time to Resolution,P1,2.97,2.0,<,hours
55010,E2E Full Test Corporation 1769028736 - Infrastructure,2024-03-31,P1-KPI2,Mean Time to Resolution,P1,3.76,2.0,<,hours
55010,E2E Full Test Corporation 1769028736 - Infrastructure,2024-04-30,P1-KPI2,Mean Time to Resolution,P1,3.85,2.0,<,hours
55010,E2E Full Test Corporation 1769028736 - Infrastructure,2024-05-30,P1-KPI2,Mean Time to Resolution,P1,3.89,2.0,<,hours
55010,E2E Full Test Corporation 1769028736 - Infrastructure,2024-06-29,P1-KPI2,Mean Time to Resolution,P1,3.8,2.0,<,hours
55010,E2E Full Test Corporation 1769028736 - Infrastructure,2024-07-29,P1-KPI2,Mean Time to Resolution,P1,3.66,2.0,<,hours
55010,E2E Full Test Corporation 1769028736 - Infrastructure,2024-08-28,P1-KPI2,Mean Time to Resolution,P1,3.77,2.0,<,hours
55010,E2E Full Test Corporation 1769028736 - Infrastructure,2024-09-27,P1-KPI2,Mean Time to Resolution,P1,4.59,2.0,<,hours
55010,E2E Full Test Corporation 1769028736 - Infrastructure,2024-10-27,P1-KPI2,Mean Time to Resolution,P1,4.6,2.0,<,hours
55010,E2E Full Test Corporation 1769028736 - Infrastructure,2024-11-26,P1-KPI2,Mean Time to Resolution,P1,4.86,2.0,<,hours
55010,E2E Full Test Corporation 1769028736 - Infrastructure,2024-01-01,P1-KPI3,GPU Utilization,P1,84.21,85.0,>,%
55010,E2E Full Test Corporation 1769028736 - Infrastructure,2024-01-31,P1-KPI3,GPU Utilization,P1,82.05,85.0,>,%
55010,E2E Full Test Corporation 1769028736 - Infrastructure,2024-03-01,P1-KPI3,GPU Utilization,P1,80.33,85.0,>,%
55010,E2E Full Test Corporation 1769028736 - Infrastructure,2024-03-31,P1-KPI3,GPU Utilization,P1,79.11,85.0,>,%
55010,E2E Full Test Corporation 1769028736 - Infrastructure,2024-04-30,P1-KPI3,GPU Utilization,P1,80.59,85.0,>,%
55010,E2E Full Test Corporation 1769028736 - Infrastructure,2024-05-30,P1-KPI3,GPU Utilization,P1,74.09,85.0,>,%
55010,E2E Full Test Corporation 1769028736 - Infrastructure,2024-06-29,P1-KPI3,GPU Utilization,P1,76.75,85.0,>,%
55010,E2E Full Test Corporation 1769028736 - Infrastructure,2024-07-29,P1-KPI3,GPU Utilization,P1,77.29,85.0,>,%
55010,E2E Full Test Corporation 1769028736 - Infrastructure,2024-08-28,P1-KPI3,GPU Utilization,P1,77.82,85.0,>,%
55010,E2E Full Test Corporation 1769028736 - Infrastructure,2024-09-27,P1-KPI3,GPU Utilization,P1,75.14,85.0,>,%
55010,E2E Full Test Corporation 1769028736 - Infrastructure,2024-10-27,P1-KPI3,GPU Utilization,P1,71.17,85.0,>,%
55010,E2E Full Test Corporation 1769028736 - Infrastructure,2024-11-26,P1-KPI3,GPU Utilization,P1,70.42,85.0,>,%
55010,E2E Full Test Corporation 1769028736 - Infrastructure,2024-01-01,P1-KPI4,Network Latency,P1,15.86,10.0,<,ms
55010,E2E Full Test Corporation 1769028736 - Infrastructure,2024-01-31,P1-KPI4,Network Latency,P1,15.71,10.0,<,ms
55010,E2E Full Test Corporation 1769028736 - Infrastructure,2024-03-01,P1-KPI4,Network Latency,P1,15.22,10.0,<,ms
55010,E2E Full Test Corporation 1769028736 - Infrastructure,2024-03-31,P1-KPI4,Network Latency,P1,22.01,10.0,<,ms
55010,E2E Full Test Corporation 1769028736 - Infrastructure,2024-04-30,P1-KPI4,Network Latency,P1,21.02,10.0,<,ms
55010,E2E Full Test Corporation 1769028736 - Infrastructure,2024-05-30,P1-KPI4,Network Latency,P1,21.53,10.0,<,ms
55010,E2E Full Test Corporation 1769028736 - Infrastructure,2024-06-29,P1-KPI4,Network Latency,P1,22.46,10.0,<,ms
55010,E2E Full Test Corporation 1769028736 - Infrastructure,2024-07-29,P1-KPI4,Network Latency,P1,22.05,10.0,<,ms
55010,E2E Full Test Corporation 1769028736 - Infrastructure,2024-08-28,P1-KPI4,Network Latency,P1,21.92,10.0,<,ms
55010,E2E Full Test Corporation 1769028736 - Infrastructure,2024-09-27,P1-KPI4,Network Latency,P1,27.93,10.0,<,ms
55010,E2E Full Test Corporation 1769028736 - Infrastructure,2024-10-27,P1-KPI4,Network Latency,P1,28.15,10.0,<,ms
55010,E2E Full Test Corporation 1769028736 - Infrastructure,2024-11-26,P1-KPI4,Network Latency,P1,28.34,10.0,<,ms
55010,E2E Full Test Corporation 1769028736 - Infrastructure,2024-01-01,P1-KPI5,Storage Performance,P1,95669.73,100000.0,>,IOPS
55010,E2E Full Test Corporation 1769028736 - Infrastructure,2024-01-31,P1-KPI5,Storage Performance,P1,92698.56,100000.0,>,IOPS
55010,E2E Full Test Corporation 1769028736 - Infrastructure,2024-03-01,P1-KPI5,Storage Performance,P1,95884.74,100000.0,>,IOPS
55010,E2E Full Test Corporation 1769028736 - Infrastructure,2024-03-31,P1-KPI5,Storage Performance,P1,86667.85,100000.0,>,IOPS
55010,E2E Full Test Corporation 1769028736 - Infrastructure,2024-04-30,P1-KPI5,Storage Performance,P1,83688.92,100000.0,>,IOPS
55010,E2E Full Test Corporation 1769028736 - Infrastructure,2024-05-30,P1-KPI5,Storage Performance,P1,88555.24,100000.0,>,IOPS
55010,E2E Full Test Corporation 1769028736 - Infrastructure,2024-06-29,P1-KPI5,Storage Performance,P1,84758.54,100000.0,>,IOPS
55010,E2E Full Test Corporation 1769028736 - Infrastructure,2024-07-29,P1-KPI5,Storage Performance,P1,85084.19,100000.0,>,IOPS
55010,E2E Full Test Corporation 1769028736 - Infrastructure,2024-08-28,P1-KPI5,Storage Performance,P1,85948.37,100000.0,>,IOPS
55010,E2E Full Test Corporation 1769028736 - Infrastructure,2024-09-27,P1-KPI5,Storage Performance,P1,79436.64,100000.0,>,IOPS
55010,E2E Full Test Corporation 1769028736 - Infrastructure,2024-10-27,P1-KPI5,Storage Performance,P1,76982.01,100000.0,>,IOPS
55010,E2E Full Test Corporation 1769028736 - Infrastructure,2024-11-26,P1-KPI5,Storage Performance,P1,77724.67,100000.0,>,IOPS
55010,E2E Full Test Corporation 1769028736 - Infrastructure,2024-01-01,P1-KPI6,Cooling Efficiency,P1,1.42,1.3,<,PUE
55010,E2E Full Test Corporation 1769028736 - Infrastructure,2024-01-31,P1-KPI6,Cooling Efficiency,P1,1.34,1.3,<,PUE
55010,E2E Full Test Corporation 1769028736 - Infrastructure,2024-03-01,P1-KPI6,Cooling Efficiency,P1,1.37,1.3,<,PUE
55010,E2E Full Test Corporation 1769028736 - Infrastructure,2024-03-31,P1-KPI6,Cooling Efficiency,P1,1.43,1.3,<,PUE
55010,E2E Full Test Corporation 1769028736 - Infrastructure,2024-04-30,P1-KPI6,Cooling Efficiency,P1,1.45,1.3,<,PUE
55010,E2E Full Test Corporation 1769028736 - Infrastructure,2024-05-30,P1-KPI6,Cooling Efficiency,P1,1.47,1.3,<,PUE
55010,E2E Full Test Corporation 1769028736 - Infrastructure,2024-06-29,P1-KPI6,Cooling Efficiency,P1,1.49,1.3,<,PUE
55010,E2E Full Test Corporation 1769028736 - Infrastructure,2024-07-29,P1-KPI6,Cooling Efficiency,P1,1.38,1.3,<,PUE
55010,E2E Full Test Corporation 1769028736 - Infrastructure,2024-08-28,P1-KPI6,Cooling Efficiency,P1,1.4,1.3,<,PUE
55010,E2E Full Test Corporation 1769028736 - Infrastructure,2024-09-27,P1-KPI6,Cooling Efficiency,P1,1.5,1.3,<,PUE
55010,E2E Full Test Corporation 1769028736 - Infrastructure,2024-10-27,P1-KPI6,Cooling Efficiency,P1,1.57,1.3,<,PUE
55010,E2E Full Test Corporation 1769028736 - Infrastructure,2024-11-26,P1-KPI6,Cooling Efficiency,P1,1.52,1.3,<,PUE
55010,E2E Full Test Corporation 1769028736 - Infrastructure,2024-01-01,P1-KPI7,Power Usage,P1,566.15,500.0,<,kW
55010,E2E Full Test Corporation 1769028736 - Infrastructure,2024-01-31,P1-KPI7,Power Usage,P1,531.84,500.0,<,kW
55010,E2E Full Test Corporation 1769028736 - Infrastructure,2024-03-01,P1-KPI7,Power Usage,P1,546.87,500.0,<,kW
55010,E2E Full Test Corporation 1769028736 - Infrastructure,2024-03-31,P1-KPI7,Power Usage,P1,608.79,500.0,<,kW
55010,E2E Full Test Corporation 1769028736 - Infrastructure,2024-04-30,P1-KPI7,Power Usage,P1,578.93,500.0,<,kW
55010,E2E Full Test Corporation 1769028736 - Infrastructure,2024-05-30,P1-KPI7,Power Usage,P1,588.52,500.0,<,kW
55010,E2E Full Test Corporation 1769028736 - Infrastructure,2024-06-29,P1-KPI7,Power Usage,P1,612.68,500.0,<,kW
55010,E2E Full Test Corporation 1769028736 - Infrastructure,2024-07-29,P1-KPI7,Power Usage,P1,613.31,500.0,<,kW
55010,E2E Full Test Corporation 1769028736 - Infrastructure,2024-08-28,P1-KPI7,Power Usage,P1,601.35,500.0,<,kW
55010,E2E Full Test Corporation 1769028736 - Infrastructure,2024-09-27,P1-KPI7,Power Usage,P1,608.92,500.0,<,kW
55010,E2E Full Test Corporation 1769028736 - Infrastructure,2024-10-27,P1-KPI7,Power Usage,P1,608.28,500.0,<,kW
55010,E2E Full Test Corporation 1769028736 - Infrastructure,2024-11-26,P1-KPI7,Power Usage,P1,653.5,500.0,<,kW
55010,E2E Full Test Corporation 1769028736 - Infrastructure,2024-01-01,P1-KPI8,Thermal Management,P1,26.39,25.0,<,°C
55010,E2E Full Test Corporation 1769028736 - Infrastructure,2024-01-31,P1-KPI8,Thermal Management,P1,25.49,25.0,<,°C
55010,E2E Full Test Corporation 1769028736 - Infrastructure,2024-03-01,P1-KPI8,Thermal Management,P1,27.12,25.0,<,°C
55010,E2E Full Test Corporation 1769028736 - Infrastructure,2024-03-31,P1-KPI8,Thermal Management,P1,27.32,25.0,<,°C
55010,E2E Full Test Corporation 1769028736 - Infrastructure,2024-04-30,P1-KPI8,Thermal Management,P1,28.97,25.0,<,°C
55010,E2E Full Test Corporation 1769028736 - Infrastructure,2024-05-30,P1-KPI8,Thermal Management,P1,28.31,25.0,<,°C
55010,E2E Full Test Corporation 1769028736 - Infrastructure,2024-06-29,P1-KPI8,Thermal Management,P1,26.71,25.0,<,°C
55010,E2E Full Test Corporation 1769028736 - Infrastructure,2024-07-29,P1-KPI8,Thermal Management,P1,27.5,25.0,<,°C
55010,E2E Full Test Corporation 1769028736 - Infrastructure,2024-08-28,P1-KPI8,Thermal Management,P1,28.89,25.0,<,°C
55010,E2E Full Test Corporation 1769028736 - Infrastructure,2024-09-27,P1-KPI8,Thermal Management,P1,28.93,25.0,<,°C
55010,E2E Full Test Corporation 1769028736 - Infrastructure,2024-10-27,P1-KPI8,Thermal Management,P1,28.92,25.0,<,°C
55010,E2E Full Test Corporation 1769028736 - Infrastructure,2024-11-26,P1-KPI8,Thermal Management,P1,29.05,25.0,<,°C
55010,E2E Full Test Corporation 1769028736 - Infrastructure,2024-01-01,P2-KPI1,SLA Compliance,P2,99.8,99.0,>,%
55010,E2E Full Test Corporation 1769028736 - Infrastructure,2024-01-31,P2-KPI1,SLA Compliance,P2,100.0,99.0,>,%
55010,E2E Full Test Corporation 1769028736 - Infrastructure,2024-03-01,P2-KPI1,SLA Compliance,P2,98.26,99.0,>,%
55010,E2E Full Test Corporation 1769028736 - Infrastructure,2024-03-31,P2-KPI1,SLA Compliance,P2,100.0,99.0,>,%
55010,E2E Full Test Corporation 1769028736 - Infrastructure,2024-04-30,P2-KPI1,SLA Compliance,P2,96.01,99.0,>,%
55010,E2E Full Test Corporation 1769028736 - Infrastructure,2024-05-30,P2-KPI1,SLA Compliance,P2,99.16,99.0,>,%
55010,E2E Full Test Corporation 1769028736 - Infrastructure,2024-06-29,P2-KPI1,SLA Compliance,P2,95.25,99.0,>,%
55010,E2E Full Test Corporation 1769028736 - Infrastructure,2024-07-29,P2-KPI1,SLA Compliance,P2,95.0,99.0,>,%
55010,E2E Full Test Corporation 1769028736 - Infrastructure,2024-08-28,P2-KPI1,SLA Compliance,P2,99.48,99.0,>,%
55010,E2E Full Test Corporation 1769028736 - Infrastructure,2024-09-27,P2-KPI1,SLA Compliance,P2,95.0,99.0,>,%
55010,E2E Full Test Corporation 1769028736 - Infrastructure,2024-10-27,P2-KPI1,SLA Compliance,P2,95.0,99.0,>,%
55010,E2E Full Test Corporation 1769028736 - Infrastructure,2024-11-26,P2-KPI1,SLA Compliance,P2,95.0,99.0,>,%
55010,E2E Full Test Corporation 1769028736 - Infrastructure,2024-01-01,P2-KPI2,Incident Response Time,P2,20.89,15.0,<,minutes
55010,E2E Full Test Corporation 1769028736 - Infrastructure,2024-01-31,P2-KPI2,Incident Response Time,P2,20.67,15.0,<,minutes
55010,E2E Full Test Corporation 1769028736 - Infrastructure,2024-03-01,P2-KPI2,Incident Response Time,P2,21.51,15.0,<,minutes
55010,E2E Full Test Corporation 1769028736 - Infrastructure,2024-03-31,P2-KPI2,Incident Response Time,P2,29.49,15.0,<,minutes
55010,E2E Full Test Corporation 1769028736 - Infrastructure,2024-04-30,P2-KPI2,Incident Response Time,P2,28.96,15.0,<,minutes
55010,E2E Full Test Corporation 1769028736 - Infrastructure,2024-05-30,P2-KPI2,Incident Response Time,P2,29.02,15.0,<,minutes
55010,E2E Full Test Corporation 1769028736 - Infrastructure,2024-06-29,P2-KPI2,Incident Response Time,P2,28.37,15.0,<,minutes
55010,E2E Full Test Corporation 1769028736 - Infrastructure,2024-07-29,P2-KPI2,Incident Response Time,P2,28.29,15.0,<,minutes
55010,E2E Full Test Corporation 1769028736 - Infrastructure,2024-08-28,P2-KPI2,Incident Response Time,P2,27.55,15.0,<,minutes
55010,E2E Full Test Corporation 1769028736 - Infrastructure,2024-09-27,P2-KPI2,Incident Response Time,P2,35.27,15.0,<,minutes
55010,E2E Full Test Corporation 1769028736 - Infrastructure,2024-10-27,P2-KPI2,Incident Response Time,P2,35.53,15.0,<,minutes
55010,E2E Full Test Corporation 1769028736 - Infrastructure,2024-11-26,P2-KPI2,Incident Response Time,P2,36.12,15.0,<,minutes
55010,E2E Full Test Corporation 1769028736 - Infrastructure,2024-01-01,P2-KPI3,Change Success Rate,P2,100.0,98.0,>,%
55010,E2E Full Test Corporation 1769028736 - Infrastructure,2024-01-31,P2-KPI3,Change Success Rate,P2,95.33,98.0,>,%
55010,E2E Full Test Corporation 1769028736 - Infrastructure,2024-03-01,P2-KPI3,Change Success Rate,P2,95.23,98.0,>,%
55010,E2E Full Test Corporation 1769028736 - Infrastructure,2024-03-31,P2-KPI3,Change Success Rate,P2,97.87,98.0,>,%
55010,E2E Full Test Corporation 1769028736 - Infrastructure,2024-04-30,P2-KPI3,Change Success Rate,P2,91.77,98.0,>,%
55010,E2E Full Test Corporation 1769028736 - Infrastructure,2024-05-30,P2-KPI3,Change Success Rate,P2,96.41,98.0,>,%
55010,E2E Full Test Corporation 1769028736 - Infrastructure,2024-06-29,P2-KPI3,Change Success Rate,P2,93.97,98.0,>,%
55010,E2E Full Test Corporation 1769028736 - Infrastructure,2024-07-29,P2-KPI3,Change Success Rate,P2,92.19,98.0,>,%
55010,E2E Full Test Corporation 1769028736 - Infrastructure,2024-08-28,P2-KPI3,Change Success Rate,P2,92.93,98.0,>,%
55010,E2E Full Test Corporation 1769028736 - Infrastructure,2024-09-27,P2-KPI3,Change Success Rate,P2,96.23,98.0,>,%
55010,E2E Full Test Corporation 1769028736 - Infrastructure,2024-10-27,P2-KPI3,Change Success Rate,P2,92.73,98.0,>,%
55010,E2E Full Test Corporation 1769028736 - Infrastructure,2024-11-26,P2-KPI3,Change Success Rate,P2,92.74,98.0,>,%
55010,E2E Full Test Corporation 1769028736 - Infrastructure,2024-01-01,P2-KPI4,Backup Success Rate,P2,100.0,100.0,>,%
55010,E2E Full Test Corporation 1769028736 - Infrastructure,2024-01-31,P2-KPI4,Backup Success Rate,P2,97.21,100.0,>,%
55010,E2E Full Test Corporation 1769028736 - Infrastructure,2024-03-01,P2-KPI4,Backup Success Rate,P2,95.29,100.0,>,%
55010,E2E Full Test Corporation 1769028736 - Infrastructure,2024-03-31,P2-KPI4,Backup Success Rate,P2,98.18,100.0,>,%
55010,E2E Full Test Corporation 1769028736 - Infrastructure,2024-04-30,P2-KPI4,Backup Success Rate,P2,100.0,100.0,>,%
55010,E2E Full Test Corporation 1769028736 - Infrastructure,2024-05-30,P2-KPI4,Backup Success Rate,P2,100.0,100.0,>,%
55010,E2E Full Test Corporation 1769028736 - Infrastructure,2024-06-29,P2-KPI4,Backup Success Rate,P2,95.0,100.0,>,%
55010,E2E Full Test Corporation 1769028736 - Infrastructure,2024-07-29,P2-KPI4,Backup Success Rate,P2,100.0,100.0,>,%
55010,E2E Full Test Corporation 1769028736 - Infrastructure,2024-08-28,P2-KPI4,Backup Success Rate,P2,95.68,100.0,>,%
55010,E2E Full Test Corporation 1769028736 - Infrastructure,2024-09-27,P2-KPI4,Backup Success Rate,P2,100.0,100.0,>,%
55010,E2E Full Test Corporation 1769028736 - Infrastructure,2024-10-27,P2-KPI4,Backup Success Rate,P2,95.44,100.0,>,%
55010,E2E Full Test Corporation 1769028736 - Infrastructure,2024-11-26,P2-KPI4,Backup Success Rate,P2,95.0,100.0,>,%
55010,E2E Full Test Corporation 1769028736 - Infrastructure,2024-01-01,P2-KPI5,Patch Compliance,P2,93.89,95.0,>,%
55010,E2E Full Test Corporation 1769028736 - Infrastructure,2024-01-31,P2-KPI5,Patch Compliance,P2,92.19,95.0,>,%
55010,E2E Full Test Corporation 1769028736 - Infrastructure,2024-03-01,P2-KPI5,Patch Compliance,P2,94.74,95.0,>,%
55010,E2E Full Test Corporation 1769028736 - Infrastructure,2024-03-31,P2-KPI5,Patch Compliance,P2,87.19,95.0,>,%
55010,E2E Full Test Corporation 1769028736 - Infrastructure,2024-04-30,P2-KPI5,Patch Compliance,P2,90.69,95.0,>,%
55010,E2E Full Test Corporation 1769028736 - Infrastructure,2024-05-30,P2-KPI5,Patch Compliance,P2,86.48,95.0,>,%
55010,E2E Full Test Corporation 1769028736 - Infrastructure,2024-06-29,P2-KPI5,Patch Compliance,P2,87.55,95.0,>,%
55010,E2E Full Test Corporation 1769028736 - Infrastructure,2024-07-29,P2-KPI5,Patch Compliance,P2,88.88,95.0,>,%
55010,E2E Full Test Corporation 1769028736 - Infrastructure,2024-08-28,P2-KPI5,Patch Compliance,P2,88.68,95.0,>,%
55010,E2E Full Test Corporation 1769028736 - Infrastructure,2024-09-27,P2-KPI5,Patch Compliance,P2,83.85,95.0,>,%
55010,E2E Full Test Corporation 1769028736 - Infrastructure,2024-10-27,P2-KPI5,Patch Compliance,P2,85.77,95.0,>,%
55010,E2E Full Test Corporation 1769028736 - Infrastructure,2024-11-26,P2-KPI5,Patch Compliance,P2,86.28,95.0,>,%
55010,E2E Full Test Corporation 1769028736 - Infrastructure,2024-01-01,P2-KPI6,Service Request Fulfillment,P2,4.18,3.0,<,days
55010,E2E Full Test Corporation 1769028736 - Infrastructure,2024-01-31,P2-KPI6,Service Request Fulfillment,P2,3.86,3.0,<,days
55010,E2E Full Test Corporation 1769028736 - Infrastructure,2024-03-01,P2-KPI6,Service Request Fulfillment,P2,4.05,3.0,<,days
55010,E2E Full Test Corporation 1769028736 - Infrastructure,2024-03-31,P2-KPI6,Service Request Fulfillment,P2,5.18,3.0,<,days
55010,E2E Full Test Corporation 1769028736 - Infrastructure,2024-04-30,P2-KPI6,Service Request Fulfillment,P2,4.94,3.0,<,days
55010,E2E Full Test Corporation 1769028736 - Infrastructure,2024-05-30,P2-KPI6,Service Request Fulfillment,P2,5.23,3.0,<,days
55010,E2E Full Test Corporation 1769028736 - Infrastructure,2024-06-29,P2-KPI6,Service Request Fulfillment,P2,5.1,3.0,<,days
55010,E2E Full Test Corporation 1769028736 - Infrastructure,2024-07-29,P2-KPI6,Service Request Fulfillment,P2,5.23,3.0,<,days
55010,E2E Full Test Corporation 1769028736 - Infrastructure,2024-08-28,P2-KPI6,Service Request Fulfillment,P2,5.09,3.0,<,days
55010,E2E Full Test Corporation 1769028736 - Infrastructure,2024-09-27,P2-KPI6,Service Request Fulfillment,P2,6.15,3.0,<,days
55010,E2E Full Test Corporation 1769028736 - Infrastructure,2024-10-27,P2-KPI6,Service Request Fulfillment,P2,6.41,3.0,<,days
55010,E2E Full Test Corporation 1769028736 - Infrastructure,2024-11-26,P2-KPI6,Service Request Fulfillment,P2,6.12,3.0,<,days
55010,E2E Full Test Corporation 1769028736 - Infrastructure,2024-01-01,P2-KPI7,Capacity Planning Accuracy,P2,89.29,90.0,>,%
55010,E2E Full Test Corporation 1769028736 - Infrastructure,2024-01-31,P2-KPI7,Capacity Planning Accuracy,P2,84.92,90.0,>,%
55010,E2E Full Test Corporation 1769028736 - Infrastructure,2024-03-01,P2-KPI7,Capacity Planning Accuracy,P2,83.91,90.0,>,%
55010,E2E Full Test Corporation 1769028736 - Infrastructure,2024-03-31,P2-KPI7,Capacity Planning Accuracy,P2,87.82,90.0,>,%
55010,E2E Full Test Corporation 1769028736 - Infrastructure,2024-04-30,P2-KPI7,Capacity Planning Accuracy,P2,85.77,90.0,>,%
55010,E2E Full Test Corporation 1769028736 - Infrastructure,2024-05-30,P2-KPI7,Capacity Planning Accuracy,P2,82.21,90.0,>,%
55010,E2E Full Test Corporation 1769028736 - Infrastructure,2024-06-29,P2-KPI7,Capacity Planning Accuracy,P2,81.41,90.0,>,%
55010,E2E Full Test Corporation 1769028736 - Infrastructure,2024-07-29,P2-KPI7,Capacity Planning Accuracy,P2,85.73,90.0,>,%
55010,E2E Full Test Corporation 1769028736 - Infrastructure,2024-08-28,P2-KPI7,Capacity Planning Accuracy,P2,83.06,90.0,>,%
55010,E2E Full Test Corporation 1769028736 - Infrastructure,2024-09-27,P2-KPI7,Capacity Planning Accuracy,P2,80.59,90.0,>,%
55010,E2E Full Test Corporation 1769028736 - Infrastructure,2024-10-27,P2-KPI7,Capacity Planning Accuracy,P2,83.86,90.0,>,%
55010,E2E Full Test Corporation 1769028736 - Infrastructure,2024-11-26,P2-KPI7,Capacity Planning Accuracy,P2,81.53,90.0,>,%
55010,E2E Full Test Corporation 1769028736 - Infrastructure,2024-01-01,P2-KPI8,Documentation Quality,P2,81.37,85.0,>,score
55010,E2E Full Test Corporation 1769028736 - Infrastructure,2024-01-31,P2-KPI8,Documentation Quality,P2,80.63,85.0,>,score
55010,E2E Full Test Corporation 1769028736 - Infrastructure,2024-03-01,P2-KPI8,Documentation Quality,P2,84.02,85.0,>,score
55010,E2E Full Test Corporation 1769028736 - Infrastructure,2024-03-31,P2-KPI8,Documentation Quality,P2,81.11,85.0,>,score
55010,E2E Full Test Corporation 1769028736 - Infrastructure,2024-04-30,P2-KPI8,Documentation Quality,P2,78.19,85.0,>,score
55010,E2E Full Test Corporation 1769028736 - Infrastructure,2024-05-30,P2-KPI8,Documentation Quality,P2,80.42,85.0,>,score
55010,E2E Full Test Corporation 1769028736 - Infrastructure,2024-06-29,P2-KPI8,Documentation Quality,P2,80.24,85.0,>,score
55010,E2E Full Test Corporation 1769028736 - Infrastructure,2024-07-29,P2-KPI8,Documentation Quality,P2,74.69,85.0,>,score
55010,E2E Full Test Corporation 1769028736 - Infrastructure,2024-08-28,P2-KPI8,Documentation Quality,P2,81.17,85.0,>,score
55010,E2E Full Test Corporation 1769028736 - Infrastructure,2024-09-27,P2-KPI8,Documentation Quality,P2,74.39,85.0,>,score
55010,E2E Full Test Corporation 1769028736 - Infrastructure,2024-10-27,P2-KPI8,Documentation Quality,P2,75.57,85.0,>,score
55010,E2E Full Test Corporation 1769028736 - Infrastructure,2024-11-26,P2-KPI8,Documentation Quality,P2,72.28,85.0,>,score
55010,E2E Full Test Corporation 1769028736 - Infrastructure,2024-01-01,P3-KPI1,CSAT Score,P3,4.2,4.5,>,score
55010,E2E Full Test Corporation 1769028736 - Infrastructure,2024-01-31,P3-KPI1,CSAT Score,P3,4.34,4.5,>,score
55010,E2E Full Test Corporation 1769028736 - Infrastructure,2024-03-01,P3-KPI1,CSAT Score,P3,4.42,4.5,>,score
55010,E2E Full Test Corporation 1769028736 - Infrastructure,2024-03-31,P3-KPI1,CSAT Score,P3,4.03,4.5,>,score
55010,E2E Full Test Corporation 1769028736 - Infrastructure,2024-04-30,P3-KPI1,CSAT Score,P3,3.9,4.5,>,score
55010,E2E Full Test Corporation 1769028736 - Infrastructure,2024-05-30,P3-KPI1,CSAT Score,P3,4.04,4.5,>,score
55010,E2E Full Test Corporation 1769028736 - Infrastructure,2024-06-29,P3-KPI1,CSAT Score,P3,4.08,4.5,>,score
55010,E2E Full Test Corporation 1769028736 - Infrastructure,2024-07-29,P3-KPI1,CSAT Score,P3,3.94,4.5,>,score
55010,E2E Full Test Corporation 1769028736 - Infrastructure,2024-08-28,P3-KPI1,CSAT Score,P3,3.9,4.5,>,score
55010,E2E Full Test Corporation 1769028736 - Infrastructure,2024-09-27,P3-KPI1,CSAT Score,P3,3.74,4.5,>,score
55010,E2E Full Test Corporation 1769028736 - Infrastructure,2024-10-27,P3-KPI1,CSAT Score,P3,3.75,4.5,>,score
55010,E2E Full Test Corporation 1769028736 - Infrastructure,2024-11-26,P3-KPI1,CSAT Score,P3,3.97,4.5,>,score
55010,E2E Full Test Corporation 1769028736 - Infrastructure,2024-01-01,P3-KPI2,Support Ticket Volume,P3,31.69,20.0,<,tickets
55010,E2E Full Test Corporation 1769028736 - Infrastructure,2024-01-31,P3-KPI2,Support Ticket Volume,P3,30.66,20.0,<,tickets
55010,E2E Full Test Corporation 1769028736 - Infrastructure,2024-03-01,P3-KPI2,Support Ticket Volume,P3,32.75,20.0,<,tickets
55010,E2E Full Test Corporation 1769028736 - Infrastructure,2024-03-31,P3-KPI2,Support Ticket Volume,P3,43.39,20.0,<,tickets
55010,E2E Full Test Corporation 1769028736 - Infrastructure,2024-04-30,P3-KPI2,Support Ticket Volume,P3,43.73,20.0,<,tickets
55010,E2E Full Test Corporation 1769028736 - Infrastructure,2024-05-30,P3-KPI2,Support Ticket Volume,P3,42.61,20.0,<,tickets
55010,E2E Full Test Corporation 1769028736 - Infrastructure,2024-06-29,P3-KPI2,Support Ticket Volume,P3,45.55,20.0,<,tickets
55010,E2E Full Test Corporation 1769028736 - Infrastructure,2024-07-29,P3-KPI2,Support Ticket Volume,P3,45.15,20.0,<,tickets
55010,E2E Full Test Corporation 1769028736 - Infrastructure,2024-08-28,P3-KPI2,Support Ticket Volume,P3,44.44,20.0,<,tickets
55010,E2E Full Test Corporation 1769028736 - Infrastructure,2024-09-27,P3-KPI2,Support Ticket Volume,P3,54.87,20.0,<,tickets
55010,E2E Full Test Corporation 1769028736 - Infrastructure,2024-10-27,P3-KPI2,Support Ticket Volume,P3,57.5,20.0,<,tickets
55010,E2E Full Test Corporation 1769028736 - Infrastructure,2024-11-26,P3-KPI2,Support Ticket Volume,P3,56.53,20.0,<,tickets
55010,E2E Full Test Corporation 1769028736 - Infrastructure,2024-01-01,P3-KPI3,First Contact Resolution,P3,70.61,75.0,>,%
55010,E2E Full Test Corporation 1769028736 - Infrastructure,2024-01-31,P3-KPI3,First Contact Resolution,P3,72.22,75.0,>,%
55010,E2E Full Test Corporation 1769028736 - Infrastructure,2024-03-01,P3-KPI3,First Contact Resolution,P3,73.46,75.0,>,%
55010,E2E Full Test Corporation 1769028736 - Infrastructure,2024-03-31,P3-KPI3,First Contact Resolution,P3,67.09,75.0,>,%
55010,E2E Full Test Corporation 1769028736 - Infrastructure,2024-04-30,P3-KPI3,First Contact Resolution,P3,67.67,75.0,>,%
55010,E2E Full Test Corporation 1769028736 - Infrastructure,2024-05-30,P3-KPI3,First Contact Resolution,P3,65.12,75.0,>,%
55010,E2E Full Test Corporation 1769028736 - Infrastructure,2024-06-29,P3-KPI3,First Contact Resolution,P3,69.54,75.0,>,%
55010,E2E Full Test Corporation 1769028736 - Infrastructure,2024-07-29,P3-KPI3,First Contact Resolution,P3,65.89,75.0,>,%
55010,E2E Full Test Corporation 1769028736 - Infrastructure,2024-08-28,P3-KPI3,First Contact Resolution,P3,69.69,75.0,>,%
55010,E2E Full Test Corporation 1769028736 - Infrastructure,2024-09-27,P3-KPI3,First Contact Resolution,P3,65.68,75.0,>,%
55010,E2E Full Test Corporation 1769028736 - Infrastructure,2024-10-27,P3-KPI3,First Contact Resolution,P3,61.04,75.0,>,%
55010,E2E Full Test Corporation 1769028736 - Infrastructure,2024-11-26,P3-KPI3,First Contact Resolution,P3,60.63,75.0,>,%
55010,E2E Full Test Corporation 1769028736 - Infrastructure,2024-01-01,P3-KPI4,Training Completion,P3,83.81,90.0,>,%
55010,E2E Full Test Corporation 1769028736 - Infrastructure,2024-01-31,P3-KPI4,Training Completion,P3,83.1,90.0,>,%
55010,E2E Full Test Corporation 1769028736 - Infrastructure,2024-03-01,P3-KPI4,Training Completion,P3,86.1,90.0,>,%
55010,E2E Full Test Corporation 1769028736 - Infrastructure,2024-03-31,P3-KPI4,Training Completion,P3,77.15,90.0,>,%
55010,E2E Full Test Corporation 1769028736 - Infrastructure,2024-04-30,P3-KPI4,Training Completion,P3,82.94,90.0,>,%
55010,E2E Full Test Corporation 1769028736 - Infrastructure,2024-05-30,P3-KPI4,Training Completion,P3,79.67,90.0,>,%
55010,E2E Full Test Corporation 1769028736 - Infrastructure,2024-06-29,P3-KPI4,Training Completion,P3,78.63,90.0,>,%
55010,E2E Full Test Corporation 1769028736 - Infrastructure,2024-07-29,P3-KPI4,Training Completion,P3,83.53,90.0,>,%
55010,E2E Full Test Corporation 1769028736 - Infrastructure,2024-08-28,P3-KPI4,Training Completion,P3,84.25,90.0,>,%
55010,E2E Full Test Corporation 1769028736 - Infrastructure,2024-09-27,P3-KPI4,Training Completion,P3,73.53,90.0,>,%
55010,E2E Full Test Corporation 1769028736 - Infrastructure,2024-10-27,P3-KPI4,Training Completion,P3,73.5,90.0,>,%
55010,E2E Full Test Corporation 1769028736 - Infrastructure,2024-11-26,P3-KPI4,Training Completion,P3,78.12,90.0,>,%
55010,E2E Full Test Corporation 1769028736 - Infrastructure,2024-01-01,P3-KPI5,User Adoption Rate,P3,74.06,80.0,>,%
55010,E2E Full Test Corporation 1769028736 - Infrastructure,2024-01-31,P3-KPI5,User Adoption Rate,P3,73.73,80.0,>,%
55010,E2E Full Test Corporation 1769028736 - Infrastructure,2024-03-01,P3-KPI5,User Adoption Rate,P3,75.24,80.0,>,%
55010,E2E Full Test Corporation 1769028736 - Infrastructure,2024-03-31,P3-KPI5,User Adoption Rate,P3,71.0,80.0,>,%
55010,E2E Full Test Corporation 1769028736 - Infrastructure,2024-04-30,P3-KPI5,User Adoption Rate,P3,67.71,80.0,>,%
55010,E2E Full Test Corporation 1769028736 - Infrastructure,2024-05-30,P3-KPI5,User Adoption Rate,P3,71.13,80.0,>,%
55010,E2E Full Test Corporation 1769028736 - Infrastructure,2024-06-29,P3-KPI5,User Adoption Rate,P3,69.48,80.0,>,%
55010,E2E Full Test Corporation 1769028736 - Infrastructure,2024-07-29,P3-KPI5,User Adoption Rate,P3,71.1,80.0,>,%
55010,E2E Full Test Corporation 1769028736 - Infrastructure,2024-08-28,P3-KPI5,User Adoption Rate,P3,67.71,80.0,>,%
55010,E2E Full Test Corporation 1769028736 - Infrastructure,2024-09-27,P3-KPI5,User Adoption Rate,P3,68.24,80.0,>,%
55010,E2E Full Test Corporation 1769028736 - Infrastructure,2024-10-27,P3-KPI5,User Adoption Rate,P3,66.48,80.0,>,%
55010,E2E Full Test Corporation 1769028736 - Infrastructure,2024-11-26,P3-KPI5,User Adoption Rate,P3,67.6,80.0,>,%
55010,E2E Full Test Corporation 1769028736 - Infrastructure,2024-01-01,P3-KPI6,Executive Engagement,P3,3.55,4.0,>,meetings/quarter
55010,E2E Full Test Corporation 1769028736 - Infrastructure,2024-01-31,P3-KPI6,Executive Engagement,P3,3.69,4.0,>,meetings/quarter
55010,E2E Full Test Corporation 1769028736 - Infrastructure,2024-03-01,P3-KPI6,Executive Engagement,P3,3.7,4.0,>,meetings/quarter
55010,E2E Full Test Corporation 1769028736 - Infrastructure,2024-03-31,P3-KPI6,Executive Engagement,P3,3.26,4.0,>,meetings/quarter
55010,E2E Full Test Corporation 1769028736 - Infrastructure,2024-04-30,P3-KPI6,Executive Engagement,P3,3.34,4.0,>,meetings/quarter
55010,E2E Full Test Corporation 1769028736 - Infrastructure,2024-05-30,P3-KPI6,Executive Engagement,P3,3.3,4.0,>,meetings/quarter
55010,E2E Full Test Corporation 1769028736 - Infrastructure,2024-06-29,P3-KPI6,Executive Engagement,P3,3.29,4.0,>,meetings/quarter
55010,E2E Full Test Corporation 1769028736 - Infrastructure,2024-07-29,P3-KPI6,Executive Engagement,P3,3.41,4.0,>,meetings/quarter
55010,E2E Full Test Corporation 1769028736 - Infrastructure,2024-08-28,P3-KPI6,Executive Engagement,P3,3.25,4.0,>,meetings/quarter
55010,E2E Full Test Corporation 1769028736 - Infrastructure,2024-09-27,P3-KPI6,Executive Engagement,P3,3.01,4.0,>,meetings/quarter
55010,E2E Full Test Corporation 1769028736 - Infrastructure,2024-10-27,P3-KPI6,Executive Engagement,P3,3.18,4.0,>,meetings/quarter
55010,E2E Full Test Corporation 1769028736 - Infrastructure,2024-11-26,P3-KPI6,Executive Engagement,P3,3.16,4.0,>,meetings/quarter
55010,E2E Full Test Corporation 1769028736 - Infrastructure,2024-01-01,P3-KPI7,Response Time SLA,P3,44.17,30.0,<,minutes
55010,E2E Full Test Corporation 1769028736 - Infrastructure,2024-01-31,P3-KPI7,Response Time SLA,P3,42.75,30.0,<,minutes
55010,E2E Full Test Corporation 1769028736 - Infrastructure,2024-03-01,P3-KPI7,Response Time SLA,P3,41.6,30.0,<,minutes
55010,E2E Full Test Corporation 1769028736 - Infrastructure,2024-03-31,P3-KPI7,Response Time SLA,P3,57.14,30.0,<,minutes
55010,E2E Full Test Corporation 1769028736 - Infrastructure,2024-04-30,P3-KPI7,Response Time SLA,P3,57.14,30.0,<,minutes
55010,E2E Full Test Corporation 1769028736 - Infrastructure,2024-05-30,P3-KPI7,Response Time SLA,P3,59.63,30.0,<,minutes
55010,E2E Full Test Corporation 1769028736 - Infrastructure,2024-06-29,P3-KPI7,Response Time SLA,P3,54.67,30.0,<,minutes
55010,E2E Full Test Corporation 1769028736 - Infrastructure,2024-07-29,P3-KPI7,Response Time SLA,P3,59.08,30.0,<,minutes
55010,E2E Full Test Corporation 1769028736 - Infrastructure,2024-08-28,P3-KPI7,Response Time SLA,P3,59.63,30.0,<,minutes
55010,E2E Full Test Corporation 1769028736 - Infrastructure,2024-09-27,P3-KPI7,Response Time SLA,P3,72.42,30.0,<,minutes
55010,E2E Full Test Corporation 1769028736 - Infrastructure,2024-10-27,P3-KPI7,Response Time SLA,P3,70.68,30.0,<,minutes
55010,E2E Full Test Corporation 1769028736 - Infrastructure,2024-11-26,P3-KPI7,Response Time SLA,P3,71.51,30.0,<,minutes
55010,E2E Full Test Corporation 1769028736 - Infrastructure,2024-01-01,P4-KPI1,ROI Achievement,P4,137.68,150.0,>,%
55010,E2E Full Test Corporation 1769028736 - Infrastructure,2024-01-31,P4-KPI1,ROI Achievement,P4,141.14,150.0,>,%
55010,E2E Full Test Corporation 1769028736 - Infrastructure,2024-03-01,P4-KPI1,ROI Achievement,P4,144.3,150.0,>,%
55010,E2E Full Test Corporation 1769028736 - Infrastructure,2024-03-31,P4-KPI1,ROI Achievement,P4,129.73,150.0,>,%
55010,E2E Full Test Corporation 1769028736 - Infrastructure,2024-04-30,P4-KPI1,ROI Achievement,P4,134.59,150.0,>,%
55010,E2E Full Test Corporation 1769028736 - Infrastructure,2024-05-30,P4-KPI1,ROI Achievement,P4,137.21,150.0,>,%
55010,E2E Full Test Corporation 1769028736 - Infrastructure,2024-06-29,P4-KPI1,ROI Achievement,P4,128.77,150.0,>,%
55010,E2E Full Test Corporation 1769028736 - Infrastructure,2024-07-29,P4-KPI1,ROI Achievement,P4,135.23,150.0,>,%
55010,E2E Full Test Corporation 1769028736 - Infrastructure,2024-08-28,P4-KPI1,ROI Achievement,P4,134.14,150.0,>,%
55010,E2E Full Test Corporation 1769028736 - Infrastructure,2024-09-27,P4-KPI1,ROI Achievement,P4,126.38,150.0,>,%
55010,E2E Full Test Corporation 1769028736 - Infrastructure,2024-10-27,P4-KPI1,ROI Achievement,P4,128.62,150.0,>,%
55010,E2E Full Test Corporation 1769028736 - Infrastructure,2024-11-26,P4-KPI1,ROI Achievement,P4,130.04,150.0,>,%
55010,E2E Full Test Corporation 1769028736 - Infrastructure,2024-01-01,P4-KPI2,Cost Reduction,P4,17.06,20.0,>,%
55010,E2E Full Test Corporation 1769028736 - Infrastructure,2024-01-31,P4-KPI2,Cost Reduction,P4,16.71,20.0,>,%
55010,E2E Full Test Corporation 1769028736 - Infrastructure,2024-03-01,P4-KPI2,Cost Reduction,P4,17.66,20.0,>,%
55010,E2E Full Test Corporation 1769028736 - Infrastructure,2024-03-31,P4-KPI2,Cost Reduction,P4,14.33,20.0,>,%
55010,E2E Full Test Corporation 1769028736 - Infrastructure,2024-04-30,P4-KPI2,Cost Reduction,P4,14.56,20.0,>,%
55010,E2E Full Test Corporation 1769028736 - Infrastructure,2024-05-30,P4-KPI2,Cost Reduction,P4,14.3,20.0,>,%
55010,E2E Full Test Corporation 1769028736 - Infrastructure,2024-06-29,P4-KPI2,Cost Reduction,P4,14.13,20.0,>,%
55010,E2E Full Test Corporation 1769028736 - Infrastructure,2024-07-29,P4-KPI2,Cost Reduction,P4,14.35,20.0,>,%
55010,E2E Full Test Corporation 1769028736 - Infrastructure,2024-08-28,P4-KPI2,Cost Reduction,P4,13.54,20.0,>,%
55010,E2E Full Test Corporation 1769028736 - Infrastructure,2024-09-27,P4-KPI2,Cost Reduction,P4,11.39,20.0,>,%
55010,E2E Full Test Corporation 1769028736 - Infrastructure,2024-10-27,P4-KPI2,Cost Reduction,P4,10.79,20.0,>,%
55010,E2E Full Test Corporation 1769028736 - Infrastructure,2024-11-26,P4-KPI2,Cost Reduction,P4,11.49,20.0,>,%
55010,E2E Full Test Corporation 1769028736 - Infrastructure,2024-01-01,P4-KPI3,Time to Value,P4,108.32,90.0,<,days
55010,E2E Full Test Corporation 1769028736 - Infrastructure,2024-01-31,P4-KPI3,Time to Value,P4,99.07,90.0,<,days
55010,E2E Full Test Corporation 1769028736 - Infrastructure,2024-03-01,P4-KPI3,Time to Value,P4,100.17,90.0,<,days
55010,E2E Full Test Corporation 1769028736 - Infrastructure,2024-03-31,P4-KPI3,Time to Value,P4,114.59,90.0,<,days
55010,E2E Full Test Corporation 1769028736 - Infrastructure,2024-04-30,P4-KPI3,Time to Value,P4,116.55,90.0,<,days
55010,E2E Full Test Corporation 1769028736 - Infrastructure,2024-05-30,P4-KPI3,Time to Value,P4,112.07,90.0,<,days
55010,E2E Full Test Corporation 1769028736 - Infrastructure,2024-06-29,P4-KPI3,Time to Value,P4,119.37,90.0,<,days
55010,E2E Full Test Corporation 1769028736 - Infrastructure,2024-07-29,P4-KPI3,Time to Value,P4,119.47,90.0,<,days
55010,E2E Full Test Corporation 1769028736 - Infrastructure,2024-08-28,P4-KPI3,Time to Value,P4,119.09,90.0,<,days
55010,E2E Full Test Corporation 1769028736 - Infrastructure,2024-09-27,P4-KPI3,Time to Value,P4,130.64,90.0,<,days
55010,E2E Full Test Corporation 1769028736 - Infrastructure,2024-10-27,P4-KPI3,Time to Value,P4,134.7,90.0,<,days
55010,E2E Full Test Corporation 1769028736 - Infrastructure,2024-11-26,P4-KPI3,Time to Value,P4,129.87,90.0,<,days
55010,E2E Full Test Corporation 1769028736 - Infrastructure,2024-01-01,P4-KPI4,Revenue Enablement,P4,4.25,5.0,>,$M
55010,E2E Full Test Corporation 1769028736 - Infrastructure,2024-01-31,P4-KPI4,Revenue Enablement,P4,4.54,5.0,>,$M
55010,E2E Full Test Corporation 1769028736 - Infrastructure,2024-03-01,P4-KPI4,Revenue Enablement,P4,4.32,5.0,>,$M
55010,E2E Full Test Corporation 1769028736 - Infrastructure,2024-03-31,P4-KPI4,Revenue Enablement,P4,3.87,5.0,>,$M
55010,E2E Full Test Corporation 1769028736 - Infrastructure,2024-04-30,P4-KPI4,Revenue Enablement,P4,3.94,5.0,>,$M
55010,E2E Full Test Corporation 1769028736 - Infrastructure,2024-05-30,P4-KPI4,Revenue Enablement,P4,3.79,5.0,>,$M
55010,E2E Full Test Corporation 1769028736 - Infrastructure,2024-06-29,P4-KPI4,Revenue Enablement,P4,3.77,5.0,>,$M
55010,E2E Full Test Corporation 1769028736 - Infrastructure,2024-07-29,P4-KPI4,Revenue Enablement,P4,3.79,5.0,>,$M
55010,E2E Full Test Corporation 1769028736 - Infrastructure,2024-08-28,P4-KPI4,Revenue Enablement,P4,3.91,5.0,>,$M
55010,E2E Full Test Corporation 1769028736 - Infrastructure,2024-09-27,P4-KPI4,Revenue Enablement,P4,3.13,5.0,>,$M
55010,E2E Full Test Corporation 1769028736 - Infrastructure,2024-10-27,P4-KPI4,Revenue Enablement,P4,3.27,5.0,>,$M
55010,E2E Full Test Corporation 1769028736 - Infrastructure,2024-11-26,P4-KPI4,Revenue Enablement,P4,3.21,5.0,>,$M
55010,E2E Full Test Corporation 1769028736 - Infrastructure,2024-01-01,P4-KPI5,Operational Efficiency,P4,81.87,85.0,>,%
55010,E2E Full Test Corporation 1769028736 - Infrastructure,2024-01-31,P4-KPI5,Operational Efficiency,P4,83.63,85.0,>,%
55010,E2E Full Test Corporation 1769028736 - Infrastructure,2024-03-01,P4-KPI5,Operational Efficiency,P4,82.71,85.0,>,%
55010,E2E Full Test Corporation 1769028736 - Infrastructure,2024-03-31,P4-KPI5,Operational Efficiency,P4,77.99,85.0,>,%
55010,E2E Full Test Corporation 1769028736 - Infrastructure,2024-04-30,P4-KPI5,Operational Efficiency,P4,77.49,85.0,>,%
55010,E2E Full Test Corporation 1769028736 - Infrastructure,2024-05-30,P4-KPI5,Operational Efficiency,P4,78.22,85.0,>,%
55010,E2E Full Test Corporation 1769028736 - Infrastructure,2024-06-29,P4-KPI5,Operational Efficiency,P4,81.13,85.0,>,%
55010,E2E Full Test Corporation 1769028736 - Infrastructure,2024-07-29,P4-KPI5,Operational Efficiency,P4,76.49,85.0,>,%
55010,E2E Full Test Corporation 1769028736 - Infrastructure,2024-08-28,P4-KPI5,Operational Efficiency,P4,73.97,85.0,>,%
55010,E2E Full Test Corporation 1769028736 - Infrastructure,2024-09-27,P4-KPI5,Operational Efficiency,P4,74.11,85.0,>,%
55010,E2E Full Test Corporation 1769028736 - Infrastructure,2024-10-27,P4-KPI5,Operational Efficiency,P4,77.12,85.0,>,%
55010,E2E Full Test Corporation 1769028736 - Infrastructure,2024-11-26,P4-KPI5,Operational Efficiency,P4,76.19,85.0,>,%
55010,E2E Full Test Corporation 1769028736 - Infrastructure,2024-01-01,P4-KPI6,Innovation Projects,P4,2.63,3.0,>,count
55010,E2E Full Test Corporation 1769028736 - Infrastructure,2024-01-31,P4-KPI6,Innovation Projects,P4,2.62,3.0,>,count
55010,E2E Full Test Corporation 1769028736 - Infrastructure,2024-03-01,P4-KPI6,Innovation Projects,P4,2.71,3.0,>,count
55010,E2E Full Test Corporation 1769028736 - Infrastructure,2024-03-31,P4-KPI6,Innovation Projects,P4,2.5,3.0,>,count
55010,E2E Full Test Corporation 1769028736 - Infrastructure,2024-04-30,P4-KPI6,Innovation Projects,P4,2.32,3.0,>,count
55010,E2E Full Test Corporation 1769028736 - Infrastructure,2024-05-30,P4-KPI6,Innovation Projects,P4,2.45,3.0,>,count
55010,E2E Full Test Corporation 1769028736 - Infrastructure,2024-06-29,P4-KPI6,Innovation Projects,P4,2.31,3.0,>,count
55010,E2E Full Test Corporation 1769028736 - Infrastructure,2024-07-29,P4-KPI6,Innovation Projects,P4,2.5,3.0,>,count
55010,E2E Full Test Corporation 1769028736 - Infrastructure,2024-08-28,P4-KPI6,Innovation Projects,P4,2.3,3.0,>,count
55010,E2E Full Test Corporation 1769028736 - Infrastructure,2024-09-27,P4-KPI6,Innovation Projects,P4,2.14,3.0,>,count
55010,E2E Full Test Corporation 1769028736 - Infrastructure,2024-10-27,P4-KPI6,Innovation Projects,P4,2.11,3.0,>,count
55010,E2E Full Test Corporation 1769028736 - Infrastructure,2024-11-26,P4-KPI6,Innovation Projects,P4,2.06,3.0,>,count
55010,E2E Full Test Corporation 1769028736 - Infrastructure,2024-01-01,P4-KPI7,Business Case Validation,P4,83.14,90.0,>,%
55010,E2E Full Test Corporation 1769028736 - Infrastructure,2024-01-31,P4-KPI7,Business Case Validation,P4,90.5,90.0,>,%
55010,E2E Full Test Corporation 1769028736 - Infrastructure,2024-03-01,P4-KPI7,Business Case Validation,P4,83.1,90.0,>,%
55010,E2E Full Test Corporation 1769028736 - Infrastructure,2024-03-31,P4-KPI7,Business Case Validation,P4,85.52,90.0,>,%
55010,E2E Full Test Corporation 1769028736 - Infrastructure,2024-04-30,P4-KPI7,Business Case Validation,P4,83.01,90.0,>,%
55010,E2E Full Test Corporation 1769028736 - Infrastructure,2024-05-30,P4-KPI7,Business Case Validation,P4,80.93,90.0,>,%
55010,E2E Full Test Corporation 1769028736 - Infrastructure,2024-06-29,P4-KPI7,Business Case Validation,P4,81.24,90.0,>,%
55010,E2E Full Test Corporation 1769028736 - Infrastructure,2024-07-29,P4-KPI7,Business Case Validation,P4,80.1,90.0,>,%
55010,E2E Full Test Corporation 1769028736 - Infrastructure,2024-08-28,P4-KPI7,Business Case Validation,P4,84.88,90.0,>,%
55010,E2E Full Test Corporation 1769028736 - Infrastructure,2024-09-27,P4-KPI7,Business Case Validation,P4,77.99,90.0,>,%
55010,E2E Full Test Corporation 1769028736 - Infrastructure,2024-10-27,P4-KPI7,Business Case Validation,P4,84.1,90.0,>,%
55010,E2E Full Test Corporation 1769028736 - Infrastructure,2024-11-26,P4-KPI7,Business Case Validation,P4,79.43,90.0,>,%
55010,E2E Full Test Corporation 1769028736 - Infrastructure,2024-01-01,P5-KPI1,Executive Sponsorship,P5,4.34,4.5,>,score
55010,E2E Full Test Corporation 1769028736 - Infrastructure,2024-01-31,P5-KPI1,Executive Sponsorship,P5,4.06,4.5,>,score
55010,E2E Full Test Corporation 1769028736 - Infrastructure,2024-03-01,P5-KPI1,Executive Sponsorship,P5,4.27,4.5,>,score
55010,E2E Full Test Corporation 1769028736 - Infrastructure,2024-03-31,P5-KPI1,Executive Sponsorship,P5,4.02,4.5,>,score
55010,E2E Full Test Corporation 1769028736 - Infrastructure,2024-04-30,P5-KPI1,Executive Sponsorship,P5,3.86,4.5,>,score
55010,E2E Full Test Corporation 1769028736 - Infrastructure,2024-05-30,P5-KPI1,Executive Sponsorship,P5,4.07,4.5,>,score
55010,E2E Full Test Corporation 1769028736 - Infrastructure,2024-06-29,P5-KPI1,Executive Sponsorship,P5,3.87,4.5,>,score
55010,E2E Full Test Corporation 1769028736 - Infrastructure,2024-07-29,P5-KPI1,Executive Sponsorship,P5,4.23,4.5,>,score
55010,E2E Full Test Corporation 1769028736 - Infrastructure,2024-08-28,P5-KPI1,Executive Sponsorship,P5,4.22,4.5,>,score
55010,E2E Full Test Corporation 1769028736 - Infrastructure,2024-09-27,P5-KPI1,Executive Sponsorship,P5,3.8,4.5,>,score
55010,E2E Full Test Corporation 1769028736 - Infrastructure,2024-10-27,P5-KPI1,Executive Sponsorship,P5,3.92,4.5,>,score
55010,E2E Full Test Corporation 1769028736 - Infrastructure,2024-11-26,P5-KPI1,Executive Sponsorship,P5,3.79,4.5,>,score
55010,E2E Full Test Corporation 1769028736 - Infrastructure,2024-01-01,P5-KPI2,Renewal Likelihood,P5,93.75,95.0,>,%
55010,E2E Full Test Corporation 1769028736 - Infrastructure,2024-01-31,P5-KPI2,Renewal Likelihood,P5,87.28,95.0,>,%
55010,E2E Full Test Corporation 1769028736 - Infrastructure,2024-03-01,P5-KPI2,Renewal Likelihood,P5,91.97,95.0,>,%
55010,E2E Full Test Corporation 1769028736 - Infrastructure,2024-03-31,P5-KPI2,Renewal Likelihood,P5,85.53,95.0,>,%
55010,E2E Full Test Corporation 1769028736 - Infrastructure,2024-04-30,P5-KPI2,Renewal Likelihood,P5,85.32,95.0,>,%
55010,E2E Full Test Corporation 1769028736 - Infrastructure,2024-05-30,P5-KPI2,Renewal Likelihood,P5,85.39,95.0,>,%
55010,E2E Full Test Corporation 1769028736 - Infrastructure,2024-06-29,P5-KPI2,Renewal Likelihood,P5,84.55,95.0,>,%
55010,E2E Full Test Corporation 1769028736 - Infrastructure,2024-07-29,P5-KPI2,Renewal Likelihood,P5,89.39,95.0,>,%
55010,E2E Full Test Corporation 1769028736 - Infrastructure,2024-08-28,P5-KPI2,Renewal Likelihood,P5,91.35,95.0,>,%
55010,E2E Full Test Corporation 1769028736 - Infrastructure,2024-09-27,P5-KPI2,Renewal Likelihood,P5,85.62,95.0,>,%
55010,E2E Full Test Corporation 1769028736 - Infrastructure,2024-10-27,P5-KPI2,Renewal Likelihood,P5,87.04,95.0,>,%
55010,E2E Full Test Corporation 1769028736 - Infrastructure,2024-11-26,P5-KPI2,Renewal Likelihood,P5,87.33,95.0,>,%
55010,E2E Full Test Corporation 1769028736 - Infrastructure,2024-01-01,P5-KPI3,Expansion Pipeline,P5,1.73,2.0,>,$M
55010,E2E Full Test Corporation 1769028736 - Infrastructure,2024-01-31,P5-KPI3,Expansion Pipeline,P5,1.74,2.0,>,$M
55010,E2E Full Test Corporation 1769028736 - Infrastructure,2024-03-01,P5-KPI3,Expansion Pipeline,P5,1.7,2.0,>,$M
55010,E2E Full Test Corporation 1769028736 - Infrastructure,2024-03-31,P5-KPI3,Expansion Pipeline,P5,1.48,2.0,>,$M
55010,E2E Full Test Corporation 1769028736 - Infrastructure,2024-04-30,P5-KPI3,Expansion Pipeline,P5,1.51,2.0,>,$M
55010,E2E Full Test Corporation 1769028736 - Infrastructure,2024-05-30,P5-KPI3,Expansion Pipeline,P5,1.56,2.0,>,$M
55010,E2E Full Test Corporation 1769028736 - Infrastructure,2024-06-29,P5-KPI3,Expansion Pipeline,P5,1.61,2.0,>,$M
55010,E2E Full Test Corporation 1769028736 - Infrastructure,2024-07-29,P5-KPI3,Expansion Pipeline,P5,1.61,2.0,>,$M
55010,E2E Full Test Corporation 1769028736 - Infrastructure,2024-08-28,P5-KPI3,Expansion Pipeline,P5,1.61,2.0,>,$M
55010,E2E Full Test Corporation 1769028736 - Infrastructure,2024-09-27,P5-KPI3,Expansion Pipeline,P5,1.37,2.0,>,$M
55010,E2E Full Test Corporation 1769028736 - Infrastructure,2024-10-27,P5-KPI3,Expansion Pipeline,P5,1.27,2.0,>,$M
55010,E2E Full Test Corporation 1769028736 - Infrastructure,2024-11-26,P5-KPI3,Expansion Pipeline,P5,1.27,2.0,>,$M
55010,E2E Full Test Corporation 1769028736 - Infrastructure,2024-01-01,P5-KPI4,Reference Willingness,P5,3.72,4.0,>,score
55010,E2E Full Test Corporation 1769028736 - Infrastructure,2024-01-31,P5-KPI4,Reference Willingness,P5,3.63,4.0,>,score
55010,E2E Full Test Corporation 1769028736 - Infrastructure,2024-03-01,P5-KPI4,Reference Willingness,P5,3.86,4.0,>,score
55010,E2E Full Test Corporation 1769028736 - Infrastructure,2024-03-31,P5-KPI4,Reference Willingness,P5,3.35,4.0,>,score
55010,E2E Full Test Corporation 1769028736 - Infrastructure,2024-04-30,P5-KPI4,Reference Willingness,P5,3.44,4.0,>,score
55010,E2E Full Test Corporation 1769028736 - Infrastructure,2024-05-30,P5-KPI4,Reference Willingness,P5,3.46,4.0,>,score
55010,E2E Full Test Corporation 1769028736 - Infrastructure,2024-06-29,P5-KPI4,Reference Willingness,P5,3.49,4.0,>,score
55010,E2E Full Test Corporation 1769028736 - Infrastructure,2024-07-29,P5-KPI4,Reference Willingness,P5,3.45,4.0,>,score
55010,E2E Full Test Corporation 1769028736 - Infrastructure,2024-08-28,P5-KPI4,Reference Willingness,P5,3.24,4.0,>,score
55010,E2E Full Test Corporation 1769028736 - Infrastructure,2024-09-27,P5-KPI4,Reference Willingness,P5,3.25,4.0,>,score
55010,E2E Full Test Corporation 1769028736 - Infrastructure,2024-10-27,P5-KPI4,Reference Willingness,P5,2.96,4.0,>,score
55010,E2E Full Test Corporation 1769028736 - Infrastructure,2024-11-26,P5-KPI4,Reference Willingness,P5,3.05,4.0,>,score
55010,E2E Full Test Corporation 1769028736 - Infrastructure,2024-01-01,P5-KPI5,Strategic Alignment,P5,77.8,85.0,>,score
55010,E2E Full Test Corporation 1769028736 - Infrastructure,2024-01-31,P5-KPI5,Strategic Alignment,P5,79.87,85.0,>,score
55010,E2E Full Test Corporation 1769028736 - Infrastructure,2024-03-01,P5-KPI5,Strategic Alignment,P5,80.99,85.0,>,score
55010,E2E Full Test Corporation 1769028736 - Infrastructure,2024-03-31,P5-KPI5,Strategic Alignment,P5,80.63,85.0,>,score
55010,E2E Full Test Corporation 1769028736 - Infrastructure,2024-04-30,P5-KPI5,Strategic Alignment,P5,75.68,85.0,>,score
55010,E2E Full Test Corporation 1769028736 - Infrastructure,2024-05-30,P5-KPI5,Strategic Alignment,P5,80.46,85.0,>,score
55010,E2E Full Test Corporation 1769028736 - Infrastructure,2024-06-29,P5-KPI5,Strategic Alignment,P5,78.22,85.0,>,score
55010,E2E Full Test Corporation 1769028736 - Infrastructure,2024-07-29,P5-KPI5,Strategic Alignment,P5,79.3,85.0,>,score
55010,E2E Full Test Corporation 1769028736 - Infrastructure,2024-08-28,P5-KPI5,Strategic Alignment,P5,80.31,85.0,>,score
55010,E2E Full Test Corporation 1769028736 - Infrastructure,2024-09-27,P5-KPI5,Strategic Alignment,P5,74.57,85.0,>,score
55010,E2E Full Test Corporation 1769028736 - Infrastructure,2024-10-27,P5-KPI5,Strategic Alignment,P5,75.17,85.0,>,score
55010,E2E Full Test Corporation 1769028736 - Infrastructure,2024-11-26,P5-KPI5,Strategic Alignment,P5,76.1,85.0,>,score
55010,E2E Full Test Corporation 1769028736 - Infrastructure,2024-01-01,P5-KPI6,Partnership Depth,P5,78.39,80.0,>,score
55010,E2E Full Test Corporation 1769028736 - Infrastructure,2024-01-31,P5-KPI6,Partnership Depth,P5,77.03,80.0,>,score
55010,E2E Full Test Corporation 1769028736 - Infrastructure,2024-03-01,P5-KPI6,Partnership Depth,P5,75.55,80.0,>,score
55010,E2E Full Test Corporation 1769028736 - Infrastructure,2024-03-31,P5-KPI6,Partnership Depth,P5,69.06,80.0,>,score
55010,E2E Full Test Corporation 1769028736 - Infrastructure,2024-04-30,P5-KPI6,Partnership Depth,P5,69.96,80.0,>,score
55010,E2E Full Test Corporation 1769028736 - Infrastructure,2024-05-30,P5-KPI6,Partnership Depth,P5,67.6,80.0,>,score
55010,E2E Full Test Corporation 1769028736 - Infrastructure,2024-06-29,P5-KPI6,Partnership Depth,P5,69.9,80.0,>,score
55010,E2E Full Test Corporation 1769028736 - Infrastructure,2024-07-29,P5-KPI6,Partnership Depth,P5,72.83,80.0,>,score
55010,E2E Full Test Corporation 1769028736 - Infrastructure,2024-08-28,P5-KPI6,Partnership Depth,P5,67.81,80.0,>,score
55010,E2E Full Test Corporation 1769028736 - Infrastructure,2024-09-27,P5-KPI6,Partnership Depth,P5,67.76,80.0,>,score
55010,E2E Full Test Corporation 1769028736 - Infrastructure,2024-10-27,P5-KPI6,Partnership Depth,P5,64.84,80.0,>,score
55010,E2E Full Test Corporation 1769028736 - Infrastructure,2024-11-26,P5-KPI6,Partnership Depth,P5,64.17,80.0,>,score
55010,E2E Full Test Corporation 1769028736 - Infrastructure,2024-01-01,P5-KPI7,NPS Score,P5,66.79,70.0,>,score
55010,E2E Full Test Corporation 1769028736 - Infrastructure,2024-01-31,P5-KPI7,NPS Score,P5,62.55,70.0,>,score
55010,E2E Full Test Corporation 1769028736 - Infrastructure,2024-03-01,P5-KPI7,NPS Score,P5,64.61,70.0,>,score
55010,E2E Full Test Corporation 1769028736 - Infrastructure,2024-03-31,P5-KPI7,NPS Score,P5,61.05,70.0,>,score
55010,E2E Full Test Corporation 1769028736 - Infrastructure,2024-04-30,P5-KPI7,NPS Score,P5,61.87,70.0,>,score
55010,E2E Full Test Corporation 1769028736 - Infrastructure,2024-05-30,P5-KPI7,NPS Score,P5,59.45,70.0,>,score
55010,E2E Full Test Corporation 1769028736 - Infrastructure,2024-06-29,P5-KPI7,NPS Score,P5,60.83,70.0,>,score
55010,E2E Full Test Corporation 1769028736 - Infrastructure,2024-07-29,P5-KPI7,NPS Score,P5,60.01,70.0,>,score
55010,E2E Full Test Corporation 1769028736 - Infrastructure,2024-08-28,P5-KPI7,NPS Score,P5,60.83,70.0,>,score
55010,E2E Full Test Corporation 1769028736 - Infrastructure,2024-09-27,P5-KPI7,NPS Score,P5,56.44,70.0,>,score
55010,E2E Full Test Corporation 1769028736 - Infrastructure,2024-10-27,P5-KPI7,NPS Score,P5,55.21,70.0,>,score
55010,E2E Full Test Corporation 1769028736 - Infrastructure,2024-11-26,P5-KPI7,NPS Score,P5,58.3,70.0,>,score
