account_id,kpi_code,measured_at,value,target,pillar,weight,status
22001,AI-KPI1,2024-01-01,84.84,85.0,AI,0.25,healthy
22001,AI-KPI2,2024-01-01,77.63,85.0,AI,0.25,healthy
22001,AI-KPI3,2024-01-01,84.22,85.0,AI,0.25,healthy
22001,CH-KPI1,2024-01-01,83.76,85.0,CH,0.25,healthy
22001,CH-KPI2,2024-01-01,77.59,85.0,CH,0.25,healthy
22001,CH-KPI3,2024-01-01,76.75,85.0,CH,0.25,healthy
22001,DV-KPI1,2024-01-01,76.5,85.0,DV,0.25,healthy
22001,DV-KPI2,2024-01-01,84.08,85.0,DV,0.25,healthy
22001,DV-KPI3,2024-01-01,77.31,85.0,DV,0.25,healthy
22001,EX-KPI1,2024-01-01,84.64,85.0,EX,0.25,healthy
22001,EX-KPI2,2024-01-01,76.75,85.0,EX,0.25,healthy
22001,EX-KPI3,2024-01-01,76.28,85.0,EX,0.25,healthy
22001,OS-KPI1,2024-01-01,83.17,85.0,OS,0.25,healthy
22001,OS-KPI2,2024-01-01,84.36,85.0,OS,0.25,healthy
22001,OS-KPI3,2024-01-01,83.53,85.0,OS,0.25,healthy
22001,AI-KPI1,2024-01-31,75.37,85.0,AI,0.25,healthy
22001,AI-KPI2,2024-01-31,82.92,85.0,AI,0.25,healthy
22001,AI-KPI3,2024-01-31,75.37,85.0,AI,0.25,healthy
22001,CH-KPI1,2024-01-31,82.29,85.0,CH,0.25,healthy
22001,CH-KPI2,2024-01-31,74.3,85.0,CH,0.25,healthy
22001,CH-KPI3,2024-01-31,76.47,85.0,CH,0.25,healthy
22001,DV-KPI1,2024-01-31,79.04,85.0,DV,0.25,healthy
22001,DV-KPI2,2024-01-31,73.25,85.0,DV,0.25,healthy
22001,DV-KPI3,2024-01-31,78.85,85.0,DV,0.25,healthy
22001,EX-KPI1,2024-01-31,77.69,85.0,EX,0.25,healthy
22001,EX-KPI2,2024-01-31,79.05,85.0,EX,0.25,healthy
22001,EX-KPI3,2024-01-31,80.07,85.0,EX,0.25,healthy
22001,OS-KPI1,2024-01-31,81.03,85.0,OS,0.25,healthy
22001,OS-KPI2,2024-01-31,78.38,85.0,OS,0.25,healthy
22001,OS-KPI3,2024-01-31,77.13,85.0,OS,0.25,healthy
22001,AI-KPI1,2024-03-01,79.39,85.0,AI,0.25,healthy
22001,AI-KPI2,2024-03-01,76.58,85.0,AI,0.25,healthy
22001,AI-KPI3,2024-03-01,76.18,85.0,AI,0.25,healthy
22001,CH-KPI1,2024-03-01,79.62,85.0,CH,0.25,healthy
22001,CH-KPI2,2024-03-01,76.46,85.0,CH,0.25,healthy
22001,CH-KPI3,2024-03-01,73.48,85.0,CH,0.25,healthy
22001,DV-KPI1,2024-03-01,73.07,85.0,DV,0.25,healthy
22001,DV-KPI2,2024-03-01,71.81,85.0,DV,0.25,healthy
22001,DV-KPI3,2024-03-01,71.21,85.0,DV,0.25,healthy
22001,EX-KPI1,2024-03-01,80.07,85.0,EX,0.25,healthy
22001,EX-KPI2,2024-03-01,80.15,85.0,EX,0.25,healthy
22001,EX-KPI3,2024-03-01,78.24,85.0,EX,0.25,healthy
22001,OS-KPI1,2024-03-01,78.26,85.0,OS,0.25,healthy
22001,OS-KPI2,2024-03-01,72.39,85.0,OS,0.25,healthy
22001,OS-KPI3,2024-03-01,73.91,85.0,OS,0.25,healthy
22001,AI-KPI1,2024-03-31,78.67,85.0,AI,0.25,healthy
22001,AI-KPI2,2024-03-31,73.97,85.0,AI,0.25,healthy
22001,AI-KPI3,2024-03-31,73.2,85.0,AI,0.25,healthy
22001,CH-KPI1,2024-03-31,77.64,85.0,CH,0.25,healthy
22001,CH-KPI2,2024-03-31,71.6,85.0,CH,0.25,healthy
22001,CH-KPI3,2024-03-31,69.56,85.0,CH,0.25,risk
22001,DV-KPI1,2024-03-31,77.72,85.0,DV,0.25,healthy
22001,DV-KPI2,2024-03-31,73.1,85.0,DV,0.25,healthy
22001,DV-KPI3,2024-03-31,72.88,85.0,DV,0.25,healthy
22001,EX-KPI1,2024-03-31,73.7,85.0,EX,0.25,healthy
22001,EX-KPI2,2024-03-31,69.05,85.0,EX,0.25,risk
22001,EX-KPI3,2024-03-31,74.23,85.0,EX,0.25,healthy
22001,OS-KPI1,2024-03-31,74.88,85.0,OS,0.25,healthy
22001,OS-KPI2,2024-03-31,71.63,85.0,OS,0.25,healthy
22001,OS-KPI3,2024-03-31,69.1,85.0,OS,0.25,risk
22001,AI-KPI1,2024-04-30,70.48,85.0,AI,0.25,healthy
22001,AI-KPI2,2024-04-30,73.43,85.0,AI,0.25,healthy
22001,AI-KPI3,2024-04-30,76.88,85.0,AI,0.25,healthy
22001,CH-KPI1,2024-04-30,74.5,85.0,CH,0.25,healthy
22001,CH-KPI2,2024-04-30,75.66,85.0,CH,0.25,healthy
22001,CH-KPI3,2024-04-30,74.6,85.0,CH,0.25,healthy
22001,DV-KPI1,2024-04-30,70.59,85.0,DV,0.25,healthy
22001,DV-KPI2,2024-04-30,69.19,85.0,DV,0.25,risk
22001,DV-KPI3,2024-04-30,68.34,85.0,DV,0.25,risk
22001,EX-KPI1,2024-04-30,67.15,85.0,EX,0.25,risk
22001,EX-KPI2,2024-04-30,69.47,85.0,EX,0.25,risk
22001,EX-KPI3,2024-04-30,67.71,85.0,EX,0.25,risk
22001,OS-KPI1,2024-04-30,72.67,85.0,OS,0.25,healthy
22001,OS-KPI2,2024-04-30,67.78,85.0,OS,0.25,risk
22001,OS-KPI3,2024-04-30,76.92,85.0,OS,0.25,healthy
22001,AI-KPI1,2024-05-30,71.75,85.0,AI,0.25,healthy
22001,AI-KPI2,2024-05-30,72.67,85.0,AI,0.25,healthy
22001,AI-KPI3,2024-05-30,67.57,85.0,AI,0.25,risk
22001,CH-KPI1,2024-05-30,71.82,85.0,CH,0.25,healthy
22001,CH-KPI2,2024-05-30,68.54,85.0,CH,0.25,risk
22001,CH-KPI3,2024-05-30,74.22,85.0,CH,0.25,healthy
22001,DV-KPI1,2024-05-30,66.32,85.0,DV,0.25,risk
22001,DV-KPI2,2024-05-30,69.82,85.0,DV,0.25,risk
22001,DV-KPI3,2024-05-30,70.79,85.0,DV,0.25,healthy
22001,EX-KPI1,2024-05-30,69.72,85.0,EX,0.25,risk
22001,EX-KPI2,2024-05-30,72.1,85.0,EX,0.25,healthy
22001,EX-KPI3,2024-05-30,70.6,85.0,EX,0.25,healthy
22001,OS-KPI1,2024-05-30,67.13,85.0,OS,0.25,risk
22001,OS-KPI2,2024-05-30,72.21,85.0,OS,0.25,healthy
22001,OS-KPI3,2024-05-30,67.71,85.0,OS,0.25,risk
22001,AI-KPI1,2024-06-29,67.89,85.0,AI,0.25,risk
22001,AI-KPI2,2024-06-29,70.47,85.0,AI,0.25,healthy
22001,AI-KPI3,2024-06-29,66.73,85.0,AI,0.25,risk
22001,CH-KPI1,2024-06-29,71.43,85.0,CH,0.25,healthy
22001,CH-KPI2,2024-06-29,71.67,85.0,CH,0.25,healthy
22001,CH-KPI3,2024-06-29,67.53,85.0,CH,0.25,risk
22001,DV-KPI1,2024-06-29,69.32,85.0,DV,0.25,risk
22001,DV-KPI2,2024-06-29,71.44,85.0,DV,0.25,healthy
22001,DV-KPI3,2024-06-29,63.62,85.0,DV,0.25,risk
22001,EX-KPI1,2024-06-29,65.89,85.0,EX,0.25,risk
22001,EX-KPI2,2024-06-29,71.68,85.0,EX,0.25,healthy
22001,EX-KPI3,2024-06-29,66.42,85.0,EX,0.25,risk
22001,OS-KPI1,2024-06-29,65.55,85.0,OS,0.25,risk
22001,OS-KPI2,2024-06-29,65.74,85.0,OS,0.25,risk
22001,OS-KPI3,2024-06-29,70.15,85.0,OS,0.25,healthy
22001,AI-KPI1,2024-07-29,65.75,85.0,AI,0.25,risk
22001,AI-KPI2,2024-07-29,64.38,85.0,AI,0.25,risk
22001,AI-KPI3,2024-07-29,69.19,85.0,AI,0.25,risk
22001,CH-KPI1,2024-07-29,65.68,85.0,CH,0.25,risk
22001,CH-KPI2,2024-07-29,66.36,85.0,CH,0.25,risk
22001,CH-KPI3,2024-07-29,65.95,85.0,CH,0.25,risk
22001,DV-KPI1,2024-07-29,69.37,85.0,DV,0.25,risk
22001,DV-KPI2,2024-07-29,61.4,85.0,DV,0.25,risk
22001,DV-KPI3,2024-07-29,66.05,85.0,DV,0.25,risk
22001,EX-KPI1,2024-07-29,64.37,85.0,EX,0.25,risk
22001,EX-KPI2,2024-07-29,69.36,85.0,EX,0.25,risk
22001,EX-KPI3,2024-07-29,61.4,85.0,EX,0.25,risk
22001,OS-KPI1,2024-07-29,63.06,85.0,OS,0.25,risk
22001,OS-KPI2,2024-07-29,65.5,85.0,OS,0.25,risk
22001,OS-KPI3,2024-07-29,69.17,85.0,OS,0.25,risk
22001,AI-KPI1,2024-08-28,64.5,85.0,AI,0.25,risk
22001,AI-KPI2,2024-08-28,63.22,85.0,AI,0.25,risk
22001,AI-KPI3,2024-08-28,62.84,85.0,AI,0.25,risk
22001,CH-KPI1,2024-08-28,64.63,85.0,CH,0.25,risk
22001,CH-KPI2,2024-08-28,61.96,85.0,CH,0.25,risk
22001,CH-KPI3,2024-08-28,61.6,85.0,CH,0.25,risk
22001,DV-KPI1,2024-08-28,60.23,85.0,DV,0.25,risk
22001,DV-KPI2,2024-08-28,68.16,85.0,DV,0.25,risk
22001,DV-KPI3,2024-08-28,61.54,85.0,DV,0.25,risk
22001,EX-KPI1,2024-08-28,62.46,85.0,EX,0.25,risk
22001,EX-KPI2,2024-08-28,62.06,85.0,EX,0.25,risk
22001,EX-KPI3,2024-08-28,59.93,85.0,EX,0.25,risk
22001,OS-KPI1,2024-08-28,62.29,85.0,OS,0.25,risk
22001,OS-KPI2,2024-08-28,65.88,85.0,OS,0.25,risk
22001,OS-KPI3,2024-08-28,66.21,85.0,OS,0.25,risk
22001,AI-KPI1,2024-09-27,66.97,85.0,AI,0.25,risk
22001,AI-KPI2,2024-09-27,61.26,85.0,AI,0.25,risk
22001,AI-KPI3,2024-09-27,64.33,85.0,AI,0.25,risk
22001,CH-KPI1,2024-09-27,59.09,85.0,CH,0.25,risk
22001,CH-KPI2,2024-09-27,63.19,85.0,CH,0.25,risk
22001,CH-KPI3,2024-09-27,64.91,85.0,CH,0.25,risk
22001,DV-KPI1,2024-09-27,63.21,85.0,DV,0.25,risk
22001,DV-KPI2,2024-09-27,57.75,85.0,DV,0.25,risk
22001,DV-KPI3,2024-09-27,60.91,85.0,DV,0.25,risk
22001,EX-KPI1,2024-09-27,65.45,85.0,EX,0.25,risk
22001,EX-KPI2,2024-09-27,64.87,85.0,EX,0.25,risk
22001,EX-KPI3,2024-09-27,64.24,85.0,EX,0.25,risk
22001,OS-KPI1,2024-09-27,66.3,85.0,OS,0.25,risk
22001,OS-KPI2,2024-09-27,61.92,85.0,OS,0.25,risk
22001,OS-KPI3,2024-09-27,60.45,85.0,OS,0.25,risk
22001,AI-KPI1,2024-10-27,61.94,85.0,AI,0.25,risk
22001,AI-KPI2,2024-10-27,57.19,85.0,AI,0.25,risk
22001,AI-KPI3,2024-10-27,58.14,85.0,AI,0.25,risk
22001,CH-KPI1,2024-10-27,59.4,85.0,CH,0.25,risk
22001,CH-KPI2,2024-10-27,61.95,85.0,CH,0.25,risk
22001,CH-KPI3,2024-10-27,63.34,85.0,CH,0.25,risk
22001,DV-KPI1,2024-10-27,57.81,85.0,DV,0.25,risk
22001,DV-KPI2,2024-10-27,59.93,85.0,DV,0.25,risk
22001,DV-KPI3,2024-10-27,59.45,85.0,DV,0.25,risk
22001,EX-KPI1,2024-10-27,64.75,85.0,EX,0.25,risk
22001,EX-KPI2,2024-10-27,60.81,85.0,EX,0.25,risk
22001,EX-KPI3,2024-10-27,61.97,85.0,EX,0.25,risk
22001,OS-KPI1,2024-10-27,55.46,85.0,OS,0.25,risk
22001,OS-KPI2,2024-10-27,61.76,85.0,OS,0.25,risk
22001,OS-KPI3,2024-10-27,62.62,85.0,OS,0.25,risk
22001,AI-KPI1,2024-11-26,57.6,85.0,AI,0.25,risk
22001,AI-KPI2,2024-11-26,59.46,85.0,AI,0.25,risk
22001,AI-KPI3,2024-11-26,56.44,85.0,AI,0.25,risk
22001,CH-KPI1,2024-11-26,55.11,85.0,CH,0.25,risk
22001,CH-KPI2,2024-11-26,62.06,85.0,CH,0.25,risk
22001,CH-KPI3,2024-11-26,60.08,85.0,CH,0.25,risk
22001,DV-KPI1,2024-11-26,59.81,85.0,DV,0.25,risk
22001,DV-KPI2,2024-11-26,53.32,85.0,DV,0.25,risk
22001,DV-KPI3,2024-11-26,62.79,85.0,DV,0.25,risk
22001,EX-KPI1,2024-11-26,57.13,85.0,EX,0.25,risk
22001,EX-KPI2,2024-11-26,56.56,85.0,EX,0.25,risk
22001,EX-KPI3,2024-11-26,56.24,85.0,EX,0.25,risk
22001,OS-KPI1,2024-11-26,58.3,85.0,OS,0.25,risk
22001,OS-KPI2,2024-11-26,55.57,85.0,OS,0.25,risk
22001,OS-KPI3,2024-11-26,55.07,85.0,OS,0.25,risk
22002,AI-KPI1,2024-01-01,45.15,85.0,AI,0.25,critical
22002,AI-KPI2,2024-01-01,54.18,85.0,AI,0.25,risk
22002,AI-KPI3,2024-01-01,46.64,85.0,AI,0.25,critical
22002,CH-KPI1,2024-01-01,46.38,85.0,CH,0.25,critical
22002,CH-KPI2,2024-01-01,48.16,85.0,CH,0.25,critical
22002,CH-KPI3,2024-01-01,49.99,85.0,CH,0.25,critical
22002,DV-KPI1,2024-01-01,46.47,85.0,DV,0.25,critical
22002,DV-KPI2,2024-01-01,47.3,85.0,DV,0.25,critical
22002,DV-KPI3,2024-01-01,47.54,85.0,DV,0.25,critical
22002,EX-KPI1,2024-01-01,45.39,85.0,EX,0.25,critical
22002,EX-KPI2,2024-01-01,45.36,85.0,EX,0.25,critical
22002,EX-KPI3,2024-01-01,49.81,85.0,EX,0.25,critical
22002,OS-KPI1,2024-01-01,47.39,85.0,OS,0.25,critical
22002,OS-KPI2,2024-01-01,51.08,85.0,OS,0.25,risk
22002,OS-KPI3,2024-01-01,48.57,85.0,OS,0.25,critical
22002,AI-KPI1,2024-01-31,54.01,85.0,AI,0.25,risk
22002,AI-KPI2,2024-01-31,48.63,85.0,AI,0.25,critical
22002,AI-KPI3,2024-01-31,56.74,85.0,AI,0.25,risk
22002,CH-KPI1,2024-01-31,51.16,85.0,CH,0.25,risk
22002,CH-KPI2,2024-01-31,53.35,85.0,CH,0.25,risk
22002,CH-KPI3,2024-01-31,48.05,85.0,CH,0.25,critical
22002,DV-KPI1,2024-01-31,48.48,85.0,DV,0.25,critical
22002,DV-KPI2,2024-01-31,54.83,85.0,DV,0.25,risk
22002,DV-KPI3,2024-01-31,50.49,85.0,DV,0.25,risk
22002,EX-KPI1,2024-01-31,49.93,85.0,EX,0.25,critical
22002,EX-KPI2,2024-01-31,57.71,85.0,EX,0.25,risk
22002,EX-KPI3,2024-01-31,56.88,85.0,EX,0.25,risk
22002,OS-KPI1,2024-01-31,54.99,85.0,OS,0.25,risk
22002,OS-KPI2,2024-01-31,49.54,85.0,OS,0.25,critical
22002,OS-KPI3,2024-01-31,49.4,85.0,OS,0.25,critical
22002,AI-KPI1,2024-03-01,51.06,85.0,AI,0.25,risk
22002,AI-KPI2,2024-03-01,60.63,85.0,AI,0.25,risk
22002,AI-KPI3,2024-03-01,52.94,85.0,AI,0.25,risk
22002,CH-KPI1,2024-03-01,53.73,85.0,CH,0.25,risk
22002,CH-KPI2,2024-03-01,56.11,85.0,CH,0.25,risk
22002,CH-KPI3,2024-03-01,57.58,85.0,CH,0.25,risk
22002,DV-KPI1,2024-03-01,58.93,85.0,DV,0.25,risk
22002,DV-KPI2,2024-03-01,56.91,85.0,DV,0.25,risk
22002,DV-KPI3,2024-03-01,57.41,85.0,DV,0.25,risk
22002,EX-KPI1,2024-03-01,54.96,85.0,EX,0.25,risk
22002,EX-KPI2,2024-03-01,59.48,85.0,EX,0.25,risk
22002,EX-KPI3,2024-03-01,53.17,85.0,EX,0.25,risk
22002,OS-KPI1,2024-03-01,53.3,85.0,OS,0.25,risk
22002,OS-KPI2,2024-03-01,54.89,85.0,OS,0.25,risk
22002,OS-KPI3,2024-03-01,58.46,85.0,OS,0.25,risk
22002,AI-KPI1,2024-03-31,56.49,85.0,AI,0.25,risk
22002,AI-KPI2,2024-03-31,54.68,85.0,AI,0.25,risk
22002,AI-KPI3,2024-03-31,63.76,85.0,AI,0.25,risk
22002,CH-KPI1,2024-03-31,58.84,85.0,CH,0.25,risk
22002,CH-KPI2,2024-03-31,56.09,85.0,CH,0.25,risk
22002,CH-KPI3,2024-03-31,54.76,85.0,CH,0.25,risk
22002,DV-KPI1,2024-03-31,58.1,85.0,DV,0.25,risk
22002,DV-KPI2,2024-03-31,61.91,85.0,DV,0.25,risk
22002,DV-KPI3,2024-03-31,56.62,85.0,DV,0.25,risk
22002,EX-KPI1,2024-03-31,58.13,85.0,EX,0.25,risk
22002,EX-KPI2,2024-03-31,57.76,85.0,EX,0.25,risk
22002,EX-KPI3,2024-03-31,55.06,85.0,EX,0.25,risk
22002,OS-KPI1,2024-03-31,56.69,85.0,OS,0.25,risk
22002,OS-KPI2,2024-03-31,57.92,85.0,OS,0.25,risk
22002,OS-KPI3,2024-03-31,59.27,85.0,OS,0.25,risk
22002,AI-KPI1,2024-04-30,63.85,85.0,AI,0.25,risk
22002,AI-KPI2,2024-04-30,65.58,85.0,AI,0.25,risk
22002,AI-KPI3,2024-04-30,65.93,85.0,AI,0.25,risk
22002,CH-KPI1,2024-04-30,63.82,85.0,CH,0.25,risk
22002,CH-KPI2,2024-04-30,61.59,85.0,CH,0.25,risk
22002,CH-KPI3,2024-04-30,66.34,85.0,CH,0.25,risk
22002,DV-KPI1,2024-04-30,62.85,85.0,DV,0.25,risk
22002,DV-KPI2,2024-04-30,58.38,85.0,DV,0.25,risk
22002,DV-KPI3,2024-04-30,59.01,85.0,DV,0.25,risk
22002,EX-KPI1,2024-04-30,65.36,85.0,EX,0.25,risk
22002,EX-KPI2,2024-04-30,60.25,85.0,EX,0.25,risk
22002,EX-KPI3,2024-04-30,66.34,85.0,EX,0.25,risk
22002,OS-KPI1,2024-04-30,64.99,85.0,OS,0.25,risk
22002,OS-KPI2,2024-04-30,59.13,85.0,OS,0.25,risk
22002,OS-KPI3,2024-04-30,58.41,85.0,OS,0.25,risk
22002,AI-KPI1,2024-05-30,68.16,85.0,AI,0.25,risk
22002,AI-KPI2,2024-05-30,68.36,85.0,AI,0.25,risk
22002,AI-KPI3,2024-05-30,60.11,85.0,AI,0.25,risk
22002,CH-KPI1,2024-05-30,62.51,85.0,CH,0.25,risk
22002,CH-KPI2,2024-05-30,61.66,85.0,CH,0.25,risk
22002,CH-KPI3,2024-05-30,67.93,85.0,CH,0.25,risk
22002,DV-KPI1,2024-05-30,61.92,85.0,DV,0.25,risk
22002,DV-KPI2,2024-05-30,64.07,85.0,DV,0.25,risk
22002,DV-KPI3,2024-05-30,69.58,85.0,DV,0.25,risk
22002,EX-KPI1,2024-05-30,62.6,85.0,EX,0.25,risk
22002,EX-KPI2,2024-05-30,66.86,85.0,EX,0.25,risk
22002,EX-KPI3,2024-05-30,60.56,85.0,EX,0.25,risk
22002,OS-KPI1,2024-05-30,69.59,85.0,OS,0.25,risk
22002,OS-KPI2,2024-05-30,67.87,85.0,OS,0.25,risk
22002,OS-KPI3,2024-05-30,62.35,85.0,OS,0.25,risk
22002,AI-KPI1,2024-06-29,71.54,85.0,AI,0.25,healthy
22002,AI-KPI2,2024-06-29,72.03,85.0,AI,0.25,healthy
22002,AI-KPI3,2024-06-29,63.07,85.0,AI,0.25,risk
22002,CH-KPI1,2024-06-29,63.72,85.0,CH,0.25,risk
22002,CH-KPI2,2024-06-29,63.95,85.0,CH,0.25,risk
22002,CH-KPI3,2024-06-29,70.02,85.0,CH,0.25,healthy
22002,DV-KPI1,2024-06-29,72.31,85.0,DV,0.25,healthy
22002,DV-KPI2,2024-06-29,68.19,85.0,DV,0.25,risk
22002,DV-KPI3,2024-06-29,72.01,85.0,DV,0.25,healthy
22002,EX-KPI1,2024-06-29,64.6,85.0,EX,0.25,risk
22002,EX-KPI2,2024-06-29,72.51,85.0,EX,0.25,healthy
22002,EX-KPI3,2024-06-29,72.03,85.0,EX,0.25,healthy
22002,OS-KPI1,2024-06-29,64.83,85.0,OS,0.25,risk
22002,OS-KPI2,2024-06-29,68.01,85.0,OS,0.25,risk
22002,OS-KPI3,2024-06-29,72.49,85.0,OS,0.25,healthy
22002,AI-KPI1,2024-07-29,67.46,85.0,AI,0.25,risk
22002,AI-KPI2,2024-07-29,68.58,85.0,AI,0.25,risk
22002,AI-KPI3,2024-07-29,71.29,85.0,AI,0.25,healthy
22002,CH-KPI1,2024-07-29,68.39,85.0,CH,0.25,risk
22002,CH-KPI2,2024-07-29,72.09,85.0,CH,0.25,healthy
22002,CH-KPI3,2024-07-29,69.79,85.0,CH,0.25,risk
22002,DV-KPI1,2024-07-29,74.52,85.0,DV,0.25,healthy
22002,DV-KPI2,2024-07-29,72.33,85.0,DV,0.25,healthy
22002,DV-KPI3,2024-07-29,66.29,85.0,DV,0.25,risk
22002,EX-KPI1,2024-07-29,73.48,85.0,EX,0.25,healthy
22002,EX-KPI2,2024-07-29,75.06,85.0,EX,0.25,healthy
22002,EX-KPI3,2024-07-29,71.58,85.0,EX,0.25,healthy
22002,OS-KPI1,2024-07-29,70.11,85.0,OS,0.25,healthy
22002,OS-KPI2,2024-07-29,72.18,85.0,OS,0.25,healthy
22002,OS-KPI3,2024-07-29,66.46,85.0,OS,0.25,risk
22002,AI-KPI1,2024-08-28,77.59,85.0,AI,0.25,healthy
22002,AI-KPI2,2024-08-28,69.15,85.0,AI,0.25,risk
22002,AI-KPI3,2024-08-28,74.05,85.0,AI,0.25,healthy
22002,CH-KPI1,2024-08-28,75.24,85.0,CH,0.25,healthy
22002,CH-KPI2,2024-08-28,70.39,85.0,CH,0.25,healthy
22002,CH-KPI3,2024-08-28,76.45,85.0,CH,0.25,healthy
22002,DV-KPI1,2024-08-28,78.51,85.0,DV,0.25,healthy
22002,DV-KPI2,2024-08-28,78.03,85.0,DV,0.25,healthy
22002,DV-KPI3,2024-08-28,72.88,85.0,DV,0.25,healthy
22002,EX-KPI1,2024-08-28,72.46,85.0,EX,0.25,healthy
22002,EX-KPI2,2024-08-28,71.39,85.0,EX,0.25,healthy
22002,EX-KPI3,2024-08-28,77.46,85.0,EX,0.25,healthy
22002,OS-KPI1,2024-08-28,74.23,85.0,OS,0.25,healthy
22002,OS-KPI2,2024-08-28,77.08,85.0,OS,0.25,healthy
22002,OS-KPI3,2024-08-28,76.29,85.0,OS,0.25,healthy
22002,AI-KPI1,2024-09-27,81.95,85.0,AI,0.25,healthy
22002,AI-KPI2,2024-09-27,73.85,85.0,AI,0.25,healthy
22002,AI-KPI3,2024-09-27,76.11,85.0,AI,0.25,healthy
22002,CH-KPI1,2024-09-27,78.65,85.0,CH,0.25,healthy
22002,CH-KPI2,2024-09-27,81.59,85.0,CH,0.25,healthy
22002,CH-KPI3,2024-09-27,81.52,85.0,CH,0.25,healthy
22002,DV-KPI1,2024-09-27,80.1,85.0,DV,0.25,healthy
22002,DV-KPI2,2024-09-27,72.02,85.0,DV,0.25,healthy
22002,DV-KPI3,2024-09-27,81.09,85.0,DV,0.25,healthy
22002,EX-KPI1,2024-09-27,74.17,85.0,EX,0.25,healthy
22002,EX-KPI2,2024-09-27,77.0,85.0,EX,0.25,healthy
22002,EX-KPI3,2024-09-27,77.57,85.0,EX,0.25,healthy
22002,OS-KPI1,2024-09-27,80.2,85.0,OS,0.25,healthy
22002,OS-KPI2,2024-09-27,78.16,85.0,OS,0.25,healthy
22002,OS-KPI3,2024-09-27,79.64,85.0,OS,0.25,healthy
22002,AI-KPI1,2024-10-27,80.47,85.0,AI,0.25,healthy
22002,AI-KPI2,2024-10-27,84.59,85.0,AI,0.25,healthy
22002,AI-KPI3,2024-10-27,84.1,85.0,AI,0.25,healthy
22002,CH-KPI1,2024-10-27,82.31,85.0,CH,0.25,healthy
22002,CH-KPI2,2024-10-27,82.45,85.0,CH,0.25,healthy
22002,CH-KPI3,2024-10-27,81.55,85.0,CH,0.25,healthy
22002,DV-KPI1,2024-10-27,78.92,85.0,DV,0.25,healthy
22002,DV-KPI2,2024-10-27,79.97,85.0,DV,0.25,healthy
22002,DV-KPI3,2024-10-27,84.61,85.0,DV,0.25,healthy
22002,EX-KPI1,2024-10-27,84.79,85.0,EX,0.25,healthy
22002,EX-KPI2,2024-10-27,80.14,85.0,EX,0.25,healthy
22002,EX-KPI3,2024-10-27,81.29,85.0,EX,0.25,healthy
22002,OS-KPI1,2024-10-27,80.5,85.0,OS,0.25,healthy
22002,OS-KPI2,2024-10-27,75.38,85.0,OS,0.25,healthy
22002,OS-KPI3,2024-10-27,78.51,85.0,OS,0.25,healthy
22002,AI-KPI1,2024-11-26,87.41,85.0,AI,0.25,healthy
22002,AI-KPI2,2024-11-26,80.86,85.0,AI,0.25,healthy
22002,AI-KPI3,2024-11-26,78.8,85.0,AI,0.25,healthy
22002,CH-KPI1,2024-11-26,86.53,85.0,CH,0.25,healthy
22002,CH-KPI2,2024-11-26,82.77,85.0,CH,0.25,healthy
22002,CH-KPI3,2024-11-26,86.03,85.0,CH,0.25,healthy
22002,DV-KPI1,2024-11-26,80.13,85.0,DV,0.25,healthy
22002,DV-KPI2,2024-11-26,78.35,85.0,DV,0.25,healthy
22002,DV-KPI3,2024-11-26,84.49,85.0,DV,0.25,healthy
22002,EX-KPI1,2024-11-26,84.54,85.0,EX,0.25,healthy
22002,EX-KPI2,2024-11-26,78.4,85.0,EX,0.25,healthy
22002,EX-KPI3,2024-11-26,84.38,85.0,EX,0.25,healthy
22002,OS-KPI1,2024-11-26,83.85,85.0,OS,0.25,healthy
22002,OS-KPI2,2024-11-26,87.99,85.0,OS,0.25,healthy
22002,OS-KPI3,2024-11-26,78.72,85.0,OS,0.25,healthy
22003,AI-KPI1,2024-01-01,77.69,85.0,AI,0.25,healthy
22003,AI-KPI2,2024-01-01,70.63,85.0,AI,0.25,healthy
22003,AI-KPI3,2024-01-01,79.19,85.0,AI,0.25,healthy
22003,CH-KPI1,2024-01-01,77.76,85.0,CH,0.25,healthy
22003,CH-KPI2,2024-01-01,73.07,85.0,CH,0.25,healthy
22003,CH-KPI3,2024-01-01,74.04,85.0,CH,0.25,healthy
22003,DV-KPI1,2024-01-01,72.73,85.0,DV,0.25,healthy
22003,DV-KPI2,2024-01-01,75.81,85.0,DV,0.25,healthy
22003,DV-KPI3,2024-01-01,76.29,85.0,DV,0.25,healthy
22003,EX-KPI1,2024-01-01,74.31,85.0,EX,0.25,healthy
22003,EX-KPI2,2024-01-01,71.14,85.0,EX,0.25,healthy
22003,EX-KPI3,2024-01-01,75.58,85.0,EX,0.25,healthy
22003,OS-KPI1,2024-01-01,79.45,85.0,OS,0.25,healthy
22003,OS-KPI2,2024-01-01,78.86,85.0,OS,0.25,healthy
22003,OS-KPI3,2024-01-01,79.63,85.0,OS,0.25,healthy
22003,AI-KPI1,2024-01-31,75.19,85.0,AI,0.25,healthy
22003,AI-KPI2,2024-01-31,76.01,85.0,AI,0.25,healthy
22003,AI-KPI3,2024-01-31,75.11,85.0,AI,0.25,healthy
22003,CH-KPI1,2024-01-31,79.62,85.0,CH,0.25,healthy
22003,CH-KPI2,2024-01-31,73.83,85.0,CH,0.25,healthy
22003,CH-KPI3,2024-01-31,74.01,85.0,CH,0.25,healthy
22003,DV-KPI1,2024-01-31,71.44,85.0,DV,0.25,healthy
22003,DV-KPI2,2024-01-31,70.12,85.0,DV,0.25,healthy
22003,DV-KPI3,2024-01-31,74.3,85.0,DV,0.25,healthy
22003,EX-KPI1,2024-01-31,70.86,85.0,EX,0.25,healthy
22003,EX-KPI2,2024-01-31,73.43,85.0,EX,0.25,healthy
22003,EX-KPI3,2024-01-31,75.81,85.0,EX,0.25,healthy
22003,OS-KPI1,2024-01-31,76.48,85.0,OS,0.25,healthy
22003,OS-KPI2,2024-01-31,79.14,85.0,OS,0.25,healthy
22003,OS-KPI3,2024-01-31,74.79,85.0,OS,0.25,healthy
22003,AI-KPI1,2024-03-01,76.24,85.0,AI,0.25,healthy
22003,AI-KPI2,2024-03-01,73.44,85.0,AI,0.25,healthy
22003,AI-KPI3,2024-03-01,74.7,85.0,AI,0.25,healthy
22003,CH-KPI1,2024-03-01,72.14,85.0,CH,0.25,healthy
22003,CH-KPI2,2024-03-01,77.62,85.0,CH,0.25,healthy
22003,CH-KPI3,2024-03-01,72.17,85.0,CH,0.25,healthy
22003,DV-KPI1,2024-03-01,70.3,85.0,DV,0.25,healthy
22003,DV-KPI2,2024-03-01,77.51,85.0,DV,0.25,healthy
22003,DV-KPI3,2024-03-01,76.86,85.0,DV,0.25,healthy
22003,EX-KPI1,2024-03-01,74.84,85.0,EX,0.25,healthy
22003,EX-KPI2,2024-03-01,77.41,85.0,EX,0.25,healthy
22003,EX-KPI3,2024-03-01,75.85,85.0,EX,0.25,healthy
22003,OS-KPI1,2024-03-01,72.36,85.0,OS,0.25,healthy
22003,OS-KPI2,2024-03-01,71.56,85.0,OS,0.25,healthy
22003,OS-KPI3,2024-03-01,79.46,85.0,OS,0.25,healthy
22003,AI-KPI1,2024-03-31,70.79,85.0,AI,0.25,healthy
22003,AI-KPI2,2024-03-31,76.39,85.0,AI,0.25,healthy
22003,AI-KPI3,2024-03-31,78.74,85.0,AI,0.25,healthy
22003,CH-KPI1,2024-03-31,75.05,85.0,CH,0.25,healthy
22003,CH-KPI2,2024-03-31,77.58,85.0,CH,0.25,healthy
22003,CH-KPI3,2024-03-31,79.64,85.0,CH,0.25,healthy
22003,DV-KPI1,2024-03-31,76.76,85.0,DV,0.25,healthy
22003,DV-KPI2,2024-03-31,76.18,85.0,DV,0.25,healthy
22003,DV-KPI3,2024-03-31,72.64,85.0,DV,0.25,healthy
22003,EX-KPI1,2024-03-31,77.86,85.0,EX,0.25,healthy
22003,EX-KPI2,2024-03-31,76.47,85.0,EX,0.25,healthy
22003,EX-KPI3,2024-03-31,74.92,85.0,EX,0.25,healthy
22003,OS-KPI1,2024-03-31,74.06,85.0,OS,0.25,healthy
22003,OS-KPI2,2024-03-31,72.4,85.0,OS,0.25,healthy
22003,OS-KPI3,2024-03-31,78.06,85.0,OS,0.25,healthy
22003,AI-KPI1,2024-04-30,73.29,85.0,AI,0.25,healthy
22003,AI-KPI2,2024-04-30,71.75,85.0,AI,0.25,healthy
22003,AI-KPI3,2024-04-30,74.28,85.0,AI,0.25,healthy
22003,CH-KPI1,2024-04-30,74.17,85.0,CH,0.25,healthy
22003,CH-KPI2,2024-04-30,75.22,85.0,CH,0.25,healthy
22003,CH-KPI3,2024-04-30,76.88,85.0,CH,0.25,healthy
22003,DV-KPI1,2024-04-30,70.57,85.0,DV,0.25,healthy
22003,DV-KPI2,2024-04-30,71.54,85.0,DV,0.25,healthy
22003,DV-KPI3,2024-04-30,75.26,85.0,DV,0.25,healthy
22003,EX-KPI1,2024-04-30,71.42,85.0,EX,0.25,healthy
22003,EX-KPI2,2024-04-30,75.1,85.0,EX,0.25,healthy
22003,EX-KPI3,2024-04-30,77.9,85.0,EX,0.25,healthy
22003,OS-KPI1,2024-04-30,79.7,85.0,OS,0.25,healthy
22003,OS-KPI2,2024-04-30,76.69,85.0,OS,0.25,healthy
22003,OS-KPI3,2024-04-30,73.74,85.0,OS,0.25,healthy
22003,AI-KPI1,2024-05-30,75.78,85.0,AI,0.25,healthy
22003,AI-KPI2,2024-05-30,73.39,85.0,AI,0.25,healthy
22003,AI-KPI3,2024-05-30,73.4,85.0,AI,0.25,healthy
22003,CH-KPI1,2024-05-30,77.95,85.0,CH,0.25,healthy
22003,CH-KPI2,2024-05-30,79.22,85.0,CH,0.25,healthy
22003,CH-KPI3,2024-05-30,74.02,85.0,CH,0.25,healthy
22003,DV-KPI1,2024-05-30,72.68,85.0,DV,0.25,healthy
22003,DV-KPI2,2024-05-30,77.92,85.0,DV,0.25,healthy
22003,DV-KPI3,2024-05-30,70.86,85.0,DV,0.25,healthy
22003,EX-KPI1,2024-05-30,76.9,85.0,EX,0.25,healthy
22003,EX-KPI2,2024-05-30,70.93,85.0,EX,0.25,healthy
22003,EX-KPI3,2024-05-30,74.97,85.0,EX,0.25,healthy
22003,OS-KPI1,2024-05-30,72.98,85.0,OS,0.25,healthy
22003,OS-KPI2,2024-05-30,72.09,85.0,OS,0.25,healthy
22003,OS-KPI3,2024-05-30,70.26,85.0,OS,0.25,healthy
22003,AI-KPI1,2024-06-29,77.94,85.0,AI,0.25,healthy
22003,AI-KPI2,2024-06-29,78.72,85.0,AI,0.25,healthy
22003,AI-KPI3,2024-06-29,74.98,85.0,AI,0.25,healthy
22003,CH-KPI1,2024-06-29,72.86,85.0,CH,0.25,healthy
22003,CH-KPI2,2024-06-29,79.34,85.0,CH,0.25,healthy
22003,CH-KPI3,2024-06-29,78.83,85.0,CH,0.25,healthy
22003,DV-KPI1,2024-06-29,79.65,85.0,DV,0.25,healthy
22003,DV-KPI2,2024-06-29,70.91,85.0,DV,0.25,healthy
22003,DV-KPI3,2024-06-29,78.54,85.0,DV,0.25,healthy
22003,EX-KPI1,2024-06-29,70.96,85.0,EX,0.25,healthy
22003,EX-KPI2,2024-06-29,73.76,85.0,EX,0.25,healthy
22003,EX-KPI3,2024-06-29,79.15,85.0,EX,0.25,healthy
22003,OS-KPI1,2024-06-29,79.44,85.0,OS,0.25,healthy
22003,OS-KPI2,2024-06-29,72.07,85.0,OS,0.25,healthy
22003,OS-KPI3,2024-06-29,73.18,85.0,OS,0.25,healthy
22003,AI-KPI1,2024-07-29,77.73,85.0,AI,0.25,healthy
22003,AI-KPI2,2024-07-29,76.38,85.0,AI,0.25,healthy
22003,AI-KPI3,2024-07-29,79.83,85.0,AI,0.25,healthy
22003,CH-KPI1,2024-07-29,77.03,85.0,CH,0.25,healthy
22003,CH-KPI2,2024-07-29,70.12,85.0,CH,0.25,healthy
22003,CH-KPI3,2024-07-29,78.54,85.0,CH,0.25,healthy
22003,DV-KPI1,2024-07-29,72.63,85.0,DV,0.25,healthy
22003,DV-KPI2,2024-07-29,72.36,85.0,DV,0.25,healthy
22003,DV-KPI3,2024-07-29,71.59,85.0,DV,0.25,healthy
22003,EX-KPI1,2024-07-29,77.36,85.0,EX,0.25,healthy
22003,EX-KPI2,2024-07-29,79.96,85.0,EX,0.25,healthy
22003,EX-KPI3,2024-07-29,72.67,85.0,EX,0.25,healthy
22003,OS-KPI1,2024-07-29,79.46,85.0,OS,0.25,healthy
22003,OS-KPI2,2024-07-29,79.62,85.0,OS,0.25,healthy
22003,OS-KPI3,2024-07-29,71.09,85.0,OS,0.25,healthy
22003,AI-KPI1,2024-08-28,76.87,85.0,AI,0.25,healthy
22003,AI-KPI2,2024-08-28,70.17,85.0,AI,0.25,healthy
22003,AI-KPI3,2024-08-28,77.45,85.0,AI,0.25,healthy
22003,CH-KPI1,2024-08-28,78.06,85.0,CH,0.25,healthy
22003,CH-KPI2,2024-08-28,78.55,85.0,CH,0.25,healthy
22003,CH-KPI3,2024-08-28,78.3,85.0,CH,0.25,healthy
22003,DV-KPI1,2024-08-28,78.05,85.0,DV,0.25,healthy
22003,DV-KPI2,2024-08-28,71.17,85.0,DV,0.25,healthy
22003,DV-KPI3,2024-08-28,79.33,85.0,DV,0.25,healthy
22003,EX-KPI1,2024-08-28,74.4,85.0,EX,0.25,healthy
22003,EX-KPI2,2024-08-28,74.75,85.0,EX,0.25,healthy
22003,EX-KPI3,2024-08-28,70.78,85.0,EX,0.25,healthy
22003,OS-KPI1,2024-08-28,74.92,85.0,OS,0.25,healthy
22003,OS-KPI2,2024-08-28,73.51,85.0,OS,0.25,healthy
22003,OS-KPI3,2024-08-28,73.16,85.0,OS,0.25,healthy
22003,AI-KPI1,2024-09-27,72.08,85.0,AI,0.25,healthy
22003,AI-KPI2,2024-09-27,78.68,85.0,AI,0.25,healthy
22003,AI-KPI3,2024-09-27,75.34,85.0,AI,0.25,healthy
22003,CH-KPI1,2024-09-27,75.4,85.0,CH,0.25,healthy
22003,CH-KPI2,2024-09-27,79.39,85.0,CH,0.25,healthy
22003,CH-KPI3,2024-09-27,77.2,85.0,CH,0.25,healthy
22003,DV-KPI1,2024-09-27,79.57,85.0,DV,0.25,healthy
22003,DV-KPI2,2024-09-27,73.29,85.0,DV,0.25,healthy
22003,DV-KPI3,2024-09-27,73.55,85.0,DV,0.25,healthy
22003,EX-KPI1,2024-09-27,77.45,85.0,EX,0.25,healthy
22003,EX-KPI2,2024-09-27,76.15,85.0,EX,0.25,healthy
22003,EX-KPI3,2024-09-27,73.46,85.0,EX,0.25,healthy
22003,OS-KPI1,2024-09-27,72.89,85.0,OS,0.25,healthy
22003,OS-KPI2,2024-09-27,74.35,85.0,OS,0.25,healthy
22003,OS-KPI3,2024-09-27,79.66,85.0,OS,0.25,healthy
22003,AI-KPI1,2024-10-27,74.25,85.0,AI,0.25,healthy
22003,AI-KPI2,2024-10-27,78.31,85.0,AI,0.25,healthy
22003,AI-KPI3,2024-10-27,75.8,85.0,AI,0.25,healthy
22003,CH-KPI1,2024-10-27,78.66,85.0,CH,0.25,healthy
22003,CH-KPI2,2024-10-27,71.53,85.0,CH,0.25,healthy
22003,CH-KPI3,2024-10-27,73.25,85.0,CH,0.25,healthy
22003,DV-KPI1,2024-10-27,74.9,85.0,DV,0.25,healthy
22003,DV-KPI2,2024-10-27,71.96,85.0,DV,0.25,healthy
22003,DV-KPI3,2024-10-27,70.52,85.0,DV,0.25,healthy
22003,EX-KPI1,2024-10-27,78.28,85.0,EX,0.25,healthy
22003,EX-KPI2,2024-10-27,74.73,85.0,EX,0.25,healthy
22003,EX-KPI3,2024-10-27,70.24,85.0,EX,0.25,healthy
22003,OS-KPI1,2024-10-27,78.51,85.0,OS,0.25,healthy
22003,OS-KPI2,2024-10-27,77.54,85.0,OS,0.25,healthy
22003,OS-KPI3,2024-10-27,76.75,85.0,OS,0.25,healthy
22003,AI-KPI1,2024-11-26,74.74,85.0,AI,0.25,healthy
22003,AI-KPI2,2024-11-26,77.11,85.0,AI,0.25,healthy
22003,AI-KPI3,2024-11-26,72.53,85.0,AI,0.25,healthy
22003,CH-KPI1,2024-11-26,78.27,85.0,CH,0.25,healthy
22003,CH-KPI2,2024-11-26,78.59,85.0,CH,0.25,healthy
22003,CH-KPI3,2024-11-26,75.43,85.0,CH,0.25,healthy
22003,DV-KPI1,2024-11-26,78.32,85.0,DV,0.25,healthy
22003,DV-KPI2,2024-11-26,76.41,85.0,DV,0.25,healthy
22003,DV-KPI3,2024-11-26,74.39,85.0,DV,0.25,healthy
22003,EX-KPI1,2024-11-26,78.55,85.0,EX,0.25,healthy
22003,EX-KPI2,2024-11-26,79.3,85.0,EX,0.25,healthy
22003,EX-KPI3,2024-11-26,70.41,85.0,EX,0.25,healthy
22003,OS-KPI1,2024-11-26,77.64,85.0,OS,0.25,healthy
22003,OS-KPI2,2024-11-26,79.37,85.0,OS,0.25,healthy
22003,OS-KPI3,2024-11-26,76.85,85.0,OS,0.25,healthy
22004,AI-KPI1,2024-01-01,75.25,85.0,AI,0.25,healthy
22004,AI-KPI2,2024-01-01,79.15,85.0,AI,0.25,healthy
22004,AI-KPI3,2024-01-01,81.37,85.0,AI,0.25,healthy
22004,CH-KPI1,2024-01-01,83.29,85.0,CH,0.25,healthy
22004,CH-KPI2,2024-01-01,83.09,85.0,CH,0.25,healthy
22004,CH-KPI3,2024-01-01,81.72,85.0,CH,0.25,healthy
22004,DV-KPI1,2024-01-01,81.59,85.0,DV,0.25,healthy
22004,DV-KPI2,2024-01-01,83.49,85.0,DV,0.25,healthy
22004,DV-KPI3,2024-01-01,81.49,85.0,DV,0.25,healthy
22004,EX-KPI1,2024-01-01,76.92,85.0,EX,0.25,healthy
22004,EX-KPI2,2024-01-01,78.15,85.0,EX,0.25,healthy
22004,EX-KPI3,2024-01-01,77.9,85.0,EX,0.25,healthy
22004,OS-KPI1,2024-01-01,81.97,85.0,OS,0.25,healthy
22004,OS-KPI2,2024-01-01,78.82,85.0,OS,0.25,healthy
22004,OS-KPI3,2024-01-01,79.22,85.0,OS,0.25,healthy
22004,AI-KPI1,2024-01-31,77.3,85.0,AI,0.25,healthy
22004,AI-KPI2,2024-01-31,75.65,85.0,AI,0.25,healthy
22004,AI-KPI3,2024-01-31,80.3,85.0,AI,0.25,healthy
22004,CH-KPI1,2024-01-31,81.15,85.0,CH,0.25,healthy
22004,CH-KPI2,2024-01-31,74.59,85.0,CH,0.25,healthy
22004,CH-KPI3,2024-01-31,75.56,85.0,CH,0.25,healthy
22004,DV-KPI1,2024-01-31,78.34,85.0,DV,0.25,healthy
22004,DV-KPI2,2024-01-31,75.83,85.0,DV,0.25,healthy
22004,DV-KPI3,2024-01-31,78.24,85.0,DV,0.25,healthy
22004,EX-KPI1,2024-01-31,76.92,85.0,EX,0.25,healthy
22004,EX-KPI2,2024-01-31,75.58,85.0,EX,0.25,healthy
22004,EX-KPI3,2024-01-31,75.07,85.0,EX,0.25,healthy
22004,OS-KPI1,2024-01-31,77.94,85.0,OS,0.25,healthy
22004,OS-KPI2,2024-01-31,76.34,85.0,OS,0.25,healthy
22004,OS-KPI3,2024-01-31,74.48,85.0,OS,0.25,healthy
22004,AI-KPI1,2024-03-01,71.96,85.0,AI,0.25,healthy
22004,AI-KPI2,2024-03-01,73.96,85.0,AI,0.25,healthy
22004,AI-KPI3,2024-03-01,75.96,85.0,AI,0.25,healthy
22004,CH-KPI1,2024-03-01,76.45,85.0,CH,0.25,healthy
22004,CH-KPI2,2024-03-01,73.57,85.0,CH,0.25,healthy
22004,CH-KPI3,2024-03-01,76.04,85.0,CH,0.25,healthy
22004,DV-KPI1,2024-03-01,79.12,85.0,DV,0.25,healthy
22004,DV-KPI2,2024-03-01,78.13,85.0,DV,0.25,healthy
22004,DV-KPI3,2024-03-01,72.27,85.0,DV,0.25,healthy
22004,EX-KPI1,2024-03-01,75.65,85.0,EX,0.25,healthy
22004,EX-KPI2,2024-03-01,77.46,85.0,EX,0.25,healthy
22004,EX-KPI3,2024-03-01,74.94,85.0,EX,0.25,healthy
22004,OS-KPI1,2024-03-01,71.89,85.0,OS,0.25,healthy
22004,OS-KPI2,2024-03-01,78.24,85.0,OS,0.25,healthy
22004,OS-KPI3,2024-03-01,72.55,85.0,OS,0.25,healthy
22004,AI-KPI1,2024-03-31,69.6,85.0,AI,0.25,risk
22004,AI-KPI2,2024-03-31,69.49,85.0,AI,0.25,risk
22004,AI-KPI3,2024-03-31,77.38,85.0,AI,0.25,healthy
22004,CH-KPI1,2024-03-31,77.51,85.0,CH,0.25,healthy
22004,CH-KPI2,2024-03-31,76.09,85.0,CH,0.25,healthy
22004,CH-KPI3,2024-03-31,70.47,85.0,CH,0.25,healthy
22004,DV-KPI1,2024-03-31,73.27,85.0,DV,0.25,healthy
22004,DV-KPI2,2024-03-31,75.78,85.0,DV,0.25,healthy
22004,DV-KPI3,2024-03-31,77.95,85.0,DV,0.25,healthy
22004,EX-KPI1,2024-03-31,71.48,85.0,EX,0.25,healthy
22004,EX-KPI2,2024-03-31,75.41,85.0,EX,0.25,healthy
22004,EX-KPI3,2024-03-31,69.02,85.0,EX,0.25,risk
22004,OS-KPI1,2024-03-31,78.5,85.0,OS,0.25,healthy
22004,OS-KPI2,2024-03-31,75.62,85.0,OS,0.25,healthy
22004,OS-KPI3,2024-03-31,74.15,85.0,OS,0.25,healthy
22004,AI-KPI1,2024-04-30,69.04,85.0,AI,0.25,risk
22004,AI-KPI2,2024-04-30,71.82,85.0,AI,0.25,healthy
22004,AI-KPI3,2024-04-30,67.97,85.0,AI,0.25,risk
22004,CH-KPI1,2024-04-30,73.03,85.0,CH,0.25,healthy
22004,CH-KPI2,2024-04-30,76.59,85.0,CH,0.25,healthy
22004,CH-KPI3,2024-04-30,67.05,85.0,CH,0.25,risk
22004,DV-KPI1,2024-04-30,67.46,85.0,DV,0.25,risk
22004,DV-KPI2,2024-04-30,70.32,85.0,DV,0.25,healthy
22004,DV-KPI3,2024-04-30,71.05,85.0,DV,0.25,healthy
22004,EX-KPI1,2024-04-30,72.66,85.0,EX,0.25,healthy
22004,EX-KPI2,2024-04-30,76.04,85.0,EX,0.25,healthy
22004,EX-KPI3,2024-04-30,73.27,85.0,EX,0.25,healthy
22004,OS-KPI1,2024-04-30,67.09,85.0,OS,0.25,risk
22004,OS-KPI2,2024-04-30,68.35,85.0,OS,0.25,risk
22004,OS-KPI3,2024-04-30,73.64,85.0,OS,0.25,healthy
22004,AI-KPI1,2024-05-30,68.02,85.0,AI,0.25,risk
22004,AI-KPI2,2024-05-30,69.55,85.0,AI,0.25,risk
22004,AI-KPI3,2024-05-30,74.04,85.0,AI,0.25,healthy
22004,CH-KPI1,2024-05-30,66.27,85.0,CH,0.25,risk
22004,CH-KPI2,2024-05-30,65.92,85.0,CH,0.25,risk
22004,CH-KPI3,2024-05-30,71.49,85.0,CH,0.25,healthy
22004,DV-KPI1,2024-05-30,69.55,85.0,DV,0.25,risk
22004,DV-KPI2,2024-05-30,70.01,85.0,DV,0.25,healthy
22004,DV-KPI3,2024-05-30,67.19,85.0,DV,0.25,risk
22004,EX-KPI1,2024-05-30,72.72,85.0,EX,0.25,healthy
22004,EX-KPI2,2024-05-30,74.98,85.0,EX,0.25,healthy
22004,EX-KPI3,2024-05-30,70.96,85.0,EX,0.25,healthy
22004,OS-KPI1,2024-05-30,73.33,85.0,OS,0.25,healthy
22004,OS-KPI2,2024-05-30,65.16,85.0,OS,0.25,risk
22004,OS-KPI3,2024-05-30,67.5,85.0,OS,0.25,risk
22004,AI-KPI1,2024-06-29,69.87,85.0,AI,0.25,risk
22004,AI-KPI2,2024-06-29,66.41,85.0,AI,0.25,risk
22004,AI-KPI3,2024-06-29,68.34,85.0,AI,0.25,risk
22004,CH-KPI1,2024-06-29,65.53,85.0,CH,0.25,risk
22004,CH-KPI2,2024-06-29,63.38,85.0,CH,0.25,risk
22004,CH-KPI3,2024-06-29,68.27,85.0,CH,0.25,risk
22004,DV-KPI1,2024-06-29,63.36,85.0,DV,0.25,risk
22004,DV-KPI2,2024-06-29,70.91,85.0,DV,0.25,healthy
22004,DV-KPI3,2024-06-29,65.07,85.0,DV,0.25,risk
22004,EX-KPI1,2024-06-29,71.85,85.0,EX,0.25,healthy
22004,EX-KPI2,2024-06-29,70.15,85.0,EX,0.25,healthy
22004,EX-KPI3,2024-06-29,67.9,85.0,EX,0.25,risk
22004,OS-KPI1,2024-06-29,72.41,85.0,OS,0.25,healthy
22004,OS-KPI2,2024-06-29,71.58,85.0,OS,0.25,healthy
22004,OS-KPI3,2024-06-29,69.71,85.0,OS,0.25,risk
22004,AI-KPI1,2024-07-29,66.05,85.0,AI,0.25,risk
22004,AI-KPI2,2024-07-29,64.37,85.0,AI,0.25,risk
22004,AI-KPI3,2024-07-29,69.32,85.0,AI,0.25,risk
22004,CH-KPI1,2024-07-29,61.3,85.0,CH,0.25,risk
22004,CH-KPI2,2024-07-29,70.63,85.0,CH,0.25,healthy
22004,CH-KPI3,2024-07-29,65.41,85.0,CH,0.25,risk
22004,DV-KPI1,2024-07-29,68.37,85.0,DV,0.25,risk
22004,DV-KPI2,2024-07-29,62.84,85.0,DV,0.25,risk
22004,DV-KPI3,2024-07-29,63.95,85.0,DV,0.25,risk
22004,EX-KPI1,2024-07-29,62.06,85.0,EX,0.25,risk
22004,EX-KPI2,2024-07-29,65.68,85.0,EX,0.25,risk
22004,EX-KPI3,2024-07-29,68.21,85.0,EX,0.25,risk
22004,OS-KPI1,2024-07-29,69.21,85.0,OS,0.25,risk
22004,OS-KPI2,2024-07-29,64.65,85.0,OS,0.25,risk
22004,OS-KPI3,2024-07-29,68.66,85.0,OS,0.25,risk
22004,AI-KPI1,2024-08-28,67.14,85.0,AI,0.25,risk
22004,AI-KPI2,2024-08-28,60.23,85.0,AI,0.25,risk
22004,AI-KPI3,2024-08-28,60.12,85.0,AI,0.25,risk
22004,CH-KPI1,2024-08-28,68.87,85.0,CH,0.25,risk
22004,CH-KPI2,2024-08-28,63.39,85.0,CH,0.25,risk
22004,CH-KPI3,2024-08-28,62.57,85.0,CH,0.25,risk
22004,DV-KPI1,2024-08-28,66.75,85.0,DV,0.25,risk
22004,DV-KPI2,2024-08-28,67.15,85.0,DV,0.25,risk
22004,DV-KPI3,2024-08-28,68.51,85.0,DV,0.25,risk
22004,EX-KPI1,2024-08-28,60.69,85.0,EX,0.25,risk
22004,EX-KPI2,2024-08-28,60.71,85.0,EX,0.25,risk
22004,EX-KPI3,2024-08-28,61.51,85.0,EX,0.25,risk
22004,OS-KPI1,2024-08-28,65.1,85.0,OS,0.25,risk
22004,OS-KPI2,2024-08-28,60.11,85.0,OS,0.25,risk
22004,OS-KPI3,2024-08-28,66.6,85.0,OS,0.25,risk
22004,AI-KPI1,2024-09-27,58.46,85.0,AI,0.25,risk
22004,AI-KPI2,2024-09-27,58.25,85.0,AI,0.25,risk
22004,AI-KPI3,2024-09-27,65.36,85.0,AI,0.25,risk
22004,CH-KPI1,2024-09-27,62.42,85.0,CH,0.25,risk
22004,CH-KPI2,2024-09-27,59.62,85.0,CH,0.25,risk
22004,CH-KPI3,2024-09-27,59.37,85.0,CH,0.25,risk
22004,DV-KPI1,2024-09-27,65.47,85.0,DV,0.25,risk
22004,DV-KPI2,2024-09-27,66.53,85.0,DV,0.25,risk
22004,DV-KPI3,2024-09-27,60.29,85.0,DV,0.25,risk
22004,EX-KPI1,2024-09-27,60.99,85.0,EX,0.25,risk
22004,EX-KPI2,2024-09-27,61.81,85.0,EX,0.25,risk
22004,EX-KPI3,2024-09-27,63.82,85.0,EX,0.25,risk
22004,OS-KPI1,2024-09-27,64.32,85.0,OS,0.25,risk
22004,OS-KPI2,2024-09-27,63.75,85.0,OS,0.25,risk
22004,OS-KPI3,2024-09-27,65.9,85.0,OS,0.25,risk
22004,AI-KPI1,2024-10-27,59.64,85.0,AI,0.25,risk
22004,AI-KPI2,2024-10-27,59.61,85.0,AI,0.25,risk
22004,AI-KPI3,2024-10-27,62.26,85.0,AI,0.25,risk
22004,CH-KPI1,2024-10-27,62.66,85.0,CH,0.25,risk
22004,CH-KPI2,2024-10-27,64.1,85.0,CH,0.25,risk
22004,CH-KPI3,2024-10-27,59.41,85.0,CH,0.25,risk
22004,DV-KPI1,2024-10-27,64.31,85.0,DV,0.25,risk
22004,DV-KPI2,2024-10-27,56.95,85.0,DV,0.25,risk
22004,DV-KPI3,2024-10-27,57.09,85.0,DV,0.25,risk
22004,EX-KPI1,2024-10-27,63.87,85.0,EX,0.25,risk
22004,EX-KPI2,2024-10-27,62.27,85.0,EX,0.25,risk
22004,EX-KPI3,2024-10-27,62.87,85.0,EX,0.25,risk
22004,OS-KPI1,2024-10-27,56.59,85.0,OS,0.25,risk
22004,OS-KPI2,2024-10-27,60.85,85.0,OS,0.25,risk
22004,OS-KPI3,2024-10-27,64.46,85.0,OS,0.25,risk
22004,AI-KPI1,2024-11-26,53.91,85.0,AI,0.25,risk
22004,AI-KPI2,2024-11-26,53.49,85.0,AI,0.25,risk
22004,AI-KPI3,2024-11-26,60.45,85.0,AI,0.25,risk
22004,CH-KPI1,2024-11-26,53.26,85.0,CH,0.25,risk
22004,CH-KPI2,2024-11-26,57.51,85.0,CH,0.25,risk
22004,CH-KPI3,2024-11-26,55.12,85.0,CH,0.25,risk
22004,DV-KPI1,2024-11-26,62.13,85.0,DV,0.25,risk
22004,DV-KPI2,2024-11-26,60.16,85.0,DV,0.25,risk
22004,DV-KPI3,2024-11-26,53.49,85.0,DV,0.25,risk
22004,EX-KPI1,2024-11-26,58.1,85.0,EX,0.25,risk
22004,EX-KPI2,2024-11-26,62.13,85.0,EX,0.25,risk
22004,EX-KPI3,2024-11-26,61.41,85.0,EX,0.25,risk
22004,OS-KPI1,2024-11-26,55.2,85.0,OS,0.25,risk
22004,OS-KPI2,2024-11-26,54.43,85.0,OS,0.25,risk
22004,OS-KPI3,2024-11-26,58.27,85.0,OS,0.25,risk
22005,AI-KPI1,2024-01-01,54.54,85.0,AI,0.25,risk
22005,AI-KPI2,2024-01-01,47.34,85.0,AI,0.25,critical
22005,AI-KPI3,2024-01-01,47.52,85.0,AI,0.25,critical
22005,CH-KPI1,2024-01-01,51.41,85.0,CH,0.25,risk
22005,CH-KPI2,2024-01-01,51.11,85.0,CH,0.25,risk
22005,CH-KPI3,2024-01-01,54.36,85.0,CH,0.25,risk
22005,DV-KPI1,2024-01-01,46.33,85.0,DV,0.25,critical
22005,DV-KPI2,2024-01-01,45.71,85.0,DV,0.25,critical
22005,DV-KPI3,2024-01-01,54.32,85.0,DV,0.25,risk
22005,EX-KPI1,2024-01-01,54.26,85.0,EX,0.25,risk
22005,EX-KPI2,2024-01-01,50.83,85.0,EX,0.25,risk
22005,EX-KPI3,2024-01-01,46.06,85.0,EX,0.25,critical
22005,OS-KPI1,2024-01-01,48.92,85.0,OS,0.25,critical
22005,OS-KPI2,2024-01-01,50.71,85.0,OS,0.25,risk
22005,OS-KPI3,2024-01-01,54.6,85.0,OS,0.25,risk
22005,AI-KPI1,2024-01-31,52.58,85.0,AI,0.25,risk
22005,AI-KPI2,2024-01-31,53.85,85.0,AI,0.25,risk
22005,AI-KPI3,2024-01-31,57.42,85.0,AI,0.25,risk
22005,CH-KPI1,2024-01-31,55.16,85.0,CH,0.25,risk
22005,CH-KPI2,2024-01-31,53.78,85.0,CH,0.25,risk
22005,CH-KPI3,2024-01-31,57.09,85.0,CH,0.25,risk
22005,DV-KPI1,2024-01-31,48.61,85.0,DV,0.25,critical
22005,DV-KPI2,2024-01-31,49.9,85.0,DV,0.25,critical
22005,DV-KPI3,2024-01-31,55.91,85.0,DV,0.25,risk
22005,EX-KPI1,2024-01-31,51.66,85.0,EX,0.25,risk
22005,EX-KPI2,2024-01-31,56.8,85.0,EX,0.25,risk
22005,EX-KPI3,2024-01-31,56.37,85.0,EX,0.25,risk
22005,OS-KPI1,2024-01-31,54.59,85.0,OS,0.25,risk
22005,OS-KPI2,2024-01-31,50.9,85.0,OS,0.25,risk
22005,OS-KPI3,2024-01-31,53.58,85.0,OS,0.25,risk
22005,AI-KPI1,2024-03-01,54.01,85.0,AI,0.25,risk
22005,AI-KPI2,2024-03-01,57.99,85.0,AI,0.25,risk
22005,AI-KPI3,2024-03-01,59.96,85.0,AI,0.25,risk
22005,CH-KPI1,2024-03-01,54.07,85.0,CH,0.25,risk
22005,CH-KPI2,2024-03-01,60.85,85.0,CH,0.25,risk
22005,CH-KPI3,2024-03-01,60.31,85.0,CH,0.25,risk
22005,DV-KPI1,2024-03-01,55.05,85.0,DV,0.25,risk
22005,DV-KPI2,2024-03-01,54.4,85.0,DV,0.25,risk
22005,DV-KPI3,2024-03-01,51.73,85.0,DV,0.25,risk
22005,EX-KPI1,2024-03-01,52.07,85.0,EX,0.25,risk
22005,EX-KPI2,2024-03-01,57.23,85.0,EX,0.25,risk
22005,EX-KPI3,2024-03-01,59.03,85.0,EX,0.25,risk
22005,OS-KPI1,2024-03-01,54.32,85.0,OS,0.25,risk
22005,OS-KPI2,2024-03-01,59.01,85.0,OS,0.25,risk
22005,OS-KPI3,2024-03-01,53.3,85.0,OS,0.25,risk
22005,AI-KPI1,2024-03-31,55.95,85.0,AI,0.25,risk
22005,AI-KPI2,2024-03-31,58.1,85.0,AI,0.25,risk
22005,AI-KPI3,2024-03-31,58.65,85.0,AI,0.25,risk
22005,CH-KPI1,2024-03-31,62.53,85.0,CH,0.25,risk
22005,CH-KPI2,2024-03-31,60.5,85.0,CH,0.25,risk
22005,CH-KPI3,2024-03-31,60.57,85.0,CH,0.25,risk
22005,DV-KPI1,2024-03-31,55.46,85.0,DV,0.25,risk
22005,DV-KPI2,2024-03-31,58.35,85.0,DV,0.25,risk
22005,DV-KPI3,2024-03-31,62.77,85.0,DV,0.25,risk
22005,EX-KPI1,2024-03-31,54.19,85.0,EX,0.25,risk
22005,EX-KPI2,2024-03-31,58.4,85.0,EX,0.25,risk
22005,EX-KPI3,2024-03-31,63.73,85.0,EX,0.25,risk
22005,OS-KPI1,2024-03-31,55.77,85.0,OS,0.25,risk
22005,OS-KPI2,2024-03-31,55.17,85.0,OS,0.25,risk
22005,OS-KPI3,2024-03-31,58.88,85.0,OS,0.25,risk
22005,AI-KPI1,2024-04-30,61.88,85.0,AI,0.25,risk
22005,AI-KPI2,2024-04-30,59.88,85.0,AI,0.25,risk
22005,AI-KPI3,2024-04-30,58.21,85.0,AI,0.25,risk
22005,CH-KPI1,2024-04-30,60.01,85.0,CH,0.25,risk
22005,CH-KPI2,2024-04-30,57.08,85.0,CH,0.25,risk
22005,CH-KPI3,2024-04-30,63.92,85.0,CH,0.25,risk
22005,DV-KPI1,2024-04-30,59.6,85.0,DV,0.25,risk
22005,DV-KPI2,2024-04-30,61.8,85.0,DV,0.25,risk
22005,DV-KPI3,2024-04-30,58.0,85.0,DV,0.25,risk
22005,EX-KPI1,2024-04-30,58.79,85.0,EX,0.25,risk
22005,EX-KPI2,2024-04-30,59.78,85.0,EX,0.25,risk
22005,EX-KPI3,2024-04-30,57.53,85.0,EX,0.25,risk
22005,OS-KPI1,2024-04-30,65.0,85.0,OS,0.25,risk
22005,OS-KPI2,2024-04-30,59.82,85.0,OS,0.25,risk
22005,OS-KPI3,2024-04-30,60.93,85.0,OS,0.25,risk
22005,AI-KPI1,2024-05-30,64.91,85.0,AI,0.25,risk
22005,AI-KPI2,2024-05-30,60.35,85.0,AI,0.25,risk
22005,AI-KPI3,2024-05-30,63.69,85.0,AI,0.25,risk
22005,CH-KPI1,2024-05-30,65.61,85.0,CH,0.25,risk
22005,CH-KPI2,2024-05-30,67.18,85.0,CH,0.25,risk
22005,CH-KPI3,2024-05-30,61.94,85.0,CH,0.25,risk
22005,DV-KPI1,2024-05-30,66.18,85.0,DV,0.25,risk
22005,DV-KPI2,2024-05-30,61.91,85.0,DV,0.25,risk
22005,DV-KPI3,2024-05-30,64.91,85.0,DV,0.25,risk
22005,EX-KPI1,2024-05-30,63.64,85.0,EX,0.25,risk
22005,EX-KPI2,2024-05-30,62.43,85.0,EX,0.25,risk
22005,EX-KPI3,2024-05-30,61.75,85.0,EX,0.25,risk
22005,OS-KPI1,2024-05-30,63.32,85.0,OS,0.25,risk
22005,OS-KPI2,2024-05-30,67.3,85.0,OS,0.25,risk
22005,OS-KPI3,2024-05-30,61.42,85.0,OS,0.25,risk
22005,AI-KPI1,2024-06-29,65.94,85.0,AI,0.25,risk
22005,AI-KPI2,2024-06-29,63.9,85.0,AI,0.25,risk
22005,AI-KPI3,2024-06-29,64.14,85.0,AI,0.25,risk
22005,CH-KPI1,2024-06-29,70.08,85.0,CH,0.25,healthy
22005,CH-KPI2,2024-06-29,66.03,85.0,CH,0.25,risk
22005,CH-KPI3,2024-06-29,71.75,85.0,CH,0.25,healthy
22005,DV-KPI1,2024-06-29,70.0,85.0,DV,0.25,risk
22005,DV-KPI2,2024-06-29,69.35,85.0,DV,0.25,risk
22005,DV-KPI3,2024-06-29,65.52,85.0,DV,0.25,risk
22005,EX-KPI1,2024-06-29,69.91,85.0,EX,0.25,risk
22005,EX-KPI2,2024-06-29,68.34,85.0,EX,0.25,risk
22005,EX-KPI3,2024-06-29,72.8,85.0,EX,0.25,healthy
22005,OS-KPI1,2024-06-29,70.53,85.0,OS,0.25,healthy
22005,OS-KPI2,2024-06-29,66.45,85.0,OS,0.25,risk
22005,OS-KPI3,2024-06-29,66.68,85.0,OS,0.25,risk
22005,AI-KPI1,2024-07-29,72.82,85.0,AI,0.25,healthy
22005,AI-KPI2,2024-07-29,69.44,85.0,AI,0.25,risk
22005,AI-KPI3,2024-07-29,72.35,85.0,AI,0.25,healthy
22005,CH-KPI1,2024-07-29,74.54,85.0,CH,0.25,healthy
22005,CH-KPI2,2024-07-29,75.04,85.0,CH,0.25,healthy
22005,CH-KPI3,2024-07-29,71.87,85.0,CH,0.25,healthy
22005,DV-KPI1,2024-07-29,69.59,85.0,DV,0.25,risk
22005,DV-KPI2,2024-07-29,75.69,85.0,DV,0.25,healthy
22005,DV-KPI3,2024-07-29,73.33,85.0,DV,0.25,healthy
22005,EX-KPI1,2024-07-29,69.49,85.0,EX,0.25,risk
22005,EX-KPI2,2024-07-29,69.26,85.0,EX,0.25,risk
22005,EX-KPI3,2024-07-29,68.19,85.0,EX,0.25,risk
22005,OS-KPI1,2024-07-29,68.79,85.0,OS,0.25,risk
22005,OS-KPI2,2024-07-29,73.01,85.0,OS,0.25,healthy
22005,OS-KPI3,2024-07-29,71.72,85.0,OS,0.25,healthy
22005,AI-KPI1,2024-08-28,69.63,85.0,AI,0.25,risk
22005,AI-KPI2,2024-08-28,76.42,85.0,AI,0.25,healthy
22005,AI-KPI3,2024-08-28,70.01,85.0,AI,0.25,healthy
22005,CH-KPI1,2024-08-28,76.34,85.0,CH,0.25,healthy
22005,CH-KPI2,2024-08-28,76.01,85.0,CH,0.25,healthy
22005,CH-KPI3,2024-08-28,74.23,85.0,CH,0.25,healthy
22005,DV-KPI1,2024-08-28,74.41,85.0,DV,0.25,healthy
22005,DV-KPI2,2024-08-28,71.99,85.0,DV,0.25,healthy
22005,DV-KPI3,2024-08-28,77.71,85.0,DV,0.25,healthy
22005,EX-KPI1,2024-08-28,72.68,85.0,EX,0.25,healthy
22005,EX-KPI2,2024-08-28,69.48,85.0,EX,0.25,risk
22005,EX-KPI3,2024-08-28,70.52,85.0,EX,0.25,healthy
22005,OS-KPI1,2024-08-28,72.73,85.0,OS,0.25,healthy
22005,OS-KPI2,2024-08-28,78.16,85.0,OS,0.25,healthy
22005,OS-KPI3,2024-08-28,71.29,85.0,OS,0.25,healthy
22005,AI-KPI1,2024-09-27,81.9,85.0,AI,0.25,healthy
22005,AI-KPI2,2024-09-27,76.91,85.0,AI,0.25,healthy
22005,AI-KPI3,2024-09-27,78.41,85.0,AI,0.25,healthy
22005,CH-KPI1,2024-09-27,74.24,85.0,CH,0.25,healthy
22005,CH-KPI2,2024-09-27,73.22,85.0,CH,0.25,healthy
22005,CH-KPI3,2024-09-27,78.33,85.0,CH,0.25,healthy
22005,DV-KPI1,2024-09-27,72.8,85.0,DV,0.25,healthy
22005,DV-KPI2,2024-09-27,76.11,85.0,DV,0.25,healthy
22005,DV-KPI3,2024-09-27,81.56,85.0,DV,0.25,healthy
22005,EX-KPI1,2024-09-27,79.65,85.0,EX,0.25,healthy
22005,EX-KPI2,2024-09-27,77.56,85.0,EX,0.25,healthy
22005,EX-KPI3,2024-09-27,79.25,85.0,EX,0.25,healthy
22005,OS-KPI1,2024-09-27,76.24,85.0,OS,0.25,healthy
22005,OS-KPI2,2024-09-27,75.78,85.0,OS,0.25,healthy
22005,OS-KPI3,2024-09-27,77.86,85.0,OS,0.25,healthy
22005,AI-KPI1,2024-10-27,77.65,85.0,AI,0.25,healthy
22005,AI-KPI2,2024-10-27,82.77,85.0,AI,0.25,healthy
22005,AI-KPI3,2024-10-27,83.58,85.0,AI,0.25,healthy
22005,CH-KPI1,2024-10-27,78.98,85.0,CH,0.25,healthy
22005,CH-KPI2,2024-10-27,80.55,85.0,CH,0.25,healthy
22005,CH-KPI3,2024-10-27,75.77,85.0,CH,0.25,healthy
22005,DV-KPI1,2024-10-27,82.36,85.0,DV,0.25,healthy
22005,DV-KPI2,2024-10-27,84.11,85.0,DV,0.25,healthy
22005,DV-KPI3,2024-10-27,83.84,85.0,DV,0.25,healthy
22005,EX-KPI1,2024-10-27,75.84,85.0,EX,0.25,healthy
22005,EX-KPI2,2024-10-27,77.75,85.0,EX,0.25,healthy
22005,EX-KPI3,2024-10-27,84.04,85.0,EX,0.25,healthy
22005,OS-KPI1,2024-10-27,84.45,85.0,OS,0.25,healthy
22005,OS-KPI2,2024-10-27,83.54,85.0,OS,0.25,healthy
22005,OS-KPI3,2024-10-27,82.53,85.0,OS,0.25,healthy
22005,AI-KPI1,2024-11-26,79.27,85.0,AI,0.25,healthy
22005,AI-KPI2,2024-11-26,82.52,85.0,AI,0.25,healthy
22005,AI-KPI3,2024-11-26,87.77,85.0,AI,0.25,healthy
22005,CH-KPI1,2024-11-26,84.35,85.0,CH,0.25,healthy
22005,CH-KPI2,2024-11-26,81.94,85.0,CH,0.25,healthy
22005,CH-KPI3,2024-11-26,87.11,85.0,CH,0.25,healthy
22005,DV-KPI1,2024-11-26,86.2,85.0,DV,0.25,healthy
22005,DV-KPI2,2024-11-26,87.96,85.0,DV,0.25,healthy
22005,DV-KPI3,2024-11-26,83.22,85.0,DV,0.25,healthy
22005,EX-KPI1,2024-11-26,79.12,85.0,EX,0.25,healthy
22005,EX-KPI2,2024-11-26,83.87,85.0,EX,0.25,healthy
22005,EX-KPI3,2024-11-26,84.92,85.0,EX,0.25,healthy
22005,OS-KPI1,2024-11-26,78.69,85.0,OS,0.25,healthy
22005,OS-KPI2,2024-11-26,79.38,85.0,OS,0.25,healthy
22005,OS-KPI3,2024-11-26,85.68,85.0,OS,0.25,healthy
22006,AI-KPI1,2024-01-01,79.29,85.0,AI,0.25,healthy
22006,AI-KPI2,2024-01-01,71.01,85.0,AI,0.25,healthy
22006,AI-KPI3,2024-01-01,72.1,85.0,AI,0.25,healthy
22006,CH-KPI1,2024-01-01,78.58,85.0,CH,0.25,healthy
22006,CH-KPI2,2024-01-01,72.0,85.0,CH,0.25,healthy
22006,CH-KPI3,2024-01-01,75.76,85.0,CH,0.25,healthy
22006,DV-KPI1,2024-01-01,73.97,85.0,DV,0.25,healthy
22006,DV-KPI2,2024-01-01,73.71,85.0,DV,0.25,healthy
22006,DV-KPI3,2024-01-01,79.87,85.0,DV,0.25,healthy
22006,EX-KPI1,2024-01-01,77.32,85.0,EX,0.25,healthy
22006,EX-KPI2,2024-01-01,76.48,85.0,EX,0.25,healthy
22006,EX-KPI3,2024-01-01,77.72,85.0,EX,0.25,healthy
22006,OS-KPI1,2024-01-01,70.87,85.0,OS,0.25,healthy
22006,OS-KPI2,2024-01-01,73.77,85.0,OS,0.25,healthy
22006,OS-KPI3,2024-01-01,76.28,85.0,OS,0.25,healthy
22006,AI-KPI1,2024-01-31,76.15,85.0,AI,0.25,healthy
22006,AI-KPI2,2024-01-31,77.33,85.0,AI,0.25,healthy
22006,AI-KPI3,2024-01-31,72.81,85.0,AI,0.25,healthy
22006,CH-KPI1,2024-01-31,75.01,85.0,CH,0.25,healthy
22006,CH-KPI2,2024-01-31,78.52,85.0,CH,0.25,healthy
22006,CH-KPI3,2024-01-31,71.41,85.0,CH,0.25,healthy
22006,DV-KPI1,2024-01-31,74.68,85.0,DV,0.25,healthy
22006,DV-KPI2,2024-01-31,78.58,85.0,DV,0.25,healthy
22006,DV-KPI3,2024-01-31,75.97,85.0,DV,0.25,healthy
22006,EX-KPI1,2024-01-31,74.24,85.0,EX,0.25,healthy
22006,EX-KPI2,2024-01-31,72.45,85.0,EX,0.25,healthy
22006,EX-KPI3,2024-01-31,70.49,85.0,EX,0.25,healthy
22006,OS-KPI1,2024-01-31,75.26,85.0,OS,0.25,healthy
22006,OS-KPI2,2024-01-31,78.08,85.0,OS,0.25,healthy
22006,OS-KPI3,2024-01-31,78.59,85.0,OS,0.25,healthy
22006,AI-KPI1,2024-03-01,75.18,85.0,AI,0.25,healthy
22006,AI-KPI2,2024-03-01,77.15,85.0,AI,0.25,healthy
22006,AI-KPI3,2024-03-01,71.24,85.0,AI,0.25,healthy
22006,CH-KPI1,2024-03-01,76.91,85.0,CH,0.25,healthy
22006,CH-KPI2,2024-03-01,75.44,85.0,CH,0.25,healthy
22006,CH-KPI3,2024-03-01,70.84,85.0,CH,0.25,healthy
22006,DV-KPI1,2024-03-01,70.65,85.0,DV,0.25,healthy
22006,DV-KPI2,2024-03-01,79.56,85.0,DV,0.25,healthy
22006,DV-KPI3,2024-03-01,79.82,85.0,DV,0.25,healthy
22006,EX-KPI1,2024-03-01,74.03,85.0,EX,0.25,healthy
22006,EX-KPI2,2024-03-01,78.05,85.0,EX,0.25,healthy
22006,EX-KPI3,2024-03-01,78.5,85.0,EX,0.25,healthy
22006,OS-KPI1,2024-03-01,75.73,85.0,OS,0.25,healthy
22006,OS-KPI2,2024-03-01,78.26,85.0,OS,0.25,healthy
22006,OS-KPI3,2024-03-01,72.86,85.0,OS,0.25,healthy
22006,AI-KPI1,2024-03-31,76.66,85.0,AI,0.25,healthy
22006,AI-KPI2,2024-03-31,78.75,85.0,AI,0.25,healthy
22006,AI-KPI3,2024-03-31,79.62,85.0,AI,0.25,healthy
22006,CH-KPI1,2024-03-31,74.28,85.0,CH,0.25,healthy
22006,CH-KPI2,2024-03-31,73.84,85.0,CH,0.25,healthy
22006,CH-KPI3,2024-03-31,77.7,85.0,CH,0.25,healthy
22006,DV-KPI1,2024-03-31,75.33,85.0,DV,0.25,healthy
22006,DV-KPI2,2024-03-31,70.29,85.0,DV,0.25,healthy
22006,DV-KPI3,2024-03-31,75.22,85.0,DV,0.25,healthy
22006,EX-KPI1,2024-03-31,73.05,85.0,EX,0.25,healthy
22006,EX-KPI2,2024-03-31,71.99,85.0,EX,0.25,healthy
22006,EX-KPI3,2024-03-31,73.26,85.0,EX,0.25,healthy
22006,OS-KPI1,2024-03-31,80.0,85.0,OS,0.25,healthy
22006,OS-KPI2,2024-03-31,78.81,85.0,OS,0.25,healthy
22006,OS-KPI3,2024-03-31,73.92,85.0,OS,0.25,healthy
22006,AI-KPI1,2024-04-30,72.63,85.0,AI,0.25,healthy
22006,AI-KPI2,2024-04-30,78.82,85.0,AI,0.25,healthy
22006,AI-KPI3,2024-04-30,73.7,85.0,AI,0.25,healthy
22006,CH-KPI1,2024-04-30,76.84,85.0,CH,0.25,healthy
22006,CH-KPI2,2024-04-30,79.74,85.0,CH,0.25,healthy
22006,CH-KPI3,2024-04-30,78.17,85.0,CH,0.25,healthy
22006,DV-KPI1,2024-04-30,71.8,85.0,DV,0.25,healthy
22006,DV-KPI2,2024-04-30,74.87,85.0,DV,0.25,healthy
22006,DV-KPI3,2024-04-30,73.66,85.0,DV,0.25,healthy
22006,EX-KPI1,2024-04-30,72.31,85.0,EX,0.25,healthy
22006,EX-KPI2,2024-04-30,72.14,85.0,EX,0.25,healthy
22006,EX-KPI3,2024-04-30,72.15,85.0,EX,0.25,healthy
22006,OS-KPI1,2024-04-30,75.95,85.0,OS,0.25,healthy
22006,OS-KPI2,2024-04-30,75.65,85.0,OS,0.25,healthy
22006,OS-KPI3,2024-04-30,72.92,85.0,OS,0.25,healthy
22006,AI-KPI1,2024-05-30,73.34,85.0,AI,0.25,healthy
22006,AI-KPI2,2024-05-30,79.39,85.0,AI,0.25,healthy
22006,AI-KPI3,2024-05-30,77.21,85.0,AI,0.25,healthy
22006,CH-KPI1,2024-05-30,75.56,85.0,CH,0.25,healthy
22006,CH-KPI2,2024-05-30,79.32,85.0,CH,0.25,healthy
22006,CH-KPI3,2024-05-30,76.98,85.0,CH,0.25,healthy
22006,DV-KPI1,2024-05-30,78.67,85.0,DV,0.25,healthy
22006,DV-KPI2,2024-05-30,70.61,85.0,DV,0.25,healthy
22006,DV-KPI3,2024-05-30,71.93,85.0,DV,0.25,healthy
22006,EX-KPI1,2024-05-30,78.56,85.0,EX,0.25,healthy
22006,EX-KPI2,2024-05-30,74.05,85.0,EX,0.25,healthy
22006,EX-KPI3,2024-05-30,72.54,85.0,EX,0.25,healthy
22006,OS-KPI1,2024-05-30,70.2,85.0,OS,0.25,healthy
22006,OS-KPI2,2024-05-30,77.52,85.0,OS,0.25,healthy
22006,OS-KPI3,2024-05-30,78.72,85.0,OS,0.25,healthy
22006,AI-KPI1,2024-06-29,75.77,85.0,AI,0.25,healthy
22006,AI-KPI2,2024-06-29,78.58,85.0,AI,0.25,healthy
22006,AI-KPI3,2024-06-29,74.49,85.0,AI,0.25,healthy
22006,CH-KPI1,2024-06-29,75.48,85.0,CH,0.25,healthy
22006,CH-KPI2,2024-06-29,79.71,85.0,CH,0.25,healthy
22006,CH-KPI3,2024-06-29,78.11,85.0,CH,0.25,healthy
22006,DV-KPI1,2024-06-29,71.61,85.0,DV,0.25,healthy
22006,DV-KPI2,2024-06-29,71.64,85.0,DV,0.25,healthy
22006,DV-KPI3,2024-06-29,73.97,85.0,DV,0.25,healthy
22006,EX-KPI1,2024-06-29,75.39,85.0,EX,0.25,healthy
22006,EX-KPI2,2024-06-29,78.79,85.0,EX,0.25,healthy
22006,EX-KPI3,2024-06-29,73.9,85.0,EX,0.25,healthy
22006,OS-KPI1,2024-06-29,70.82,85.0,OS,0.25,healthy
22006,OS-KPI2,2024-06-29,72.71,85.0,OS,0.25,healthy
22006,OS-KPI3,2024-06-29,77.22,85.0,OS,0.25,healthy
22006,AI-KPI1,2024-07-29,76.35,85.0,AI,0.25,healthy
22006,AI-KPI2,2024-07-29,74.58,85.0,AI,0.25,healthy
22006,AI-KPI3,2024-07-29,77.05,85.0,AI,0.25,healthy
22006,CH-KPI1,2024-07-29,72.32,85.0,CH,0.25,healthy
22006,CH-KPI2,2024-07-29,71.89,85.0,CH,0.25,healthy
22006,CH-KPI3,2024-07-29,75.82,85.0,CH,0.25,healthy
22006,DV-KPI1,2024-07-29,72.56,85.0,DV,0.25,healthy
22006,DV-KPI2,2024-07-29,76.11,85.0,DV,0.25,healthy
22006,DV-KPI3,2024-07-29,70.66,85.0,DV,0.25,healthy
22006,EX-KPI1,2024-07-29,79.17,85.0,EX,0.25,healthy
22006,EX-KPI2,2024-07-29,73.78,85.0,EX,0.25,healthy
22006,EX-KPI3,2024-07-29,75.13,85.0,EX,0.25,healthy
22006,OS-KPI1,2024-07-29,79.28,85.0,OS,0.25,healthy
22006,OS-KPI2,2024-07-29,77.04,85.0,OS,0.25,healthy
22006,OS-KPI3,2024-07-29,78.76,85.0,OS,0.25,healthy
22006,AI-KPI1,2024-08-28,79.84,85.0,AI,0.25,healthy
22006,AI-KPI2,2024-08-28,70.45,85.0,AI,0.25,healthy
22006,AI-KPI3,2024-08-28,77.69,85.0,AI,0.25,healthy
22006,CH-KPI1,2024-08-28,73.24,85.0,CH,0.25,healthy
22006,CH-KPI2,2024-08-28,73.07,85.0,CH,0.25,healthy
22006,CH-KPI3,2024-08-28,74.2,85.0,CH,0.25,healthy
22006,DV-KPI1,2024-08-28,78.05,85.0,DV,0.25,healthy
22006,DV-KPI2,2024-08-28,79.6,85.0,DV,0.25,healthy
22006,DV-KPI3,2024-08-28,79.37,85.0,DV,0.25,healthy
22006,EX-KPI1,2024-08-28,71.88,85.0,EX,0.25,healthy
22006,EX-KPI2,2024-08-28,76.66,85.0,EX,0.25,healthy
22006,EX-KPI3,2024-08-28,79.82,85.0,EX,0.25,healthy
22006,OS-KPI1,2024-08-28,79.05,85.0,OS,0.25,healthy
22006,OS-KPI2,2024-08-28,77.56,85.0,OS,0.25,healthy
22006,OS-KPI3,2024-08-28,77.1,85.0,OS,0.25,healthy
22006,AI-KPI1,2024-09-27,77.53,85.0,AI,0.25,healthy
22006,AI-KPI2,2024-09-27,70.92,85.0,AI,0.25,healthy
22006,AI-KPI3,2024-09-27,79.36,85.0,AI,0.25,healthy
22006,CH-KPI1,2024-09-27,71.24,85.0,CH,0.25,healthy
22006,CH-KPI2,2024-09-27,76.46,85.0,CH,0.25,healthy
22006,CH-KPI3,2024-09-27,71.87,85.0,CH,0.25,healthy
22006,DV-KPI1,2024-09-27,74.69,85.0,DV,0.25,healthy
22006,DV-KPI2,2024-09-27,77.44,85.0,DV,0.25,healthy
22006,DV-KPI3,2024-09-27,76.86,85.0,DV,0.25,healthy
22006,EX-KPI1,2024-09-27,70.92,85.0,EX,0.25,healthy
22006,EX-KPI2,2024-09-27,78.46,85.0,EX,0.25,healthy
22006,EX-KPI3,2024-09-27,71.02,85.0,EX,0.25,healthy
22006,OS-KPI1,2024-09-27,75.99,85.0,OS,0.25,healthy
22006,OS-KPI2,2024-09-27,76.48,85.0,OS,0.25,healthy
22006,OS-KPI3,2024-09-27,78.62,85.0,OS,0.25,healthy
22006,AI-KPI1,2024-10-27,74.96,85.0,AI,0.25,healthy
22006,AI-KPI2,2024-10-27,74.22,85.0,AI,0.25,healthy
22006,AI-KPI3,2024-10-27,74.38,85.0,AI,0.25,healthy
22006,CH-KPI1,2024-10-27,79.41,85.0,CH,0.25,healthy
22006,CH-KPI2,2024-10-27,71.05,85.0,CH,0.25,healthy
22006,CH-KPI3,2024-10-27,71.83,85.0,CH,0.25,healthy
22006,DV-KPI1,2024-10-27,72.21,85.0,DV,0.25,healthy
22006,DV-KPI2,2024-10-27,75.56,85.0,DV,0.25,healthy
22006,DV-KPI3,2024-10-27,77.72,85.0,DV,0.25,healthy
22006,EX-KPI1,2024-10-27,70.4,85.0,EX,0.25,healthy
22006,EX-KPI2,2024-10-27,79.62,85.0,EX,0.25,healthy
22006,EX-KPI3,2024-10-27,72.11,85.0,EX,0.25,healthy
22006,OS-KPI1,2024-10-27,75.54,85.0,OS,0.25,healthy
22006,OS-KPI2,2024-10-27,70.85,85.0,OS,0.25,healthy
22006,OS-KPI3,2024-10-27,77.9,85.0,OS,0.25,healthy
22006,AI-KPI1,2024-11-26,73.16,85.0,AI,0.25,healthy
22006,AI-KPI2,2024-11-26,77.91,85.0,AI,0.25,healthy
22006,AI-KPI3,2024-11-26,76.84,85.0,AI,0.25,healthy
22006,CH-KPI1,2024-11-26,74.94,85.0,CH,0.25,healthy
22006,CH-KPI2,2024-11-26,75.68,85.0,CH,0.25,healthy
22006,CH-KPI3,2024-11-26,77.8,85.0,CH,0.25,healthy
22006,DV-KPI1,2024-11-26,76.76,85.0,DV,0.25,healthy
22006,DV-KPI2,2024-11-26,74.57,85.0,DV,0.25,healthy
22006,DV-KPI3,2024-11-26,70.43,85.0,DV,0.25,healthy
22006,EX-KPI1,2024-11-26,73.58,85.0,EX,0.25,healthy
22006,EX-KPI2,2024-11-26,78.99,85.0,EX,0.25,healthy
22006,EX-KPI3,2024-11-26,74.36,85.0,EX,0.25,healthy
22006,OS-KPI1,2024-11-26,78.26,85.0,OS,0.25,healthy
22006,OS-KPI2,2024-11-26,71.71,85.0,OS,0.25,healthy
22006,OS-KPI3,2024-11-26,72.24,85.0,OS,0.25,healthy
22007,AI-KPI1,2024-01-01,83.3,85.0,AI,0.25,healthy
22007,AI-KPI2,2024-01-01,76.01,85.0,AI,0.25,healthy
22007,AI-KPI3,2024-01-01,81.86,85.0,AI,0.25,healthy
22007,CH-KPI1,2024-01-01,76.75,85.0,CH,0.25,healthy
22007,CH-KPI2,2024-01-01,84.72,85.0,CH,0.25,healthy
22007,CH-KPI3,2024-01-01,82.25,85.0,CH,0.25,healthy
22007,DV-KPI1,2024-01-01,79.32,85.0,DV,0.25,healthy
22007,DV-KPI2,2024-01-01,83.84,85.0,DV,0.25,healthy
22007,DV-KPI3,2024-01-01,80.08,85.0,DV,0.25,healthy
22007,EX-KPI1,2024-01-01,78.42,85.0,EX,0.25,healthy
22007,EX-KPI2,2024-01-01,81.83,85.0,EX,0.25,healthy
22007,EX-KPI3,2024-01-01,78.18,85.0,EX,0.25,healthy
22007,OS-KPI1,2024-01-01,82.51,85.0,OS,0.25,healthy
22007,OS-KPI2,2024-01-01,76.03,85.0,OS,0.25,healthy
22007,OS-KPI3,2024-01-01,81.16,85.0,OS,0.25,healthy
22007,AI-KPI1,2024-01-31,75.01,85.0,AI,0.25,healthy
22007,AI-KPI2,2024-01-31,74.45,85.0,AI,0.25,healthy
22007,AI-KPI3,2024-01-31,76.45,85.0,AI,0.25,healthy
22007,CH-KPI1,2024-01-31,76.6,85.0,CH,0.25,healthy
22007,CH-KPI2,2024-01-31,82.59,85.0,CH,0.25,healthy
22007,CH-KPI3,2024-01-31,73.26,85.0,CH,0.25,healthy
22007,DV-KPI1,2024-01-31,80.26,85.0,DV,0.25,healthy
22007,DV-KPI2,2024-01-31,76.65,85.0,DV,0.25,healthy
22007,DV-KPI3,2024-01-31,78.37,85.0,DV,0.25,healthy
22007,EX-KPI1,2024-01-31,74.08,85.0,EX,0.25,healthy
22007,EX-KPI2,2024-01-31,78.87,85.0,EX,0.25,healthy
22007,EX-KPI3,2024-01-31,82.87,85.0,EX,0.25,healthy
22007,OS-KPI1,2024-01-31,81.22,85.0,OS,0.25,healthy
22007,OS-KPI2,2024-01-31,76.9,85.0,OS,0.25,healthy
22007,OS-KPI3,2024-01-31,79.35,85.0,OS,0.25,healthy
22007,AI-KPI1,2024-03-01,78.93,85.0,AI,0.25,healthy
22007,AI-KPI2,2024-03-01,78.62,85.0,AI,0.25,healthy
22007,AI-KPI3,2024-03-01,72.25,85.0,AI,0.25,healthy
22007,CH-KPI1,2024-03-01,72.83,85.0,CH,0.25,healthy
22007,CH-KPI2,2024-03-01,72.01,85.0,CH,0.25,healthy
22007,CH-KPI3,2024-03-01,71.85,85.0,CH,0.25,healthy
22007,DV-KPI1,2024-03-01,75.32,85.0,DV,0.25,healthy
22007,DV-KPI2,2024-03-01,74.75,85.0,DV,0.25,healthy
22007,DV-KPI3,2024-03-01,75.71,85.0,DV,0.25,healthy
22007,EX-KPI1,2024-03-01,71.22,85.0,EX,0.25,healthy
22007,EX-KPI2,2024-03-01,77.1,85.0,EX,0.25,healthy
22007,EX-KPI3,2024-03-01,77.99,85.0,EX,0.25,healthy
22007,OS-KPI1,2024-03-01,72.99,85.0,OS,0.25,healthy
22007,OS-KPI2,2024-03-01,71.18,85.0,OS,0.25,healthy
22007,OS-KPI3,2024-03-01,78.95,85.0,OS,0.25,healthy
22007,AI-KPI1,2024-03-31,78.78,85.0,AI,0.25,healthy
22007,AI-KPI2,2024-03-31,74.38,85.0,AI,0.25,healthy
22007,AI-KPI3,2024-03-31,78.31,85.0,AI,0.25,healthy
22007,CH-KPI1,2024-03-31,71.38,85.0,CH,0.25,healthy
22007,CH-KPI2,2024-03-31,71.04,85.0,CH,0.25,healthy
22007,CH-KPI3,2024-03-31,73.47,85.0,CH,0.25,healthy
22007,DV-KPI1,2024-03-31,71.4,85.0,DV,0.25,healthy
22007,DV-KPI2,2024-03-31,78.98,85.0,DV,0.25,healthy
22007,DV-KPI3,2024-03-31,75.96,85.0,DV,0.25,healthy
22007,EX-KPI1,2024-03-31,73.77,85.0,EX,0.25,healthy
22007,EX-KPI2,2024-03-31,72.29,85.0,EX,0.25,healthy
22007,EX-KPI3,2024-03-31,70.98,85.0,EX,0.25,healthy
22007,OS-KPI1,2024-03-31,76.18,85.0,OS,0.25,healthy
22007,OS-KPI2,2024-03-31,69.94,85.0,OS,0.25,risk
22007,OS-KPI3,2024-03-31,73.66,85.0,OS,0.25,healthy
22007,AI-KPI1,2024-04-30,74.16,85.0,AI,0.25,healthy
22007,AI-KPI2,2024-04-30,73.98,85.0,AI,0.25,healthy
22007,AI-KPI3,2024-04-30,73.17,85.0,AI,0.25,healthy
22007,CH-KPI1,2024-04-30,70.41,85.0,CH,0.25,healthy
22007,CH-KPI2,2024-04-30,75.96,85.0,CH,0.25,healthy
22007,CH-KPI3,2024-04-30,70.04,85.0,CH,0.25,healthy
22007,DV-KPI1,2024-04-30,73.17,85.0,DV,0.25,healthy
22007,DV-KPI2,2024-04-30,69.77,85.0,DV,0.25,risk
22007,DV-KPI3,2024-04-30,74.4,85.0,DV,0.25,healthy
22007,EX-KPI1,2024-04-30,68.71,85.0,EX,0.25,risk
22007,EX-KPI2,2024-04-30,75.39,85.0,EX,0.25,healthy
22007,EX-KPI3,2024-04-30,73.8,85.0,EX,0.25,healthy
22007,OS-KPI1,2024-04-30,67.06,85.0,OS,0.25,risk
22007,OS-KPI2,2024-04-30,68.43,85.0,OS,0.25,risk
22007,OS-KPI3,2024-04-30,67.05,85.0,OS,0.25,risk
22007,AI-KPI1,2024-05-30,71.04,85.0,AI,0.25,healthy
22007,AI-KPI2,2024-05-30,68.17,85.0,AI,0.25,risk
22007,AI-KPI3,2024-05-30,72.0,85.0,AI,0.25,healthy
22007,CH-KPI1,2024-05-30,68.29,85.0,CH,0.25,risk
22007,CH-KPI2,2024-05-30,66.68,85.0,CH,0.25,risk
22007,CH-KPI3,2024-05-30,69.03,85.0,CH,0.25,risk
22007,DV-KPI1,2024-05-30,73.83,85.0,DV,0.25,healthy
22007,DV-KPI2,2024-05-30,67.22,85.0,DV,0.25,risk
22007,DV-KPI3,2024-05-30,74.4,85.0,DV,0.25,healthy
22007,EX-KPI1,2024-05-30,70.27,85.0,EX,0.25,healthy
22007,EX-KPI2,2024-05-30,66.72,85.0,EX,0.25,risk
22007,EX-KPI3,2024-05-30,65.42,85.0,EX,0.25,risk
22007,OS-KPI1,2024-05-30,72.03,85.0,OS,0.25,healthy
22007,OS-KPI2,2024-05-30,67.46,85.0,OS,0.25,risk
22007,OS-KPI3,2024-05-30,67.66,85.0,OS,0.25,risk
22007,AI-KPI1,2024-06-29,71.83,85.0,AI,0.25,healthy
22007,AI-KPI2,2024-06-29,70.49,85.0,AI,0.25,healthy
22007,AI-KPI3,2024-06-29,63.15,85.0,AI,0.25,risk
22007,CH-KPI1,2024-06-29,72.65,85.0,CH,0.25,healthy
22007,CH-KPI2,2024-06-29,65.92,85.0,CH,0.25,risk
22007,CH-KPI3,2024-06-29,67.19,85.0,CH,0.25,risk
22007,DV-KPI1,2024-06-29,67.4,85.0,DV,0.25,risk
22007,DV-KPI2,2024-06-29,66.14,85.0,DV,0.25,risk
22007,DV-KPI3,2024-06-29,64.46,85.0,DV,0.25,risk
22007,EX-KPI1,2024-06-29,63.63,85.0,EX,0.25,risk
22007,EX-KPI2,2024-06-29,64.17,85.0,EX,0.25,risk
22007,EX-KPI3,2024-06-29,72.86,85.0,EX,0.25,healthy
22007,OS-KPI1,2024-06-29,71.38,85.0,OS,0.25,healthy
22007,OS-KPI2,2024-06-29,71.97,85.0,OS,0.25,healthy
22007,OS-KPI3,2024-06-29,71.06,85.0,OS,0.25,healthy
22007,AI-KPI1,2024-07-29,69.8,85.0,AI,0.25,risk
22007,AI-KPI2,2024-07-29,62.11,85.0,AI,0.25,risk
22007,AI-KPI3,2024-07-29,69.91,85.0,AI,0.25,risk
22007,CH-KPI1,2024-07-29,67.24,85.0,CH,0.25,risk
22007,CH-KPI2,2024-07-29,64.74,85.0,CH,0.25,risk
22007,CH-KPI3,2024-07-29,63.96,85.0,CH,0.25,risk
22007,DV-KPI1,2024-07-29,63.53,85.0,DV,0.25,risk
22007,DV-KPI2,2024-07-29,61.39,85.0,DV,0.25,risk
22007,DV-KPI3,2024-07-29,62.46,85.0,DV,0.25,risk
22007,EX-KPI1,2024-07-29,64.4,85.0,EX,0.25,risk
22007,EX-KPI2,2024-07-29,61.34,85.0,EX,0.25,risk
22007,EX-KPI3,2024-07-29,65.95,85.0,EX,0.25,risk
22007,OS-KPI1,2024-07-29,69.51,85.0,OS,0.25,risk
22007,OS-KPI2,2024-07-29,61.7,85.0,OS,0.25,risk
22007,OS-KPI3,2024-07-29,63.19,85.0,OS,0.25,risk
22007,AI-KPI1,2024-08-28,63.24,85.0,AI,0.25,risk
22007,AI-KPI2,2024-08-28,65.46,85.0,AI,0.25,risk
22007,AI-KPI3,2024-08-28,61.45,85.0,AI,0.25,risk
22007,CH-KPI1,2024-08-28,68.34,85.0,CH,0.25,risk
22007,CH-KPI2,2024-08-28,61.06,85.0,CH,0.25,risk
22007,CH-KPI3,2024-08-28,61.79,85.0,CH,0.25,risk
22007,DV-KPI1,2024-08-28,63.51,85.0,DV,0.25,risk
22007,DV-KPI2,2024-08-28,64.27,85.0,DV,0.25,risk
22007,DV-KPI3,2024-08-28,68.67,85.0,DV,0.25,risk
22007,EX-KPI1,2024-08-28,62.68,85.0,EX,0.25,risk
22007,EX-KPI2,2024-08-28,60.93,85.0,EX,0.25,risk
22007,EX-KPI3,2024-08-28,64.46,85.0,EX,0.25,risk
22007,OS-KPI1,2024-08-28,59.13,85.0,OS,0.25,risk
22007,OS-KPI2,2024-08-28,59.74,85.0,OS,0.25,risk
22007,OS-KPI3,2024-08-28,65.74,85.0,OS,0.25,risk
22007,AI-KPI1,2024-09-27,61.8,85.0,AI,0.25,risk
22007,AI-KPI2,2024-09-27,59.86,85.0,AI,0.25,risk
22007,AI-KPI3,2024-09-27,66.56,85.0,AI,0.25,risk
22007,CH-KPI1,2024-09-27,57.78,85.0,CH,0.25,risk
22007,CH-KPI2,2024-09-27,61.69,85.0,CH,0.25,risk
22007,CH-KPI3,2024-09-27,64.27,85.0,CH,0.25,risk
22007,DV-KPI1,2024-09-27,59.45,85.0,DV,0.25,risk
22007,DV-KPI2,2024-09-27,58.93,85.0,DV,0.25,risk
22007,DV-KPI3,2024-09-27,59.08,85.0,DV,0.25,risk
22007,EX-KPI1,2024-09-27,62.73,85.0,EX,0.25,risk
22007,EX-KPI2,2024-09-27,58.18,85.0,EX,0.25,risk
22007,EX-KPI3,2024-09-27,58.34,85.0,EX,0.25,risk
22007,OS-KPI1,2024-09-27,58.17,85.0,OS,0.25,risk
22007,OS-KPI2,2024-09-27,64.46,85.0,OS,0.25,risk
22007,OS-KPI3,2024-09-27,58.6,85.0,OS,0.25,risk
22007,AI-KPI1,2024-10-27,57.13,85.0,AI,0.25,risk
22007,AI-KPI2,2024-10-27,55.92,85.0,AI,0.25,risk
22007,AI-KPI3,2024-10-27,56.3,85.0,AI,0.25,risk
22007,CH-KPI1,2024-10-27,56.88,85.0,CH,0.25,risk
22007,CH-KPI2,2024-10-27,60.32,85.0,CH,0.25,risk
22007,CH-KPI3,2024-10-27,55.79,85.0,CH,0.25,risk
22007,DV-KPI1,2024-10-27,60.72,85.0,DV,0.25,risk
22007,DV-KPI2,2024-10-27,56.69,85.0,DV,0.25,risk
22007,DV-KPI3,2024-10-27,57.88,85.0,DV,0.25,risk
22007,EX-KPI1,2024-10-27,59.06,85.0,EX,0.25,risk
22007,EX-KPI2,2024-10-27,56.28,85.0,EX,0.25,risk
22007,EX-KPI3,2024-10-27,59.95,85.0,EX,0.25,risk
22007,OS-KPI1,2024-10-27,57.72,85.0,OS,0.25,risk
22007,OS-KPI2,2024-10-27,61.64,85.0,OS,0.25,risk
22007,OS-KPI3,2024-10-27,62.49,85.0,OS,0.25,risk
22007,AI-KPI1,2024-11-26,61.97,85.0,AI,0.25,risk
22007,AI-KPI2,2024-11-26,56.84,85.0,AI,0.25,risk
22007,AI-KPI3,2024-11-26,59.48,85.0,AI,0.25,risk
22007,CH-KPI1,2024-11-26,53.51,85.0,CH,0.25,risk
22007,CH-KPI2,2024-11-26,61.82,85.0,CH,0.25,risk
22007,CH-KPI3,2024-11-26,57.43,85.0,CH,0.25,risk
22007,DV-KPI1,2024-11-26,54.25,85.0,DV,0.25,risk
22007,DV-KPI2,2024-11-26,61.5,85.0,DV,0.25,risk
22007,DV-KPI3,2024-11-26,62.77,85.0,DV,0.25,risk
22007,EX-KPI1,2024-11-26,54.03,85.0,EX,0.25,risk
22007,EX-KPI2,2024-11-26,62.61,85.0,EX,0.25,risk
22007,EX-KPI3,2024-11-26,53.22,85.0,EX,0.25,risk
22007,OS-KPI1,2024-11-26,53.84,85.0,OS,0.25,risk
22007,OS-KPI2,2024-11-26,57.31,85.0,OS,0.25,risk
22007,OS-KPI3,2024-11-26,53.03,85.0,OS,0.25,risk
22008,AI-KPI1,2024-01-01,48.48,85.0,AI,0.25,critical
22008,AI-KPI2,2024-01-01,45.86,85.0,AI,0.25,critical
22008,AI-KPI3,2024-01-01,53.86,85.0,AI,0.25,risk
22008,CH-KPI1,2024-01-01,51.72,85.0,CH,0.25,risk
22008,CH-KPI2,2024-01-01,49.31,85.0,CH,0.25,critical
22008,CH-KPI3,2024-01-01,52.11,85.0,CH,0.25,risk
22008,DV-KPI1,2024-01-01,49.37,85.0,DV,0.25,critical
22008,DV-KPI2,2024-01-01,52.33,85.0,DV,0.25,risk
22008,DV-KPI3,2024-01-01,48.02,85.0,DV,0.25,critical
22008,EX-KPI1,2024-01-01,47.25,85.0,EX,0.25,critical
22008,EX-KPI2,2024-01-01,49.84,85.0,EX,0.25,critical
22008,EX-KPI3,2024-01-01,52.03,85.0,EX,0.25,risk
22008,OS-KPI1,2024-01-01,47.21,85.0,OS,0.25,critical
22008,OS-KPI2,2024-01-01,54.19,85.0,OS,0.25,risk
22008,OS-KPI3,2024-01-01,54.36,85.0,OS,0.25,risk
22008,AI-KPI1,2024-01-31,48.37,85.0,AI,0.25,critical
22008,AI-KPI2,2024-01-31,55.63,85.0,AI,0.25,risk
22008,AI-KPI3,2024-01-31,54.31,85.0,AI,0.25,risk
22008,CH-KPI1,2024-01-31,53.26,85.0,CH,0.25,risk
22008,CH-KPI2,2024-01-31,50.58,85.0,CH,0.25,risk
22008,CH-KPI3,2024-01-31,51.67,85.0,CH,0.25,risk
22008,DV-KPI1,2024-01-31,51.35,85.0,DV,0.25,risk
22008,DV-KPI2,2024-01-31,57.72,85.0,DV,0.25,risk
22008,DV-KPI3,2024-01-31,50.18,85.0,DV,0.25,risk
22008,EX-KPI1,2024-01-31,57.57,85.0,EX,0.25,risk
22008,EX-KPI2,2024-01-31,52.27,85.0,EX,0.25,risk
22008,EX-KPI3,2024-01-31,53.95,85.0,EX,0.25,risk
22008,OS-KPI1,2024-01-31,51.99,85.0,OS,0.25,risk
22008,OS-KPI2,2024-01-31,52.97,85.0,OS,0.25,risk
22008,OS-KPI3,2024-01-31,49.29,85.0,OS,0.25,critical
22008,AI-KPI1,2024-03-01,60.11,85.0,AI,0.25,risk
22008,AI-KPI2,2024-03-01,51.64,85.0,AI,0.25,risk
22008,AI-KPI3,2024-03-01,58.33,85.0,AI,0.25,risk
22008,CH-KPI1,2024-03-01,60.04,85.0,CH,0.25,risk
22008,CH-KPI2,2024-03-01,59.92,85.0,CH,0.25,risk
22008,CH-KPI3,2024-03-01,59.44,85.0,CH,0.25,risk
22008,DV-KPI1,2024-03-01,53.08,85.0,DV,0.25,risk
22008,DV-KPI2,2024-03-01,55.92,85.0,DV,0.25,risk
22008,DV-KPI3,2024-03-01,54.15,85.0,DV,0.25,risk
22008,EX-KPI1,2024-03-01,60.94,85.0,EX,0.25,risk
22008,EX-KPI2,2024-03-01,57.98,85.0,EX,0.25,risk
22008,EX-KPI3,2024-03-01,51.4,85.0,EX,0.25,risk
22008,OS-KPI1,2024-03-01,59.83,85.0,OS,0.25,risk
22008,OS-KPI2,2024-03-01,53.16,85.0,OS,0.25,risk
22008,OS-KPI3,2024-03-01,55.41,85.0,OS,0.25,risk
22008,AI-KPI1,2024-03-31,60.12,85.0,AI,0.25,risk
22008,AI-KPI2,2024-03-31,59.61,85.0,AI,0.25,risk
22008,AI-KPI3,2024-03-31,55.08,85.0,AI,0.25,risk
22008,CH-KPI1,2024-03-31,58.38,85.0,CH,0.25,risk
22008,CH-KPI2,2024-03-31,56.07,85.0,CH,0.25,risk
22008,CH-KPI3,2024-03-31,56.72,85.0,CH,0.25,risk
22008,DV-KPI1,2024-03-31,54.49,85.0,DV,0.25,risk
22008,DV-KPI2,2024-03-31,57.31,85.0,DV,0.25,risk
22008,DV-KPI3,2024-03-31,54.86,85.0,DV,0.25,risk
22008,EX-KPI1,2024-03-31,62.47,85.0,EX,0.25,risk
22008,EX-KPI2,2024-03-31,56.56,85.0,EX,0.25,risk
22008,EX-KPI3,2024-03-31,62.02,85.0,EX,0.25,risk
22008,OS-KPI1,2024-03-31,57.05,85.0,OS,0.25,risk
22008,OS-KPI2,2024-03-31,62.16,85.0,OS,0.25,risk
22008,OS-KPI3,2024-03-31,61.09,85.0,OS,0.25,risk
22008,AI-KPI1,2024-04-30,62.8,85.0,AI,0.25,risk
22008,AI-KPI2,2024-04-30,65.52,85.0,AI,0.25,risk
22008,AI-KPI3,2024-04-30,61.99,85.0,AI,0.25,risk
22008,CH-KPI1,2024-04-30,60.65,85.0,CH,0.25,risk
22008,CH-KPI2,2024-04-30,66.67,85.0,CH,0.25,risk
22008,CH-KPI3,2024-04-30,61.3,85.0,CH,0.25,risk
22008,DV-KPI1,2024-04-30,63.42,85.0,DV,0.25,risk
22008,DV-KPI2,2024-04-30,64.88,85.0,DV,0.25,risk
22008,DV-KPI3,2024-04-30,58.3,85.0,DV,0.25,risk
22008,EX-KPI1,2024-04-30,62.03,85.0,EX,0.25,risk
22008,EX-KPI2,2024-04-30,65.97,85.0,EX,0.25,risk
22008,EX-KPI3,2024-04-30,60.08,85.0,EX,0.25,risk
22008,OS-KPI1,2024-04-30,60.94,85.0,OS,0.25,risk
22008,OS-KPI2,2024-04-30,65.97,85.0,OS,0.25,risk
22008,OS-KPI3,2024-04-30,63.26,85.0,OS,0.25,risk
22008,AI-KPI1,2024-05-30,61.99,85.0,AI,0.25,risk
22008,AI-KPI2,2024-05-30,64.61,85.0,AI,0.25,risk
22008,AI-KPI3,2024-05-30,63.12,85.0,AI,0.25,risk
22008,CH-KPI1,2024-05-30,62.2,85.0,CH,0.25,risk
22008,CH-KPI2,2024-05-30,68.17,85.0,CH,0.25,risk
22008,CH-KPI3,2024-05-30,66.6,85.0,CH,0.25,risk
22008,DV-KPI1,2024-05-30,63.5,85.0,DV,0.25,risk
22008,DV-KPI2,2024-05-30,61.49,85.0,DV,0.25,risk
22008,DV-KPI3,2024-05-30,68.27,85.0,DV,0.25,risk
22008,EX-KPI1,2024-05-30,69.27,85.0,EX,0.25,risk
22008,EX-KPI2,2024-05-30,61.61,85.0,EX,0.25,risk
22008,EX-KPI3,2024-05-30,69.62,85.0,EX,0.25,risk
22008,OS-KPI1,2024-05-30,64.95,85.0,OS,0.25,risk
22008,OS-KPI2,2024-05-30,67.58,85.0,OS,0.25,risk
22008,OS-KPI3,2024-05-30,68.11,85.0,OS,0.25,risk
22008,AI-KPI1,2024-06-29,72.11,85.0,AI,0.25,healthy
22008,AI-KPI2,2024-06-29,69.68,85.0,AI,0.25,risk
22008,AI-KPI3,2024-06-29,66.07,85.0,AI,0.25,risk
22008,CH-KPI1,2024-06-29,67.99,85.0,CH,0.25,risk
22008,CH-KPI2,2024-06-29,68.26,85.0,CH,0.25,risk
22008,CH-KPI3,2024-06-29,65.27,85.0,CH,0.25,risk
22008,DV-KPI1,2024-06-29,72.92,85.0,DV,0.25,healthy
22008,DV-KPI2,2024-06-29,65.04,85.0,DV,0.25,risk
22008,DV-KPI3,2024-06-29,70.4,85.0,DV,0.25,healthy
22008,EX-KPI1,2024-06-29,68.87,85.0,EX,0.25,risk
22008,EX-KPI2,2024-06-29,66.17,85.0,EX,0.25,risk
22008,EX-KPI3,2024-06-29,66.37,85.0,EX,0.25,risk
22008,OS-KPI1,2024-06-29,72.2,85.0,OS,0.25,healthy
22008,OS-KPI2,2024-06-29,66.93,85.0,OS,0.25,risk
22008,OS-KPI3,2024-06-29,64.64,85.0,OS,0.25,risk
22008,AI-KPI1,2024-07-29,68.67,85.0,AI,0.25,risk
22008,AI-KPI2,2024-07-29,66.97,85.0,AI,0.25,risk
22008,AI-KPI3,2024-07-29,74.51,85.0,AI,0.25,healthy
22008,CH-KPI1,2024-07-29,69.17,85.0,CH,0.25,risk
22008,CH-KPI2,2024-07-29,74.14,85.0,CH,0.25,healthy
22008,CH-KPI3,2024-07-29,68.94,85.0,CH,0.25,risk
22008,DV-KPI1,2024-07-29,69.34,85.0,DV,0.25,risk
22008,DV-KPI2,2024-07-29,74.02,85.0,DV,0.25,healthy
22008,DV-KPI3,2024-07-29,71.5,85.0,DV,0.25,healthy
22008,EX-KPI1,2024-07-29,74.08,85.0,EX,0.25,healthy
22008,EX-KPI2,2024-07-29,74.58,85.0,EX,0.25,healthy
22008,EX-KPI3,2024-07-29,72.18,85.0,EX,0.25,healthy
22008,OS-KPI1,2024-07-29,74.63,85.0,OS,0.25,healthy
22008,OS-KPI2,2024-07-29,74.16,85.0,OS,0.25,healthy
22008,OS-KPI3,2024-07-29,68.51,85.0,OS,0.25,risk
22008,AI-KPI1,2024-08-28,73.96,85.0,AI,0.25,healthy
22008,AI-KPI2,2024-08-28,70.97,85.0,AI,0.25,healthy
22008,AI-KPI3,2024-08-28,72.01,85.0,AI,0.25,healthy
22008,CH-KPI1,2024-08-28,70.49,85.0,CH,0.25,healthy
22008,CH-KPI2,2024-08-28,73.21,85.0,CH,0.25,healthy
22008,CH-KPI3,2024-08-28,69.97,85.0,CH,0.25,risk
22008,DV-KPI1,2024-08-28,78.15,85.0,DV,0.25,healthy
22008,DV-KPI2,2024-08-28,75.94,85.0,DV,0.25,healthy
22008,DV-KPI3,2024-08-28,76.17,85.0,DV,0.25,healthy
22008,EX-KPI1,2024-08-28,73.05,85.0,EX,0.25,healthy
22008,EX-KPI2,2024-08-28,76.98,85.0,EX,0.25,healthy
22008,EX-KPI3,2024-08-28,74.98,85.0,EX,0.25,healthy
22008,OS-KPI1,2024-08-28,72.14,85.0,OS,0.25,healthy
22008,OS-KPI2,2024-08-28,73.8,85.0,OS,0.25,healthy
22008,OS-KPI3,2024-08-28,70.3,85.0,OS,0.25,healthy
22008,AI-KPI1,2024-09-27,80.13,85.0,AI,0.25,healthy
22008,AI-KPI2,2024-09-27,75.85,85.0,AI,0.25,healthy
22008,AI-KPI3,2024-09-27,73.34,85.0,AI,0.25,healthy
22008,CH-KPI1,2024-09-27,73.58,85.0,CH,0.25,healthy
22008,CH-KPI2,2024-09-27,78.24,85.0,CH,0.25,healthy
22008,CH-KPI3,2024-09-27,75.93,85.0,CH,0.25,healthy
22008,DV-KPI1,2024-09-27,78.0,85.0,DV,0.25,healthy
22008,DV-KPI2,2024-09-27,81.81,85.0,DV,0.25,healthy
22008,DV-KPI3,2024-09-27,80.7,85.0,DV,0.25,healthy
22008,EX-KPI1,2024-09-27,76.5,85.0,EX,0.25,healthy
22008,EX-KPI2,2024-09-27,77.41,85.0,EX,0.25,healthy
22008,EX-KPI3,2024-09-27,78.37,85.0,EX,0.25,healthy
22008,OS-KPI1,2024-09-27,75.88,85.0,OS,0.25,healthy
22008,OS-KPI2,2024-09-27,80.44,85.0,OS,0.25,healthy
22008,OS-KPI3,2024-09-27,77.16,85.0,OS,0.25,healthy
22008,AI-KPI1,2024-10-27,75.82,85.0,AI,0.25,healthy
22008,AI-KPI2,2024-10-27,76.42,85.0,AI,0.25,healthy
22008,AI-KPI3,2024-10-27,79.76,85.0,AI,0.25,healthy
22008,CH-KPI1,2024-10-27,78.07,85.0,CH,0.25,healthy
22008,CH-KPI2,2024-10-27,81.9,85.0,CH,0.25,healthy
22008,CH-KPI3,2024-10-27,75.01,85.0,CH,0.25,healthy
22008,DV-KPI1,2024-10-27,77.91,85.0,DV,0.25,healthy
22008,DV-KPI2,2024-10-27,75.72,85.0,DV,0.25,healthy
22008,DV-KPI3,2024-10-27,83.42,85.0,DV,0.25,healthy
22008,EX-KPI1,2024-10-27,83.05,85.0,EX,0.25,healthy
22008,EX-KPI2,2024-10-27,79.6,85.0,EX,0.25,healthy
22008,EX-KPI3,2024-10-27,75.56,85.0,EX,0.25,healthy
22008,OS-KPI1,2024-10-27,79.73,85.0,OS,0.25,healthy
22008,OS-KPI2,2024-10-27,79.55,85.0,OS,0.25,healthy
22008,OS-KPI3,2024-10-27,79.73,85.0,OS,0.25,healthy
22008,AI-KPI1,2024-11-26,86.74,85.0,AI,0.25,healthy
22008,AI-KPI2,2024-11-26,78.88,85.0,AI,0.25,healthy
22008,AI-KPI3,2024-11-26,80.86,85.0,AI,0.25,healthy
22008,CH-KPI1,2024-11-26,87.29,85.0,CH,0.25,healthy
22008,CH-KPI2,2024-11-26,81.29,85.0,CH,0.25,healthy
22008,CH-KPI3,2024-11-26,79.53,85.0,CH,0.25,healthy
22008,DV-KPI1,2024-11-26,86.99,85.0,DV,0.25,healthy
22008,DV-KPI2,2024-11-26,78.94,85.0,DV,0.25,healthy
22008,DV-KPI3,2024-11-26,82.32,85.0,DV,0.25,healthy
22008,EX-KPI1,2024-11-26,82.46,85.0,EX,0.25,healthy
22008,EX-KPI2,2024-11-26,82.24,85.0,EX,0.25,healthy
22008,EX-KPI3,2024-11-26,82.67,85.0,EX,0.25,healthy
22008,OS-KPI1,2024-11-26,82.13,85.0,OS,0.25,healthy
22008,OS-KPI2,2024-11-26,82.61,85.0,OS,0.25,healthy
22008,OS-KPI3,2024-11-26,81.14,85.0,OS,0.25,healthy
22009,AI-KPI1,2024-01-01,72.4,85.0,AI,0.25,healthy
22009,AI-KPI2,2024-01-01,76.15,85.0,AI,0.25,healthy
22009,AI-KPI3,2024-01-01,71.89,85.0,AI,0.25,healthy
22009,CH-KPI1,2024-01-01,70.79,85.0,CH,0.25,healthy
22009,CH-KPI2,2024-01-01,77.78,85.0,CH,0.25,healthy
22009,CH-KPI3,2024-01-01,73.51,85.0,CH,0.25,healthy
22009,DV-KPI1,2024-01-01,79.47,85.0,DV,0.25,healthy
22009,DV-KPI2,2024-01-01,71.59,85.0,DV,0.25,healthy
22009,DV-KPI3,2024-01-01,70.15,85.0,DV,0.25,healthy
22009,EX-KPI1,2024-01-01,71.97,85.0,EX,0.25,healthy
22009,EX-KPI2,2024-01-01,79.95,85.0,EX,0.25,healthy
22009,EX-KPI3,2024-01-01,75.77,85.0,EX,0.25,healthy
22009,OS-KPI1,2024-01-01,73.09,85.0,OS,0.25,healthy
22009,OS-KPI2,2024-01-01,76.68,85.0,OS,0.25,healthy
22009,OS-KPI3,2024-01-01,72.87,85.0,OS,0.25,healthy
22009,AI-KPI1,2024-01-31,77.43,85.0,AI,0.25,healthy
22009,AI-KPI2,2024-01-31,71.15,85.0,AI,0.25,healthy
22009,AI-KPI3,2024-01-31,72.37,85.0,AI,0.25,healthy
22009,CH-KPI1,2024-01-31,70.19,85.0,CH,0.25,healthy
22009,CH-KPI2,2024-01-31,71.92,85.0,CH,0.25,healthy
22009,CH-KPI3,2024-01-31,71.14,85.0,CH,0.25,healthy
22009,DV-KPI1,2024-01-31,77.33,85.0,DV,0.25,healthy
22009,DV-KPI2,2024-01-31,71.83,85.0,DV,0.25,healthy
22009,DV-KPI3,2024-01-31,73.22,85.0,DV,0.25,healthy
22009,EX-KPI1,2024-01-31,75.42,85.0,EX,0.25,healthy
22009,EX-KPI2,2024-01-31,70.49,85.0,EX,0.25,healthy
22009,EX-KPI3,2024-01-31,76.74,85.0,EX,0.25,healthy
22009,OS-KPI1,2024-01-31,71.02,85.0,OS,0.25,healthy
22009,OS-KPI2,2024-01-31,76.85,85.0,OS,0.25,healthy
22009,OS-KPI3,2024-01-31,70.24,85.0,OS,0.25,healthy
22009,AI-KPI1,2024-03-01,73.94,85.0,AI,0.25,healthy
22009,AI-KPI2,2024-03-01,71.53,85.0,AI,0.25,healthy
22009,AI-KPI3,2024-03-01,77.41,85.0,AI,0.25,healthy
22009,CH-KPI1,2024-03-01,79.38,85.0,CH,0.25,healthy
22009,CH-KPI2,2024-03-01,75.59,85.0,CH,0.25,healthy
22009,CH-KPI3,2024-03-01,74.98,85.0,CH,0.25,healthy
22009,DV-KPI1,2024-03-01,78.11,85.0,DV,0.25,healthy
22009,DV-KPI2,2024-03-01,77.17,85.0,DV,0.25,healthy
22009,DV-KPI3,2024-03-01,77.62,85.0,DV,0.25,healthy
22009,EX-KPI1,2024-03-01,72.87,85.0,EX,0.25,healthy
22009,EX-KPI2,2024-03-01,77.01,85.0,EX,0.25,healthy
22009,EX-KPI3,2024-03-01,71.83,85.0,EX,0.25,healthy
22009,OS-KPI1,2024-03-01,73.34,85.0,OS,0.25,healthy
22009,OS-KPI2,2024-03-01,77.54,85.0,OS,0.25,healthy
22009,OS-KPI3,2024-03-01,71.85,85.0,OS,0.25,healthy
22009,AI-KPI1,2024-03-31,72.82,85.0,AI,0.25,healthy
22009,AI-KPI2,2024-03-31,76.1,85.0,AI,0.25,healthy
22009,AI-KPI3,2024-03-31,71.34,85.0,AI,0.25,healthy
22009,CH-KPI1,2024-03-31,71.49,85.0,CH,0.25,healthy
22009,CH-KPI2,2024-03-31,75.33,85.0,CH,0.25,healthy
22009,CH-KPI3,2024-03-31,75.33,85.0,CH,0.25,healthy
22009,DV-KPI1,2024-03-31,74.13,85.0,DV,0.25,healthy
22009,DV-KPI2,2024-03-31,78.74,85.0,DV,0.25,healthy
22009,DV-KPI3,2024-03-31,74.85,85.0,DV,0.25,healthy
22009,EX-KPI1,2024-03-31,72.58,85.0,EX,0.25,healthy
22009,EX-KPI2,2024-03-31,78.65,85.0,EX,0.25,healthy
22009,EX-KPI3,2024-03-31,76.65,85.0,EX,0.25,healthy
22009,OS-KPI1,2024-03-31,73.82,85.0,OS,0.25,healthy
22009,OS-KPI2,2024-03-31,75.2,85.0,OS,0.25,healthy
22009,OS-KPI3,2024-03-31,70.27,85.0,OS,0.25,healthy
22009,AI-KPI1,2024-04-30,77.75,85.0,AI,0.25,healthy
22009,AI-KPI2,2024-04-30,72.89,85.0,AI,0.25,healthy
22009,AI-KPI3,2024-04-30,79.5,85.0,AI,0.25,healthy
22009,CH-KPI1,2024-04-30,74.68,85.0,CH,0.25,healthy
22009,CH-KPI2,2024-04-30,74.45,85.0,CH,0.25,healthy
22009,CH-KPI3,2024-04-30,74.0,85.0,CH,0.25,healthy
22009,DV-KPI1,2024-04-30,71.1,85.0,DV,0.25,healthy
22009,DV-KPI2,2024-04-30,71.6,85.0,DV,0.25,healthy
22009,DV-KPI3,2024-04-30,75.88,85.0,DV,0.25,healthy
22009,EX-KPI1,2024-04-30,76.99,85.0,EX,0.25,healthy
22009,EX-KPI2,2024-04-30,70.67,85.0,EX,0.25,healthy
22009,EX-KPI3,2024-04-30,79.12,85.0,EX,0.25,healthy
22009,OS-KPI1,2024-04-30,79.24,85.0,OS,0.25,healthy
22009,OS-KPI2,2024-04-30,70.21,85.0,OS,0.25,healthy
22009,OS-KPI3,2024-04-30,75.79,85.0,OS,0.25,healthy
22009,AI-KPI1,2024-05-30,70.44,85.0,AI,0.25,healthy
22009,AI-KPI2,2024-05-30,71.41,85.0,AI,0.25,healthy
22009,AI-KPI3,2024-05-30,77.43,85.0,AI,0.25,healthy
22009,CH-KPI1,2024-05-30,73.25,85.0,CH,0.25,healthy
22009,CH-KPI2,2024-05-30,70.34,85.0,CH,0.25,healthy
22009,CH-KPI3,2024-05-30,70.23,85.0,CH,0.25,healthy
22009,DV-KPI1,2024-05-30,70.79,85.0,DV,0.25,healthy
22009,DV-KPI2,2024-05-30,72.09,85.0,DV,0.25,healthy
22009,DV-KPI3,2024-05-30,71.32,85.0,DV,0.25,healthy
22009,EX-KPI1,2024-05-30,77.43,85.0,EX,0.25,healthy
22009,EX-KPI2,2024-05-30,76.07,85.0,EX,0.25,healthy
22009,EX-KPI3,2024-05-30,74.89,85.0,EX,0.25,healthy
22009,OS-KPI1,2024-05-30,76.77,85.0,OS,0.25,healthy
22009,OS-KPI2,2024-05-30,77.73,85.0,OS,0.25,healthy
22009,OS-KPI3,2024-05-30,72.85,85.0,OS,0.25,healthy
22009,AI-KPI1,2024-06-29,76.71,85.0,AI,0.25,healthy
22009,AI-KPI2,2024-06-29,72.97,85.0,AI,0.25,healthy
22009,AI-KPI3,2024-06-29,78.71,85.0,AI,0.25,healthy
22009,CH-KPI1,2024-06-29,71.4,85.0,CH,0.25,healthy
22009,CH-KPI2,2024-06-29,73.87,85.0,CH,0.25,healthy
22009,CH-KPI3,2024-06-29,70.94,85.0,CH,0.25,healthy
22009,DV-KPI1,2024-06-29,74.09,85.0,DV,0.25,healthy
22009,DV-KPI2,2024-06-29,78.34,85.0,DV,0.25,healthy
22009,DV-KPI3,2024-06-29,72.03,85.0,DV,0.25,healthy
22009,EX-KPI1,2024-06-29,74.93,85.0,EX,0.25,healthy
22009,EX-KPI2,2024-06-29,72.65,85.0,EX,0.25,healthy
22009,EX-KPI3,2024-06-29,78.73,85.0,EX,0.25,healthy
22009,OS-KPI1,2024-06-29,70.48,85.0,OS,0.25,healthy
22009,OS-KPI2,2024-06-29,70.01,85.0,OS,0.25,healthy
22009,OS-KPI3,2024-06-29,78.45,85.0,OS,0.25,healthy
22009,AI-KPI1,2024-07-29,76.97,85.0,AI,0.25,healthy
22009,AI-KPI2,2024-07-29,70.95,85.0,AI,0.25,healthy
22009,AI-KPI3,2024-07-29,72.35,85.0,AI,0.25,healthy
22009,CH-KPI1,2024-07-29,73.52,85.0,CH,0.25,healthy
22009,CH-KPI2,2024-07-29,79.0,85.0,CH,0.25,healthy
22009,CH-KPI3,2024-07-29,74.73,85.0,CH,0.25,healthy
22009,DV-KPI1,2024-07-29,72.24,85.0,DV,0.25,healthy
22009,DV-KPI2,2024-07-29,74.08,85.0,DV,0.25,healthy
22009,DV-KPI3,2024-07-29,72.08,85.0,DV,0.25,healthy
22009,EX-KPI1,2024-07-29,79.19,85.0,EX,0.25,healthy
22009,EX-KPI2,2024-07-29,72.75,85.0,EX,0.25,healthy
22009,EX-KPI3,2024-07-29,78.9,85.0,EX,0.25,healthy
22009,OS-KPI1,2024-07-29,72.12,85.0,OS,0.25,healthy
22009,OS-KPI2,2024-07-29,75.19,85.0,OS,0.25,healthy
22009,OS-KPI3,2024-07-29,79.72,85.0,OS,0.25,healthy
22009,AI-KPI1,2024-08-28,75.66,85.0,AI,0.25,healthy
22009,AI-KPI2,2024-08-28,71.78,85.0,AI,0.25,healthy
22009,AI-KPI3,2024-08-28,73.43,85.0,AI,0.25,healthy
22009,CH-KPI1,2024-08-28,74.55,85.0,CH,0.25,healthy
22009,CH-KPI2,2024-08-28,76.45,85.0,CH,0.25,healthy
22009,CH-KPI3,2024-08-28,77.54,85.0,CH,0.25,healthy
22009,DV-KPI1,2024-08-28,75.76,85.0,DV,0.25,healthy
22009,DV-KPI2,2024-08-28,76.71,85.0,DV,0.25,healthy
22009,DV-KPI3,2024-08-28,77.27,85.0,DV,0.25,healthy
22009,EX-KPI1,2024-08-28,76.84,85.0,EX,0.25,healthy
22009,EX-KPI2,2024-08-28,74.87,85.0,EX,0.25,healthy
22009,EX-KPI3,2024-08-28,79.0,85.0,EX,0.25,healthy
22009,OS-KPI1,2024-08-28,71.39,85.0,OS,0.25,healthy
22009,OS-KPI2,2024-08-28,71.11,85.0,OS,0.25,healthy
22009,OS-KPI3,2024-08-28,79.04,85.0,OS,0.25,healthy
22009,AI-KPI1,2024-09-27,72.94,85.0,AI,0.25,healthy
22009,AI-KPI2,2024-09-27,79.67,85.0,AI,0.25,healthy
22009,AI-KPI3,2024-09-27,72.6,85.0,AI,0.25,healthy
22009,CH-KPI1,2024-09-27,71.48,85.0,CH,0.25,healthy
22009,CH-KPI2,2024-09-27,74.01,85.0,CH,0.25,healthy
22009,CH-KPI3,2024-09-27,77.19,85.0,CH,0.25,healthy
22009,DV-KPI1,2024-09-27,74.92,85.0,DV,0.25,healthy
22009,DV-KPI2,2024-09-27,73.45,85.0,DV,0.25,healthy
22009,DV-KPI3,2024-09-27,77.67,85.0,DV,0.25,healthy
22009,EX-KPI1,2024-09-27,71.82,85.0,EX,0.25,healthy
22009,EX-KPI2,2024-09-27,72.79,85.0,EX,0.25,healthy
22009,EX-KPI3,2024-09-27,76.2,85.0,EX,0.25,healthy
22009,OS-KPI1,2024-09-27,73.74,85.0,OS,0.25,healthy
22009,OS-KPI2,2024-09-27,77.55,85.0,OS,0.25,healthy
22009,OS-KPI3,2024-09-27,76.92,85.0,OS,0.25,healthy
22009,AI-KPI1,2024-10-27,77.94,85.0,AI,0.25,healthy
22009,AI-KPI2,2024-10-27,75.14,85.0,AI,0.25,healthy
22009,AI-KPI3,2024-10-27,75.26,85.0,AI,0.25,healthy
22009,CH-KPI1,2024-10-27,75.7,85.0,CH,0.25,healthy
22009,CH-KPI2,2024-10-27,75.7,85.0,CH,0.25,healthy
22009,CH-KPI3,2024-10-27,78.05,85.0,CH,0.25,healthy
22009,DV-KPI1,2024-10-27,71.45,85.0,DV,0.25,healthy
22009,DV-KPI2,2024-10-27,74.15,85.0,DV,0.25,healthy
22009,DV-KPI3,2024-10-27,77.06,85.0,DV,0.25,healthy
22009,EX-KPI1,2024-10-27,78.11,85.0,EX,0.25,healthy
22009,EX-KPI2,2024-10-27,75.0,85.0,EX,0.25,healthy
22009,EX-KPI3,2024-10-27,79.91,85.0,EX,0.25,healthy
22009,OS-KPI1,2024-10-27,72.87,85.0,OS,0.25,healthy
22009,OS-KPI2,2024-10-27,70.36,85.0,OS,0.25,healthy
22009,OS-KPI3,2024-10-27,79.79,85.0,OS,0.25,healthy
22009,AI-KPI1,2024-11-26,79.73,85.0,AI,0.25,healthy
22009,AI-KPI2,2024-11-26,73.08,85.0,AI,0.25,healthy
22009,AI-KPI3,2024-11-26,76.26,85.0,AI,0.25,healthy
22009,CH-KPI1,2024-11-26,79.82,85.0,CH,0.25,healthy
22009,CH-KPI2,2024-11-26,76.9,85.0,CH,0.25,healthy
22009,CH-KPI3,2024-11-26,78.93,85.0,CH,0.25,healthy
22009,DV-KPI1,2024-11-26,78.17,85.0,DV,0.25,healthy
22009,DV-KPI2,2024-11-26,73.93,85.0,DV,0.25,healthy
22009,DV-KPI3,2024-11-26,74.95,85.0,DV,0.25,healthy
22009,EX-KPI1,2024-11-26,79.75,85.0,EX,0.25,healthy
22009,EX-KPI2,2024-11-26,79.6,85.0,EX,0.25,healthy
22009,EX-KPI3,2024-11-26,74.21,85.0,EX,0.25,healthy
22009,OS-KPI1,2024-11-26,78.23,85.0,OS,0.25,healthy
22009,OS-KPI2,2024-11-26,70.81,85.0,OS,0.25,healthy
22009,OS-KPI3,2024-11-26,70.58,85.0,OS,0.25,healthy
22010,AI-KPI1,2024-01-01,76.79,85.0,AI,0.25,healthy
22010,AI-KPI2,2024-01-01,82.17,85.0,AI,0.25,healthy
22010,AI-KPI3,2024-01-01,78.62,85.0,AI,0.25,healthy
22010,CH-KPI1,2024-01-01,82.62,85.0,CH,0.25,healthy
22010,CH-KPI2,2024-01-01,83.47,85.0,CH,0.25,healthy
22010,CH-KPI3,2024-01-01,78.12,85.0,CH,0.25,healthy
22010,DV-KPI1,2024-01-01,80.37,85.0,DV,0.25,healthy
22010,DV-KPI2,2024-01-01,83.44,85.0,DV,0.25,healthy
22010,DV-KPI3,2024-01-01,80.19,85.0,DV,0.25,healthy
22010,EX-KPI1,2024-01-01,84.32,85.0,EX,0.25,healthy
22010,EX-KPI2,2024-01-01,75.63,85.0,EX,0.25,healthy
22010,EX-KPI3,2024-01-01,79.37,85.0,EX,0.25,healthy
22010,OS-KPI1,2024-01-01,82.26,85.0,OS,0.25,healthy
22010,OS-KPI2,2024-01-01,83.62,85.0,OS,0.25,healthy
22010,OS-KPI3,2024-01-01,83.01,85.0,OS,0.25,healthy
22010,AI-KPI1,2024-01-31,80.21,85.0,AI,0.25,healthy
22010,AI-KPI2,2024-01-31,74.1,85.0,AI,0.25,healthy
22010,AI-KPI3,2024-01-31,73.5,85.0,AI,0.25,healthy
22010,CH-KPI1,2024-01-31,79.64,85.0,CH,0.25,healthy
22010,CH-KPI2,2024-01-31,80.0,85.0,CH,0.25,healthy
22010,CH-KPI3,2024-01-31,78.68,85.0,CH,0.25,healthy
22010,DV-KPI1,2024-01-31,74.98,85.0,DV,0.25,healthy
22010,DV-KPI2,2024-01-31,75.07,85.0,DV,0.25,healthy
22010,DV-KPI3,2024-01-31,77.74,85.0,DV,0.25,healthy
22010,EX-KPI1,2024-01-31,80.24,85.0,EX,0.25,healthy
22010,EX-KPI2,2024-01-31,79.84,85.0,EX,0.25,healthy
22010,EX-KPI3,2024-01-31,80.04,85.0,EX,0.25,healthy
22010,OS-KPI1,2024-01-31,81.21,85.0,OS,0.25,healthy
22010,OS-KPI2,2024-01-31,73.12,85.0,OS,0.25,healthy
22010,OS-KPI3,2024-01-31,73.09,85.0,OS,0.25,healthy
22010,AI-KPI1,2024-03-01,75.55,85.0,AI,0.25,healthy
22010,AI-KPI2,2024-03-01,76.9,85.0,AI,0.25,healthy
22010,AI-KPI3,2024-03-01,72.74,85.0,AI,0.25,healthy
22010,CH-KPI1,2024-03-01,77.62,85.0,CH,0.25,healthy
22010,CH-KPI2,2024-03-01,75.37,85.0,CH,0.25,healthy
22010,CH-KPI3,2024-03-01,73.04,85.0,CH,0.25,healthy
22010,DV-KPI1,2024-03-01,74.75,85.0,DV,0.25,healthy
22010,DV-KPI2,2024-03-01,72.8,85.0,DV,0.25,healthy
22010,DV-KPI3,2024-03-01,71.75,85.0,DV,0.25,healthy
22010,EX-KPI1,2024-03-01,73.57,85.0,EX,0.25,healthy
22010,EX-KPI2,2024-03-01,77.62,85.0,EX,0.25,healthy
22010,EX-KPI3,2024-03-01,80.7,85.0,EX,0.25,healthy
22010,OS-KPI1,2024-03-01,79.61,85.0,OS,0.25,healthy
22010,OS-KPI2,2024-03-01,73.06,85.0,OS,0.25,healthy
22010,OS-KPI3,2024-03-01,75.71,85.0,OS,0.25,healthy
22010,AI-KPI1,2024-03-31,78.94,85.0,AI,0.25,healthy
22010,AI-KPI2,2024-03-31,70.42,85.0,AI,0.25,healthy
22010,AI-KPI3,2024-03-31,70.47,85.0,AI,0.25,healthy
22010,CH-KPI1,2024-03-31,71.77,85.0,CH,0.25,healthy
22010,CH-KPI2,2024-03-31,72.37,85.0,CH,0.25,healthy
22010,CH-KPI3,2024-03-31,71.3,85.0,CH,0.25,healthy
22010,DV-KPI1,2024-03-31,78.37,85.0,DV,0.25,healthy
22010,DV-KPI2,2024-03-31,77.72,85.0,DV,0.25,healthy
22010,DV-KPI3,2024-03-31,70.85,85.0,DV,0.25,healthy
22010,EX-KPI1,2024-03-31,70.76,85.0,EX,0.25,healthy
22010,EX-KPI2,2024-03-31,72.41,85.0,EX,0.25,healthy
22010,EX-KPI3,2024-03-31,76.72,85.0,EX,0.25,healthy
22010,OS-KPI1,2024-03-31,69.04,85.0,OS,0.25,risk
22010,OS-KPI2,2024-03-31,78.53,85.0,OS,0.25,healthy
22010,OS-KPI3,2024-03-31,78.77,85.0,OS,0.25,healthy
22010,AI-KPI1,2024-04-30,68.07,85.0,AI,0.25,risk
22010,AI-KPI2,2024-04-30,73.38,85.0,AI,0.25,healthy
22010,AI-KPI3,2024-04-30,67.73,85.0,AI,0.25,risk
22010,CH-KPI1,2024-04-30,69.84,85.0,CH,0.25,risk
22010,CH-KPI2,2024-04-30,74.12,85.0,CH,0.25,healthy
22010,CH-KPI3,2024-04-30,75.32,85.0,CH,0.25,healthy
22010,DV-KPI1,2024-04-30,69.17,85.0,DV,0.25,risk
22010,DV-KPI2,2024-04-30,71.91,85.0,DV,0.25,healthy
22010,DV-KPI3,2024-04-30,68.42,85.0,DV,0.25,risk
22010,EX-KPI1,2024-04-30,76.66,85.0,EX,0.25,healthy
22010,EX-KPI2,2024-04-30,70.84,85.0,EX,0.25,healthy
22010,EX-KPI3,2024-04-30,73.32,85.0,EX,0.25,healthy
22010,OS-KPI1,2024-04-30,70.35,85.0,OS,0.25,healthy
22010,OS-KPI2,2024-04-30,73.43,85.0,OS,0.25,healthy
22010,OS-KPI3,2024-04-30,72.98,85.0,OS,0.25,healthy
22010,AI-KPI1,2024-05-30,67.25,85.0,AI,0.25,risk
22010,AI-KPI2,2024-05-30,65.74,85.0,AI,0.25,risk
22010,AI-KPI3,2024-05-30,74.57,85.0,AI,0.25,healthy
22010,CH-KPI1,2024-05-30,74.23,85.0,CH,0.25,healthy
22010,CH-KPI2,2024-05-30,66.07,85.0,CH,0.25,risk
22010,CH-KPI3,2024-05-30,73.01,85.0,CH,0.25,healthy
22010,DV-KPI1,2024-05-30,71.71,85.0,DV,0.25,healthy
22010,DV-KPI2,2024-05-30,67.93,85.0,DV,0.25,risk
22010,DV-KPI3,2024-05-30,74.97,85.0,DV,0.25,healthy
22010,EX-KPI1,2024-05-30,71.78,85.0,EX,0.25,healthy
22010,EX-KPI2,2024-05-30,67.17,85.0,EX,0.25,risk
22010,EX-KPI3,2024-05-30,74.02,85.0,EX,0.25,healthy
22010,OS-KPI1,2024-05-30,71.5,85.0,OS,0.25,healthy
22010,OS-KPI2,2024-05-30,69.09,85.0,OS,0.25,risk
22010,OS-KPI3,2024-05-30,68.44,85.0,OS,0.25,risk
22010,AI-KPI1,2024-06-29,69.44,85.0,AI,0.25,risk
22010,AI-KPI2,2024-06-29,63.56,85.0,AI,0.25,risk
22010,AI-KPI3,2024-06-29,64.96,85.0,AI,0.25,risk
22010,CH-KPI1,2024-06-29,72.21,85.0,CH,0.25,healthy
22010,CH-KPI2,2024-06-29,65.54,85.0,CH,0.25,risk
22010,CH-KPI3,2024-06-29,72.72,85.0,CH,0.25,healthy
22010,DV-KPI1,2024-06-29,69.38,85.0,DV,0.25,risk
22010,DV-KPI2,2024-06-29,71.14,85.0,DV,0.25,healthy
22010,DV-KPI3,2024-06-29,65.41,85.0,DV,0.25,risk
22010,EX-KPI1,2024-06-29,63.29,85.0,EX,0.25,risk
22010,EX-KPI2,2024-06-29,66.35,85.0,EX,0.25,risk
22010,EX-KPI3,2024-06-29,69.41,85.0,EX,0.25,risk
22010,OS-KPI1,2024-06-29,69.69,85.0,OS,0.25,risk
22010,OS-KPI2,2024-06-29,63.37,85.0,OS,0.25,risk
22010,OS-KPI3,2024-06-29,64.36,85.0,OS,0.25,risk
22010,AI-KPI1,2024-07-29,69.6,85.0,AI,0.25,risk
22010,AI-KPI2,2024-07-29,62.26,85.0,AI,0.25,risk
22010,AI-KPI3,2024-07-29,68.12,85.0,AI,0.25,risk
22010,CH-KPI1,2024-07-29,64.71,85.0,CH,0.25,risk
22010,CH-KPI2,2024-07-29,64.93,85.0,CH,0.25,risk
22010,CH-KPI3,2024-07-29,70.82,85.0,CH,0.25,healthy
22010,DV-KPI1,2024-07-29,63.97,85.0,DV,0.25,risk
22010,DV-KPI2,2024-07-29,67.0,85.0,DV,0.25,risk
22010,DV-KPI3,2024-07-29,68.76,85.0,DV,0.25,risk
22010,EX-KPI1,2024-07-29,68.15,85.0,EX,0.25,risk
22010,EX-KPI2,2024-07-29,69.26,85.0,EX,0.25,risk
22010,EX-KPI3,2024-07-29,62.49,85.0,EX,0.25,risk
22010,OS-KPI1,2024-07-29,61.68,85.0,OS,0.25,risk
22010,OS-KPI2,2024-07-29,70.36,85.0,OS,0.25,healthy
22010,OS-KPI3,2024-07-29,63.08,85.0,OS,0.25,risk
22010,AI-KPI1,2024-08-28,65.08,85.0,AI,0.25,risk
22010,AI-KPI2,2024-08-28,65.75,85.0,AI,0.25,risk
22010,AI-KPI3,2024-08-28,65.75,85.0,AI,0.25,risk
22010,CH-KPI1,2024-08-28,64.89,85.0,CH,0.25,risk
22010,CH-KPI2,2024-08-28,65.2,85.0,CH,0.25,risk
22010,CH-KPI3,2024-08-28,67.83,85.0,CH,0.25,risk
22010,DV-KPI1,2024-08-28,59.49,85.0,DV,0.25,risk
22010,DV-KPI2,2024-08-28,59.34,85.0,DV,0.25,risk
22010,DV-KPI3,2024-08-28,61.03,85.0,DV,0.25,risk
22010,EX-KPI1,2024-08-28,61.0,85.0,EX,0.25,risk
22010,EX-KPI2,2024-08-28,64.93,85.0,EX,0.25,risk
22010,EX-KPI3,2024-08-28,60.08,85.0,EX,0.25,risk
22010,OS-KPI1,2024-08-28,62.1,85.0,OS,0.25,risk
22010,OS-KPI2,2024-08-28,68.94,85.0,OS,0.25,risk
22010,OS-KPI3,2024-08-28,67.62,85.0,OS,0.25,risk
22010,AI-KPI1,2024-09-27,59.2,85.0,AI,0.25,risk
22010,AI-KPI2,2024-09-27,59.84,85.0,AI,0.25,risk
22010,AI-KPI3,2024-09-27,61.93,85.0,AI,0.25,risk
22010,CH-KPI1,2024-09-27,57.11,85.0,CH,0.25,risk
22010,CH-KPI2,2024-09-27,66.43,85.0,CH,0.25,risk
22010,CH-KPI3,2024-09-27,58.87,85.0,CH,0.25,risk
22010,DV-KPI1,2024-09-27,61.59,85.0,DV,0.25,risk
22010,DV-KPI2,2024-09-27,63.6,85.0,DV,0.25,risk
22010,DV-KPI3,2024-09-27,63.08,85.0,DV,0.25,risk
22010,EX-KPI1,2024-09-27,58.42,85.0,EX,0.25,risk
22010,EX-KPI2,2024-09-27,58.83,85.0,EX,0.25,risk
22010,EX-KPI3,2024-09-27,64.92,85.0,EX,0.25,risk
22010,OS-KPI1,2024-09-27,64.78,85.0,OS,0.25,risk
22010,OS-KPI2,2024-09-27,59.34,85.0,OS,0.25,risk
22010,OS-KPI3,2024-09-27,62.25,85.0,OS,0.25,risk
22010,AI-KPI1,2024-10-27,56.28,85.0,AI,0.25,risk
22010,AI-KPI2,2024-10-27,56.32,85.0,AI,0.25,risk
22010,AI-KPI3,2024-10-27,58.62,85.0,AI,0.25,risk
22010,CH-KPI1,2024-10-27,62.71,85.0,CH,0.25,risk
22010,CH-KPI2,2024-10-27,62.31,85.0,CH,0.25,risk
22010,CH-KPI3,2024-10-27,60.35,85.0,CH,0.25,risk
22010,DV-KPI1,2024-10-27,60.0,85.0,DV,0.25,risk
22010,DV-KPI2,2024-10-27,58.26,85.0,DV,0.25,risk
22010,DV-KPI3,2024-10-27,60.82,85.0,DV,0.25,risk
22010,EX-KPI1,2024-10-27,59.54,85.0,EX,0.25,risk
22010,EX-KPI2,2024-10-27,56.08,85.0,EX,0.25,risk
22010,EX-KPI3,2024-10-27,57.7,85.0,EX,0.25,risk
22010,OS-KPI1,2024-10-27,56.16,85.0,OS,0.25,risk
22010,OS-KPI2,2024-10-27,64.78,85.0,OS,0.25,risk
22010,OS-KPI3,2024-10-27,64.97,85.0,OS,0.25,risk
22010,AI-KPI1,2024-11-26,55.51,85.0,AI,0.25,risk
22010,AI-KPI2,2024-11-26,54.98,85.0,AI,0.25,risk
22010,AI-KPI3,2024-11-26,53.33,85.0,AI,0.25,risk
22010,CH-KPI1,2024-11-26,53.81,85.0,CH,0.25,risk
22010,CH-KPI2,2024-11-26,53.64,85.0,CH,0.25,risk
22010,CH-KPI3,2024-11-26,60.62,85.0,CH,0.25,risk
22010,DV-KPI1,2024-11-26,60.41,85.0,DV,0.25,risk
22010,DV-KPI2,2024-11-26,55.05,85.0,DV,0.25,risk
22010,DV-KPI3,2024-11-26,54.83,85.0,DV,0.25,risk
22010,EX-KPI1,2024-11-26,59.8,85.0,EX,0.25,risk
22010,EX-KPI2,2024-11-26,62.81,85.0,EX,0.25,risk
22010,EX-KPI3,2024-11-26,60.46,85.0,EX,0.25,risk
22010,OS-KPI1,2024-11-26,59.71,85.0,OS,0.25,risk
22010,OS-KPI2,2024-11-26,56.79,85.0,OS,0.25,risk
22010,OS-KPI3,2024-11-26,57.68,85.0,OS,0.25,risk
22011,AI-KPI1,2024-01-01,49.4,85.0,AI,0.25,critical
22011,AI-KPI2,2024-01-01,46.51,85.0,AI,0.25,critical
22011,AI-KPI3,2024-01-01,47.34,85.0,AI,0.25,critical
22011,CH-KPI1,2024-01-01,54.28,85.0,CH,0.25,risk
22011,CH-KPI2,2024-01-01,54.55,85.0,CH,0.25,risk
22011,CH-KPI3,2024-01-01,50.7,85.0,CH,0.25,risk
22011,DV-KPI1,2024-01-01,46.06,85.0,DV,0.25,critical
22011,DV-KPI2,2024-01-01,48.79,85.0,DV,0.25,critical
22011,DV-KPI3,2024-01-01,45.97,85.0,DV,0.25,critical
22011,EX-KPI1,2024-01-01,53.74,85.0,EX,0.25,risk
22011,EX-KPI2,2024-01-01,48.64,85.0,EX,0.25,critical
22011,EX-KPI3,2024-01-01,48.17,85.0,EX,0.25,critical
22011,OS-KPI1,2024-01-01,52.08,85.0,OS,0.25,risk
22011,OS-KPI2,2024-01-01,51.89,85.0,OS,0.25,risk
22011,OS-KPI3,2024-01-01,50.79,85.0,OS,0.25,risk
22011,AI-KPI1,2024-01-31,57.84,85.0,AI,0.25,risk
22011,AI-KPI2,2024-01-31,55.08,85.0,AI,0.25,risk
22011,AI-KPI3,2024-01-31,55.44,85.0,AI,0.25,risk
22011,CH-KPI1,2024-01-31,50.58,85.0,CH,0.25,risk
22011,CH-KPI2,2024-01-31,52.07,85.0,CH,0.25,risk
22011,CH-KPI3,2024-01-31,55.27,85.0,CH,0.25,risk
22011,DV-KPI1,2024-01-31,51.8,85.0,DV,0.25,risk
22011,DV-KPI2,2024-01-31,51.06,85.0,DV,0.25,risk
22011,DV-KPI3,2024-01-31,50.26,85.0,DV,0.25,risk
22011,EX-KPI1,2024-01-31,56.16,85.0,EX,0.25,risk
22011,EX-KPI2,2024-01-31,56.63,85.0,EX,0.25,risk
22011,EX-KPI3,2024-01-31,50.76,85.0,EX,0.25,risk
22011,OS-KPI1,2024-01-31,56.45,85.0,OS,0.25,risk
22011,OS-KPI2,2024-01-31,53.5,85.0,OS,0.25,risk
22011,OS-KPI3,2024-01-31,50.88,85.0,OS,0.25,risk
22011,AI-KPI1,2024-03-01,57.47,85.0,AI,0.25,risk
22011,AI-KPI2,2024-03-01,54.74,85.0,AI,0.25,risk
22011,AI-KPI3,2024-03-01,58.97,85.0,AI,0.25,risk
22011,CH-KPI1,2024-03-01,51.48,85.0,CH,0.25,risk
22011,CH-KPI2,2024-03-01,59.87,85.0,CH,0.25,risk
22011,CH-KPI3,2024-03-01,55.37,85.0,CH,0.25,risk
22011,DV-KPI1,2024-03-01,55.14,85.0,DV,0.25,risk
22011,DV-KPI2,2024-03-01,53.06,85.0,DV,0.25,risk
22011,DV-KPI3,2024-03-01,58.99,85.0,DV,0.25,risk
22011,EX-KPI1,2024-03-01,60.77,85.0,EX,0.25,risk
22011,EX-KPI2,2024-03-01,53.97,85.0,EX,0.25,risk
22011,EX-KPI3,2024-03-01,53.63,85.0,EX,0.25,risk
22011,OS-KPI1,2024-03-01,53.63,85.0,OS,0.25,risk
22011,OS-KPI2,2024-03-01,51.55,85.0,OS,0.25,risk
22011,OS-KPI3,2024-03-01,52.66,85.0,OS,0.25,risk
22011,AI-KPI1,2024-03-31,58.88,85.0,AI,0.25,risk
22011,AI-KPI2,2024-03-31,59.91,85.0,AI,0.25,risk
22011,AI-KPI3,2024-03-31,61.56,85.0,AI,0.25,risk
22011,CH-KPI1,2024-03-31,58.33,85.0,CH,0.25,risk
22011,CH-KPI2,2024-03-31,62.67,85.0,CH,0.25,risk
22011,CH-KPI3,2024-03-31,61.89,85.0,CH,0.25,risk
22011,DV-KPI1,2024-03-31,56.45,85.0,DV,0.25,risk
22011,DV-KPI2,2024-03-31,58.57,85.0,DV,0.25,risk
22011,DV-KPI3,2024-03-31,62.81,85.0,DV,0.25,risk
22011,EX-KPI1,2024-03-31,63.53,85.0,EX,0.25,risk
22011,EX-KPI2,2024-03-31,55.03,85.0,EX,0.25,risk
22011,EX-KPI3,2024-03-31,55.26,85.0,EX,0.25,risk
22011,OS-KPI1,2024-03-31,61.67,85.0,OS,0.25,risk
22011,OS-KPI2,2024-03-31,63.6,85.0,OS,0.25,risk
22011,OS-KPI3,2024-03-31,61.95,85.0,OS,0.25,risk
22011,AI-KPI1,2024-04-30,58.46,85.0,AI,0.25,risk
22011,AI-KPI2,2024-04-30,62.25,85.0,AI,0.25,risk
22011,AI-KPI3,2024-04-30,59.87,85.0,AI,0.25,risk
22011,CH-KPI1,2024-04-30,64.34,85.0,CH,0.25,risk
22011,CH-KPI2,2024-04-30,66.14,85.0,CH,0.25,risk
22011,CH-KPI3,2024-04-30,57.61,85.0,CH,0.25,risk
22011,DV-KPI1,2024-04-30,65.34,85.0,DV,0.25,risk
22011,DV-KPI2,2024-04-30,58.67,85.0,DV,0.25,risk
22011,DV-KPI3,2024-04-30,60.83,85.0,DV,0.25,risk
22011,EX-KPI1,2024-04-30,62.4,85.0,EX,0.25,risk
22011,EX-KPI2,2024-04-30,64.93,85.0,EX,0.25,risk
22011,EX-KPI3,2024-04-30,57.27,85.0,EX,0.25,risk
22011,OS-KPI1,2024-04-30,58.15,85.0,OS,0.25,risk
22011,OS-KPI2,2024-04-30,58.99,85.0,OS,0.25,risk
22011,OS-KPI3,2024-04-30,57.48,85.0,OS,0.25,risk
22011,AI-KPI1,2024-05-30,65.11,85.0,AI,0.25,risk
22011,AI-KPI2,2024-05-30,63.92,85.0,AI,0.25,risk
22011,AI-KPI3,2024-05-30,64.38,85.0,AI,0.25,risk
22011,CH-KPI1,2024-05-30,64.59,85.0,CH,0.25,risk
22011,CH-KPI2,2024-05-30,63.87,85.0,CH,0.25,risk
22011,CH-KPI3,2024-05-30,69.95,85.0,CH,0.25,risk
22011,DV-KPI1,2024-05-30,69.9,85.0,DV,0.25,risk
22011,DV-KPI2,2024-05-30,66.98,85.0,DV,0.25,risk
22011,DV-KPI3,2024-05-30,62.59,85.0,DV,0.25,risk
22011,EX-KPI1,2024-05-30,62.59,85.0,EX,0.25,risk
22011,EX-KPI2,2024-05-30,61.14,85.0,EX,0.25,risk
22011,EX-KPI3,2024-05-30,66.51,85.0,EX,0.25,risk
22011,OS-KPI1,2024-05-30,65.62,85.0,OS,0.25,risk
22011,OS-KPI2,2024-05-30,66.4,85.0,OS,0.25,risk
22011,OS-KPI3,2024-05-30,67.96,85.0,OS,0.25,risk
22011,AI-KPI1,2024-06-29,72.78,85.0,AI,0.25,healthy
22011,AI-KPI2,2024-06-29,66.31,85.0,AI,0.25,risk
22011,AI-KPI3,2024-06-29,64.21,85.0,AI,0.25,risk
22011,CH-KPI1,2024-06-29,67.91,85.0,CH,0.25,risk
22011,CH-KPI2,2024-06-29,69.27,85.0,CH,0.25,risk
22011,CH-KPI3,2024-06-29,72.61,85.0,CH,0.25,healthy
22011,DV-KPI1,2024-06-29,67.23,85.0,DV,0.25,risk
22011,DV-KPI2,2024-06-29,63.16,85.0,DV,0.25,risk
22011,DV-KPI3,2024-06-29,70.51,85.0,DV,0.25,healthy
22011,EX-KPI1,2024-06-29,66.7,85.0,EX,0.25,risk
22011,EX-KPI2,2024-06-29,67.59,85.0,EX,0.25,risk
22011,EX-KPI3,2024-06-29,65.44,85.0,EX,0.25,risk
22011,OS-KPI1,2024-06-29,72.52,85.0,OS,0.25,healthy
22011,OS-KPI2,2024-06-29,70.26,85.0,OS,0.25,healthy
22011,OS-KPI3,2024-06-29,70.69,85.0,OS,0.25,healthy
22011,AI-KPI1,2024-07-29,70.23,85.0,AI,0.25,healthy
22011,AI-KPI2,2024-07-29,74.72,85.0,AI,0.25,healthy
22011,AI-KPI3,2024-07-29,66.39,85.0,AI,0.25,risk
22011,CH-KPI1,2024-07-29,70.61,85.0,CH,0.25,healthy
22011,CH-KPI2,2024-07-29,69.14,85.0,CH,0.25,risk
22011,CH-KPI3,2024-07-29,72.86,85.0,CH,0.25,healthy
22011,DV-KPI1,2024-07-29,67.97,85.0,DV,0.25,risk
22011,DV-KPI2,2024-07-29,68.62,85.0,DV,0.25,risk
22011,DV-KPI3,2024-07-29,66.69,85.0,DV,0.25,risk
22011,EX-KPI1,2024-07-29,68.41,85.0,EX,0.25,risk
22011,EX-KPI2,2024-07-29,72.01,85.0,EX,0.25,healthy
22011,EX-KPI3,2024-07-29,68.23,85.0,EX,0.25,risk
22011,OS-KPI1,2024-07-29,74.07,85.0,OS,0.25,healthy
22011,OS-KPI2,2024-07-29,71.92,85.0,OS,0.25,healthy
22011,OS-KPI3,2024-07-29,72.99,85.0,OS,0.25,healthy
22011,AI-KPI1,2024-08-28,71.28,85.0,AI,0.25,healthy
22011,AI-KPI2,2024-08-28,69.14,85.0,AI,0.25,risk
22011,AI-KPI3,2024-08-28,70.84,85.0,AI,0.25,healthy
22011,CH-KPI1,2024-08-28,70.75,85.0,CH,0.25,healthy
22011,CH-KPI2,2024-08-28,74.54,85.0,CH,0.25,healthy
22011,CH-KPI3,2024-08-28,70.3,85.0,CH,0.25,healthy
22011,DV-KPI1,2024-08-28,70.96,85.0,DV,0.25,healthy
22011,DV-KPI2,2024-08-28,71.73,85.0,DV,0.25,healthy
22011,DV-KPI3,2024-08-28,74.97,85.0,DV,0.25,healthy
22011,EX-KPI1,2024-08-28,74.79,85.0,EX,0.25,healthy
22011,EX-KPI2,2024-08-28,74.0,85.0,EX,0.25,healthy
22011,EX-KPI3,2024-08-28,69.63,85.0,EX,0.25,risk
22011,OS-KPI1,2024-08-28,76.01,85.0,OS,0.25,healthy
22011,OS-KPI2,2024-08-28,77.19,85.0,OS,0.25,healthy
22011,OS-KPI3,2024-08-28,76.55,85.0,OS,0.25,healthy
22011,AI-KPI1,2024-09-27,81.96,85.0,AI,0.25,healthy
22011,AI-KPI2,2024-09-27,78.79,85.0,AI,0.25,healthy
22011,AI-KPI3,2024-09-27,81.58,85.0,AI,0.25,healthy
22011,CH-KPI1,2024-09-27,72.74,85.0,CH,0.25,healthy
22011,CH-KPI2,2024-09-27,78.11,85.0,CH,0.25,healthy
22011,CH-KPI3,2024-09-27,81.42,85.0,CH,0.25,healthy
22011,DV-KPI1,2024-09-27,76.61,85.0,DV,0.25,healthy
22011,DV-KPI2,2024-09-27,75.24,85.0,DV,0.25,healthy
22011,DV-KPI3,2024-09-27,79.19,85.0,DV,0.25,healthy
22011,EX-KPI1,2024-09-27,75.36,85.0,EX,0.25,healthy
22011,EX-KPI2,2024-09-27,80.83,85.0,EX,0.25,healthy
22011,EX-KPI3,2024-09-27,81.3,85.0,EX,0.25,healthy
22011,OS-KPI1,2024-09-27,73.85,85.0,OS,0.25,healthy
22011,OS-KPI2,2024-09-27,80.44,85.0,OS,0.25,healthy
22011,OS-KPI3,2024-09-27,73.34,85.0,OS,0.25,healthy
22011,AI-KPI1,2024-10-27,82.96,85.0,AI,0.25,healthy
22011,AI-KPI2,2024-10-27,75.85,85.0,AI,0.25,healthy
22011,AI-KPI3,2024-10-27,76.42,85.0,AI,0.25,healthy
22011,CH-KPI1,2024-10-27,76.52,85.0,CH,0.25,healthy
22011,CH-KPI2,2024-10-27,77.94,85.0,CH,0.25,healthy
22011,CH-KPI3,2024-10-27,79.35,85.0,CH,0.25,healthy
22011,DV-KPI1,2024-10-27,78.77,85.0,DV,0.25,healthy
22011,DV-KPI2,2024-10-27,81.83,85.0,DV,0.25,healthy
22011,DV-KPI3,2024-10-27,79.93,85.0,DV,0.25,healthy
22011,EX-KPI1,2024-10-27,84.57,85.0,EX,0.25,healthy
22011,EX-KPI2,2024-10-27,78.13,85.0,EX,0.25,healthy
22011,EX-KPI3,2024-10-27,77.65,85.0,EX,0.25,healthy
22011,OS-KPI1,2024-10-27,79.71,85.0,OS,0.25,healthy
22011,OS-KPI2,2024-10-27,84.66,85.0,OS,0.25,healthy
22011,OS-KPI3,2024-10-27,80.6,85.0,OS,0.25,healthy
22011,AI-KPI1,2024-11-26,80.2,85.0,AI,0.25,healthy
22011,AI-KPI2,2024-11-26,87.72,85.0,AI,0.25,healthy
22011,AI-KPI3,2024-11-26,78.53,85.0,AI,0.25,healthy
22011,CH-KPI1,2024-11-26,78.8,85.0,CH,0.25,healthy
22011,CH-KPI2,2024-11-26,86.27,85.0,CH,0.25,healthy
22011,CH-KPI3,2024-11-26,85.89,85.0,CH,0.25,healthy
22011,DV-KPI1,2024-11-26,84.21,85.0,DV,0.25,healthy
22011,DV-KPI2,2024-11-26,80.85,85.0,DV,0.25,healthy
22011,DV-KPI3,2024-11-26,79.57,85.0,DV,0.25,healthy
22011,EX-KPI1,2024-11-26,87.83,85.0,EX,0.25,healthy
22011,EX-KPI2,2024-11-26,79.69,85.0,EX,0.25,healthy
22011,EX-KPI3,2024-11-26,82.51,85.0,EX,0.25,healthy
22011,OS-KPI1,2024-11-26,87.86,85.0,OS,0.25,healthy
22011,OS-KPI2,2024-11-26,80.4,85.0,OS,0.25,healthy
22011,OS-KPI3,2024-11-26,84.82,85.0,OS,0.25,healthy
22012,AI-KPI1,2024-01-01,75.59,85.0,AI,0.25,healthy
22012,AI-KPI2,2024-01-01,77.68,85.0,AI,0.25,healthy
22012,AI-KPI3,2024-01-01,77.72,85.0,AI,0.25,healthy
22012,CH-KPI1,2024-01-01,77.59,85.0,CH,0.25,healthy
22012,CH-KPI2,2024-01-01,79.84,85.0,CH,0.25,healthy
22012,CH-KPI3,2024-01-01,72.31,85.0,CH,0.25,healthy
22012,DV-KPI1,2024-01-01,72.95,85.0,DV,0.25,healthy
22012,DV-KPI2,2024-01-01,70.2,85.0,DV,0.25,healthy
22012,DV-KPI3,2024-01-01,77.55,85.0,DV,0.25,healthy
22012,EX-KPI1,2024-01-01,75.71,85.0,EX,0.25,healthy
22012,EX-KPI2,2024-01-01,79.54,85.0,EX,0.25,healthy
22012,EX-KPI3,2024-01-01,73.99,85.0,EX,0.25,healthy
22012,OS-KPI1,2024-01-01,76.78,85.0,OS,0.25,healthy
22012,OS-KPI2,2024-01-01,79.72,85.0,OS,0.25,healthy
22012,OS-KPI3,2024-01-01,79.3,85.0,OS,0.25,healthy
22012,AI-KPI1,2024-01-31,73.87,85.0,AI,0.25,healthy
22012,AI-KPI2,2024-01-31,75.24,85.0,AI,0.25,healthy
22012,AI-KPI3,2024-01-31,71.15,85.0,AI,0.25,healthy
22012,CH-KPI1,2024-01-31,72.34,85.0,CH,0.25,healthy
22012,CH-KPI2,2024-01-31,72.36,85.0,CH,0.25,healthy
22012,CH-KPI3,2024-01-31,72.74,85.0,CH,0.25,healthy
22012,DV-KPI1,2024-01-31,77.29,85.0,DV,0.25,healthy
22012,DV-KPI2,2024-01-31,71.23,85.0,DV,0.25,healthy
22012,DV-KPI3,2024-01-31,73.17,85.0,DV,0.25,healthy
22012,EX-KPI1,2024-01-31,77.84,85.0,EX,0.25,healthy
22012,EX-KPI2,2024-01-31,78.25,85.0,EX,0.25,healthy
22012,EX-KPI3,2024-01-31,77.92,85.0,EX,0.25,healthy
22012,OS-KPI1,2024-01-31,78.57,85.0,OS,0.25,healthy
22012,OS-KPI2,2024-01-31,76.58,85.0,OS,0.25,healthy
22012,OS-KPI3,2024-01-31,70.74,85.0,OS,0.25,healthy
22012,AI-KPI1,2024-03-01,77.52,85.0,AI,0.25,healthy
22012,AI-KPI2,2024-03-01,76.74,85.0,AI,0.25,healthy
22012,AI-KPI3,2024-03-01,78.04,85.0,AI,0.25,healthy
22012,CH-KPI1,2024-03-01,73.18,85.0,CH,0.25,healthy
22012,CH-KPI2,2024-03-01,75.33,85.0,CH,0.25,healthy
22012,CH-KPI3,2024-03-01,76.66,85.0,CH,0.25,healthy
22012,DV-KPI1,2024-03-01,77.97,85.0,DV,0.25,healthy
22012,DV-KPI2,2024-03-01,73.87,85.0,DV,0.25,healthy
22012,DV-KPI3,2024-03-01,71.77,85.0,DV,0.25,healthy
22012,EX-KPI1,2024-03-01,71.84,85.0,EX,0.25,healthy
22012,EX-KPI2,2024-03-01,79.17,85.0,EX,0.25,healthy
22012,EX-KPI3,2024-03-01,73.97,85.0,EX,0.25,healthy
22012,OS-KPI1,2024-03-01,76.45,85.0,OS,0.25,healthy
22012,OS-KPI2,2024-03-01,77.51,85.0,OS,0.25,healthy
22012,OS-KPI3,2024-03-01,78.64,85.0,OS,0.25,healthy
22012,AI-KPI1,2024-03-31,72.99,85.0,AI,0.25,healthy
22012,AI-KPI2,2024-03-31,78.9,85.0,AI,0.25,healthy
22012,AI-KPI3,2024-03-31,79.22,85.0,AI,0.25,healthy
22012,CH-KPI1,2024-03-31,74.26,85.0,CH,0.25,healthy
22012,CH-KPI2,2024-03-31,73.25,85.0,CH,0.25,healthy
22012,CH-KPI3,2024-03-31,71.5,85.0,CH,0.25,healthy
22012,DV-KPI1,2024-03-31,71.95,85.0,DV,0.25,healthy
22012,DV-KPI2,2024-03-31,78.18,85.0,DV,0.25,healthy
22012,DV-KPI3,2024-03-31,72.59,85.0,DV,0.25,healthy
22012,EX-KPI1,2024-03-31,78.01,85.0,EX,0.25,healthy
22012,EX-KPI2,2024-03-31,75.23,85.0,EX,0.25,healthy
22012,EX-KPI3,2024-03-31,77.42,85.0,EX,0.25,healthy
22012,OS-KPI1,2024-03-31,75.12,85.0,OS,0.25,healthy
22012,OS-KPI2,2024-03-31,78.38,85.0,OS,0.25,healthy
22012,OS-KPI3,2024-03-31,77.61,85.0,OS,0.25,healthy
22012,AI-KPI1,2024-04-30,73.64,85.0,AI,0.25,healthy
22012,AI-KPI2,2024-04-30,73.5,85.0,AI,0.25,healthy
22012,AI-KPI3,2024-04-30,76.3,85.0,AI,0.25,healthy
22012,CH-KPI1,2024-04-30,71.39,85.0,CH,0.25,healthy
22012,CH-KPI2,2024-04-30,74.66,85.0,CH,0.25,healthy
22012,CH-KPI3,2024-04-30,70.18,85.0,CH,0.25,healthy
22012,DV-KPI1,2024-04-30,78.38,85.0,DV,0.25,healthy
22012,DV-KPI2,2024-04-30,73.82,85.0,DV,0.25,healthy
22012,DV-KPI3,2024-04-30,73.5,85.0,DV,0.25,healthy
22012,EX-KPI1,2024-04-30,76.65,85.0,EX,0.25,healthy
22012,EX-KPI2,2024-04-30,72.96,85.0,EX,0.25,healthy
22012,EX-KPI3,2024-04-30,79.29,85.0,EX,0.25,healthy
22012,OS-KPI1,2024-04-30,77.73,85.0,OS,0.25,healthy
22012,OS-KPI2,2024-04-30,71.52,85.0,OS,0.25,healthy
22012,OS-KPI3,2024-04-30,79.22,85.0,OS,0.25,healthy
22012,AI-KPI1,2024-05-30,73.69,85.0,AI,0.25,healthy
22012,AI-KPI2,2024-05-30,74.85,85.0,AI,0.25,healthy
22012,AI-KPI3,2024-05-30,76.53,85.0,AI,0.25,healthy
22012,CH-KPI1,2024-05-30,74.97,85.0,CH,0.25,healthy
22012,CH-KPI2,2024-05-30,79.62,85.0,CH,0.25,healthy
22012,CH-KPI3,2024-05-30,70.6,85.0,CH,0.25,healthy
22012,DV-KPI1,2024-05-30,77.72,85.0,DV,0.25,healthy
22012,DV-KPI2,2024-05-30,71.5,85.0,DV,0.25,healthy
22012,DV-KPI3,2024-05-30,75.92,85.0,DV,0.25,healthy
22012,EX-KPI1,2024-05-30,73.29,85.0,EX,0.25,healthy
22012,EX-KPI2,2024-05-30,74.43,85.0,EX,0.25,healthy
22012,EX-KPI3,2024-05-30,72.41,85.0,EX,0.25,healthy
22012,OS-KPI1,2024-05-30,71.59,85.0,OS,0.25,healthy
22012,OS-KPI2,2024-05-30,73.6,85.0,OS,0.25,healthy
22012,OS-KPI3,2024-05-30,72.96,85.0,OS,0.25,healthy
22012,AI-KPI1,2024-06-29,75.97,85.0,AI,0.25,healthy
22012,AI-KPI2,2024-06-29,79.18,85.0,AI,0.25,healthy
22012,AI-KPI3,2024-06-29,76.07,85.0,AI,0.25,healthy
22012,CH-KPI1,2024-06-29,75.46,85.0,CH,0.25,healthy
22012,CH-KPI2,2024-06-29,78.06,85.0,CH,0.25,healthy
22012,CH-KPI3,2024-06-29,73.0,85.0,CH,0.25,healthy
22012,DV-KPI1,2024-06-29,76.46,85.0,DV,0.25,healthy
22012,DV-KPI2,2024-06-29,75.54,85.0,DV,0.25,healthy
22012,DV-KPI3,2024-06-29,70.07,85.0,DV,0.25,healthy
22012,EX-KPI1,2024-06-29,78.76,85.0,EX,0.25,healthy
22012,EX-KPI2,2024-06-29,77.53,85.0,EX,0.25,healthy
22012,EX-KPI3,2024-06-29,71.04,85.0,EX,0.25,healthy
22012,OS-KPI1,2024-06-29,71.94,85.0,OS,0.25,healthy
22012,OS-KPI2,2024-06-29,71.24,85.0,OS,0.25,healthy
22012,OS-KPI3,2024-06-29,71.0,85.0,OS,0.25,healthy
22012,AI-KPI1,2024-07-29,71.18,85.0,AI,0.25,healthy
22012,AI-KPI2,2024-07-29,74.48,85.0,AI,0.25,healthy
22012,AI-KPI3,2024-07-29,70.75,85.0,AI,0.25,healthy
22012,CH-KPI1,2024-07-29,75.17,85.0,CH,0.25,healthy
22012,CH-KPI2,2024-07-29,71.71,85.0,CH,0.25,healthy
22012,CH-KPI3,2024-07-29,71.0,85.0,CH,0.25,healthy
22012,DV-KPI1,2024-07-29,78.11,85.0,DV,0.25,healthy
22012,DV-KPI2,2024-07-29,75.45,85.0,DV,0.25,healthy
22012,DV-KPI3,2024-07-29,75.47,85.0,DV,0.25,healthy
22012,EX-KPI1,2024-07-29,77.12,85.0,EX,0.25,healthy
22012,EX-KPI2,2024-07-29,77.52,85.0,EX,0.25,healthy
22012,EX-KPI3,2024-07-29,75.7,85.0,EX,0.25,healthy
22012,OS-KPI1,2024-07-29,76.06,85.0,OS,0.25,healthy
22012,OS-KPI2,2024-07-29,71.04,85.0,OS,0.25,healthy
22012,OS-KPI3,2024-07-29,71.28,85.0,OS,0.25,healthy
22012,AI-KPI1,2024-08-28,76.48,85.0,AI,0.25,healthy
22012,AI-KPI2,2024-08-28,75.71,85.0,AI,0.25,healthy
22012,AI-KPI3,2024-08-28,71.74,85.0,AI,0.25,healthy
22012,CH-KPI1,2024-08-28,77.32,85.0,CH,0.25,healthy
22012,CH-KPI2,2024-08-28,75.14,85.0,CH,0.25,healthy
22012,CH-KPI3,2024-08-28,73.0,85.0,CH,0.25,healthy
22012,DV-KPI1,2024-08-28,79.88,85.0,DV,0.25,healthy
22012,DV-KPI2,2024-08-28,70.1,85.0,DV,0.25,healthy
22012,DV-KPI3,2024-08-28,78.08,85.0,DV,0.25,healthy
22012,EX-KPI1,2024-08-28,76.24,85.0,EX,0.25,healthy
22012,EX-KPI2,2024-08-28,78.65,85.0,EX,0.25,healthy
22012,EX-KPI3,2024-08-28,78.42,85.0,EX,0.25,healthy
22012,OS-KPI1,2024-08-28,76.75,85.0,OS,0.25,healthy
22012,OS-KPI2,2024-08-28,79.89,85.0,OS,0.25,healthy
22012,OS-KPI3,2024-08-28,72.17,85.0,OS,0.25,healthy
22012,AI-KPI1,2024-09-27,72.77,85.0,AI,0.25,healthy
22012,AI-KPI2,2024-09-27,72.14,85.0,AI,0.25,healthy
22012,AI-KPI3,2024-09-27,73.73,85.0,AI,0.25,healthy
22012,CH-KPI1,2024-09-27,72.5,85.0,CH,0.25,healthy
22012,CH-KPI2,2024-09-27,70.42,85.0,CH,0.25,healthy
22012,CH-KPI3,2024-09-27,76.2,85.0,CH,0.25,healthy
22012,DV-KPI1,2024-09-27,77.11,85.0,DV,0.25,healthy
22012,DV-KPI2,2024-09-27,76.66,85.0,DV,0.25,healthy
22012,DV-KPI3,2024-09-27,75.44,85.0,DV,0.25,healthy
22012,EX-KPI1,2024-09-27,79.14,85.0,EX,0.25,healthy
22012,EX-KPI2,2024-09-27,78.92,85.0,EX,0.25,healthy
22012,EX-KPI3,2024-09-27,73.7,85.0,EX,0.25,healthy
22012,OS-KPI1,2024-09-27,77.5,85.0,OS,0.25,healthy
22012,OS-KPI2,2024-09-27,74.97,85.0,OS,0.25,healthy
22012,OS-KPI3,2024-09-27,75.1,85.0,OS,0.25,healthy
22012,AI-KPI1,2024-10-27,79.71,85.0,AI,0.25,healthy
22012,AI-KPI2,2024-10-27,75.32,85.0,AI,0.25,healthy
22012,AI-KPI3,2024-10-27,76.54,85.0,AI,0.25,healthy
22012,CH-KPI1,2024-10-27,70.46,85.0,CH,0.25,healthy
22012,CH-KPI2,2024-10-27,73.43,85.0,CH,0.25,healthy
22012,CH-KPI3,2024-10-27,77.22,85.0,CH,0.25,healthy
22012,DV-KPI1,2024-10-27,76.22,85.0,DV,0.25,healthy
22012,DV-KPI2,2024-10-27,76.52,85.0,DV,0.25,healthy
22012,DV-KPI3,2024-10-27,72.8,85.0,DV,0.25,healthy
22012,EX-KPI1,2024-10-27,72.76,85.0,EX,0.25,healthy
22012,EX-KPI2,2024-10-27,77.29,85.0,EX,0.25,healthy
22012,EX-KPI3,2024-10-27,77.02,85.0,EX,0.25,healthy
22012,OS-KPI1,2024-10-27,77.66,85.0,OS,0.25,healthy
22012,OS-KPI2,2024-10-27,75.29,85.0,OS,0.25,healthy
22012,OS-KPI3,2024-10-27,70.28,85.0,OS,0.25,healthy
22012,AI-KPI1,2024-11-26,74.56,85.0,AI,0.25,healthy
22012,AI-KPI2,2024-11-26,71.32,85.0,AI,0.25,healthy
22012,AI-KPI3,2024-11-26,74.88,85.0,AI,0.25,healthy
22012,CH-KPI1,2024-11-26,76.52,85.0,CH,0.25,healthy
22012,CH-KPI2,2024-11-26,71.91,85.0,CH,0.25,healthy
22012,CH-KPI3,2024-11-26,78.17,85.0,CH,0.25,healthy
22012,DV-KPI1,2024-11-26,77.13,85.0,DV,0.25,healthy
22012,DV-KPI2,2024-11-26,72.15,85.0,DV,0.25,healthy
22012,DV-KPI3,2024-11-26,77.42,85.0,DV,0.25,healthy
22012,EX-KPI1,2024-11-26,71.06,85.0,EX,0.25,healthy
22012,EX-KPI2,2024-11-26,78.99,85.0,EX,0.25,healthy
22012,EX-KPI3,2024-11-26,70.66,85.0,EX,0.25,healthy
22012,OS-KPI1,2024-11-26,70.03,85.0,OS,0.25,healthy
22012,OS-KPI2,2024-11-26,75.31,85.0,OS,0.25,healthy
22012,OS-KPI3,2024-11-26,74.98,85.0,OS,0.25,healthy
22013,AI-KPI1,2024-01-01,79.95,85.0,AI,0.25,healthy
22013,AI-KPI2,2024-01-01,78.0,85.0,AI,0.25,healthy
22013,AI-KPI3,2024-01-01,81.25,85.0,AI,0.25,healthy
22013,CH-KPI1,2024-01-01,84.43,85.0,CH,0.25,healthy
22013,CH-KPI2,2024-01-01,82.11,85.0,CH,0.25,healthy
22013,CH-KPI3,2024-01-01,76.43,85.0,CH,0.25,healthy
22013,DV-KPI1,2024-01-01,83.47,85.0,DV,0.25,healthy
22013,DV-KPI2,2024-01-01,79.06,85.0,DV,0.25,healthy
22013,DV-KPI3,2024-01-01,79.61,85.0,DV,0.25,healthy
22013,EX-KPI1,2024-01-01,78.63,85.0,EX,0.25,healthy
22013,EX-KPI2,2024-01-01,84.98,85.0,EX,0.25,healthy
22013,EX-KPI3,2024-01-01,82.62,85.0,EX,0.25,healthy
22013,OS-KPI1,2024-01-01,78.43,85.0,OS,0.25,healthy
22013,OS-KPI2,2024-01-01,84.65,85.0,OS,0.25,healthy
22013,OS-KPI3,2024-01-01,80.51,85.0,OS,0.25,healthy
22013,AI-KPI1,2024-01-31,80.28,85.0,AI,0.25,healthy
22013,AI-KPI2,2024-01-31,74.11,85.0,AI,0.25,healthy
22013,AI-KPI3,2024-01-31,82.55,85.0,AI,0.25,healthy
22013,CH-KPI1,2024-01-31,79.43,85.0,CH,0.25,healthy
22013,CH-KPI2,2024-01-31,73.6,85.0,CH,0.25,healthy
22013,CH-KPI3,2024-01-31,78.43,85.0,CH,0.25,healthy
22013,DV-KPI1,2024-01-31,82.65,85.0,DV,0.25,healthy
22013,DV-KPI2,2024-01-31,77.82,85.0,DV,0.25,healthy
22013,DV-KPI3,2024-01-31,74.27,85.0,DV,0.25,healthy
22013,EX-KPI1,2024-01-31,76.69,85.0,EX,0.25,healthy
22013,EX-KPI2,2024-01-31,75.03,85.0,EX,0.25,healthy
22013,EX-KPI3,2024-01-31,74.09,85.0,EX,0.25,healthy
22013,OS-KPI1,2024-01-31,77.69,85.0,OS,0.25,healthy
22013,OS-KPI2,2024-01-31,81.94,85.0,OS,0.25,healthy
22013,OS-KPI3,2024-01-31,74.49,85.0,OS,0.25,healthy
22013,AI-KPI1,2024-03-01,76.35,85.0,AI,0.25,healthy
22013,AI-KPI2,2024-03-01,73.51,85.0,AI,0.25,healthy
22013,AI-KPI3,2024-03-01,71.09,85.0,AI,0.25,healthy
22013,CH-KPI1,2024-03-01,80.74,85.0,CH,0.25,healthy
22013,CH-KPI2,2024-03-01,76.97,85.0,CH,0.25,healthy
22013,CH-KPI3,2024-03-01,72.88,85.0,CH,0.25,healthy
22013,DV-KPI1,2024-03-01,78.07,85.0,DV,0.25,healthy
22013,DV-KPI2,2024-03-01,74.61,85.0,DV,0.25,healthy
22013,DV-KPI3,2024-03-01,74.19,85.0,DV,0.25,healthy
22013,EX-KPI1,2024-03-01,75.11,85.0,EX,0.25,healthy
22013,EX-KPI2,2024-03-01,73.66,85.0,EX,0.25,healthy
22013,EX-KPI3,2024-03-01,77.5,85.0,EX,0.25,healthy
22013,OS-KPI1,2024-03-01,77.92,85.0,OS,0.25,healthy
22013,OS-KPI2,2024-03-01,77.33,85.0,OS,0.25,healthy
22013,OS-KPI3,2024-03-01,73.47,85.0,OS,0.25,healthy
22013,AI-KPI1,2024-03-31,73.68,85.0,AI,0.25,healthy
22013,AI-KPI2,2024-03-31,69.13,85.0,AI,0.25,risk
22013,AI-KPI3,2024-03-31,73.76,85.0,AI,0.25,healthy
22013,CH-KPI1,2024-03-31,70.57,85.0,CH,0.25,healthy
22013,CH-KPI2,2024-03-31,78.46,85.0,CH,0.25,healthy
22013,CH-KPI3,2024-03-31,78.0,85.0,CH,0.25,healthy
22013,DV-KPI1,2024-03-31,75.37,85.0,DV,0.25,healthy
22013,DV-KPI2,2024-03-31,71.61,85.0,DV,0.25,healthy
22013,DV-KPI3,2024-03-31,69.98,85.0,DV,0.25,risk
22013,EX-KPI1,2024-03-31,75.48,85.0,EX,0.25,healthy
22013,EX-KPI2,2024-03-31,76.68,85.0,EX,0.25,healthy
22013,EX-KPI3,2024-03-31,73.18,85.0,EX,0.25,healthy
22013,OS-KPI1,2024-03-31,77.93,85.0,OS,0.25,healthy
22013,OS-KPI2,2024-03-31,71.41,85.0,OS,0.25,healthy
22013,OS-KPI3,2024-03-31,74.71,85.0,OS,0.25,healthy
22013,AI-KPI1,2024-04-30,69.48,85.0,AI,0.25,risk
22013,AI-KPI2,2024-04-30,68.45,85.0,AI,0.25,risk
22013,AI-KPI3,2024-04-30,68.29,85.0,AI,0.25,risk
22013,CH-KPI1,2024-04-30,72.01,85.0,CH,0.25,healthy
22013,CH-KPI2,2024-04-30,69.62,85.0,CH,0.25,risk
22013,CH-KPI3,2024-04-30,67.55,85.0,CH,0.25,risk
22013,DV-KPI1,2024-04-30,67.46,85.0,DV,0.25,risk
22013,DV-KPI2,2024-04-30,67.43,85.0,DV,0.25,risk
22013,DV-KPI3,2024-04-30,72.61,85.0,DV,0.25,healthy
22013,EX-KPI1,2024-04-30,76.12,85.0,EX,0.25,healthy
22013,EX-KPI2,2024-04-30,73.97,85.0,EX,0.25,healthy
22013,EX-KPI3,2024-04-30,71.29,85.0,EX,0.25,healthy
22013,OS-KPI1,2024-04-30,74.99,85.0,OS,0.25,healthy
22013,OS-KPI2,2024-04-30,68.95,85.0,OS,0.25,risk
22013,OS-KPI3,2024-04-30,74.44,85.0,OS,0.25,healthy
22013,AI-KPI1,2024-05-30,69.37,85.0,AI,0.25,risk
22013,AI-KPI2,2024-05-30,69.29,85.0,AI,0.25,risk
22013,AI-KPI3,2024-05-30,71.74,85.0,AI,0.25,healthy
22013,CH-KPI1,2024-05-30,68.2,85.0,CH,0.25,risk
22013,CH-KPI2,2024-05-30,73.69,85.0,CH,0.25,healthy
22013,CH-KPI3,2024-05-30,67.81,85.0,CH,0.25,risk
22013,DV-KPI1,2024-05-30,74.34,85.0,DV,0.25,healthy
22013,DV-KPI2,2024-05-30,65.84,85.0,DV,0.25,risk
22013,DV-KPI3,2024-05-30,70.97,85.0,DV,0.25,healthy
22013,EX-KPI1,2024-05-30,70.81,85.0,EX,0.25,healthy
22013,EX-KPI2,2024-05-30,71.35,85.0,EX,0.25,healthy
22013,EX-KPI3,2024-05-30,65.14,85.0,EX,0.25,risk
22013,OS-KPI1,2024-05-30,68.82,85.0,OS,0.25,risk
22013,OS-KPI2,2024-05-30,70.55,85.0,OS,0.25,healthy
22013,OS-KPI3,2024-05-30,71.7,85.0,OS,0.25,healthy
22013,AI-KPI1,2024-06-29,66.79,85.0,AI,0.25,risk
22013,AI-KPI2,2024-06-29,63.86,85.0,AI,0.25,risk
22013,AI-KPI3,2024-06-29,71.65,85.0,AI,0.25,healthy
22013,CH-KPI1,2024-06-29,66.78,85.0,CH,0.25,risk
22013,CH-KPI2,2024-06-29,69.77,85.0,CH,0.25,risk
22013,CH-KPI3,2024-06-29,71.21,85.0,CH,0.25,healthy
22013,DV-KPI1,2024-06-29,68.64,85.0,DV,0.25,risk
22013,DV-KPI2,2024-06-29,69.92,85.0,DV,0.25,risk
22013,DV-KPI3,2024-06-29,70.63,85.0,DV,0.25,healthy
22013,EX-KPI1,2024-06-29,66.37,85.0,EX,0.25,risk
22013,EX-KPI2,2024-06-29,71.95,85.0,EX,0.25,healthy
22013,EX-KPI3,2024-06-29,72.04,85.0,EX,0.25,healthy
22013,OS-KPI1,2024-06-29,65.76,85.0,OS,0.25,risk
22013,OS-KPI2,2024-06-29,67.69,85.0,OS,0.25,risk
22013,OS-KPI3,2024-06-29,64.9,85.0,OS,0.25,risk
22013,AI-KPI1,2024-07-29,65.2,85.0,AI,0.25,risk
22013,AI-KPI2,2024-07-29,62.09,85.0,AI,0.25,risk
22013,AI-KPI3,2024-07-29,61.6,85.0,AI,0.25,risk
22013,CH-KPI1,2024-07-29,62.76,85.0,CH,0.25,risk
22013,CH-KPI2,2024-07-29,62.39,85.0,CH,0.25,risk
22013,CH-KPI3,2024-07-29,66.77,85.0,CH,0.25,risk
22013,DV-KPI1,2024-07-29,69.82,85.0,DV,0.25,risk
22013,DV-KPI2,2024-07-29,64.28,85.0,DV,0.25,risk
22013,DV-KPI3,2024-07-29,63.44,85.0,DV,0.25,risk
22013,EX-KPI1,2024-07-29,64.69,85.0,EX,0.25,risk
22013,EX-KPI2,2024-07-29,65.85,85.0,EX,0.25,risk
22013,EX-KPI3,2024-07-29,64.11,85.0,EX,0.25,risk
22013,OS-KPI1,2024-07-29,62.97,85.0,OS,0.25,risk
22013,OS-KPI2,2024-07-29,66.5,85.0,OS,0.25,risk
22013,OS-KPI3,2024-07-29,65.54,85.0,OS,0.25,risk
22013,AI-KPI1,2024-08-28,59.47,85.0,AI,0.25,risk
22013,AI-KPI2,2024-08-28,68.77,85.0,AI,0.25,risk
22013,AI-KPI3,2024-08-28,60.49,85.0,AI,0.25,risk
22013,CH-KPI1,2024-08-28,68.84,85.0,CH,0.25,risk
22013,CH-KPI2,2024-08-28,59.43,85.0,CH,0.25,risk
22013,CH-KPI3,2024-08-28,59.89,85.0,CH,0.25,risk
22013,DV-KPI1,2024-08-28,61.63,85.0,DV,0.25,risk
22013,DV-KPI2,2024-08-28,63.71,85.0,DV,0.25,risk
22013,DV-KPI3,2024-08-28,63.02,85.0,DV,0.25,risk
22013,EX-KPI1,2024-08-28,64.82,85.0,EX,0.25,risk
22013,EX-KPI2,2024-08-28,68.39,85.0,EX,0.25,risk
22013,EX-KPI3,2024-08-28,64.18,85.0,EX,0.25,risk
22013,OS-KPI1,2024-08-28,62.12,85.0,OS,0.25,risk
22013,OS-KPI2,2024-08-28,59.13,85.0,OS,0.25,risk
22013,OS-KPI3,2024-08-28,66.64,85.0,OS,0.25,risk
22013,AI-KPI1,2024-09-27,58.38,85.0,AI,0.25,risk
22013,AI-KPI2,2024-09-27,58.65,85.0,AI,0.25,risk
22013,AI-KPI3,2024-09-27,59.33,85.0,AI,0.25,risk
22013,CH-KPI1,2024-09-27,57.69,85.0,CH,0.25,risk
22013,CH-KPI2,2024-09-27,62.47,85.0,CH,0.25,risk
22013,CH-KPI3,2024-09-27,66.74,85.0,CH,0.25,risk
22013,DV-KPI1,2024-09-27,57.82,85.0,DV,0.25,risk
22013,DV-KPI2,2024-09-27,66.87,85.0,DV,0.25,risk
22013,DV-KPI3,2024-09-27,62.0,85.0,DV,0.25,risk
22013,EX-KPI1,2024-09-27,64.93,85.0,EX,0.25,risk
22013,EX-KPI2,2024-09-27,65.52,85.0,EX,0.25,risk
22013,EX-KPI3,2024-09-27,64.51,85.0,EX,0.25,risk
22013,OS-KPI1,2024-09-27,61.8,85.0,OS,0.25,risk
22013,OS-KPI2,2024-09-27,58.11,85.0,OS,0.25,risk
22013,OS-KPI3,2024-09-27,58.71,85.0,OS,0.25,risk
22013,AI-KPI1,2024-10-27,62.09,85.0,AI,0.25,risk
22013,AI-KPI2,2024-10-27,56.55,85.0,AI,0.25,risk
22013,AI-KPI3,2024-10-27,64.86,85.0,AI,0.25,risk
22013,CH-KPI1,2024-10-27,58.5,85.0,CH,0.25,risk
22013,CH-KPI2,2024-10-27,59.75,85.0,CH,0.25,risk
22013,CH-KPI3,2024-10-27,58.12,85.0,CH,0.25,risk
22013,DV-KPI1,2024-10-27,59.19,85.0,DV,0.25,risk
22013,DV-KPI2,2024-10-27,56.85,85.0,DV,0.25,risk
22013,DV-KPI3,2024-10-27,61.57,85.0,DV,0.25,risk
22013,EX-KPI1,2024-10-27,56.45,85.0,EX,0.25,risk
22013,EX-KPI2,2024-10-27,59.93,85.0,EX,0.25,risk
22013,EX-KPI3,2024-10-27,62.65,85.0,EX,0.25,risk
22013,OS-KPI1,2024-10-27,62.4,85.0,OS,0.25,risk
22013,OS-KPI2,2024-10-27,58.54,85.0,OS,0.25,risk
22013,OS-KPI3,2024-10-27,59.44,85.0,OS,0.25,risk
22013,AI-KPI1,2024-11-26,62.66,85.0,AI,0.25,risk
22013,AI-KPI2,2024-11-26,62.34,85.0,AI,0.25,risk
22013,AI-KPI3,2024-11-26,59.29,85.0,AI,0.25,risk
22013,CH-KPI1,2024-11-26,60.68,85.0,CH,0.25,risk
22013,CH-KPI2,2024-11-26,60.73,85.0,CH,0.25,risk
22013,CH-KPI3,2024-11-26,58.16,85.0,CH,0.25,risk
22013,DV-KPI1,2024-11-26,61.02,85.0,DV,0.25,risk
22013,DV-KPI2,2024-11-26,62.44,85.0,DV,0.25,risk
22013,DV-KPI3,2024-11-26,58.36,85.0,DV,0.25,risk
22013,EX-KPI1,2024-11-26,59.13,85.0,EX,0.25,risk
22013,EX-KPI2,2024-11-26,61.12,85.0,EX,0.25,risk
22013,EX-KPI3,2024-11-26,62.34,85.0,EX,0.25,risk
22013,OS-KPI1,2024-11-26,56.41,85.0,OS,0.25,risk
22013,OS-KPI2,2024-11-26,54.1,85.0,OS,0.25,risk
22013,OS-KPI3,2024-11-26,58.28,85.0,OS,0.25,risk
22014,AI-KPI1,2024-01-01,48.11,85.0,AI,0.25,critical
22014,AI-KPI2,2024-01-01,49.53,85.0,AI,0.25,critical
22014,AI-KPI3,2024-01-01,54.89,85.0,AI,0.25,risk
22014,CH-KPI1,2024-01-01,46.47,85.0,CH,0.25,critical
22014,CH-KPI2,2024-01-01,45.11,85.0,CH,0.25,critical
22014,CH-KPI3,2024-01-01,52.72,85.0,CH,0.25,risk
22014,DV-KPI1,2024-01-01,51.59,85.0,DV,0.25,risk
22014,DV-KPI2,2024-01-01,48.16,85.0,DV,0.25,critical
22014,DV-KPI3,2024-01-01,46.88,85.0,DV,0.25,critical
22014,EX-KPI1,2024-01-01,53.64,85.0,EX,0.25,risk
22014,EX-KPI2,2024-01-01,45.57,85.0,EX,0.25,critical
22014,EX-KPI3,2024-01-01,52.83,85.0,EX,0.25,risk
22014,OS-KPI1,2024-01-01,52.59,85.0,OS,0.25,risk
22014,OS-KPI2,2024-01-01,50.5,85.0,OS,0.25,risk
22014,OS-KPI3,2024-01-01,49.04,85.0,OS,0.25,critical
22014,AI-KPI1,2024-01-31,55.79,85.0,AI,0.25,risk
22014,AI-KPI2,2024-01-31,48.26,85.0,AI,0.25,critical
22014,AI-KPI3,2024-01-31,53.3,85.0,AI,0.25,risk
22014,CH-KPI1,2024-01-31,57.11,85.0,CH,0.25,risk
22014,CH-KPI2,2024-01-31,54.74,85.0,CH,0.25,risk
22014,CH-KPI3,2024-01-31,53.34,85.0,CH,0.25,risk
22014,DV-KPI1,2024-01-31,54.78,85.0,DV,0.25,risk
22014,DV-KPI2,2024-01-31,52.56,85.0,DV,0.25,risk
22014,DV-KPI3,2024-01-31,56.9,85.0,DV,0.25,risk
22014,EX-KPI1,2024-01-31,57.51,85.0,EX,0.25,risk
22014,EX-KPI2,2024-01-31,52.35,85.0,EX,0.25,risk
22014,EX-KPI3,2024-01-31,57.53,85.0,EX,0.25,risk
22014,OS-KPI1,2024-01-31,52.55,85.0,OS,0.25,risk
22014,OS-KPI2,2024-01-31,52.32,85.0,OS,0.25,risk
22014,OS-KPI3,2024-01-31,50.92,85.0,OS,0.25,risk
22014,AI-KPI1,2024-03-01,54.58,85.0,AI,0.25,risk
22014,AI-KPI2,2024-03-01,53.18,85.0,AI,0.25,risk
22014,AI-KPI3,2024-03-01,51.49,85.0,AI,0.25,risk
22014,CH-KPI1,2024-03-01,59.49,85.0,CH,0.25,risk
22014,CH-KPI2,2024-03-01,57.72,85.0,CH,0.25,risk
22014,CH-KPI3,2024-03-01,58.08,85.0,CH,0.25,risk
22014,DV-KPI1,2024-03-01,52.72,85.0,DV,0.25,risk
22014,DV-KPI2,2024-03-01,57.51,85.0,DV,0.25,risk
22014,DV-KPI3,2024-03-01,51.69,85.0,DV,0.25,risk
22014,EX-KPI1,2024-03-01,59.96,85.0,EX,0.25,risk
22014,EX-KPI2,2024-03-01,54.87,85.0,EX,0.25,risk
22014,EX-KPI3,2024-03-01,53.26,85.0,EX,0.25,risk
22014,OS-KPI1,2024-03-01,52.22,85.0,OS,0.25,risk
22014,OS-KPI2,2024-03-01,60.11,85.0,OS,0.25,risk
22014,OS-KPI3,2024-03-01,53.11,85.0,OS,0.25,risk
22014,AI-KPI1,2024-03-31,59.35,85.0,AI,0.25,risk
22014,AI-KPI2,2024-03-31,57.15,85.0,AI,0.25,risk
22014,AI-KPI3,2024-03-31,58.86,85.0,AI,0.25,risk
22014,CH-KPI1,2024-03-31,60.06,85.0,CH,0.25,risk
22014,CH-KPI2,2024-03-31,59.3,85.0,CH,0.25,risk
22014,CH-KPI3,2024-03-31,59.77,85.0,CH,0.25,risk
22014,DV-KPI1,2024-03-31,63.04,85.0,DV,0.25,risk
22014,DV-KPI2,2024-03-31,62.77,85.0,DV,0.25,risk
22014,DV-KPI3,2024-03-31,55.27,85.0,DV,0.25,risk
22014,EX-KPI1,2024-03-31,59.39,85.0,EX,0.25,risk
22014,EX-KPI2,2024-03-31,63.89,85.0,EX,0.25,risk
22014,EX-KPI3,2024-03-31,57.71,85.0,EX,0.25,risk
22014,OS-KPI1,2024-03-31,63.24,85.0,OS,0.25,risk
22014,OS-KPI2,2024-03-31,59.01,85.0,OS,0.25,risk
22014,OS-KPI3,2024-03-31,57.74,85.0,OS,0.25,risk
22014,AI-KPI1,2024-04-30,64.47,85.0,AI,0.25,risk
22014,AI-KPI2,2024-04-30,58.49,85.0,AI,0.25,risk
22014,AI-KPI3,2024-04-30,63.13,85.0,AI,0.25,risk
22014,CH-KPI1,2024-04-30,58.57,85.0,CH,0.25,risk
22014,CH-KPI2,2024-04-30,63.41,85.0,CH,0.25,risk
22014,CH-KPI3,2024-04-30,60.36,85.0,CH,0.25,risk
22014,DV-KPI1,2024-04-30,59.47,85.0,DV,0.25,risk
22014,DV-KPI2,2024-04-30,62.39,85.0,DV,0.25,risk
22014,DV-KPI3,2024-04-30,58.48,85.0,DV,0.25,risk
22014,EX-KPI1,2024-04-30,57.53,85.0,EX,0.25,risk
22014,EX-KPI2,2024-04-30,57.3,85.0,EX,0.25,risk
22014,EX-KPI3,2024-04-30,65.35,85.0,EX,0.25,risk
22014,OS-KPI1,2024-04-30,65.93,85.0,OS,0.25,risk
22014,OS-KPI2,2024-04-30,57.48,85.0,OS,0.25,risk
22014,OS-KPI3,2024-04-30,58.23,85.0,OS,0.25,risk
22014,AI-KPI1,2024-05-30,66.37,85.0,AI,0.25,risk
22014,AI-KPI2,2024-05-30,66.89,85.0,AI,0.25,risk
22014,AI-KPI3,2024-05-30,64.92,85.0,AI,0.25,risk
22014,CH-KPI1,2024-05-30,60.31,85.0,CH,0.25,risk
22014,CH-KPI2,2024-05-30,69.2,85.0,CH,0.25,risk
22014,CH-KPI3,2024-05-30,69.38,85.0,CH,0.25,risk
22014,DV-KPI1,2024-05-30,63.98,85.0,DV,0.25,risk
22014,DV-KPI2,2024-05-30,68.4,85.0,DV,0.25,risk
22014,DV-KPI3,2024-05-30,68.07,85.0,DV,0.25,risk
22014,EX-KPI1,2024-05-30,67.4,85.0,EX,0.25,risk
22014,EX-KPI2,2024-05-30,62.45,85.0,EX,0.25,risk
22014,EX-KPI3,2024-05-30,68.37,85.0,EX,0.25,risk
22014,OS-KPI1,2024-05-30,61.52,85.0,OS,0.25,risk
22014,OS-KPI2,2024-05-30,61.13,85.0,OS,0.25,risk
22014,OS-KPI3,2024-05-30,65.71,85.0,OS,0.25,risk
22014,AI-KPI1,2024-06-29,72.58,85.0,AI,0.25,healthy
22014,AI-KPI2,2024-06-29,63.64,85.0,AI,0.25,risk
22014,AI-KPI3,2024-06-29,70.83,85.0,AI,0.25,healthy
22014,CH-KPI1,2024-06-29,66.57,85.0,CH,0.25,risk
22014,CH-KPI2,2024-06-29,63.69,85.0,CH,0.25,risk
22014,CH-KPI3,2024-06-29,68.89,85.0,CH,0.25,risk
22014,DV-KPI1,2024-06-29,72.16,85.0,DV,0.25,healthy
22014,DV-KPI2,2024-06-29,65.19,85.0,DV,0.25,risk
22014,DV-KPI3,2024-06-29,69.19,85.0,DV,0.25,risk
22014,EX-KPI1,2024-06-29,66.49,85.0,EX,0.25,risk
22014,EX-KPI2,2024-06-29,65.21,85.0,EX,0.25,risk
22014,EX-KPI3,2024-06-29,64.78,85.0,EX,0.25,risk
22014,OS-KPI1,2024-06-29,65.54,85.0,OS,0.25,risk
22014,OS-KPI2,2024-06-29,64.06,85.0,OS,0.25,risk
22014,OS-KPI3,2024-06-29,72.97,85.0,OS,0.25,healthy
22014,AI-KPI1,2024-07-29,68.43,85.0,AI,0.25,risk
22014,AI-KPI2,2024-07-29,66.14,85.0,AI,0.25,risk
22014,AI-KPI3,2024-07-29,72.55,85.0,AI,0.25,healthy
22014,CH-KPI1,2024-07-29,68.56,85.0,CH,0.25,risk
22014,CH-KPI2,2024-07-29,68.6,85.0,CH,0.25,risk
22014,CH-KPI3,2024-07-29,75.67,85.0,CH,0.25,healthy
22014,DV-KPI1,2024-07-29,70.6,85.0,DV,0.25,healthy
22014,DV-KPI2,2024-07-29,73.68,85.0,DV,0.25,healthy
22014,DV-KPI3,2024-07-29,71.52,85.0,DV,0.25,healthy
22014,EX-KPI1,2024-07-29,75.53,85.0,EX,0.25,healthy
22014,EX-KPI2,2024-07-29,69.34,85.0,EX,0.25,risk
22014,EX-KPI3,2024-07-29,70.1,85.0,EX,0.25,healthy
22014,OS-KPI1,2024-07-29,68.1,85.0,OS,0.25,risk
22014,OS-KPI2,2024-07-29,69.86,85.0,OS,0.25,risk
22014,OS-KPI3,2024-07-29,66.81,85.0,OS,0.25,risk
22014,AI-KPI1,2024-08-28,72.5,85.0,AI,0.25,healthy
22014,AI-KPI2,2024-08-28,69.84,85.0,AI,0.25,risk
22014,AI-KPI3,2024-08-28,77.29,85.0,AI,0.25,healthy
22014,CH-KPI1,2024-08-28,77.34,85.0,CH,0.25,healthy
22014,CH-KPI2,2024-08-28,78.9,85.0,CH,0.25,healthy
22014,CH-KPI3,2024-08-28,72.33,85.0,CH,0.25,healthy
22014,DV-KPI1,2024-08-28,72.81,85.0,DV,0.25,healthy
22014,DV-KPI2,2024-08-28,69.17,85.0,DV,0.25,risk
22014,DV-KPI3,2024-08-28,70.66,85.0,DV,0.25,healthy
22014,EX-KPI1,2024-08-28,74.55,85.0,EX,0.25,healthy
22014,EX-KPI2,2024-08-28,75.32,85.0,EX,0.25,healthy
22014,EX-KPI3,2024-08-28,75.62,85.0,EX,0.25,healthy
22014,OS-KPI1,2024-08-28,74.1,85.0,OS,0.25,healthy
22014,OS-KPI2,2024-08-28,72.22,85.0,OS,0.25,healthy
22014,OS-KPI3,2024-08-28,77.01,85.0,OS,0.25,healthy
22014,AI-KPI1,2024-09-27,72.92,85.0,AI,0.25,healthy
22014,AI-KPI2,2024-09-27,78.78,85.0,AI,0.25,healthy
22014,AI-KPI3,2024-09-27,74.92,85.0,AI,0.25,healthy
22014,CH-KPI1,2024-09-27,81.94,85.0,CH,0.25,healthy
22014,CH-KPI2,2024-09-27,72.06,85.0,CH,0.25,healthy
22014,CH-KPI3,2024-09-27,80.66,85.0,CH,0.25,healthy
22014,DV-KPI1,2024-09-27,78.64,85.0,DV,0.25,healthy
22014,DV-KPI2,2024-09-27,72.49,85.0,DV,0.25,healthy
22014,DV-KPI3,2024-09-27,79.24,85.0,DV,0.25,healthy
22014,EX-KPI1,2024-09-27,81.76,85.0,EX,0.25,healthy
22014,EX-KPI2,2024-09-27,81.65,85.0,EX,0.25,healthy
22014,EX-KPI3,2024-09-27,73.9,85.0,EX,0.25,healthy
22014,OS-KPI1,2024-09-27,74.96,85.0,OS,0.25,healthy
22014,OS-KPI2,2024-09-27,72.63,85.0,OS,0.25,healthy
22014,OS-KPI3,2024-09-27,80.17,85.0,OS,0.25,healthy
22014,AI-KPI1,2024-10-27,80.51,85.0,AI,0.25,healthy
22014,AI-KPI2,2024-10-27,79.46,85.0,AI,0.25,healthy
22014,AI-KPI3,2024-10-27,79.23,85.0,AI,0.25,healthy
22014,CH-KPI1,2024-10-27,78.06,85.0,CH,0.25,healthy
22014,CH-KPI2,2024-10-27,78.53,85.0,CH,0.25,healthy
22014,CH-KPI3,2024-10-27,77.09,85.0,CH,0.25,healthy
22014,DV-KPI1,2024-10-27,77.17,85.0,DV,0.25,healthy
22014,DV-KPI2,2024-10-27,79.42,85.0,DV,0.25,healthy
22014,DV-KPI3,2024-10-27,79.25,85.0,DV,0.25,healthy
22014,EX-KPI1,2024-10-27,83.03,85.0,EX,0.25,healthy
22014,EX-KPI2,2024-10-27,80.66,85.0,EX,0.25,healthy
22014,EX-KPI3,2024-10-27,84.1,85.0,EX,0.25,healthy
22014,OS-KPI1,2024-10-27,83.43,85.0,OS,0.25,healthy
22014,OS-KPI2,2024-10-27,84.08,85.0,OS,0.25,healthy
22014,OS-KPI3,2024-10-27,79.84,85.0,OS,0.25,healthy
22014,AI-KPI1,2024-11-26,87.83,85.0,AI,0.25,healthy
22014,AI-KPI2,2024-11-26,79.77,85.0,AI,0.25,healthy
22014,AI-KPI3,2024-11-26,86.12,85.0,AI,0.25,healthy
22014,CH-KPI1,2024-11-26,87.8,85.0,CH,0.25,healthy
22014,CH-KPI2,2024-11-26,83.34,85.0,CH,0.25,healthy
22014,CH-KPI3,2024-11-26,87.79,85.0,CH,0.25,healthy
22014,DV-KPI1,2024-11-26,81.05,85.0,DV,0.25,healthy
22014,DV-KPI2,2024-11-26,79.02,85.0,DV,0.25,healthy
22014,DV-KPI3,2024-11-26,85.13,85.0,DV,0.25,healthy
22014,EX-KPI1,2024-11-26,87.68,85.0,EX,0.25,healthy
22014,EX-KPI2,2024-11-26,83.63,85.0,EX,0.25,healthy
22014,EX-KPI3,2024-11-26,78.07,85.0,EX,0.25,healthy
22014,OS-KPI1,2024-11-26,85.11,85.0,OS,0.25,healthy
22014,OS-KPI2,2024-11-26,83.57,85.0,OS,0.25,healthy
22014,OS-KPI3,2024-11-26,80.72,85.0,OS,0.25,healthy
22015,AI-KPI1,2024-01-01,79.45,85.0,AI,0.25,healthy
22015,AI-KPI2,2024-01-01,72.51,85.0,AI,0.25,healthy
22015,AI-KPI3,2024-01-01,79.1,85.0,AI,0.25,healthy
22015,CH-KPI1,2024-01-01,76.39,85.0,CH,0.25,healthy
22015,CH-KPI2,2024-01-01,73.01,85.0,CH,0.25,healthy
22015,CH-KPI3,2024-01-01,77.54,85.0,CH,0.25,healthy
22015,DV-KPI1,2024-01-01,77.03,85.0,DV,0.25,healthy
22015,DV-KPI2,2024-01-01,74.33,85.0,DV,0.25,healthy
22015,DV-KPI3,2024-01-01,70.24,85.0,DV,0.25,healthy
22015,EX-KPI1,2024-01-01,78.49,85.0,EX,0.25,healthy
22015,EX-KPI2,2024-01-01,73.68,85.0,EX,0.25,healthy
22015,EX-KPI3,2024-01-01,79.48,85.0,EX,0.25,healthy
22015,OS-KPI1,2024-01-01,70.74,85.0,OS,0.25,healthy
22015,OS-KPI2,2024-01-01,78.1,85.0,OS,0.25,healthy
22015,OS-KPI3,2024-01-01,75.73,85.0,OS,0.25,healthy
22015,AI-KPI1,2024-01-31,72.0,85.0,AI,0.25,healthy
22015,AI-KPI2,2024-01-31,71.26,85.0,AI,0.25,healthy
22015,AI-KPI3,2024-01-31,74.19,85.0,AI,0.25,healthy
22015,CH-KPI1,2024-01-31,71.21,85.0,CH,0.25,healthy
22015,CH-KPI2,2024-01-31,74.04,85.0,CH,0.25,healthy
22015,CH-KPI3,2024-01-31,74.1,85.0,CH,0.25,healthy
22015,DV-KPI1,2024-01-31,77.96,85.0,DV,0.25,healthy
22015,DV-KPI2,2024-01-31,78.43,85.0,DV,0.25,healthy
22015,DV-KPI3,2024-01-31,74.89,85.0,DV,0.25,healthy
22015,EX-KPI1,2024-01-31,71.74,85.0,EX,0.25,healthy
22015,EX-KPI2,2024-01-31,77.25,85.0,EX,0.25,healthy
22015,EX-KPI3,2024-01-31,79.34,85.0,EX,0.25,healthy
22015,OS-KPI1,2024-01-31,75.16,85.0,OS,0.25,healthy
22015,OS-KPI2,2024-01-31,75.26,85.0,OS,0.25,healthy
22015,OS-KPI3,2024-01-31,75.84,85.0,OS,0.25,healthy
22015,AI-KPI1,2024-03-01,71.71,85.0,AI,0.25,healthy
22015,AI-KPI2,2024-03-01,75.53,85.0,AI,0.25,healthy
22015,AI-KPI3,2024-03-01,77.9,85.0,AI,0.25,healthy
22015,CH-KPI1,2024-03-01,72.0,85.0,CH,0.25,healthy
22015,CH-KPI2,2024-03-01,73.81,85.0,CH,0.25,healthy
22015,CH-KPI3,2024-03-01,76.77,85.0,CH,0.25,healthy
22015,DV-KPI1,2024-03-01,73.21,85.0,DV,0.25,healthy
22015,DV-KPI2,2024-03-01,78.59,85.0,DV,0.25,healthy
22015,DV-KPI3,2024-03-01,73.79,85.0,DV,0.25,healthy
22015,EX-KPI1,2024-03-01,78.23,85.0,EX,0.25,healthy
22015,EX-KPI2,2024-03-01,74.75,85.0,EX,0.25,healthy
22015,EX-KPI3,2024-03-01,73.12,85.0,EX,0.25,healthy
22015,OS-KPI1,2024-03-01,78.21,85.0,OS,0.25,healthy
22015,OS-KPI2,2024-03-01,77.37,85.0,OS,0.25,healthy
22015,OS-KPI3,2024-03-01,75.64,85.0,OS,0.25,healthy
22015,AI-KPI1,2024-03-31,75.83,85.0,AI,0.25,healthy
22015,AI-KPI2,2024-03-31,79.51,85.0,AI,0.25,healthy
22015,AI-KPI3,2024-03-31,75.86,85.0,AI,0.25,healthy
22015,CH-KPI1,2024-03-31,70.2,85.0,CH,0.25,healthy
22015,CH-KPI2,2024-03-31,70.11,85.0,CH,0.25,healthy
22015,CH-KPI3,2024-03-31,76.8,85.0,CH,0.25,healthy
22015,DV-KPI1,2024-03-31,71.71,85.0,DV,0.25,healthy
22015,DV-KPI2,2024-03-31,77.73,85.0,DV,0.25,healthy
22015,DV-KPI3,2024-03-31,76.97,85.0,DV,0.25,healthy
22015,EX-KPI1,2024-03-31,73.1,85.0,EX,0.25,healthy
22015,EX-KPI2,2024-03-31,70.12,85.0,EX,0.25,healthy
22015,EX-KPI3,2024-03-31,74.88,85.0,EX,0.25,healthy
22015,OS-KPI1,2024-03-31,77.12,85.0,OS,0.25,healthy
22015,OS-KPI2,2024-03-31,72.98,85.0,OS,0.25,healthy
22015,OS-KPI3,2024-03-31,74.95,85.0,OS,0.25,healthy
22015,AI-KPI1,2024-04-30,72.71,85.0,AI,0.25,healthy
22015,AI-KPI2,2024-04-30,79.62,85.0,AI,0.25,healthy
22015,AI-KPI3,2024-04-30,74.74,85.0,AI,0.25,healthy
22015,CH-KPI1,2024-04-30,74.67,85.0,CH,0.25,healthy
22015,CH-KPI2,2024-04-30,72.04,85.0,CH,0.25,healthy
22015,CH-KPI3,2024-04-30,74.3,85.0,CH,0.25,healthy
22015,DV-KPI1,2024-04-30,70.62,85.0,DV,0.25,healthy
22015,DV-KPI2,2024-04-30,78.96,85.0,DV,0.25,healthy
22015,DV-KPI3,2024-04-30,72.15,85.0,DV,0.25,healthy
22015,EX-KPI1,2024-04-30,70.56,85.0,EX,0.25,healthy
22015,EX-KPI2,2024-04-30,73.25,85.0,EX,0.25,healthy
22015,EX-KPI3,2024-04-30,71.05,85.0,EX,0.25,healthy
22015,OS-KPI1,2024-04-30,73.28,85.0,OS,0.25,healthy
22015,OS-KPI2,2024-04-30,74.57,85.0,OS,0.25,healthy
22015,OS-KPI3,2024-04-30,78.12,85.0,OS,0.25,healthy
22015,AI-KPI1,2024-05-30,70.07,85.0,AI,0.25,healthy
22015,AI-KPI2,2024-05-30,74.75,85.0,AI,0.25,healthy
22015,AI-KPI3,2024-05-30,71.51,85.0,AI,0.25,healthy
22015,CH-KPI1,2024-05-30,79.77,85.0,CH,0.25,healthy
22015,CH-KPI2,2024-05-30,72.85,85.0,CH,0.25,healthy
22015,CH-KPI3,2024-05-30,74.4,85.0,CH,0.25,healthy
22015,DV-KPI1,2024-05-30,70.89,85.0,DV,0.25,healthy
22015,DV-KPI2,2024-05-30,77.05,85.0,DV,0.25,healthy
22015,DV-KPI3,2024-05-30,78.76,85.0,DV,0.25,healthy
22015,EX-KPI1,2024-05-30,77.06,85.0,EX,0.25,healthy
22015,EX-KPI2,2024-05-30,78.3,85.0,EX,0.25,healthy
22015,EX-KPI3,2024-05-30,76.57,85.0,EX,0.25,healthy
22015,OS-KPI1,2024-05-30,76.35,85.0,OS,0.25,healthy
22015,OS-KPI2,2024-05-30,78.05,85.0,OS,0.25,healthy
22015,OS-KPI3,2024-05-30,77.32,85.0,OS,0.25,healthy
22015,AI-KPI1,2024-06-29,70.51,85.0,AI,0.25,healthy
22015,AI-KPI2,2024-06-29,75.2,85.0,AI,0.25,healthy
22015,AI-KPI3,2024-06-29,71.73,85.0,AI,0.25,healthy
22015,CH-KPI1,2024-06-29,73.88,85.0,CH,0.25,healthy
22015,CH-KPI2,2024-06-29,73.07,85.0,CH,0.25,healthy
22015,CH-KPI3,2024-06-29,71.62,85.0,CH,0.25,healthy
22015,DV-KPI1,2024-06-29,74.76,85.0,DV,0.25,healthy
22015,DV-KPI2,2024-06-29,77.98,85.0,DV,0.25,healthy
22015,DV-KPI3,2024-06-29,75.82,85.0,DV,0.25,healthy
22015,EX-KPI1,2024-06-29,78.26,85.0,EX,0.25,healthy
22015,EX-KPI2,2024-06-29,73.91,85.0,EX,0.25,healthy
22015,EX-KPI3,2024-06-29,70.34,85.0,EX,0.25,healthy
22015,OS-KPI1,2024-06-29,71.76,85.0,OS,0.25,healthy
22015,OS-KPI2,2024-06-29,74.07,85.0,OS,0.25,healthy
22015,OS-KPI3,2024-06-29,72.96,85.0,OS,0.25,healthy
22015,AI-KPI1,2024-07-29,74.52,85.0,AI,0.25,healthy
22015,AI-KPI2,2024-07-29,79.96,85.0,AI,0.25,healthy
22015,AI-KPI3,2024-07-29,76.54,85.0,AI,0.25,healthy
22015,CH-KPI1,2024-07-29,79.66,85.0,CH,0.25,healthy
22015,CH-KPI2,2024-07-29,79.49,85.0,CH,0.25,healthy
22015,CH-KPI3,2024-07-29,71.43,85.0,CH,0.25,healthy
22015,DV-KPI1,2024-07-29,72.57,85.0,DV,0.25,healthy
22015,DV-KPI2,2024-07-29,74.39,85.0,DV,0.25,healthy
22015,DV-KPI3,2024-07-29,77.28,85.0,DV,0.25,healthy
22015,EX-KPI1,2024-07-29,72.17,85.0,EX,0.25,healthy
22015,EX-KPI2,2024-07-29,79.95,85.0,EX,0.25,healthy
22015,EX-KPI3,2024-07-29,73.46,85.0,EX,0.25,healthy
22015,OS-KPI1,2024-07-29,74.29,85.0,OS,0.25,healthy
22015,OS-KPI2,2024-07-29,78.52,85.0,OS,0.25,healthy
22015,OS-KPI3,2024-07-29,73.54,85.0,OS,0.25,healthy
22015,AI-KPI1,2024-08-28,77.81,85.0,AI,0.25,healthy
22015,AI-KPI2,2024-08-28,76.13,85.0,AI,0.25,healthy
22015,AI-KPI3,2024-08-28,74.24,85.0,AI,0.25,healthy
22015,CH-KPI1,2024-08-28,75.83,85.0,CH,0.25,healthy
22015,CH-KPI2,2024-08-28,79.35,85.0,CH,0.25,healthy
22015,CH-KPI3,2024-08-28,74.06,85.0,CH,0.25,healthy
22015,DV-KPI1,2024-08-28,72.73,85.0,DV,0.25,healthy
22015,DV-KPI2,2024-08-28,72.9,85.0,DV,0.25,healthy
22015,DV-KPI3,2024-08-28,75.45,85.0,DV,0.25,healthy
22015,EX-KPI1,2024-08-28,75.94,85.0,EX,0.25,healthy
22015,EX-KPI2,2024-08-28,71.53,85.0,EX,0.25,healthy
22015,EX-KPI3,2024-08-28,72.74,85.0,EX,0.25,healthy
22015,OS-KPI1,2024-08-28,75.53,85.0,OS,0.25,healthy
22015,OS-KPI2,2024-08-28,70.71,85.0,OS,0.25,healthy
22015,OS-KPI3,2024-08-28,76.74,85.0,OS,0.25,healthy
22015,AI-KPI1,2024-09-27,74.7,85.0,AI,0.25,healthy
22015,AI-KPI2,2024-09-27,72.38,85.0,AI,0.25,healthy
22015,AI-KPI3,2024-09-27,77.95,85.0,AI,0.25,healthy
22015,CH-KPI1,2024-09-27,71.34,85.0,CH,0.25,healthy
22015,CH-KPI2,2024-09-27,73.38,85.0,CH,0.25,healthy
22015,CH-KPI3,2024-09-27,74.63,85.0,CH,0.25,healthy
22015,DV-KPI1,2024-09-27,78.67,85.0,DV,0.25,healthy
22015,DV-KPI2,2024-09-27,75.67,85.0,DV,0.25,healthy
22015,DV-KPI3,2024-09-27,75.84,85.0,DV,0.25,healthy
22015,EX-KPI1,2024-09-27,74.78,85.0,EX,0.25,healthy
22015,EX-KPI2,2024-09-27,73.14,85.0,EX,0.25,healthy
22015,EX-KPI3,2024-09-27,75.59,85.0,EX,0.25,healthy
22015,OS-KPI1,2024-09-27,73.46,85.0,OS,0.25,healthy
22015,OS-KPI2,2024-09-27,75.65,85.0,OS,0.25,healthy
22015,OS-KPI3,2024-09-27,73.12,85.0,OS,0.25,healthy
22015,AI-KPI1,2024-10-27,72.93,85.0,AI,0.25,healthy
22015,AI-KPI2,2024-10-27,75.12,85.0,AI,0.25,healthy
22015,AI-KPI3,2024-10-27,72.69,85.0,AI,0.25,healthy
22015,CH-KPI1,2024-10-27,77.55,85.0,CH,0.25,healthy
22015,CH-KPI2,2024-10-27,70.04,85.0,CH,0.25,healthy
22015,CH-KPI3,2024-10-27,70.68,85.0,CH,0.25,healthy
22015,DV-KPI1,2024-10-27,77.43,85.0,DV,0.25,healthy
22015,DV-KPI2,2024-10-27,78.51,85.0,DV,0.25,healthy
22015,DV-KPI3,2024-10-27,75.35,85.0,DV,0.25,healthy
22015,EX-KPI1,2024-10-27,74.12,85.0,EX,0.25,healthy
22015,EX-KPI2,2024-10-27,73.89,85.0,EX,0.25,healthy
22015,EX-KPI3,2024-10-27,79.36,85.0,EX,0.25,healthy
22015,OS-KPI1,2024-10-27,79.62,85.0,OS,0.25,healthy
22015,OS-KPI2,2024-10-27,72.13,85.0,OS,0.25,healthy
22015,OS-KPI3,2024-10-27,76.17,85.0,OS,0.25,healthy
22015,AI-KPI1,2024-11-26,70.67,85.0,AI,0.25,healthy
22015,AI-KPI2,2024-11-26,72.85,85.0,AI,0.25,healthy
22015,AI-KPI3,2024-11-26,78.99,85.0,AI,0.25,healthy
22015,CH-KPI1,2024-11-26,73.91,85.0,CH,0.25,healthy
22015,CH-KPI2,2024-11-26,74.56,85.0,CH,0.25,healthy
22015,CH-KPI3,2024-11-26,76.79,85.0,CH,0.25,healthy
22015,DV-KPI1,2024-11-26,78.65,85.0,DV,0.25,healthy
22015,DV-KPI2,2024-11-26,76.64,85.0,DV,0.25,healthy
22015,DV-KPI3,2024-11-26,71.09,85.0,DV,0.25,healthy
22015,EX-KPI1,2024-11-26,70.67,85.0,EX,0.25,healthy
22015,EX-KPI2,2024-11-26,76.47,85.0,EX,0.25,healthy
22015,EX-KPI3,2024-11-26,75.85,85.0,EX,0.25,healthy
22015,OS-KPI1,2024-11-26,79.1,85.0,OS,0.25,healthy
22015,OS-KPI2,2024-11-26,73.96,85.0,OS,0.25,healthy
22015,OS-KPI3,2024-11-26,79.46,85.0,OS,0.25,healthy
22016,AI-KPI1,2024-01-01,80.92,85.0,AI,0.25,healthy
22016,AI-KPI2,2024-01-01,84.17,85.0,AI,0.25,healthy
22016,AI-KPI3,2024-01-01,83.17,85.0,AI,0.25,healthy
22016,CH-KPI1,2024-01-01,81.03,85.0,CH,0.25,healthy
22016,CH-KPI2,2024-01-01,78.43,85.0,CH,0.25,healthy
22016,CH-KPI3,2024-01-01,80.7,85.0,CH,0.25,healthy
22016,DV-KPI1,2024-01-01,81.85,85.0,DV,0.25,healthy
22016,DV-KPI2,2024-01-01,78.29,85.0,DV,0.25,healthy
22016,DV-KPI3,2024-01-01,75.03,85.0,DV,0.25,healthy
22016,EX-KPI1,2024-01-01,81.65,85.0,EX,0.25,healthy
22016,EX-KPI2,2024-01-01,82.17,85.0,EX,0.25,healthy
22016,EX-KPI3,2024-01-01,79.4,85.0,EX,0.25,healthy
22016,OS-KPI1,2024-01-01,83.95,85.0,OS,0.25,healthy
22016,OS-KPI2,2024-01-01,77.72,85.0,OS,0.25,healthy
22016,OS-KPI3,2024-01-01,80.67,85.0,OS,0.25,healthy
22016,AI-KPI1,2024-01-31,82.26,85.0,AI,0.25,healthy
22016,AI-KPI2,2024-01-31,75.62,85.0,AI,0.25,healthy
22016,AI-KPI3,2024-01-31,74.44,85.0,AI,0.25,healthy
22016,CH-KPI1,2024-01-31,78.77,85.0,CH,0.25,healthy
22016,CH-KPI2,2024-01-31,73.93,85.0,CH,0.25,healthy
22016,CH-KPI3,2024-01-31,74.91,85.0,CH,0.25,healthy
22016,DV-KPI1,2024-01-31,79.17,85.0,DV,0.25,healthy
22016,DV-KPI2,2024-01-31,82.49,85.0,DV,0.25,healthy
22016,DV-KPI3,2024-01-31,82.57,85.0,DV,0.25,healthy
22016,EX-KPI1,2024-01-31,81.04,85.0,EX,0.25,healthy
22016,EX-KPI2,2024-01-31,81.5,85.0,EX,0.25,healthy
22016,EX-KPI3,2024-01-31,78.98,85.0,EX,0.25,healthy
22016,OS-KPI1,2024-01-31,76.17,85.0,OS,0.25,healthy
22016,OS-KPI2,2024-01-31,82.55,85.0,OS,0.25,healthy
22016,OS-KPI3,2024-01-31,75.59,85.0,OS,0.25,healthy
22016,AI-KPI1,2024-03-01,76.74,85.0,AI,0.25,healthy
22016,AI-KPI2,2024-03-01,72.29,85.0,AI,0.25,healthy
22016,AI-KPI3,2024-03-01,79.53,85.0,AI,0.25,healthy
22016,CH-KPI1,2024-03-01,76.3,85.0,CH,0.25,healthy
22016,CH-KPI2,2024-03-01,80.66,85.0,CH,0.25,healthy
22016,CH-KPI3,2024-03-01,72.57,85.0,CH,0.25,healthy
22016,DV-KPI1,2024-03-01,79.18,85.0,DV,0.25,healthy
22016,DV-KPI2,2024-03-01,71.75,85.0,DV,0.25,healthy
22016,DV-KPI3,2024-03-01,71.51,85.0,DV,0.25,healthy
22016,EX-KPI1,2024-03-01,80.45,85.0,EX,0.25,healthy
22016,EX-KPI2,2024-03-01,72.52,85.0,EX,0.25,healthy
22016,EX-KPI3,2024-03-01,79.15,85.0,EX,0.25,healthy
22016,OS-KPI1,2024-03-01,79.34,85.0,OS,0.25,healthy
22016,OS-KPI2,2024-03-01,77.26,85.0,OS,0.25,healthy
22016,OS-KPI3,2024-03-01,75.69,85.0,OS,0.25,healthy
22016,AI-KPI1,2024-03-31,73.66,85.0,AI,0.25,healthy
22016,AI-KPI2,2024-03-31,77.38,85.0,AI,0.25,healthy
22016,AI-KPI3,2024-03-31,72.26,85.0,AI,0.25,healthy
22016,CH-KPI1,2024-03-31,71.33,85.0,CH,0.25,healthy
22016,CH-KPI2,2024-03-31,72.99,85.0,CH,0.25,healthy
22016,CH-KPI3,2024-03-31,73.27,85.0,CH,0.25,healthy
22016,DV-KPI1,2024-03-31,77.44,85.0,DV,0.25,healthy
22016,DV-KPI2,2024-03-31,70.88,85.0,DV,0.25,healthy
22016,DV-KPI3,2024-03-31,76.89,85.0,DV,0.25,healthy
22016,EX-KPI1,2024-03-31,69.34,85.0,EX,0.25,risk
22016,EX-KPI2,2024-03-31,74.71,85.0,EX,0.25,healthy
22016,EX-KPI3,2024-03-31,72.58,85.0,EX,0.25,healthy
22016,OS-KPI1,2024-03-31,76.06,85.0,OS,0.25,healthy
22016,OS-KPI2,2024-03-31,69.28,85.0,OS,0.25,risk
22016,OS-KPI3,2024-03-31,72.56,85.0,OS,0.25,healthy
22016,AI-KPI1,2024-04-30,74.88,85.0,AI,0.25,healthy
22016,AI-KPI2,2024-04-30,76.98,85.0,AI,0.25,healthy
22016,AI-KPI3,2024-04-30,70.72,85.0,AI,0.25,healthy
22016,CH-KPI1,2024-04-30,74.92,85.0,CH,0.25,healthy
22016,CH-KPI2,2024-04-30,69.78,85.0,CH,0.25,risk
22016,CH-KPI3,2024-04-30,75.9,85.0,CH,0.25,healthy
22016,DV-KPI1,2024-04-30,71.52,85.0,DV,0.25,healthy
22016,DV-KPI2,2024-04-30,76.2,85.0,DV,0.25,healthy
22016,DV-KPI3,2024-04-30,72.47,85.0,DV,0.25,healthy
22016,EX-KPI1,2024-04-30,71.67,85.0,EX,0.25,healthy
22016,EX-KPI2,2024-04-30,69.41,85.0,EX,0.25,risk
22016,EX-KPI3,2024-04-30,75.02,85.0,EX,0.25,healthy
22016,OS-KPI1,2024-04-30,71.7,85.0,OS,0.25,healthy
22016,OS-KPI2,2024-04-30,72.79,85.0,OS,0.25,healthy
22016,OS-KPI3,2024-04-30,69.81,85.0,OS,0.25,risk
22016,AI-KPI1,2024-05-30,70.45,85.0,AI,0.25,healthy
22016,AI-KPI2,2024-05-30,66.12,85.0,AI,0.25,risk
22016,AI-KPI3,2024-05-30,65.86,85.0,AI,0.25,risk
22016,CH-KPI1,2024-05-30,67.93,85.0,CH,0.25,risk
22016,CH-KPI2,2024-05-30,67.61,85.0,CH,0.25,risk
22016,CH-KPI3,2024-05-30,67.37,85.0,CH,0.25,risk
22016,DV-KPI1,2024-05-30,67.9,85.0,DV,0.25,risk
22016,DV-KPI2,2024-05-30,72.35,85.0,DV,0.25,healthy
22016,DV-KPI3,2024-05-30,71.37,85.0,DV,0.25,healthy
22016,EX-KPI1,2024-05-30,70.95,85.0,EX,0.25,healthy
22016,EX-KPI2,2024-05-30,67.08,85.0,EX,0.25,risk
22016,EX-KPI3,2024-05-30,72.98,85.0,EX,0.25,healthy
22016,OS-KPI1,2024-05-30,71.22,85.0,OS,0.25,healthy
22016,OS-KPI2,2024-05-30,66.34,85.0,OS,0.25,risk
22016,OS-KPI3,2024-05-30,65.23,85.0,OS,0.25,risk
22016,AI-KPI1,2024-06-29,67.29,85.0,AI,0.25,risk
22016,AI-KPI2,2024-06-29,68.09,85.0,AI,0.25,risk
22016,AI-KPI3,2024-06-29,65.21,85.0,AI,0.25,risk
22016,CH-KPI1,2024-06-29,65.92,85.0,CH,0.25,risk
22016,CH-KPI2,2024-06-29,65.98,85.0,CH,0.25,risk
22016,CH-KPI3,2024-06-29,72.74,85.0,CH,0.25,healthy
22016,DV-KPI1,2024-06-29,68.62,85.0,DV,0.25,risk
22016,DV-KPI2,2024-06-29,72.12,85.0,DV,0.25,healthy
22016,DV-KPI3,2024-06-29,63.79,85.0,DV,0.25,risk
22016,EX-KPI1,2024-06-29,72.73,85.0,EX,0.25,healthy
22016,EX-KPI2,2024-06-29,65.94,85.0,EX,0.25,risk
22016,EX-KPI3,2024-06-29,65.48,85.0,EX,0.25,risk
22016,OS-KPI1,2024-06-29,68.48,85.0,OS,0.25,risk
22016,OS-KPI2,2024-06-29,69.62,85.0,OS,0.25,risk
22016,OS-KPI3,2024-06-29,63.35,85.0,OS,0.25,risk
22016,AI-KPI1,2024-07-29,69.05,85.0,AI,0.25,risk
22016,AI-KPI2,2024-07-29,67.58,85.0,AI,0.25,risk
22016,AI-KPI3,2024-07-29,67.42,85.0,AI,0.25,risk
22016,CH-KPI1,2024-07-29,69.49,85.0,CH,0.25,risk
22016,CH-KPI2,2024-07-29,67.73,85.0,CH,0.25,risk
22016,CH-KPI3,2024-07-29,62.06,85.0,CH,0.25,risk
22016,DV-KPI1,2024-07-29,69.1,85.0,DV,0.25,risk
22016,DV-KPI2,2024-07-29,66.94,85.0,DV,0.25,risk
22016,DV-KPI3,2024-07-29,69.76,85.0,DV,0.25,risk
22016,EX-KPI1,2024-07-29,69.6,85.0,EX,0.25,risk
22016,EX-KPI2,2024-07-29,67.79,85.0,EX,0.25,risk
22016,EX-KPI3,2024-07-29,62.21,85.0,EX,0.25,risk
22016,OS-KPI1,2024-07-29,70.1,85.0,OS,0.25,healthy
22016,OS-KPI2,2024-07-29,66.76,85.0,OS,0.25,risk
22016,OS-KPI3,2024-07-29,68.95,85.0,OS,0.25,risk
22016,AI-KPI1,2024-08-28,59.69,85.0,AI,0.25,risk
22016,AI-KPI2,2024-08-28,68.02,85.0,AI,0.25,risk
22016,AI-KPI3,2024-08-28,65.82,85.0,AI,0.25,risk
22016,CH-KPI1,2024-08-28,62.71,85.0,CH,0.25,risk
22016,CH-KPI2,2024-08-28,64.92,85.0,CH,0.25,risk
22016,CH-KPI3,2024-08-28,60.83,85.0,CH,0.25,risk
22016,DV-KPI1,2024-08-28,64.47,85.0,DV,0.25,risk
22016,DV-KPI2,2024-08-28,66.14,85.0,DV,0.25,risk
22016,DV-KPI3,2024-08-28,59.33,85.0,DV,0.25,risk
22016,EX-KPI1,2024-08-28,62.23,85.0,EX,0.25,risk
22016,EX-KPI2,2024-08-28,65.58,85.0,EX,0.25,risk
22016,EX-KPI3,2024-08-28,68.11,85.0,EX,0.25,risk
22016,OS-KPI1,2024-08-28,64.23,85.0,OS,0.25,risk
22016,OS-KPI2,2024-08-28,66.08,85.0,OS,0.25,risk
22016,OS-KPI3,2024-08-28,60.55,85.0,OS,0.25,risk
22016,AI-KPI1,2024-09-27,62.05,85.0,AI,0.25,risk
22016,AI-KPI2,2024-09-27,59.45,85.0,AI,0.25,risk
22016,AI-KPI3,2024-09-27,62.44,85.0,AI,0.25,risk
22016,CH-KPI1,2024-09-27,61.64,85.0,CH,0.25,risk
22016,CH-KPI2,2024-09-27,62.45,85.0,CH,0.25,risk
22016,CH-KPI3,2024-09-27,65.28,85.0,CH,0.25,risk
22016,DV-KPI1,2024-09-27,64.84,85.0,DV,0.25,risk
22016,DV-KPI2,2024-09-27,60.47,85.0,DV,0.25,risk
22016,DV-KPI3,2024-09-27,59.47,85.0,DV,0.25,risk
22016,EX-KPI1,2024-09-27,63.31,85.0,EX,0.25,risk
22016,EX-KPI2,2024-09-27,61.08,85.0,EX,0.25,risk
22016,EX-KPI3,2024-09-27,63.34,85.0,EX,0.25,risk
22016,OS-KPI1,2024-09-27,63.63,85.0,OS,0.25,risk
22016,OS-KPI2,2024-09-27,64.23,85.0,OS,0.25,risk
22016,OS-KPI3,2024-09-27,65.38,85.0,OS,0.25,risk
22016,AI-KPI1,2024-10-27,63.3,85.0,AI,0.25,risk
22016,AI-KPI2,2024-10-27,55.06,85.0,AI,0.25,risk
22016,AI-KPI3,2024-10-27,64.14,85.0,AI,0.25,risk
22016,CH-KPI1,2024-10-27,57.74,85.0,CH,0.25,risk
22016,CH-KPI2,2024-10-27,61.03,85.0,CH,0.25,risk
22016,CH-KPI3,2024-10-27,55.35,85.0,CH,0.25,risk
22016,DV-KPI1,2024-10-27,64.76,85.0,DV,0.25,risk
22016,DV-KPI2,2024-10-27,63.6,85.0,DV,0.25,risk
22016,DV-KPI3,2024-10-27,61.21,85.0,DV,0.25,risk
22016,EX-KPI1,2024-10-27,56.04,85.0,EX,0.25,risk
22016,EX-KPI2,2024-10-27,59.06,85.0,EX,0.25,risk
22016,EX-KPI3,2024-10-27,63.24,85.0,EX,0.25,risk
22016,OS-KPI1,2024-10-27,57.14,85.0,OS,0.25,risk
22016,OS-KPI2,2024-10-27,61.73,85.0,OS,0.25,risk
22016,OS-KPI3,2024-10-27,59.63,85.0,OS,0.25,risk
22016,AI-KPI1,2024-11-26,56.72,85.0,AI,0.25,risk
22016,AI-KPI2,2024-11-26,55.19,85.0,AI,0.25,risk
22016,AI-KPI3,2024-11-26,56.24,85.0,AI,0.25,risk
22016,CH-KPI1,2024-11-26,61.75,85.0,CH,0.25,risk
22016,CH-KPI2,2024-11-26,60.48,85.0,CH,0.25,risk
22016,CH-KPI3,2024-11-26,62.74,85.0,CH,0.25,risk
22016,DV-KPI1,2024-11-26,54.73,85.0,DV,0.25,risk
22016,DV-KPI2,2024-11-26,59.69,85.0,DV,0.25,risk
22016,DV-KPI3,2024-11-26,55.45,85.0,DV,0.25,risk
22016,EX-KPI1,2024-11-26,59.88,85.0,EX,0.25,risk
22016,EX-KPI2,2024-11-26,60.51,85.0,EX,0.25,risk
22016,EX-KPI3,2024-11-26,59.8,85.0,EX,0.25,risk
22016,OS-KPI1,2024-11-26,59.44,85.0,OS,0.25,risk
22016,OS-KPI2,2024-11-26,60.44,85.0,OS,0.25,risk
22016,OS-KPI3,2024-11-26,56.63,85.0,OS,0.25,risk
22017,AI-KPI1,2024-01-01,51.48,85.0,AI,0.25,risk
22017,AI-KPI2,2024-01-01,48.38,85.0,AI,0.25,critical
22017,AI-KPI3,2024-01-01,49.11,85.0,AI,0.25,critical
22017,CH-KPI1,2024-01-01,54.92,85.0,CH,0.25,risk
22017,CH-KPI2,2024-01-01,48.71,85.0,CH,0.25,critical
22017,CH-KPI3,2024-01-01,52.04,85.0,CH,0.25,risk
22017,DV-KPI1,2024-01-01,51.64,85.0,DV,0.25,risk
22017,DV-KPI2,2024-01-01,45.6,85.0,DV,0.25,critical
22017,DV-KPI3,2024-01-01,49.1,85.0,DV,0.25,critical
22017,EX-KPI1,2024-01-01,53.58,85.0,EX,0.25,risk
22017,EX-KPI2,2024-01-01,45.6,85.0,EX,0.25,critical
22017,EX-KPI3,2024-01-01,46.95,85.0,EX,0.25,critical
22017,OS-KPI1,2024-01-01,54.5,85.0,OS,0.25,risk
22017,OS-KPI2,2024-01-01,46.07,85.0,OS,0.25,critical
22017,OS-KPI3,2024-01-01,49.35,85.0,OS,0.25,critical
22017,AI-KPI1,2024-01-31,57.18,85.0,AI,0.25,risk
22017,AI-KPI2,2024-01-31,53.53,85.0,AI,0.25,risk
22017,AI-KPI3,2024-01-31,48.6,85.0,AI,0.25,critical
22017,CH-KPI1,2024-01-31,48.87,85.0,CH,0.25,critical
22017,CH-KPI2,2024-01-31,50.8,85.0,CH,0.25,risk
22017,CH-KPI3,2024-01-31,56.93,85.0,CH,0.25,risk
22017,DV-KPI1,2024-01-31,54.68,85.0,DV,0.25,risk
22017,DV-KPI2,2024-01-31,49.37,85.0,DV,0.25,critical
22017,DV-KPI3,2024-01-31,54.47,85.0,DV,0.25,risk
22017,EX-KPI1,2024-01-31,54.93,85.0,EX,0.25,risk
22017,EX-KPI2,2024-01-31,52.52,85.0,EX,0.25,risk
22017,EX-KPI3,2024-01-31,48.05,85.0,EX,0.25,critical
22017,OS-KPI1,2024-01-31,54.51,85.0,OS,0.25,risk
22017,OS-KPI2,2024-01-31,51.13,85.0,OS,0.25,risk
22017,OS-KPI3,2024-01-31,53.98,85.0,OS,0.25,risk
22017,AI-KPI1,2024-03-01,52.12,85.0,AI,0.25,risk
22017,AI-KPI2,2024-03-01,60.94,85.0,AI,0.25,risk
22017,AI-KPI3,2024-03-01,59.93,85.0,AI,0.25,risk
22017,CH-KPI1,2024-03-01,60.73,85.0,CH,0.25,risk
22017,CH-KPI2,2024-03-01,53.32,85.0,CH,0.25,risk
22017,CH-KPI3,2024-03-01,56.92,85.0,CH,0.25,risk
22017,DV-KPI1,2024-03-01,60.96,85.0,DV,0.25,risk
22017,DV-KPI2,2024-03-01,58.88,85.0,DV,0.25,risk
22017,DV-KPI3,2024-03-01,58.87,85.0,DV,0.25,risk
22017,EX-KPI1,2024-03-01,60.54,85.0,EX,0.25,risk
22017,EX-KPI2,2024-03-01,57.21,85.0,EX,0.25,risk
22017,EX-KPI3,2024-03-01,56.43,85.0,EX,0.25,risk
22017,OS-KPI1,2024-03-01,53.1,85.0,OS,0.25,risk
22017,OS-KPI2,2024-03-01,51.98,85.0,OS,0.25,risk
22017,OS-KPI3,2024-03-01,59.91,85.0,OS,0.25,risk
22017,AI-KPI1,2024-03-31,61.07,85.0,AI,0.25,risk
22017,AI-KPI2,2024-03-31,62.66,85.0,AI,0.25,risk
22017,AI-KPI3,2024-03-31,54.33,85.0,AI,0.25,risk
22017,CH-KPI1,2024-03-31,61.6,85.0,CH,0.25,risk
22017,CH-KPI2,2024-03-31,54.54,85.0,CH,0.25,risk
22017,CH-KPI3,2024-03-31,54.24,85.0,CH,0.25,risk
22017,DV-KPI1,2024-03-31,59.84,85.0,DV,0.25,risk
22017,DV-KPI2,2024-03-31,60.31,85.0,DV,0.25,risk
22017,DV-KPI3,2024-03-31,54.08,85.0,DV,0.25,risk
22017,EX-KPI1,2024-03-31,56.09,85.0,EX,0.25,risk
22017,EX-KPI2,2024-03-31,61.21,85.0,EX,0.25,risk
22017,EX-KPI3,2024-03-31,55.74,85.0,EX,0.25,risk
22017,OS-KPI1,2024-03-31,59.82,85.0,OS,0.25,risk
22017,OS-KPI2,2024-03-31,59.15,85.0,OS,0.25,risk
22017,OS-KPI3,2024-03-31,63.96,85.0,OS,0.25,risk
22017,AI-KPI1,2024-04-30,63.78,85.0,AI,0.25,risk
22017,AI-KPI2,2024-04-30,62.57,85.0,AI,0.25,risk
22017,AI-KPI3,2024-04-30,62.57,85.0,AI,0.25,risk
22017,CH-KPI1,2024-04-30,64.06,85.0,CH,0.25,risk
22017,CH-KPI2,2024-04-30,59.32,85.0,CH,0.25,risk
22017,CH-KPI3,2024-04-30,59.4,85.0,CH,0.25,risk
22017,DV-KPI1,2024-04-30,59.06,85.0,DV,0.25,risk
22017,DV-KPI2,2024-04-30,66.97,85.0,DV,0.25,risk
22017,DV-KPI3,2024-04-30,57.32,85.0,DV,0.25,risk
22017,EX-KPI1,2024-04-30,66.72,85.0,EX,0.25,risk
22017,EX-KPI2,2024-04-30,63.96,85.0,EX,0.25,risk
22017,EX-KPI3,2024-04-30,59.23,85.0,EX,0.25,risk
22017,OS-KPI1,2024-04-30,64.4,85.0,OS,0.25,risk
22017,OS-KPI2,2024-04-30,61.79,85.0,OS,0.25,risk
22017,OS-KPI3,2024-04-30,62.23,85.0,OS,0.25,risk
22017,AI-KPI1,2024-05-30,60.06,85.0,AI,0.25,risk
22017,AI-KPI2,2024-05-30,68.88,85.0,AI,0.25,risk
22017,AI-KPI3,2024-05-30,67.61,85.0,AI,0.25,risk
22017,CH-KPI1,2024-05-30,69.98,85.0,CH,0.25,risk
22017,CH-KPI2,2024-05-30,62.92,85.0,CH,0.25,risk
22017,CH-KPI3,2024-05-30,61.24,85.0,CH,0.25,risk
22017,DV-KPI1,2024-05-30,63.84,85.0,DV,0.25,risk
22017,DV-KPI2,2024-05-30,62.63,85.0,DV,0.25,risk
22017,DV-KPI3,2024-05-30,61.73,85.0,DV,0.25,risk
22017,EX-KPI1,2024-05-30,64.84,85.0,EX,0.25,risk
22017,EX-KPI2,2024-05-30,61.02,85.0,EX,0.25,risk
22017,EX-KPI3,2024-05-30,67.84,85.0,EX,0.25,risk
22017,OS-KPI1,2024-05-30,69.88,85.0,OS,0.25,risk
22017,OS-KPI2,2024-05-30,60.14,85.0,OS,0.25,risk
22017,OS-KPI3,2024-05-30,64.02,85.0,OS,0.25,risk
22017,AI-KPI1,2024-06-29,68.71,85.0,AI,0.25,risk
22017,AI-KPI2,2024-06-29,71.29,85.0,AI,0.25,healthy
22017,AI-KPI3,2024-06-29,66.33,85.0,AI,0.25,risk
22017,CH-KPI1,2024-06-29,69.34,85.0,CH,0.25,risk
22017,CH-KPI2,2024-06-29,67.57,85.0,CH,0.25,risk
22017,CH-KPI3,2024-06-29,64.6,85.0,CH,0.25,risk
22017,DV-KPI1,2024-06-29,64.69,85.0,DV,0.25,risk
22017,DV-KPI2,2024-06-29,64.55,85.0,DV,0.25,risk
22017,DV-KPI3,2024-06-29,67.61,85.0,DV,0.25,risk
22017,EX-KPI1,2024-06-29,63.1,85.0,EX,0.25,risk
22017,EX-KPI2,2024-06-29,70.46,85.0,EX,0.25,healthy
22017,EX-KPI3,2024-06-29,64.59,85.0,EX,0.25,risk
22017,OS-KPI1,2024-06-29,70.71,85.0,OS,0.25,healthy
22017,OS-KPI2,2024-06-29,70.73,85.0,OS,0.25,healthy
22017,OS-KPI3,2024-06-29,71.73,85.0,OS,0.25,healthy
22017,AI-KPI1,2024-07-29,67.0,85.0,AI,0.25,risk
22017,AI-KPI2,2024-07-29,75.19,85.0,AI,0.25,healthy
22017,AI-KPI3,2024-07-29,69.18,85.0,AI,0.25,risk
22017,CH-KPI1,2024-07-29,72.79,85.0,CH,0.25,healthy
22017,CH-KPI2,2024-07-29,70.37,85.0,CH,0.25,healthy
22017,CH-KPI3,2024-07-29,70.26,85.0,CH,0.25,healthy
22017,DV-KPI1,2024-07-29,74.78,85.0,DV,0.25,healthy
22017,DV-KPI2,2024-07-29,74.37,85.0,DV,0.25,healthy
22017,DV-KPI3,2024-07-29,68.64,85.0,DV,0.25,risk
22017,EX-KPI1,2024-07-29,71.32,85.0,EX,0.25,healthy
22017,EX-KPI2,2024-07-29,72.11,85.0,EX,0.25,healthy
22017,EX-KPI3,2024-07-29,69.03,85.0,EX,0.25,risk
22017,OS-KPI1,2024-07-29,66.54,85.0,OS,0.25,risk
22017,OS-KPI2,2024-07-29,67.61,85.0,OS,0.25,risk
22017,OS-KPI3,2024-07-29,75.02,85.0,OS,0.25,healthy
22017,AI-KPI1,2024-08-28,78.34,85.0,AI,0.25,healthy
22017,AI-KPI2,2024-08-28,69.9,85.0,AI,0.25,risk
22017,AI-KPI3,2024-08-28,73.44,85.0,AI,0.25,healthy
22017,CH-KPI1,2024-08-28,70.71,85.0,CH,0.25,healthy
22017,CH-KPI2,2024-08-28,72.87,85.0,CH,0.25,healthy
22017,CH-KPI3,2024-08-28,73.8,85.0,CH,0.25,healthy
22017,DV-KPI1,2024-08-28,74.28,85.0,DV,0.25,healthy
22017,DV-KPI2,2024-08-28,73.65,85.0,DV,0.25,healthy
22017,DV-KPI3,2024-08-28,75.02,85.0,DV,0.25,healthy
22017,EX-KPI1,2024-08-28,73.85,85.0,EX,0.25,healthy
22017,EX-KPI2,2024-08-28,75.95,85.0,EX,0.25,healthy
22017,EX-KPI3,2024-08-28,76.29,85.0,EX,0.25,healthy
22017,OS-KPI1,2024-08-28,74.18,85.0,OS,0.25,healthy
22017,OS-KPI2,2024-08-28,74.48,85.0,OS,0.25,healthy
22017,OS-KPI3,2024-08-28,74.41,85.0,OS,0.25,healthy
22017,AI-KPI1,2024-09-27,72.09,85.0,AI,0.25,healthy
22017,AI-KPI2,2024-09-27,77.44,85.0,AI,0.25,healthy
22017,AI-KPI3,2024-09-27,81.01,85.0,AI,0.25,healthy
22017,CH-KPI1,2024-09-27,81.46,85.0,CH,0.25,healthy
22017,CH-KPI2,2024-09-27,80.04,85.0,CH,0.25,healthy
22017,CH-KPI3,2024-09-27,76.0,85.0,CH,0.25,healthy
22017,DV-KPI1,2024-09-27,72.29,85.0,DV,0.25,healthy
22017,DV-KPI2,2024-09-27,75.26,85.0,DV,0.25,healthy
22017,DV-KPI3,2024-09-27,77.46,85.0,DV,0.25,healthy
22017,EX-KPI1,2024-09-27,79.27,85.0,EX,0.25,healthy
22017,EX-KPI2,2024-09-27,80.25,85.0,EX,0.25,healthy
22017,EX-KPI3,2024-09-27,77.57,85.0,EX,0.25,healthy
22017,OS-KPI1,2024-09-27,76.66,85.0,OS,0.25,healthy
22017,OS-KPI2,2024-09-27,78.77,85.0,OS,0.25,healthy
22017,OS-KPI3,2024-09-27,80.43,85.0,OS,0.25,healthy
22017,AI-KPI1,2024-10-27,79.2,85.0,AI,0.25,healthy
22017,AI-KPI2,2024-10-27,80.8,85.0,AI,0.25,healthy
22017,AI-KPI3,2024-10-27,80.55,85.0,AI,0.25,healthy
22017,CH-KPI1,2024-10-27,81.42,85.0,CH,0.25,healthy
22017,CH-KPI2,2024-10-27,75.04,85.0,CH,0.25,healthy
22017,CH-KPI3,2024-10-27,83.56,85.0,CH,0.25,healthy
22017,DV-KPI1,2024-10-27,76.52,85.0,DV,0.25,healthy
22017,DV-KPI2,2024-10-27,77.39,85.0,DV,0.25,healthy
22017,DV-KPI3,2024-10-27,79.68,85.0,DV,0.25,healthy
22017,EX-KPI1,2024-10-27,83.1,85.0,EX,0.25,healthy
22017,EX-KPI2,2024-10-27,77.17,85.0,EX,0.25,healthy
22017,EX-KPI3,2024-10-27,79.31,85.0,EX,0.25,healthy
22017,OS-KPI1,2024-10-27,78.58,85.0,OS,0.25,healthy
22017,OS-KPI2,2024-10-27,76.14,85.0,OS,0.25,healthy
22017,OS-KPI3,2024-10-27,81.69,85.0,OS,0.25,healthy
22017,AI-KPI1,2024-11-26,78.18,85.0,AI,0.25,healthy
22017,AI-KPI2,2024-11-26,80.39,85.0,AI,0.25,healthy
22017,AI-KPI3,2024-11-26,80.69,85.0,AI,0.25,healthy
22017,CH-KPI1,2024-11-26,87.79,85.0,CH,0.25,healthy
22017,CH-KPI2,2024-11-26,86.66,85.0,CH,0.25,healthy
22017,CH-KPI3,2024-11-26,86.11,85.0,CH,0.25,healthy
22017,DV-KPI1,2024-11-26,79.44,85.0,DV,0.25,healthy
22017,DV-KPI2,2024-11-26,85.04,85.0,DV,0.25,healthy
22017,DV-KPI3,2024-11-26,84.55,85.0,DV,0.25,healthy
22017,EX-KPI1,2024-11-26,85.12,85.0,EX,0.25,healthy
22017,EX-KPI2,2024-11-26,81.19,85.0,EX,0.25,healthy
22017,EX-KPI3,2024-11-26,84.36,85.0,EX,0.25,healthy
22017,OS-KPI1,2024-11-26,83.86,85.0,OS,0.25,healthy
22017,OS-KPI2,2024-11-26,85.65,85.0,OS,0.25,healthy
22017,OS-KPI3,2024-11-26,80.48,85.0,OS,0.25,healthy
22018,AI-KPI1,2024-01-01,79.96,85.0,AI,0.25,healthy
22018,AI-KPI2,2024-01-01,72.64,85.0,AI,0.25,healthy
22018,AI-KPI3,2024-01-01,76.64,85.0,AI,0.25,healthy
22018,CH-KPI1,2024-01-01,75.63,85.0,CH,0.25,healthy
22018,CH-KPI2,2024-01-01,75.3,85.0,CH,0.25,healthy
22018,CH-KPI3,2024-01-01,79.5,85.0,CH,0.25,healthy
22018,DV-KPI1,2024-01-01,76.51,85.0,DV,0.25,healthy
22018,DV-KPI2,2024-01-01,70.17,85.0,DV,0.25,healthy
22018,DV-KPI3,2024-01-01,79.91,85.0,DV,0.25,healthy
22018,EX-KPI1,2024-01-01,74.06,85.0,EX,0.25,healthy
22018,EX-KPI2,2024-01-01,78.54,85.0,EX,0.25,healthy
22018,EX-KPI3,2024-01-01,78.09,85.0,EX,0.25,healthy
22018,OS-KPI1,2024-01-01,71.74,85.0,OS,0.25,healthy
22018,OS-KPI2,2024-01-01,70.59,85.0,OS,0.25,healthy
22018,OS-KPI3,2024-01-01,76.42,85.0,OS,0.25,healthy
22018,AI-KPI1,2024-01-31,74.8,85.0,AI,0.25,healthy
22018,AI-KPI2,2024-01-31,73.92,85.0,AI,0.25,healthy
22018,AI-KPI3,2024-01-31,73.51,85.0,AI,0.25,healthy
22018,CH-KPI1,2024-01-31,72.55,85.0,CH,0.25,healthy
22018,CH-KPI2,2024-01-31,79.93,85.0,CH,0.25,healthy
22018,CH-KPI3,2024-01-31,77.14,85.0,CH,0.25,healthy
22018,DV-KPI1,2024-01-31,71.99,85.0,DV,0.25,healthy
22018,DV-KPI2,2024-01-31,73.87,85.0,DV,0.25,healthy
22018,DV-KPI3,2024-01-31,72.05,85.0,DV,0.25,healthy
22018,EX-KPI1,2024-01-31,78.66,85.0,EX,0.25,healthy
22018,EX-KPI2,2024-01-31,74.79,85.0,EX,0.25,healthy
22018,EX-KPI3,2024-01-31,73.27,85.0,EX,0.25,healthy
22018,OS-KPI1,2024-01-31,78.44,85.0,OS,0.25,healthy
22018,OS-KPI2,2024-01-31,74.12,85.0,OS,0.25,healthy
22018,OS-KPI3,2024-01-31,73.74,85.0,OS,0.25,healthy
22018,AI-KPI1,2024-03-01,71.26,85.0,AI,0.25,healthy
22018,AI-KPI2,2024-03-01,72.37,85.0,AI,0.25,healthy
22018,AI-KPI3,2024-03-01,77.65,85.0,AI,0.25,healthy
22018,CH-KPI1,2024-03-01,75.19,85.0,CH,0.25,healthy
22018,CH-KPI2,2024-03-01,71.25,85.0,CH,0.25,healthy
22018,CH-KPI3,2024-03-01,78.17,85.0,CH,0.25,healthy
22018,DV-KPI1,2024-03-01,73.22,85.0,DV,0.25,healthy
22018,DV-KPI2,2024-03-01,73.32,85.0,DV,0.25,healthy
22018,DV-KPI3,2024-03-01,77.05,85.0,DV,0.25,healthy
22018,EX-KPI1,2024-03-01,71.47,85.0,EX,0.25,healthy
22018,EX-KPI2,2024-03-01,72.92,85.0,EX,0.25,healthy
22018,EX-KPI3,2024-03-01,70.88,85.0,EX,0.25,healthy
22018,OS-KPI1,2024-03-01,70.15,85.0,OS,0.25,healthy
22018,OS-KPI2,2024-03-01,71.88,85.0,OS,0.25,healthy
22018,OS-KPI3,2024-03-01,77.47,85.0,OS,0.25,healthy
22018,AI-KPI1,2024-03-31,73.37,85.0,AI,0.25,healthy
22018,AI-KPI2,2024-03-31,77.1,85.0,AI,0.25,healthy
22018,AI-KPI3,2024-03-31,73.75,85.0,AI,0.25,healthy
22018,CH-KPI1,2024-03-31,70.31,85.0,CH,0.25,healthy
22018,CH-KPI2,2024-03-31,70.95,85.0,CH,0.25,healthy
22018,CH-KPI3,2024-03-31,72.99,85.0,CH,0.25,healthy
22018,DV-KPI1,2024-03-31,71.07,85.0,DV,0.25,healthy
22018,DV-KPI2,2024-03-31,71.69,85.0,DV,0.25,healthy
22018,DV-KPI3,2024-03-31,74.94,85.0,DV,0.25,healthy
22018,EX-KPI1,2024-03-31,77.05,85.0,EX,0.25,healthy
22018,EX-KPI2,2024-03-31,78.75,85.0,EX,0.25,healthy
22018,EX-KPI3,2024-03-31,72.2,85.0,EX,0.25,healthy
22018,OS-KPI1,2024-03-31,79.84,85.0,OS,0.25,healthy
22018,OS-KPI2,2024-03-31,76.54,85.0,OS,0.25,healthy
22018,OS-KPI3,2024-03-31,75.5,85.0,OS,0.25,healthy
22018,AI-KPI1,2024-04-30,78.22,85.0,AI,0.25,healthy
22018,AI-KPI2,2024-04-30,76.1,85.0,AI,0.25,healthy
22018,AI-KPI3,2024-04-30,72.67,85.0,AI,0.25,healthy
22018,CH-KPI1,2024-04-30,74.87,85.0,CH,0.25,healthy
22018,CH-KPI2,2024-04-30,74.37,85.0,CH,0.25,healthy
22018,CH-KPI3,2024-04-30,77.46,85.0,CH,0.25,healthy
22018,DV-KPI1,2024-04-30,77.64,85.0,DV,0.25,healthy
22018,DV-KPI2,2024-04-30,71.52,85.0,DV,0.25,healthy
22018,DV-KPI3,2024-04-30,79.02,85.0,DV,0.25,healthy
22018,EX-KPI1,2024-04-30,77.92,85.0,EX,0.25,healthy
22018,EX-KPI2,2024-04-30,77.84,85.0,EX,0.25,healthy
22018,EX-KPI3,2024-04-30,77.38,85.0,EX,0.25,healthy
22018,OS-KPI1,2024-04-30,75.66,85.0,OS,0.25,healthy
22018,OS-KPI2,2024-04-30,73.65,85.0,OS,0.25,healthy
22018,OS-KPI3,2024-04-30,73.83,85.0,OS,0.25,healthy
22018,AI-KPI1,2024-05-30,70.09,85.0,AI,0.25,healthy
22018,AI-KPI2,2024-05-30,72.47,85.0,AI,0.25,healthy
22018,AI-KPI3,2024-05-30,73.47,85.0,AI,0.25,healthy
22018,CH-KPI1,2024-05-30,72.52,85.0,CH,0.25,healthy
22018,CH-KPI2,2024-05-30,78.75,85.0,CH,0.25,healthy
22018,CH-KPI3,2024-05-30,78.53,85.0,CH,0.25,healthy
22018,DV-KPI1,2024-05-30,79.43,85.0,DV,0.25,healthy
22018,DV-KPI2,2024-05-30,70.17,85.0,DV,0.25,healthy
22018,DV-KPI3,2024-05-30,70.65,85.0,DV,0.25,healthy
22018,EX-KPI1,2024-05-30,70.1,85.0,EX,0.25,healthy
22018,EX-KPI2,2024-05-30,71.02,85.0,EX,0.25,healthy
22018,EX-KPI3,2024-05-30,75.24,85.0,EX,0.25,healthy
22018,OS-KPI1,2024-05-30,76.72,85.0,OS,0.25,healthy
22018,OS-KPI2,2024-05-30,75.64,85.0,OS,0.25,healthy
22018,OS-KPI3,2024-05-30,79.18,85.0,OS,0.25,healthy
22018,AI-KPI1,2024-06-29,74.7,85.0,AI,0.25,healthy
22018,AI-KPI2,2024-06-29,79.93,85.0,AI,0.25,healthy
22018,AI-KPI3,2024-06-29,77.1,85.0,AI,0.25,healthy
22018,CH-KPI1,2024-06-29,79.37,85.0,CH,0.25,healthy
22018,CH-KPI2,2024-06-29,73.63,85.0,CH,0.25,healthy
22018,CH-KPI3,2024-06-29,77.61,85.0,CH,0.25,healthy
22018,DV-KPI1,2024-06-29,73.5,85.0,DV,0.25,healthy
22018,DV-KPI2,2024-06-29,70.16,85.0,DV,0.25,healthy
22018,DV-KPI3,2024-06-29,70.13,85.0,DV,0.25,healthy
22018,EX-KPI1,2024-06-29,70.36,85.0,EX,0.25,healthy
22018,EX-KPI2,2024-06-29,79.02,85.0,EX,0.25,healthy
22018,EX-KPI3,2024-06-29,71.17,85.0,EX,0.25,healthy
22018,OS-KPI1,2024-06-29,72.06,85.0,OS,0.25,healthy
22018,OS-KPI2,2024-06-29,77.01,85.0,OS,0.25,healthy
22018,OS-KPI3,2024-06-29,75.12,85.0,OS,0.25,healthy
22018,AI-KPI1,2024-07-29,79.03,85.0,AI,0.25,healthy
22018,AI-KPI2,2024-07-29,75.46,85.0,AI,0.25,healthy
22018,AI-KPI3,2024-07-29,71.02,85.0,AI,0.25,healthy
22018,CH-KPI1,2024-07-29,70.33,85.0,CH,0.25,healthy
22018,CH-KPI2,2024-07-29,77.95,85.0,CH,0.25,healthy
22018,CH-KPI3,2024-07-29,70.28,85.0,CH,0.25,healthy
22018,DV-KPI1,2024-07-29,73.13,85.0,DV,0.25,healthy
22018,DV-KPI2,2024-07-29,73.5,85.0,DV,0.25,healthy
22018,DV-KPI3,2024-07-29,78.22,85.0,DV,0.25,healthy
22018,EX-KPI1,2024-07-29,79.68,85.0,EX,0.25,healthy
22018,EX-KPI2,2024-07-29,75.74,85.0,EX,0.25,healthy
22018,EX-KPI3,2024-07-29,72.56,85.0,EX,0.25,healthy
22018,OS-KPI1,2024-07-29,72.82,85.0,OS,0.25,healthy
22018,OS-KPI2,2024-07-29,73.99,85.0,OS,0.25,healthy
22018,OS-KPI3,2024-07-29,73.23,85.0,OS,0.25,healthy
22018,AI-KPI1,2024-08-28,72.25,85.0,AI,0.25,healthy
22018,AI-KPI2,2024-08-28,76.19,85.0,AI,0.25,healthy
22018,AI-KPI3,2024-08-28,75.92,85.0,AI,0.25,healthy
22018,CH-KPI1,2024-08-28,72.78,85.0,CH,0.25,healthy
22018,CH-KPI2,2024-08-28,74.77,85.0,CH,0.25,healthy
22018,CH-KPI3,2024-08-28,73.33,85.0,CH,0.25,healthy
22018,DV-KPI1,2024-08-28,71.98,85.0,DV,0.25,healthy
22018,DV-KPI2,2024-08-28,72.76,85.0,DV,0.25,healthy
22018,DV-KPI3,2024-08-28,78.43,85.0,DV,0.25,healthy
22018,EX-KPI1,2024-08-28,75.31,85.0,EX,0.25,healthy
22018,EX-KPI2,2024-08-28,74.63,85.0,EX,0.25,healthy
22018,EX-KPI3,2024-08-28,78.29,85.0,EX,0.25,healthy
22018,OS-KPI1,2024-08-28,79.22,85.0,OS,0.25,healthy
22018,OS-KPI2,2024-08-28,71.77,85.0,OS,0.25,healthy
22018,OS-KPI3,2024-08-28,79.14,85.0,OS,0.25,healthy
22018,AI-KPI1,2024-09-27,75.94,85.0,AI,0.25,healthy
22018,AI-KPI2,2024-09-27,75.32,85.0,AI,0.25,healthy
22018,AI-KPI3,2024-09-27,76.87,85.0,AI,0.25,healthy
22018,CH-KPI1,2024-09-27,79.26,85.0,CH,0.25,healthy
22018,CH-KPI2,2024-09-27,77.07,85.0,CH,0.25,healthy
22018,CH-KPI3,2024-09-27,72.15,85.0,CH,0.25,healthy
22018,DV-KPI1,2024-09-27,79.54,85.0,DV,0.25,healthy
22018,DV-KPI2,2024-09-27,71.04,85.0,DV,0.25,healthy
22018,DV-KPI3,2024-09-27,77.9,85.0,DV,0.25,healthy
22018,EX-KPI1,2024-09-27,79.48,85.0,EX,0.25,healthy
22018,EX-KPI2,2024-09-27,75.29,85.0,EX,0.25,healthy
22018,EX-KPI3,2024-09-27,71.4,85.0,EX,0.25,healthy
22018,OS-KPI1,2024-09-27,76.66,85.0,OS,0.25,healthy
22018,OS-KPI2,2024-09-27,70.12,85.0,OS,0.25,healthy
22018,OS-KPI3,2024-09-27,79.92,85.0,OS,0.25,healthy
22018,AI-KPI1,2024-10-27,77.79,85.0,AI,0.25,healthy
22018,AI-KPI2,2024-10-27,76.97,85.0,AI,0.25,healthy
22018,AI-KPI3,2024-10-27,70.56,85.0,AI,0.25,healthy
22018,CH-KPI1,2024-10-27,74.74,85.0,CH,0.25,healthy
22018,CH-KPI2,2024-10-27,75.54,85.0,CH,0.25,healthy
22018,CH-KPI3,2024-10-27,73.39,85.0,CH,0.25,healthy
22018,DV-KPI1,2024-10-27,78.54,85.0,DV,0.25,healthy
22018,DV-KPI2,2024-10-27,73.25,85.0,DV,0.25,healthy
22018,DV-KPI3,2024-10-27,78.1,85.0,DV,0.25,healthy
22018,EX-KPI1,2024-10-27,71.54,85.0,EX,0.25,healthy
22018,EX-KPI2,2024-10-27,76.33,85.0,EX,0.25,healthy
22018,EX-KPI3,2024-10-27,70.42,85.0,EX,0.25,healthy
22018,OS-KPI1,2024-10-27,79.19,85.0,OS,0.25,healthy
22018,OS-KPI2,2024-10-27,74.21,85.0,OS,0.25,healthy
22018,OS-KPI3,2024-10-27,78.06,85.0,OS,0.25,healthy
22018,AI-KPI1,2024-11-26,72.09,85.0,AI,0.25,healthy
22018,AI-KPI2,2024-11-26,79.61,85.0,AI,0.25,healthy
22018,AI-KPI3,2024-11-26,76.58,85.0,AI,0.25,healthy
22018,CH-KPI1,2024-11-26,77.73,85.0,CH,0.25,healthy
22018,CH-KPI2,2024-11-26,75.25,85.0,CH,0.25,healthy
22018,CH-KPI3,2024-11-26,77.18,85.0,CH,0.25,healthy
22018,DV-KPI1,2024-11-26,76.41,85.0,DV,0.25,healthy
22018,DV-KPI2,2024-11-26,71.95,85.0,DV,0.25,healthy
22018,DV-KPI3,2024-11-26,75.86,85.0,DV,0.25,healthy
22018,EX-KPI1,2024-11-26,70.37,85.0,EX,0.25,healthy
22018,EX-KPI2,2024-11-26,74.42,85.0,EX,0.25,healthy
22018,EX-KPI3,2024-11-26,78.5,85.0,EX,0.25,healthy
22018,OS-KPI1,2024-11-26,75.06,85.0,OS,0.25,healthy
22018,OS-KPI2,2024-11-26,72.76,85.0,OS,0.25,healthy
22018,OS-KPI3,2024-11-26,77.44,85.0,OS,0.25,healthy
22019,AI-KPI1,2024-01-01,79.12,85.0,AI,0.25,healthy
22019,AI-KPI2,2024-01-01,81.66,85.0,AI,0.25,healthy
22019,AI-KPI3,2024-01-01,77.47,85.0,AI,0.25,healthy
22019,CH-KPI1,2024-01-01,79.73,85.0,CH,0.25,healthy
22019,CH-KPI2,2024-01-01,75.03,85.0,CH,0.25,healthy
22019,CH-KPI3,2024-01-01,81.26,85.0,CH,0.25,healthy
22019,DV-KPI1,2024-01-01,81.21,85.0,DV,0.25,healthy
22019,DV-KPI2,2024-01-01,77.41,85.0,DV,0.25,healthy
22019,DV-KPI3,2024-01-01,81.47,85.0,DV,0.25,healthy
22019,EX-KPI1,2024-01-01,81.61,85.0,EX,0.25,healthy
22019,EX-KPI2,2024-01-01,76.44,85.0,EX,0.25,healthy
22019,EX-KPI3,2024-01-01,82.64,85.0,EX,0.25,healthy
22019,OS-KPI1,2024-01-01,84.15,85.0,OS,0.25,healthy
22019,OS-KPI2,2024-01-01,77.62,85.0,OS,0.25,healthy
22019,OS-KPI3,2024-01-01,81.01,85.0,OS,0.25,healthy
22019,AI-KPI1,2024-01-31,74.23,85.0,AI,0.25,healthy
22019,AI-KPI2,2024-01-31,81.28,85.0,AI,0.25,healthy
22019,AI-KPI3,2024-01-31,73.99,85.0,AI,0.25,healthy
22019,CH-KPI1,2024-01-31,75.23,85.0,CH,0.25,healthy
22019,CH-KPI2,2024-01-31,73.92,85.0,CH,0.25,healthy
22019,CH-KPI3,2024-01-31,73.95,85.0,CH,0.25,healthy
22019,DV-KPI1,2024-01-31,81.12,85.0,DV,0.25,healthy
22019,DV-KPI2,2024-01-31,82.16,85.0,DV,0.25,healthy
22019,DV-KPI3,2024-01-31,73.98,85.0,DV,0.25,healthy
22019,EX-KPI1,2024-01-31,81.45,85.0,EX,0.25,healthy
22019,EX-KPI2,2024-01-31,76.73,85.0,EX,0.25,healthy
22019,EX-KPI3,2024-01-31,79.09,85.0,EX,0.25,healthy
22019,OS-KPI1,2024-01-31,78.78,85.0,OS,0.25,healthy
22019,OS-KPI2,2024-01-31,78.24,85.0,OS,0.25,healthy
22019,OS-KPI3,2024-01-31,75.49,85.0,OS,0.25,healthy
22019,AI-KPI1,2024-03-01,74.22,85.0,AI,0.25,healthy
22019,AI-KPI2,2024-03-01,78.1,85.0,AI,0.25,healthy
22019,AI-KPI3,2024-03-01,71.08,85.0,AI,0.25,healthy
22019,CH-KPI1,2024-03-01,76.56,85.0,CH,0.25,healthy
22019,CH-KPI2,2024-03-01,72.25,85.0,CH,0.25,healthy
22019,CH-KPI3,2024-03-01,78.21,85.0,CH,0.25,healthy
22019,DV-KPI1,2024-03-01,76.93,85.0,DV,0.25,healthy
22019,DV-KPI2,2024-03-01,75.71,85.0,DV,0.25,healthy
22019,DV-KPI3,2024-03-01,72.99,85.0,DV,0.25,healthy
22019,EX-KPI1,2024-03-01,74.1,85.0,EX,0.25,healthy
22019,EX-KPI2,2024-03-01,79.0,85.0,EX,0.25,healthy
22019,EX-KPI3,2024-03-01,77.89,85.0,EX,0.25,healthy
22019,OS-KPI1,2024-03-01,74.14,85.0,OS,0.25,healthy
22019,OS-KPI2,2024-03-01,75.25,85.0,OS,0.25,healthy
22019,OS-KPI3,2024-03-01,75.93,85.0,OS,0.25,healthy
22019,AI-KPI1,2024-03-31,70.34,85.0,AI,0.25,healthy
22019,AI-KPI2,2024-03-31,77.96,85.0,AI,0.25,healthy
22019,AI-KPI3,2024-03-31,70.51,85.0,AI,0.25,healthy
22019,CH-KPI1,2024-03-31,78.52,85.0,CH,0.25,healthy
22019,CH-KPI2,2024-03-31,78.35,85.0,CH,0.25,healthy
22019,CH-KPI3,2024-03-31,72.18,85.0,CH,0.25,healthy
22019,DV-KPI1,2024-03-31,74.36,85.0,DV,0.25,healthy
22019,DV-KPI2,2024-03-31,77.54,85.0,DV,0.25,healthy
22019,DV-KPI3,2024-03-31,76.34,85.0,DV,0.25,healthy
22019,EX-KPI1,2024-03-31,77.06,85.0,EX,0.25,healthy
22019,EX-KPI2,2024-03-31,78.24,85.0,EX,0.25,healthy
22019,EX-KPI3,2024-03-31,71.07,85.0,EX,0.25,healthy
22019,OS-KPI1,2024-03-31,72.1,85.0,OS,0.25,healthy
22019,OS-KPI2,2024-03-31,70.79,85.0,OS,0.25,healthy
22019,OS-KPI3,2024-03-31,73.93,85.0,OS,0.25,healthy
22019,AI-KPI1,2024-04-30,73.52,85.0,AI,0.25,healthy
22019,AI-KPI2,2024-04-30,74.5,85.0,AI,0.25,healthy
22019,AI-KPI3,2024-04-30,71.17,85.0,AI,0.25,healthy
22019,CH-KPI1,2024-04-30,72.26,85.0,CH,0.25,healthy
22019,CH-KPI2,2024-04-30,70.38,85.0,CH,0.25,healthy
22019,CH-KPI3,2024-04-30,73.79,85.0,CH,0.25,healthy
22019,DV-KPI1,2024-04-30,74.81,85.0,DV,0.25,healthy
22019,DV-KPI2,2024-04-30,68.22,85.0,DV,0.25,risk
22019,DV-KPI3,2024-04-30,72.96,85.0,DV,0.25,healthy
22019,EX-KPI1,2024-04-30,71.81,85.0,EX,0.25,healthy
22019,EX-KPI2,2024-04-30,76.52,85.0,EX,0.25,healthy
22019,EX-KPI3,2024-04-30,75.08,85.0,EX,0.25,healthy
22019,OS-KPI1,2024-04-30,73.65,85.0,OS,0.25,healthy
22019,OS-KPI2,2024-04-30,71.29,85.0,OS,0.25,healthy
22019,OS-KPI3,2024-04-30,74.63,85.0,OS,0.25,healthy
22019,AI-KPI1,2024-05-30,70.28,85.0,AI,0.25,healthy
22019,AI-KPI2,2024-05-30,68.63,85.0,AI,0.25,risk
22019,AI-KPI3,2024-05-30,73.9,85.0,AI,0.25,healthy
22019,CH-KPI1,2024-05-30,70.47,85.0,CH,0.25,healthy
22019,CH-KPI2,2024-05-30,69.9,85.0,CH,0.25,risk
22019,CH-KPI3,2024-05-30,65.59,85.0,CH,0.25,risk
22019,DV-KPI1,2024-05-30,67.23,85.0,DV,0.25,risk
22019,DV-KPI2,2024-05-30,72.28,85.0,DV,0.25,healthy
22019,DV-KPI3,2024-05-30,66.27,85.0,DV,0.25,risk
22019,EX-KPI1,2024-05-30,66.88,85.0,EX,0.25,risk
22019,EX-KPI2,2024-05-30,65.09,85.0,EX,0.25,risk
22019,EX-KPI3,2024-05-30,67.81,85.0,EX,0.25,risk
22019,OS-KPI1,2024-05-30,74.84,85.0,OS,0.25,healthy
22019,OS-KPI2,2024-05-30,68.42,85.0,OS,0.25,risk
22019,OS-KPI3,2024-05-30,71.35,85.0,OS,0.25,healthy
22019,AI-KPI1,2024-06-29,64.55,85.0,AI,0.25,risk
22019,AI-KPI2,2024-06-29,69.16,85.0,AI,0.25,risk
22019,AI-KPI3,2024-06-29,64.11,85.0,AI,0.25,risk
22019,CH-KPI1,2024-06-29,70.77,85.0,CH,0.25,healthy
22019,CH-KPI2,2024-06-29,68.19,85.0,CH,0.25,risk
22019,CH-KPI3,2024-06-29,70.76,85.0,CH,0.25,healthy
22019,DV-KPI1,2024-06-29,65.49,85.0,DV,0.25,risk
22019,DV-KPI2,2024-06-29,67.66,85.0,DV,0.25,risk
22019,DV-KPI3,2024-06-29,72.76,85.0,DV,0.25,healthy
22019,EX-KPI1,2024-06-29,69.21,85.0,EX,0.25,risk
22019,EX-KPI2,2024-06-29,68.04,85.0,EX,0.25,risk
22019,EX-KPI3,2024-06-29,70.76,85.0,EX,0.25,healthy
22019,OS-KPI1,2024-06-29,66.02,85.0,OS,0.25,risk
22019,OS-KPI2,2024-06-29,71.08,85.0,OS,0.25,healthy
22019,OS-KPI3,2024-06-29,65.06,85.0,OS,0.25,risk
22019,AI-KPI1,2024-07-29,62.32,85.0,AI,0.25,risk
22019,AI-KPI2,2024-07-29,65.36,85.0,AI,0.25,risk
22019,AI-KPI3,2024-07-29,67.64,85.0,AI,0.25,risk
22019,CH-KPI1,2024-07-29,63.09,85.0,CH,0.25,risk
22019,CH-KPI2,2024-07-29,69.16,85.0,CH,0.25,risk
22019,CH-KPI3,2024-07-29,70.19,85.0,CH,0.25,healthy
22019,DV-KPI1,2024-07-29,62.76,85.0,DV,0.25,risk
22019,DV-KPI2,2024-07-29,67.82,85.0,DV,0.25,risk
22019,DV-KPI3,2024-07-29,64.91,85.0,DV,0.25,risk
22019,EX-KPI1,2024-07-29,63.0,85.0,EX,0.25,risk
22019,EX-KPI2,2024-07-29,62.84,85.0,EX,0.25,risk
22019,EX-KPI3,2024-07-29,70.33,85.0,EX,0.25,healthy
22019,OS-KPI1,2024-07-29,70.25,85.0,OS,0.25,healthy
22019,OS-KPI2,2024-07-29,61.09,85.0,OS,0.25,risk
22019,OS-KPI3,2024-07-29,63.55,85.0,OS,0.25,risk
22019,AI-KPI1,2024-08-28,64.0,85.0,AI,0.25,risk
22019,AI-KPI2,2024-08-28,62.77,85.0,AI,0.25,risk
22019,AI-KPI3,2024-08-28,60.4,85.0,AI,0.25,risk
22019,CH-KPI1,2024-08-28,62.5,85.0,CH,0.25,risk
22019,CH-KPI2,2024-08-28,63.66,85.0,CH,0.25,risk
22019,CH-KPI3,2024-08-28,68.92,85.0,CH,0.25,risk
22019,DV-KPI1,2024-08-28,59.07,85.0,DV,0.25,risk
22019,DV-KPI2,2024-08-28,59.56,85.0,DV,0.25,risk
22019,DV-KPI3,2024-08-28,62.85,85.0,DV,0.25,risk
22019,EX-KPI1,2024-08-28,68.16,85.0,EX,0.25,risk
22019,EX-KPI2,2024-08-28,61.81,85.0,EX,0.25,risk
22019,EX-KPI3,2024-08-28,67.74,85.0,EX,0.25,risk
22019,OS-KPI1,2024-08-28,63.58,85.0,OS,0.25,risk
22019,OS-KPI2,2024-08-28,66.1,85.0,OS,0.25,risk
22019,OS-KPI3,2024-08-28,61.11,85.0,OS,0.25,risk
22019,AI-KPI1,2024-09-27,62.12,85.0,AI,0.25,risk
22019,AI-KPI2,2024-09-27,63.9,85.0,AI,0.25,risk
22019,AI-KPI3,2024-09-27,57.68,85.0,AI,0.25,risk
22019,CH-KPI1,2024-09-27,58.28,85.0,CH,0.25,risk
22019,CH-KPI2,2024-09-27,59.2,85.0,CH,0.25,risk
22019,CH-KPI3,2024-09-27,59.22,85.0,CH,0.25,risk
22019,DV-KPI1,2024-09-27,58.24,85.0,DV,0.25,risk
22019,DV-KPI2,2024-09-27,63.09,85.0,DV,0.25,risk
22019,DV-KPI3,2024-09-27,64.81,85.0,DV,0.25,risk
22019,EX-KPI1,2024-09-27,60.77,85.0,EX,0.25,risk
22019,EX-KPI2,2024-09-27,61.63,85.0,EX,0.25,risk
22019,EX-KPI3,2024-09-27,57.34,85.0,EX,0.25,risk
22019,OS-KPI1,2024-09-27,58.03,85.0,OS,0.25,risk
22019,OS-KPI2,2024-09-27,62.32,85.0,OS,0.25,risk
22019,OS-KPI3,2024-09-27,61.54,85.0,OS,0.25,risk
22019,AI-KPI1,2024-10-27,59.27,85.0,AI,0.25,risk
22019,AI-KPI2,2024-10-27,56.29,85.0,AI,0.25,risk
22019,AI-KPI3,2024-10-27,61.83,85.0,AI,0.25,risk
22019,CH-KPI1,2024-10-27,61.75,85.0,CH,0.25,risk
22019,CH-KPI2,2024-10-27,63.87,85.0,CH,0.25,risk
22019,CH-KPI3,2024-10-27,59.89,85.0,CH,0.25,risk
22019,DV-KPI1,2024-10-27,56.1,85.0,DV,0.25,risk
22019,DV-KPI2,2024-10-27,64.63,85.0,DV,0.25,risk
22019,DV-KPI3,2024-10-27,63.22,85.0,DV,0.25,risk
22019,EX-KPI1,2024-10-27,60.61,85.0,EX,0.25,risk
22019,EX-KPI2,2024-10-27,63.66,85.0,EX,0.25,risk
22019,EX-KPI3,2024-10-27,61.82,85.0,EX,0.25,risk
22019,OS-KPI1,2024-10-27,56.03,85.0,OS,0.25,risk
22019,OS-KPI2,2024-10-27,59.68,85.0,OS,0.25,risk
22019,OS-KPI3,2024-10-27,64.86,85.0,OS,0.25,risk
22019,AI-KPI1,2024-11-26,60.28,85.0,AI,0.25,risk
22019,AI-KPI2,2024-11-26,56.55,85.0,AI,0.25,risk
22019,AI-KPI3,2024-11-26,62.5,85.0,AI,0.25,risk
22019,CH-KPI1,2024-11-26,56.35,85.0,CH,0.25,risk
22019,CH-KPI2,2024-11-26,56.86,85.0,CH,0.25,risk
22019,CH-KPI3,2024-11-26,56.48,85.0,CH,0.25,risk
22019,DV-KPI1,2024-11-26,54.86,85.0,DV,0.25,risk
22019,DV-KPI2,2024-11-26,58.91,85.0,DV,0.25,risk
22019,DV-KPI3,2024-11-26,60.71,85.0,DV,0.25,risk
22019,EX-KPI1,2024-11-26,60.52,85.0,EX,0.25,risk
22019,EX-KPI2,2024-11-26,55.8,85.0,EX,0.25,risk
22019,EX-KPI3,2024-11-26,59.97,85.0,EX,0.25,risk
22019,OS-KPI1,2024-11-26,54.57,85.0,OS,0.25,risk
22019,OS-KPI2,2024-11-26,55.02,85.0,OS,0.25,risk
22019,OS-KPI3,2024-11-26,60.57,85.0,OS,0.25,risk
22020,AI-KPI1,2024-01-01,45.32,85.0,AI,0.25,critical
22020,AI-KPI2,2024-01-01,51.52,85.0,AI,0.25,risk
22020,AI-KPI3,2024-01-01,48.31,85.0,AI,0.25,critical
22020,CH-KPI1,2024-01-01,46.71,85.0,CH,0.25,critical
22020,CH-KPI2,2024-01-01,51.77,85.0,CH,0.25,risk
22020,CH-KPI3,2024-01-01,54.35,85.0,CH,0.25,risk
22020,DV-KPI1,2024-01-01,48.95,85.0,DV,0.25,critical
22020,DV-KPI2,2024-01-01,49.18,85.0,DV,0.25,critical
22020,DV-KPI3,2024-01-01,53.68,85.0,DV,0.25,risk
22020,EX-KPI1,2024-01-01,47.81,85.0,EX,0.25,critical
22020,EX-KPI2,2024-01-01,53.37,85.0,EX,0.25,risk
22020,EX-KPI3,2024-01-01,48.54,85.0,EX,0.25,critical
22020,OS-KPI1,2024-01-01,49.85,85.0,OS,0.25,critical
22020,OS-KPI2,2024-01-01,54.76,85.0,OS,0.25,risk
22020,OS-KPI3,2024-01-01,46.71,85.0,OS,0.25,critical
22020,AI-KPI1,2024-01-31,48.45,85.0,AI,0.25,critical
22020,AI-KPI2,2024-01-31,53.27,85.0,AI,0.25,risk
22020,AI-KPI3,2024-01-31,50.74,85.0,AI,0.25,risk
22020,CH-KPI1,2024-01-31,56.77,85.0,CH,0.25,risk
22020,CH-KPI2,2024-01-31,54.94,85.0,CH,0.25,risk
22020,CH-KPI3,2024-01-31,53.84,85.0,CH,0.25,risk
22020,DV-KPI1,2024-01-31,48.95,85.0,DV,0.25,critical
22020,DV-KPI2,2024-01-31,50.98,85.0,DV,0.25,risk
22020,DV-KPI3,2024-01-31,50.32,85.0,DV,0.25,risk
22020,EX-KPI1,2024-01-31,48.01,85.0,EX,0.25,critical
22020,EX-KPI2,2024-01-31,48.82,85.0,EX,0.25,critical
22020,EX-KPI3,2024-01-31,55.67,85.0,EX,0.25,risk
22020,OS-KPI1,2024-01-31,51.22,85.0,OS,0.25,risk
22020,OS-KPI2,2024-01-31,50.31,85.0,OS,0.25,risk
22020,OS-KPI3,2024-01-31,55.05,85.0,OS,0.25,risk
22020,AI-KPI1,2024-03-01,56.22,85.0,AI,0.25,risk
22020,AI-KPI2,2024-03-01,56.92,85.0,AI,0.25,risk
22020,AI-KPI3,2024-03-01,55.07,85.0,AI,0.25,risk
22020,CH-KPI1,2024-03-01,51.96,85.0,CH,0.25,risk
22020,CH-KPI2,2024-03-01,57.7,85.0,CH,0.25,risk
22020,CH-KPI3,2024-03-01,58.04,85.0,CH,0.25,risk
22020,DV-KPI1,2024-03-01,59.97,85.0,DV,0.25,risk
22020,DV-KPI2,2024-03-01,53.68,85.0,DV,0.25,risk
22020,DV-KPI3,2024-03-01,56.44,85.0,DV,0.25,risk
22020,EX-KPI1,2024-03-01,55.25,85.0,EX,0.25,risk
22020,EX-KPI2,2024-03-01,52.34,85.0,EX,0.25,risk
22020,EX-KPI3,2024-03-01,53.96,85.0,EX,0.25,risk
22020,OS-KPI1,2024-03-01,59.09,85.0,OS,0.25,risk
22020,OS-KPI2,2024-03-01,54.69,85.0,OS,0.25,risk
22020,OS-KPI3,2024-03-01,60.83,85.0,OS,0.25,risk
22020,AI-KPI1,2024-03-31,55.31,85.0,AI,0.25,risk
22020,AI-KPI2,2024-03-31,60.47,85.0,AI,0.25,risk
22020,AI-KPI3,2024-03-31,58.36,85.0,AI,0.25,risk
22020,CH-KPI1,2024-03-31,58.14,85.0,CH,0.25,risk
22020,CH-KPI2,2024-03-31,57.82,85.0,CH,0.25,risk
22020,CH-KPI3,2024-03-31,57.62,85.0,CH,0.25,risk
22020,DV-KPI1,2024-03-31,60.35,85.0,DV,0.25,risk
22020,DV-KPI2,2024-03-31,62.83,85.0,DV,0.25,risk
22020,DV-KPI3,2024-03-31,63.0,85.0,DV,0.25,risk
22020,EX-KPI1,2024-03-31,59.49,85.0,EX,0.25,risk
22020,EX-KPI2,2024-03-31,61.89,85.0,EX,0.25,risk
22020,EX-KPI3,2024-03-31,54.72,85.0,EX,0.25,risk
22020,OS-KPI1,2024-03-31,59.66,85.0,OS,0.25,risk
22020,OS-KPI2,2024-03-31,60.68,85.0,OS,0.25,risk
22020,OS-KPI3,2024-03-31,62.83,85.0,OS,0.25,risk
22020,AI-KPI1,2024-04-30,64.34,85.0,AI,0.25,risk
22020,AI-KPI2,2024-04-30,66.61,85.0,AI,0.25,risk
22020,AI-KPI3,2024-04-30,60.35,85.0,AI,0.25,risk
22020,CH-KPI1,2024-04-30,62.21,85.0,CH,0.25,risk
22020,CH-KPI2,2024-04-30,65.64,85.0,CH,0.25,risk
22020,CH-KPI3,2024-04-30,60.0,85.0,CH,0.25,risk
22020,DV-KPI1,2024-04-30,66.3,85.0,DV,0.25,risk
22020,DV-KPI2,2024-04-30,58.36,85.0,DV,0.25,risk
22020,DV-KPI3,2024-04-30,57.24,85.0,DV,0.25,risk
22020,EX-KPI1,2024-04-30,65.92,85.0,EX,0.25,risk
22020,EX-KPI2,2024-04-30,62.86,85.0,EX,0.25,risk
22020,EX-KPI3,2024-04-30,63.19,85.0,EX,0.25,risk
22020,OS-KPI1,2024-04-30,61.72,85.0,OS,0.25,risk
22020,OS-KPI2,2024-04-30,63.88,85.0,OS,0.25,risk
22020,OS-KPI3,2024-04-30,65.13,85.0,OS,0.25,risk
22020,AI-KPI1,2024-05-30,63.42,85.0,AI,0.25,risk
22020,AI-KPI2,2024-05-30,64.5,85.0,AI,0.25,risk
22020,AI-KPI3,2024-05-30,65.9,85.0,AI,0.25,risk
22020,CH-KPI1,2024-05-30,63.45,85.0,CH,0.25,risk
22020,CH-KPI2,2024-05-30,64.2,85.0,CH,0.25,risk
22020,CH-KPI3,2024-05-30,66.05,85.0,CH,0.25,risk
22020,DV-KPI1,2024-05-30,60.85,85.0,DV,0.25,risk
22020,DV-KPI2,2024-05-30,68.86,85.0,DV,0.25,risk
22020,DV-KPI3,2024-05-30,63.69,85.0,DV,0.25,risk
22020,EX-KPI1,2024-05-30,69.27,85.0,EX,0.25,risk
22020,EX-KPI2,2024-05-30,68.1,85.0,EX,0.25,risk
22020,EX-KPI3,2024-05-30,64.63,85.0,EX,0.25,risk
22020,OS-KPI1,2024-05-30,60.43,85.0,OS,0.25,risk
22020,OS-KPI2,2024-05-30,67.2,85.0,OS,0.25,risk
22020,OS-KPI3,2024-05-30,68.02,85.0,OS,0.25,risk
22020,AI-KPI1,2024-06-29,64.56,85.0,AI,0.25,risk
22020,AI-KPI2,2024-06-29,69.1,85.0,AI,0.25,risk
22020,AI-KPI3,2024-06-29,70.83,85.0,AI,0.25,healthy
22020,CH-KPI1,2024-06-29,67.29,85.0,CH,0.25,risk
22020,CH-KPI2,2024-06-29,72.16,85.0,CH,0.25,healthy
22020,CH-KPI3,2024-06-29,67.33,85.0,CH,0.25,risk
22020,DV-KPI1,2024-06-29,64.86,85.0,DV,0.25,risk
22020,DV-KPI2,2024-06-29,67.69,85.0,DV,0.25,risk
22020,DV-KPI3,2024-06-29,71.61,85.0,DV,0.25,healthy
22020,EX-KPI1,2024-06-29,68.43,85.0,EX,0.25,risk
22020,EX-KPI2,2024-06-29,64.22,85.0,EX,0.25,risk
22020,EX-KPI3,2024-06-29,68.23,85.0,EX,0.25,risk
22020,OS-KPI1,2024-06-29,66.65,85.0,OS,0.25,risk
22020,OS-KPI2,2024-06-29,63.82,85.0,OS,0.25,risk
22020,OS-KPI3,2024-06-29,66.66,85.0,OS,0.25,risk
22020,AI-KPI1,2024-07-29,72.11,85.0,AI,0.25,healthy
22020,AI-KPI2,2024-07-29,68.47,85.0,AI,0.25,risk
22020,AI-KPI3,2024-07-29,70.86,85.0,AI,0.25,healthy
22020,CH-KPI1,2024-07-29,74.4,85.0,CH,0.25,healthy
22020,CH-KPI2,2024-07-29,75.23,85.0,CH,0.25,healthy
22020,CH-KPI3,2024-07-29,69.68,85.0,CH,0.25,risk
22020,DV-KPI1,2024-07-29,67.02,85.0,DV,0.25,risk
22020,DV-KPI2,2024-07-29,67.5,85.0,DV,0.25,risk
22020,DV-KPI3,2024-07-29,74.57,85.0,DV,0.25,healthy
22020,EX-KPI1,2024-07-29,72.23,85.0,EX,0.25,healthy
22020,EX-KPI2,2024-07-29,70.87,85.0,EX,0.25,healthy
22020,EX-KPI3,2024-07-29,71.49,85.0,EX,0.25,healthy
22020,OS-KPI1,2024-07-29,72.96,85.0,OS,0.25,healthy
22020,OS-KPI2,2024-07-29,75.39,85.0,OS,0.25,healthy
22020,OS-KPI3,2024-07-29,71.74,85.0,OS,0.25,healthy
22020,AI-KPI1,2024-08-28,76.79,85.0,AI,0.25,healthy
22020,AI-KPI2,2024-08-28,77.92,85.0,AI,0.25,healthy
22020,AI-KPI3,2024-08-28,78.42,85.0,AI,0.25,healthy
22020,CH-KPI1,2024-08-28,77.79,85.0,CH,0.25,healthy
22020,CH-KPI2,2024-08-28,78.86,85.0,CH,0.25,healthy
22020,CH-KPI3,2024-08-28,74.11,85.0,CH,0.25,healthy
22020,DV-KPI1,2024-08-28,70.08,85.0,DV,0.25,healthy
22020,DV-KPI2,2024-08-28,77.38,85.0,DV,0.25,healthy
22020,DV-KPI3,2024-08-28,74.22,85.0,DV,0.25,healthy
22020,EX-KPI1,2024-08-28,72.81,85.0,EX,0.25,healthy
22020,EX-KPI2,2024-08-28,75.35,85.0,EX,0.25,healthy
22020,EX-KPI3,2024-08-28,69.75,85.0,EX,0.25,risk
22020,OS-KPI1,2024-08-28,70.96,85.0,OS,0.25,healthy
22020,OS-KPI2,2024-08-28,73.79,85.0,OS,0.25,healthy
22020,OS-KPI3,2024-08-28,70.72,85.0,OS,0.25,healthy
22020,AI-KPI1,2024-09-27,73.5,85.0,AI,0.25,healthy
22020,AI-KPI2,2024-09-27,79.22,85.0,AI,0.25,healthy
22020,AI-KPI3,2024-09-27,76.8,85.0,AI,0.25,healthy
22020,CH-KPI1,2024-09-27,72.91,85.0,CH,0.25,healthy
22020,CH-KPI2,2024-09-27,75.63,85.0,CH,0.25,healthy
22020,CH-KPI3,2024-09-27,77.88,85.0,CH,0.25,healthy
22020,DV-KPI1,2024-09-27,80.8,85.0,DV,0.25,healthy
22020,DV-KPI2,2024-09-27,79.26,85.0,DV,0.25,healthy
22020,DV-KPI3,2024-09-27,81.52,85.0,DV,0.25,healthy
22020,EX-KPI1,2024-09-27,76.01,85.0,EX,0.25,healthy
22020,EX-KPI2,2024-09-27,79.57,85.0,EX,0.25,healthy
22020,EX-KPI3,2024-09-27,72.73,85.0,EX,0.25,healthy
22020,OS-KPI1,2024-09-27,78.81,85.0,OS,0.25,healthy
22020,OS-KPI2,2024-09-27,81.46,85.0,OS,0.25,healthy
22020,OS-KPI3,2024-09-27,74.09,85.0,OS,0.25,healthy
22020,AI-KPI1,2024-10-27,84.61,85.0,AI,0.25,healthy
22020,AI-KPI2,2024-10-27,83.5,85.0,AI,0.25,healthy
22020,AI-KPI3,2024-10-27,79.69,85.0,AI,0.25,healthy
22020,CH-KPI1,2024-10-27,81.59,85.0,CH,0.25,healthy
22020,CH-KPI2,2024-10-27,80.84,85.0,CH,0.25,healthy
22020,CH-KPI3,2024-10-27,75.62,85.0,CH,0.25,healthy
22020,DV-KPI1,2024-10-27,78.64,85.0,DV,0.25,healthy
22020,DV-KPI2,2024-10-27,83.92,85.0,DV,0.25,healthy
22020,DV-KPI3,2024-10-27,78.01,85.0,DV,0.25,healthy
22020,EX-KPI1,2024-10-27,81.51,85.0,EX,0.25,healthy
22020,EX-KPI2,2024-10-27,75.55,85.0,EX,0.25,healthy
22020,EX-KPI3,2024-10-27,80.31,85.0,EX,0.25,healthy
22020,OS-KPI1,2024-10-27,78.37,85.0,OS,0.25,healthy
22020,OS-KPI2,2024-10-27,79.68,85.0,OS,0.25,healthy
22020,OS-KPI3,2024-10-27,81.0,85.0,OS,0.25,healthy
22020,AI-KPI1,2024-11-26,85.39,85.0,AI,0.25,healthy
22020,AI-KPI2,2024-11-26,85.38,85.0,AI,0.25,healthy
22020,AI-KPI3,2024-11-26,80.11,85.0,AI,0.25,healthy
22020,CH-KPI1,2024-11-26,85.13,85.0,CH,0.25,healthy
22020,CH-KPI2,2024-11-26,80.37,85.0,CH,0.25,healthy
22020,CH-KPI3,2024-11-26,82.61,85.0,CH,0.25,healthy
22020,DV-KPI1,2024-11-26,86.83,85.0,DV,0.25,healthy
22020,DV-KPI2,2024-11-26,81.98,85.0,DV,0.25,healthy
22020,DV-KPI3,2024-11-26,86.15,85.0,DV,0.25,healthy
22020,EX-KPI1,2024-11-26,84.53,85.0,EX,0.25,healthy
22020,EX-KPI2,2024-11-26,86.91,85.0,EX,0.25,healthy
22020,EX-KPI3,2024-11-26,81.45,85.0,EX,0.25,healthy
22020,OS-KPI1,2024-11-26,87.1,85.0,OS,0.25,healthy
22020,OS-KPI2,2024-11-26,81.0,85.0,OS,0.25,healthy
22020,OS-KPI3,2024-11-26,87.73,85.0,OS,0.25,healthy
